comm_id,account_id,customer_id,channel,direction,timestamp,subject,body,sentiment,is_complaint,complaint_category
COMM-202207-000001,ACC0004032,IND1903005748,email,inbound,2022-07-20 20:44:34,Suggestion for bank app,I have feedback on the app experience and would like the product team to review it.,neutral,False,
COMM-202207-000002,ACC0041947,IND2203000651,phone_call,inbound,24/07/2022 09:27,Why did my debit order fail?,"My debit order did not go through and I need to know whether it was insufficient funds, a retry problem or a bank processing issue. The account should not be charged twice. This also seems connected to Record Stage 6 load shedding across major metros.",negative,True,fraud_concern
COMM-202207-000003,ACC0035949,IND2112007723,app_message,inbound,2022-07-18T10:28:49+02:00,Balance check,Please confirm my available balance and whether any debit orders are still pending.,neutral,False,
COMM-202207-000004,ACC0023982,IND2102013415,app_message,inbound,2022-07-03T14:36:10+02:00,Unauthorised bank charge enquiry,Please explain the latest bank charge on my statement. I cannot see why this fee was taken and I want it reversed if it was incorrect.,neutral,False,
COMM-202207-000005,ACC0009750,IND1906011527,email,inbound,2022-07-22 12:24:16,Why did my debit order fail?,"My debit order did not go through and I need to know whether it was insufficient funds, a retry problem or a bank processing issue. The account should not be charged twice.",negative,True,service_delay
COMM-202207-000006,ACC0024982,IND2103003885,phone_call,inbound,25/07/2022 12:29,Home Loan rate increase question,I am worried my home loan instalment may change. Please confirm whether my repayment will be repriced and from which date.,neutral,False,
COMM-202207-000007,ACC0036274,IND2112010719,phone_call,inbound,28/07/2022 14:13,Why did my debit order fail?,"My debit order did not go through and I need to know whether it was insufficient funds, a retry problem or a bank processing issue. The account should not be charged twice.",negative,True,incorrect_charge
COMM-202207-000008,ACC0004957,IND1903010591,phone_call,inbound,13/07/2022 14:58,Why did my debit order fail?,"My debit order did not go through and I need to know whether it was insufficient funds, a retry problem or a bank processing issue. The account should not be charged twice.",neutral,False,
COMM-202207-000009,ACC0025142,IND2104019436,sms,outbound,2022-07-17T17:51:56+02:00,New statement available,"Your latest account statement is available. Please review the charges, interest and debit order activity.",negative,True,statement_error
COMM-202207-000010,ACC0008242,IND1905010040,app_message,inbound,2022-07-16T09:51:48+02:00,Unauthorised bank charge enquiry,Please explain the latest bank charge on my statement. I cannot see why this fee was taken and I want it reversed if it was incorrect.,positive,False,
COMM-202207-000011,ACC0011454,IND1908004910,branch_visit,inbound,28/07/2022 09:15,Why did my debit order fail?,"My debit order did not go through and I need to know whether it was insufficient funds, a retry problem or a bank processing issue. The account should not be charged twice.",negative,True,fee_dispute
COMM-202207-000012,ACC0033136,IND2109006130,app_message,inbound,2022-07-05T05:10:10+02:00,App login problem,The app is not behaving properly and I cannot complete what should be a simple transaction. Please check whether there is an issue on my profile.,neutral,False,
COMM-202207-000013,ACC0000964,IND1901014388,branch_visit,inbound,29/07/2022 08:50,Branch appointment request,I would like to book time at the branch to sort out my account and get printed documents for my records.,negative,False,
COMM-202207-000014,ACC0037665,IND2201012292,branch_visit,inbound,12/07/2022 08:30,Card blocked at ATM,My card was blocked at the ATM and I need access restored or a replacement card arranged. I have an urgent payment to make.,negative,True,statement_error
COMM-202207-000015,ACC0022540,COM2101000101,email,inbound,2022-07-17 08:35:25,Home Loan rate increase question,I am worried my home loan instalment may change. Please confirm whether my repayment will be repriced and from which date. I saw the article 'Banks watch debit-order strain as households adjust spending' and wanted to check how it affects my account.,negative,True,service_delay
COMM-202207-000016,ACC0006862,IND1904006218,app_message,inbound,2022-07-21T19:04:51+02:00,Why did my debit order fail?,"My debit order did not go through and I need to know whether it was insufficient funds, a retry problem or a bank processing issue. The account should not be charged twice.",negative,True,digital_issue
COMM-202207-000017,ACC0020116,IND2007001907,phone_call,inbound,21/07/2022 11:51,Branch appointment request,I would like to book time at the branch to sort out my account and get printed documents for my records.,negative,True,digital_issue
COMM-202207-000018,ACC0039295,IND2202016805,app_message,inbound,2022-07-19T09:57:42+02:00,Home Loan rate increase question,I am worried my home loan instalment may change. Please confirm whether my repayment will be repriced and from which date. I saw the article 'Banks watch debit-order strain as households adjust spending' and wanted to check how it affects my account.,negative,False,
COMM-202207-000019,ACC0004449,IND1903013613,app_message,inbound,2022-07-20T10:34:25+02:00,Why did my debit order fail?,"My debit order did not go through and I need to know whether it was insufficient funds, a retry problem or a bank processing issue. The account should not be charged twice. This also seems connected to Record Stage 6 load shedding across major metros.",negative,True,failed_transaction
COMM-202207-000020,ACC0012829,IND1908002487,sms,outbound,2022-07-28T11:41:28+02:00,Your loan repayment failed due to insufficient funds,Your scheduled loan repayment was not successful. Please fund your account or contact us to discuss payment options.,negative,True,statement_error
COMM-202207-000021,ACC0003394,IND1903007294,phone_call,inbound,20/07/2022 08:52,Unauthorised bank charge enquiry,Please explain the latest bank charge on my statement. I cannot see why this fee was taken and I want it reversed if it was incorrect. This also seems connected to Record Stage 6 load shedding across major metros.,neutral,False,
COMM-202207-000022,ACC0010698,IND1907004302,phone_call,inbound,25/07/2022 10:58,Unauthorised bank charge enquiry,Please explain the latest bank charge on my statement. I cannot see why this fee was taken and I want it reversed if it was incorrect.,neutral,False,
COMM-202207-000023,ACC0007457,IND1905007189,app_message,inbound,2022-07-15T16:37:47+02:00,App login problem,The app is not behaving properly and I cannot complete what should be a simple transaction. Please check whether there is an issue on my profile.,neutral,False,
COMM-202207-000024,ACC0004543,IND1903009335,phone_call,inbound,24/07/2022 16:39,Home Loan rate increase question,I am worried my home loan instalment may change. Please confirm whether my repayment will be repriced and from which date. I saw the article 'Retail banks sharpen arrears analytics as payment stress persists' and wanted to check how it affects my account.,neutral,False,
COMM-202207-000025,ACC0038234,IND2201005416,app_message,inbound,2022-07-30T15:58:23+02:00,Home Loan rate increase question,I am worried my home loan instalment may change. Please confirm whether my repayment will be repriced and from which date. I saw the article 'Statement delays add noise to month-end finance controls' and wanted to check how it affects my account.,neutral,False,
COMM-202207-000026,ACC0004099,IND1903019312,app_message,inbound,2022-07-25T18:08:46+02:00,Home Loan rate increase question,I am worried my home loan instalment may change. Please confirm whether my repayment will be repriced and from which date. I saw the article 'Statement delays add noise to month-end finance controls' and wanted to check how it affects my account.,neutral,False,
COMM-202207-000027,ACC0021902,IND2101003603,sms,outbound,2022-07-19T20:43:46+02:00,New statement available,"Your latest account statement is available. Please review the charges, interest and debit order activity.",neutral,False,
COMM-202207-000028,ACC0014753,IND1910004483,phone_call,inbound,24/07/2022 11:19,Why did my debit order fail?,"My debit order did not go through and I need to know whether it was insufficient funds, a retry problem or a bank processing issue. The account should not be charged twice.",negative,True,fee_dispute
COMM-202207-000029,ACC0009370,IND1906002893,app_message,outbound,2022-07-27T16:08:25+02:00,New statement available,"Your latest account statement is available. Please review the charges, interest and debit order activity.",neutral,False,
COMM-202207-000030,ACC0016791,IND1911017333,app_message,inbound,2022-07-11T15:08:08+02:00,Balance check,Please confirm my available balance and whether any debit orders are still pending.,negative,True,service_delay
COMM-202207-000031,ACC0016630,IND1911016620,sms,outbound,2022-07-31T07:07:19+02:00,Suspicious transaction alert,We detected activity that may require confirmation. Please reply or contact the bank if this transaction was not yours.,positive,False,
COMM-202207-000032,ACC0031678,IND2108002453,email,inbound,2022-07-27 09:22:58,Home Loan rate increase question,I am worried my home loan instalment may change. Please confirm whether my repayment will be repriced and from which date. I saw the article 'Banks watch debit-order strain as households adjust spending' and wanted to check how it affects my account.,neutral,False,
COMM-202207-000033,ACC0032219,IND2109000907,app_message,inbound,2022-07-21T11:50:10+02:00,Transfer not reflecting,I made a transfer and it is still not reflecting. Please check whether the payment is delayed in your system.,positive,False,
COMM-202207-000034,ACC0022095,IND2101006564,app_message,inbound,2022-07-28T19:47:43+02:00,Unauthorised bank charge enquiry,Please explain the latest bank charge on my statement. I cannot see why this fee was taken and I want it reversed if it was incorrect. This also seems connected to Record Stage 6 load shedding across major metros.,neutral,False,
COMM-202207-000035,ACC0023677,IND2102008941,email,inbound,2022-07-05 20:32:25,Account enquiry,Please assist with my banking enquiry.,negative,True,other
COMM-202207-000036,ACC0035494,IND2111000753,branch_visit,inbound,25/07/2022 13:45,Card blocked at ATM,My card was blocked at the ATM and I need access restored or a replacement card arranged. I have an urgent payment to make.,neutral,False,
COMM-202207-000037,ACC0034548,IND2111010585,branch_visit,inbound,22/07/2022 08:15,Statement copy request,Please send me a copy of my latest statement and confirm the closing balance used for the month-end calculation.,negative,True,digital_issue
COMM-202207-000038,ACC0013605,IND1909009121,phone_call,inbound,20/07/2022 15:08,Branch appointment request,I would like to book time at the branch to sort out my account and get printed documents for my records.,neutral,False,
COMM-202207-000039,ACC0006111,IND1904012335,phone_call,inbound,13/07/2022 14:56,Why did my debit order fail?,"My debit order did not go through and I need to know whether it was insufficient funds, a retry problem or a bank processing issue. The account should not be charged twice.",negative,True,statement_error
COMM-202207-000040,ACC0010485,IND1907012707,branch_visit,inbound,26/07/2022 13:20,Home Loan rate increase question,I am worried my home loan instalment may change. Please confirm whether my repayment will be repriced and from which date. I saw the article 'Operational resilience returns to the agenda after payment interruptions' and wanted to check how it affects my account.,negative,True,service_delay
COMM-202207-000041,ACC0025764,IND2104011448,email,outbound,2022-07-30 13:39:22,New statement available,"Your latest account statement is available. Please review the charges, interest and debit order activity.",neutral,False,
COMM-202207-000042,ACC0024424,IND2103010404,app_message,inbound,2022-07-23T11:28:09+02:00,Digital wallet setup help,I need help setting up the digital wallet and linking it to the right account. The app keeps asking me to try again later.,neutral,False,
COMM-202207-000043,ACC0028349,IND2105005201,sms,outbound,2022-07-26T11:04:52+02:00,Suspicious transaction alert,We detected activity that may require confirmation. Please reply or contact the bank if this transaction was not yours.,positive,False,
COMM-202207-000044,ACC0037277,IND2201009084,branch_visit,inbound,20/07/2022 15:00,Home Loan rate increase question,I am worried my home loan instalment may change. Please confirm whether my repayment will be repriced and from which date. I saw the article 'Banks watch debit-order strain as households adjust spending' and wanted to check how it affects my account.,positive,False,
COMM-202207-000045,ACC0024027,IND2102006986,app_message,inbound,2022-07-13T19:49:21+02:00,Home Loan rate increase question,I am worried my home loan instalment may change. Please confirm whether my repayment will be repriced and from which date. I saw the article 'Statement delays add noise to month-end finance controls' and wanted to check how it affects my account. This also seems connected to Record Stage 6 load shedding across major metros.,negative,True,failed_transaction
COMM-202207-000046,ACC0040184,IND2202013592,app_message,outbound,2022-07-12T11:47:18+02:00,New statement available,"Your latest account statement is available. Please review the charges, interest and debit order activity.",neutral,False,
COMM-202207-000047,ACC0005698,IND1904009645,app_message,inbound,2022-07-25T10:03:59+02:00,Home Loan rate increase question,I am worried my home loan instalment may change. Please confirm whether my repayment will be repriced and from which date. I saw the article 'Digital channels reshape banking workloads as customer growth continues' and wanted to check how it affects my account.,negative,True,failed_transaction
COMM-202207-000048,ACC0039705,IND2202001882,app_message,inbound,2022-07-09T20:45:43+02:00,Balance check,Please confirm my available balance and whether any debit orders are still pending.,positive,False,
COMM-202207-000049,ACC0036693,IND2112007589,app_message,outbound,2022-07-16T14:14:25+02:00,New statement available,"Your latest account statement is available. Please review the charges, interest and debit order activity.",neutral,False,
COMM-202207-000050,ACC0031158,IND2107011608,sms,outbound,2022-07-29T09:17:05+02:00,Your loan repayment failed due to insufficient funds,Your scheduled loan repayment was not successful. Please fund your account or contact us to discuss payment options.,neutral,False,
COMM-202207-000051,ACC0004169,IND1903003504,app_message,inbound,2022-07-11T17:03:39+02:00,Home Loan rate increase question,I am worried my home loan instalment may change. Please confirm whether my repayment will be repriced and from which date. I saw the article 'Statement delays add noise to month-end finance controls' and wanted to check how it affects my account.,neutral,False,
COMM-202207-000052,ACC0039931,IND2202009704,email,inbound,2022-07-30 07:11:44,Suggestion for bank app,I have feedback on the app experience and would like the product team to review it.,negative,True,statement_error
COMM-202207-000053,ACC0025300,IND2104009969,app_message,inbound,2022-07-26T16:26:15+02:00,Why did my debit order fail?,"My debit order did not go through and I need to know whether it was insufficient funds, a retry problem or a bank processing issue. The account should not be charged twice. This also seems connected to Record Stage 6 load shedding across major metros.",negative,True,failed_transaction
COMM-202207-000054,ACC0022335,IND2101008449,app_message,outbound,2022-07-15T14:31:22+02:00,New statement available,"Your latest account statement is available. Please review the charges, interest and debit order activity.",neutral,False,
COMM-202207-000055,ACC0039611,IND2202011595,app_message,inbound,2022-07-03T18:30:04+02:00,Unauthorised bank charge enquiry,Please explain the latest bank charge on my statement. I cannot see why this fee was taken and I want it reversed if it was incorrect.,negative,True,fee_dispute
COMM-202207-000056,ACC0003348,IND1902007382,email,outbound,2022-07-24 18:36:56,New statement available,"Your latest account statement is available. Please review the charges, interest and debit order activity.",neutral,False,
COMM-202207-000057,ACC0013006,IND1909001708,phone_call,inbound,13/07/2022 18:57,Unauthorised bank charge enquiry,Please explain the latest bank charge on my statement. I cannot see why this fee was taken and I want it reversed if it was incorrect.,negative,True,fee_dispute
COMM-202207-000058,ACC0027197,IND2105012573,app_message,inbound,2022-07-27T20:09:09+02:00,App login problem,The app is not behaving properly and I cannot complete what should be a simple transaction. Please check whether there is an issue on my profile.,neutral,False,
COMM-202207-000059,ACC0040305,IND2202020921,phone_call,inbound,15/07/2022 13:37,Card blocked at ATM,"Eish, My card was blocked at the ATM and I need access restored or a replacement card arranged. I have an urgent payment to make.",neutral,False,
COMM-202207-000060,ACC0009163,IND1906005213,email,inbound,2022-07-29 16:33:39,Suggestion for bank app,I have feedback on the app experience and would like the product team to review it.,neutral,False,
COMM-202207-000061,ACC0013185,IND1909009344,phone_call,inbound,22/07/2022 09:10,Home Loan rate increase question,I am worried my home loan instalment may change. Please confirm whether my repayment will be repriced and from which date. I saw the article 'Operational resilience returns to the agenda after payment interruptions' and wanted to check how it affects my account.,negative,True,service_delay
COMM-202207-000062,ACC0006609,IND1904010646,app_message,inbound,2022-07-09T19:34:01+02:00,Why did my debit order fail?,"My debit order did not go through and I need to know whether it was insufficient funds, a retry problem or a bank processing issue. The account should not be charged twice.",negative,True,failed_transaction
COMM-202207-000063,ACC0007488,IND1905008680,phone_call,inbound,23/07/2022 07:45,Home Loan rate increase question,I am worried my home loan instalment may change. Please confirm whether my repayment will be repriced and from which date. I saw the article 'Conduct teams press for clearer evidence on fees and failed payments' and wanted to check how it affects my account.,neutral,False,
COMM-202207-000064,ACC0009211,IND1906016817,app_message,outbound,2022-07-20T03:00:28+02:00,New statement available,"Your latest account statement is available. Please review the charges, interest and debit order activity.",neutral,False,
COMM-202207-000065,ACC0014641,IND1910001922,sms,outbound,2022-07-28T19:25:21+02:00,New statement available,"Your latest account statement is available. Please review the charges, interest and debit order activity.",negative,False,
COMM-202207-000066,ACC0001493,IND1901010838,sms,outbound,2022-07-19T09:06:06+02:00,Suspicious transaction alert,We detected activity that may require confirmation. Please reply or contact the bank if this transaction was not yours.,neutral,False,
COMM-202207-000067,ACC0005620,IND1904013053,app_message,outbound,2022-07-23T19:04:36+02:00,New statement available,"Your latest account statement is available. Please review the charges, interest and debit order activity.",neutral,False,
COMM-202207-000068,ACC0024956,IND2103009669,phone_call,inbound,24/07/2022 15:21,Home Loan rate increase question,I am worried my home loan instalment may change. Please confirm whether my repayment will be repriced and from which date. I saw the article 'Conduct teams press for clearer evidence on fees and failed payments' and wanted to check how it affects my account.,neutral,False,
COMM-202207-000069,ACC0034262,IND2110006158,app_message,inbound,2022-07-24T15:07:47+02:00,App login problem,The app is not behaving properly and I cannot complete what should be a simple transaction. Please check whether there is an issue on my profile.,negative,True,failed_transaction
COMM-202207-000070,ACC0034196,IND2110003677,app_message,inbound,2022-07-19T11:33:53+02:00,App login problem,The app is not behaving properly and I cannot complete what should be a simple transaction. Please check whether there is an issue on my profile.,negative,True,service_delay
COMM-202207-000071,ACC0021900,IND2101001532,branch_visit,inbound,20/07/2022 09:50,Branch appointment request,I would like to book time at the branch to sort out my account and get printed documents for my records.,neutral,False,
COMM-202207-000072,ACC0028542,IND2106008093,phone_call,inbound,18/07/2022 09:25,Why did my debit order fail?,"My debit order did not go through and I need to know whether it was insufficient funds, a retry problem or a bank processing issue. The account should not be charged twice.",positive,False,
COMM-202207-000073,ACC0016766,IND1911021165,branch_visit,inbound,18/07/2022 10:45,Home Loan rate increase question,I am worried my home loan instalment may change. Please confirm whether my repayment will be repriced and from which date. I saw the article 'Operational resilience returns to the agenda after payment interruptions' and wanted to check how it affects my account. This also seems connected to Record Stage 6 load shedding across major metros.,neutral,False,
COMM-202207-000074,ACC0012158,IND1908016865,phone_call,inbound,24/07/2022 15:28,Why did my debit order fail?,"My debit order did not go through and I need to know whether it was insufficient funds, a retry problem or a bank processing issue. The account should not be charged twice.",negative,True,fraud_concern
COMM-202207-000075,ACC0046003,IND2206002435,email,inbound,2022-07-15 19:20:08,Statement copy request,Please send me a copy of my latest statement and confirm the closing balance used for the month-end calculation.,neutral,False,
COMM-202207-000076,ACC0008288,IND1905008344,branch_visit,inbound,21/07/2022 12:30,Card blocked at ATM,My card was blocked at the ATM and I need access restored or a replacement card arranged. I have an urgent payment to make.,neutral,False,
COMM-202207-000077,ACC0030537,IND2107007336,app_message,inbound,2022-07-24T17:07:06+02:00,Why did my debit order fail?,"My debit order did not go through and I need to know whether it was insufficient funds, a retry problem or a bank processing issue. The account should not be charged twice.",negative,True,digital_issue
COMM-202207-000078,ACC0028639,IND2106013274,app_message,outbound,2022-07-03T09:43:15+02:00,New statement available,"Your latest account statement is available. Please review the charges, interest and debit order activity.",neutral,False,
COMM-202207-000079,ACC0044263,IND2205003145,email,inbound,2022-07-07 08:55:34,Statement copy request,Please send me a copy of my latest statement and confirm the closing balance used for the month-end calculation.,neutral,False,
COMM-202207-000080,ACC0013464,IND1909000732,branch_visit,inbound,14/07/2022 14:00,Home Loan rate increase question,I am worried my home loan instalment may change. Please confirm whether my repayment will be repriced and from which date. I saw the article 'Statement delays add noise to month-end finance controls' and wanted to check how it affects my account.,positive,False,
COMM-202207-000081,ACC0020969,IND2011002563,app_message,inbound,2022-07-17T13:14:08+02:00,Why did my debit order fail?,"My debit order did not go through and I need to know whether it was insufficient funds, a retry problem or a bank processing issue. The account should not be charged twice.",negative,True,digital_issue
COMM-202207-000082,ACC0010821,IND1907014353,branch_visit,inbound,17/07/2022 12:30,Card blocked at ATM,My card was blocked at the ATM and I need access restored or a replacement card arranged. I have an urgent payment to make.,negative,True,statement_error
COMM-202207-000083,ACC0024859,IND2103002110,sms,outbound,2022-07-08T19:56:36+02:00,Your loan repayment failed due to insufficient funds,Your scheduled loan repayment was not successful. Please fund your account or contact us to discuss payment options.,negative,True,statement_error
COMM-202207-000084,ACC0017156,IND1911011186,sms,outbound,2022-07-19T14:34:32+02:00,New statement available,"Your latest account statement is available. Please review the charges, interest and debit order activity.",negative,True,failed_transaction
COMM-202207-000085,ACC0040269,IND2202013731,phone_call,inbound,22/07/2022 14:50,Home Loan rate increase question,I am worried my home loan instalment may change. Please confirm whether my repayment will be repriced and from which date. I saw the article 'Operational resilience returns to the agenda after payment interruptions' and wanted to check how it affects my account.,positive,False,
COMM-202207-000086,ACC0016095,IND1911008630,email,inbound,2022-07-04 14:32:14,Unauthorised bank charge enquiry,Please explain the latest bank charge on my statement. I cannot see why this fee was taken and I want it reversed if it was incorrect.,neutral,False,
COMM-202207-000087,ACC0029762,IND2106010266,app_message,inbound,2022-07-24T06:55:37+02:00,Why did my debit order fail?,"My debit order did not go through and I need to know whether it was insufficient funds, a retry problem or a bank processing issue. The account should not be charged twice.",negative,True,failed_transaction
COMM-202207-000088,ACC0028273,IND2105010096,sms,outbound,2022-07-15T08:09:17+02:00,New statement available,"Your latest account statement is available. Please review the charges, interest and debit order activity.",neutral,False,
COMM-202207-000089,ACC0027458,IND2105011094,sms,inbound,2022-07-09T15:45:30+02:00,Statement copy request,Please send me a copy of my latest statement and confirm the closing balance used for the month-end calculation.,negative,True,service_delay
COMM-202207-000090,ACC0038833,IND2201018052,app_message,inbound,2022-07-24T16:11:38+02:00,Unauthorised bank charge enquiry,Please explain the latest bank charge on my statement. I cannot see why this fee was taken and I want it reversed if it was incorrect.,neutral,False,
COMM-202207-000091,ACC0044166,COM2204000248,app_message,outbound,2022-07-07T16:58:09+02:00,New statement available,"Your latest account statement is available. Please review the charges, interest and debit order activity.",neutral,False,
COMM-202207-000092,ACC0044801,IND2205017240,sms,outbound,2022-07-03T15:47:23+02:00,Branch holiday hours,Please note adjusted branch hours this month. Digital channels remain available for balance checks and transfers.,negative,False,
COMM-202207-000093,ACC0016364,IND1911004467,sms,outbound,2022-07-06T08:25:47+02:00,Suspicious transaction alert,We detected activity that may require confirmation. Please reply or contact the bank if this transaction was not yours.,neutral,False,
COMM-202207-000094,ACC0005348,IND1903018489,sms,outbound,2022-07-28T16:19:40+02:00,New statement available,"Your latest account statement is available. Please review the charges, interest and debit order activity.",neutral,False,
COMM-202207-000095,ACC0028215,IND2105003046,email,inbound,2022-07-30 07:04:37,Statement copy request,Please send me a copy of my latest statement and confirm the closing balance used for the month-end calculation.,neutral,False,
COMM-202207-000096,ACC0005662,IND1904002676,app_message,outbound,2022-07-06T19:21:57+02:00,New statement available,"Your latest account statement is available. Please review the charges, interest and debit order activity.",neutral,False,
COMM-202207-000097,ACC0025552,IND2104001482,app_message,inbound,2022-07-06T05:17:25+02:00,Unauthorised bank charge enquiry,Please explain the latest bank charge on my statement. I cannot see why this fee was taken and I want it reversed if it was incorrect.,neutral,False,
COMM-202207-000098,ACC0007749,IND1905005754,email,inbound,2022-07-09 10:44:59,Account enquiry,Please assist with my banking enquiry.,negative,True,statement_error
COMM-202207-000099,ACC0038833,IND2201018052,branch_visit,inbound,29/07/2022 10:10,Home Loan rate increase question,I am worried my home loan instalment may change. Please confirm whether my repayment will be repriced and from which date. I saw the article 'Banks watch debit-order strain as households adjust spending' and wanted to check how it affects my account.,negative,False,
COMM-202207-000100,ACC0010639,IND1907007461,sms,outbound,2022-07-24T15:12:48+02:00,Your loan repayment failed due to insufficient funds,Your scheduled loan repayment was not successful. Please fund your account or contact us to discuss payment options.,neutral,False,
COMM-202207-000101,ACC0016825,IND1911021555,app_message,inbound,2022-07-07T07:49:45+02:00,Why did my debit order fail?,"My debit order did not go through and I need to know whether it was insufficient funds, a retry problem or a bank processing issue. The account should not be charged twice.",negative,True,digital_issue
COMM-202207-000102,ACC0039135,IND2202023658,phone_call,inbound,18/07/2022 16:43,Why did my debit order fail?,"My debit order did not go through and I need to know whether it was insufficient funds, a retry problem or a bank processing issue. The account should not be charged twice.",neutral,False,
COMM-202207-000103,ACC0042673,IND2203001914,branch_visit,inbound,31/07/2022 13:00,Home Loan rate increase question,I am worried my home loan instalment may change. Please confirm whether my repayment will be repriced and from which date. I saw the article 'Operational resilience returns to the agenda after payment interruptions' and wanted to check how it affects my account.,neutral,False,
COMM-202207-000104,ACC0009399,IND1906004604,branch_visit,inbound,29/07/2022 14:10,Home Loan rate increase question,I am worried my home loan instalment may change. Please confirm whether my repayment will be repriced and from which date. I saw the article 'Banks watch debit-order strain as households adjust spending' and wanted to check how it affects my account.,neutral,False,
COMM-202207-000105,ACC0037095,IND2201001182,phone_call,inbound,13/07/2022 08:45,Why did my debit order fail?,"My debit order did not go through and I need to know whether it was insufficient funds, a retry problem or a bank processing issue. The account should not be charged twice.",neutral,False,
COMM-202207-000106,ACC0010805,IND1907001742,email,inbound,2022-07-26 10:51:17,Unauthorised bank charge enquiry,Please explain the latest bank charge on my statement. I cannot see why this fee was taken and I want it reversed if it was incorrect.,negative,True,statement_error
COMM-202207-000107,ACC0042364,IND2203000595,email,inbound,2022-07-17 09:44:13,Home Loan rate increase question,I am worried my home loan instalment may change. Please confirm whether my repayment will be repriced and from which date. I saw the article 'Digital channels reshape banking workloads as customer growth continues' and wanted to check how it affects my account.,negative,True,fee_dispute
COMM-202207-000108,ACC0006139,IND1904002086,email,outbound,2022-07-22 07:24:51,New statement available,"Your latest account statement is available. Please review the charges, interest and debit order activity.",neutral,False,
COMM-202207-000109,ACC0028067,IND2105007010,app_message,inbound,2022-07-19T15:05:19+02:00,Digital wallet setup help,I need help setting up the digital wallet and linking it to the right account. The app keeps asking me to try again later.,neutral,False,
COMM-202207-000110,ACC0022383,IND2101004926,sms,outbound,2022-07-05T09:44:06+02:00,Your loan repayment failed due to insufficient funds,Your scheduled loan repayment was not successful. Please fund your account or contact us to discuss payment options.,neutral,False,
COMM-202207-000111,ACC0015393,IND1910001531,sms,outbound,2022-07-29T11:14:40+02:00,New statement available,"Your latest account statement is available. Please review the charges, interest and debit order activity.",positive,False,
COMM-202207-000112,ACC0021523,IND2101011056,branch_visit,inbound,01/07/2022 09:15,Branch appointment request,I would like to book time at the branch to sort out my account and get printed documents for my records.,negative,True,staff_behavior
COMM-202207-000113,ACC0041833,IND2203001919,phone_call,inbound,13/07/2022 07:48,Home Loan rate increase question,I am worried my home loan instalment may change. Please confirm whether my repayment will be repriced and from which date.,negative,False,
COMM-202207-000114,ACC0028427,IND2105015375,phone_call,inbound,11/07/2022 17:09,Why did my debit order fail?,"My debit order did not go through and I need to know whether it was insufficient funds, a retry problem or a bank processing issue. The account should not be charged twice.",neutral,False,
COMM-202207-000115,ACC0009243,IND1906016435,branch_visit,inbound,23/07/2022 12:00,Why did my debit order fail?,"My debit order did not go through and I need to know whether it was insufficient funds, a retry problem or a bank processing issue. The account should not be charged twice. This also seems connected to Record Stage 6 load shedding across major metros.",negative,True,other
COMM-202207-000116,ACC0042479,IND2203010389,phone_call,inbound,01/07/2022 15:51,Unauthorised bank charge enquiry,Please explain the latest bank charge on my statement. I cannot see why this fee was taken and I want it reversed if it was incorrect.,negative,True,statement_error
COMM-202207-000117,ACC0026232,IND2104004573,app_message,outbound,2022-07-16T16:50:41+02:00,New statement available,"Your latest account statement is available. Please review the charges, interest and debit order activity.",neutral,False,
COMM-202207-000118,ACC0042382,IND2203003339,branch_visit,inbound,07/07/2022 13:05,Branch appointment request,I would like to book time at the branch to sort out my account and get printed documents for my records.,neutral,False,
COMM-202207-000119,ACC0007527,IND1905004757,email,inbound,2022-07-24 16:56:34,Statement copy request,Please send me a copy of my latest statement and confirm the closing balance used for the month-end calculation.,neutral,False,
COMM-202207-000120,ACC0022596,IND2102003644,branch_visit,inbound,04/07/2022 15:05,Statement copy request,Please send me a copy of my latest statement and confirm the closing balance used for the month-end calculation.,neutral,False,
COMM-202207-000121,ACC0018333,COM19000105,sms,outbound,2022-07-30T06:51:09+02:00,Suspicious transaction alert,We detected activity that may require confirmation. Please reply or contact the bank if this transaction was not yours.,neutral,False,
COMM-202207-000122,ACC0032057,IND2108008716,app_message,inbound,2022-07-26T14:57:34+02:00,Balance check,Please confirm my available balance and whether any debit orders are still pending.,positive,False,
COMM-202207-000123,ACC0034235,IND2110000148,app_message,inbound,2022-07-23T15:01:03+02:00,Unauthorised bank charge enquiry,Please explain the latest bank charge on my statement. I cannot see why this fee was taken and I want it reversed if it was incorrect.,negative,True,fee_dispute
COMM-202207-000124,ACC0046473,IND2206015913,email,inbound,2022-07-02 12:02:24,Suggestion for bank app,I have feedback on the app experience and would like the product team to review it.,positive,False,
COMM-202207-000125,ACC0004449,IND1903013613,email,inbound,2022-07-15 16:52:36,Why did my debit order fail?,"My debit order did not go through and I need to know whether it was insufficient funds, a retry problem or a bank processing issue. The account should not be charged twice.",negative,True,service_delay
COMM-202207-000126,ACC0002771,IND1902011631,phone_call,inbound,25/07/2022 07:01,Why did my debit order fail?,"My debit order did not go through and I need to know whether it was insufficient funds, a retry problem or a bank processing issue. The account should not be charged twice.",neutral,False,
COMM-202207-000127,ACC0021659,IND2101007281,sms,outbound,2022-07-28T13:25:10+02:00,New statement available,"Your latest account statement is available. Please review the charges, interest and debit order activity.",neutral,False,
COMM-202207-000128,ACC0032568,IND2109003034,app_message,inbound,2022-07-25T23:37:39+02:00,Why did my debit order fail?,"My debit order did not go through and I need to know whether it was insufficient funds, a retry problem or a bank processing issue. The account should not be charged twice. This also seems connected to Record Stage 6 load shedding across major metros.",negative,True,service_delay
COMM-202207-000129,ACC0006094,IND1904004821,email,inbound,2022-07-02 17:18:16,Suggestion for bank app,I have feedback on the app experience and would like the product team to review it.,negative,True,other
COMM-202207-000130,ACC0003832,IND1903007607,phone_call,inbound,17/07/2022 14:04,Why did my debit order fail?,"My debit order did not go through and I need to know whether it was insufficient funds, a retry problem or a bank processing issue. The account should not be charged twice.",neutral,False,
COMM-202207-000131, ACC0044012 ,IND2204009469,phone_call,inbound,30/07/2022 17:15,Branch appointment request,I would like to book time at the branch to sort out my account and get printed documents for my records.,negative,True,service_delay
COMM-202207-000132,ACC0000072,IND1901005479,email,inbound,2022-07-06 10:55:21,App login problem,The app is not behaving properly and I cannot complete what should be a simple transaction. Please check whether there is an issue on my profile.,neutral,False,
COMM-202207-000133,ACC0031261,IND2107001409,email,inbound,2022-07-17 21:02:11,Statement copy request,Please send me a copy of my latest statement and confirm the closing balance used for the month-end calculation.,neutral,False,
COMM-202207-000134,ACC0034606,IND2111016159,email,inbound,2022-07-31 09:15:27,Home Loan rate increase question,I am worried my home loan instalment may change. Please confirm whether my repayment will be repriced and from which date. I saw the article 'Digital channels reshape banking workloads as customer growth continues' and wanted to check how it affects my account.,negative,True,failed_transaction
COMM-202207-000135,ACC0033723,IND2110007896,email,inbound,2022-07-21 16:36:29,Suggestion for bank app,I have feedback on the app experience and would like the product team to review it.,neutral,False,
COMM-202207-000136,ACC0006306,IND1904004991,phone_call,inbound,26/07/2022 12:40,Home Loan rate increase question,I am worried my home loan instalment may change. Please confirm whether my repayment will be repriced and from which date. I saw the article 'Conduct teams press for clearer evidence on fees and failed payments' and wanted to check how it affects my account.,negative,True,fee_dispute
COMM-202207-000137,ACC0003695,IND1903003687,branch_visit,inbound,23/07/2022 09:45,Home Loan rate increase question,I am worried my home loan instalment may change. Please confirm whether my repayment will be repriced and from which date. I saw the article 'Banks watch debit-order strain as households adjust spending' and wanted to check how it affects my account.,neutral,False,
COMM-202207-000138,ACC0016498,IND1911019567,app_message,inbound,2022-07-30T21:39:12+02:00,Digital wallet setup help,I need help setting up the digital wallet and linking it to the right account. The app keeps asking me to try again later.,positive,False,
COMM-202207-000139,ACC0011461,IND1908017490,email,inbound,2022-07-03 06:46:12,App login problem,The app is not behaving properly and I cannot complete what should be a simple transaction. Please check whether there is an issue on my profile.,neutral,False,
COMM-202207-000140,ACC0039571,IND2202003880,app_message,inbound,2022-07-22T12:02:59+02:00,Why did my debit order fail?,"My debit order did not go through and I need to know whether it was insufficient funds, a retry problem or a bank processing issue. The account should not be charged twice.",negative,True,failed_transaction
COMM-202207-000141,ACC0030383,IND2107010672,email,inbound,2022-07-16 16:17:46,Home Loan rate increase question,I am worried my home loan instalment may change. Please confirm whether my repayment will be repriced and from which date. I saw the article 'Conduct teams press for clearer evidence on fees and failed payments' and wanted to check how it affects my account.,neutral,False,
COMM-202207-000142,ACC0000105,IND1901015632,sms,outbound,2022-07-06T19:44:06+02:00,Suspicious transaction alert,We detected activity that may require confirmation. Please reply or contact the bank if this transaction was not yours.,neutral,False,
COMM-202207-000143,ACC0029419,IND2106004589,app_message,inbound,2022-07-22T18:05:39+02:00,Balance check,Please confirm my available balance and whether any debit orders are still pending.,negative,False,
COMM-202207-000144,ACC0041364,IND2202006548,app_message,outbound,2022-07-16T20:34:33+02:00,New statement available,"Your latest account statement is available. Please review the charges, interest and debit order activity.",neutral,False,
COMM-202207-000145,ACC0005925,IND1904014180,email,outbound,2022-07-01 22:33:16,New statement available,"Your latest account statement is available. Please review the charges, interest and debit order activity.",neutral,False,
COMM-202207-000146,ACC0034235,IND2110000148,branch_visit,inbound,29/07/2022 11:30,Cash deposit issue,I made a cash deposit but the amount is not showing correctly. Please investigate the branch or ATM record.,neutral,False,
COMM-202207-000147,ACC0014369,IND1909005870,email,inbound,2022-07-09 17:11:38,Home Loan rate increase question,I am worried my home loan instalment may change. Please confirm whether my repayment will be repriced and from which date. I saw the article 'Banks watch debit-order strain as households adjust spending' and wanted to check how it affects my account.,negative,True,fee_dispute
COMM-202207-000148,ACC0039003,COM2201000344,app_message,inbound,2022-07-30T10:11:20+02:00,App login problem,The app is not behaving properly and I cannot complete what should be a simple transaction. Please check whether there is an issue on my profile.,negative,True,failed_transaction
COMM-202207-000149,ACC0042371,IND2203010317,sms,outbound,2022-07-29T14:08:54+02:00,Branch holiday hours,Please note adjusted branch hours this month. Digital channels remain available for balance checks and transfers.,neutral,False,
COMM-202207-000150,ACC0039684,IND2202015425,app_message,inbound,2022-07-17T12:46:01+02:00,Why did my debit order fail?,"My debit order did not go through and I need to know whether it was insufficient funds, a retry problem or a bank processing issue. The account should not be charged twice.",negative,True,service_delay
COMM-202207-000151,ACC0008989,IND1906001630,phone_call,inbound,16/07/2022 12:53,Card blocked at ATM,My card was blocked at the ATM and I need access restored or a replacement card arranged. I have an urgent payment to make.,neutral,False,
COMM-202207-000152,ACC0020493,IND2008001431,email,inbound,2022-07-10 18:06:52,Account enquiry,Please assist with my banking enquiry.,positive,False,
COMM-202207-000153,ACC0022129,IND2101006696,email,inbound,2022-07-03 11:46:52,Account enquiry,Please assist with my banking enquiry.,negative,False,
COMM-202207-000154,ACC0003537,IND1903010522,sms,outbound,2022-07-12T04:21:10+02:00,Suspicious transaction alert,We detected activity that may require confirmation. Please reply or contact the bank if this transaction was not yours.,neutral,False,
COMM-202207-000155,ACC0038622,IND2201007981,phone_call,inbound,15/07/2022 12:01,Why did my debit order fail?,"My debit order did not go through and I need to know whether it was insufficient funds, a retry problem or a bank processing issue. The account should not be charged twice.",negative,True,fraud_concern
COMM-202207-000156,ACC0047377,COM2206000296,email,inbound,2022-07-29 17:01:19,Account enquiry,Please assist with my banking enquiry.,neutral,False,
COMM-202207-000157,ACC0046237,IND2206012448,email,inbound,2022-07-21 19:22:27,Home Loan rate increase question,I am worried my home loan instalment may change. Please confirm whether my repayment will be repriced and from which date. I saw the article 'Operational resilience returns to the agenda after payment interruptions' and wanted to check how it affects my account.,neutral,False,
COMM-202207-000158,ACC0008111,IND1905001387,sms,outbound,2022-07-26T19:32:09+02:00,Your loan repayment failed due to insufficient funds,Your scheduled loan repayment was not successful. Please fund your account or contact us to discuss payment options.,neutral,False,
COMM-202207-000159,ACC0009830,IND1906007707,app_message,inbound,2022-07-20T13:53:37+02:00,Home Loan rate increase question,I am worried my home loan instalment may change. Please confirm whether my repayment will be repriced and from which date. I saw the article 'Conduct teams press for clearer evidence on fees and failed payments' and wanted to check how it affects my account.,neutral,False,
COMM-202207-000160,ACC0009895,IND1907007004,email,outbound,2022-07-20 16:31:19,New statement available,"Your latest account statement is available. Please review the charges, interest and debit order activity.",neutral,False,
COMM-202207-000161,ACC0021550,IND2101004716,app_message,inbound,2022-07-19T09:01:05+02:00,Home Loan rate increase question,I am worried my home loan instalment may change. Please confirm whether my repayment will be repriced and from which date. I saw the article 'Statement delays add noise to month-end finance controls' and wanted to check how it affects my account.,positive,False,
COMM-202207-000162,ACC0016432,IND1911018512,app_message,inbound,2022-07-05T11:49:49+02:00,App login problem,The app is not behaving properly and I cannot complete what should be a simple transaction. Please check whether there is an issue on my profile.,neutral,False,
COMM-202207-000163,ACC0036892,IND2112009861,sms,outbound,2022-07-05T12:38:15+02:00,New statement available,"Your latest account statement is available. Please review the charges, interest and debit order activity.",neutral,False,
COMM-202207-000164,ACC0032730,IND2109005539,phone_call,inbound,09/07/2022 11:50,Why did my debit order fail?,"My debit order did not go through and I need to know whether it was insufficient funds, a retry problem or a bank processing issue. The account should not be charged twice.",neutral,False,
COMM-202207-000165,ACC0001938,IND1902009228,email,inbound,2022-07-22 09:01:58,Suggestion for bank app,I have feedback on the app experience and would like the product team to review it.,positive,False,
COMM-202207-000166,ACC0025278,IND2104003222,sms,outbound,2022-07-30T19:17:20+02:00,New statement available,"Your latest account statement is available. Please review the charges, interest and debit order activity.",neutral,False,
COMM-202207-000167,ACC0035118,IND2111002337,app_message,inbound,2022-07-08T17:22:57+02:00,Unauthorised bank charge enquiry,Please explain the latest bank charge on my statement. I cannot see why this fee was taken and I want it reversed if it was incorrect.,positive,False,
COMM-202207-000168,ACC0022241,IND2101001041,sms,outbound,2022-07-21T11:30:43+02:00,Branch holiday hours,Please note adjusted branch hours this month. Digital channels remain available for balance checks and transfers.,neutral,False,
COMM-202207-000169,ACC0024027,IND2102006986,sms,inbound,2022-07-15T07:01:29+02:00,Statement copy request,Please send me a copy of my latest statement and confirm the closing balance used for the month-end calculation.,negative,True,failed_transaction
COMM-202207-000170,ACC0046409,IND2206000157,email,inbound,2022-07-17 20:42:58,Unauthorised bank charge enquiry,Please explain the latest bank charge on my statement. I cannot see why this fee was taken and I want it reversed if it was incorrect.,neutral,False,
COMM-202207-000171,ACC0011412,IND1908018577,app_message,inbound,2022-07-04T13:41:15+02:00,Digital wallet setup help,I need help setting up the digital wallet and linking it to the right account. The app keeps asking me to try again later.,positive,False,
COMM-202207-000172,ACC0045567,IND2205006050,sms,outbound,2022-07-11T20:35:11+02:00,New statement available,"Your latest account statement is available. Please review the charges, interest and debit order activity.",neutral,False,
COMM-202207-000173,ACC0032081,IND2108005122,email,inbound,2022-07-31 20:25:21,Why did my debit order fail?,"My debit order did not go through and I need to know whether it was insufficient funds, a retry problem or a bank processing issue. The account should not be charged twice.",negative,True,other
COMM-202207-000174,ACC0041101,IND2202010336,branch_visit,inbound,23/07/2022 15:15,Home Loan rate increase question,I am worried my home loan instalment may change. Please confirm whether my repayment will be repriced and from which date. I saw the article 'Statement delays add noise to month-end finance controls' and wanted to check how it affects my account.,negative,True,service_delay
COMM-202207-000175,ACC0042305,IND2203009477,phone_call,inbound,04/07/2022 10:52,Why did my debit order fail?,"My debit order did not go through and I need to know whether it was insufficient funds, a retry problem or a bank processing issue. The account should not be charged twice.",neutral,False,
COMM-202207-000176,ACC0045864,IND2205002844,sms,outbound,2022-07-09T11:27:40+02:00,Suspicious transaction alert,We detected activity that may require confirmation. Please reply or contact the bank if this transaction was not yours.,positive,False,
COMM-202207-000177,ACC0016539,IND1911002916,app_message,outbound,2022-07-05T20:07:34+02:00,New statement available,"Your latest account statement is available. Please review the charges, interest and debit order activity.",neutral,False,
COMM-202207-000178,ACC0035971,IND2112003102,email,outbound,2022-07-02 14:34:43,New statement available,"Your latest account statement is available. Please review the charges, interest and debit order activity.",neutral,False,
COMM-202207-000179,ACC0015340,IND1910000316,sms,outbound,2022-07-15T18:42:06+02:00,New statement available,"Your latest account statement is available. Please review the charges, interest and debit order activity.",neutral,False,
COMM-202207-000180,ACC0026626,IND2104015736,email,outbound,2022-07-25 19:25:16,New statement available,"Your latest account statement is available. Please review the charges, interest and debit order activity.",neutral,False,
COMM-202207-000181,ACC0041077,IND2202001178,phone_call,inbound,20/07/2022 08:15,Branch appointment request,I would like to book time at the branch to sort out my account and get printed documents for my records.,negative,True,incorrect_charge
COMM-202207-000182,ACC0043332,IND2204000423,sms,outbound,2022-07-28T18:30:06+02:00,New statement available,"Your latest account statement is available. Please review the charges, interest and debit order activity.",neutral,False,
COMM-202207-000183,ACC0028556,IND2106014835,branch_visit,inbound,24/07/2022 14:10,Cash deposit issue,I made a cash deposit but the amount is not showing correctly. Please investigate the branch or ATM record.,negative,True,failed_transaction
COMM-202207-000184,ACC0040736,IND2202001168,sms,outbound,2022-07-01T08:24:40+02:00,Your loan repayment failed due to insufficient funds,Your scheduled loan repayment was not successful. Please fund your account or contact us to discuss payment options.,negative,True,statement_error
COMM-202207-000185,ACC0027026,COM2104000230,sms,inbound,2022-07-30T15:26:47+02:00,Home Loan rate increase question,I am worried my home loan instalment may change. Please confirm whether my repayment will be repriced and from which date. I saw the article 'Digital channels reshape banking workloads as customer growth continues' and wanted to check how it affects my account.,negative,True,fee_dispute
COMM-202207-000186,ACC0000600,IND1901006065,phone_call,inbound,30/07/2022 08:50,Unauthorised bank charge enquiry,Please explain the latest bank charge on my statement. I cannot see why this fee was taken and I want it reversed if it was incorrect.,neutral,False,
COMM-202207-000187,ACC0034113,IND2110012231,phone_call,inbound,26/07/2022 12:50,Card blocked at ATM,My card was blocked at the ATM and I need access restored or a replacement card arranged. I have an urgent payment to make.,neutral,False,
COMM-202207-000188,ACC0033351,IND2110003745,sms,outbound,2022-07-21T15:45:20+02:00,Branch holiday hours,Please note adjusted branch hours this month. Digital channels remain available for balance checks and transfers.,positive,False,
COMM-202207-000189,ACC0039325,IND2202019848,branch_visit,inbound,13/07/2022 10:10,Card blocked at ATM,My card was blocked at the ATM and I need access restored or a replacement card arranged. I have an urgent payment to make.,neutral,False,
COMM-202207-000190,ACC0009855,COM1906000246,app_message,inbound,2022-07-27T16:16:51+02:00,Balance check,Please confirm my available balance and whether any debit orders are still pending.,negative,True,failed_transaction
COMM-202207-000191,ACC0021582,IND2101008153,sms,inbound,2022-07-17T15:44:52+02:00,Home Loan rate increase question,I am worried my home loan instalment may change. Please confirm whether my repayment will be repriced and from which date. I saw the article 'Digital channels reshape banking workloads as customer growth continues' and wanted to check how it affects my account.,negative,True,failed_transaction
COMM-202207-000192,ACC0035870,COM2111000338,email,inbound,2022-07-16 16:51:34,Home Loan rate increase question,I am worried my home loan instalment may change. Please confirm whether my repayment will be repriced and from which date. I saw the article 'Digital channels reshape banking workloads as customer growth continues' and wanted to check how it affects my account. This also seems connected to Record Stage 6 load shedding across major metros.,negative,True,service_delay
COMM-202207-000193,ACC0044076,IND2204008098,branch_visit,inbound,02/07/2022 11:15,Card blocked at ATM,My card was blocked at the ATM and I need access restored or a replacement card arranged. I have an urgent payment to make.,positive,False,
COMM-202207-000194,ACC0026580,IND2104016353,phone_call,inbound,22/07/2022 09:36,Home Loan rate increase question,I am worried my home loan instalment may change. Please confirm whether my repayment will be repriced and from which date. I saw the article 'Statement delays add noise to month-end finance controls' and wanted to check how it affects my account.,neutral,False,
COMM-202207-000195,ACC0026411,IND2104011076,app_message,inbound,2022-07-20T18:10:16+02:00,Balance check,Please confirm my available balance and whether any debit orders are still pending.,negative,True,digital_issue
COMM-202207-000196,ACC0001129,IND1901005846,sms,outbound,2022-07-18T10:44:10+02:00,Branch holiday hours,Please note adjusted branch hours this month. Digital channels remain available for balance checks and transfers.,neutral,False,
COMM-202207-000197,ACC0012851,IND1908015798,email,inbound,2022-07-16 17:33:56,App login problem,The app is not behaving properly and I cannot complete what should be a simple transaction. Please check whether there is an issue on my profile.,neutral,False,
COMM-202207-000198,ACC0000305,IND1901009608,app_message,outbound,2022-07-12T13:36:49+02:00,New statement available,"Your latest account statement is available. Please review the charges, interest and debit order activity.",neutral,False,
COMM-202207-000199,ACC0039950,IND2202008428,branch_visit,inbound,02/07/2022 15:45,Statement copy request,Please send me a copy of my latest statement and confirm the closing balance used for the month-end calculation.,neutral,False,
COMM-202207-000200,ACC0011173,IND1907002918,phone_call,inbound,12/07/2022 11:38,Home Loan rate increase question,I am worried my home loan instalment may change. Please confirm whether my repayment will be repriced and from which date.,positive,False,
COMM-202207-000201,ACC0039136,IND2202010215,app_message,inbound,2022-07-28T09:44:24+02:00,App login problem,The app is not behaving properly and I cannot complete what should be a simple transaction. Please check whether there is an issue on my profile.,neutral,False,
COMM-202207-000202,ACC0003057,IND1902010891,phone_call,inbound,24/07/2022 18:06,Why did my debit order fail?,"My debit order did not go through and I need to know whether it was insufficient funds, a retry problem or a bank processing issue. The account should not be charged twice.",negative,True,digital_issue
COMM-202207-000203,ACC0000604,IND1901004880,email,inbound,2022-07-04 16:38:29,Why did my debit order fail?,"My debit order did not go through and I need to know whether it was insufficient funds, a retry problem or a bank processing issue. The account should not be charged twice.",negative,True,statement_error
COMM-202207-000204,ACC0037254,IND2201005928,email,inbound,2022-07-20 22:27:17,Suggestion for bank app,I have feedback on the app experience and would like the product team to review it.,negative,True,fraud_concern
COMM-202207-000205,ACC0025431,IND2104017002,app_message,inbound,2022-07-17T11:23:59+02:00,Balance check,Please confirm my available balance and whether any debit orders are still pending.,neutral,False,
COMM-202207-000206,ACC0022326,IND2101006861,app_message,outbound,2022-07-25T11:47:04+02:00,New statement available,"Your latest account statement is available. Please review the charges, interest and debit order activity.",neutral,False,
COMM-202207-000207,ACC0032856,IND2109013514,phone_call,inbound,12/07/2022 08:58,Home Loan rate increase question,I am worried my home loan instalment may change. Please confirm whether my repayment will be repriced and from which date. I saw the article 'Statement delays add noise to month-end finance controls' and wanted to check how it affects my account.,positive,False,
COMM-202207-000208,ACC0007327,IND1905008297,phone_call,inbound,29/07/2022 17:23,Branch appointment request,I would like to book time at the branch to sort out my account and get printed documents for my records.,neutral,False,
COMM-202207-000209,ACC0027895,IND2105015561,sms,outbound,2022-07-06T17:43:07+02:00,Branch holiday hours,Please note adjusted branch hours this month. Digital channels remain available for balance checks and transfers.,neutral,False,
COMM-202207-000210,ACC0009768,IND1906015618,app_message,inbound,2022-07-28T16:17:31+02:00,App login problem,The app is not behaving properly and I cannot complete what should be a simple transaction. Please check whether there is an issue on my profile. This also seems connected to Record Stage 6 load shedding across major metros.,positive,False,
COMM-202207-000211,ACC0020735,IND2010002862,phone_call,inbound,27/07/2022 10:32,Home Loan rate increase question,I am worried my home loan instalment may change. Please confirm whether my repayment will be repriced and from which date. I saw the article 'Conduct teams press for clearer evidence on fees and failed payments' and wanted to check how it affects my account.,neutral,False,
COMM-202207-000212,ACC0025861,IND2104013961,phone_call,inbound,04/07/2022 12:16,Unauthorised bank charge enquiry,"Hi there, Please explain the latest bank charge on my statement. I cannot see why this fee was taken and I want it reversed if it was incorrect.",neutral,False,
COMM-202207-000213,ACC0028448,IND2105010718,phone_call,inbound,08/07/2022 14:38,Card blocked at ATM,My card was blocked at the ATM and I need access restored or a replacement card arranged. I have an urgent payment to make.,neutral,False,
COMM-202207-000214,ACC0012975,IND1909004755,app_message,inbound,2022-07-25T07:30:04+02:00,App login problem,The app is not behaving properly and I cannot complete what should be a simple transaction. Please check whether there is an issue on my profile. This also seems connected to Record Stage 6 load shedding across major metros.,positive,False,
COMM-202207-000215,ACC0028558,IND2106008980,branch_visit,inbound,06/07/2022 12:20,Branch appointment request,I would like to book time at the branch to sort out my account and get printed documents for my records.,neutral,False,
COMM-202207-000216,ACC0001358,IND1901015137,app_message,inbound,2022-07-10T07:58:04+02:00,Transfer not reflecting,I made a transfer and it is still not reflecting. Please check whether the payment is delayed in your system.,positive,False,
COMM-202207-000217,ACC0035994,IND2112011951,phone_call,inbound,21/07/2022 17:23,Why did my debit order fail?,"My debit order did not go through and I need to know whether it was insufficient funds, a retry problem or a bank processing issue. The account should not be charged twice.",negative,True,service_delay
COMM-202207-000218,ACC0034115,IND2110010035,sms,outbound,2022-07-30T12:53:03+02:00,New statement available,"Your latest account statement is available. Please review the charges, interest and debit order activity.",negative,False,
COMM-202207-000219,ACC0024910,IND2103006724,phone_call,inbound,07/07/2022 09:36,Why did my debit order fail?,"My debit order did not go through and I need to know whether it was insufficient funds, a retry problem or a bank processing issue. The account should not be charged twice.",negative,True,failed_transaction
COMM-202207-000220,ACC0012885,COM1908000269,email,inbound,2022-07-18 14:37:03,Why did my debit order fail?,"My debit order did not go through and I need to know whether it was insufficient funds, a retry problem or a bank processing issue. The account should not be charged twice.",negative,True,failed_transaction
COMM-202207-000221,ACC0028491,IND2105007941,phone_call,inbound,04/07/2022 07:35,Why did my debit order fail?,"My debit order did not go through and I need to know whether it was insufficient funds, a retry problem or a bank processing issue. The account should not be charged twice.",positive,False,
COMM-202207-000222,ACC0028255,IND2105003953,phone_call,inbound,30/07/2022 09:09,Home Loan rate increase question,I am worried my home loan instalment may change. Please confirm whether my repayment will be repriced and from which date. I saw the article 'Banks watch debit-order strain as households adjust spending' and wanted to check how it affects my account.,negative,True,failed_transaction
COMM-202207-000223,ACC0021901,IND2101006934,phone_call,inbound,15/07/2022 18:15,Unauthorised bank charge enquiry,Please explain the latest bank charge on my statement. I cannot see why this fee was taken and I want it reversed if it was incorrect.,neutral,False,
COMM-202207-000224,ACC0033144,IND2109006184,phone_call,inbound,31/07/2022 11:18,Home Loan rate increase question,I am worried my home loan instalment may change. Please confirm whether my repayment will be repriced and from which date. I saw the article 'Conduct teams press for clearer evidence on fees and failed payments' and wanted to check how it affects my account. This also seems connected to Record Stage 6 load shedding across major metros.,neutral,False,
COMM-202207-000225,ACC0031709,IND2108008561,app_message,inbound,2022-07-01T10:11:57+02:00,Balance check,Please confirm my available balance and whether any debit orders are still pending.,neutral,False,
COMM-202207-000226,ACC0013321,IND1909001123,sms,inbound,2022-07-07T14:23:37+02:00,Suspicious transaction alert,There is activity on my account that I do not recognise. Please block the card if needed and tell me what evidence you require for the dispute.,negative,True,fraud_concern
COMM-202207-000227,ACC0040802,IND2202004968,branch_visit,inbound,11/07/2022 15:15,Cash deposit issue,I made a cash deposit but the amount is not showing correctly. Please investigate the branch or ATM record.,neutral,False,
COMM-202207-000228,ACC0020886,IND2010001867,sms,outbound,2022-07-05T14:42:27+02:00,Your loan repayment failed due to insufficient funds,Your scheduled loan repayment was not successful. Please fund your account or contact us to discuss payment options.,negative,True,statement_error
COMM-202207-000229,ACC0041788,IND2203002018,email,inbound,2022-07-03 15:39:31,Why did my debit order fail?,"My debit order did not go through and I need to know whether it was insufficient funds, a retry problem or a bank processing issue. The account should not be charged twice.",negative,True,service_delay
COMM-202207-000230,ACC0026899,IND2104006409,phone_call,inbound,20/07/2022 18:32,Branch appointment request,I would like to book time at the branch to sort out my account and get printed documents for my records.,negative,True,staff_behavior
COMM-202207-000231,ACC0032155,IND2109012843,phone_call,inbound,26/07/2022 09:32,Home Loan rate increase question,I am worried my home loan instalment may change. Please confirm whether my repayment will be repriced and from which date. I saw the article 'Banking analytics agenda: five signals to watch this month' and wanted to check how it affects my account.,neutral,False,
COMM-202207-000232,ACC0006642,IND1904010043,phone_call,inbound,09/07/2022 12:46,Why did my debit order fail?,"My debit order did not go through and I need to know whether it was insufficient funds, a retry problem or a bank processing issue. The account should not be charged twice.",negative,True,statement_error
COMM-202207-000233,ACC0016481,IND1911021313,app_message,outbound,2022-07-18T13:23:22+02:00,New statement available,"Your latest account statement is available. Please review the charges, interest and debit order activity.",neutral,False,
COMM-202207-000234,ACC0040274,IND2202013747,app_message,inbound,2022-07-27T11:26:28+02:00,Why did my debit order fail?,"My debit order did not go through and I need to know whether it was insufficient funds, a retry problem or a bank processing issue. The account should not be charged twice.",negative,True,digital_issue
COMM-202207-000235,ACC0041313,IND2202000327,email,inbound,2022-07-19 22:30:29,Statement copy request,Please send me a copy of my latest statement and confirm the closing balance used for the month-end calculation.,neutral,False,
COMM-202207-000236,ACC0005195,IND1903008590,email,inbound,2022-07-24 09:32:55,Why did my debit order fail?,"My debit order did not go through and I need to know whether it was insufficient funds, a retry problem or a bank processing issue. The account should not be charged twice. This also seems connected to Record Stage 6 load shedding across major metros.",negative,True,service_delay
COMM-202207-000237,ACC0011709,IND1908002966,branch_visit,inbound,17/07/2022 10:05,Card blocked at ATM,My card was blocked at the ATM and I need access restored or a replacement card arranged. I have an urgent payment to make.,positive,False,
COMM-202207-000238,ACC0031492,IND2108000484,branch_visit,inbound,24/07/2022 13:45,Cash deposit issue,I made a cash deposit but the amount is not showing correctly. Please investigate the branch or ATM record.,negative,True,service_delay
COMM-202207-000239,ACC0003719,IND1903005540,email,inbound,2022-07-28 12:18:32,Home Loan rate increase question,I am worried my home loan instalment may change. Please confirm whether my repayment will be repriced and from which date. I saw the article 'Operational resilience returns to the agenda after payment interruptions' and wanted to check how it affects my account. This also seems connected to Record Stage 6 load shedding across major metros.,negative,True,fee_dispute
COMM-202207-000240,ACC0033688,IND2110006086,app_message,inbound,2022-07-27T12:07:09+02:00,Transfer not reflecting,I made a transfer and it is still not reflecting. Please check whether the payment is delayed in your system.,positive,False,
COMM-202207-000241,ACC0014685,IND1910002525,branch_visit,inbound,05/07/2022 08:05,Why did my debit order fail?,"My debit order did not go through and I need to know whether it was insufficient funds, a retry problem or a bank processing issue. The account should not be charged twice.",negative,True,statement_error
COMM-202207-000242,ACC0008330,COM1905000126,email,outbound,2022-07-18 21:47:48,New statement available,"Your latest account statement is available. Please review the charges, interest and debit order activity.",positive,False,
COMM-202207-000243,ACC0017796,IND1904000091,email,inbound,2022-07-08 16:59:10,App login problem,The app is not behaving properly and I cannot complete what should be a simple transaction. Please check whether there is an issue on my profile.,neutral,False,
COMM-202207-000244,ACC0034136,IND2110000335,sms,inbound,2022-07-30T08:47:33+02:00,Suspicious transaction alert,There is activity on my account that I do not recognise. Please block the card if needed and tell me what evidence you require for the dispute.,neutral,False,
COMM-202207-000245,ACC0007691,IND1905012805,app_message,inbound,2022-07-24T07:30:19+02:00,Balance check,Please confirm my available balance and whether any debit orders are still pending.,negative,True,service_delay
COMM-202207-000246,ACC0031902,IND2108005337,app_message,inbound,2022-07-10T16:30:01+02:00,App login problem,The app is not behaving properly and I cannot complete what should be a simple transaction. Please check whether there is an issue on my profile.,neutral,False,
COMM-202207-000247,ACC0012851,IND1908015798,phone_call,inbound,28/07/2022 15:05,Home Loan rate increase question,I am worried my home loan instalment may change. Please confirm whether my repayment will be repriced and from which date. I saw the article 'Conduct teams press for clearer evidence on fees and failed payments' and wanted to check how it affects my account. This also seems connected to Record Stage 6 load shedding across major metros.,negative,True,fee_dispute
COMM-202207-000248,ACC0023398,IND2102003471,phone_call,inbound,30/07/2022 08:51,Why did my debit order fail?,"My debit order did not go through and I need to know whether it was insufficient funds, a retry problem or a bank processing issue. The account should not be charged twice.",negative,True,other
COMM-202207-000249,ACC0028499,IND2105007904,app_message,inbound,2022-07-30T15:51:34+02:00,Transfer not reflecting,I made a transfer and it is still not reflecting. Please check whether the payment is delayed in your system.,negative,True,digital_issue
COMM-202207-000250,ACC0022741,IND2102004849,phone_call,inbound,31/07/2022 14:19,Unauthorised bank charge enquiry,Please explain the latest bank charge on my statement. I cannot see why this fee was taken and I want it reversed if it was incorrect.,negative,True,fee_dispute
COMM-202207-000251,ACC0035053,IND2111008863,email,inbound,2022-07-12 20:23:18,Unauthorised bank charge enquiry,Please explain the latest bank charge on my statement. I cannot see why this fee was taken and I want it reversed if it was incorrect.,neutral,False,
COMM-202207-000252,ACC0039101,IND2202004026,sms,outbound,2022-07-15T15:31:38+02:00,New statement available,"Your latest account statement is available. Please review the charges, interest and debit order activity.",neutral,False,
COMM-202207-000253,ACC0032663,IND2109004335,phone_call,inbound,12/07/2022 12:38,Unauthorised bank charge enquiry,Please explain the latest bank charge on my statement. I cannot see why this fee was taken and I want it reversed if it was incorrect.,negative,False,
COMM-202207-000254,ACC0004169,IND1903003504,phone_call,inbound,11/07/2022 10:46,Unauthorised bank charge enquiry,Please explain the latest bank charge on my statement. I cannot see why this fee was taken and I want it reversed if it was incorrect.,negative,True,incorrect_charge
COMM-202207-000255,ACC0034081,IND2110002592,sms,outbound,2022-07-13T17:33:39+02:00,Suspicious transaction alert,We detected activity that may require confirmation. Please reply or contact the bank if this transaction was not yours.,positive,False,
COMM-202207-000256,ACC0020312,IND2007001581,sms,outbound,2022-07-16T13:48:15+02:00,Suspicious transaction alert,We detected activity that may require confirmation. Please reply or contact the bank if this transaction was not yours.,negative,True,fraud_concern
COMM-202207-000257,ACC0032510,IND2109003272,app_message,inbound,2022-07-28T08:51:57+02:00,Home Loan rate increase question,I am worried my home loan instalment may change. Please confirm whether my repayment will be repriced and from which date. I saw the article 'Banks watch debit-order strain as households adjust spending' and wanted to check how it affects my account. This also seems connected to Record Stage 6 load shedding across major metros.,negative,False,
COMM-202207-000258,ACC0032253,IND2109005042,app_message,inbound,2022-07-18T06:19:04+02:00,Why did my debit order fail?,"My debit order did not go through and I need to know whether it was insufficient funds, a retry problem or a bank processing issue. The account should not be charged twice.",negative,True,digital_issue
COMM-202207-000259,ACC0016226,IND1911014635,app_message,outbound,2022-07-17T18:43:46+02:00,New statement available,"Your latest account statement is available. Please review the charges, interest and debit order activity.",positive,False,
COMM-202207-000260,ACC0028289,IND2105007417,email,inbound,2022-07-10 21:19:57,Unauthorised bank charge enquiry,Please explain the latest bank charge on my statement. I cannot see why this fee was taken and I want it reversed if it was incorrect.,neutral,False,
COMM-202207-000261,ACC0022281,IND2101001471,app_message,inbound,2022-07-18T16:08:52+02:00,Home Loan rate increase question,I am worried my home loan instalment may change. Please confirm whether my repayment will be repriced and from which date. I saw the article 'Statement delays add noise to month-end finance controls' and wanted to check how it affects my account.,negative,True,failed_transaction
COMM-202207-000262,ACC0031552,IND2108005965,branch_visit,inbound,30/07/2022 12:45,Home Loan rate increase question,I am worried my home loan instalment may change. Please confirm whether my repayment will be repriced and from which date. I saw the article 'Digital channels reshape banking workloads as customer growth continues' and wanted to check how it affects my account.,negative,True,service_delay
COMM-202207-000263,ACC0039578,IND2202010595,app_message,inbound,2022-07-31T22:12:16+02:00,Unauthorised bank charge enquiry,Please explain the latest bank charge on my statement. I cannot see why this fee was taken and I want it reversed if it was incorrect. This also seems connected to Record Stage 6 load shedding across major metros.,negative,True,incorrect_charge
COMM-202207-000264,ACC0016227,IND1911004473,sms,outbound,2022-07-19T01:05:20+02:00,New statement available,"Your latest account statement is available. Please review the charges, interest and debit order activity.",neutral,False,
COMM-202207-000265,ACC0045141,IND2205004239,sms,outbound,2022-07-26T14:07:47+02:00,Your loan repayment failed due to insufficient funds,Your scheduled loan repayment was not successful. Please fund your account or contact us to discuss payment options.,neutral,False,
COMM-202207-000266,ACC0027894,IND2105015561,app_message,inbound,2022-07-12T13:04:56+02:00,Balance check,Please confirm my available balance and whether any debit orders are still pending.,negative,True,service_delay
COMM-202207-000267,ACC0034661,IND2111002293,sms,outbound,2022-07-17T21:13:37+02:00,New statement available,"Your latest account statement is available. Please review the charges, interest and debit order activity.",neutral,False,
COMM-202207-000268,ACC0026546,IND2104004095,app_message,inbound,2022-07-10T15:35:37+02:00,Why did my debit order fail?,"My debit order did not go through and I need to know whether it was insufficient funds, a retry problem or a bank processing issue. The account should not be charged twice.",negative,True,failed_transaction
COMM-202207-000269,ACC0025300,IND2104009969,email,inbound,2022-07-29 18:22:58,Why did my debit order fail?,"My debit order did not go through and I need to know whether it was insufficient funds, a retry problem or a bank processing issue. The account should not be charged twice. This also seems connected to Record Stage 6 load shedding across major metros.",negative,True,service_delay
COMM-202207-000270,ACC0036550,IND2112002291,email,outbound,2022-07-21 19:29:57,New statement available,"Your latest account statement is available. Please review the charges, interest and debit order activity.",neutral,False,
COMM-202207-000271,ACC0020324,IND2007002977,branch_visit,inbound,28/07/2022 10:00,Complaint about service,The service delay is frustrating. I have followed up more than once and still do not have a proper answer.,neutral,False,
COMM-202207-000272,ACC0004212,IND1903009618,phone_call,inbound,08/07/2022 10:39,Branch appointment request,I would like to book time at the branch to sort out my account and get printed documents for my records.,negative,True,other
COMM-202207-000273,ACC0041754,IND2203012181,app_message,outbound,2022-07-25T09:44:10+02:00,New statement available,"Your latest account statement is available. Please review the charges, interest and debit order activity.",positive,False,
COMM-202207-000274,ACC0020879,IND2010000236,sms,outbound,2022-07-15T17:56:55+02:00,New statement available,"Your latest account statement is available. Please review the charges, interest and debit order activity.",neutral,False,
COMM-202207-000275,ACC0044077,IND2204004990,app_message,inbound,2022-07-14T11:18:16+02:00,Transfer not reflecting,I made a transfer and it is still not reflecting. Please check whether the payment is delayed in your system.,positive,False,
COMM-202207-000276,ACC0041878,IND2203014472,sms,outbound,2022-07-19T08:27:11+02:00,Branch holiday hours,Please note adjusted branch hours this month. Digital channels remain available for balance checks and transfers.,neutral,False,
COMM-202207-000277,ACC0043341,IND2204013055,sms,outbound,2022-07-05T10:01:07+02:00,Your loan repayment failed due to insufficient funds,Your scheduled loan repayment was not successful. Please fund your account or contact us to discuss payment options.,negative,False,
COMM-202207-000278,ACC0030032,COM2106000187,email,inbound,2022-07-10 15:05:42,Account enquiry,Please assist with my banking enquiry.,neutral,False,
COMM-202207-000279,ACC0008767,IND1906008285,app_message,inbound,2022-07-17T17:25:06+02:00,App login problem,The app is not behaving properly and I cannot complete what should be a simple transaction. Please check whether there is an issue on my profile.,neutral,False,
COMM-202207-000280,ACC0007899,IND1905011117,phone_call,inbound,25/07/2022 10:55,Why did my debit order fail?,"My debit order did not go through and I need to know whether it was insufficient funds, a retry problem or a bank processing issue. The account should not be charged twice.",negative,True,other
COMM-202207-000281,ACC0016704,IND1911017422,app_message,outbound,2022-07-22T07:01:39+02:00,New statement available,"Your latest account statement is available. Please review the charges, interest and debit order activity.",neutral,False,
COMM-202207-000282,ACC0030059,IND2107013544,sms,outbound,2022-07-26T09:53:37+02:00,Suspicious transaction alert,We detected activity that may require confirmation. Please reply or contact the bank if this transaction was not yours.,neutral,False,
COMM-202207-000283,ACC0035829,COM2111000521,phone_call,inbound,23/07/2022 17:21,Home Loan rate increase question,I am worried my home loan instalment may change. Please confirm whether my repayment will be repriced and from which date. I saw the article 'Operational resilience returns to the agenda after payment interruptions' and wanted to check how it affects my account.,neutral,False,
COMM-202207-000284,ACC0010990,IND1907014332,phone_call,inbound,17/07/2022 08:41,Home Loan rate increase question,I am worried my home loan instalment may change. Please confirm whether my repayment will be repriced and from which date. I saw the article 'Conduct teams press for clearer evidence on fees and failed payments' and wanted to check how it affects my account.,negative,True,failed_transaction
COMM-202207-000285,ACC0015472,IND1911019475,phone_call,inbound,27/07/2022 11:53,Unauthorised bank charge enquiry,Please explain the latest bank charge on my statement. I cannot see why this fee was taken and I want it reversed if it was incorrect.,neutral,False,
COMM-202207-000286,ACC0022905,IND2102014319,app_message,inbound,2022-07-26T19:20:40+02:00,App login problem,The app is not behaving properly and I cannot complete what should be a simple transaction. Please check whether there is an issue on my profile. This also seems connected to Record Stage 6 load shedding across major metros.,negative,False,
COMM-202207-000287,ACC0043631,IND2204007905,app_message,inbound,2022-07-18T17:12:23+02:00,Unauthorised bank charge enquiry,Please explain the latest bank charge on my statement. I cannot see why this fee was taken and I want it reversed if it was incorrect.,neutral,False,
COMM-202207-000288,ACC0030179,IND2107010066,sms,inbound,2022-07-30T10:37:13+02:00,Why did my debit order fail?,"My debit order did not go through and I need to know whether it was insufficient funds, a retry problem or a bank processing issue. The account should not be charged twice.",negative,True,staff_behavior
COMM-202207-000289,ACC0032457,IND2109009473,branch_visit,inbound,10/07/2022 10:30,Statement copy request,Please send me a copy of my latest statement and confirm the closing balance used for the month-end calculation.,negative,True,digital_issue
COMM-202207-000290,ACC0007738,IND1905008930,sms,outbound,2022-07-30T17:31:25+02:00,Your loan repayment failed due to insufficient funds,Your scheduled loan repayment was not successful. Please fund your account or contact us to discuss payment options.,neutral,False,
COMM-202207-000291,ACC0001369,IND1901008338,app_message,outbound,2022-07-28T12:23:00+02:00,New statement available,"Your latest account statement is available. Please review the charges, interest and debit order activity.",neutral,False,
COMM-202207-000292,ACC0009835,IND1906003483,sms,outbound,2022-07-28T09:21:42+02:00,New statement available,"Your latest account statement is available. Please review the charges, interest and debit order activity.",negative,True,service_delay
COMM-202207-000293,ACC0027808,IND2105012067,sms,inbound,2022-07-31T22:41:13+02:00,Home Loan rate increase question,I am worried my home loan instalment may change. Please confirm whether my repayment will be repriced and from which date. I saw the article 'Operational resilience returns to the agenda after payment interruptions' and wanted to check how it affects my account.,negative,True,service_delay
COMM-202207-000294,ACC0001837,IND1902017578,email,inbound,2022-07-20 18:03:24,Home Loan rate increase question,I am worried my home loan instalment may change. Please confirm whether my repayment will be repriced and from which date. I saw the article 'Digital channels reshape banking workloads as customer growth continues' and wanted to check how it affects my account.,neutral,False,
COMM-202207-000295,ACC0041995,IND2203009574,phone_call,inbound,23/07/2022 15:53,Home Loan rate increase question,I am worried my home loan instalment may change. Please confirm whether my repayment will be repriced and from which date. I saw the article 'Banks watch debit-order strain as households adjust spending' and wanted to check how it affects my account.,negative,True,fee_dispute
COMM-202207-000296,ACC0037159,IND2201014612,app_message,inbound,2022-07-21T13:16:45+02:00,Home Loan rate increase question,I am worried my home loan instalment may change. Please confirm whether my repayment will be repriced and from which date. I saw the article 'Retail banks sharpen arrears analytics as payment stress persists' and wanted to check how it affects my account.,negative,True,failed_transaction
COMM-202207-000297,ACC0034113,IND2110012231,sms,outbound,2022-07-20T13:12:36+02:00,Branch holiday hours,Please note adjusted branch hours this month. Digital channels remain available for balance checks and transfers.,neutral,False,
COMM-202207-000298,ACC0024114,IND2103005306,app_message,inbound,2022-07-29T15:27:52+02:00,Digital wallet setup help,I need help setting up the digital wallet and linking it to the right account. The app keeps asking me to try again later.,negative,True,failed_transaction
COMM-202207-000299,ACC0046120,IND2206005753,app_message,outbound,2022-07-31T11:19:31+02:00,New statement available,"Your latest account statement is available. Please review the charges, interest and debit order activity.",neutral,False,
COMM-202207-000300,ACC0000656,IND1901013092,sms,outbound,2022-07-23T15:55:37+02:00,New statement available,"Your latest account statement is available. Please review the charges, interest and debit order activity.",negative,False,
COMM-202207-000301,ACC0030633,IND2107006441,app_message,inbound,2022-07-30T22:01:04+02:00,Digital wallet setup help,I need help setting up the digital wallet and linking it to the right account. The app keeps asking me to try again later.,negative,True,failed_transaction
COMM-202207-000302,ACC0033450,IND2110000201,branch_visit,inbound,29/07/2022 15:00,Home Loan rate increase question,I am worried my home loan instalment may change. Please confirm whether my repayment will be repriced and from which date. I saw the article 'Banking analytics agenda: five signals to watch this month' and wanted to check how it affects my account.,neutral,False,
COMM-202207-000303,ACC0026317,IND2104012728,sms,inbound,2022-07-23T15:12:22+02:00,Suspicious transaction alert,There is activity on my account that I do not recognise. Please block the card if needed and tell me what evidence you require for the dispute.,neutral,False,
COMM-202207-000304,ACC0026564,IND2104006118,sms,outbound,2022-07-27T11:07:47+02:00,New statement available,"Your latest account statement is available. Please review the charges, interest and debit order activity.",negative,True,failed_transaction
COMM-202207-000305,ACC0039622,IND2202000322,sms,outbound,2022-07-25T00:00:45+02:00,New statement available,"Your latest account statement is available. Please review the charges, interest and debit order activity.",negative,True,service_delay
COMM-202207-000306,ACC0033081,IND2109005669,branch_visit,inbound,01/07/2022 14:45,Cash deposit issue,I made a cash deposit but the amount is not showing correctly. Please investigate the branch or ATM record.,neutral,False,
COMM-202207-000307,ACC0045295,IND2205015405,sms,outbound,2022-07-07T12:45:12+02:00,Suspicious transaction alert,We detected activity that may require confirmation. Please reply or contact the bank if this transaction was not yours.,neutral,False,
COMM-202207-000308,ACC0001296,IND1901006088,email,inbound,2022-07-07 16:30:07,Account enquiry,Please assist with my banking enquiry.,negative,True,staff_behavior
COMM-202207-000309,ACC0002484,IND1902004147,email,inbound,2022-07-20 15:59:24,Account enquiry,Please assist with my banking enquiry.,negative,True,other
COMM-202207-000310,ACC0038185,IND2201009248,app_message,inbound,2022-07-30T18:10:16+02:00,Why did my debit order fail?,"My debit order did not go through and I need to know whether it was insufficient funds, a retry problem or a bank processing issue. The account should not be charged twice.",negative,True,service_delay
COMM-202207-000311,ACC0008714,IND1906014922,phone_call,inbound,30/07/2022 18:58,Why did my debit order fail?,"Eish, My debit order did not go through and I need to know whether it was insufficient funds, a retry problem or a bank processing issue. The account should not be charged twice. This also seems connected to Record Stage 6 load shedding across major metros.",negative,True,statement_error
COMM-202207-000312,ACC0032148,IND2109009854,phone_call,inbound,12/07/2022 14:01,Branch appointment request,I would like to book time at the branch to sort out my account and get printed documents for my records.,neutral,False,
COMM-202207-000313,ACC0025664,IND2104002285,sms,outbound,2022-07-30T17:17:39+02:00,Suspicious transaction alert,We detected activity that may require confirmation. Please reply or contact the bank if this transaction was not yours.,negative,True,fraud_concern
COMM-202207-000314,ACC0041395,COM2202000401,branch_visit,inbound,24/07/2022 10:30,Card blocked at ATM,My card was blocked at the ATM and I need access restored or a replacement card arranged. I have an urgent payment to make.,neutral,False,
COMM-202207-000315,ACC0039684,IND2202015425,app_message,inbound,2022-07-12T17:05:59+02:00,App login problem,The app is not behaving properly and I cannot complete what should be a simple transaction. Please check whether there is an issue on my profile.,negative,True,service_delay
COMM-202207-000316,ACC0044509,IND2205009688,phone_call,inbound,20/07/2022 13:01,Branch appointment request,I would like to book time at the branch to sort out my account and get printed documents for my records.,positive,False,
COMM-202207-000317,ACC0013501,IND1909000162,email,inbound,2022-07-23 13:00:51,Unauthorised bank charge enquiry,Please explain the latest bank charge on my statement. I cannot see why this fee was taken and I want it reversed if it was incorrect.,negative,False,
COMM-202207-000318,ACC0012648,IND1908017587,sms,inbound,2022-07-01T20:56:38+02:00,Why did my debit order fail?,"My debit order did not go through and I need to know whether it was insufficient funds, a retry problem or a bank processing issue. The account should not be charged twice.",neutral,False,
COMM-202207-000319,ACC0010617,IND1907010181,phone_call,inbound,14/07/2022 09:34,Why did my debit order fail?,"My debit order did not go through and I need to know whether it was insufficient funds, a retry problem or a bank processing issue. The account should not be charged twice.",negative,True,incorrect_charge
COMM-202207-000320,ACC0025738,IND2104004766,email,inbound,2022-07-04 19:10:02,Why did my debit order fail?,"My debit order did not go through and I need to know whether it was insufficient funds, a retry problem or a bank processing issue. The account should not be charged twice.",negative,True,staff_behavior
COMM-202207-000321,ACC0028276,IND2105000915,phone_call,inbound,05/07/2022 10:45,Card blocked at ATM,My card was blocked at the ATM and I need access restored or a replacement card arranged. I have an urgent payment to make.,negative,True,service_delay
COMM-202207-000322,ACC0033080,IND2109000394,email,inbound,2022-07-26 16:24:48,Home Loan rate increase question,I am worried my home loan instalment may change. Please confirm whether my repayment will be repriced and from which date. I saw the article 'Digital channels reshape banking workloads as customer growth continues' and wanted to check how it affects my account.,negative,True,fee_dispute
COMM-202207-000323,ACC0005236,IND1903010753,app_message,inbound,2022-07-04T14:49:43+02:00,Balance check,Please confirm my available balance and whether any debit orders are still pending.,neutral,False,
COMM-202207-000324,ACC0035569,IND2111013657,sms,outbound,2022-07-21T20:09:46+02:00,New statement available,"Your latest account statement is available. Please review the charges, interest and debit order activity.",neutral,False,
COMM-202207-000325,ACC0026732,IND2104016459,branch_visit,inbound,30/07/2022 15:50,Cash deposit issue,I made a cash deposit but the amount is not showing correctly. Please investigate the branch or ATM record.,neutral,False,
COMM-202207-000326,ACC0037934,IND2201021060,branch_visit,inbound,13/07/2022 08:20,Why did my debit order fail?,"My debit order did not go through and I need to know whether it was insufficient funds, a retry problem or a bank processing issue. The account should not be charged twice.",negative,True,digital_issue
COMM-202207-000327,ACC0024128,IND2103008986,app_message,inbound,2022-07-26T09:57:49+02:00,Unauthorised bank charge enquiry,Please explain the latest bank charge on my statement. I cannot see why this fee was taken and I want it reversed if it was incorrect.,neutral,False,
COMM-202207-000328,ACC0008773,IND1906008498,sms,outbound,2022-07-07T17:24:37+02:00,Branch holiday hours,Please note adjusted branch hours this month. Digital channels remain available for balance checks and transfers.,positive,False,
COMM-202207-000329,ACC0005693,IND1904008245,email,inbound,2022-07-17 16:17:02,App login problem,The app is not behaving properly and I cannot complete what should be a simple transaction. Please check whether there is an issue on my profile.,positive,False,
COMM-202207-000330,ACC0040257,IND2202015430,branch_visit,inbound,07/07/2022 12:00,Cash deposit issue,I made a cash deposit but the amount is not showing correctly. Please investigate the branch or ATM record.,neutral,False,
COMM-202207-000331,ACC0001894,IND1902004378,sms,outbound,2022-07-10T12:48:18+02:00,Branch holiday hours,Please note adjusted branch hours this month. Digital channels remain available for balance checks and transfers.,negative,False,
COMM-202207-000332,ACC0037796,IND2201003528,email,inbound,2022-07-24 17:20:20,App login problem,The app is not behaving properly and I cannot complete what should be a simple transaction. Please check whether there is an issue on my profile.,neutral,False,
COMM-202207-000333,ACC0012571,IND1908001949,app_message,inbound,2022-07-20T08:09:21+02:00,Digital wallet setup help,I need help setting up the digital wallet and linking it to the right account. The app keeps asking me to try again later.,negative,True,digital_issue
COMM-202207-000334,ACC0040864,IND2202019915,sms,outbound,2022-07-12T19:11:36+02:00,Your loan repayment failed due to insufficient funds,Your scheduled loan repayment was not successful. Please fund your account or contact us to discuss payment options.,negative,True,failed_transaction
COMM-202207-000335,ACC0013944,IND1909015221,app_message,inbound,2022-07-01T11:15:06+02:00,App login problem,The app is not behaving properly and I cannot complete what should be a simple transaction. Please check whether there is an issue on my profile.,neutral,False,
COMM-202207-000336,ACC0034530,IND2111003136,app_message,inbound,2022-07-05T20:55:06+02:00,App login problem,The app is not behaving properly and I cannot complete what should be a simple transaction. Please check whether there is an issue on my profile.,negative,True,digital_issue
COMM-202207-000337,ACC0045790,IND2205014359,sms,outbound,2022-07-15T16:00:41+02:00,New statement available,"Your latest account statement is available. Please review the charges, interest and debit order activity.",neutral,False,
COMM-202207-000338,ACC0005928,IND1904009847,app_message,inbound,2022-07-10T13:56:14+02:00,App login problem,The app is not behaving properly and I cannot complete what should be a simple transaction. Please check whether there is an issue on my profile.,neutral,False,
COMM-202207-000339,ACC0020960,IND2011001045,branch_visit,inbound,26/07/2022 14:45,Home Loan rate increase question,I am worried my home loan instalment may change. Please confirm whether my repayment will be repriced and from which date. I saw the article 'Conduct teams press for clearer evidence on fees and failed payments' and wanted to check how it affects my account.,positive,False,
COMM-202207-000340,ACC0017668,IND1906006436,phone_call,inbound,14/07/2022 09:32,Card blocked at ATM,My card was blocked at the ATM and I need access restored or a replacement card arranged. I have an urgent payment to make.,neutral,False,
COMM-202207-000341,ACC0003417,IND1903015398,branch_visit,inbound,06/07/2022 09:50,Card blocked at ATM,My card was blocked at the ATM and I need access restored or a replacement card arranged. I have an urgent payment to make.,neutral,False,
COMM-202207-000342,ACC0007297,IND1905011570,sms,outbound,2022-07-21T16:16:19+02:00,Branch holiday hours,Please note adjusted branch hours this month. Digital channels remain available for balance checks and transfers.,neutral,False,
COMM-202207-000343,ACC0035001,IND2111020066,app_message,inbound,2022-07-05T05:58:44+02:00,Balance check,Please confirm my available balance and whether any debit orders are still pending.,negative,True,digital_issue
COMM-202207-000344,ACC0021072,IND2011001749,app_message,inbound,2022-07-18T10:48:36+02:00,Transfer not reflecting,I made a transfer and it is still not reflecting. Please check whether the payment is delayed in your system.,negative,True,failed_transaction
COMM-202207-000345,ACC0010990,IND1907014332,app_message,inbound,2022-07-14T09:46:27+02:00,Why did my debit order fail?,"My debit order did not go through and I need to know whether it was insufficient funds, a retry problem or a bank processing issue. The account should not be charged twice.",negative,True,service_delay
COMM-202207-000346,ACC0022529,IND2101010854,phone_call,inbound,09/07/2022 13:13,Why did my debit order fail?,"Eish, My debit order did not go through and I need to know whether it was insufficient funds, a retry problem or a bank processing issue. The account should not be charged twice.",negative,True,digital_issue
COMM-202207-000347,ACC0024746,IND2103002784,phone_call,inbound,28/07/2022 12:33,Home Loan rate increase question,I am worried my home loan instalment may change. Please confirm whether my repayment will be repriced and from which date. I saw the article 'Banking analytics agenda: five signals to watch this month' and wanted to check how it affects my account.,negative,True,fee_dispute
COMM-202207-000348,ACC0026406,IND2104016840,phone_call,inbound,28/07/2022 13:32,Why did my debit order fail?,"My debit order did not go through and I need to know whether it was insufficient funds, a retry problem or a bank processing issue. The account should not be charged twice.",positive,False,
COMM-202207-000349,ACC0012442,IND1908012118,app_message,inbound,2022-07-03T14:09:39+02:00,Why did my debit order fail?,"My debit order did not go through and I need to know whether it was insufficient funds, a retry problem or a bank processing issue. The account should not be charged twice.",negative,True,failed_transaction
COMM-202207-000350,ACC0007484,IND1905008913,email,outbound,2022-07-18 12:55:36,New statement available,"Your latest account statement is available. Please review the charges, interest and debit order activity.",neutral,False,
COMM-202207-000351,ACC0032952,IND2109005823,branch_visit,inbound,18/07/2022 10:00,Home Loan rate increase question,I am worried my home loan instalment may change. Please confirm whether my repayment will be repriced and from which date. I saw the article 'Digital channels reshape banking workloads as customer growth continues' and wanted to check how it affects my account.,negative,True,service_delay
COMM-202207-000352,ACC0017605,IND19011936,app_message,inbound,2022-07-17T06:21:41+02:00,Transfer not reflecting,I made a transfer and it is still not reflecting. Please check whether the payment is delayed in your system.,negative,True,service_delay
COMM-202207-000353,ACC0010483,IND1907000691,phone_call,inbound,04/07/2022 13:36,Card blocked at ATM,My card was blocked at the ATM and I need access restored or a replacement card arranged. I have an urgent payment to make.,negative,True,statement_error
COMM-202207-000354,ACC0037648,IND2201010855,app_message,inbound,2022-07-20T16:58:08+02:00,Balance check,Please confirm my available balance and whether any debit orders are still pending.,neutral,False,
COMM-202207-000355,ACC0012665,IND1908002202,branch_visit,inbound,19/07/2022 08:10,Branch appointment request,I would like to book time at the branch to sort out my account and get printed documents for my records.,neutral,False,
COMM-202207-000356,ACC0037845,IND2201003831,app_message,inbound,2022-07-20T17:01:03+02:00,Balance check,Please confirm my available balance and whether any debit orders are still pending.,positive,False,
COMM-202207-000357,ACC0046525,IND2206007232,app_message,inbound,2022-07-27T08:17:46+02:00,Transfer not reflecting,I made a transfer and it is still not reflecting. Please check whether the payment is delayed in your system.,neutral,False,
COMM-202207-000358,ACC0019944,IND2006001025,phone_call,inbound,10/07/2022 08:22,Home Loan rate increase question,I am worried my home loan instalment may change. Please confirm whether my repayment will be repriced and from which date.,neutral,False,
COMM-202207-000359, ACC0022776 ,IND2102005052,branch_visit,inbound,24/07/2022 09:00,Complaint about service,The service delay is frustrating. I have followed up more than once and still do not have a proper answer.,negative,True,failed_transaction
COMM-202207-000360,ACC0008345,IND1906000257,phone_call,inbound,29/07/2022 16:27,Home Loan rate increase question,I am worried my home loan instalment may change. Please confirm whether my repayment will be repriced and from which date.,neutral,False,
