transaction_id,account_id,customer_id,loan_id,debit_order_id,installment_number,transaction_date,transaction_time,amount,debit_credit,status,failure_reason,description,immediate_payment,receiving_account,transaction_cost,ewallet_number,channel,loan_type,payment_type,is_recovery_attempt,source_system,has_data_error,data_error_types
TXNL202000000001,ACC0001282,IND19007129,LN2019010000002,,15,2020-04-14,04:48:41,1592.74,Debit,Failed,mandate_limit,Loan Payment - LN2019010000002,False,,2.5,,Online,Home Loan,standard_payment,False,loan_payment_generator,False,
TXNL202000000002,ACC0000071,IND19001466,LN2019010000009,LDO20200000001,15,2020-04-30,04:37:24,2024.12,Debit,Completed,,Loan Payment - LN2019010000009,False,,0.39,,Automated,Home Loan,standard_payment,False,loan_payment_generator,False,
TXNL202000000003,ACC0001490,IND19011784,LN2019010000010,LDO20200000001,15,2020-04-23,02:22:04,2454.22,Debit,Completed,,Loan Payment - LN2019010000010,False,,0.45,,Automated,Home Loan,standard_payment,False,loan_payment_generator,False,
TXNL202000000004,ACC0000278,IND19005139,LN2019010000015,LDO20200000001,15,2020-04-29,03:19:46,2472.86,Debit,Completed,,Loan Payment - LN2019010000015,False,,0.99,,Automated,Vehicle Loan,standard_payment,False,loan_payment_generator,False,
TXNL202000000005,ACC0000597,IND19000749,LN2019010000017,LDO20200000002,15,2020-04-22,03:33:28,1531.05,Debit,Completed,,Loan Payment - LN2019010000017 - Late Fee,False,,1.1,,Automated,Home Loan,late_payment,False,loan_payment_generator,False,
TXNL202000000006,ACC0000731,IND19012784,LN2019010000018,LDO20200000001,15,2020-04-30,02:55:28,4603.72,Debit,Completed,,Loan Payment - LN2019010000018,False,,0.75,,Automated,Home Loan,standard_payment,False,loan_payment_generator,False,
TXNL202000000007,ACC0000999,IND19000704,LN2019010000021,LDO20200000003,15,2020-04-30,03:18:29,1106.27,Debit,Completed,,Loan Payment - LN2019010000021,False,,0.64,,Automated,Home Loan,standard_payment,False,loan_payment_generator,False,
TXNL202000000008,ACC0000362,IND19010400,LN2019010000034,LDO20200000002,15,2020-04-20,03:41:54,1585.16,Debit,Completed,,Loan Payment - LN2019010000034,False,,1.44,,Automated,Home Loan,standard_payment,False,loan_payment_generator,False,
TXNL202000000009,ACC0000761,IND19003341,LN2019010000037,LDO20200000004,14,2020-04-10,02:37:20,1929.69,Debit,Completed,,Loan Payment - LN2019010000037,False,,0.75,,Automated,Home Loan,standard_payment,False,loan_payment_generator,False,
TXNL202000000010,ACC0000661,IND19013332,LN2019010000040,LDO20200000005,15,2020-04-25,04:53:17,3565.48,Debit,Completed,,Loan Payment - LN2019010000040,False,,1.57,,Automated,Personal Loan,standard_payment,False,loan_payment_generator,False,
TXNL202000000011,ACC0000361,IND19010400,LN2019010000048,LDO20200000006,15,2020-04-30,04:44:39,990.52,Debit,Completed,,Loan Payment - LN2019010000048,False,,0.06,,Automated,Personal Loan,standard_payment,False,loan_payment_generator,False,
TXNL202000000012,ACC0000305,IND19009608,LN2019010000064,LDO20200000001,15,2020-04-15,02:15:47,1767.69,Debit,Completed,,Loan Payment - LN2019010000064 - Partial,False,,0.76,,Automated,Personal Loan,partial_payment,False,loan_payment_generator,False,
TXNL202000000013,ACC0000093,IND19006568,LN2019010000071,LDO20200000003,15,2020-04-13,04:43:32,1850.78,Debit,Completed,,Loan Payment - LN2019010000071,False,,0.28,,Automated,Home Loan,standard_payment,False,loan_payment_generator,False,
TXNL202000000014,ACC0000412,IND19013952,LN2019010000075,LDO20200000007,15,2020-04-30,03:52:51,3629.72,Debit,Completed,,Loan Payment - LN2019010000075,False,,0.9,,Automated,Vehicle Loan,standard_payment,False,loan_payment_generator,False,
TXNL202000000015,ACC0000227,IND19010979,LN2019010000078,LDO20200000008,15,2020-04-13,04:13:48,686.25,Debit,Completed,,Loan Payment - LN2019010000078,False,,1.46,,Automated,Vehicle Loan,standard_payment,False,loan_payment_generator,False,
TXNL202000000016,ACC0000895,IND19014589,LN2019010000089,LDO20200000002,15,2020-04-30,03:18:30,1496.91,Debit,Completed,,Loan Payment - LN2019010000089,False,,0.51,,Automated,Vehicle Loan,standard_payment,False,loan_payment_generator,False,
TXNL202000000017,ACC0000190,IND19004840,LN2019010000090,LDO20200000009,14,2020-04-04,02:33:30,3511.44,Debit,Completed,,Loan Payment - LN2019010000090,False,,1.14,,Automated,Personal Loan,standard_payment,False,loan_payment_generator,False,
TXNL202000000018,ACC0001439,IND19009694,LN2019010000095,LDO20200000010,15,2020-04-18,02:56:46,1221.56,Debit,Completed,,Loan Payment - LN2019010000095,False,,1.37,,Automated,Vehicle Loan,standard_payment,False,loan_payment_generator,False,
TXNL202000000019,ACC0000263,IND19010479,LN2019010000097,LDO20200000011,15,2020-04-14,03:49:35,5630.01,Debit,Completed,,Loan Payment - LN2019010000097,False,,1.09,,Automated,Home Loan,standard_payment,False,loan_payment_generator,False,
TXNL202000000020,ACC0000410,IND19006375,LN2019010000101,LDO20200000012,15,2020-04-22,02:46:09,907.14,Debit,Completed,,Loan Payment - LN2019010000101,False,,1.51,,Automated,Home Loan,standard_payment,False,loan_payment_generator,False,
TXNL202000000021,ACC0000901,IND19009242,LN2019010000104,LDO20200000005,15,2020-04-28,03:05:26,2070.51,Debit,Completed,,Loan Payment - LN2019010000104,False,,0.86,,Automated,Personal Loan,standard_payment,False,loan_payment_generator,False,
TXNL202000000022,ACC0000365,IND19005374,LN2019010000112,LDO20200000006,15,2020-04-20,04:46:34,9497.71,Debit,Completed,,Loan Payment - LN2019010000112,False,,0.48,,Automated,Home Loan,standard_payment,False,loan_payment_generator,False,
TXNL202000000023,ACC0000066,IND19000708,LN2019010000114,LDO20200000014,15,2020-04-24,03:16:10,3062.01,Debit,Failed,bank_timeout,Loan Payment - LN2019010000114,False,,1.36,,Automated,Vehicle Loan,standard_payment,False,loan_payment_generator,False,
TXNL202000000024,ACC0000041,IND19003405,LN2019010000118,,15,2020-04-11,04:19:45,1317.23,Debit,Completed,,Loan Payment - LN2019010000118,False,,2.5,,Automated,Vehicle Loan,standard_payment,False,loan_payment_generator,False,
TXNL202000000025,ACC0000146,IND19003418,LN2019010000122,LDO20200000003,14,2020-04-04,03:25:51,1173.8,Debit,Completed,,Loan Payment - LN2019010000122,False,,1.48,,Automated,Personal Loan,standard_payment,False,loan_payment_generator,False,
TXNL202000000026,ACC0000812,IND19000596,LN2019010000123,LDO20200000015,14,2020-04-08,02:11:22,3065.36,Debit,Completed,,Loan Payment - LN2019010000123,False,,1.28,,Automated,Home Loan,standard_payment,False,loan_payment_generator,False,
TXNL202000000027,ACC0000726,IND19012497,LN2019010000124,LDO20200000007,15,2020-04-13,03:42:43,371.99,Debit,Completed,,Loan Payment - LN2019010000124,False,,1.17,,Automated,Home Loan,standard_payment,False,loan_payment_generator,False,
TXNL202000000028,ACC0000959,IND19007081,LN2019010000129,LDO20200000016,15,2020-04-14,03:24:48,1082.28,Debit,Completed,,Loan Payment - LN2019010000129,False,,1.09,,Automated,Vehicle Loan,standard_payment,False,loan_payment_generator,False,
TXNL202000000029,ACC0000635,IND19017267,LN2019010000138,LDO20200000008,14,2020-04-03,02:07:36,5989.53,Debit,Completed,,Loan Payment - LN2019010000138,False,,0.74,,Automated,Vehicle Loan,standard_payment,False,loan_payment_generator,False,
TXNL202000000030,ACC0000642,IND19009914,LN2019010000142,LDO20200000017,15,2020-04-24,04:42:20,740.28,Debit,Completed,,Loan Payment - LN2019010000142,False,,1.1,,Automated,Vehicle Loan,standard_payment,False,loan_payment_generator,False,
TXNL202000000031,ACC0001601,IND19014936,LN2019010000149,LDO20200000018,15,2020-04-13,02:11:29,1342.76,Debit,Completed,,Loan Payment - LN2019010000149,False,,0.76,,Automated,Vehicle Loan,standard_payment,False,loan_payment_generator,False,
TXNL202000000032,ACC0000615,IND19010153,LN2019010000152,LDO20200000019,15,2020-04-20,03:44:39,3016.9,Debit,Completed,,Loan Payment - LN2019010000152,False,,1.02,,Automated,Home Loan,standard_payment,False,loan_payment_generator,False,
TXNL202000000033,ACC0001661,COM19000313,LN2019010000156,LDO20200000020,15,2020-04-14,02:23:50,4855.01,Debit,Completed,,Loan Payment - LN2019010000156,False,,0.02,,Automated,Business Loan,standard_payment,False,loan_payment_generator,False,
TXNL202000000034,ACC0000626,IND19000516,LN2019010000160,LDO20200000002,15,2020-04-27,03:05:12,2189.1,Debit,Completed,,Loan Payment - LN2019010000160,False,,1.08,,Automated,Home Loan,standard_payment,False,loan_payment_generator,False,
TXNL202000000035,ACC0001092,IND19002621,LN2019010000162,LDO20200000021,15,2020-04-27,04:15:28,1579.38,Debit,Completed,,Loan Payment - LN2019010000162,False,,0.17,,Automated,Vehicle Loan,standard_payment,False,loan_payment_generator,False,
TXNL202000000036,ACC0001482,IND19001446,LN2019010000169,LDO20200000022,15,2020-04-26,04:47:45,1384.01,Debit,Completed,,Loan Payment - LN2019010000169,False,,0.92,,Automated,Vehicle Loan,standard_payment,False,loan_payment_generator,False,
TXNL202000000037,ACC0000544,IND19004718,LN2019010000182,LDO20200000009,15,2020-04-22,03:47:52,3538.33,Debit,Completed,,Loan Payment - LN2019010000182,False,,0.16,,Automated,Vehicle Loan,standard_payment,False,loan_payment_generator,False,
TXNL202000000038,ACC0001221,IND19011832,LN2019010000190,LDO20200000023,15,2020-04-15,04:14:15,5061.94,Debit,Completed,,Loan Payment - LN2019010000190,False,,1.83,,Automated,Home Loan,standard_payment,False,loan_payment_generator,False,
TXNL202000000039,ACC0000233,IND19001157,LN2019010000192,LDO20200000004,15,2020-04-16,03:37:48,3022.14,Debit,Completed,,Loan Payment - LN2019010000192,False,,0.99,,Automated,Vehicle Loan,standard_payment,False,loan_payment_generator,False,
TXNL202000000040,ACC0000224,IND19008065,LN2019010000206,LDO20200000010,15,2020-04-14,04:12:21,1575.25,Debit,Completed,,Loan Payment - LN2019010000206,False,,1.46,,Automated,Vehicle Loan,standard_payment,False,loan_payment_generator,False,
TXNL202000000041,ACC0001568,IND19016231,LN2019010000212,LDO20200000011,15,2020-04-30,03:25:15,2892.9,Debit,Completed,,Loan Payment - LN2019010000212,False,,1.32,,Automated,Personal Loan,standard_payment,False,loan_payment_generator,False,
TXNL202000000042,ACC0000708,IND19015529,LN2019010000217,LDO20200000012,15,2020-04-27,03:32:46,1520.07,Debit,Completed,,Loan Payment - LN2019010000217,False,,1.49,,Automated,Home Loan,standard_payment,False,loan_payment_generator,False,
TXNL202000000043,ACC0001510,IND19016623,LN2019010000221,LDO20200000013,15,2020-04-19,03:50:35,4093.97,Debit,Completed,,Loan Payment - LN2019010000221,False,,0.39,,Automated,Home Loan,standard_payment,False,loan_payment_generator,False,
TXNL202000000044,ACC0000091,IND19012355,LN2019010000228,LDO20200000005,15,2020-04-18,02:51:06,4228.37,Debit,Completed,,Loan Payment - LN2019010000228 - Extra Principal,False,,1.48,,Automated,Vehicle Loan,extra_payment,False,loan_payment_generator,False,
TXNL202000000045,ACC0001340,IND19008807,LN2019010000234,LDO20200000006,15,2020-04-30,02:21:43,1707.41,Debit,Completed,,Loan Payment - LN2019010000234,False,,0.24,,Automated,Vehicle Loan,standard_payment,False,loan_payment_generator,False,
TXNL202000000046,ACC0001373,IND19006253,LN2019010000235,LDO20200000024,15,2020-04-26,03:01:54,4531.03,Debit,Completed,,Loan Payment - LN2019010000235,False,,1.78,,Automated,Vehicle Loan,standard_payment,False,loan_payment_generator,False,
TXNL202000000047,ACC0001291,IND19005742,LN2019010000238,LDO20200000014,15,2020-04-17,03:24:39,1155.73,Debit,Completed,,Loan Payment - LN2019010000238,False,,1.73,,Automated,Home Loan,standard_payment,False,loan_payment_generator,False,
TXNL202000000048,ACC0000295,IND19012061,LN2019010000258,,15,2020-04-17,04:04:51,1803.51,Debit,Completed,,Loan Payment - LN2019010000258,False,,2.5,,Automated,Home Loan,standard_payment,False,loan_payment_generator,False,
TXNL202000000049,ACC0000166,IND19004971,LN2019010000260,LDO20200000025,15,2020-04-30,02:42:08,1481.13,Debit,Completed,,Loan Payment - LN2019010000260,False,,0.79,,Automated,Personal Loan,standard_payment,False,loan_payment_generator,False,
TXNL202000000050,ACC0000030,IND19010515,LN2019010000266,LDO20200000003,15,2020-04-25,02:47:04,1516.71,Debit,Completed,,Loan Payment - LN2019010000266,False,,1.32,,Automated,Home Loan,standard_payment,False,loan_payment_generator,False,
TXNL202000000051,ACC0000717,IND19015259,LN2019010000274,LDO20200000015,14,2020-04-10,04:35:22,916.67,Debit,Completed,,Loan Payment - LN2019010000274,False,,0.41,,Automated,Home Loan,standard_payment,False,loan_payment_generator,False,
TXNL202000000052,ACC0001416,IND19002948,LN2019010000279,LDO20200000007,15,2020-04-10,03:52:13,4691.89,Debit,Completed,,Loan Payment - LN2019010000279,False,,1.48,,Automated,Personal Loan,standard_payment,False,loan_payment_generator,False,
TXNL202000000053,ACC0000115,IND19013155,LN2019010000284,LDO20200000026,15,2020-04-27,04:30:04,1427.41,Debit,Completed,,Loan Payment - LN2019010000284,False,,1.75,,Automated,Home Loan,standard_payment,False,loan_payment_generator,False,
TXNL202000000054,ACC0001420,IND19005575,LN2019010000292,LDO20200000027,15,2020-04-15,02:54:45,17242.21,Debit,Completed,,Loan Payment - LN2019010000292,False,,0.98,,Automated,Personal Loan,standard_payment,False,loan_payment_generator,False,
TXNL202000000055,ACC0001436,IND19002442,LN2019010000293,LDO20200000028,15,2020-04-27,04:57:52,10757.66,Debit,Completed,,Loan Payment - LN2019010000293,False,,0.3,,Automated,Personal Loan,standard_payment,False,loan_payment_generator,False,
TXNL202000000056,ACC0000701,IND19016305,LN2019010000299,LDO20200000016,15,2020-04-14,03:00:05,2803.82,Debit,Completed,,Loan Payment - LN2019010000299,False,,0.12,,Automated,Personal Loan,standard_payment,False,loan_payment_generator,False,
TXNL202000000057,ACC0001255,IND19002467,LN2019010000300,LDO20200000008,15,2020-04-18,04:05:07,2816.5,Debit,Completed,,Loan Payment - LN2019010000300,False,,1.86,,Automated,Personal Loan,standard_payment,False,loan_payment_generator,False,
TXNL202000000058,ACC0000938,IND19013886,LN2019010000306,LDO20200000017,15,2020-04-27,04:09:45,2472.35,Debit,Completed,,Loan Payment - LN2019010000306,False,,1.22,,Automated,Personal Loan,standard_payment,False,loan_payment_generator,False,
TXNL202000000059,ACC0000656,IND19013092,LN2019010000312,LDO20200000029,15,2020-04-11,03:42:43,2556.29,Debit,Completed,,Loan Payment - LN2019010000312,False,,0.71,,Automated,Home Loan,standard_payment,False,loan_payment_generator,False,
TXNL202000000060,ACC0000695,IND19002767,LN2019010000321,LDO20200000030,14,2020-04-02,04:26:03,2580.81,Debit,Completed,,Loan Payment - LN2019010000321,False,,1.45,,Automated,Personal Loan,standard_payment,False,loan_payment_generator,False,
TXNL202000000061,ACC0000456,IND19006712,LN2019010000324,LDO20200000031,15,2020-04-28,02:06:56,605.96,Debit,Completed,,Loan Payment - LN2019010000324 - Late Fee,False,,1.53,,Automated,Home Loan,late_payment,False,loan_payment_generator,False,
TXNL202000000062,ACC0001167,IND19004585,LN2019010000343,LDO20200000032,15,2020-04-29,04:39:54,2426.09,Debit,Completed,,Loan Payment - LN2019010000343,False,,1.84,,Automated,Home Loan,standard_payment,False,loan_payment_generator,False,
TXNL202000000063,ACC0000213,IND19003541,LN2019010000347,LDO20200000018,15,2020-04-11,03:27:02,1164.39,Debit,Completed,,Loan Payment - LN2019010000347,False,,0.82,,Automated,Vehicle Loan,standard_payment,False,loan_payment_generator,False,
TXNL202000000064,ACC0000060,IND19004334,LN2019010000350,LDO20200000019,15,2020-04-14,04:06:44,1643.06,Debit,Completed,,Loan Payment - LN2019010000350,False,,1.41,,Automated,Home Loan,standard_payment,False,loan_payment_generator,False,
TXNL202000000065,ACC0000646,IND19017126,LN2019010000351,LDO20200000020,14,2020-04-07,04:17:36,6034.41,Debit,Completed,,Loan Payment - LN2019010000351,False,,1.44,,Automated,Personal Loan,standard_payment,False,loan_payment_generator,False,
TXNL202000000066,ACC0000457,IND19014286,LN2019010000356,LDO20200000033,14,2020-04-04,04:37:33,1686.44,Debit,Completed,,Loan Payment - LN2019010000356,False,,0.29,,Automated,Home Loan,standard_payment,False,loan_payment_generator,False,
TXNL202000000067,ACC0001358,IND19015137,LN2019010000368,LDO20200000002,15,2020-04-17,02:41:25,906.4,Debit,Completed,,Loan Payment - LN2019010000368,False,,0.76,,Automated,Home Loan,standard_payment,False,loan_payment_generator,False,
TXNL202000000068,ACC0000551,IND19010018,LN2019010000378,LDO20200000021,14,2020-04-04,03:45:34,3641.86,Debit,Completed,,Loan Payment - LN2019010000378 - Partial,False,,1.01,,Automated,Home Loan,partial_payment,False,loan_payment_generator,False,
TXNL202000000069,ACC0000417,IND19009850,LN2019010000380,LDO20200000034,14,2020-04-04,04:16:12,6671.0,Debit,Completed,,Loan Payment - LN2019010000380,False,,1.89,,Automated,Vehicle Loan,standard_payment,False,loan_payment_generator,False,
TXNL202000000070,ACC0000732,IND19013668,LN2019010000386,LDO20200000022,15,2020-04-16,04:13:50,5822.18,Debit,Completed,,Loan Payment - LN2019010000386,False,,0.31,,Automated,Home Loan,standard_payment,False,loan_payment_generator,False,
TXNL202000000071,ACC0000333,IND19016196,LN2019010000387,LDO20200000035,14,2020-04-04,04:14:25,4417.62,Debit,Completed,,Loan Payment - LN2019010000387,False,,1.09,,Automated,Vehicle Loan,standard_payment,False,loan_payment_generator,False,
TXNL202000000072,ACC0001449,IND19011707,LN2019010000388,LDO20200000036,15,2020-04-15,04:46:40,3506.91,Debit,Completed,,Loan Payment - LN2019010000388,False,,0.98,,Automated,Home Loan,standard_payment,False,loan_payment_generator,False,
TXNL202000000073,ACC0001041,IND19014771,LN2019010000390,LDO20200000037,14,2020-04-09,04:39:34,2202.53,Debit,Completed,,Loan Payment - LN2019010000390,False,,0.85,,Automated,Home Loan,standard_payment,False,loan_payment_generator,False,
TXNL202000000074,ACC0001571,IND19015093,LN2019010000404,LDO20200000038,15,2020-04-20,03:32:06,3640.07,Debit,Completed,,Loan Payment - LN20190100...,False,,0.72,,Automated,Vehicle Loan,standard_payment,False,loan_payment_generator,True,truncated_description
TXNL202000000075,ACC0000724,IND19005518,LN2019010000406,LDO20200000039,15,2020-04-30,04:08:18,1399.93,Debit,Completed,,Loan Payment - LN2019010000406 - Partial,False,,0.5,,Automated,Home Loan,partial_payment,False,loan_payment_generator,False,
TXNL202000000076,ACC0000669,IND19015013,LN2019010000408,LDO20200000009,15,2020-04-21,02:21:07,4235.65,Debit,Completed,,Loan Payment - LN2019010000408,False,,0.83,,Automated,Personal Loan,standard_payment,False,loan_payment_generator,False,
TXNL202000000077,ACC0000392,IND19006420,LN2019010000422,LDO20200000023,15,2020-04-14,04:09:57,3242.75,Debit,Completed,,Loan Payment - LN2019010000422,False,,1.42,,Automated,Personal Loan,standard_payment,False,loan_payment_generator,False,
TXNL202000000078,ACC0001215,IND19009203,LN2019010000449,LDO20200000004,14,2020-04-03,04:22:05,322.92,Debit,Completed,,Loan Payment - LN2019010000449 - Extra Principal,False,,0.01,,Automated,Home Loan,extra_payment,False,loan_payment_generator,False,
TXNL202000000079,ACC0000677,IND19014762,LN2019010000450,LDO20200000010,15,2020-04-23,02:20:41,3460.77,Debit,Completed,,Loan Payment - LN2019010000450 - Extra Principal,False,,1.17,,Automated,Home Loan,extra_payment,False,loan_payment_generator,False,
TXNL202000000080,ACC0001668,COM19000073,LN2019010000455,LDO20200000011,15,2020-04-27,04:43:17,14981.17,Debit,Cancelled,customer_stop_instruction,Loan Payment - LN2019010000455,False,,1.71,,Automated,Business Loan,standard_payment,False,loan_payment_generator,False,
TXNL202000000081,ACC0000769,IND19003379,LN2019010000462,LDO20200000012,15,2020-04-19,03:51:45,1029.76,Debit,Completed,,Loan Payment - LN2019010000462,False,,0.27,,Automated,Home Loan,standard_payment,False,loan_payment_generator,False,
TXNL202000000082,ACC0000639,IND19007802,LN2019010000464,LDO20200000013,15,2020-04-26,04:42:39,2991.38,Debit,Completed,,Loan Payment - LN2019010000464,False,,0.16,,Automated,Home Loan,standard_payment,False,loan_payment_generator,False,
TXNL202000000083,ACC0000029,IND19014833,LN2019010000478,LDO20200000005,15,2020-04-28,02:45:37,1635.7,Debit,Completed,,Loan Payment - LN2019010000478,False,,1.52,,Automated,Home Loan,standard_payment,False,loan_payment_generator,False,
TXNL202000000084,ACC0001111,IND19004921,LN2019010000485,LDO20200000006,14,2020-04-04,03:12:23,6532.35,Debit,Completed,,Loan Payment - LN2019010000485,False,,0.88,,Automated,Personal Loan,standard_payment,False,loan_payment_generator,False,
TXNL202000000085,ACC0000311,IND19003026,LN2019010000487,LDO20200000040,14,2020-04-09,04:56:21,450.66,Debit,Completed,,Loan Payment - LN2019010000487,False,,0.52,,Automated,Home Loan,standard_payment,False,loan_payment_generator,False,
TXNL202000000086,ACC0000416,IND19005427,LN2019010000496,LDO20200000024,14,2020-04-02,02:21:55,297.43,Debit,Completed,,Loan Payment - LN2019010000496,False,,0.77,,Automated,Home Loan,standard_payment,False,loan_payment_generator,False,
TXNL202000000087,ACC0000155,IND19004807,LN2019010000506,LDO20200000041,15,2020-04-22,04:02:00,1750.32,Debit,Completed,,Loan Payment - LN2019010000506,False,,0.32,,Automated,Personal Loan,standard_payment,False,loan_payment_generator,False,
TXNL202000000088,ACC0001365,IND19015299,LN2019010000510,LDO20200000042,15,2020-04-18,04:16:55,305.32,Debit,Failed,bank_timeout,Loan Payment - LN2019010000510,False,,1.92,,Automated,Home Loan,standard_payment,False,loan_payment_generator,False,
TXNL202000000089,ACC0001281,IND19007129,LN2019010000517,LDO20200000014,14,2020-04-02,03:44:20,1723.73,Debit,Completed,,Loan Payment - LN2019010000517,False,,1.3,,Automated,Personal Loan,standard_payment,False,loan_payment_generator,False,
TXNL202000000090,ACC0001214,IND19003792,LN2019010000525,,14,2020-04-03,03:02:09,788.26,Debit,Completed,,Loan Payment - LN2019010000525,False,,2.5,,Automated,Personal Loan,standard_payment,False,loan_payment_generator,False,
TXNL202000000091,ACC0000964,IND19014388,LN2019010000542,LDO20200000025,15,2020-04-10,03:06:47,2668.1,Debit,Completed,,Loan Payment - LN2019010000542,False,,0.44,,Automated,Home Loan,standard_payment,False,loan_payment_generator,False,
TXNL202000000092,ACC0000932,IND19008584,LN2019010000557,LDO20200000043,15,2020-04-29,03:37:05,3493.79,Debit,Completed,,Loan Payment - LN2019010000557,False,,1.54,,Automated,Home Loan,standard_payment,False,loan_payment_generator,False,
TXNL202000000093,ACC0001001,IND19005012,LN2019010000562,LDO20200000044,15,2020-04-21,03:18:11,1563.13,Debit,Completed,,Loan Payment - LN2019010000562,False,,1.96,,Automated,Home Loan,standard_payment,False,loan_payment_generator,False,
TXNL202000000094,ACC0001173,IND19009154,LN2019010000564,LDO20200000003,15,2020-04-20,03:04:32,1118.46,Debit,Completed,,Loan Payment - LN2019010000564,False,,1.01,,Automated,Personal Loan,standard_payment,False,loan_payment_generator,False,
TXNL202000000095,ACC0001267,IND19012469,LN2019010000566,LDO20200000045,15,2020-04-23,03:31:04,1437.67,Debit,Completed,,Loan Payment - LN2019010000566,False,,0.9,,Automated,Home Loan,standard_payment,False,loan_payment_generator,False,
TXNL202000000096,ACC0001556,IND19015946,LN2019010000568,LDO20200000015,15,2020-04-17,04:13:57,4858.36,Debit,Completed,,Loan Payment - LN2019010000568,False,,1.27,,Automated,Personal Loan,standard_payment,False,loan_payment_generator,False,
TXNL202000000097,ACC0000607,IND19001644,LN2019010000574,LDO20200000046,15,2020-04-10,03:56:10,1738.95,Debit,Completed,,Loan Payment - LN2019010000574 - Late Fee,False,,0.73,,Automated,Home Loan,late_payment,False,loan_payment_generator,False,
TXNL202000000098,ACC0000922,IND19002862,LN2019010000575,LDO20200000047,14,2020-04-02,04:49:49,1134.12,Debit,Completed,,Loan Payment - LN2019010000575,False,,0.41,,Automated,Home Loan,standard_payment,False,loan_payment_generator,False,
TXNL202000000099,ACC0000229,IND19003127,LN2019010000592,LDO20200000048,15,2020-04-23,03:07:36,3882.22,Debit,Completed,,Loan Payment - LN2019010000592,False,,0.19,,Automated,Home Loan,standard_payment,False,loan_payment_generator,False,
TXNL202000000100,ACC0000184,IND19000180,LN2019010000593,LDO20200000049,14,2020-04-06,03:10:50,471.84,Debit,Completed,,Loan Payment - LN2019010000593,False,,0.28,,Automated,Home Loan,standard_payment,False,loan_payment_generator,False,
TXNL202000000101,ACC0001644,COM19000369,LN2019010000594,LDO20200000050,15,2020-04-14,04:16:48,2023.43,Debit,Completed,,Loan Payment - LN2019010000594,False,,1.92,,Automated,Business Loan,standard_payment,False,loan_payment_generator,False,
TXNL202000000102,ACC0000975,IND19015550,LN2019010000601,LDO20200000007,15,2020-04-11,03:46:09,1295.89,Debit,Completed,,Loan Payment - LN2019010000601,False,,1.83,,Automated,Vehicle Loan,standard_payment,False,loan_payment_generator,False,
TXNL202000000103,ACC0000593,IND19002980,LN2019010000612,LDO20200000051,15,2020-04-13,03:39:15,1141.67,Debit,Completed,,Loan Payment - LN2019010000612,False,,0.47,,Automated,Vehicle Loan,standard_payment,False,loan_payment_generator,False,
TXNL202000000104,ACC0000428,IND19005094,LN2019010000618,LDO20200000052,14,2020-04-03,04:23:54,1891.89,Debit,Completed,,Loan Payment - LN2019010000618,False,,0.78,,Automated,Home Loan,standard_payment,False,loan_payment_generator,False,
TXNL202000000105,ACC0000793,IND19015483,LN2019010000623,LDO20200000053,14,2020-04-01,03:08:50,1424.0,Debit,Completed,,Loan Payment - LN2019010000623,False,,0.23,,Automated,Home Loan,standard_payment,False,loan_payment_generator,False,
TXNL202000000106,ACC0000500,IND19005407,LN2019010000624,LDO20200000054,14,2020-04-08,03:14:11,634.52,Debit,Completed,,Loan Payment - LN2019010000624,False,,1.26,,Automated,Home Loan,standard_payment,False,loan_payment_generator,False,
TXNL202000000107,ACC0001412,IND19009021,LN2019010000641,LDO20200000026,14,2020-04-03,04:36:46,1955.34,Debit,Completed,,Loan Payment - LN2019010000641,False,,0.68,,Automated,Vehicle Loan,standard_payment,False,loan_payment_generator,False,
TXNL202000000108,ACC0001163,IND19009831,LN2019010000642,LDO20200000056,15,2020-04-19,02:08:54,3065.78,Debit,Completed,,Loan Payment - LN2019010000642,False,,0.8,,Automated,Vehicle Loan,standard_payment,False,loan_payment_generator,False,
TXNL202000000109,ACC0000116,IND19013155,LN2019010000644,LDO20200000057,15,2020-04-17,04:34:46,449.28,Debit,Completed,,Loan Payment - LN2019010000644,False,,1.58,,Automated,Home Loan,standard_payment,False,loan_payment_generator,False,
TXNL202000000110,ACC0001128,IND19005846,LN2019010000646,LDO20200000058,15,2020-04-13,04:08:59,641.97,Debit,Completed,,Loan Payment - LN2019010000646,False,,0.72,,Automated,Home Loan,standard_payment,False,loan_payment_generator,False,
TXNL202000000111,ACC0000739,IND19008202,LN2019010000648,LDO20200000059,15,2020-04-23,03:30:54,2393.26,Debit,Completed,,Loan Payment - LN2019010000648,False,,1.38,,Automated,Vehicle Loan,standard_payment,False,loan_payment_generator,False,
TXNL202000000112,ACC0000774,IND19000369,LN2019010000659,LDO20200000060,15,2020-04-10,04:50:02,2156.62,Debit,Completed,,Loan Payment - LN2019010000659,False,,1.6,,Automated,Home Loan,standard_payment,False,loan_payment_generator,False,
TXNL202000000113,ACC0000118,IND19007840,LN2019010000664,LDO20200000027,15,2020-04-19,03:43:53,513.14,Debit,Completed,,Loan Payment - LN2019010000664,False,,1.06,,Automated,Home Loan,standard_payment,False,loan_payment_generator,False,
TXNL202000000114,ACC0000105,IND19015632,LN2019010000674,LDO20200000061,15,2020-04-12,02:51:39,2532.33,Debit,Failed,daily_limit_exceeded,Loan Payment - LN2019010000674,False,,1.05,,Automated,Home Loan,standard_payment,False,loan_payment_generator,False,
TXNL202000000115,ACC0000904,IND19010238,LN2019010000678,LDO20200000028,15,2020-04-27,02:54:54,1031.73,Debit,Completed,,Loan Payment - LN2019010000678,False,,0.0,,Automated,Home Loan,standard_payment,False,loan_payment_generator,False,
TXNL202000000116,ACC0000076,IND19009052,LN2019010000679,LDO20200000062,15,2020-04-29,03:03:42,538.09,Debit,Completed,,Loan Payment - LN2019010000679,False,,0.45,,Automated,Home Loan,standard_payment,False,loan_payment_generator,False,
TXNL202000000117,ACC0001613,IND19012778,LN2019010000682,LDO20200000063,15,2020-04-19,03:14:00,8350.74,Debit,Completed,,Loan Payment - LN2019010000682,False,,1.88,,Automated,Personal Loan,standard_payment,False,loan_payment_generator,False,
TXNL202000000118,ACC0001369,IND19008338,LN2019010000686,LDO20200000016,15,2020-04-16,02:16:52,1849.77,Debit,Completed,,Loan Payment - LN20190100...,False,,1.88,,Automated,Vehicle Loan,standard_payment,False,loan_payment_generator,True,truncated_description
TXNL202000000119,ACC0000268,IND19014141,LN2019010000690,LDO20200000008,15,2020-04-13,04:48:34,2082.93,Debit,Completed,,Loan Payment - LN2019010000690 - Late Fee,False,,1.51,,Automated,Vehicle Loan,late_payment,False,loan_payment_generator,False,
TXNL202000000120,ACC0001013,IND19008033,LN2019010000693,LDO20200000017,15,2020-04-30,04:31:41,1777.39,Debit,Completed,,Loan Payment - LN2019010000693,False,,0.62,,Automated,Vehicle Loan,standard_payment,False,loan_payment_generator,False,
 TXNL202000000121 ,ACC0001012,IND19008033,LN2019010000707,LDO20200000064,15,2020-04-21,04:04:33,4840.02,Debit,Completed,,Loan Payment - LN2019010000707,False,,0.92,,Automated,Home Loan,standard_payment,False,loan_payment_generator,True,whitespace_in_id
TXNL202000000122,ACC0000813,IND19000596,LN2019010000711,LDO20200000029,14,2020-04-01,02:01:45,1725.59,Debit,Completed,,Loan Payment - LN2019010000711,False,,0.64,,Automated,Home Loan,standard_payment,False,loan_payment_generator,False,
TXNL202000000123,ACC0001516,IND19008680,LN2019010000721,LDO20200000030,15,2020-04-20,03:10:17,2387.66,Debit,Completed,,Loan Payment - LN2019010000721,False,,0.26,,Automated,Home Loan,standard_payment,False,loan_payment_generator,False,
TXNL202000000124,ACC0000821,IND19014965,LN2019010000724,LDO20200000065,15,2020-04-15,03:08:02,1392.1,Debit,Completed,,Loan Payment - LN2019010000724,False,,1.35,,Automated,Vehicle Loan,standard_payment,False,loan_payment_generator,False,
TXNL202000000125,ACC0000588,IND19011813,LN2019010000727,LDO20200000066,15,2020-04-30,04:11:28,1158.89,Debit,Completed,,Loan Payment - LN2019010000727,False,,1.14,,Automated,Home Loan,standard_payment,False,loan_payment_generator,False,
TXNL202000000126,ACC0000766,IND19001627,LN2019010000750,LDO20200000031,15,2020-04-17,04:27:22,5575.99,Debit,Completed,,Loan Payment - LN2019010000750,False,,1.41,,Automated,Home Loan,standard_payment,False,loan_payment_generator,False,
TXNL202000000127,ACC0000757,IND19010588,LN2019010000753,LDO20200000067,14,2020-04-06,02:48:56,684.93,Debit,Completed,,Loan Payment - LN2019010000753,False,,1.32,,Automated,Personal Loan,standard_payment,False,loan_payment_generator,False,
TXNL202000000128,ACC0001371,IND19016093,LN2019010000763,LDO20200000032,15,2020-04-27,02:17:28,2389.83,Debit,Completed,,Loan Payment - LN2019010000763 - Partial,False,,1.04,,Automated,Home Loan,partial_payment,False,loan_payment_generator,False,
TXNL202000000129,ACC0001554,IND19011219,LN2019010000771,LDO20200000068,14,2020-04-04,03:48:57,3607.53,Debit,Completed,,Loan Payment - LN2019010000771,False,,1.53,,Automated,Vehicle Loan,standard_payment,False,loan_payment_generator,False,
TXNL202000000130,ACC0000608,IND19000251,LN2019010000776,LDO20200000069,15,2020-04-30,02:57:06,534.72,Debit,Completed,,Loan Payment - LN2019010000776,False,,1.74,,Automated,Vehicle Loan,standard_payment,False,loan_payment_generator,False,
TXNL202000000131,ACC0000969,IND19014108,LN2019010000780,LDO20200000070,15,2020-04-30,02:56:16,3896.87,Debit,Completed,,Loan Payment - LN2019010000780,False,,0.82,,Automated,Home Loan,standard_payment,False,loan_payment_generator,False,
TXNL202000000132,ACC0001628,IND19009273,LN2019010000783,LDO20200000018,15,2020-04-26,04:14:30,1559.06,Debit,Cancelled,customer_stop_instruction,Loan Payment - LN2019010000783,False,,1.69,,Automated,Vehicle Loan,standard_payment,False,loan_payment_generator,False,
TXNL202000000133,ACC0000128,IND19004900,LN2019010000785,LDO20200000071,14,2020-04-01,03:36:10,1346.37,Debit,Completed,,Loan Payment - LN2019010000785,False,,0.2,,Automated,Personal Loan,standard_payment,False,loan_payment_generator,False,
TXNL202000000134,ACC0000393,IND19006420,LN2019010000790,LDO20200000072,14,2020-04-01,04:00:17,1020.55,Debit,Completed,,Loan Payment - LN2019010000790,False,,0.93,,Automated,Home Loan,standard_payment,False,loan_payment_generator,False,
TXNL202000000135,ACC0000160,IND19007622,LN2019010000799,LDO20200000019,14,2020-04-03,02:22:53,3219.2,Debit,Completed,,Loan Payment - LN2019010000799,False,,0.51,,Automated,Personal Loan,standard_payment,False,loan_payment_generator,False,
TXNL202000000136,ACC0001479,IND19015112,LN2019010000807,LDO20200000073,15,2020-04-30,02:56:15,1896.09,Debit,Completed,,Loan Payment - LN2019010000807,False,,0.8,,Automated,Personal Loan,standard_payment,False,loan_payment_generator,False,
TXNL202000000137,ACC0001468,IND19010490,LN2019010000824,LDO20200000020,15,2020-04-15,02:20:43,3560.48,Debit,Completed,,Loan Payment - LN2019010000824,False,,1.71,,Automated,Vehicle Loan,standard_payment,False,loan_payment_generator,False,
TXNL202000000138,ACC0000845,IND19009812,LN2019010000828,LDO20200000033,15,2020-04-21,03:17:16,1557.11,Debit,Completed,,Loan Payment - LN2019010000828,False,,0.63,,Automated,Home Loan,standard_payment,False,loan_payment_generator,False,
TXNL202000000139,ACC0000163,IND19007764,LN2019010000838,,15,2020-04-23,01:58:01,1379.8,Debit,Completed,,Loan Payment - LN2019010000838,False,,2.5,,Online,Home Loan,standard_payment,False,loan_payment_generator,False,
TXNL202000000140,ACC0001296,IND19006088,LN2019010000841,LDO20200000021,15,2020-04-22,04:18:34,8596.21,Debit,Completed,,Loan Payment - LN2019010000841 - Partial,False,,0.44,,Automated,Personal Loan,partial_payment,False,loan_payment_generator,False,
TXNL202000000141,ACC0001378,IND19007735,LN2019010000853,LDO20200000074,14,2020-04-02,03:00:53,2129.96,Debit,Completed,,Loan Payment - LN2019010000853,False,,1.5,,Automated,Vehicle Loan,standard_payment,False,loan_payment_generator,False,
TXNL202000000142,ACC0001489,IND19006045,LN2019010000856,LDO20200000075,15,2020-04-18,04:12:00,1325.85,Debit,Completed,,Loan Payment - LN2019010000856,False,,1.37,,Automated,Vehicle Loan,standard_payment,False,loan_payment_generator,False,
TXNL202000000143,ACC0000122,IND19013761,LN2019010000859,LDO20200000022,14,2020-04-02,02:10:28,1017.84,Debit,Completed,,Loan Payment - LN2019010000859,False,,1.41,,Automated,Home Loan,standard_payment,False,loan_payment_generator,False,
TXNL202000000144,ACC0001437,IND19003474,LN2019010000866,LDO20200000076,15,2020-04-15,03:20:41,2718.8,Debit,Completed,,Loan Payment - LN2019010000866,False,,0.74,,Automated,Personal Loan,standard_payment,False,loan_payment_generator,False,
TXNL202000000145,ACC0000982,IND19010294,LN2019010000869,LDO20200000077,15,2020-04-22,03:45:52,5173.16,Debit,Completed,,Loan Payment - LN2019010000869,False,,0.3,,Automated,Personal Loan,standard_payment,False,loan_payment_generator,False,
TXNL202000000146,ACC0000520,IND19009308,LN2019010000873,LDO20200000078,15,2020-04-22,02:36:07,1240.5,Debit,Completed,,Loan Payment - LN2019010000873,False,,1.28,,Automated,Home Loan,standard_payment,False,loan_payment_generator,False,
TXNL202000000147,ACC0000711,IND19003817,LN2019010000888,LDO20200000079,15,2020-04-12,04:45:41,356.97,Debit,Completed,,Loan Payment - LN2019010000888,False,,0.36,,Automated,Home Loan,standard_payment,False,loan_payment_generator,False,
TXNL202000000148,ACC0000996,IND19014347,LN2019010000890,LDO20200000080,15,2020-04-30,03:10:30,8593.66,Debit,Completed,,Loan Payment - LN2019010000890,False,,1.77,,Automated,Personal Loan,standard_payment,False,loan_payment_generator,False,
TXNL202000000149,ACC0000386,IND19013498,LN2019010000897,LDO20200000081,15,2020-04-22,04:09:30,4403.12,Debit,Completed,,Loan Payment - LN2019010000897,False,,0.64,,Automated,Home Loan,standard_payment,False,loan_payment_generator,False,
TXNL202000000150,ACC0001660,COM19000038,LN2019010000898,LDO20200000082,15,2020-04-30,02:39:58,5119.57,Debit,Completed,,Loan Payment - LN2019010000898,False,,0.84,,Automated,Business Loan,standard_payment,False,loan_payment_generator,False,
TXNL202000000151,ACC0000600,IND19006065,LN2019010000911,LDO20200000083,15,2020-04-29,02:41:16,1019.47,Debit,Completed,,Loan Payment - LN2019010000911,False,,1.37,,Automated,Vehicle Loan,standard_payment,False,loan_payment_generator,False,
TXNL202000000152,ACC0000220,IND19000552,LN2019010000916,LDO20200000084,15,2020-04-28,03:07:20,1940.6,Debit,Completed,,Loan Payment - LN2019010000916,False,,1.92,,Automated,Vehicle Loan,standard_payment,False,loan_payment_generator,False,
TXNL202000000153,ACC0000330,IND19007194,LN2019010000917,LDO20200000085,15,2020-04-18,02:54:37,606.42,Debit,Completed,,Loan Payment - LN2019010000917,False,,0.59,,Automated,Home Loan,standard_payment,False,loan_payment_generator,False,
TXNL202000000154,ACC0000763,IND19016056,LN2019010000919,LDO20200000035,15,2020-04-25,04:25:18,3480.27,Debit,Completed,,Loan Payment - LN2019010000919,False,,0.42,,Automated,Vehicle Loan,standard_payment,False,loan_payment_generator,False,
TXNL202000000155,ACC0000289,IND19016939,LN2019010000932,LDO20200000036,15,2020-04-30,04:47:40,3188.59,Debit,Completed,,Loan Payment - LN2019010000932,False,,1.64,,Automated,Vehicle Loan,standard_payment,False,loan_payment_generator,False,
TXNL202000000156,ACC0001493,IND19010838,LN2019010000934,LDO20200000086,15,2020-04-19,03:58:48,2297.2,Debit,Completed,,Loan Payment - LN2019010000934,False,,1.02,,Automated,Home Loan,standard_payment,False,loan_payment_generator,False,
TXNL202000000157,ACC0000798,IND19013925,LN2019010000952,LDO20200000087,14,2020-04-06,04:21:06,1005.26,Debit,Completed,,Loan Payment - LN2019010000952,False,,0.98,,Automated,Home Loan,standard_payment,False,loan_payment_generator,False,
TXNL202000000158,ACC0000134,IND19012457,LN2019010000957,LDO20200000088,15,2020-04-17,04:51:01,2759.69,Debit,Completed,,Loan Payment - LN2019010000957,False,,1.28,,Automated,Personal Loan,standard_payment,False,loan_payment_generator,False,
TXNL202000000159,ACC0000841,IND19006895,LN2019010000958,LDO20200000089,15,2020-04-10,04:27:48,1128.8,Debit,Completed,,Loan Payment - LN2019010000958,False,,0.97,,Automated,Home Loan,standard_payment,False,loan_payment_generator,False,
TXNL202000000160,ACC0000658,IND19011862,LN2019010000959,LDO20200000090,15,2020-04-29,04:56:19,253.83,Debit,Completed,,Loan Payment - LN2019010000959,False,,1.49,,Automated,Home Loan,standard_payment,False,loan_payment_generator,False,
TXNL202000000161,ACC0001460,IND19002706,LN2019010000996,LDO20200000091,14,2020-04-06,02:38:47,1281.83,Debit,Completed,,Loan Payment - LN2019010000996 - Late Fee,False,,0.24,,Automated,Vehicle Loan,late_payment,False,loan_payment_generator,False,
TXNL202000000162,ACC0000371,IND19014162,LN2019010001000,LDO20200000039,15,2020-04-09,04:40:09,1534.73,Debit,Failed,duplicate_debit,Loan Payment - LN2019010001000,False,,0.54,,Automated,Vehicle Loan,standard_payment,False,loan_payment_generator,False,
TXNL202000000163,ACC0001626,IND19004114,LN2019010001025,LDO20200000092,15,2020-04-19,04:18:27,1604.76,Debit,Completed,,Loan Payment - LN2019010001025,False,,0.24,,Automated,Personal Loan,standard_payment,False,loan_payment_generator,False,
TXNL202000000164,ACC0000879,IND19011453,LN2019010001027,LDO20200000093,14,2020-04-01,04:25:44,2533.38,Debit,Completed,,Loan Payment - LN2019010001027,False,,1.7,,Automated,Home Loan,standard_payment,False,loan_payment_generator,False,
TXNL202000000165,ACC0000973,IND19012041,LN2019010001042,LDO20200000094,15,2020-04-10,02:11:29,2575.46,Debit,Completed,,Loan Payment - LN2019010001042,False,,1.12,,Automated,Home Loan,standard_payment,False,loan_payment_generator,False,
TXNL202000000166,ACC0000684,IND19005459,LN2019010001052,LDO20200000095,15,2020-04-22,04:30:04,1535.65,Debit,Completed,,Loan Payment - LN2019010001052 - Late Fee,False,,1.86,,Automated,Personal Loan,late_payment,False,loan_payment_generator,False,
TXNL202000000167,ACC0000272,IND19000376,LN2019010001058,LDO20200000009,14,2020-04-05,02:16:13,5783.8,Debit,Cancelled,customer_stop_instruction,Loan Payment - LN2019010001058,False,,0.23,,Automated,Home Loan,standard_payment,False,loan_payment_generator,False,
TXNL202000000168,ACC0000438,IND19012444,LN2019010001066,LDO20200000023,14,2020-04-02,04:12:52,6094.61,Debit,Completed,,Loan Payment - LN2019010001066,False,,0.29,,Automated,Home Loan,standard_payment,False,loan_payment_generator,False,
TXNL202000000169,ACC0000418,IND19014051,LN2019010001070,LDO20200000096,15,2020-04-30,02:59:17,2264.49,Debit,Completed,,Loan Payment - LN2019010001070,False,,1.04,,Automated,Personal Loan,standard_payment,False,loan_payment_generator,False,
TXNL202000000170,ACC0000203,IND19005110,LN2019010001082,LDO20200000097,14,2020-04-02,02:32:13,413.5,Debit,Completed,,Loan Payment - LN2019010001082,False,,0.83,,Automated,Home Loan,standard_payment,False,loan_payment_generator,False,
TXNL202000000171,ACC0001069,IND19001364,LN2019010001084,LDO20200000098,15,2020-04-13,02:25:37,1198.05,Debit,Completed,,Loan Payment - LN2019010001084,False,,0.21,,Automated,Home Loan,standard_payment,False,loan_payment_generator,False,
TXNL202000000172,ACC0001528,IND19005983,LN2019010001092,LDO20200000099,15,2020-04-23,03:03:23,202.89,Debit,Completed,,Loan Payment - LN2019010001092,False,,0.73,,Automated,Home Loan,standard_payment,False,loan_payment_generator,False,
TXNL202000000173,ACC0000637,IND19000666,LN2019010001113,LDO20200000004,15,2020-04-27,02:41:28,1551.58,Debit,Completed,,Loan Payment - LN2019010001113,False,,0.99,,Automated,Home Loan,standard_payment,False,loan_payment_generator,False,
TXNL202000000174,ACC0000542,IND19006210,LN2019010001114,LDO20200000100,15,2020-04-27,04:26:43,3324.12,Debit,Completed,,Loan Payment - LN2019010001114,False,,0.41,,Automated,Vehicle Loan,standard_payment,False,loan_payment_generator,False,
TXNL202000000175,ACC0000072,IND19005479,LN2019010001116,LDO20200000101,15,2020-04-24,04:42:06,905.2,Debit,Failed,insufficient_funds,Loan Payment - LN2019010001116,False,,1.56,,Automated,Home Loan,standard_payment,False,loan_payment_generator,False,
TXNL202000000176,ACC0000811,IND19000169,LN2019010001120,LDO20200000010,15,2020-04-29,04:11:27,3254.67,Debit,Completed,,Loan Payment - LN2019010001120,False,,1.49,,Automated,Vehicle Loan,standard_payment,False,loan_payment_generator,False,
TXNL202000000177,ACC0001096,IND19016205,LN2019010001121,LDO20200000102,14,2020-04-03,04:48:26,1608.95,Debit,Completed,,Loan Payment - LN2019010001121,False,,0.39,,Automated,Home Loan,standard_payment,False,loan_payment_generator,False,
TXNL202000000178,ACC0000836,IND19001994,LN2019010001130,LDO20200000011,15,2020-04-14,03:47:44,269.6,Debit,Failed,insufficient_funds,Loan Payment - LN2019010001130,False,,0.35,,Automated,Home Loan,standard_payment,False,loan_payment_generator,False,
TXNL202000000179,ACC0000770,IND19003379,LN2019010001133,LDO20200000012,14,2020-04-02,03:10:02,2945.25,Debit,Completed,,Loan Payment - LN2019010001133,False,,0.37,,Automated,Home Loan,standard_payment,False,loan_payment_generator,False,
TXNL202000000180,ACC0001363,IND19001188,LN2019010001140,LDO20200000013,15,2020-04-29,02:25:59,824.37,Debit,Completed,,Loan Payment - LN2019010001140,False,,0.88,,Automated,Vehicle Loan,standard_payment,False,loan_payment_generator,False,
TXNL202000000181,ACC0001266,IND19016300,LN2019010001143,LDO20200000005,15,2020-04-19,04:55:57,7659.4,Debit,Completed,,Loan Payment - LN2019010001143,False,,1.83,,Automated,Vehicle Loan,standard_payment,False,loan_payment_generator,False,
TXNL202000000182,ACC0000810,IND19014075,LN2019010001146,LDO20200000006,15,2020-04-19,02:11:39,2602.46,Debit,Completed,,Loan Payment - LN2019010001146,False,,1.18,,Automated,Home Loan,standard_payment,False,loan_payment_generator,False,
TXNL202000000183,ACC0000820,IND19016780,LN2019010001149,LDO20200000040,14,2020-04-02,03:40:12,4338.5,Debit,Cancelled,customer_stop_instruction,Loan Payment - LN2019010001149,False,,0.05,,Automated,Personal Loan,standard_payment,False,loan_payment_generator,False,
TXNL202000000184,ACC0001343,IND19009143,LN2019010001157,LDO20200000024,15,2020-04-16,02:14:50,3027.98,Debit,Completed,,Loan Payment - LN2019010001157,False,,0.63,,Automated,Home Loan,standard_payment,False,loan_payment_generator,False,
TXNL202000000185,ACC0000585,IND19004309,LN2019010001163,LDO20200000103,15,2020-04-17,03:33:31,3194.33,Debit,Completed,,Loan Payment - LN2019010001163,False,,1.26,,Automated,Home Loan,standard_payment,False,loan_payment_generator,False,
TXNL202000000186,ACC0001676,COM19000298,LN2019010001164,LDO20200000041,15,2020-04-21,02:53:14,7880.87,Debit,Completed,,Loan Payment - LN2019010001164 - Recovery,False,,0.24,,Automated,Business Loan,recovery_payment,True,loan_payment_generator,False,
TXNL202000000187,ACC0000390,IND19002143,LN2019010001167,LDO20200000042,15,2020-04-15,04:58:27,753.48,Debit,Completed,,Loan Payment - LN2019010001167,False,,0.86,,Automated,Personal Loan,standard_payment,False,loan_payment_generator,False,
TXNL202000000188,ACC0001016,IND19007315,LN2019010001180,LDO20200000014,15,2020-04-23,04:10:15,2112.96,Debit,Completed,,Loan Payment - LN2019010001180,False,,1.59,,Automated,Home Loan,standard_payment,False,loan_payment_generator,False,
TXNL202000000189,ACC0000169,IND19015276,LN2019010001182,LDO20200000104,15,2020-04-18,03:24:09,1584.57,Debit,Completed,,Loan Payment - LN2019010001182,False,,1.33,,Automated,Home Loan,standard_payment,False,loan_payment_generator,False,
TXNL202000000190,ACC0000723,IND19010495,LN2019010001185,LDO20200000105,15,2020-04-25,02:00:20,1082.3,Debit,Completed,,Loan Payment - LN2019010001185,False,,1.16,,Automated,Vehicle Loan,standard_payment,False,loan_payment_generator,False,
TXNL202000000191,ACC0001029,IND19009696,LN2019010001192,LDO20200000106,15,2020-04-18,03:47:40,3515.28,Debit,Completed,,Loan Payment - LN2019010001192,False,,1.46,,Automated,Vehicle Loan,standard_payment,False,loan_payment_generator,False,
TXNL202000000192,ACC0000506,IND19003263,LN2019010001197,LDO20200000107,15,2020-04-11,04:31:36,3040.75,Debit,Failed,bank_timeout,Loan Payment - LN2019010001197,False,,0.41,,Automated,Personal Loan,standard_payment,False,loan_payment_generator,False,
TXNL202000000193,ACC0000415,IND19016238,LN2019010001200,LDO20200000108,15,2020-04-15,04:23:24,287.51,Debit,Completed,,Loan Payment - LN2019010001200,False,,0.7,,Automated,Home Loan,standard_payment,False,loan_payment_generator,False,
TXNL202000000194,ACC0000086,IND19000654,LN2019010001211,,15,2020-04-18,04:57:48,894.48,Debit,Completed,,Loan Payment - LN2019010001211,False,,2.5,,Automated,Home Loan,standard_payment,False,loan_payment_generator,False,
TXNL202000000195,ACC0000552,IND19010018,LN2019010001212,LDO20200000109,14,2020-04-02,04:57:05,3438.02,Debit,Completed,,Loan Payment - LN2019010001212,False,,0.29,,Automated,Vehicle Loan,standard_payment,False,loan_payment_generator,False,
TXNL202000000196,ACC0001185,IND19002045,LN2019010001230,LDO20200000110,15,2020-04-11,03:14:23,2425.0,Debit,Completed,,Loan Payment - LN2019010001230,False,,0.81,,Automated,Personal Loan,standard_payment,False,loan_payment_generator,False,
TXNL202000000197,ACC0001486,IND19010904,LN2019010001234,LDO20200000111,14,2020-04-05,04:21:17,3157.23,Debit,Completed,,Loan Payment - LN2019010001234,False,,0.58,,Automated,Home Loan,standard_payment,False,loan_payment_generator,False,
TXNL202000000198,ACC0000515,IND19011906,LN2019010001239,LDO20200000025,14,2020-04-03,03:12:15,1843.66,Debit,Completed,,Loan Payment - LN2019010001239,False,,0.19,,Automated,Home Loan,standard_payment,False,loan_payment_generator,False,
TXNL202000000199,ACC0000604,IND19004880,LN2019010001245,LDO20200000043,15,2020-04-14,02:02:49,3869.28,Debit,Completed,,Loan Payment - LN2019010001245,False,,1.07,,Automated,Home Loan,standard_payment,False,loan_payment_generator,False,
TXNL202000000200,ACC0001152,IND19000150,LN2019010001247,LDO20200000112,14,2020-04-01,04:54:34,1923.18,Debit,Completed,,Loan Payment - LN2019010001247,False,,0.47,,Automated,Home Loan,standard_payment,False,loan_payment_generator,False,
TXNL202000000201,ACC0001298,IND19009380,LN2019010001249,LDO20200000113,14,2020-04-10,02:09:37,3296.05,Debit,Completed,,Loan Payment - LN2019010001249,False,,0.57,,Automated,Home Loan,standard_payment,False,loan_payment_generator,False,
TXNL202000000202,ACC0001164,IND19004303,LN2019010001252,LDO20200000044,14,2020-04-07,03:11:49,275.37,Debit,Completed,,Loan Payment - LN2019010001252 - Late Fee,False,,1.05,,Automated,Home Loan,late_payment,False,loan_payment_generator,False,
TXNL202000000203,ACC0001662,COM19000313,LN2019010001254,,15,2020-04-29,03:56:33,22797.66,Debit,Completed,,Loan Payment - LN2019010001254,False,,2.5,,Automated,Business Loan,standard_payment,False,loan_payment_generator,False,
TXNL202000000204,ACC0000183,IND19008327,LN2019010001260,LDO20200000114,14,2020-04-02,03:18:44,2519.02,Debit,Completed,,Loan Payment - LN2019010001260,False,,0.41,,Automated,Home Loan,standard_payment,False,loan_payment_generator,False,
TXNL202000000205,ACC0000590,IND19004200,LN2019010001263,LDO20200000115,15,2020-04-29,02:35:53,7273.99,Debit,Completed,,Loan Payment - LN2019010001263,False,,1.24,,Automated,Personal Loan,standard_payment,False,loan_payment_generator,False,
TXNL202000000206,ACC0000210,IND19008013,LN2019010001264,LDO20200000045,14,2020-04-01,03:48:40,898.38,Debit,Completed,,Loan Payment - LN2019010001264,False,,0.62,,Automated,Personal Loan,standard_payment,False,loan_payment_generator,False,
TXNL202000000207,ACC0001018,IND19007141,LN2019010001270,LDO20200000015,15,2020-04-23,04:07:14,2853.41,Debit,Completed,,Loan Payment - LN2019010001270,False,,0.63,,Automated,Home Loan,standard_payment,False,loan_payment_generator,False,
TXNL202000000208,ACC0000550,IND19004219,LN2019010001283,LDO20200000046,15,2020-04-20,03:40:26,2267.43,Debit,Completed,,Loan Payment - LN2019010001283,False,,1.05,,Automated,Personal Loan,standard_payment,False,loan_payment_generator,False,
TXNL202000000209,ACC0000889,IND19001057,LN2019010001302,LDO20200000047,15,2020-04-30,04:54:38,2279.58,Debit,Completed,,Loan Payment - LN2019010001302,False,,1.22,,Automated,Home Loan,standard_payment,False,loan_payment_generator,False,
TXNL202000000210,ACC0001153,IND19015308,LN2019010001309,LDO20200000116,15,2020-04-23,02:49:55,450.35,Debit,Completed,,Loan Payment - LN20190100...,False,,0.78,,Automated,Home Loan,standard_payment,False,loan_payment_generator,True,truncated_description
TXNL202000000211,ACC0000049,IND19014761,LN2019010001310,LDO20200000048,15,2020-04-29,03:34:40,2320.46,Debit,Completed,,Loan Payment - LN2019010001310,False,,1.22,,Automated,Vehicle Loan,standard_payment,False,loan_payment_generator,False,
TXNL202000000212,ACC0000189,IND19003338,LN2019010001311,LDO20200000117,15,2020-04-12,03:07:57,1140.95,Debit,Completed,,Loan Payment - LN2019010001311,False,,1.31,,Automated,Home Loan,standard_payment,False,loan_payment_generator,False,
TXNL202000000213,ACC0000404,IND19012958,LN2019010001314,LDO20200000118,15,2020-04-16,02:53:55,1003.52,Debit,Completed,,Loan Payment - LN2019010001314,False,,0.49,,Automated,Personal Loan,standard_payment,False,loan_payment_generator,False,
TXNL202000000214,ACC0001355,IND19009031,LN2019010001315,LDO20200000049,14,2020-04-04,03:36:06,4273.48,Debit,Completed,,Loan Payment - LN2019010001315,False,,0.6,,Automated,Personal Loan,standard_payment,False,loan_payment_generator,False,
TXNL202000000215,ACC0000159,IND19009851,LN2019010001326,LDO20200000050,15,2020-04-28,02:30:47,1772.07,Debit,Completed,,Loan Payment - LN2019010001326,False,,0.06,,Automated,Home Loan,standard_payment,False,loan_payment_generator,False,
TXNL202000000216,ACC0000721,IND19006161,LN2019010001331,LDO20200000119,15,2020-04-20,02:14:40,3202.46,Debit,Completed,,Loan Payment - LN2019010001331,False,,1.44,,Automated,Home Loan,standard_payment,False,loan_payment_generator,False,
TXNL202000000217,ACC0001494,IND19015488,LN2019010001339,LDO20200000120,15,2020-04-20,03:32:04,1182.67,Debit,Completed,,Loan Payment - LN2019010001339,False,,1.85,,Automated,Personal Loan,standard_payment,False,loan_payment_generator,False,
TXNL202000000218,ACC0000460,IND19006127,LN2019010001349,LDO20200000121,14,2020-04-06,02:56:20,1312.58,Debit,Completed,,Loan Payment - LN2019010001349,False,,0.03,,Automated,Home Loan,standard_payment,False,loan_payment_generator,False,
TXNL202000000219,ACC0001046,IND19014386,LN2019010001351,LDO20200000122,14,2020-04-02,02:05:25,1152.7,Debit,Completed,,Loan Payment - LN2019010001351,False,,1.4,,Automated,Home Loan,standard_payment,False,loan_payment_generator,False,
TXNL202000000220,ACC0001374,IND19009678,LN2019010001352,LDO20200000007,15,2020-04-15,02:13:47,988.97,Debit,Completed,,Loan Payment - LN2019010001352,False,,0.23,,Automated,Personal Loan,standard_payment,False,loan_payment_generator,False,
TXNL202000000221,ACC0001036,IND19011001,LN2019010001377,LDO20200000051,14,2020-04-06,02:06:26,2821.71,Debit,Completed,,Loan Payment - LN2019010001377,False,,0.48,,Automated,Personal Loan,standard_payment,False,loan_payment_generator,False,
TXNL202000000222,ACC0001641,COM19000218,LN2019010001380,LDO20200000123,14,2020-04-02,03:28:05,19612.6,Debit,Completed,,Loan Payment - LN2019010001380,False,,0.76,,Automated,Business Loan,standard_payment,False,loan_payment_generator,False,
TXNL202000000223,ACC0001344,IND19009855,LN2019010001385,LDO20200000052,14,2020-04-02,02:26:06,2122.86,Debit,Completed,,Loan Payment - LN2019010001385,False,,0.31,,Automated,Home Loan,standard_payment,False,loan_payment_generator,False,
TXNL202000000224,ACC0001129,IND19005846,LN2019010001386,LDO20200000124,15,2020-04-11,03:52:54,726.09,Debit,Completed,,Loan Payment - LN2019010001386,False,,1.93,,Automated,Home Loan,standard_payment,False,loan_payment_generator,False,
TXNL202000000225,ACC0001335,IND19015197,LN2019010001399,LDO20200000053,15,2020-04-10,03:39:23,2433.11,Debit,Completed,,Loan Payment - LN2019010001399,False,,0.92,,Automated,Personal Loan,standard_payment,False,loan_payment_generator,False,
TXNL202000000226,ACC0000505,IND19012808,LN2019010001412,LDO20200000125,15,2020-04-27,02:31:08,569.56,Debit,Completed,,Loan Payment - LN2019010001412,False,,1.37,,Automated,Personal Loan,standard_payment,False,loan_payment_generator,False,
TXNL202000000227,ACC0000687,IND19005091,LN2019010001414,LDO20200000126,15,2020-04-30,04:26:31,178.15,Debit,Completed,,Loan Payment - LN2019010001414,False,,0.22,,Automated,Home Loan,standard_payment,False,loan_payment_generator,False,
TXNL202000000228,ACC0000234,IND19015431,LN2019010001420,LDO20200000127,14,2020-04-04,02:02:51,3045.32,Debit,Completed,,Loan Payment - LN2019010001420,False,,1.45,,Automated,Home Loan,standard_payment,False,loan_payment_generator,False,
TXNL202000000229,ACC0000702,IND19016305,LN2019010001423,LDO20200000054,15,2020-04-10,04:57:36,3469.0,Debit,Completed,,Loan Payment - LN2019010001423,False,,0.58,,Automated,Home Loan,standard_payment,False,loan_payment_generator,False,
TXNL202000000230,ACC0000276,IND19007519,LN2019010001435,LDO20200000128,15,2020-04-30,04:19:04,2171.77,Debit,Completed,,Loan Payment - LN2019010001435,False,,0.93,,Automated,Vehicle Loan,standard_payment,False,loan_payment_generator,False,
TXNL202000000231,ACC0001187,IND19002773,LN2019010001436,LDO20200000055,15,2020-04-08,04:27:40,2357.2,Debit,Completed,,Loan Payment - LN2019010001436,False,,1.58,,Automated,Vehicle Loan,standard_payment,False,loan_payment_generator,False,
TXNL202000000232,ACC0001320,IND19001004,LN2019010001440,LDO20200000026,15,2020-04-17,03:34:05,1503.05,Debit,Failed,account_blocked,Loan Payment - LN2019010001440,False,,1.55,,Automated,Vehicle Loan,standard_payment,False,loan_payment_generator,False,
TXNL202000000233,ACC0000003,IND19007744,LN2019010001447,LDO20200000129,15,2020-04-17,04:49:03,2833.94,Debit,Completed,,Loan Payment - LN2019010001447,False,,1.14,,Automated,Vehicle Loan,standard_payment,False,loan_payment_generator,False,
TXNL202000000234,ACC0000804,IND19003109,LN2019010001449,LDO20200000056,14,2020-04-03,02:09:21,1271.13,Debit,Completed,,Loan Payment - LN2019010001449,False,,1.18,,Automated,Home Loan,standard_payment,False,loan_payment_generator,False,
TXNL202000000235,ACC0000978,IND19008839,LN2019010001451,LDO20200000130,14,2020-04-04,04:09:33,703.77,Debit,Completed,,Loan Payment - LN2019010001451,False,,1.68,,Automated,Home Loan,standard_payment,False,loan_payment_generator,False,
TXNL202000000236,ACC0000463,IND19014060,LN2019010001455,LDO20200000131,14,2020-04-09,04:14:30,1650.2,Debit,Completed,,Loan Payment - LN2019010001455,False,,1.13,,Automated,Home Loan,standard_payment,False,loan_payment_generator,False,
TXNL202000000237,ACC0001594,IND19015422,LN2019010001467,LDO20200000132,15,2020-04-27,03:52:42,832.06,Debit,Completed,,Loan Payment - LN2019010001467,False,,1.91,,Automated,Vehicle Loan,standard_payment,False,loan_payment_generator,False,
TXNL202000000238,ACC0001480,IND19013470,LN2019010001473,LDO20200000057,15,2020-04-18,01:27:44,1598.74,Debit,Failed,bank_timeout,Loan Payment - LN2019010001473,False,,1.3,,Automated,Home Loan,standard_payment,False,loan_payment_generator,True,timestamp_shift
TXNL202000000239,ACC0000265,IND19009394,LN2019010001482,LDO20200000133,15,2020-04-23,03:53:22,1522.56,Debit,Completed,,Loan Payment - LN2019010001482 - Extra Principal,False,,1.98,,Automated,Home Loan,extra_payment,False,loan_payment_generator,False,
TXNL202000000240,ACC0000242,IND19013930,LN2019010001487,LDO20200000134,15,2020-04-23,04:40:56,4323.94,Debit,Completed,,Loan Payment - LN2019010001487,False,,1.83,,Automated,Personal Loan,standard_payment,False,loan_payment_generator,False,
TXNL202000000241,ACC0000710,IND19010571,LN2019010001488,LDO20200000135,15,2020-04-25,04:53:17,628.95,Debit,Completed,,Loan Payment - LN2019010001488,False,,0.59,,Automated,Home Loan,standard_payment,False,loan_payment_generator,False,
TXNL202000000242,ACC0001381,IND19013372,LN2019010001489,LDO20200000136,15,2020-04-20,02:15:36,915.3,Debit,Completed,,Loan Payment - LN2019010001489,False,,1.53,,Automated,Vehicle Loan,standard_payment,False,loan_payment_generator,False,
TXNL202000000243,ACC0000589,IND19011813,LN2019010001501,LDO20200000137,15,2020-04-19,02:28:07,1104.98,Debit,Completed,,Loan Payment - LN2019010001501,False,,0.21,,Automated,Vehicle Loan,standard_payment,False,loan_payment_generator,False,
TXNL202000000244,ACC0001117,IND19016009,LN2019010001502,LDO20200000138,15,2020-04-10,03:56:33,4012.81,Debit,Completed,,Loan Payment - LN2019010001502 - Partial,False,,0.06,,Automated,Home Loan,partial_payment,False,loan_payment_generator,False,
TXNL202000000245,ACC0001578,IND19013200,LN2019010001503,LDO20200000058,15,2020-04-30,04:33:04,1411.31,Debit,Completed,,Loan Payment - LN2019010001503,False,,1.3,,Automated,Vehicle Loan,standard_payment,False,loan_payment_generator,False,
TXNL202000000246,ACC0000047,IND19006418,LN2019010001505,LDO20200000059,15,2020-04-30,04:07:57,1048.91,Debit,Completed,,Loan Payment - LN2019010001505,False,,1.12,,Automated,Home Loan,standard_payment,False,loan_payment_generator,False,
TXNL202000000247,ACC0001632,IND19007111,LN2019010001511,LDO20200000060,14,2020-04-03,07:11:00,3857.86,Debit,Completed,,Loan Payment - LN2019010001511,False,,1.04,,Automated,Home Loan,standard_payment,False,loan_payment_generator,True,timestamp_shift
TXNL202000000248,ACC0000619,IND19013703,LN2019010001517,LDO20200000139,15,2020-04-18,04:56:42,3471.59,Debit,Completed,,Loan Payment - LN2019010001517,False,,0.14,,Automated,Personal Loan,standard_payment,False,loan_payment_generator,False,
TXNL202000000249,ACC0001150,IND19003805,LN2019010001521,LDO20200000140,15,2020-04-28,04:31:58,1383.77,Debit,Completed,,Loan Payment - LN2019010001521,False,,0.37,,Automated,Home Loan,standard_payment,False,loan_payment_generator,False,
TXNL202000000250,ACC0001273,IND19004976,LN2019010001532,LDO20200000141,15,2020-04-29,03:50:51,236.0,Debit,Completed,,Loan Payment - LN2019010001532,False,,0.43,,Automated,Home Loan,standard_payment,False,loan_payment_generator,False,
TXNL202000000251,ACC0000140,IND19000343,LN2019010001537,LDO20200000142,15,2020-04-17,04:27:49,467.12,Debit,Completed,,Loan Payment - LN2019010001537,False,,0.29,,Automated,Personal Loan,standard_payment,False,loan_payment_generator,False,
TXNL202000000252,ACC0001139,IND19002237,LN2019010001545,LDO20200000027,14,2020-04-01,03:11:35,1631.37,Debit,Completed,,Loan Payment - LN2019010001545,False,,0.3,,Automated,Home Loan,standard_payment,False,loan_payment_generator,False,
TXNL202000000253,ACC0000405,IND19005493,LN2019010001575,LDO20200000061,15,2020-04-17,04:45:31,877.05,Debit,Completed,,Loan Payment - LN2019010001575,False,,1.11,,Automated,Personal Loan,standard_payment,False,loan_payment_generator,False,
TXNL202000000254,ACC0001223,IND19005824,LN2019010001580,LDO20200000143,15,2020-04-14,02:55:12,691.46,Debit,Completed,,Loan Payment - LN2019010001580,False,,0.28,,Automated,Home Loan,standard_payment,False,loan_payment_generator,False,
TXNL202000000255,ACC0002719,IND19013176,LN2019020000017,LDO20200000144,13,2020-04-02,04:51:51,2346.2,Debit,Cancelled,customer_stop_instruction,Loan Payment - LN2019020000017,False,,0.91,,Automated,Personal Loan,standard_payment,False,loan_payment_generator,False,
TXNL202000000256,ACC0001701,IND19000332,LN2019020000021,LDO20200000145,14,2020-04-19,04:32:43,1646.67,Debit,Completed,,Loan Payment - LN2019020000021,False,,0.63,,Automated,Personal Loan,standard_payment,False,loan_payment_generator,False,
TXNL202000000257,ACC0002906,IND19014412,LN2019020000027,LDO20200000146,13,2020-04-01,03:34:41,560.47,Debit,Completed,,Loan Payment - LN2019020000027,False,,0.47,,Automated,Home Loan,standard_payment,False,loan_payment_generator,False,
TXNL202000000258,ACC0001774,IND19001403,LN2019020000030,LDO20200000147,14,2020-04-12,04:04:15,1329.29,Debit,Completed,,Loan Payment - LN2019020000030 - Late Fee,False,,0.91,,Automated,Vehicle Loan,late_payment,False,loan_payment_generator,False,
TXNL202000000259,ACC0001880,IND19004294,LN2019020000032,LDO20200000148,14,2020-04-16,02:18:58,6367.9,Debit,Failed,insufficient_funds,Loan Payment - LN2019020000032,False,,0.98,,Automated,Home Loan,standard_payment,False,loan_payment_generator,False,
TXNL202000000260,ACC0002442,IND19011212,LN2019020000038,LDO20200000028,14,2020-04-13,02:51:18,15924.35,Debit,Completed,,Loan Payment - LN2019020000038,False,,0.5,,Automated,Personal Loan,standard_payment,False,loan_payment_generator,False,
TXNL202000000261,ACC0002292,IND19001394,LN2019020000040,LDO20200000149,14,2020-04-20,04:40:20,775.6,Debit,Completed,,Loan Payment - LN2019020000040,False,,0.34,,Automated,Home Loan,standard_payment,False,loan_payment_generator,False,
TXNL202000000262,ACC0002054,IND19008070,LN2019020000047,LDO20200000062,14,2020-04-18,02:25:22,5995.84,Debit,Completed,,Loan Payment - LN2019020000047,False,,1.92,,Automated,Home Loan,standard_payment,False,loan_payment_generator,False,
TXNL202000000263,ACC0001908,IND19016414,LN2019020000068,LDO20200000150,13,2020-04-05,03:53:21,801.28,Debit,Completed,,Loan Payment - LN2019020000068,False,,0.55,,Automated,Vehicle Loan,standard_payment,False,loan_payment_generator,False,
TXNL202000000264,ACC0002698,IND19007039,LN2019020000082,LDO20200000151,13,2020-04-02,02:02:21,2104.71,Debit,Completed,,Loan Payment - LN2019020000082,False,,1.66,,Automated,Vehicle Loan,standard_payment,False,loan_payment_generator,False,
TXNL202000000265,ACC0001902,IND19002096,LN2019020000112,LDO20200000152,14,2020-04-18,02:08:41,280.94,Debit,Completed,,Loan Payment - LN2019020000112 - Partial,False,,0.62,,Automated,Home Loan,partial_payment,False,loan_payment_generator,False,
TXNL202000000266,ACC0002036,IND19015685,LN2019020000118,LDO20200000153,14,2020-04-23,03:10:44,1396.95,Debit,Completed,,Loan Payment - LN2019020000118,False,,0.65,,Automated,Vehicle Loan,standard_payment,False,loan_payment_generator,False,
TXNL202000000267,ACC0002677,IND19012680,LN2019020000130,LDO20200000155,14,2020-04-21,02:07:24,1995.58,Debit,Completed,,Loan Payment - LN2019020000130,False,,1.44,,Automated,Personal Loan,standard_payment,False,loan_payment_generator,False,
TXNL202000000268,ACC0001916,IND19016327,LN2019020000145,LDO20200000156,14,2020-04-17,04:24:10,3605.14,Debit,Completed,,Loan Payment - LN2019020000145,False,,0.76,,Automated,Home Loan,standard_payment,False,loan_payment_generator,False,
TXNL202000000269,ACC0002899,IND19015417,LN2019020000152,LDO20200000063,14,2020-04-22,04:48:10,2511.95,Debit,Completed,,Loan Payment - LN2019020000152,False,,0.32,,Automated,Personal Loan,standard_payment,False,loan_payment_generator,False,
TXNL202000000270,ACC0002946,IND19016946,LN2019020000156,LDO20200000016,14,2020-04-27,03:14:55,667.59,Debit,Completed,,Loan Payment - LN2019020000156,False,,0.59,,Automated,Home Loan,standard_payment,False,loan_payment_generator,False,
TXNL202000000271,ACC0002447,IND19015613,LN2019020000158,LDO20200000157,14,2020-04-25,02:39:09,2771.89,Debit,Completed,,Loan Payment - LN2019020000158,False,,1.55,,Automated,Personal Loan,standard_payment,False,loan_payment_generator,False,
TXNL202000000272,ACC0002582,IND19016176,LN2019020000174,LDO20200000158,14,2020-04-27,04:18:29,953.71,Debit,Completed,,Loan Payment - LN2019020000174,False,,1.62,,Automated,Home Loan,standard_payment,False,loan_payment_generator,False,
TXNL202000000273,ACC0002604,IND19013546,LN2019020000189,LDO20200000008,14,2020-04-09,02:54:06,3356.54,Debit,Completed,,Loan Payment - LN20190200...,False,,1.74,,Automated,Home Loan,standard_payment,False,loan_payment_generator,True,truncated_description
TXNL202000000274,ACC0001985,IND19002227,LN2019020000196,LDO20200000017,14,2020-04-13,04:55:19,2874.8,Debit,Failed,insufficient_funds,Loan Payment - LN2019020000196,False,,1.42,,Automated,Personal Loan,standard_payment,False,loan_payment_generator,False,
TXNL202000000275,ACC0002680,IND19012817,LN2019020000203,LDO20200000064,14,2020-04-16,03:58:30,5034.19,Debit,Completed,,Loan Payment - LN2019020000203,False,,1.36,,Automated,Home Loan,standard_payment,False,loan_payment_generator,False,
TXNL202000000276,ACC0002721,IND19004779,LN2019020000214,LDO20200000029,13,2020-04-08,04:49:42,755.62,Debit,Completed,,Loan Payment - LN2019020000214,False,,1.91,,Automated,Home Loan,standard_payment,False,loan_payment_generator,False,
TXNL202000000277,ACC0001865,IND19005343,LN2019020000222,LDO20200000159,13,2020-04-01,02:02:23,3670.22,Debit,Completed,,Loan Payment - LN2019020000222,False,,1.82,,Automated,Personal Loan,standard_payment,False,loan_payment_generator,False,
TXNL202000000278,ACC0001707,IND19000845,LN2019020000227,LDO20200000030,14,2020-04-27,04:35:18,3229.41,Debit,Completed,,Loan Payment - LN2019020000227,False,,1.31,,Automated,Vehicle Loan,standard_payment,False,loan_payment_generator,False,
TXNL202000000279,ACC0002341,IND19001126,LN2019020000229,LDO20200000160,14,2020-04-13,04:52:58,1789.29,Debit,Completed,,Loan Payment - LN2019020000229,False,,0.85,,Automated,Vehicle Loan,standard_payment,False,loan_payment_generator,False,
TXNL202000000280,ACC0001730,IND19001687,LN2019020000235,LDO20200000065,14,2020-04-15,03:49:14,3449.99,Debit,Completed,,Loan Payment - LN2019020000235 - Late Fee,False,,1.0,,Automated,Personal Loan,late_payment,False,loan_payment_generator,False,
TXNL202000000281,ACC0003242,IND19001412,LN2019020000236,LDO20200000161,14,2020-04-13,02:04:12,3391.28,Debit,Completed,,Loan Payment - LN2019020000236,False,,1.73,,Automated,Vehicle Loan,standard_payment,False,loan_payment_generator,False,
TXNL202000000282,ACC0001680,IND19000900,LN2019020000242,LDO20200000162,14,2020-04-23,04:17:23,684.83,Debit,Failed,mandate_limit,Loan Payment - LN2019020000242,False,,0.33,,Automated,Home Loan,standard_payment,False,loan_payment_generator,True,status_inconsistency
TXNL202000000283,ACC0002412,IND19005294,LN2019020000243,LDO20200000066,14,2020-04-14,03:31:09,194.63,Debit,Completed,,Loan Payment - LN2019020000243 - Partial,False,,0.5,,Automated,Home Loan,partial_payment,False,loan_payment_generator,False,
TXNL202000000284,ACC0001772,IND19009977,LN2019020000244,LDO20200000163,14,2020-04-13,02:51:04,1512.18,Debit,Completed,,Loan Payment - LN2019020000244 - Late Fee,False,,1.12,,Automated,Home Loan,late_payment,False,loan_payment_generator,False,
TXNL202000000285,ACC0002798,IND19016230,LN2019020000246,LDO20200000031,14,2020-04-24,02:48:24,2349.38,Debit,Completed,,Loan Payment - LN2019020000246,False,,0.41,,Automated,Personal Loan,standard_payment,False,loan_payment_generator,False,
TXNL202000000286,ACC0001937,IND19003342,LN2019020000249,LDO20200000164,14,2020-04-25,02:00:26,2809.39,Debit,Completed,,Loan Payment - LN2019020000249,False,,0.07,,Automated,Personal Loan,standard_payment,False,loan_payment_generator,False,
TXNL202000000287,ACC0002618,IND19006444,LN2019020000251,LDO20200000165,14,2020-04-20,03:16:10,896.41,Debit,Completed,,Loan Payment - LN2019020000251,False,,0.68,,Automated,Vehicle Loan,standard_payment,False,loan_payment_generator,False,
TXNL202000000288,ACC0001851,IND19005961,LN2019020000256,LDO20200000067,14,2020-04-11,03:32:38,2769.86,Debit,Completed,,Loan Payment - LN2019020000256 - Late Fee,False,,0.56,,Automated,Home Loan,late_payment,False,loan_payment_generator,False,
TXNL202000000289,ACC0003271,IND19016447,LN2019020000260,LDO20200000166,14,2020-04-18,03:45:54,3362.77,Debit,Completed,,Loan Payment - LN2019020000260,False,,0.19,,Automated,Home Loan,standard_payment,False,loan_payment_generator,False,
TXNL202000000290,ACC0002687,IND19013686,LN2019020000261,LDO20200000167,14,2020-04-12,03:35:04,1652.43,Debit,Completed,,Loan Payment - LN2019020000261,False,,1.41,,Automated,Personal Loan,standard_payment,False,loan_payment_generator,False,
TXNL202000000291,ACC0002321,IND19011152,LN2019020000262,LDO20200000168,13,2020-04-04,03:39:57,291.66,Debit,Completed,,Loan Payment - LN2019020000262,False,,1.0,,Automated,Home Loan,standard_payment,False,loan_payment_generator,False,
TXNL202000000292,ACC0002291,IND19009288,LN2019020000266,LDO20200000169,14,2020-04-11,02:30:23,1011.18,Debit,Completed,,Loan Payment - LN2019020000266,False,,0.45,,Automated,Home Loan,standard_payment,False,loan_payment_generator,False,
TXNL202000000293,ACC0003390,COM19000015,LN2019020000269,LDO20200000032,13,2020-04-04,03:38:00,10726.59,Debit,Completed,,Loan Payment - LN2019020000269,False,,0.43,,Automated,Business Loan,standard_payment,False,loan_payment_generator,False,
TXNL202000000294,ACC0001938,IND19009228,LN2019020000272,LDO20200000170,14,2020-04-11,03:28:56,4337.03,Debit,Completed,,Loan Payment - LN2019020000272,False,,0.67,,Automated,Home Loan,standard_payment,False,loan_payment_generator,False,
TXNL202000000295,ACC0002619,IND19006444,LN2019020000300,LDO20200000068,14,2020-04-20,04:33:54,1839.27,Debit,Failed,account_blocked,Loan Payment - LN2019020000300,False,,0.66,,Automated,Home Loan,standard_payment,False,loan_payment_generator,False,
TXNL202000000296,ACC0002778,IND19013008,LN2019020000307,LDO20200000069,14,2020-04-21,02:31:24,2912.63,Debit,Completed,,Loan Payment - LN2019020000307,False,,0.11,,Automated,Home Loan,standard_payment,False,loan_payment_generator,False,
TXNL202000000297,ACC0002241,IND19006183,LN2019020000311,LDO20200000171,13,2020-04-06,02:43:19,6282.61,Debit,Completed,,Loan Payment - LN2019020000311,False,,0.78,,Automated,Home Loan,standard_payment,False,loan_payment_generator,False,
TXNL202000000298,ACC0002200,IND19004311,LN2019020000315,LDO20200000172,13,2020-04-01,02:36:27,3425.55,Debit,Completed,,Loan Payment - LN2019020000315,False,,1.48,,Automated,Home Loan,standard_payment,False,loan_payment_generator,False,
TXNL202000000299,ACC0002941,IND19004381,LN2019020000322,LDO20200000173,14,2020-04-11,04:28:23,1904.24,Debit,Completed,,Loan Payment - LN2019020000322,False,,1.95,,Automated,Home Loan,standard_payment,False,loan_payment_generator,False,
TXNL202000000300,ACC0002663,IND19014006,LN2019020000342,LDO20200000174,14,2020-04-28,03:50:23,3126.01,Debit,Completed,,Loan Payment - LN2019020000342,False,,1.95,,Automated,Home Loan,standard_payment,False,loan_payment_generator,False,
TXNL202000000301,ACC0002482,IND19000798,LN2019020000344,LDO20200000175,13,2020-04-01,03:38:51,2943.33,Debit,Completed,,Loan Payment - LN2019020000344,False,,1.28,,Automated,Vehicle Loan,standard_payment,False,loan_payment_generator,False,
TXNL202000000302,ACC0003129,IND19002377,LN2019020000346,LDO20200000070,14,2020-04-19,03:56:51,2810.42,Debit,Completed,,Loan Payment - LN2019020000346,False,,1.11,,Automated,Home Loan,standard_payment,False,loan_payment_generator,False,
TXNL202000000303,ACC0002474,IND19017936,LN2019020000347,LDO20200000018,13,2020-04-03,03:18:57,1927.18,Debit,Completed,,Loan Payment - LN2019020000347,False,,1.98,,Automated,Vehicle Loan,standard_payment,False,loan_payment_generator,False,
TXNL202000000304,ACC0002303,IND19009325,LN2019020000352,LDO20200000176,13,2020-04-07,04:12:57,947.57,Debit,Failed,insufficient_funds,Loan Payment - LN2019020000352,False,,0.04,,Automated,Home Loan,standard_payment,False,loan_payment_generator,False,
TXNL202000000305,ACC0002913,IND19001346,LN2019020000354,LDO20200000177,13,2020-04-02,02:14:08,4076.47,Debit,Completed,,Loan Payment - LN2019020000354,False,,0.3,,Automated,Home Loan,standard_payment,False,loan_payment_generator,False,
TXNL202000000306,ACC0001863,IND19014727,LN2019020000360,LDO20200000071,13,2020-04-01,04:22:25,4078.26,Debit,Completed,,Loan Payment - LN20190200...,False,,1.28,,Automated,Personal Loan,standard_payment,False,loan_payment_generator,True,truncated_description
TXNL202000000307,ACC0003245,IND19011194,LN2019020000361,LDO20200000178,14,2020-04-15,02:41:32,2184.04,Debit,Completed,,Loan Payment - LN2019020000361,False,,0.49,,Automated,Vehicle Loan,standard_payment,False,loan_payment_generator,False,
TXNL202000000308,ACC0001788,IND19012630,LN2019020000363,LDO20200000072,13,2020-04-07,04:18:33,3244.04,Debit,Completed,,Loan Payment - LN2019020000363,False,,0.29,,Automated,Vehicle Loan,standard_payment,False,loan_payment_generator,False,
TXNL202000000309,ACC0001837,IND19017578,LN2019020000367,LDO20200000179,14,2020-04-28,04:14:19,2920.43,Debit,Failed,mandate_limit,Loan Payment - LN2019020000367,False,,1.84,,Automated,Home Loan,standard_payment,False,loan_payment_generator,False,
TXNL202000000310,ACC0001739,IND19006479,LN2019020000380,LDO20200000181,13,2020-04-10,03:03:39,771.42,Debit,Completed,,Loan Payment - LN2019020000380,False,,0.4,,Automated,Home Loan,standard_payment,False,loan_payment_generator,False,
TXNL202000000311,ACC0002265,IND19017038,LN2019020000381,LDO20200000019,14,2020-04-22,02:28:03,1263.05,Debit,Completed,,Loan Payment - LN2019020000381,False,,1.53,,Automated,Vehicle Loan,standard_payment,False,loan_payment_generator,False,
TXNL202000000312,ACC0002346,IND19002859,LN2019020000391,LDO20200000073,13,2020-04-03,02:12:53,1109.51,Debit,Completed,,Loan Payment - LN2019020000391,False,,1.17,,Automated,Home Loan,standard_payment,False,loan_payment_generator,False,
TXNL202000000313,ACC0002318,IND19015821,LN2019020000406,LDO20200000020,14,2020-04-18,03:56:41,2091.84,Debit,Failed,insufficient_funds,Loan Payment - LN2019020000406,False,,1.12,,Automated,Home Loan,standard_payment,False,loan_payment_generator,False,
TXNL202000000314,ACC0003234,IND19003150,LN2019020000415,LDO20200000182,14,2020-04-17,04:30:42,5249.06,Debit,Failed,bank_timeout,Loan Payment - LN2019020000415,False,,0.97,,Automated,Personal Loan,standard_payment,False,loan_payment_generator,False,
TXNL202000000315,ACC0002733,IND19007741,LN2019020000426,LDO20200000033,14,2020-04-05,03:40:49,12286.92,Debit,Completed,,Loan Payment - LN20190200...,False,,0.97,,Automated,Personal Loan,standard_payment,False,loan_payment_generator,True,truncated_description
TXNL202000000316,ACC0002248,IND19012631,LN2019020000437,,14,2020-04-13,02:57:13,533.6,Debit,Completed,,Loan Payment - LN2019020000437,False,,2.5,,Automated,Personal Loan,standard_payment,False,loan_payment_generator,False,
TXNL202000000317,ACC0003383,COM19000130,LN2019020000448,LDO20200000183,14,2020-04-25,04:08:49,37504.81,Debit,Completed,,Loan Payment - LN2019020000448,False,,1.13,,Automated,Business Loan,standard_payment,False,loan_payment_generator,False,
TXNL202000000318,ACC0002894,IND19017223,LN2019020000451,LDO20200000184,13,2020-04-01,03:53:55,2203.43,Debit,Completed,,Loan Payment - LN2019020000451,False,,1.97,,Automated,Vehicle Loan,standard_payment,False,loan_payment_generator,False,
TXNL202000000319,ACC0002632,IND19017768,LN2019020000453,LDO20200000185,14,2020-04-16,04:17:37,2864.58,Debit,Failed,mandate_limit,Loan Payment - LN2019020000453 - Recovery,False,,1.38,,Automated,Home Loan,recovery_payment,True,loan_payment_generator,False,
TXNL202000000320,ACC0002083,IND19010755,LN2019020000458,LDO20200000021,14,2020-04-18,03:05:23,2716.74,Debit,Completed,,Loan Payment - LN2019020000458,False,,1.9,,Automated,Vehicle Loan,standard_payment,False,loan_payment_generator,False,
TXNL202000000321,ACC0002623,IND19011260,LN2019020000462,LDO20200000186,14,2020-04-10,03:41:49,2762.93,Debit,Completed,,Loan Payment - LN2019020000462,False,,1.41,,Automated,Home Loan,standard_payment,False,loan_payment_generator,False,
TXNL202000000322,ACC0002601,IND19015358,LN2019020000464,LDO20200000187,14,2020-04-18,04:19:11,612.82,Debit,Failed,insufficient_funds,Loan Payment - LN2019020000464 - Partial,False,,1.07,,Automated,Home Loan,partial_payment,False,loan_payment_generator,True,status_inconsistency
TXNL202000000323,ACC0002851,IND19013194,LN2019020000465,LDO20200000188,14,2020-04-26,04:44:00,1127.39,Debit,Failed,bank_timeout,Loan Payment - LN2019020000465,False,,1.77,,Automated,Vehicle Loan,standard_payment,False,loan_payment_generator,False,
TXNL202000000324,ACC0002140,IND19013361,LN2019020000474,LDO20200000034,14,2020-04-20,02:46:54,3995.99,Debit,Completed,,Loan Payment - LN2019020000474,False,,0.42,,Automated,Vehicle Loan,standard_payment,False,loan_payment_generator,False,
TXNL202000000325,ACC0002934,IND19011169,LN2019020000488,LDO20200000074,13,2020-04-02,04:40:07,4493.42,Debit,Completed,,Loan Payment - LN2019020000488,False,,1.74,,Automated,Home Loan,standard_payment,False,loan_payment_generator,False,
TXNL202000000326,ACC0003057,IND19010891,LN2019020000491,LDO20200000075,14,2020-04-11,03:55:53,3111.54,Debit,Completed,,Loan Payment - LN2019020000491,False,,1.06,,Automated,Personal Loan,standard_payment,False,loan_payment_generator,False,
TXNL202000000327,ACC0002267,IND19005311,LN2019020000492,LDO20200000022,14,2020-04-22,04:01:56,1843.61,Debit,Completed,,Loan Payment - LN2019020000492,False,,1.64,,Automated,Home Loan,standard_payment,False,loan_payment_generator,False,
TXNL202000000328,ACC0002257,IND19005614,LN2019020000497,LDO20200000189,14,2020-04-12,02:21:01,24221.95,Debit,Completed,,Loan Payment - LN2019020000497,False,,0.02,,Automated,Personal Loan,standard_payment,False,loan_payment_generator,False,
TXNL202000000329,ACC0002503,IND19013977,LN2019020000508,LDO20200000076,13,2020-04-06,03:48:43,7718.79,Debit,Completed,,Loan Payment - LN2019020000508,False,,1.71,,Automated,Home Loan,standard_payment,False,loan_payment_generator,False,
TXNL202000000330,ACC0002846,IND19005704,LN2019020000526,LDO20200000191,13,2020-04-04,04:37:32,210.41,Debit,Completed,,Loan Payment - LN2019020000526,False,,1.12,,Automated,Home Loan,standard_payment,False,loan_payment_generator,False,
TXNL202000000331,ACC0002375,IND19009116,LN2019020000529,LDO20200000192,14,2020-04-13,04:52:49,916.18,Debit,Completed,,Loan Payment - LN2019020000529,False,,1.09,,Automated,Personal Loan,standard_payment,False,loan_payment_generator,False,
TXNL202000000332,ACC0003084,IND19009670,LN2019020000531,LDO20200000077,14,2020-04-23,04:21:50,3117.38,Debit,Completed,,Loan Payment - LN2019020000531,False,,0.61,,Automated,Vehicle Loan,standard_payment,False,loan_payment_generator,False,
TXNL202000000333,ACC0002397,IND19011058,LN2019020000532,LDO20200000193,14,2020-04-23,04:53:00,798.92,Debit,Completed,,Loan Payment - LN2019020000532,False,,0.92,,Automated,Vehicle Loan,standard_payment,False,loan_payment_generator,False,
TXNL202000000334,ACC0001936,IND19008592,LN2019020000537,LDO20200000078,14,2020-04-12,02:03:10,894.79,Debit,Completed,,Loan Payment - LN2019020000537 - Late Fee,False,,1.8,,Automated,Vehicle Loan,late_payment,False,loan_payment_generator,False,
TXNL202000000335,ACC0003065,IND19007646,LN2019020000546,LDO20200000194,14,2020-04-20,04:08:10,1414.47,Debit,Completed,,Loan Payment - LN2019020000546,False,,0.95,,Automated,Vehicle Loan,standard_payment,False,loan_payment_generator,False,
TXNL202000000336,ACC0003241,IND19001412,LN2019020000549,LDO20200000079,14,2020-04-11,04:50:54,14216.28,Debit,Completed,,Loan Payment - LN2019020000549,False,,0.05,,Automated,Personal Loan,standard_payment,False,loan_payment_generator,False,
TXNL202000000337,ACC0002864,IND19007639,LN2019020000570,LDO20200000080,14,2020-04-11,02:00:29,571.55,Debit,Completed,,Loan Payment - LN2019020000570,False,,0.0,,Automated,Home Loan,standard_payment,False,loan_payment_generator,False,
TXNL202000000338,ACC0001891,IND19010844,LN2019020000573,LDO20200000195,14,2020-04-20,03:03:02,785.13,Debit,Completed,,Loan Payment - LN2019020000573,False,,1.76,,Automated,Home Loan,standard_payment,False,loan_payment_generator,False,
TXNL202000000339,ACC0003213,IND19014004,LN2019020000588,LDO20200000081,14,2020-04-21,03:34:46,1391.12,Debit,Completed,,Loan Payment - LN2019020000588,False,,1.01,,Automated,Home Loan,standard_payment,False,loan_payment_generator,False,
TXNL202000000340,ACC0002630,IND19015606,LN2019020000593,LDO20200000196,14,2020-04-22,02:06:32,7225.68,Debit,Completed,,Loan Payment - LN2019020000593,False,,1.53,,Automated,Home Loan,standard_payment,False,loan_payment_generator,False,
TXNL202000000341,ACC0002093,IND19015493,LN2019020000599,LDO20200000197,13,2020-04-05,02:01:43,713.89,Debit,Completed,,Loan Payment - LN2019020000599,False,,1.48,,Automated,Vehicle Loan,standard_payment,False,loan_payment_generator,False,
TXNL202000000342,ACC0002006,IND19009890,LN2019020000600,LDO20200000198,14,2020-04-26,02:56:02,1225.87,Debit,Completed,,Loan Payment - LN2019020000600,False,,1.78,,Automated,Personal Loan,standard_payment,False,loan_payment_generator,False,
TXNL202000000343,ACC0001714,IND19009033,LN2019020000601,LDO20200000082,13,2020-04-02,04:09:08,1702.98,Debit,Completed,,Loan Payment - LN2019020000601,False,,1.77,,Automated,Personal Loan,standard_payment,False,loan_payment_generator,True,amount_rounding_error
TXNL202000000344,ACC0002476,IND19015568,LN2019020000612,LDO20200000199,14,2020-04-18,03:48:19,1223.57,Debit,Completed,,Loan Payment - LN2019020000612,False,,0.55,,Automated,Vehicle Loan,standard_payment,False,loan_payment_generator,False,
TXNL202000000345,ACC0002169,IND19003317,LN2019020000613,LDO20200000200,13,2020-04-03,02:15:09,1745.72,Debit,Completed,,Loan Payment - LN2019020000613,False,,1.96,,Automated,Home Loan,standard_payment,False,loan_payment_generator,False,
TXNL202000000346,ACC0002103,IND19013436,LN2019020000622,LDO20200000201,13,2020-04-09,02:01:05,1175.55,Debit,Completed,,Loan Payment - LN2019020000622,False,,1.69,,Automated,Vehicle Loan,standard_payment,False,loan_payment_generator,False,
TXNL202000000347,ACC0002481,IND19000798,LN2019020000642,LDO20200000202,14,2020-04-12,04:51:07,2656.32,Debit,Completed,,Loan Payment - LN2019020000642,False,,1.83,,Automated,Vehicle Loan,standard_payment,False,loan_payment_generator,False,
TXNL202000000348,ACC0001949,IND19008140,LN2019020000651,LDO20200000203,14,2020-04-14,04:00:57,1470.06,Debit,Completed,,Loan Payment - LN2019020000651,False,,1.83,,Automated,Home Loan,standard_payment,False,loan_payment_generator,False,
TXNL202000000349,ACC0001745,IND19009866,LN2019020000660,LDO20200000083,14,2020-04-27,08:09:51,2815.09,Debit,Failed,insufficient_funds,Loan Payment - LN2019020000660,False,,1.0,,Automated,Personal Loan,standard_payment,False,loan_payment_generator,True,timestamp_shift
TXNL202000000350,ACC0002752,IND19001256,LN2019020000662,LDO20200000204,14,2020-04-13,02:50:00,3073.15,Debit,Completed,,Loan Payment - LN2019020000662 - Late Fee,False,,1.67,,Automated,Home Loan,late_payment,False,loan_payment_generator,False,
TXNL202000000351,ACC0002891,IND19002067,LN2019020000667,LDO20200000084,14,2020-04-24,04:27:56,1220.36,Debit,Completed,,Loan Payment - LN2019020000667,False,,1.8,,Automated,Home Loan,standard_payment,False,loan_payment_generator,False,
TXNL202000000352,ACC0003164,IND19008580,LN2019020000669,LDO20200000205,13,2020-04-03,03:31:12,568.03,Debit,Completed,,Loan Payment - LN2019020000669,False,,1.34,,Automated,Home Loan,standard_payment,False,loan_payment_generator,False,
TXNL202000000353,ACC0002224,IND19000114,LN2019020000675,LDO20200000206,14,2020-04-21,02:29:28,849.24,Debit,Completed,,Loan Payment - LN2019020000675 - Recovery,False,,1.4,,Automated,Personal Loan,recovery_payment,True,loan_payment_generator,False,
TXNL202000000354,ACC0002801,IND19001180,LN2019020000682,LDO20200000207,14,2020-04-24,04:03:09,2397.97,Debit,Completed,,Loan Payment - LN2019020000682,False,,1.48,,Automated,Personal Loan,standard_payment,False,loan_payment_generator,False,
TXNL202000000355,ACC0001912,IND19007576,LN2019020000683,LDO20200000085,14,2020-04-09,03:46:36,1769.17,Debit,Completed,,Loan Payment - LN2019020000683 - Partial,False,,0.08,,Automated,Home Loan,partial_payment,False,loan_payment_generator,False,
TXNL202000000356,ACC0002460,IND19001065,LN2019020000697,LDO20200000208,14,2020-04-22,03:02:09,14050.07,Debit,Completed,,Loan Payment - LN2019020000697,False,,1.68,,Automated,Personal Loan,standard_payment,False,loan_payment_generator,False,
TXNL202000000357,ACC0003301,IND19004365,LN2019020000701,LDO20200000036,14,2020-04-14,04:34:32,8336.48,Debit,Completed,,Loan Payment - LN2019020000701,False,,0.82,,Automated,Home Loan,standard_payment,False,loan_payment_generator,False,
TXNL202000000358,ACC0002543,IND19007957,LN2019020000710,LDO20200000086,14,2020-04-27,02:06:26,740.02,Debit,Completed,,Loan Payment - LN2019020000710,False,,0.9,,Automated,Personal Loan,standard_payment,False,loan_payment_generator,False,
TXNL202000000359,ACC0003346,IND19004315,LN2019020000712,LDO20200000209,14,2020-04-13,04:16:59,1064.22,Debit,Completed,,Loan Payment - LN2019020000712,False,,1.55,,Automated,Personal Loan,standard_payment,False,loan_payment_generator,False,
TXNL202000000360,ACC0003374,COM19000173,LN2019020000715,LDO20200000210,14,2020-04-18,04:07:32,6081.28,Debit,Completed,,Loan Payment - LN20190200...,False,,0.61,,Automated,Business Loan,standard_payment,False,loan_payment_generator,True,truncated_description
TXNL202000000361,ACC0002749,IND19014623,LN2019020000724,LDO20200000211,13,2020-04-04,04:10:36,1478.55,Debit,Completed,,Loan Payment - LN2019020000724,False,,1.76,,Automated,Vehicle Loan,standard_payment,False,loan_payment_generator,False,
TXNL202000000362,ACC0002323,IND19018302,LN2019020000744,LDO20200000037,14,2020-04-14,04:43:12,2997.53,Debit,Completed,,Loan Payment - LN2019020000744,False,,0.74,,Automated,Vehicle Loan,standard_payment,False,loan_payment_generator,False,
TXNL202000000363,ACC0001941,IND19014505,LN2019020000757,LDO20200000087,14,2020-04-25,04:52:01,1332.59,Debit,Completed,,Loan Payment - LN2019020000757,False,,1.8,,Automated,Home Loan,standard_payment,False,loan_payment_generator,False,
TXNL202000000364,ACC0002614,IND19013339,LN2019020000758,LDO20200000088,14,2020-04-13,04:12:36,969.84,Debit,Failed,insufficient_funds,Loan Payment - LN2019020000758,False,,1.34,,Automated,Home Loan,standard_payment,False,loan_payment_generator,False,
TXNL202000000365,ACC0002853,IND19012294,LN2019020000765,LDO20200000212,13,2020-04-03,04:42:36,768.03,Debit,Completed,,Loan Payment - LN2019020000765,False,,1.41,,Automated,Home Loan,standard_payment,False,loan_payment_generator,False,
TXNL202000000366,ACC0002615,IND19015330,LN2019020000779,LDO20200000213,14,2020-04-25,04:01:36,1587.18,Debit,Completed,,Loan Payment - LN2019020000779,False,,1.92,,Automated,Vehicle Loan,standard_payment,False,loan_payment_generator,False,
TXNL202000000367,ACC0003311,IND19002488,LN2019020000785,LDO20200000214,14,2020-04-14,04:18:25,607.97,Debit,Completed,,Loan Payment - LN2019020000785,False,,0.65,,Automated,Personal Loan,standard_payment,False,loan_payment_generator,False,
TXNL202000000368,ACC0002378,IND19000460,LN2019020000795,LDO20200000215,14,2020-04-08,03:45:32,9850.41,Debit,Completed,,Loan Payment - LN2019020000795,False,,0.6,,Automated,Home Loan,standard_payment,False,loan_payment_generator,False,
TXNL202000000369,ACC0001849,IND19009271,LN2019020000798,LDO20200000089,14,2020-04-21,03:20:47,1732.2,Debit,Completed,,Loan Payment - LN2019020000798,False,,1.64,,Automated,Vehicle Loan,standard_payment,False,loan_payment_generator,False,
TXNL202000000370,ACC0003146,IND19000005,LN2019020000802,LDO20200000216,14,2020-04-19,02:44:51,1563.65,Debit,Completed,,Loan Payment - LN2019020000802,False,,0.26,,Automated,Home Loan,standard_payment,False,loan_payment_generator,False,
TXNL202000000371,ACC0002836,IND19014394,LN2019020000804,LDO20200000217,13,2020-04-04,04:52:55,1086.74,Debit,Completed,,Loan Payment - LN2019020000804,False,,1.42,,Automated,Home Loan,standard_payment,False,loan_payment_generator,False,
TXNL202000000372,ACC0002256,IND19017147,LN2019020000814,LDO20200000218,14,2020-04-23,02:23:52,535.41,Debit,Completed,,Loan Payment - LN2019020000814,False,,0.45,,Automated,Home Loan,standard_payment,False,loan_payment_generator,False,
TXNL202000000373,ACC0002516,IND19011025,LN2019020000819,LDO20200000090,14,2020-04-22,02:06:20,2105.97,Debit,Completed,,Loan Payment - LN2019020000819,False,,1.34,,Automated,Home Loan,standard_payment,False,loan_payment_generator,False,
TXNL202000000374,ACC0002552,IND19001323,LN2019020000826,LDO20200000038,14,2020-04-24,03:14:06,1430.61,Debit,Completed,,Loan Payment - LN2019020000826,False,,0.8,,Automated,Personal Loan,standard_payment,False,loan_payment_generator,False,
TXNL202000000375,ACC0002593,IND19000658,LN2019020000833,LDO20200000219,14,2020-04-17,04:46:32,1574.37,Debit,Completed,,Loan Payment - LN2019020000833 - Partial,False,,1.16,,Automated,Vehicle Loan,partial_payment,False,loan_payment_generator,False,
TXNL202000000376,ACC0002275,IND19006821,LN2019020000837,LDO20200000220,13,2020-04-04,04:32:24,3151.24,Debit,Completed,,Loan Payment - LN2019020000837,False,,0.77,,Automated,Home Loan,standard_payment,False,loan_payment_generator,False,
TXNL202000000377,ACC0002307,IND19005300,LN2019020000862,LDO20200000221,14,2020-04-21,04:08:11,1399.17,Debit,Completed,,Loan Payment - LN2019020000862,False,,1.43,,Automated,Personal Loan,standard_payment,False,loan_payment_generator,False,
TXNL202000000378,ACC0002829,IND19012622,LN2019020000865,LDO20200000222,14,2020-04-25,04:18:09,4757.06,Debit,Completed,,Loan Payment - LN2019020000865,False,,1.44,,Automated,Home Loan,standard_payment,False,loan_payment_generator,False,
TXNL202000000379,ACC0003073,IND19006240,LN2019020000878,LDO20200000091,13,2020-04-05,03:29:56,1537.76,Debit,Completed,,Loan Payment - LN2019020000878,False,,1.56,,Automated,Home Loan,standard_payment,False,loan_payment_generator,False,
TXNL202000000380,ACC0002311,IND19000946,LN2019020000882,LDO20200000223,14,2020-04-14,02:48:24,3477.54,Debit,Failed,insufficient_funds,Loan Payment - LN2019020000882,False,,1.09,,Automated,Home Loan,standard_payment,False,loan_payment_generator,False,
TXNL202000000381,ACC0003363,IND19015447,LN2019020000889,LDO20200000039,14,2020-04-25,02:51:46,1507.65,Debit,Completed,,Loan Payment - LN2019020000889,False,,0.38,,Automated,Vehicle Loan,standard_payment,False,loan_payment_generator,False,
TXNL202000000382,ACC0002945,IND19009436,LN2019020000890,LDO20200000092,14,2020-04-27,04:12:45,1511.21,Debit,Completed,,Loan Payment - LN2019020000890 - Late Fee,False,,0.46,,Automated,Vehicle Loan,late_payment,False,loan_payment_generator,False,
TXNL202000000383,ACC0002887,IND19008351,LN2019020000892,LDO20200000224,14,2020-04-14,03:43:04,1566.77,Debit,Completed,,Loan Payment - LN2019020000892,False,,1.37,,Automated,Vehicle Loan,standard_payment,False,loan_payment_generator,False,
TXNL202000000384,ACC0002266,IND19017038,LN2019020000905,LDO20200000093,14,2020-04-27,04:04:37,940.77,Debit,Completed,,Loan Payment - LN2019020000905,False,,1.55,,Automated,Vehicle Loan,standard_payment,False,loan_payment_generator,False,
TXNL202000000385,ACC0002950,IND19012612,LN2019020000909,LDO20200000225,13,2020-04-07,02:52:40,1553.66,Debit,Completed,,Loan Payment - LN2019020000909,False,,1.57,,Automated,Vehicle Loan,standard_payment,False,loan_payment_generator,False,
TXNL202000000386,ACC0002863,IND19012341,LN2019020000920,LDO20200000094,14,2020-04-21,02:14:17,14070.47,Debit,Completed,,Loan Payment - LN2019020000920,False,,1.16,,Automated,Personal Loan,standard_payment,False,loan_payment_generator,False,
TXNL202000000387,ACC0001724,IND19013608,LN2019020000924,LDO20200000226,13,2020-04-06,02:44:55,1689.27,Debit,Completed,,Loan Payment - LN20190200...,False,,0.7,,Automated,Home Loan,standard_payment,False,loan_payment_generator,True,truncated_description
TXNL202000000388,ACC0002938,IND19013981,LN2019020000925,LDO20200000227,13,2020-04-03,04:16:33,4511.02,Debit,Completed,,Loan Payment - LN2019020000925,False,,1.3,,Automated,Vehicle Loan,standard_payment,False,loan_payment_generator,False,
TXNL202000000389,ACC0001935,IND19000364,LN2019020000927,LDO20200000228,14,2020-04-17,03:49:19,4891.37,Debit,Completed,,Loan Payment - LN2019020000927,False,,1.91,,Automated,Home Loan,standard_payment,False,loan_payment_generator,False,
TXNL202000000390,ACC0002850,IND19013194,LN2019020000934,LDO20200000229,14,2020-04-08,04:24:57,4478.19,Debit,Completed,,Loan Payment - LN2019020000934,False,,0.09,,Automated,Home Loan,standard_payment,False,loan_payment_generator,False,
TXNL202000000391,ACC0002545,IND19010159,LN2019020000936,LDO20200000095,14,2020-04-21,02:56:51,2435.95,Debit,Completed,,Loan Payment - LN2019020000936,False,,0.47,,Automated,Home Loan,standard_payment,False,loan_payment_generator,False,
TXNL202000000392,ACC0002078,IND19001195,LN2019020000937,LDO20200000009,14,2020-04-24,03:37:46,324.51,Debit,Completed,,Loan Payment - LN2019020000937,False,,0.3,,Automated,Home Loan,standard_payment,False,loan_payment_generator,False,
TXNL202000000393,ACC0002351,IND19016075,LN2019020000960,LDO20200000023,14,2020-04-11,04:10:41,1836.24,Debit,Completed,,Loan Payment - LN2019020000960,False,,1.15,,Automated,Vehicle Loan,standard_payment,False,loan_payment_generator,False,
TXNL202000000394,ACC0002105,IND19009176,LN2019020000964,LDO20200000096,14,2020-04-17,02:55:37,2557.52,Debit,Completed,,Loan Payment - LN2019020000964,False,,1.97,,Automated,Home Loan,standard_payment,False,loan_payment_generator,False,
TXNL202000000395,ACC0003026,IND19011008,LN2019020000966,LDO20200000231,14,2020-04-14,04:51:39,4535.52,Debit,Completed,,Loan Payment - LN2019020000966,False,,0.46,,Automated,Home Loan,standard_payment,False,loan_payment_generator,False,
TXNL202000000396,ACC0003362,IND19014898,LN2019020000972,LDO20200000232,14,2020-04-25,02:55:10,1767.14,Debit,Completed,,Loan Payment - LN2019020000972,False,,0.81,,Automated,Personal Loan,standard_payment,False,loan_payment_generator,False,
TXNL202000000397,ACC0003052,IND19013959,LN2019020000974,LDO20200000097,13,2020-04-02,04:53:33,1601.82,Debit,Completed,,Loan Payment - LN2019020000974,False,,1.48,,Automated,Vehicle Loan,standard_payment,False,loan_payment_generator,False,
TXNL202000000398,ACC0001979,IND19013869,LN2019020000975,LDO20200000098,14,2020-04-25,02:51:06,1940.43,Debit,Completed,,Loan Payment - LN2019020000975,False,,1.71,,Automated,Home Loan,standard_payment,False,loan_payment_generator,False,
TXNL202000000399,ACC0002392,IND19003391,LN2019020000981,LDO20200000233,14,2020-04-23,04:21:54,4118.64,Debit,Completed,,Loan Payment - LN2019020000981,False,,0.92,,Automated,Home Loan,standard_payment,False,loan_payment_generator,False,
TXNL202000000400,ACC0002715,IND19015450,LN2019020000985,LDO20200000099,14,2020-04-17,03:09:08,696.78,Debit,Completed,,Loan Payment - LN20190200...,False,,1.94,,Automated,Home Loan,standard_payment,False,loan_payment_generator,True,truncated_description
TXNL202000000401,ACC0002872,IND19004247,LN2019020000990,,14,2020-04-22,02:15:45,791.46,Debit,Completed,,Loan Payment - LN2019020000990,False,,2.5,,Automated,Home Loan,standard_payment,False,loan_payment_generator,False,
TXNL202000000402,ACC0002357,IND19009146,LN2019020001004,LDO20200000234,14,2020-04-27,04:30:11,283.72,Debit,Completed,,Loan Payment - LN2019020001004,False,,1.75,,Automated,Home Loan,standard_payment,False,loan_payment_generator,False,
TXNL202000000403,ACC0003180,IND19013395,LN2019020001006,LDO20200000100,14,2020-04-20,03:15:31,922.11,Debit,Completed,,Loan Payment - LN2019020001006,False,,1.03,,Automated,Vehicle Loan,standard_payment,False,loan_payment_generator,False,
TXNL202000000404,ACC0002603,IND19013546,LN2019020001008,LDO20200000101,13,2020-04-08,03:58:52,1929.87,Debit,Completed,,Loan Payment - LN2019020001008,False,,1.91,,Automated,Vehicle Loan,standard_payment,False,loan_payment_generator,False,
TXNL202000000405,ACC0002360,IND19002649,LN2019020001017,LDO20200000010,14,2020-04-28,03:23:51,616.38,Debit,Completed,,Loan Payment - LN2019020001017,False,,1.75,,Automated,Home Loan,standard_payment,False,loan_payment_generator,False,
TXNL202000000406,ACC0003387,COM19000040,LN2019020001037,LDO20200000235,14,2020-04-11,03:15:12,3782.99,Debit,Completed,,Loan Payment - LN2019020001037,False,,0.79,,Automated,Business Loan,standard_payment,False,loan_payment_generator,False,
TXNL202000000407,ACC0003126,IND19007989,LN2019020001039,LDO20200000102,14,2020-04-25,03:18:22,1798.74,Debit,Failed,mandate_limit,Loan Payment - LN2019020001039,False,,0.25,,Automated,Vehicle Loan,standard_payment,False,loan_payment_generator,False,
TXNL202000000408,ACC0002094,IND19009892,LN2019020001042,LDO20200000236,14,2020-04-21,03:31:38,333.13,Debit,Completed,,Loan Payment - LN2019020001042 - Late Fee,False,,1.88,,Automated,Home Loan,late_payment,False,loan_payment_generator,False,
TXNL202000000409,ACC0002922,IND19017388,LN2019020001066,LDO20200000237,14,2020-04-26,02:49:49,3091.61,Debit,Completed,,Loan Payment - LN2019020001066,False,,1.84,,Automated,Personal Loan,standard_payment,False,loan_payment_generator,False,
TXNL202000000410,ACC0003103,IND19002063,LN2019020001071,LDO20200000238,14,2020-04-28,02:09:02,1847.29,Debit,Completed,,Loan Payment - LN2019020001071,False,,0.58,,Automated,Home Loan,standard_payment,False,loan_payment_generator,False,
TXNL202000000411,ACC0002842,IND19014493,LN2019020001076,LDO20200000239,14,2020-04-26,04:17:49,821.56,Debit,Completed,,Loan Payment - LN2019020001076,False,,0.29,,Automated,Home Loan,standard_payment,False,loan_payment_generator,False,
TXNL202000000412,ACC0002380,IND19009296,LN2019020001080,LDO20200000240,14,2020-04-12,03:39:14,753.89,Debit,Completed,,Loan Payment - LN20190200...,False,,0.88,,Automated,Home Loan,standard_payment,False,loan_payment_generator,True,truncated_description
TXNL202000000413,ACC0002532,IND19011247,LN2019020001085,LDO20200000241,13,2020-04-04,02:15:00,6086.03,Debit,Completed,,Loan Payment - LN2019020001085,False,,0.18,,Automated,Vehicle Loan,standard_payment,False,loan_payment_generator,False,
TXNL202000000414,ACC0001696,IND19002701,LN2019020001092,LDO20200000242,14,2020-04-22,03:28:32,3045.49,Debit,Completed,,Loan Payment - LN2019020001092,False,,0.55,,Automated,Home Loan,standard_payment,False,loan_payment_generator,False,
TXNL202000000415,ACC0002035,IND19007323,LN2019020001096,LDO20200000011,14,2020-04-12,02:39:00,1714.33,Debit,Completed,,Loan Payment - LN2019020001096 - Partial,False,,1.36,,Automated,Personal Loan,partial_payment,False,loan_payment_generator,False,
TXNL202000000416,ACC0002258,IND19014680,LN2019020001105,LDO20200000243,14,2020-04-20,02:03:45,954.34,Debit,Completed,,Loan Payment - LN2019020001105,False,,1.67,,Automated,Home Loan,standard_payment,False,loan_payment_generator,False,
TXNL202000000417,ACC0001973,IND19016866,LN2019020001109,LDO20200000012,13,2020-04-07,03:36:05,174.42,Debit,Completed,,Loan Payment - LN2019020001109,False,,0.2,,Automated,Home Loan,standard_payment,False,loan_payment_generator,False,
TXNL202000000418,ACC0003282,IND19007494,LN2019020001115,LDO20200000013,14,2020-04-25,04:17:28,1527.34,Debit,Completed,,Loan Payment - LN2019020001115,False,,0.87,,Automated,Home Loan,standard_payment,False,loan_payment_generator,False,
TXNL202000000419,ACC0002616,IND19013889,LN2019020001123,LDO20200000244,13,2020-04-10,04:29:58,3074.89,Debit,Completed,,Loan Payment - LN2019020001123,False,,1.68,,Automated,Home Loan,standard_payment,False,loan_payment_generator,False,
TXNL202000000420,ACC0002088,IND19007131,LN2019020001137,LDO20200000245,14,2020-04-21,04:57:17,2386.69,Debit,Completed,,Loan Payment - LN2019020001137,False,,1.04,,Automated,Personal Loan,standard_payment,False,loan_payment_generator,False,
TXNL202000000421,ACC0002746,IND19001135,LN2019020001140,LDO20200000246,14,2020-04-15,04:33:10,444.68,Debit,Completed,,Loan Payment - LN2019020001140,False,,1.16,,Automated,Home Loan,standard_payment,False,loan_payment_generator,False,
TXNL202000000422,ACC0002796,IND19012904,LN2019020001152,LDO20200000247,14,2020-04-20,04:37:59,2746.27,Debit,Completed,,Loan Payment - LN2019020001152,False,,0.2,,Automated,Personal Loan,standard_payment,False,loan_payment_generator,False,
TXNL202000000423,ACC0001931,IND19007273,LN2019020001154,,14,2020-04-23,03:46:20,5304.28,Debit,Completed,,Loan Payment - LN2019020001154,False,,2.5,,Automated,Home Loan,standard_payment,False,loan_payment_generator,False,
TXNL202000000424,ACC0001963,IND19000852,LN2019020001162,LDO20200000248,13,2020-04-02,03:07:09,2113.68,Debit,Completed,,Loan Payment - LN2019020001162,False,,0.33,,Automated,Vehicle Loan,standard_payment,False,loan_payment_generator,False,
TXNL202000000425,ACC0003255,IND19007580,LN2019020001166,,13,2020-04-04,03:42:09,4556.35,Debit,Completed,,Loan Payment - LN2019020001166,False,,2.5,,Automated,Personal Loan,standard_payment,False,loan_payment_generator,False,
TXNL202000000426,ACC0002548,IND19009203,LN2019020001173,LDO20200000249,14,2020-04-15,02:23:50,1358.4,Debit,Completed,,Loan Payment - LN2019020001173,False,,0.03,,Automated,Vehicle Loan,standard_payment,False,loan_payment_generator,False,
TXNL202000000427,ACC0002414,IND19014095,LN2019020001175,LDO20200000250,14,2020-04-12,03:09:54,2140.35,Debit,Completed,,Loan Payment - LN2019020001175,False,,0.67,,Automated,Personal Loan,standard_payment,False,loan_payment_generator,False,
TXNL202000000428,ACC0003373,COM19000122,LN2019020001179,LDO20200000251,13,2020-04-03,01:59:31,9892.51,Debit,Completed,,Loan Payment - LN2019020001179,False,,1.05,,Automated,Business Loan,standard_payment,False,loan_payment_generator,True,timestamp_shift
TXNL202000000429,ACC0002883,IND19001519,LN2019020001184,LDO20200000040,14,2020-04-19,04:55:11,2314.35,Debit,Completed,,Loan Payment - LN2019020001184 - Partial,False,,1.31,,Automated,Personal Loan,partial_payment,False,loan_payment_generator,False,
TXNL202000000430,ACC0002914,IND19000645,LN2019020001200,LDO20200000253,14,2020-04-23,03:53:56,1199.23,Debit,Completed,,Loan Payment - LN2019020001200,False,,1.01,,Automated,Personal Loan,standard_payment,False,loan_payment_generator,False,
TXNL202000000431,ACC0002010,IND19014883,LN2019020001206,LDO20200000024,14,2020-04-19,04:26:29,1128.41,Debit,Completed,,Loan Payment - LN2019020001206 - Partial,False,,0.33,,Automated,Vehicle Loan,partial_payment,False,loan_payment_generator,False,
TXNL202000000432,ACC0002804,IND19008905,LN2019020001208,LDO20200000254,13,2020-04-05,03:28:33,2772.91,Debit,Completed,,Loan Payment - LN2019020001208,False,,1.25,,Automated,Vehicle Loan,standard_payment,False,loan_payment_generator,False,
TXNL202000000433,ACC0003009,IND19000437,LN2019020001218,LDO20200000103,14,2020-04-12,02:43:27,1473.91,Debit,Completed,,Loan Payment - LN2019020001218,False,,1.75,,Automated,Vehicle Loan,standard_payment,False,loan_payment_generator,False,
TXNL202000000434,ACC0002355,IND19008560,LN2019020001219,LDO20200000255,14,2020-04-24,03:04:49,1553.81,Debit,Completed,,Loan Payment - LN2019020001219,False,,1.16,,Automated,Vehicle Loan,standard_payment,False,loan_payment_generator,False,
TXNL202000000435,ACC0002716,IND19017246,LN2019020001222,LDO20200000256,14,2020-04-27,03:58:37,3796.2,Debit,Completed,,Loan Payment - LN2019020001222,False,,0.76,,Automated,Personal Loan,standard_payment,False,loan_payment_generator,False,
TXNL202000000436,ACC0003356,IND19007954,LN2019020001223,LDO20200000041,14,2020-04-25,03:16:51,9523.02,Debit,Completed,,Loan Payment - LN2019020001223,False,,0.13,,Automated,Personal Loan,standard_payment,False,loan_payment_generator,False,
TXNL202000000437,ACC0002600,IND19015358,LN2019020001229,LDO20200000257,14,2020-04-09,04:52:58,491.51,Debit,Completed,,Loan Payment - LN2019020001229,False,,0.53,,Automated,Home Loan,standard_payment,False,loan_payment_generator,False,
TXNL202000000438,ACC0002246,IND19004617,LN2019020001243,LDO20200000258,14,2020-04-25,02:20:16,5200.98,Debit,Completed,,Loan Payment - LN2019020001243,False,,1.69,,Automated,Home Loan,standard_payment,False,loan_payment_generator,False,
TXNL202000000439,ACC0003075,IND19016421,LN2019020001249,LDO20200000259,14,2020-04-16,02:10:03,1810.88,Debit,Completed,,Loan Payment - LN2019020001249,False,,1.64,,Automated,Personal Loan,standard_payment,False,loan_payment_generator,False,
TXNL202000000440,ACC0002427,IND19009616,LN2019020001250,LDO20200000260,13,2020-04-02,02:16:39,3894.08,Debit,Failed,account_blocked,Loan Payment - LN2019020001250,False,,0.4,,Automated,Personal Loan,standard_payment,False,loan_payment_generator,False,
TXNL202000000441,ACC0001882,IND19006814,LN2019020001256,LDO20200000261,14,2020-04-21,03:24:09,5583.94,Debit,Completed,,Loan Payment - LN2019020001256,False,,1.11,,Automated,Personal Loan,standard_payment,False,loan_payment_generator,False,
TXNL202000000442,ACC0002651,IND19009080,LN2019020001275,LDO20200000042,14,2020-04-21,04:55:54,1804.02,Debit,Completed,,Loan Payment - LN2019020001275,False,,0.03,,Automated,Vehicle Loan,standard_payment,False,loan_payment_generator,False,
TXNL202000000443,ACC0001686,IND19008913,LN2019020001278,LDO20200000014,14,2020-04-23,03:25:14,587.4,Debit,Completed,,Loan Payment - LN2019020001278,False,,0.98,,Automated,Home Loan,standard_payment,False,loan_payment_generator,False,
TXNL202000000444,ACC0002843,IND19009059,LN2019020001279,LDO20200000104,14,2020-04-11,03:54:52,1661.09,Debit,Completed,,Loan Payment - LN2019020001279,False,,1.58,,Automated,Home Loan,standard_payment,False,loan_payment_generator,False,
TXNL202000000445,ACC0003172,IND19000281,LN2019020001280,LDO20200000262,13,2020-04-02,02:42:57,217.27,Debit,Completed,,Loan Payment - LN2019020001280,False,,1.09,,Automated,Home Loan,standard_payment,False,loan_payment_generator,False,
TXNL202000000446,ACC0002219,IND19006312,LN2019020001283,LDO20200000105,13,2020-04-03,03:28:54,2061.08,Debit,Completed,,Loan Payment - LN2019020001283,False,,1.67,,Automated,Home Loan,standard_payment,False,loan_payment_generator,False,
TXNL202000000447,ACC0002854,IND19005459,LN2019020001284,LDO20200000263,13,2020-04-01,04:53:19,2475.14,Debit,Completed,,Loan Payment - LN2019020001284,False,,1.31,,Automated,Vehicle Loan,standard_payment,False,loan_payment_generator,False,
TXNL202000000448,ACC0002285,IND19014584,LN2019020001295,LDO20200000264,14,2020-04-27,04:33:29,3081.3,Debit,Completed,,Loan Payment - LN2019020001295,False,,1.72,,Automated,Personal Loan,standard_payment,False,loan_payment_generator,False,
TXNL202000000449,ACC0002565,IND19014379,LN2019020001297,LDO20200000106,13,2020-04-01,02:06:04,1762.53,Debit,Completed,,Loan Payment - LN2019020001297,False,,0.21,,Automated,Home Loan,standard_payment,False,loan_payment_generator,False,
TXNL202000000450,ACC0002706,IND19008660,LN2019020001302,LDO20200000265,13,2020-04-03,02:48:44,1028.93,Debit,Completed,,Loan Payment - LN2019020001302,False,,1.53,,Automated,Vehicle Loan,standard_payment,False,loan_payment_generator,False,
TXNL202000000451,ACC0002608,IND19002868,LN2019020001303,LDO20200000107,13,2020-04-03,04:30:56,537.81,Debit,Completed,,Loan Payment - LN2019020001303,False,,1.23,,Automated,Vehicle Loan,standard_payment,False,loan_payment_generator,False,
TXNL202000000452,ACC0003229,IND19017654,LN2019020001304,LDO20200000108,13,2020-04-04,03:08:06,1778.22,Debit,Completed,,Loan Payment - LN2019020001304,False,,0.99,,Automated,Vehicle Loan,standard_payment,False,loan_payment_generator,False,
TXNL202000000453,ACC0002126,IND19017584,LN2019020001307,LDO20200000266,14,2020-04-08,04:43:02,560.85,Debit,Completed,,Loan Payment - LN2019020001307,False,,1.85,,Automated,Personal Loan,standard_payment,False,loan_payment_generator,False,
TXNL202000000454,ACC0002865,IND19014744,LN2019020001331,LDO20200000267,14,2020-04-24,04:08:20,2376.76,Debit,Completed,,Loan Payment - LN2019020001331,False,,1.74,,Automated,Home Loan,standard_payment,False,loan_payment_generator,False,
TXNL202000000455,ACC0003085,IND19014153,LN2019020001339,LDO20200000268,14,2020-04-10,02:46:56,3059.41,Debit,Completed,,Loan Payment - LN2019020001339,False,,1.48,,Automated,Home Loan,standard_payment,False,loan_payment_generator,False,
TXNL202000000456,ACC0002844,IND19010577,LN2019020001341,,14,2020-04-24,03:11:49,458.98,Debit,Completed,,Loan Payment - LN2019020001341,False,,2.5,,Automated,Home Loan,standard_payment,False,loan_payment_generator,False,
TXNL202000000457,ACC0001982,IND19011705,LN2019020001344,LDO20200000269,13,2020-04-02,03:39:44,1430.9,Debit,Completed,,Loan Payment - LN2019020001344,False,,0.55,,Automated,Personal Loan,standard_payment,False,loan_payment_generator,False,
TXNL202000000458,ACC0003348,IND19007382,LN2019020001350,LDO20200000109,13,2020-04-03,03:19:45,432.03,Debit,Completed,,Loan Payment - LN2019020001350,False,,0.01,,Automated,Home Loan,standard_payment,False,loan_payment_generator,False,
TXNL202000000459,ACC0002667,IND19017137,LN2019020001354,LDO20200000270,14,2020-04-08,02:52:17,2323.52,Debit,Completed,,Loan Payment - LN20190200...,False,,1.73,,Automated,Vehicle Loan,standard_payment,False,loan_payment_generator,True,truncated_description
TXNL202000000460,ACC0002043,IND19013344,LN2019020001362,LDO20200000271,14,2020-04-27,02:22:37,5082.63,Debit,Completed,,Loan Payment - LN2019020001362,False,,0.42,,Automated,Home Loan,standard_payment,False,loan_payment_generator,False,
TXNL202000000461,ACC0002386,IND19005252,LN2019020001365,LDO20200000272,14,2020-04-27,04:29:52,3006.04,Debit,Completed,,Loan Payment - LN2019020001365,False,,1.65,,Automated,Home Loan,standard_payment,False,loan_payment_generator,False,
TXNL202000000462,ACC0002944,IND19011863,LN2019020001367,LDO20200000110,14,2020-04-26,03:57:11,12053.02,Debit,Completed,,Loan Payment - LN2019020001367,False,,0.05,,Automated,Personal Loan,standard_payment,False,loan_payment_generator,False,
TXNL202000000463,ACC0001839,IND19013991,LN2019020001369,LDO20200000111,14,2020-04-23,04:05:34,1996.53,Debit,Completed,,Loan Payment - LN2019020001369,False,,0.76,,Automated,Home Loan,standard_payment,False,loan_payment_generator,False,
TXNL202000000464,ACC0002465,IND19016811,LN2019020001377,LDO20200000273,13,2020-04-05,03:50:09,1543.7,Debit,Completed,,Loan Payment - LN2019020001377,False,,1.41,,Automated,Personal Loan,standard_payment,False,loan_payment_generator,False,
TXNL202000000465,ACC0001894,IND19004378,LN2019020001378,LDO20200000274,13,2020-04-05,02:32:30,1609.2,Debit,Completed,,Loan Payment - LN2019020001378,False,,0.59,,Automated,Home Loan,standard_payment,False,loan_payment_generator,False,
TXNL202000000466,ACC0003318,IND19006216,LN2019020001380,LDO20200000025,13,2020-04-07,02:37:24,2094.85,Debit,Completed,,Loan Payment - LN2019020001380,False,,0.42,,Automated,Personal Loan,standard_payment,False,loan_payment_generator,False,
TXNL202000000467,ACC0002531,IND19001693,LN2019020001383,LDO20200000275,14,2020-04-12,02:10:36,3180.5,Debit,Completed,,Loan Payment - LN2019020001383,False,,0.46,,Automated,Home Loan,standard_payment,False,loan_payment_generator,False,
TXNL202000000468,ACC0003067,IND19018432,LN2019020001385,LDO20200000043,14,2020-04-17,02:09:45,4889.5,Debit,Completed,,Loan Payment - LN2019020001385,False,,0.23,,Automated,Home Loan,standard_payment,False,loan_payment_generator,False,
TXNL202000000469,ACC0002086,IND19008021,LN2019020001388,LDO20200000112,13,2020-04-02,02:09:09,14055.17,Debit,Completed,,Loan Payment - LN2019020001388,False,,1.98,,Automated,Personal Loan,standard_payment,False,loan_payment_generator,False,
TXNL202000000470,ACC0002270,IND19008555,LN2019020001392,LDO20200000276,14,2020-04-19,03:29:47,2802.46,Debit,Completed,,Loan Payment - LN2019020001392,False,,2.0,,Automated,Vehicle Loan,standard_payment,False,loan_payment_generator,False,
TXNL202000000471,ACC0002271,IND19005363,LN2019020001405,LDO20200000277,14,2020-04-18,04:50:35,682.27,Debit,Completed,,Loan Payment - LN2019020001405,False,,1.26,,Automated,Vehicle Loan,standard_payment,False,loan_payment_generator,False,
TXNL202000000472,ACC0002819,IND19016628,LN2019020001421,LDO20200000278,14,2020-04-19,02:35:37,1829.67,Debit,Completed,,Loan Payment - LN2019020001421,False,,1.69,,Automated,Personal Loan,standard_payment,False,loan_payment_generator,False,
TXNL202000000473,ACC0002781,IND19014982,LN2019020001437,LDO20200000113,14,2020-04-21,04:49:57,2580.86,Debit,Completed,,Loan Payment - LN2019020001437,False,,1.39,,Automated,Home Loan,standard_payment,False,loan_payment_generator,False,
TXNL202000000474,ACC0003309,IND19012910,LN2019020001438,LDO20200000044,14,2020-04-18,03:03:15,629.22,Debit,Completed,,Loan Payment - LN2019020001438,False,,0.48,,Automated,Personal Loan,standard_payment,False,loan_payment_generator,False,
TXNL202000000475,ACC0001887,IND19001120,LN2019020001448,,13,2020-04-06,03:18:23,1710.45,Debit,Completed,,Loan Payment - LN2019020001448,False,,2.5,,Automated,Home Loan,standard_payment,False,loan_payment_generator,False,
TXNL202000000476,ACC0001924,IND19001686,LN2019020001456,LDO20200000114,14,2020-04-15,02:41:54,8307.36,Debit,Completed,,Loan Payment - LN2019020001456,False,,1.17,,Automated,Home Loan,standard_payment,False,loan_payment_generator,False,
TXNL202000000477,ACC0002986,IND19008991,LN2019020001462,LDO20200000279,14,2020-04-27,04:43:02,2336.85,Debit,Completed,,Loan Payment - LN2019020001462 - Late Fee,False,,1.68,,Automated,Personal Loan,late_payment,False,loan_payment_generator,False,
TXNL202000000478,ACC0002313,IND19000581,LN2019020001463,LDO20200000115,13,2020-04-01,04:34:24,1624.82,Debit,Completed,,Loan Payment - LN2019020001463,False,,1.28,,Automated,Home Loan,standard_payment,False,loan_payment_generator,False,
TXNL202000000479,ACC0002541,IND19004970,LN2019020001474,LDO20200000280,14,2020-04-18,04:35:29,1037.6,Debit,Failed,insufficient_funds,Loan Payment - LN2019020001474,False,,0.48,,Automated,Home Loan,standard_payment,False,loan_payment_generator,True,status_inconsistency
TXNL202000000480,ACC0001943,IND19008817,LN2019020001478,LDO20200000045,14,2020-04-25,04:45:37,2082.42,Debit,Completed,,Loan Payment - LN2019020001478,False,,1.71,,Automated,Vehicle Loan,standard_payment,False,loan_payment_generator,False,
TXNL202000000481,ACC0001683,IND19010211,LN2019020001483,LDO20200000281,14,2020-04-16,04:13:06,2642.7,Debit,Completed,,Loan Payment - LN2019020001483,False,,1.11,,Automated,Vehicle Loan,standard_payment,False,loan_payment_generator,False,
TXNL202000000482,ACC0002525,IND19004722,LN2019020001484,LDO20200000282,14,2020-04-21,03:11:47,2876.27,Debit,Completed,,Loan Payment - LN2019020001484,False,,1.21,,Automated,Personal Loan,standard_payment,False,loan_payment_generator,False,
TXNL202000000483,ACC0002484,IND19004147,LN2019020001508,LDO20200000015,14,2020-04-20,03:26:56,1841.6,Debit,Completed,,Loan Payment - LN2019020001508,False,,1.22,,Automated,Home Loan,standard_payment,False,loan_payment_generator,False,
TXNL202000000484,ACC0003296,IND19010605,LN2019020001509,LDO20200000046,13,2020-04-01,03:02:41,1139.89,Debit,Completed,,Loan Payment - LN2019020001509,False,,0.58,,Automated,Personal Loan,standard_payment,False,loan_payment_generator,False,
TXNL202000000485,ACC0003244,IND19013831,LN2019020001511,LDO20200000283,14,2020-04-11,04:47:42,2369.53,Debit,Completed,,Loan Payment - LN2019020001511,False,,1.44,,Automated,Vehicle Loan,standard_payment,False,loan_payment_generator,False,
TXNL202000000486,ACC0002884,IND19002085,LN2019020001512,LDO20200000047,14,2020-04-22,02:11:41,415.57,Debit,Completed,,Loan Payment - LN2019020001512,False,,0.29,,Automated,Personal Loan,standard_payment,False,loan_payment_generator,False,
TXNL202000000487,ACC0001787,IND19006089,LN2019020001517,LDO20200000284,13,2020-04-05,04:24:45,5200.61,Debit,Completed,,Loan Payment - LN2019020001517,False,,0.35,,Automated,Home Loan,standard_payment,False,loan_payment_generator,False,
TXNL202000000488,ACC0002408,IND19009301,LN2019020001526,LDO20200000116,14,2020-04-16,03:57:35,2530.44,Debit,Completed,,Loan Payment - LN2019020001526 - Recovery,False,,1.64,,Automated,Personal Loan,recovery_payment,True,loan_payment_generator,False,
TXNL202000000489,ACC0002325,IND19016171,LN2019020001529,LDO20200000285,14,2020-04-27,04:38:10,1154.7,Debit,Completed,,Loan Payment - LN2019020001529,False,,1.99,,Automated,Vehicle Loan,standard_payment,False,loan_payment_generator,False,
TXNL202000000490,ACC0002031,IND19007650,LN2019020001530,LDO20200000048,14,2020-04-28,03:21:03,2382.84,Debit,Completed,,Loan Payment - LN2019020001530,False,,0.51,,Automated,Vehicle Loan,standard_payment,False,loan_payment_generator,False,
TXNL202000000491,ACC0002674,IND19014651,LN2019020001536,LDO20200000117,14,2020-04-13,03:21:56,1251.24,Debit,Completed,,Loan Payment - LN2019020001536,False,,0.83,,Automated,Home Loan,standard_payment,False,loan_payment_generator,False,
TXNL202000000492,ACC0001964,IND19008409,LN2019020001539,LDO20200000286,14,2020-04-19,03:41:50,1350.82,Debit,Completed,,Loan Payment - LN2019020001539,False,,1.71,,Automated,Vehicle Loan,standard_payment,False,loan_payment_generator,True,amount_rounding_error
TXNL202000000493,ACC0002771,IND19011631,LN2019020001543,LDO20200000118,13,2020-04-02,03:54:27,2547.21,Debit,Completed,,Loan Payment - LN2019020001543,False,,1.25,,Automated,Vehicle Loan,standard_payment,False,loan_payment_generator,False,
TXNL202000000494,ACC0002828,IND19012622,LN2019020001549,LDO20200000049,14,2020-04-26,02:28:05,4329.31,Debit,Completed,,Loan Payment - LN2019020001549,False,,0.99,,Automated,Home Loan,standard_payment,False,loan_payment_generator,False,
TXNL202000000495,ACC0002736,IND19015711,LN2019020001555,LDO20200000050,13,2020-04-08,02:01:45,7311.86,Debit,Completed,,Loan Payment - LN2019020001555,False,,1.03,,Automated,Home Loan,standard_payment,False,loan_payment_generator,False,
TXNL202000000496,ACC0003106,IND19016907,LN2019020001560,LDO20200000119,13,2020-04-05,02:18:30,2506.76,Debit,Completed,,Loan Payment - LN20190200...,False,,1.85,,Automated,Home Loan,standard_payment,False,loan_payment_generator,True,truncated_description
TXNL202000000497,ACC0002358,IND19017857,LN2019020001563,LDO20200000287,13,2020-04-03,02:44:14,4140.97,Debit,Completed,,Loan Payment - LN2019020001563,False,,0.25,,Automated,Personal Loan,standard_payment,False,loan_payment_generator,False,
TXNL202000000498,ACC0003136,IND19002072,LN2019020001570,LDO20200000288,14,2020-04-17,04:41:48,9835.06,Debit,Completed,,Loan Payment - LN2019020001570,False,,1.98,,Automated,Personal Loan,standard_payment,False,loan_payment_generator,False,
TXNL202000000499,ACC0001800,IND19010748,LN2019020001576,LDO20200000289,14,2020-04-22,03:39:31,934.85,Debit,Completed,,Loan Payment - LN2019020001576,False,,0.25,,Automated,Home Loan,standard_payment,False,loan_payment_generator,False,
TXNL202000000500,ACC0002118,IND19002552,LN2019020001587,LDO20200000120,14,2020-04-18,03:15:40,1812.56,Debit,Cancelled,customer_stop_instruction,Loan Payment - LN2019020001587,False,,1.92,,Automated,Home Loan,standard_payment,False,loan_payment_generator,True,amount_rounding_error
TXNL202000000501,ACC0002418,IND19013797,LN2019020001588,LDO20200000121,14,2020-04-14,03:23:50,3342.99,Debit,Completed,,Loan Payment - LN2019020001588,False,,1.75,,Automated,Vehicle Loan,standard_payment,False,loan_payment_generator,False,
TXNL202000000502,ACC0002407,IND19009301,LN2019020001589,LDO20200000122,13,2020-04-02,03:28:11,867.02,Debit,Completed,,Loan Payment - LN2019020001589,False,,1.63,,Automated,Home Loan,standard_payment,False,loan_payment_generator,False,
TXNL202000000503,ACC0002729,IND19003746,LN2019020001596,,13,2020-04-04,04:03:21,992.54,Debit,Completed,,Loan Payment - LN2019020001596,False,,2.5,,Automated,Home Loan,standard_payment,False,loan_payment_generator,False,
TXNL202000000504,ACC0003379,COM19000033,LN2019020001598,LDO20200000051,14,2020-04-16,04:52:11,7293.75,Debit,Completed,,Loan Payment - LN2019020001598,False,,1.16,,Automated,Business Loan,standard_payment,False,loan_payment_generator,False,
TXNL202000000505,ACC0002504,IND19013977,LN2019020001601,LDO20200000123,13,2020-04-02,02:19:10,12076.83,Debit,Completed,,Loan Payment - LN2019020001601,False,,0.21,,Automated,Personal Loan,standard_payment,False,loan_payment_generator,False,
TXNL202000000506,ACC0002096,IND19003254,LN2019020001615,LDO20200000290,14,2020-04-26,02:56:54,5224.83,Debit,Completed,,Loan Payment - LN2019020001615,False,,0.65,,Automated,Personal Loan,standard_payment,False,loan_payment_generator,False,
TXNL202000000507,ACC0002510,IND19002274,LN2019020001617,LDO20200000052,14,2020-04-27,02:02:37,2228.21,Debit,Completed,,Loan Payment - LN2019020001617,False,,1.36,,Automated,Home Loan,standard_payment,False,loan_payment_generator,False,
TXNL202000000508,ACC0001705,IND19014082,LN2019020001618,LDO20200000124,14,2020-04-22,02:51:19,2897.17,Debit,Completed,,Loan Payment - LN2019020001618 - Extra Principal,False,,1.76,,Automated,Home Loan,extra_payment,False,loan_payment_generator,False,
TXNL202000000509,ACC0002822,IND19006281,LN2019020001622,LDO20200000053,13,2020-04-02,03:10:37,4500.29,Debit,Completed,,Loan Payment - LN2019020001622,False,,1.66,,Automated,Vehicle Loan,standard_payment,False,loan_payment_generator,False,
TXNL202000000510,ACC0005214,IND19006678,LN2019030000006,LDO20200000291,13,2020-04-12,02:13:06,3968.84,Debit,Completed,,Loan Payment - LN2019030000006,False,,0.63,,Automated,Home Loan,standard_payment,False,loan_payment_generator,False,
TXNL202000000511,ACC0003560,IND19010424,LN2019030000010,LDO20200000125,13,2020-04-18,04:16:17,1231.21,Debit,Completed,,Loan Payment - LN2019030000010,False,,0.51,,Automated,Home Loan,standard_payment,False,loan_payment_generator,False,
TXNL202000000512,ACC0004191,IND19015053,LN2019030000012,LDO20200000292,13,2020-04-13,04:47:53,670.56,Debit,Completed,,Loan Payment - LN2019030000012,False,,1.54,,Automated,Home Loan,standard_payment,False,loan_payment_generator,False,
TXNL202000000513,ACC0005240,IND19010259,LN2019030000015,LDO20200000293,13,2020-04-14,03:51:17,408.33,Debit,Completed,,Loan Payment - LN2019030000015,False,,1.15,,Automated,Home Loan,standard_payment,False,loan_payment_generator,False,
TXNL202000000514,ACC0004297,IND19005893,LN2019030000018,LDO20200000294,13,2020-04-16,04:30:59,4410.15,Debit,Completed,,Loan Payment - LN2019030000018,False,,1.76,,Automated,Home Loan,standard_payment,False,loan_payment_generator,False,
TXNL202000000515,ACC0004260,IND19001236,LN2019030000027,LDO20200000295,12,2020-04-01,02:23:02,646.24,Debit,Completed,,Loan Payment - LN2019030000027,False,,1.3,,Automated,Home Loan,standard_payment,False,loan_payment_generator,False,
TXNL202000000516,ACC0004727,IND19005207,LN2019030000029,LDO20200000126,13,2020-04-14,04:52:06,4512.25,Debit,Completed,,Loan Payment - LN2019030000029,False,,0.52,,Automated,Home Loan,standard_payment,False,loan_payment_generator,False,
TXNL202000000517,ACC0003650,IND19018294,LN2019030000031,LDO20200000296,13,2020-04-28,04:06:34,2710.55,Debit,Completed,,Loan Payment - LN2019030000031,False,,0.71,,Automated,Personal Loan,standard_payment,False,loan_payment_generator,False,
TXNL202000000518,ACC0004333,IND19009236,LN2019030000032,LDO20200000127,13,2020-04-24,04:57:46,1517.81,Debit,Completed,,Loan Payment - LN2019030000032 - Partial,False,,1.1,,Automated,Home Loan,partial_payment,False,loan_payment_generator,False,
TXNL202000000519,ACC0004076,IND19009083,LN2019030000034,LDO20200000297,13,2020-04-24,04:05:56,1651.88,Debit,Completed,,Loan Payment - LN2019030000034,False,,0.67,,Automated,Personal Loan,standard_payment,False,loan_payment_generator,False,
TXNL202000000520,ACC0004876,IND19008354,LN2019030000035,LDO20200000298,12,2020-04-07,03:22:15,6265.24,Debit,Completed,,Loan Payment - LN2019030000035,False,,1.16,,Automated,Vehicle Loan,standard_payment,False,loan_payment_generator,False,
TXNL202000000521,ACC0003564,IND19020414,LN2019030000036,LDO20200000054,13,2020-04-23,03:34:38,3232.58,Debit,Completed,,Loan Payment - LN20190300...,False,,0.83,,Automated,Vehicle Loan,standard_payment,False,loan_payment_generator,True,truncated_description
TXNL202000000522,ACC0003537,IND19010522,LN2019030000043,LDO20200000299,12,2020-04-13,02:25:40,2859.03,Debit,Completed,,Loan Payment - LN2019030000043,False,,0.82,,Automated,Personal Loan,standard_payment,False,loan_payment_generator,False,
TXNL202000000523,ACC0004528,IND19009624,LN2019030000050,LDO20200000128,13,2020-04-26,02:22:08,3461.37,Debit,Completed,,Loan Payment - LN2019030000050,False,,1.56,,Automated,Home Loan,standard_payment,False,loan_payment_generator,False,
TXNL202000000524,ACC0003910,IND19014211,LN2019030000051,LDO20200000300,13,2020-04-28,04:27:23,2017.07,Debit,Completed,,Loan Payment - LN2019030000051 - Extra Principal,False,,1.68,,Automated,Personal Loan,extra_payment,False,loan_payment_generator,False,
TXNL202000000525,ACC0005435,IND19007350,LN2019030000052,LDO20200000055,13,2020-04-30,03:00:17,4551.3,Debit,Completed,,Loan Payment - LN2019030000052,False,,0.96,,Automated,Home Loan,standard_payment,False,loan_payment_generator,False,
TXNL202000000526,ACC0004853,IND19015189,LN2019030000054,LDO20200000301,13,2020-04-23,03:15:42,5218.47,Debit,Completed,,Loan Payment - LN2019030000054,False,,0.08,,Automated,Home Loan,standard_payment,False,loan_payment_generator,False,
TXNL202000000527,ACC0003436,IND19020844,LN2019030000059,LDO20200000026,13,2020-04-15,02:44:57,4783.25,Debit,Completed,,Loan Payment - LN2019030000059,False,,1.39,,Automated,Personal Loan,standard_payment,False,loan_payment_generator,False,
TXNL202000000528,ACC0005280,IND19003896,LN2019030000063,LDO20200000302,13,2020-04-18,04:23:33,5642.92,Debit,Completed,,Loan Payment - LN20190300...,False,,1.12,,Automated,Home Loan,standard_payment,False,loan_payment_generator,True,truncated_description
TXNL202000000529,ACC0003719,IND19005540,LN2019030000068,LDO20200000129,13,2020-04-11,04:45:22,2511.74,Debit,Completed,,Loan Payment - LN2019030000068,False,,0.43,,Automated,Home Loan,standard_payment,False,loan_payment_generator,False,
TXNL202000000530,ACC0005297,IND19006641,LN2019030000078,LDO20200000303,12,2020-04-03,03:01:30,1346.58,Debit,Failed,bank_timeout,Loan Payment - LN2019030000078,False,,1.46,,Automated,Home Loan,standard_payment,False,loan_payment_generator,False,
TXNL202000000531,ACC0005434,IND19003857,LN2019030000087,LDO20200000056,12,2020-04-06,04:29:03,3602.08,Debit,Completed,,Loan Payment - LN2019030000087,False,,1.96,,Automated,Personal Loan,standard_payment,False,loan_payment_generator,False,
TXNL202000000532,ACC0003574,IND19015788,LN2019030000089,LDO20200000304,12,2020-04-10,03:17:32,603.12,Debit,Completed,,Loan Payment - LN2019030000089,False,,1.17,,Automated,Home Loan,standard_payment,False,loan_payment_generator,True,amount_rounding_error
TXNL202000000533,ACC0003832,IND19007607,LN2019030000092,LDO20200000130,13,2020-04-27,04:22:43,885.65,Debit,Completed,,Loan Payment - LN2019030000092 - Partial,False,,0.56,,Automated,Home Loan,partial_payment,False,loan_payment_generator,False,
TXNL202000000534,ACC0003996,IND19020718,LN2019030000102,LDO20200000131,12,2020-04-07,04:21:30,1507.48,Debit,Completed,,Loan Payment - LN2019030000102 - Partial,False,,0.17,,Automated,Personal Loan,partial_payment,False,loan_payment_generator,False,
TXNL202000000535,ACC0005190,IND19012666,LN2019030000109,LDO20200000132,13,2020-04-21,03:23:05,1260.43,Debit,Failed,bank_timeout,Loan Payment - LN2019030000109,False,,0.87,,Automated,Personal Loan,standard_payment,False,loan_payment_generator,False,
TXNL202000000536,ACC0004198,IND19011595,LN2019030000116,LDO20200000305,12,2020-04-07,03:59:21,7124.67,Debit,Completed,,Loan Payment - LN2019030000116,False,,0.53,,Automated,Vehicle Loan,standard_payment,False,loan_payment_generator,False,
TXNL202000000537,ACC0005254,IND19003949,LN2019030000117,LDO20200000306,13,2020-04-24,04:14:32,3264.19,Debit,Completed,,Loan Payment - LN2019030000117,False,,1.55,,Automated,Home Loan,standard_payment,False,loan_payment_generator,False,
TXNL202000000538,ACC0004543,IND19009335,LN2019030000134,LDO20200000307,12,2020-04-07,04:44:07,1932.17,Debit,Completed,,Loan Payment - LN20190300...,False,,0.47,,Automated,Vehicle Loan,standard_payment,False,loan_payment_generator,True,truncated_description
TXNL202000000539,ACC0003783,IND19008845,LN2019030000144,LDO20200000057,13,2020-04-29,02:42:21,14083.23,Debit,Completed,,Loan Payment - LN2019030000144,False,,0.34,,Automated,Personal Loan,standard_payment,False,loan_payment_generator,False,
TXNL202000000540,ACC0004243,IND19015877,LN2019030000176,LDO20200000308,13,2020-04-16,03:41:26,2758.64,Debit,Completed,,Loan Payment - LN20190300...,False,,0.27,,Automated,Personal Loan,standard_payment,False,loan_payment_generator,True,truncated_description
TXNL202000000541,ACC0004115,IND19003240,LN2019030000182,LDO20200000309,13,2020-04-15,04:47:50,912.65,Debit,Completed,,Loan Payment - LN2019030000182,False,,1.87,,Automated,Home Loan,standard_payment,False,loan_payment_generator,False,
TXNL202000000542,ACC0004317,IND19004320,LN2019030000205,LDO20200000310,13,2020-04-24,02:04:14,3118.87,Debit,Completed,,Loan Payment - LN2019030000205,False,,1.08,,Automated,Home Loan,standard_payment,False,loan_payment_generator,False,
TXNL202000000543,ACC0003889,IND19005638,LN2019030000206,LDO20200000133,13,2020-04-13,02:31:23,2546.03,Debit,Completed,,Loan Payment - LN2019030000206,False,,0.2,,Automated,Home Loan,standard_payment,False,loan_payment_generator,False,
TXNL202000000544,ACC0003504,IND19009407,LN2019030000214,LDO20200000311,12,2020-04-02,04:01:42,793.29,Debit,Completed,,Loan Payment - LN2019030000214,False,,0.68,,Automated,Home Loan,standard_payment,False,loan_payment_generator,False,
TXNL202000000545,ACC0004957,IND19010591,LN2019030000220,LDO20200000312,13,2020-04-20,04:48:45,425.06,Debit,Completed,,Loan Payment - LN2019030000220,False,,0.28,,Automated,Home Loan,standard_payment,False,loan_payment_generator,False,
TXNL202000000546,ACC0004931,IND19015369,LN2019030000222,LDO20200000313,13,2020-04-08,03:53:02,1855.82,Debit,Completed,,Loan Payment - LN2019030000222,False,,1.52,,Automated,Vehicle Loan,standard_payment,False,loan_payment_generator,False,
TXNL202000000547,ACC0005492,COM19000191,LN2019030000225,LDO20200000314,13,2020-04-19,04:09:21,20294.46,Debit,Completed,,Loan Payment - LN2019030000225,False,,0.58,,Automated,Business Loan,standard_payment,False,loan_payment_generator,False,
TXNL202000000548,ACC0004498,IND19007097,LN2019030000226,LDO20200000134,13,2020-04-20,03:45:36,694.36,Debit,Completed,,Loan Payment - LN2019030000226,False,,1.44,,Automated,Home Loan,standard_payment,False,loan_payment_generator,False,
TXNL202000000549,ACC0004313,IND19007231,LN2019030000240,LDO20200000315,13,2020-04-30,04:42:58,2440.91,Debit,Completed,,Loan Payment - LN2019030000240,False,,0.96,,Automated,Personal Loan,standard_payment,False,loan_payment_generator,False,
TXNL202000000550,ACC0005176,IND19003245,LN2019030000244,LDO20200000135,12,2020-04-01,03:45:08,961.72,Debit,Completed,,Loan Payment - LN2019030000244,False,,0.61,,Automated,Personal Loan,standard_payment,False,loan_payment_generator,False,
TXNL202000000551,ACC0005322,IND19021056,LN2019030000246,LDO20200000136,13,2020-04-11,04:56:55,389.34,Debit,Failed,bank_timeout,Loan Payment - LN2019030000246,False,,0.38,,Automated,Home Loan,standard_payment,False,loan_payment_generator,True,status_inconsistency
TXNL202000000552,ACC0004245,IND19019206,LN2019030000252,LDO20200000316,13,2020-04-30,03:41:11,1053.35,Debit,Completed,,Loan Payment - LN2019030000252,False,,1.45,,Automated,Home Loan,standard_payment,False,loan_payment_generator,False,
TXNL202000000553,ACC0004054,IND19013514,LN2019030000253,LDO20200000137,13,2020-04-14,04:41:42,1464.69,Debit,Completed,,Loan Payment - LN2019030000253 - Partial,False,,1.95,,Automated,Personal Loan,partial_payment,False,loan_payment_generator,False,
TXNL202000000554,ACC0005457,IND19006688,LN2019030000254,LDO20200000138,12,2020-04-01,04:12:11,3642.53,Debit,Cancelled,customer_stop_instruction,Loan Payment - LN2019030000254,False,,1.53,,Automated,Home Loan,standard_payment,False,loan_payment_generator,False,
TXNL202000000555,ACC0003512,IND19003923,LN2019030000262,LDO20200000317,13,2020-04-13,04:09:54,1179.33,Debit,Completed,,Loan Payment - LN2019030000262,False,,1.77,,Automated,Home Loan,standard_payment,False,loan_payment_generator,False,
TXNL202000000556,ACC0005494,COM19000146,LN2019030000264,LDO20200000058,13,2020-04-16,04:08:49,3852.3,Debit,Completed,,Loan Payment - LN2019030000264,False,,0.99,,Automated,Business Loan,standard_payment,False,loan_payment_generator,False,
TXNL202000000557,ACC0003703,IND19020177,LN2019030000293,LDO20200000059,12,2020-04-02,02:26:41,12021.31,Debit,Failed,account_blocked,Loan Payment - LN2019030000293,False,,0.45,,Automated,Personal Loan,standard_payment,False,loan_payment_generator,False,
TXNL202000000558,ACC0004383,IND19004128,LN2019030000294,LDO20200000318,13,2020-04-28,02:44:52,5057.21,Debit,Completed,,Loan Payment - LN2019030000294 - Partial,False,,0.83,,Automated,Vehicle Loan,partial_payment,False,loan_payment_generator,False,
TXNL202000000559,ACC0004854,IND19020108,LN2019030000298,LDO20200000319,13,2020-04-23,03:01:16,2850.47,Debit,Completed,,Loan Payment - LN2019030000298,False,,1.07,,Automated,Home Loan,standard_payment,False,loan_payment_generator,False,
TXNL202000000560,ACC0003435,IND19000025,LN2019030000305,LDO20200000320,13,2020-04-11,04:16:44,3683.48,Debit,Completed,,Loan Payment - LN2019030000305,False,,0.12,,Automated,Personal Loan,standard_payment,False,loan_payment_generator,False,
TXNL202000000561,ACC0004999,IND19020592,LN2019030000308,LDO20200000321,13,2020-04-29,02:34:58,3832.58,Debit,Completed,,Loan Payment - LN2019030000308,False,,0.03,,Automated,Vehicle Loan,standard_payment,False,loan_payment_generator,False,
TXNL202000000562,ACC0003973,IND19002029,LN2019030000312,LDO20200000060,13,2020-04-13,02:24:07,2329.36,Debit,Completed,,Loan Payment - LN2019030000312,False,,1.81,,Automated,Home Loan,standard_payment,False,loan_payment_generator,False,
TXNL202000000563,ACC0003767,IND19010272,LN2019030000318,LDO20200000139,12,2020-04-05,03:38:49,675.48,Debit,Failed,bank_timeout,Loan Payment - LN2019030000318,False,,1.24,,Automated,Vehicle Loan,standard_payment,False,loan_payment_generator,False,
TXNL202000000564,ACC0003411,IND19008372,LN2019030000339,LDO20200000322,13,2020-04-27,02:37:13,6184.7,Debit,Completed,,Loan Payment - LN2019030000339,False,,0.98,,Automated,Home Loan,standard_payment,False,loan_payment_generator,False,
TXNL202000000565,ACC0004732,IND19004385,LN2019030000342,LDO20200000140,13,2020-04-16,04:44:23,3272.19,Debit,Completed,,Loan Payment - LN2019030000342,False,,0.65,,Automated,Personal Loan,standard_payment,False,loan_payment_generator,False,
TXNL202000000566,ACC0003793,IND19002358,LN2019030000343,LDO20200000141,13,2020-04-28,03:49:07,1665.66,Debit,Completed,,Loan Payment - LN2019030000343,False,,1.73,,Automated,Home Loan,standard_payment,False,loan_payment_generator,False,
TXNL202000000567,ACC0004289,IND19009614,LN2019030000347,LDO20200000142,13,2020-04-25,03:51:26,1961.73,Debit,Completed,,Loan Payment - LN2019030000347,False,,0.45,,Automated,Vehicle Loan,standard_payment,False,loan_payment_generator,False,
TXNL202000000568,ACC0003432,IND19001478,LN2019030000356,LDO20200000027,13,2020-04-16,04:06:39,4521.58,Debit,Failed,insufficient_funds,Loan Payment - LN2019030000356,False,,0.56,,Automated,Home Loan,standard_payment,False,loan_payment_generator,False,
TXNL202000000569,ACC0004762,IND19013396,LN2019030000360,LDO20200000323,13,2020-04-15,02:28:12,118.56,Debit,Completed,,Loan Payment - LN2019030000360 - Partial,False,,0.97,,Automated,Home Loan,partial_payment,False,loan_payment_generator,False,
TXNL202000000570,ACC0004160,IND19003283,LN2019030000368,LDO20200000061,13,2020-04-20,04:07:22,1637.76,Debit,Completed,,Loan Payment - LN2019030000368,False,,0.6,,Automated,Home Loan,standard_payment,False,loan_payment_generator,False,
TXNL202000000571,ACC0003795,IND19016035,LN2019030000389,LDO20200000143,12,2020-04-07,02:41:17,1753.46,Debit,Completed,,Loan Payment - LN2019030000389,False,,1.1,,Automated,Vehicle Loan,standard_payment,False,loan_payment_generator,False,
TXNL202000000572,ACC0003732,IND19022003,LN2019030000395,LDO20200000324,13,2020-04-11,04:47:52,3122.53,Debit,Completed,,Loan Payment - LN2019030000395,False,,1.33,,Automated,Vehicle Loan,standard_payment,False,loan_payment_generator,False,
TXNL202000000573,ACC0004759,IND19011023,LN2019030000399,LDO20200000325,13,2020-04-21,02:14:20,3069.35,Debit,Completed,,Loan Payment - LN2019030000399,False,,1.66,,Automated,Home Loan,standard_payment,False,loan_payment_generator,False,
TXNL202000000574,ACC0005107,IND19001030,LN2019030000413,LDO20200000326,12,2020-04-01,04:14:37,1073.05,Debit,Completed,,Loan Payment - LN2019030000413,False,,0.68,,Automated,Home Loan,standard_payment,False,loan_payment_generator,False,
TXNL202000000575,ACC0004831,IND19016980,LN2019030000414,LDO20200000327,12,2020-04-02,03:23:59,377.57,Debit,Completed,,Loan Payment - LN2019030000414,False,,0.3,,Automated,Home Loan,standard_payment,False,loan_payment_generator,False,
TXNL202000000576,ACC0004143,IND19017809,LN2019030000422,LDO20200000144,13,2020-04-14,04:24:57,3879.62,Debit,Completed,,Loan Payment - LN2019030000422 - Late Fee,False,,1.65,,Automated,Home Loan,late_payment,False,loan_payment_generator,False,
TXNL202000000577,ACC0004881,IND19013014,LN2019030000423,LDO20200000328,13,2020-04-30,03:08:07,8207.83,Debit,Completed,,Loan Payment - LN2019030000423,False,,1.55,,Automated,Personal Loan,standard_payment,False,loan_payment_generator,False,
TXNL202000000578,ACC0003542,IND19013270,LN2019030000426,LDO20200000145,13,2020-04-24,02:57:53,2105.9,Debit,Completed,,Loan Payment - LN2019030000426,False,,0.47,,Automated,Home Loan,standard_payment,False,loan_payment_generator,False,
TXNL202000000579,ACC0004035,IND19006264,LN2019030000433,LDO20200000146,13,2020-04-30,04:59:49,4711.21,Debit,Completed,,Loan Payment - LN2019030000433 - Extra Principal,False,,0.12,,Automated,Home Loan,extra_payment,False,loan_payment_generator,False,
TXNL202000000580,ACC0005171,IND19010534,LN2019030000456,LDO20200000147,13,2020-04-15,02:03:21,3151.81,Debit,Completed,,Loan Payment - LN2019030000456,False,,1.41,,Automated,Home Loan,standard_payment,False,loan_payment_generator,False,
TXNL202000000581,ACC0004100,IND19019312,LN2019030000465,LDO20200000148,13,2020-04-28,02:29:26,2713.08,Debit,Completed,,Loan Payment - LN2019030000465,False,,1.3,,Automated,Home Loan,standard_payment,False,loan_payment_generator,False,
TXNL202000000582,ACC0005123,IND19004145,LN2019030000478,LDO20200000329,13,2020-04-29,04:22:16,3351.39,Debit,Completed,,Loan Payment - LN2019030000478 - Late Fee,False,,1.98,,Automated,Vehicle Loan,late_payment,False,loan_payment_generator,False,
TXNL202000000583,ACC0004905,IND19004211,LN2019030000480,LDO20200000028,13,2020-04-29,03:21:02,852.41,Debit,Completed,,Loan Payment - LN2019030000480 - Late Fee,False,,1.01,,Automated,Home Loan,late_payment,False,loan_payment_generator,False,
TXNL202000000584,ACC0003971,IND19011002,LN2019030000484,LDO20200000149,13,2020-04-15,02:27:06,1780.54,Debit,Failed,insufficient_funds,Loan Payment - LN2019030000484,False,,1.01,,Automated,Home Loan,standard_payment,False,loan_payment_generator,False,
TXNL202000000585,ACC0003590,IND19002386,LN2019030000486,LDO20200000062,12,2020-04-01,02:31:11,6097.57,Debit,Completed,,Loan Payment - LN2019030000486,False,,0.62,,Automated,Personal Loan,standard_payment,False,loan_payment_generator,False,
TXNL202000000586,ACC0004485,IND19003032,LN2019030000487,LDO20200000330,13,2020-04-18,04:40:46,3080.68,Debit,Completed,,Loan Payment - LN2019030000487,False,,0.61,,Automated,Vehicle Loan,standard_payment,False,loan_payment_generator,False,
TXNL202000000587,ACC0005367,IND19019184,LN2019030000489,LDO20200000150,13,2020-04-27,03:06:08,5880.12,Debit,Completed,,Loan Payment - LN2019030000489,False,,0.48,,Automated,Home Loan,standard_payment,False,loan_payment_generator,False,
TXNL202000000588,ACC0004563,IND19000327,LN2019030000505,LDO20200000331,12,2020-04-05,03:04:34,408.5,Debit,Completed,,Loan Payment - LN2019030000505,False,,0.98,,Automated,Home Loan,standard_payment,False,loan_payment_generator,False,
TXNL202000000589,ACC0005365,IND19011964,LN2019030000511,LDO20200000151,12,2020-04-06,03:47:11,2125.86,Debit,Completed,,Loan Payment - LN2019030000511,False,,0.99,,Automated,Vehicle Loan,standard_payment,False,loan_payment_generator,False,
TXNL202000000590,ACC0004943,IND19018779,LN2019030000527,LDO20200000152,12,2020-04-05,04:29:50,1896.96,Debit,Completed,,Loan Payment - LN2019030000527,False,,1.88,,Automated,Vehicle Loan,standard_payment,False,loan_payment_generator,False,
TXNL202000000591,ACC0003885,IND19019580,LN2019030000538,LDO20200000153,13,2020-04-17,03:06:52,1024.83,Debit,Completed,,Loan Payment - LN2019030000538,False,,1.64,,Automated,Vehicle Loan,standard_payment,False,loan_payment_generator,False,
TXNL202000000592,ACC0004102,IND19007126,LN2019030000546,LDO20200000154,12,2020-04-11,02:29:08,2355.49,Debit,Completed,,Loan Payment - LN2019030000546,False,,0.65,,Automated,Home Loan,standard_payment,False,loan_payment_generator,False,
TXNL202000000593,ACC0005234,IND19005109,LN2019030000563,LDO20200000332,13,2020-04-23,04:14:05,935.48,Debit,Completed,,Loan Payment - LN2019030000563,False,,1.94,,Automated,Home Loan,standard_payment,False,loan_payment_generator,False,
TXNL202000000594,ACC0003442,IND19005647,LN2019030000593,LDO20200000333,12,2020-04-01,03:20:56,370.02,Debit,Completed,,Loan Payment - LN2019030000593,False,,1.0,,Automated,Home Loan,standard_payment,False,loan_payment_generator,False,
TXNL202000000595,ACC0004163,IND19003743,LN2019030000595,LDO20200000334,13,2020-04-17,02:48:32,4104.03,Debit,Completed,,Loan Payment - LN2019030000595,False,,1.1,,Automated,Home Loan,standard_payment,False,loan_payment_generator,False,
TXNL202000000596,ACC0004850,IND19016373,LN2019030000608,LDO20200000155,13,2020-04-24,04:08:42,3509.24,Debit,Completed,,Loan Payment - LN2019030000608,False,,1.51,,Automated,Home Loan,standard_payment,False,loan_payment_generator,False,
TXNL202000000597,ACC0005089,IND19015343,LN2019030000613,LDO20200000335,12,2020-04-06,02:00:18,1443.63,Debit,Failed,insufficient_funds,Loan Payment - LN2019030000613,False,,0.17,,Automated,Home Loan,standard_payment,False,loan_payment_generator,False,
TXNL202000000598,ACC0004856,IND19002897,LN2019030000628,LDO20200000336,13,2020-04-21,02:35:13,2530.85,Debit,Completed,,Loan Payment - LN2019030000628 - Late Fee,False,,1.78,,Automated,Home Loan,late_payment,False,loan_payment_generator,False,
TXNL202000000599,ACC0004133,IND19012062,LN2019030000629,LDO20200000337,12,2020-04-04,03:08:23,1136.06,Debit,Completed,,Loan Payment - LN2019030000629,False,,1.71,,Automated,Vehicle Loan,standard_payment,False,loan_payment_generator,False,
TXNL202000000600,ACC0003398,IND19003354,LN2019030000639,LDO20200000338,13,2020-04-14,02:03:54,742.62,Debit,Completed,,Loan Payment - LN2019030000639,False,,0.45,,Automated,Home Loan,standard_payment,False,loan_payment_generator,False,
TXNL202000000601,ACC0004410,IND19002499,LN2019030000650,LDO20200000339,13,2020-04-18,03:25:02,629.65,Debit,Completed,,Loan Payment - LN2019030000650,False,,1.11,,Automated,Home Loan,standard_payment,False,loan_payment_generator,False,
TXNL202000000602,ACC0005331,IND19003950,LN2019030000652,LDO20200000156,13,2020-04-18,02:18:51,1251.31,Debit,Completed,,Loan Payment - LN2019030000652,False,,1.19,,Automated,Home Loan,standard_payment,False,loan_payment_generator,False,
TXNL202000000603,ACC0003458,IND19000548,LN2019030000662,LDO20200000340,13,2020-04-15,04:46:47,509.06,Debit,Failed,mandate_limit,Loan Payment - LN2019030000662,False,,1.19,,Automated,Home Loan,standard_payment,False,loan_payment_generator,True,status_inconsistency
TXNL202000000604,ACC0004095,IND19021972,LN2019030000699,LDO20200000341,12,2020-04-11,03:29:08,3624.76,Debit,Completed,,Loan Payment - LN2019030000699 - Late Fee,False,,0.3,,Automated,Home Loan,late_payment,False,loan_payment_generator,False,
TXNL202000000605,ACC0004851,IND19016373,LN2019030000704,LDO20200000063,13,2020-04-15,03:09:32,3630.42,Debit,Completed,,Loan Payment - LN2019030000704,False,,1.99,,Automated,Home Loan,standard_payment,False,loan_payment_generator,False,
TXNL202000000606,ACC0004798,IND19001595,LN2019030000710,LDO20200000342,13,2020-04-19,03:54:54,2482.62,Debit,Completed,,Loan Payment - LN2019030000710 - Late Fee,False,,1.44,,Automated,Personal Loan,late_payment,False,loan_payment_generator,False,
TXNL202000000607,ACC0005080,IND19012507,LN2019030000732,LDO20200000343,13,2020-04-19,03:25:52,1451.71,Debit,Completed,,Loan Payment - LN2019030000732,False,,0.46,,Automated,Vehicle Loan,standard_payment,False,loan_payment_generator,False,
TXNL202000000608,ACC0003886,IND19007018,LN2019030000738,LDO20200000016,13,2020-04-10,02:10:33,2040.92,Debit,Completed,,Loan Payment - LN2019030000738,False,,0.59,,Automated,Home Loan,standard_payment,False,loan_payment_generator,False,
TXNL202000000609,ACC0004739,IND19009716,LN2019030000745,LDO20200000344,13,2020-04-22,03:14:43,8366.42,Debit,Completed,,Loan Payment - LN2019030000745,False,,0.45,,Automated,Personal Loan,standard_payment,False,loan_payment_generator,False,
TXNL202000000610,ACC0004713,IND19001899,LN2019030000749,LDO20200000345,13,2020-04-28,04:40:49,991.3,Debit,Completed,,Loan Payment - LN2019030000749 - Recovery,False,,0.13,,Automated,Vehicle Loan,recovery_payment,True,loan_payment_generator,False,
TXNL202000000611,ACC0003871,IND19011064,LN2019030000751,LDO20200000157,13,2020-04-26,03:33:36,3518.92,Debit,Completed,,Loan Payment - LN2019030000751 - Late Fee,False,,0.82,,Automated,Personal Loan,late_payment,False,loan_payment_generator,False,
TXNL202000000612,ACC0004122,IND19018258,LN2019030000752,LDO20200000346,13,2020-04-27,03:57:39,2018.83,Debit,Failed,bank_timeout,Loan Payment - LN2019030000752,False,,1.52,,Automated,Personal Loan,standard_payment,False,loan_payment_generator,False,
TXNL202000000613,ACC0004315,IND19020579,LN2019030000764,LDO20200000158,13,2020-04-30,02:52:45,5109.64,Debit,Completed,,Loan Payment - LN2019030000764,False,,0.99,,Automated,Vehicle Loan,standard_payment,False,loan_payment_generator,False,
TXNL202000000614,ACC0004568,IND19007459,LN2019030000765,,13,2020-04-17,02:00:11,860.28,Debit,Completed,,Loan Payment - LN2019030000765,False,,2.5,,Automated,Vehicle Loan,standard_payment,False,loan_payment_generator,False,
TXNL202000000615,ACC0004891,IND19011397,LN2019030000770,LDO20200000347,13,2020-04-30,03:46:10,12084.77,Debit,Completed,,Loan Payment - LN2019030000770,False,,0.93,,Automated,Personal Loan,standard_payment,False,loan_payment_generator,False,
TXNL202000000616,ACC0004205,IND19012175,LN2019030000772,LDO20200000348,13,2020-04-30,02:56:19,2903.82,Debit,Completed,,Loan Payment - LN2019030000772,False,,0.97,,Automated,Personal Loan,standard_payment,False,loan_payment_generator,False,
TXNL202000000617,ACC0005053,IND19002529,LN2019030000776,LDO20200000349,13,2020-04-14,04:22:26,14111.31,Debit,Completed,,Loan Payment - LN2019030000776,False,,0.22,,Automated,Personal Loan,standard_payment,False,loan_payment_generator,False,
TXNL202000000618,ACC0004917,IND19005268,LN2019030000803,LDO20200000350,12,2020-04-01,02:56:48,362.64,Debit,Completed,,Loan Payment - LN2019030000803 - Partial,False,,0.0,,Automated,Home Loan,partial_payment,False,loan_payment_generator,False,
TXNL202000000619,ACC0005328,IND19008718,LN2019030000808,LDO20200000351,13,2020-04-25,02:21:45,4147.8,Debit,Completed,,Loan Payment - LN2019030000808,False,,0.15,,Automated,Personal Loan,standard_payment,False,loan_payment_generator,False,
TXNL202000000620,ACC0003952,IND19009408,LN2019030000819,LDO20200000017,13,2020-04-29,02:45:19,960.4,Debit,Completed,,Loan Payment - LN2019030000819 - Late Fee,False,,1.49,,Automated,Personal Loan,late_payment,False,loan_payment_generator,False,
TXNL202000000621,ACC0004092,IND19016262,LN2019030000827,LDO20200000064,13,2020-04-07,04:46:12,3163.68,Debit,Completed,,Loan Payment - LN2019030000827,False,,0.54,,Automated,Personal Loan,standard_payment,False,loan_payment_generator,False,
TXNL202000000622,ACC0004028,IND19019126,LN2019030000839,LDO20200000352,13,2020-04-30,03:19:28,1660.76,Debit,Completed,,Loan Payment - LN2019030000839,False,,1.14,,Automated,Personal Loan,standard_payment,False,loan_payment_generator,False,
TXNL202000000623,ACC0003412,IND19008372,LN2019030000858,LDO20200000353,13,2020-04-22,02:26:00,5791.54,Debit,Completed,,Loan Payment - LN2019030000858,False,,1.72,,Automated,Home Loan,standard_payment,False,loan_payment_generator,False,
TXNL202000000624,ACC0004006,IND19015397,LN2019030000860,LDO20200000029,13,2020-04-13,04:26:11,2582.91,Debit,Completed,,Loan Payment - LN2019030000860,False,,1.97,,Automated,Home Loan,standard_payment,False,loan_payment_generator,False,
TXNL202000000625,ACC0004770,IND19006156,LN2019030000861,LDO20200000159,13,2020-04-30,04:53:52,2777.34,Debit,Completed,,Loan Payment - LN2019030000861,False,,1.3,,Automated,Home Loan,standard_payment,False,loan_payment_generator,False,
TXNL202000000626,ACC0004127,IND19020564,LN2019030000866,LDO20200000030,13,2020-04-13,03:51:04,2562.37,Debit,Completed,,Loan Payment - LN2019030000866,False,,1.71,,Automated,Home Loan,standard_payment,False,loan_payment_generator,False,
TXNL202000000627,ACC0004449,IND19013613,LN2019030000884,LDO20200000354,13,2020-04-21,04:07:29,13938.2,Debit,Completed,,Loan Payment - LN2019030000884,False,,1.84,,Automated,Personal Loan,standard_payment,False,loan_payment_generator,False,
TXNL202000000628,ACC0003691,IND19004793,LN2019030000885,LDO20200000355,12,2020-04-10,03:21:05,1783.13,Debit,Completed,,Loan Payment - LN2019030000885,False,,0.45,,Automated,Home Loan,standard_payment,False,loan_payment_generator,False,
TXNL202000000629,ACC0004026,IND19017212,LN2019030000890,LDO20200000357,13,2020-04-17,04:56:37,2107.44,Debit,Completed,,Loan Payment - LN2019030000890,False,,1.03,,Automated,Vehicle Loan,standard_payment,False,loan_payment_generator,False,
TXNL202000000630,ACC0003746,IND19003798,LN2019030000894,LDO20200000358,12,2020-04-06,02:39:08,13058.31,Debit,Completed,,Loan Payment - LN2019030000894,False,,1.87,,Automated,Personal Loan,standard_payment,False,loan_payment_generator,False,
TXNL202000000631,ACC0005017,IND19013167,LN2019030000895,LDO20200000359,13,2020-04-14,03:05:58,1365.26,Debit,Completed,,Loan Payment - LN2019030000895,False,,1.58,,Automated,Personal Loan,standard_payment,False,loan_payment_generator,False,
TXNL202000000632,ACC0003894,IND19000111,LN2019030000903,LDO20200000160,13,2020-04-20,03:48:50,1024.0,Debit,Completed,,Loan Payment - LN2019030000903,False,,1.1,,Automated,Home Loan,standard_payment,False,loan_payment_generator,True,amount_rounding_error
TXNL202000000633,ACC0005195,IND19008590,LN2019030000905,LDO20200000065,13,2020-04-22,02:36:22,2581.86,Debit,Failed,bank_timeout,Loan Payment - LN2019030000905,False,,0.93,,Automated,Home Loan,standard_payment,False,loan_payment_generator,False,
TXNL202000000634,ACC0005228,IND19009249,LN2019030000934,LDO20200000360,12,2020-04-05,04:36:41,3977.71,Debit,Completed,,Loan Payment - LN2019030000934,False,,1.69,,Automated,Personal Loan,standard_payment,False,loan_payment_generator,False,
TXNL202000000635,ACC0004582,IND19020894,LN2019030000940,LDO20200000361,13,2020-04-13,02:24:47,2226.48,Debit,Completed,,Loan Payment - LN2019030000940,False,,0.32,,Automated,Home Loan,standard_payment,False,loan_payment_generator,False,
TXNL202000000636,ACC0004050,IND19013628,LN2019030000941,LDO20200000161,13,2020-04-20,03:00:17,777.01,Debit,Completed,,Loan Payment - LN2019030000941,False,,0.49,,Automated,Home Loan,standard_payment,False,loan_payment_generator,False,
TXNL202000000637,ACC0005307,IND19003285,LN2019030000944,LDO20200000162,12,2020-04-07,03:22:29,1684.61,Debit,Completed,,Loan Payment - LN2019030000944,False,,0.7,,Automated,Home Loan,standard_payment,False,loan_payment_generator,False,
TXNL202000000638,ACC0005256,IND19015582,LN2019030000946,LDO20200000362,12,2020-04-05,02:00:23,654.32,Debit,Completed,,Loan Payment - LN2019030000946,False,,1.12,,Automated,Vehicle Loan,standard_payment,False,loan_payment_generator,False,
TXNL202000000639,ACC0004418,IND19003496,LN2019030000947,LDO20200000363,13,2020-04-13,03:11:43,3035.54,Debit,Completed,,Loan Payment - LN2019030000947,False,,1.09,,Automated,Personal Loan,standard_payment,False,loan_payment_generator,False,
TXNL202000000640,ACC0004811,IND19020283,LN2019030000956,LDO20200000066,13,2020-04-26,04:29:49,1640.97,Debit,Completed,,Loan Payment - LN2019030000956,False,,1.58,,Automated,Vehicle Loan,standard_payment,False,loan_payment_generator,False,
TXNL202000000641,ACC0004178,IND19020755,LN2019030000957,LDO20200000163,13,2020-04-24,03:50:41,839.0,Debit,Completed,,Loan Payment - LN2019030000957,False,,1.28,,Automated,Home Loan,standard_payment,False,loan_payment_generator,False,
TXNL202000000642,ACC0003651,IND19018294,LN2019030000958,LDO20200000364,13,2020-04-25,03:19:59,3101.38,Debit,Completed,,Loan Payment - LN2019030000958,False,,1.29,,Automated,Home Loan,standard_payment,False,loan_payment_generator,False,
TXNL202000000643,ACC0003654,IND19019610,LN2019030000959,LDO20200000365,12,2020-04-02,02:31:07,6285.79,Debit,Completed,,Loan Payment - LN2019030000959,False,,0.04,,Automated,Home Loan,standard_payment,False,loan_payment_generator,False,
TXNL202000000644,ACC0004795,IND19017504,LN2019030000960,LDO20200000366,13,2020-04-09,02:48:11,2202.91,Debit,Completed,,Loan Payment - LN2019030000960,False,,1.48,,Automated,Home Loan,standard_payment,False,loan_payment_generator,False,
TXNL202000000645,ACC0004668,IND19013025,LN2019030000978,LDO20200000031,12,2020-04-03,02:50:40,2442.49,Debit,Completed,,Loan Payment - LN2019030000978,False,,1.04,,Automated,Vehicle Loan,standard_payment,False,loan_payment_generator,True,timestamp_shift
TXNL202000000646,ACC0004396,IND19014660,LN2019030000994,LDO20200000367,13,2020-04-23,02:39:06,2585.32,Debit,Completed,,Loan Payment - LN2019030000994,False,,0.86,,Automated,Personal Loan,standard_payment,False,loan_payment_generator,False,
TXNL202000000647,ACC0004223,IND19016897,LN2019030000996,LDO20200000164,13,2020-04-27,04:46:33,1345.72,Debit,Completed,,Loan Payment - LN2019030000996,False,,1.22,,Automated,Home Loan,standard_payment,False,loan_payment_generator,False,
TXNL202000000648,ACC0005498,COM19000077,LN2019030000997,LDO20200000165,12,2020-04-04,04:04:39,19443.89,Debit,Completed,,Loan Payment - LN2019030000997,False,,0.59,,Automated,Business Loan,standard_payment,False,loan_payment_generator,False,
TXNL202000000649,ACC0003488,IND19014528,LN2019030001001,LDO20200000368,13,2020-04-29,04:23:49,1618.54,Debit,Completed,,Loan Payment - LN2019030001001,False,,1.15,,Automated,Vehicle Loan,standard_payment,False,loan_payment_generator,False,
TXNL202000000650,ACC0005436,IND19007350,LN2019030001011,LDO20200000067,13,2020-04-27,02:19:00,2069.78,Debit,Completed,,Loan Payment - LN20190300...,False,,1.64,,Automated,Home Loan,standard_payment,False,loan_payment_generator,True,truncated_description
TXNL202000000651,ACC0004888,IND19001264,LN2019030001012,LDO20200000369,12,2020-04-04,04:27:44,2386.02,Debit,Completed,,Loan Payment - LN2019030001012,False,,0.31,,Automated,Home Loan,standard_payment,False,loan_payment_generator,False,
TXNL202000000652,ACC0003825,IND19000273,LN2019030001014,LDO20200000166,13,2020-04-11,03:52:32,2669.54,Debit,Completed,,Loan Payment - LN2019030001014,False,,0.5,,Automated,Home Loan,standard_payment,False,loan_payment_generator,False,
TXNL202000000653,ACC0003658,IND19008971, LN2019030001024 ,LDO20200000167,13,2020-04-17,02:24:07,2398.1,Debit,Failed,insufficient_funds,Loan Payment - LN2019030001024,False,,1.17,,Automated,Personal Loan,standard_payment,False,loan_payment_generator,True,whitespace_in_id
TXNL202000000654,ACC0005479,COM19000224,LN2019030001025,LDO20200000168,13,2020-04-26,04:43:09,9405.96,Debit,Completed,,Loan Payment - LN2019030001025,False,,0.58,,Automated,Business Loan,standard_payment,False,loan_payment_generator,False,
TXNL202000000655,ACC0004837,IND19018237,LN2019030001030,LDO20200000370,13,2020-04-10,03:47:52,2447.63,Debit,Completed,,Loan Payment - LN2019030001030,False,,0.66,,Automated,Vehicle Loan,standard_payment,False,loan_payment_generator,False,
TXNL202000000656,ACC0004032,IND19005748,LN2019030001038,LDO20200000371,13,2020-04-19,04:03:28,2201.51,Debit,Completed,,Loan Payment - LN2019030001038,False,,1.12,,Automated,Vehicle Loan,standard_payment,False,loan_payment_generator,False,
TXNL202000000657,ACC0003506,IND19004000,LN2019030001039,LDO20200000372,13,2020-04-17,02:27:47,2117.79,Debit,Completed,,Loan Payment - LN2019030001039,False,,1.27,,Automated,Vehicle Loan,standard_payment,False,loan_payment_generator,False,
TXNL202000000658,ACC0003924,IND19013108,LN2019030001047,LDO20200000169,13,2020-04-28,03:59:54,2241.41,Debit,Completed,,Loan Payment - LN2019030001047,False,,0.89,,Automated,Home Loan,standard_payment,False,loan_payment_generator,False,
TXNL202000000659,ACC0005067,IND19002630,LN2019030001053,LDO20200000032,12,2020-04-03,03:59:45,854.63,Debit,Completed,,Loan Payment - LN2019030001053,False,,0.76,,Automated,Home Loan,standard_payment,False,loan_payment_generator,False,
TXNL202000000660,ACC0005348,IND19018489,LN2019030001055,LDO20200000373,13,2020-04-30,03:11:57,2933.63,Debit,Completed,,Loan Payment - LN2019030001055,False,,1.05,,Automated,Vehicle Loan,standard_payment,False,loan_payment_generator,False,
TXNL202000000661,ACC0004003,IND19015848,LN2019030001060,LDO20200000374,13,2020-04-24,02:29:58,2423.4,Debit,Completed,,Loan Payment - LN2019030001060,False,,1.24,,Automated,Personal Loan,standard_payment,False,loan_payment_generator,False,
TXNL202000000662,ACC0003782,IND19008982,LN2019030001063,LDO20200000170,13,2020-04-20,03:54:52,1426.22,Debit,Completed,,Loan Payment - LN2019030001063,False,,1.14,,Automated,Home Loan,standard_payment,False,loan_payment_generator,False,
TXNL202000000663,ACC0005392,IND19007343,LN2019030001070,LDO20200000068,12,2020-04-06,02:40:07,1794.37,Debit,Completed,,Loan Payment - LN20190300...,False,,0.76,,Automated,Personal Loan,standard_payment,False,loan_payment_generator,True,truncated_description
TXNL202000000664,ACC0003503,IND19015210,LN2019030001084,LDO20200000069,13,2020-04-08,04:11:40,733.59,Debit,Completed,,Loan Payment - LN2019030001084,False,,1.77,,Automated,Vehicle Loan,standard_payment,False,loan_payment_generator,False,
TXNL202000000665,ACC0004507,IND19000891,LN2019030001088,LDO20200000375,13,2020-04-17,03:38:43,758.86,Debit,Completed,,Loan Payment - LN2019030001088,False,,1.94,,Automated,Vehicle Loan,standard_payment,False,loan_payment_generator,False,
TXNL202000000666,ACC0005209,IND19020091,LN2019030001108,LDO20200000376,13,2020-04-15,03:27:50,14316.53,Debit,Completed,,Loan Payment - LN2019030001108,False,,1.24,,Automated,Personal Loan,standard_payment,False,loan_payment_generator,False,
TXNL202000000667,ACC0004500,IND19001291,LN2019030001116,LDO20200000377,13,2020-04-26,04:38:11,11992.29,Debit,Completed,,Loan Payment - LN2019030001116,False,,1.81,,Automated,Personal Loan,standard_payment,False,loan_payment_generator,False,
TXNL202000000668,ACC0005456,IND19012730,LN2019030001117,LDO20200000171,13,2020-04-30,02:14:27,752.22,Debit,Completed,,Loan Payment - LN2019030001117,False,,0.59,,Automated,Home Loan,standard_payment,False,loan_payment_generator,False,
TXNL202000000669,ACC0003927,IND19006373,LN2019030001147,LDO20200000172,13,2020-04-28,02:47:41,860.42,Debit,Completed,,Loan Payment - LN2019030001147,False,,0.98,,Automated,Personal Loan,standard_payment,False,loan_payment_generator,False,
TXNL202000000670,ACC0004509,IND19009480,LN2019030001157,LDO20200000173,13,2020-04-11,03:35:08,9862.99,Debit,Completed,,Loan Payment - LN2019030001157,False,,1.52,,Automated,Vehicle Loan,standard_payment,False,loan_payment_generator,False,
TXNL202000000671,ACC0003553,IND19015836,LN2019030001159,LDO20200000378,13,2020-04-18,03:33:08,2037.7,Debit,Completed,,Loan Payment - LN2019030001159,False,,1.78,,Automated,Vehicle Loan,standard_payment,False,loan_payment_generator,False,
TXNL202000000672,ACC0003594,IND19010234,LN2019030001176,LDO20200000379,13,2020-04-27,02:29:18,24067.9,Debit,Completed,,Loan Payment - LN20190300...,False,,0.42,,Automated,Personal Loan,standard_payment,False,loan_payment_generator,True,truncated_description
TXNL202000000673,ACC0004089,IND19011651,LN2019030001205,LDO20200000380,13,2020-04-06,04:08:26,1327.46,Debit,Completed,,Loan Payment - LN2019030001205,False,,0.03,,Automated,Personal Loan,standard_payment,False,loan_payment_generator,False,
TXNL202000000674,ACC0004676,IND19016261,LN2019030001225,LDO20200000381,12,2020-04-02,03:06:40,14350.03,Debit,Completed,,Loan Payment - LN2019030001225,False,,1.06,,Automated,Personal Loan,standard_payment,False,loan_payment_generator,False,
TXNL202000000675,ACC0005226,IND19006635,LN2019030001233,LDO20200000382,12,2020-04-04,02:17:12,3284.33,Debit,Completed,,Loan Payment - LN2019030001233,False,,0.84,,Automated,Home Loan,standard_payment,False,loan_payment_generator,False,
TXNL202000000676,ACC0005302,IND19008558,LN2019030001234,LDO20200000175,12,2020-04-07,04:47:00,3487.77,Debit,Completed,,Loan Payment - LN2019030001234,False,,1.49,,Automated,Vehicle Loan,standard_payment,False,loan_payment_generator,False,
TXNL202000000677,ACC0003430,IND19018732,LN2019030001237,LDO20200000383,13,2020-04-28,02:07:27,591.56,Debit,Failed,mandate_limit,Loan Payment - LN2019030001237,False,,1.26,,Automated,Home Loan,standard_payment,False,loan_payment_generator,False,
TXNL202000000678,ACC0004157,IND19011584,LN2019030001243,LDO20200000070,12,2020-04-08,04:44:38,1795.74,Debit,Completed,,Loan Payment - LN2019030001243 - Late Fee,False,,0.92,,Automated,Home Loan,late_payment,False,loan_payment_generator,False,
TXNL202000000679,ACC0003918,IND19003745,LN2019030001244,LDO20200000384,12,2020-04-02,03:41:16,727.4,Debit,Completed,,Loan Payment - LN2019030001244,False,,1.47,,Automated,Home Loan,standard_payment,False,loan_payment_generator,False,
TXNL202000000680,ACC0004969,IND19013764,LN2019030001252,LDO20200000018,13,2020-04-17,04:19:14,1139.55,Debit,Completed,,Loan Payment - LN2019030001252,False,,0.93,,Automated,Vehicle Loan,standard_payment,False,loan_payment_generator,False,
TXNL202000000681,ACC0005051,IND19018174,LN2019030001253,LDO20200000385,13,2020-04-14,03:00:16,1739.73,Debit,Completed,,Loan Payment - LN2019030001253,False,,1.51,,Automated,Vehicle Loan,standard_payment,False,loan_payment_generator,False,
TXNL202000000682,ACC0004062,IND19011008,LN2019030001276,LDO20200000386,13,2020-04-19,04:50:45,1325.54,Debit,Completed,,Loan Payment - LN2019030001276,False,,1.48,,Automated,Home Loan,standard_payment,False,loan_payment_generator,False,
TXNL202000000683,ACC0005483,COM19000034,LN2019030001278,LDO20200000387,13,2020-04-24,02:08:27,7665.2,Debit,Completed,,Loan Payment - LN2019030001278 - Late Fee,False,,1.07,,Automated,Business Loan,late_payment,False,loan_payment_generator,False,
TXNL202000000684,ACC0005057,IND19016073,LN2019030001282,LDO20200000176,13,2020-04-30,02:55:01,3423.31,Debit,Completed,,Loan Payment - LN2019030001282,False,,1.35,,Automated,Vehicle Loan,standard_payment,False,loan_payment_generator,False,
TXNL202000000685,ACC0005264,IND19007991,LN2019030001284,LDO20200000388,13,2020-04-19,02:02:51,3451.32,Debit,Completed,,Loan Payment - LN2019030001284,False,,1.23,,Automated,Home Loan,standard_payment,False,loan_payment_generator,False,
TXNL202000000686,ACC0005138,IND19014354,LN2019030001286,LDO20200000177,13,2020-04-23,04:18:23,1705.52,Debit,Completed,,Loan Payment - LN2019030001286,False,,1.36,,Automated,Vehicle Loan,standard_payment,False,loan_payment_generator,False,
TXNL202000000687,ACC0005311,IND19001658,LN2019030001293,LDO20200000389,13,2020-04-21,04:18:08,3464.11,Debit,Completed,,Loan Payment - LN2019030001293,False,,1.77,,Automated,Vehicle Loan,standard_payment,False,loan_payment_generator,False,
TXNL202000000688,ACC0005491,COM19000191,LN2019030001301,LDO20200000390,13,2020-04-13,02:43:32,6238.29,Debit,Completed,,Loan Payment - LN2019030001301,False,,1.34,,Automated,Business Loan,standard_payment,False,loan_payment_generator,False,
TXNL202000000689,ACC0005086,IND19001010,LN2019030001317,LDO20200000391,12,2020-04-06,02:23:38,961.42,Debit,Completed,,Loan Payment - LN2019030001317,False,,0.8,,Automated,Home Loan,standard_payment,False,loan_payment_generator,False,
TXNL202000000690,ACC0004065,IND19013815,LN2019030001322,LDO20200000392,13,2020-04-17,04:42:26,321.1,Debit,Completed,,Loan Payment - LN2019030001322 - Partial,False,,1.0,,Automated,Personal Loan,partial_payment,False,loan_payment_generator,False,
TXNL202000000691,ACC0004624,IND19014388,LN2019030001323,LDO20200000178,12,2020-04-03,04:13:17,729.29,Debit,Completed,,Loan Payment - LN2019030001323,False,,1.23,,Automated,Home Loan,standard_payment,False,loan_payment_generator,False,
TXNL202000000692,ACC0003417,IND19015398,LN2019030001338,LDO20200000393,13,2020-04-25,02:37:08,215.39,Debit,Completed,,Loan Payment - LN2019030001338,False,,0.33,,Automated,Home Loan,standard_payment,False,loan_payment_generator,False,
TXNL202000000693,ACC0004238,IND19006785,LN2019030001349,LDO20200000394,13,2020-04-18,04:50:08,9276.69,Debit,Completed,,Loan Payment - LN2019030001349,False,,0.97,,Automated,Personal Loan,standard_payment,False,loan_payment_generator,False,
TXNL202000000694,ACC0004146,IND19002494,LN2019030001353,LDO20200000072,12,2020-04-02,04:56:55,563.73,Debit,Completed,,Loan Payment - LN2019030001353,False,,1.63,,Automated,Home Loan,standard_payment,False,loan_payment_generator,False,
TXNL202000000695,ACC0005099,IND19008121,LN2019030001369,LDO20200000395,13,2020-04-14,02:12:11,4129.19,Debit,Completed,,Loan Payment - LN2019030001369 - Late Fee,False,,0.51,,Automated,Personal Loan,late_payment,False,loan_payment_generator,False,
TXNL202000000696,ACC0004557,IND19013617,LN2019030001370,LDO20200000179,13,2020-04-11,04:20:06,2785.67,Debit,Completed,,Loan Payment - LN2019030001370,False,,0.05,,Automated,Vehicle Loan,standard_payment,False,loan_payment_generator,False,
TXNL202000000697,ACC0003601,IND19021863,LN2019030001383,LDO20200000180,13,2020-04-30,03:42:09,6261.71,Debit,Completed,,Loan Payment - LN2019030001383,False,,0.35,,Automated,Vehicle Loan,standard_payment,False,loan_payment_generator,False,
TXNL202000000698,ACC0005320,IND19021052,LN2019030001386,LDO20200000396,12,2020-04-03,04:39:58,2340.97,Debit,Completed,,Loan Payment - LN2019030001386,False,,1.59,,Automated,Vehicle Loan,standard_payment,False,loan_payment_generator,False,
TXNL202000000699,ACC0005183,IND19007676,LN2019030001415,LDO20200000181,12,2020-04-04,02:58:35,3614.87,Debit,Completed,,Loan Payment - LN2019030001415,False,,1.43,,Automated,Vehicle Loan,standard_payment,False,loan_payment_generator,False,
TXNL202000000700,ACC0004038,IND19020049,LN2019030001419,LDO20200000019,13,2020-04-29,02:29:18,4119.55,Debit,Completed,,Loan Payment - LN2019030001419,False,,0.67,,Automated,Personal Loan,standard_payment,False,loan_payment_generator,False,
TXNL202000000701,ACC0004469,IND19018823,LN2019030001424,LDO20200000073,13,2020-04-21,04:27:19,949.85,Debit,Completed,,Loan Payment - LN2019030001424,False,,1.72,,Automated,Vehicle Loan,standard_payment,False,loan_payment_generator,False,
TXNL202000000702,ACC0004202,IND19021079,LN2019030001426,LDO20200000397,13,2020-04-12,03:32:53,453.48,Debit,Completed,,Loan Payment - LN2019030001426,False,,0.59,,Automated,Home Loan,standard_payment,False,loan_payment_generator,False,
TXNL202000000703,ACC0004626,IND19017413,LN2019030001427,LDO20200000398,13,2020-04-21,02:02:01,5891.75,Debit,Completed,,Loan Payment - LN2019030001427,False,,1.24,,Automated,Vehicle Loan,standard_payment,False,loan_payment_generator,False,
TXNL202000000704,ACC0003669,IND19016372,LN2019030001443,LDO20200000399,12,2020-04-04,04:39:05,2039.27,Debit,Completed,,Loan Payment - LN2019030001443,False,,0.87,,Automated,Home Loan,standard_payment,False,loan_payment_generator,False,
TXNL202000000705,ACC0004096,IND19019241,LN2019030001444,LDO20200000020,13,2020-04-25,03:47:53,1128.04,Debit,Completed,,Loan Payment - LN2019030001444,False,,0.56,,Automated,Personal Loan,standard_payment,False,loan_payment_generator,False,
TXNL202000000706,ACC0004254,IND19015408,LN2019030001456,LDO20200000400,13,2020-04-11,03:09:10,739.38,Debit,Completed,,Loan Payment - LN2019030001456,False,,0.32,,Automated,Home Loan,standard_payment,False,loan_payment_generator,False,
TXNL202000000707,ACC0004212,IND19009618,LN2019030001460,LDO20200000182,12,2020-04-04,04:37:15,2443.82,Debit,Completed,,Loan Payment - LN2019030001460 - Late Fee,False,,1.13,,Automated,Vehicle Loan,late_payment,False,loan_payment_generator,False,
TXNL202000000708,ACC0004042,IND19020658,LN2019030001461,LDO20200000401,13,2020-04-18,04:39:21,1273.8,Debit,Completed,,Loan Payment - LN2019030001461,False,,1.18,,Automated,Home Loan,standard_payment,False,loan_payment_generator,False,
TXNL202000000709,ACC0004177,IND19016388,LN2019030001465,LDO20200000402,13,2020-04-22,04:42:31,24390.87,Debit,Completed,,Loan Payment - LN2019030001465,False,,0.49,,Automated,Personal Loan,standard_payment,False,loan_payment_generator,False,
TXNL202000000710,ACC0003649,IND19020728,LN2019030001474,,13,2020-04-28,06:21:43,1000.67,Debit,Completed,,Loan Payment - LN2019030001474,False,,2.5,,Online,Vehicle Loan,standard_payment,False,loan_payment_generator,False,
TXNL202000000711,ACC0005188,IND19007920,LN2019030001491,LDO20200000183,13,2020-04-25,04:23:21,1867.54,Debit,Completed,,Loan Payment - LN2019030001491,False,,1.41,,Automated,Home Loan,standard_payment,False,loan_payment_generator,False,
TXNL202000000712,ACC0004822,IND19010352,LN2019030001497,LDO20200000403,13,2020-04-21,02:33:42,650.59,Debit,Completed,,Loan Payment - LN2019030001497,False,,1.0,,Automated,Home Loan,standard_payment,False,loan_payment_generator,False,
TXNL202000000713,ACC0004119,IND19007997,LN2019030001506,LDO20200000405,13,2020-04-27,04:44:22,1621.27,Debit,Failed,account_blocked,Loan Payment - LN2019030001506 - Recovery,False,,0.93,,Automated,Home Loan,recovery_payment,True,loan_payment_generator,False,
TXNL202000000714,ACC0004219,IND19017929,LN2019030001507,LDO20200000184,13,2020-04-26,04:24:29,17413.57,Debit,Cancelled,customer_stop_instruction,Loan Payment - LN2019030001507,False,,0.44,,Automated,Personal Loan,standard_payment,False,loan_payment_generator,False,
TXNL202000000715,ACC0005356,IND19021669,LN2019030001515,LDO20200000406,13,2020-04-19,02:30:04,3344.89,Debit,Completed,,Loan Payment - LN2019030001515,False,,1.34,,Automated,Vehicle Loan,standard_payment,False,loan_payment_generator,False,
TXNL202000000716,ACC0003811,IND19019179,LN2019030001522,LDO20200000407,13,2020-04-13,03:12:36,373.2,Debit,Completed,,Loan Payment - LN2019030001522,False,,1.09,,Automated,Home Loan,standard_payment,False,loan_payment_generator,False,
TXNL202000000717,ACC0004667,IND19010993,LN2019030001531,LDO20200000185,13,2020-04-25,04:19:05,2143.91,Debit,Failed,account_blocked,Loan Payment - LN2019030001531,False,,0.02,,Automated,Personal Loan,standard_payment,False,loan_payment_generator,True,status_inconsistency
TXNL202000000718,ACC0003595,IND19010234,LN2019030001532,LDO20200000408,13,2020-04-27,02:30:56,7942.14,Debit,Cancelled,customer_stop_instruction,Loan Payment - LN2019030001532,False,,0.34,,Automated,Vehicle Loan,standard_payment,False,loan_payment_generator,False,
TXNL202000000719,ACC0004125,IND19014196,LN2019030001544,LDO20200000409,12,2020-04-03,03:27:33,295.88,Debit,Completed,,Loan Payment - LN2019030001544,False,,1.06,,Automated,Home Loan,standard_payment,False,loan_payment_generator,False,
TXNL202000000720,ACC0005396,IND19016920,LN2019030001545,LDO20200000021,12,2020-04-03,02:19:43,2730.13,Debit,Completed,,Loan Payment - LN2019030001545,False,,0.82,,Automated,Home Loan,standard_payment,False,loan_payment_generator,False,
TXNL202000000721,ACC0004398,IND19004868,LN2019030001551,LDO20200000410,12,2020-04-05,03:36:37,2143.37,Debit,Completed,,Loan Payment - LN2019030001551,False,,0.46,,Automated,Personal Loan,standard_payment,False,loan_payment_generator,False,
TXNL202000000722,ACC0004894,IND19009995,LN2019030001572,LDO20200000411,12,2020-04-05,02:15:14,682.06,Debit,Completed,,Loan Payment - LN2019030001572,False,,0.76,,Automated,Home Loan,standard_payment,False,loan_payment_generator,False,
TXNL202000000723,ACC0003528,IND19006086,LN2019030001573,LDO20200000412,13,2020-04-21,02:45:56,1103.68,Debit,Completed,,Loan Payment - LN2019030001573,False,,1.45,,Automated,Personal Loan,standard_payment,False,loan_payment_generator,False,
TXNL202000000724,ACC0004855,IND19002897,LN2019030001585,LDO20200000187,13,2020-04-23,03:12:32,10347.97,Debit,Completed,,Loan Payment - LN2019030001585,False,,1.54,,Automated,Personal Loan,standard_payment,False,loan_payment_generator,False,
TXNL202000000725,ACC0005442,IND19020561,LN2019030001586,LDO20200000188,13,2020-04-18,02:17:28,14001.7,Debit,Completed,,Loan Payment - LN2019030001586,False,,1.53,,Automated,Personal Loan,standard_payment,False,loan_payment_generator,False,
TXNL202000000726,ACC0005095,IND19008638,LN2019030001592,LDO20200000034,13,2020-04-18,01:48:17,2489.62,Debit,Completed,,Loan Payment - LN2019030001592 - Late Fee,False,,1.45,,Automated,Home Loan,late_payment,False,loan_payment_generator,True,timestamp_shift
TXNL202000000727,ACC0004987,IND19007860,LN2019030001600,LDO20200000414,13,2020-04-13,02:24:06,490.9,Debit,Completed,,Loan Payment - LN2019030001600,False,,0.95,,Automated,Personal Loan,standard_payment,False,loan_payment_generator,False,
TXNL202000000728,ACC0004799,IND19001595,LN2019030001603,LDO20200000074,13,2020-04-09,03:03:47,2580.97,Debit,Completed,,Loan Payment - LN2019030001603,False,,1.52,,Automated,Home Loan,standard_payment,False,loan_payment_generator,False,
TXNL202000000729,ACC0004833,IND19019479,LN2019030001608,LDO20200000415,12,2020-04-03,02:51:54,426.3,Debit,Completed,,Loan Payment - LN2019030001608,False,,1.62,,Automated,Home Loan,standard_payment,False,loan_payment_generator,False,
TXNL202000000730,ACC0003616,IND19003624,LN2019030001614,LDO20200000416,13,2020-04-30,02:10:38,1358.56,Debit,Completed,,Loan Payment - LN2019030001614,False,,0.64,,Automated,Home Loan,standard_payment,False,loan_payment_generator,False,
TXNL202000000731,ACC0004415,IND19009259,LN2019030001616,LDO20200000075,13,2020-04-19,02:22:07,424.35,Debit,Completed,,Loan Payment - LN2019030001616,False,,0.64,,Automated,Home Loan,standard_payment,False,loan_payment_generator,False,
TXNL202000000732,ACC0005284,IND19004670,LN2019030001624,LDO20200000417,13,2020-04-20,02:52:19,1426.49,Debit,Completed,,Loan Payment - LN2019030001624,False,,0.06,,Automated,Home Loan,standard_payment,False,loan_payment_generator,False,
TXNL202000000733,ACC0004434,IND19018309,LN2019030001627,LDO20200000418,12,2020-04-01,03:21:30,3745.53,Debit,Completed,,Loan Payment - LN2019030001627,False,,0.08,,Automated,Personal Loan,standard_payment,False,loan_payment_generator,False,
TXNL202000000734,ACC0003695,IND19003687,LN2019030001636,LDO20200000022,12,2020-04-06,02:47:25,2021.42,Debit,Completed,,Loan Payment - LN2019030001636,False,,0.48,,Automated,Home Loan,standard_payment,False,loan_payment_generator,False,
TXNL202000000735,ACC0003888,IND19003310,LN2019030001637,LDO20200000419,12,2020-04-05,04:05:45,3229.15,Debit,Completed,,Loan Payment - LN2019030001637,False,,0.93,,Automated,Home Loan,standard_payment,False,loan_payment_generator,False,
TXNL202000000736,ACC0003445,IND19009812,LN2019030001641,LDO20200000189,13,2020-04-26,04:42:24,1176.36,Debit,Completed,,Loan Payment - LN20190300...,False,,0.26,,Automated,Personal Loan,standard_payment,False,loan_payment_generator,True,truncated_description
TXNL202000000737,ACC0004983,IND19019958,LN2019030001645,LDO20200000190,13,2020-04-24,02:43:08,2848.26,Debit,Completed,,Loan Payment - LN2019030001645,False,,1.46,,Automated,Home Loan,standard_payment,False,loan_payment_generator,False,
TXNL202000000738,ACC0003428,IND19006653,LN2019030001646,LDO20200000076,13,2020-04-27,03:24:41,12100.66,Debit,Completed,,Loan Payment - LN2019030001646,False,,1.36,,Automated,Personal Loan,standard_payment,False,loan_payment_generator,False,
TXNL202000000739,ACC0004099,IND19019312,LN2019030001648,LDO20200000420,12,2020-04-04,04:21:07,3023.41,Debit,Completed,,Loan Payment - LN2019030001648,False,,1.93,,Automated,Personal Loan,standard_payment,False,loan_payment_generator,False,
TXNL202000000740,ACC0004283,IND19005793,LN2019030001655,LDO20200000191,13,2020-04-25,04:30:33,3088.27,Debit,Completed,,Loan Payment - LN2019030001655,False,,0.57,,Automated,Home Loan,standard_payment,False,loan_payment_generator,False,
TXNL202000000741,ACC0003689,IND19005157,LN2019030001666,LDO20200000192,13,2020-04-30,03:52:33,1827.28,Debit,Completed,,Loan Payment - LN2019030001666,False,,0.38,,Automated,Personal Loan,standard_payment,False,loan_payment_generator,False,
TXNL202000000742,ACC0004186,IND19008047,LN2019030001672,LDO20200000421,13,2020-04-28,02:14:13,413.68,Debit,Completed,,Loan Payment - LN2019030001672 - Late Fee,False,,1.75,,Automated,Home Loan,late_payment,False,loan_payment_generator,False,
TXNL202000000743,ACC0004655,IND19021386,LN2019030001693,LDO20200000077,13,2020-04-27,02:11:52,3023.55,Debit,Completed,,Loan Payment - LN2019030001693,False,,1.34,,Automated,Vehicle Loan,standard_payment,False,loan_payment_generator,False,
TXNL202000000744,ACC0004542,IND19009335,LN2019030001694,LDO20200000193,13,2020-04-22,02:08:09,2430.68,Debit,Failed,bank_timeout,Loan Payment - LN2019030001694,False,,0.15,,Automated,Personal Loan,standard_payment,False,loan_payment_generator,False,
TXNL202000000745,ACC0005120,IND19018125,LN2019030001699,LDO20200000078,13,2020-04-19,02:26:04,1882.58,Debit,Completed,,Loan Payment - LN2019030001699,False,,0.99,,Automated,Home Loan,standard_payment,False,loan_payment_generator,False,
TXNL202000000746,ACC0005430,IND19006421,LN2019030001703,LDO20200000422,13,2020-04-17,02:28:46,12023.44,Debit,Completed,,Loan Payment - LN2019030001703,False,,0.38,,Automated,Personal Loan,standard_payment,False,loan_payment_generator,False,
TXNL202000000747,ACC0004168,IND19003614,LN2019030001705,LDO20200000423,13,2020-04-20,04:38:35,1819.58,Debit,Completed,,Loan Payment - LN2019030001705,False,,0.37,,Automated,Home Loan,standard_payment,False,loan_payment_generator,False,
TXNL202000000748,ACC0003948,IND19007541,LN2019030001707,LDO20200000424,13,2020-04-22,04:46:01,1883.23,Debit,Completed,,Loan Payment - LN2019030001707,False,,0.6,,Automated,Personal Loan,standard_payment,False,loan_payment_generator,False,
TXNL202000000749,ACC0003858,IND19003066,LN2019030001710,LDO20200000194,12,2020-04-01,03:38:44,337.62,Debit,Completed,,Loan Payment - LN2019030001710,False,,1.76,,Automated,Vehicle Loan,standard_payment,False,loan_payment_generator,False,
TXNL202000000750,ACC0004442,IND19016273,LN2019030001714,LDO20200000425,13,2020-04-24,04:47:39,975.51,Debit,Completed,,Loan Payment - LN2019030001714,False,,0.83,,Automated,Home Loan,standard_payment,False,loan_payment_generator,False,
TXNL202000000751,ACC0003976,IND19021208,LN2019030001724,LDO20200000426,12,2020-04-04,04:54:26,4818.68,Debit,Completed,,Loan Payment - LN2019030001724,False,,0.13,,Automated,Home Loan,standard_payment,False,loan_payment_generator,False,
TXNL202000000752,ACC0004636,IND19016753,LN2019030001725,LDO20200000079,12,2020-04-04,02:44:36,3702.12,Debit,Completed,,Loan Payment - LN2019030001725,False,,0.96,,Automated,Home Loan,standard_payment,False,loan_payment_generator,False,
TXNL202000000753,ACC0005308,IND19003285,LN2019030001735,LDO20200000195,12,2020-04-07,04:31:38,1795.63,Debit,Completed,,Loan Payment - LN2019030001735,False,,0.18,,Automated,Vehicle Loan,standard_payment,False,loan_payment_generator,False,
TXNL202000000754,ACC0004113,IND19020848,LN2019030001736,LDO20200000427,12,2020-04-07,04:40:17,719.81,Debit,Completed,,Loan Payment - LN2019030001736,False,,1.32,,Automated,Personal Loan,standard_payment,False,loan_payment_generator,False,
TXNL202000000755,ACC0003912,IND19005008,LN2019030001737,LDO20200000428,12,2020-04-06,02:34:19,1380.09,Debit,Completed,,Loan Payment - LN2019030001737,False,,1.11,,Automated,Vehicle Loan,standard_payment,False,loan_payment_generator,False,
TXNL202000000756,ACC0005395,IND19003143,LN2019030001742,LDO20200000081,13,2020-04-23,03:37:39,889.22,Debit,Completed,,Loan Payment - LN2019030001742 - Extra Principal,False,,1.13,,Automated,Personal Loan,extra_payment,False,loan_payment_generator,False,
TXNL202000000757,ACC0004744,IND19018931,LN2019030001758,LDO20200000196,13,2020-04-26,04:53:19,1699.02,Debit,Completed,,Loan Payment - LN2019030001758,False,,0.67,,Automated,Home Loan,standard_payment,False,loan_payment_generator,False,
TXNL202000000758,ACC0004892,IND19010713,LN2019030001760,LDO20200000197,13,2020-04-14,03:46:24,4133.02,Debit,Completed,,Loan Payment - LN2019030001760,False,,1.37,,Automated,Home Loan,standard_payment,False,loan_payment_generator,False,
TXNL202000000759,ACC0004747,IND19000886,LN2019030001761,LDO20200000198,12,2020-04-05,02:29:18,2345.44,Debit,Completed,,Loan Payment - LN2019030001761,False,,0.68,,Automated,Home Loan,standard_payment,False,loan_payment_generator,False,
TXNL202000000760,ACC0004874,IND19017777,LN2019030001762,LDO20200000082,12,2020-04-06,03:46:07,4633.23,Debit,Completed,,Loan Payment - LN2019030001762,False,,1.6,,Automated,Personal Loan,standard_payment,False,loan_payment_generator,False,
TXNL202000000761,ACC0005178,IND19003886,LN2019030001767,LDO20200000429,13,2020-04-20,04:50:31,1691.58,Debit,Completed,,Loan Payment - LN2019030001767 - Partial,False,,1.4,,Automated,Home Loan,partial_payment,False,loan_payment_generator,False,
TXNL202000000762,ACC0003554,IND19020287,LN2019030001773,LDO20200000199,12,2020-04-08,03:48:31,1763.89,Debit,Completed,,Loan Payment - LN2019030001773,False,,1.46,,Automated,Personal Loan,standard_payment,False,loan_payment_generator,False,
TXNL202000000763,ACC0003510,IND19002726,LN2019030001774,LDO20200000200,13,2020-04-18,04:22:41,362.05,Debit,Completed,,Loan Payment - LN2019030001774,False,,0.08,,Automated,Home Loan,standard_payment,False,loan_payment_generator,False,
TXNL202000000764,ACC0005399,IND19012294,LN2019030001781,LDO20200000430,13,2020-04-24,02:19:52,3841.23,Debit,Completed,,Loan Payment - LN2019030001781,False,,0.7,,Automated,Vehicle Loan,standard_payment,False,loan_payment_generator,False,
TXNL202000000765,ACC0003926,IND19017827,LN2019030001782,LDO20200000201,13,2020-04-11,02:19:20,1335.88,Debit,Completed,,Loan Payment - LN2019030001782,False,,0.96,,Automated,Home Loan,standard_payment,False,loan_payment_generator,False,
TXNL202000000766,ACC0004821,IND19014444,LN2019030001787,LDO20200000431,13,2020-04-28,02:08:38,2055.72,Debit,Completed,,Loan Payment - LN2019030001787,False,,1.07,,Automated,Personal Loan,standard_payment,False,loan_payment_generator,False,
TXNL202000000767,ACC0003634,IND19016888,LN2019030001803,LDO20200000202,13,2020-04-23,02:52:01,2745.93,Debit,Completed,,Loan Payment - LN2019030001803,False,,0.26,,Automated,Vehicle Loan,standard_payment,False,loan_payment_generator,False,
TXNL202000000768,ACC0003940,IND19016991,LN2019030001804,LDO20200000203,13,2020-04-30,03:50:23,812.54,Debit,Completed,,Loan Payment - LN2019030001804,False,,0.67,,Automated,Vehicle Loan,standard_payment,False,loan_payment_generator,False,
TXNL202000000769,ACC0004255,IND19018626,LN2019030001807,LDO20200000083,13,2020-04-10,02:41:57,1007.58,Debit,Completed,,Loan Payment - LN2019030001807,False,,1.09,,Automated,Home Loan,standard_payment,False,loan_payment_generator,False,
TXNL202000000770,ACC0004018,IND19000876,LN2019030001811,LDO20200000432,13,2020-04-22,03:31:13,5090.28,Debit,Completed,,Loan Payment - LN2019030001811,False,,0.24,,Automated,Home Loan,standard_payment,False,loan_payment_generator,False,
TXNL202000000771,ACC0004873,IND19015619,LN2019030001813,LDO20200000433,13,2020-04-17,04:55:44,2364.15,Debit,Completed,,Loan Payment - LN2019030001813,False,,1.85,,Automated,Home Loan,standard_payment,False,loan_payment_generator,False,
TXNL202000000772,ACC0004247,IND19006046,LN2019030001824,LDO20200000434,13,2020-04-11,02:21:35,2462.29,Debit,Completed,,Loan Payment - LN2019030001824,False,,1.86,,Automated,Personal Loan,standard_payment,False,loan_payment_generator,False,
TXNL202000000773,ACC0004639,IND19000056,LN2019030001828,LDO20200000435,13,2020-04-21,02:18:42,365.51,Debit,Completed,,Loan Payment - LN2019030001828,False,,0.87,,Automated,Home Loan,standard_payment,False,loan_payment_generator,False,
TXNL202000000774,ACC0005289,IND19000943,LN2019030001830,LDO20200000436,13,2020-04-12,03:23:54,1455.88,Debit,Completed,,Loan Payment - LN2019030001830,False,,0.08,,Automated,Home Loan,standard_payment,False,loan_payment_generator,False,
TXNL202000000775,ACC0005114,IND19009118,LN2019030001835,LDO20200000204,12,2020-04-01,02:36:17,695.33,Debit,Completed,,Loan Payment - LN2019030001835,False,,1.5,,Automated,Home Loan,standard_payment,False,loan_payment_generator,False,
TXNL202000000776,ACC0005381,IND19009960,LN2019030001839,LDO20200000084,13,2020-04-20,02:29:57,204.03,Debit,Completed,,Loan Payment - LN2019030001839 - Late Fee,False,,1.48,,Automated,Home Loan,late_payment,False,loan_payment_generator,False,
TXNL202000000777,ACC0003394,IND19007294,LN2019030001841,LDO20200000437,13,2020-04-28,03:02:41,3101.76,Debit,Completed,,Loan Payment - LN2019030001841,False,,0.89,,Automated,Vehicle Loan,standard_payment,False,loan_payment_generator,False,
TXNL202000000778,ACC0005271,IND19006038,LN2019030001853,LDO20200000205,13,2020-04-30,02:38:43,5226.6,Debit,Failed,bank_timeout,Loan Payment - LN2019030001853,False,,1.26,,Automated,Personal Loan,standard_payment,False,loan_payment_generator,False,
TXNL202000000779,ACC0005196,IND19016399,LN2019030001861,LDO20200000206,13,2020-04-21,03:03:53,2328.47,Debit,Completed,,Loan Payment - LN2019030001861,False,,0.2,,Automated,Vehicle Loan,standard_payment,False,loan_payment_generator,False,
TXNL202000000780,ACC0005416,IND19005301,LN2019030001863,LDO20200000438,13,2020-04-19,03:54:38,181.68,Debit,Completed,,Loan Payment - LN2019030001863,False,,0.75,,Automated,Home Loan,standard_payment,False,loan_payment_generator,False,
TXNL202000000781,ACC0004334,IND19009236,LN2019030001864,LDO20200000439,13,2020-04-14,03:48:51,1743.91,Debit,Completed,,Loan Payment - LN2019030001864,False,,0.8,,Automated,Home Loan,standard_payment,False,loan_payment_generator,False,
TXNL202000000782,ACC0004879,IND19014188,LN2019030001873,LDO20200000440,13,2020-04-26,04:59:26,24393.25,Debit,Completed,,Loan Payment - LN2019030001873,False,,0.9,,Automated,Personal Loan,standard_payment,False,loan_payment_generator,False,
TXNL202000000783,ACC0004596,IND19009615,LN2019030001875,LDO20200000207,12,2020-04-01,04:15:40,1501.9,Debit,Completed,,Loan Payment - LN2019030001875,False,,0.56,,Automated,Personal Loan,standard_payment,False,loan_payment_generator,False,
TXNL202000000784,ACC0003985,IND19007238,LN2019030001876,LDO20200000441,13,2020-04-22,03:15:11,2228.26,Debit,Completed,,Loan Payment - LN2019030001876,False,,0.94,,Automated,Vehicle Loan,standard_payment,False,loan_payment_generator,False,
TXNL202000000785,ACC0005480,COM19000224,LN2019030001884,LDO20200000085,13,2020-04-17,02:58:34,16555.96,Debit,Completed,,Loan Payment - LN2019030001884,False,,0.06,,Automated,Business Loan,standard_payment,False,loan_payment_generator,False,
TXNL202000000786,ACC0005403,IND19010797,LN2019030001885,LDO20200000442,13,2020-04-09,04:30:55,1068.09,Debit,Completed,,Loan Payment - LN2019030001885,False,,0.08,,Automated,Home Loan,standard_payment,False,loan_payment_generator,False,
TXNL202000000787,ACC0003731,IND19018494,LN2019030001886,LDO20200000443,13,2020-04-30,06:36:08,1409.65,Debit,Completed,,Loan Payment - LN2019030001886,False,,1.61,,Automated,Personal Loan,standard_payment,False,loan_payment_generator,True,timestamp_shift
TXNL202000000788,ACC0005275,IND19006485,LN2019030001888,LDO20200000444,13,2020-04-13,04:44:49,750.08,Debit,Completed,,Loan Payment - LN2019030001888,False,,1.7,,Automated,Home Loan,standard_payment,False,loan_payment_generator,False,
TXNL202000000789,ACC0004785,IND19016995,LN2019030001894,LDO20200000445,13,2020-04-12,03:01:22,255.7,Debit,Completed,,Loan Payment - LN2019030001894,False,,0.87,,Automated,Home Loan,standard_payment,False,loan_payment_generator,False,
TXNL202000000790,ACC0005390,IND19011734,LN2019030001905,LDO20200000446,12,2020-04-07,02:07:20,2518.57,Debit,Completed,,Loan Payment - LN2019030001905,False,,1.52,,Automated,Vehicle Loan,standard_payment,False,loan_payment_generator,False,
TXNL202000000791,ACC0004817,IND19015714,LN2019030001929,LDO20200000035,13,2020-04-13,03:35:05,1517.67,Debit,Completed,,Loan Payment - LN2019030001929,False,,0.73,,Automated,Home Loan,standard_payment,False,loan_payment_generator,False,
TXNL202000000792,ACC0005375,IND19002687,LN2019030001937,LDO20200000208,12,2020-04-01,03:55:43,2534.06,Debit,Completed,,Loan Payment - LN20190300...,False,,0.84,,Automated,Personal Loan,standard_payment,False,loan_payment_generator,True,truncated_description
TXNL202000000793,ACC0005098,IND19008121,LN2019030001941,LDO20200000447,12,2020-04-04,04:37:18,743.84,Debit,Completed,,Loan Payment - LN2019030001941,False,,0.87,,Automated,Home Loan,standard_payment,False,loan_payment_generator,False,
TXNL202000000794,ACC0005143,IND19021316,LN2019030001944,LDO20200000448,13,2020-04-24,03:45:29,2807.62,Debit,Completed,,Loan Payment - LN2019030001944,False,,1.89,,Automated,Home Loan,standard_payment,False,loan_payment_generator,False,
TXNL202000000795,ACC0004259,IND19008085,LN2019030001951,LDO20200000449,13,2020-04-30,23:04:27,840.04,Debit,Completed,,Loan Payment - LN2019030001951,False,,0.18,,Automated,Vehicle Loan,standard_payment,False,loan_payment_generator,True,timestamp_shift
TXNL202000000796,ACC0004783,IND19019215,LN2019030001959,LDO20200000036,12,2020-04-07,03:27:20,1072.4,Debit,Completed,,Loan Payment - LN2019030001959,False,,0.95,,Automated,Personal Loan,standard_payment,False,loan_payment_generator,False,
TXNL202000000797,ACC0004107,IND19006600,LN2019030001968,LDO20200000086,13,2020-04-22,03:37:30,1077.33,Debit,Completed,,Loan Payment - LN2019030001968,False,,1.07,,Automated,Home Loan,standard_payment,False,loan_payment_generator,False,
TXNL202000000798,ACC0003873,IND19001959,LN2019030001971,LDO20200000450,13,2020-04-22,04:12:38,1605.96,Debit,Completed,,Loan Payment - LN2019030001971,False,,0.71,,Automated,Home Loan,standard_payment,False,loan_payment_generator,False,
TXNL202000000799,ACC0005236,IND19010753,LN2019030001976,LDO20200000209,13,2020-04-28,03:10:58,323.38,Debit,Completed,,Loan Payment - LN2019030001976,False,,1.49,,Automated,Home Loan,standard_payment,False,loan_payment_generator,False,
TXNL202000000800,ACC0004406,IND19000892,LN2019030001990,LDO20200000451,12,2020-04-03,03:16:03,6003.1,Debit,Completed,,Loan Payment - LN2019030001990,False,,1.52,,Automated,Personal Loan,standard_payment,False,loan_payment_generator,False,
TXNL202000000801,ACC0004663,IND19018024,LN2019030001995,LDO20200000452,13,2020-04-07,04:28:45,5699.32,Debit,Completed,,Loan Payment - LN2019030001995,False,,0.08,,Automated,Home Loan,standard_payment,False,loan_payment_generator,False,
TXNL202000000802,ACC0004215,IND19011565,LN2019030002001,LDO20200000453,13,2020-04-23,04:36:11,3816.14,Debit,Completed,,Loan Payment - LN2019030002001,False,,0.49,,Automated,Home Loan,standard_payment,False,loan_payment_generator,False,
TXNL202000000803,ACC0006109,IND19006047,LN2019040000008,LDO20200000210,12,2020-04-10,02:01:11,1796.49,Debit,Failed,insufficient_funds,Loan Payment - LN2019040000008 - Partial,False,,0.85,,Automated,Home Loan,partial_payment,False,loan_payment_generator,False,
TXNL202000000804,ACC0005802,IND19001559,LN2019040000012,LDO20200000454,12,2020-04-13,02:20:35,4328.1,Debit,Completed,,Loan Payment - LN20190400...,False,,1.52,,Automated,Home Loan,standard_payment,False,loan_payment_generator,True,truncated_description
TXNL202000000805,ACC0005620,IND19013053,LN2019040000013,LDO20200000455,11,2020-04-04,03:55:24,784.79,Debit,Completed,,Loan Payment - LN2019040000013,False,,0.43,,Automated,Personal Loan,standard_payment,False,loan_payment_generator,False,
TXNL202000000806,ACC0005927,IND19000987,LN2019040000022,LDO20200000456,11,2020-04-05,04:23:40,4009.56,Debit,Completed,,Loan Payment - LN2019040000022,False,,1.51,,Automated,Personal Loan,standard_payment,False,loan_payment_generator,False,
TXNL202000000807,ACC0005741,IND19003833,LN2019040000050,LDO20200000211,12,2020-04-20,03:09:03,1506.87,Debit,Completed,,Loan Payment - LN2019040000050,False,,0.95,,Automated,Vehicle Loan,standard_payment,False,loan_payment_generator,False,
TXNL202000000808,ACC0005870,IND19014876,LN2019040000055,LDO20200000457,12,2020-04-30,04:39:13,4470.55,Debit,Completed,,Loan Payment - LN2019040000055,False,,0.97,,Automated,Vehicle Loan,standard_payment,False,loan_payment_generator,False,
TXNL202000000809,ACC0005578,IND19013915,LN2019040000057,LDO20200000458,12,2020-04-29,04:12:03,5085.03,Debit,Completed,,Loan Payment - LN2019040000057,False,,0.38,,Automated,Personal Loan,standard_payment,False,loan_payment_generator,False,
TXNL202000000810,ACC0005703,IND19009852,LN2019040000062,LDO20200000459,11,2020-04-01,04:31:54,2786.95,Debit,Completed,,Loan Payment - LN2019040000062,False,,0.82,,Automated,Vehicle Loan,standard_payment,False,loan_payment_generator,False,
TXNL202000000811,ACC0006817,IND19002143,LN2019040000068,LDO20200000037,12,2020-04-17,04:38:20,1883.71,Debit,Completed,,Loan Payment - LN2019040000068,False,,1.46,,Automated,Vehicle Loan,standard_payment,False,loan_payment_generator,False,
TXNL202000000812,ACC0006364,IND19007513,LN2019040000072,LDO20200000087,12,2020-04-17,03:07:55,3140.34,Debit,Completed,,Loan Payment - LN2019040000072,False,,1.57,,Automated,Home Loan,standard_payment,False,loan_payment_generator,False,
TXNL202000000813,ACC0005986,IND19005940,LN2019040000079,LDO20200000088,12,2020-04-29,04:54:21,2032.21,Debit,Completed,,Loan Payment - LN2019040000079,False,,0.54,,Automated,Home Loan,standard_payment,False,loan_payment_generator,False,
TXNL202000000814,ACC0006897,IND19008709,LN2019040000097,LDO20200000460,11,2020-04-01,03:25:45,1034.76,Debit,Completed,,Loan Payment - LN2019040000097,False,,1.24,,Automated,Home Loan,standard_payment,False,loan_payment_generator,False,
TXNL202000000815,ACC0005932,IND19011112,LN2019040000114,LDO20200000461,12,2020-04-27,02:55:12,1644.9,Debit,Completed,,Loan Payment - LN2019040000114,False,,1.58,,Automated,Home Loan,standard_payment,False,loan_payment_generator,False,
TXNL202000000816,ACC0006052,IND19000197,LN2019040000117,LDO20200000212,12,2020-04-29,04:21:37,4410.75,Debit,Completed,,Loan Payment - LN2019040000117,False,,0.93,,Automated,Home Loan,standard_payment,False,loan_payment_generator,False,
TXNL202000000817,ACC0006692,IND19007934,LN2019040000124,LDO20200000462,12,2020-04-25,02:48:45,3552.68,Debit,Completed,,Loan Payment - LN2019040000124,False,,0.13,,Automated,Home Loan,standard_payment,False,loan_payment_generator,False,
TXNL202000000818,ACC0005792,IND19002285,LN2019040000133,LDO20200000463,12,2020-04-30,03:34:39,756.78,Debit,Completed,,Loan Payment - LN2019040000133,False,,0.96,,Automated,Home Loan,standard_payment,False,loan_payment_generator,False,
TXNL202000000819,ACC0006683,IND19001562,LN2019040000134,LDO20200000213,12,2020-04-12,02:41:11,4238.29,Debit,Completed,,Loan Payment - LN2019040000134,False,,1.49,,Automated,Personal Loan,standard_payment,False,loan_payment_generator,False,
TXNL202000000820,ACC0006861,IND19007260,LN2019040000148,LDO20200000464,12,2020-04-26,02:07:06,926.1,Debit,Completed,,Loan Payment - LN2019040000148,False,,0.04,,Automated,Home Loan,standard_payment,False,loan_payment_generator,False,
TXNL202000000821,ACC0005930,IND19008665,LN2019040000149,LDO20200000465,12,2020-04-12,03:44:51,1441.71,Debit,Completed,,Loan Payment - LN2019040000149,False,,0.51,,Automated,Home Loan,standard_payment,False,loan_payment_generator,False,
TXNL202000000822,ACC0005880,IND19012537,LN2019040000157,LDO20200000214,12,2020-04-17,04:45:29,2809.72,Debit,Failed,insufficient_funds,Loan Payment - LN2019040000157,False,,1.3,,Automated,Vehicle Loan,standard_payment,False,loan_payment_generator,False,
TXNL202000000823,ACC0006886,IND19015172,LN2019040000163,LDO20200000466,12,2020-04-09,02:46:25,2847.64,Debit,Completed,,Loan Payment - LN2019040000163,False,,0.0,,Automated,Home Loan,standard_payment,False,loan_payment_generator,False,
TXNL202000000824,ACC0005577,IND19003614,LN2019040000170,LDO20200000467,12,2020-04-12,03:46:52,875.13,Debit,Completed,,Loan Payment - LN2019040000170,False,,0.42,,Automated,Home Loan,standard_payment,False,loan_payment_generator,False,
TXNL202000000825,ACC0006210,IND19009400,LN2019040000172,LDO20200000468,12,2020-04-27,04:19:12,1426.23,Debit,Completed,,Loan Payment - LN2019040000172,False,,1.03,,Automated,Personal Loan,standard_payment,False,loan_payment_generator,False,
TXNL202000000826,ACC0006056,IND19007403,LN2019040000177,LDO20200000215,12,2020-04-16,04:36:27,1714.47,Debit,Completed,,Loan Payment - LN2019040000177,False,,1.2,,Automated,Vehicle Loan,standard_payment,False,loan_payment_generator,False,
TXNL202000000827,ACC0006296,IND19008274,LN2019040000178,LDO20200000089,12,2020-04-18,02:24:57,5006.76,Debit,Completed,,Loan Payment - LN2019040000178,False,,1.54,,Automated,Vehicle Loan,standard_payment,False,loan_payment_generator,False,
TXNL202000000828,ACC0006597,IND19011302,LN2019040000179,LDO20200000469,11,2020-04-01,04:04:57,1082.33,Debit,Completed,,Loan Payment - LN2019040000179,False,,0.89,,Automated,Personal Loan,standard_payment,False,loan_payment_generator,False,
TXNL202000000829,ACC0006805,IND19011392,LN2019040000181,LDO20200000470,12,2020-04-26,04:24:54,555.15,Debit,Completed,,Loan Payment - LN2019040000181,False,,0.25,,Automated,Personal Loan,standard_payment,False,loan_payment_generator,False,
TXNL202000000830,ACC0006731,IND19013531,LN2019040000194,LDO20200000216,12,2020-04-13,02:57:48,2546.38,Debit,Completed,,Loan Payment - LN2019040000194,False,,0.91,,Automated,Home Loan,standard_payment,False,loan_payment_generator,False,
TXNL202000000831,ACC0005679,IND19012651,LN2019040000196,LDO20200000471,11,2020-04-07,02:05:31,2103.92,Debit,Completed,,Loan Payment - LN2019040000196,False,,1.38,,Automated,Personal Loan,standard_payment,False,loan_payment_generator,False,
TXNL202000000832,ACC0006111,IND19012335,LN2019040000203,LDO20200000217,12,2020-04-27,03:43:30,774.23,Debit,Completed,,Loan Payment - LN2019040000203,False,,0.25,,Automated,Home Loan,standard_payment,False,loan_payment_generator,False,
TXNL202000000833,ACC0006826,IND19014446,LN2019040000208,LDO20200000218,12,2020-04-15,04:17:15,1080.36,Debit,Completed,,Loan Payment - LN2019040000208,False,,1.14,,Automated,Home Loan,standard_payment,False,loan_payment_generator,False,
TXNL202000000834,ACC0006272,IND19005714,LN2019040000211,LDO20200000472,12,2020-04-26,03:03:33,3340.83,Debit,Completed,,Loan Payment - LN2019040000211,False,,1.1,,Automated,Vehicle Loan,standard_payment,False,loan_payment_generator,False,
TXNL202000000835,ACC0006413,IND19001698,LN2019040000213,LDO20200000473,12,2020-04-27,03:49:56,17443.05,Debit,Completed,,Loan Payment - LN2019040000213,False,,1.88,,Automated,Personal Loan,standard_payment,False,loan_payment_generator,False,
TXNL202000000836,ACC0006978,COM19000006,LN2019040000217,LDO20200000090,11,2020-04-01,02:45:46,2735.23,Debit,Completed,,Loan Payment - LN2019040000217,False,,1.94,,Automated,Business Loan,standard_payment,False,loan_payment_generator,False,
TXNL202000000837,ACC0006077,IND19014368,LN2019040000219,LDO20200000038,12,2020-04-15,03:13:36,11958.05,Debit,Completed,,Loan Payment - LN2019040000219,False,,1.29,,Automated,Personal Loan,standard_payment,False,loan_payment_generator,False,
TXNL202000000838,ACC0005567,IND19010098,LN2019040000223,LDO20200000474,11,2020-04-06,04:16:47,2988.05,Debit,Completed,,Loan Payment - LN2019040000223,False,,1.21,,Automated,Personal Loan,standard_payment,False,loan_payment_generator,False,
TXNL202000000839,ACC0006693,IND19009434,LN2019040000228,LDO20200000475,12,2020-04-22,04:55:26,2782.21,Debit,Completed,,Loan Payment - LN2019040000228,False,,0.1,,Automated,Personal Loan,standard_payment,False,loan_payment_generator,False,
TXNL202000000840,ACC0006259,IND19003975,LN2019040000231,LDO20200000219,12,2020-04-20,03:06:55,760.29,Debit,Failed,insufficient_funds,Loan Payment - LN2019040000231,False,,1.58,,Automated,Vehicle Loan,standard_payment,False,loan_payment_generator,False,
TXNL202000000841,ACC0005639,IND19002056,LN2019040000239,LDO20200000220,12,2020-04-08,03:11:58,2664.15,Debit,Completed,,Loan Payment - LN2019040000239,False,,1.61,,Automated,Personal Loan,standard_payment,False,loan_payment_generator,False,
TXNL202000000842,ACC0006604,IND19008567,LN2019040000241,LDO20200000476,11,2020-04-03,04:25:04,6091.24,Debit,Completed,,Loan Payment - LN2019040000241,False,,0.36,,Automated,Home Loan,standard_payment,False,loan_payment_generator,False,
TXNL202000000843,ACC0006706,IND19012278,LN2019040000242,LDO20200000221,12,2020-04-15,02:41:18,855.02,Debit,Failed,insufficient_funds,Loan Payment - LN2019040000242,False,,0.64,,Automated,Home Loan,standard_payment,False,loan_payment_generator,False,
TXNL202000000844,ACC0006934,IND19009341,LN2019040000253,LDO20200000222,12,2020-04-27,03:04:14,688.68,Debit,Failed,bank_timeout,Loan Payment - LN2019040000253,False,,0.67,,Automated,Vehicle Loan,standard_payment,False,loan_payment_generator,False,
TXNL202000000845,ACC0006530,IND19008453,LN2019040000255,LDO20200000477,12,2020-04-08,02:03:58,3686.95,Debit,Completed,,Loan Payment - LN2019040000255,False,,1.81,,Automated,Vehicle Loan,standard_payment,False,loan_payment_generator,False,
TXNL202000000846,ACC0006297,IND19004165,LN2019040000258,LDO20200000478,12,2020-04-22,04:12:50,1345.63,Debit,Completed,,Loan Payment - LN2019040000258,False,,1.52,,Automated,Vehicle Loan,standard_payment,False,loan_payment_generator,False,
TXNL202000000847,ACC0006759,IND19013371,LN2019040000261,LDO20200000091,11,2020-04-05,02:34:35,2781.27,Debit,Completed,,Loan Payment - LN2019040000261,False,,0.46,,Automated,Home Loan,standard_payment,False,loan_payment_generator,False,
TXNL202000000848,ACC0005806,IND19006693,LN2019040000278,LDO20200000223,12,2020-04-14,02:48:55,2147.78,Debit,Completed,,Loan Payment - LN2019040000278,False,,1.71,,Automated,Home Loan,standard_payment,False,loan_payment_generator,False,
TXNL202000000849,ACC0006498,IND19011306,LN2019040000280,LDO20200000039,12,2020-04-21,03:12:15,1863.5,Debit,Failed,insufficient_funds,Loan Payment - LN2019040000280,False,,1.83,,Automated,Personal Loan,standard_payment,False,loan_payment_generator,False,
TXNL202000000850,ACC0005775,IND19005306,LN2019040000284,LDO20200000479,12,2020-04-24,03:36:24,1353.47,Debit,Completed,,Loan Payment - LN2019040000284,False,,1.99,,Automated,Personal Loan,standard_payment,False,loan_payment_generator,False,
TXNL202000000851,ACC0005938,IND19012283,LN2019040000297,LDO20200000480,11,2020-04-02,03:22:28,630.82,Debit,Completed,,Loan Payment - LN2019040000297,False,,0.18,,Automated,Home Loan,standard_payment,False,loan_payment_generator,False,
TXNL202000000852,ACC0005785,IND19004403,LN2019040000299,LDO20200000481,12,2020-04-25,03:45:21,2026.61,Debit,Completed,,Loan Payment - LN20190400...,False,,1.36,,Automated,Home Loan,standard_payment,False,loan_payment_generator,True,truncated_description
TXNL202000000853,ACC0006131,IND19010064,LN2019040000303,LDO20200000092,12,2020-04-17,02:08:20,2532.78,Debit,Completed,,Loan Payment - LN2019040000303,False,,1.18,,Automated,Vehicle Loan,standard_payment,False,loan_payment_generator,False,
TXNL202000000854,ACC0006904,IND19012495,LN2019040000306,LDO20200000483,12,2020-04-18,02:52:41,1413.69,Debit,Completed,,Loan Payment - LN2019040000306,False,,1.85,,Automated,Personal Loan,standard_payment,False,loan_payment_generator,False,
TXNL202000000855,ACC0005771,IND19006968,LN2019040000308,LDO20200000224,12,2020-04-23,03:51:28,1252.89,Debit,Completed,,Loan Payment - LN2019040000308,False,,0.22,,Automated,Home Loan,standard_payment,False,loan_payment_generator,False,
TXNL202000000856,ACC0005695,IND19004727,LN2019040000309,LDO20200000093,12,2020-04-17,03:51:25,1385.46,Debit,Completed,,Loan Payment - LN2019040000309,False,,0.33,,Automated,Home Loan,standard_payment,False,loan_payment_generator,False,
TXNL202000000857,ACC0005928,IND19009847,LN2019040000314,LDO20200000484,11,2020-04-07,04:35:34,5193.54,Debit,Completed,,Loan Payment - LN2019040000314,False,,2.0,,Automated,Home Loan,standard_payment,False,loan_payment_generator,False,
TXNL202000000858,ACC0006947,IND19015118,LN2019040000317,LDO20200000225,12,2020-04-29,04:28:33,2949.71,Debit,Completed,,Loan Payment - LN2019040000317,False,,1.16,,Automated,Home Loan,standard_payment,False,loan_payment_generator,False,
TXNL202000000859,ACC0006857,IND19010255,LN2019040000318,LDO20200000485,12,2020-04-05,02:49:52,1486.56,Debit,Completed,,Loan Payment - LN2019040000318,False,,1.77,,Automated,Home Loan,standard_payment,False,loan_payment_generator,False,
TXNL202000000860,ACC0006957,IND19014811,LN2019040000332,LDO20200000094,11,2020-04-05,04:36:40,1172.91,Debit,Completed,,Loan Payment - LN2019040000332,False,,1.38,,Automated,Personal Loan,standard_payment,False,loan_payment_generator,False,
TXNL202000000861,ACC0005514,IND19011127,LN2019040000334,LDO20200000226,11,2020-04-04,04:42:49,1215.23,Debit,Completed,,Loan Payment - LN2019040000334,False,,0.39,,Automated,Home Loan,standard_payment,False,loan_payment_generator,False,
TXNL202000000862,ACC0005603,IND19011571,LN2019040000339,LDO20200000486,11,2020-04-06,03:35:31,890.31,Debit,Completed,,Loan Payment - LN2019040000339 - Partial,False,,0.2,,Automated,Home Loan,partial_payment,False,loan_payment_generator,False,
TXNL202000000863,ACC0006317,IND19003634,LN2019040000341,LDO20200000227,12,2020-04-11,03:06:34,176.04,Debit,Completed,,Loan Payment - LN2019040000341,False,,1.8,,Automated,Home Loan,standard_payment,False,loan_payment_generator,False,
TXNL202000000864,ACC0007001,COM19000025,LN2019040000342,LDO20200000487,12,2020-04-16,04:17:47,34329.58,Debit,Completed,,Loan Payment - LN2019040000342,False,,0.94,,Automated,Business Loan,standard_payment,False,loan_payment_generator,False,
TXNL202000000865,ACC0006803,IND19001507,LN2019040000347,LDO20200000488,12,2020-04-20,02:31:48,2701.87,Debit,Completed,,Loan Payment - LN2019040000347,False,,1.88,,Automated,Personal Loan,standard_payment,False,loan_payment_generator,False,
TXNL202000000866,ACC0006453,IND19003544,LN2019040000353,LDO20200000489,12,2020-04-24,03:14:06,1261.42,Debit,Completed,,Loan Payment - LN2019040000353,False,,1.69,,Automated,Home Loan,standard_payment,False,loan_payment_generator,False,
TXNL202000000867,ACC0006527,IND19000751,LN2019040000354,LDO20200000490,12,2020-04-22,04:36:01,3539.16,Debit,Completed,,Loan Payment - LN2019040000354,False,,1.53,,Automated,Personal Loan,standard_payment,False,loan_payment_generator,False,
TXNL202000000868,ACC0005874,IND19007093,LN2019040000364,LDO20200000491,12,2020-04-10,04:27:25,2763.29,Debit,Completed,,Loan Payment - LN2019040000364,False,,0.79,,Automated,Personal Loan,standard_payment,False,loan_payment_generator,False,
TXNL202000000869,ACC0006991,COM19000195,LN2019040000368,LDO20200000228,12,2020-04-10,02:16:00,28745.2,Debit,Completed,,Loan Payment - LN2019040000368,False,,0.95,,Automated,Business Loan,standard_payment,False,loan_payment_generator,False,
TXNL202000000870,ACC0005612,IND19005962,LN2019040000372,LDO20200000492,11,2020-04-03,02:40:37,4137.1,Debit,Completed,,Loan Payment - LN2019040000372,False,,1.85,,Automated,Home Loan,standard_payment,False,loan_payment_generator,False,
TXNL202000000871,ACC0005835,IND19006050,LN2019040000388,LDO20200000229,11,2020-04-01,02:43:35,3029.99,Debit,Completed,,Loan Payment - LN2019040000388,False,,1.58,,Automated,Home Loan,standard_payment,False,loan_payment_generator,False,
TXNL202000000872,ACC0006948,IND19015118,LN2019040000407,LDO20200000230,12,2020-04-20,02:22:22,3846.92,Debit,Completed,,Loan Payment - LN2019040000407,False,,0.7,,Automated,Vehicle Loan,standard_payment,False,loan_payment_generator,False,
TXNL202000000873,ACC0006899,IND19000899,LN2019040000409,LDO20200000493,12,2020-04-27,04:09:26,1590.41,Debit,Completed,,Loan Payment - LN2019040000409,False,,0.11,,Automated,Home Loan,standard_payment,False,loan_payment_generator,False,
TXNL202000000874,ACC0006600,IND19010541,LN2019040000426,LDO20200000095,12,2020-04-30,03:32:32,1013.25,Debit,Completed,,Loan Payment - LN2019040000426,False,,0.65,,Automated,Home Loan,standard_payment,False,loan_payment_generator,False,
TXNL202000000875,ACC0006975,COM19000211,LN2019040000442,LDO20200000495,12,2020-04-28,02:20:39,10135.19,Debit,Completed,,Loan Payment - LN2019040000442,False,,1.13,,Automated,Business Loan,standard_payment,False,loan_payment_generator,False,
TXNL202000000876,ACC0006609,IND19010646,LN2019040000453,LDO20200000496,12,2020-04-27,02:41:19,5582.9,Debit,Completed,,Loan Payment - LN2019040000453,False,,1.36,,Automated,Home Loan,standard_payment,False,loan_payment_generator,False,
TXNL202000000877,ACC0006009,IND19001618,LN2019040000458,LDO20200000497,12,2020-04-18,03:14:20,1628.63,Debit,Completed,,Loan Payment - LN2019040000458 - Late Fee,False,,0.51,,Automated,Home Loan,late_payment,False,loan_payment_generator,False,
TXNL202000000878,ACC0006508,IND19001701,LN2019040000460,,11,2020-04-05,03:42:44,3505.4,Debit,Completed,,Loan Payment - LN2019040000460,False,,2.5,,Automated,Home Loan,standard_payment,False,loan_payment_generator,False,
TXNL202000000879,ACC0006244,IND19014006,LN2019040000470,LDO20200000498,11,2020-04-06,03:37:57,4553.55,Debit,Completed,,Loan Payment - LN2019040000470,False,,0.42,,Automated,Personal Loan,standard_payment,False,loan_payment_generator,False,
TXNL202000000880,ACC0005740,IND19008836,LN2019040000489,LDO20200000023,12,2020-04-17,03:38:06,942.46,Debit,Completed,,Loan Payment - LN2019040000489,False,,1.52,,Automated,Home Loan,standard_payment,False,loan_payment_generator,False,
TXNL202000000881,ACC0006384,IND19000328,LN2019040000493,LDO20200000096,12,2020-04-20,02:38:18,1714.89,Debit,Completed,,Loan Payment - LN2019040000493,False,,0.25,,Automated,Personal Loan,standard_payment,False,loan_payment_generator,False,
TXNL202000000882,ACC0005972,IND19010087,LN2019040000499,LDO20200000231,12,2020-04-27,02:18:46,3477.34,Debit,Completed,,Loan Payment - LN2019040000499,False,,1.09,,Automated,Vehicle Loan,standard_payment,False,loan_payment_generator,False,
TXNL202000000883,ACC0005763,IND19002384,LN2019040000501,LDO20200000499,11,2020-04-01,03:37:38,906.64,Debit,Completed,,Loan Payment - LN2019040000501,False,,1.74,,Automated,Vehicle Loan,standard_payment,False,loan_payment_generator,False,
TXNL202000000884,ACC0006043,IND19012474,LN2019040000504,LDO20200000232,11,2020-04-02,02:07:35,1182.55,Debit,Completed,,Loan Payment - LN2019040000504,False,,0.28,,Automated,Home Loan,standard_payment,False,loan_payment_generator,False,
TXNL202000000885,ACC0007004,COM19000217,LN2019040000506,LDO20200000097,11,2020-04-04,02:19:14,10556.78,Debit,Completed,,Loan Payment - LN2019040000506,False,,1.4,,Automated,Business Loan,standard_payment,False,loan_payment_generator,False,
TXNL202000000886,ACC0006037,IND19012380,LN2019040000521,LDO20200000098,12,2020-04-29,03:12:12,4410.13,Debit,Completed,,Loan Payment - LN2019040000521,False,,1.16,,Automated,Home Loan,standard_payment,False,loan_payment_generator,False,
TXNL202000000887,ACC0006594,IND19013477,LN2019040000528,LDO20200000500,12,2020-04-23,03:47:13,2360.32,Debit,Completed,,Loan Payment - LN2019040000528,False,,1.15,,Automated,Home Loan,standard_payment,False,loan_payment_generator,False,
TXNL202000000888,ACC0005980,IND19012426,LN2019040000531,LDO20200000501,11,2020-04-10,02:42:32,11866.11,Debit,Failed,mandate_limit,Loan Payment - LN2019040000531,False,,0.33,,Automated,Personal Loan,standard_payment,False,loan_payment_generator,False,
TXNL202000000889,ACC0006095,IND19004821,LN2019040000532,LDO20200000233,12,2020-04-16,02:54:59,1771.47,Debit,Completed,,Loan Payment - LN2019040000532,False,,1.34,,Automated,Vehicle Loan,standard_payment,False,loan_payment_generator,False,
TXNL202000000890,ACC0005777,IND19012806,LN2019040000549,LDO20200000502,12,2020-04-15,03:53:20,3444.9,Debit,Failed,mandate_limit,Loan Payment - LN2019040000549,False,,1.93,,Automated,Home Loan,standard_payment,False,loan_payment_generator,False,
TXNL202000000891,ACC0005652,IND19009011,LN2019040000553,LDO20200000099,12,2020-04-15,03:58:56,3237.5,Debit,Failed,bank_timeout,Loan Payment - LN20190400...,False,,1.92,,Automated,Home Loan,late_payment,False,loan_payment_generator,True,truncated_description
TXNL202000000892,ACC0005618,IND19008561,LN2019040000557,,12,2020-04-15,03:30:47,4066.44,Debit,Completed,,Loan Payment - LN2019040000557,False,,2.5,,Automated,Home Loan,standard_payment,False,loan_payment_generator,False,
TXNL202000000893,ACC0005549,IND19002733,LN2019040000562,LDO20200000503,12,2020-04-22,02:21:54,1015.02,Debit,Completed,,Loan Payment - LN2019040000562,False,,0.6,,Automated,Home Loan,standard_payment,False,loan_payment_generator,False,
TXNL202000000894,ACC0006705,IND19007997,LN2019040000563,LDO20200000504,12,2020-04-18,02:45:00,2803.85,Debit,Completed,,Loan Payment - LN20190400...,False,,0.44,,Automated,Home Loan,late_payment,False,loan_payment_generator,True,truncated_description
TXNL202000000895,ACC0006568,IND19007034,LN2019040000570,LDO20200000234,11,2020-04-01,02:17:07,1186.49,Debit,Completed,,Loan Payment - LN2019040000570,False,,1.13,,Automated,Personal Loan,standard_payment,False,loan_payment_generator,False,
TXNL202000000896,ACC0006845,IND19015246,LN2019040000573,LDO20200000100,12,2020-04-24,02:47:07,7216.33,Debit,Completed,,Loan Payment - LN2019040000573,False,,0.35,,Automated,Vehicle Loan,standard_payment,False,loan_payment_generator,False,
TXNL202000000897,ACC0006149,IND19009401,LN2019040000585,LDO20200000101,12,2020-04-26,02:50:39,1622.39,Debit,Completed,,Loan Payment - LN2019040000585,False,,1.47,,Automated,Home Loan,standard_payment,False,loan_payment_generator,False,
TXNL202000000898,ACC0006098,IND19015404,LN2019040000598,,12,2020-04-11,03:01:21,9597.56,Debit,Failed,account_blocked,Loan Payment - LN20190400...,False,,2.5,,Automated,Personal Loan,standard_payment,False,loan_payment_generator,True,truncated_description
TXNL202000000899,ACC0005613,IND19005851,LN2019040000601,LDO20200000505,11,2020-04-01,03:52:58,4123.43,Debit,Completed,,Loan Payment - LN2019040000601,False,,1.83,,Automated,Home Loan,standard_payment,False,loan_payment_generator,False,
TXNL202000000900,ACC0006123,IND19005105,LN2019040000616,LDO20200000506,11,2020-04-07,04:16:16,397.09,Debit,Completed,,Loan Payment - LN2019040000616,False,,1.36,,Automated,Home Loan,standard_payment,False,loan_payment_generator,False,
TXNL202000000901,ACC0006557,IND19008107,LN2019040000629,LDO20200000235,11,2020-04-03,03:10:19,3112.44,Debit,Completed,,Loan Payment - LN2019040000629 - Late Fee,False,,0.09,,Automated,Home Loan,late_payment,False,loan_payment_generator,False,
TXNL202000000902,ACC0005969,IND19013685,LN2019040000632,LDO20200000102,12,2020-04-24,04:37:12,3958.91,Debit,Completed,,Loan Payment - LN2019040000632,False,,1.29,,Automated,Home Loan,standard_payment,False,loan_payment_generator,False,
TXNL202000000903,ACC0005909,IND19003965,LN2019040000638,LDO20200000236,12,2020-04-21,04:42:33,1357.5,Debit,Completed,,Loan Payment - LN2019040000638,False,,1.25,,Automated,Home Loan,standard_payment,False,loan_payment_generator,False,
TXNL202000000904,ACC0006153,IND19010755,LN2019040000648,LDO20200000507,12,2020-04-30,03:36:30,3696.44,Debit,Completed,,Loan Payment - LN2019040000648,False,,0.98,,Automated,Home Loan,standard_payment,False,loan_payment_generator,False,
TXNL202000000905,ACC0006126,IND19004181,LN2019040000657,LDO20200000508,12,2020-04-14,04:08:38,995.41,Debit,Completed,,Loan Payment - LN2019040000657,False,,1.53,,Automated,Vehicle Loan,standard_payment,False,loan_payment_generator,False,
TXNL202000000906,ACC0005981,IND19012426,LN2019040000660,LDO20200000237,11,2020-04-05,02:43:42,11876.6,Debit,Completed,,Loan Payment - LN2019040000660,False,,1.08,,Automated,Personal Loan,standard_payment,False,loan_payment_generator,False,
TXNL202000000907,ACC0006487,IND19006187,LN2019040000663,LDO20200000509,11,2020-04-04,04:30:16,1852.93,Debit,Completed,,Loan Payment - LN2019040000663,False,,1.68,,Automated,Personal Loan,standard_payment,False,loan_payment_generator,False,
TXNL202000000908,ACC0005609,IND19010495,LN2019040000664,LDO20200000510,12,2020-04-22,03:53:21,3419.22,Debit,Completed,,Loan Payment - LN2019040000664,False,,0.26,,Automated,Vehicle Loan,standard_payment,False,loan_payment_generator,False,
TXNL202000000909,ACC0006775,IND19005633,LN2019040000666,LDO20200000511,12,2020-04-11,03:07:14,3236.13,Debit,Completed,,Loan Payment - LN2019040000666,False,,1.76,,Automated,Home Loan,standard_payment,False,loan_payment_generator,False,
TXNL202000000910,ACC0006758,IND19013371,LN2019040000674,LDO20200000512,12,2020-04-18,03:24:19,451.55,Debit,Completed,,Loan Payment - LN2019040000674 - Recovery,False,,0.07,,Automated,Home Loan,recovery_payment,True,loan_payment_generator,False,
TXNL202000000911,ACC0006933,IND19004476,LN2019040000681,LDO20200000513,12,2020-04-24,03:00:56,5094.02,Debit,Completed,,Loan Payment - LN2019040000681,False,,0.9,,Automated,Personal Loan,standard_payment,False,loan_payment_generator,False,
TXNL202000000912,ACC0006611,IND19010726,LN2019040000684,LDO20200000514,12,2020-04-29,02:44:29,1419.83,Debit,Completed,,Loan Payment - LN2019040000684,False,,0.79,,Automated,Vehicle Loan,standard_payment,False,loan_payment_generator,False,
TXNL202000000913,ACC0006540,IND19011900,LN2019040000690,LDO20200000515,11,2020-04-01,02:42:22,1853.79,Debit,Completed,,Loan Payment - LN20190400...,False,,1.18,,Automated,Vehicle Loan,standard_payment,False,loan_payment_generator,True,truncated_description
TXNL202000000914,ACC0006083,IND19013467,LN2019040000691,LDO20200000516,12,2020-04-15,02:09:44,1941.38,Debit,Completed,,Loan Payment - LN2019040000691,False,,1.07,,Automated,Home Loan,standard_payment,False,loan_payment_generator,False,
TXNL202000000915,ACC0006884,IND19015135,LN2019040000696,LDO20200000517,11,2020-04-05,03:28:12,2767.53,Debit,Completed,,Loan Payment - LN2019040000696,False,,0.77,,Automated,Vehicle Loan,standard_payment,False,loan_payment_generator,False,
TXNL202000000916,ACC0005590,IND19007712,LN2019040000699,LDO20200000518,12,2020-04-19,02:37:27,1931.52,Debit,Completed,,Loan Payment - LN2019040000699,False,,0.06,,Automated,Personal Loan,standard_payment,False,loan_payment_generator,False,
TXNL202000000917,ACC0005824,IND19013306,LN2019040000701,LDO20200000238,12,2020-04-19,04:42:36,767.87,Debit,Completed,,Loan Payment - LN2019040000701,False,,0.03,,Automated,Home Loan,standard_payment,False,loan_payment_generator,False,
TXNL202000000918,ACC0006286,IND19014817,LN2019040000708,LDO20200000239,11,2020-04-02,04:13:26,6185.66,Debit,Completed,,Loan Payment - LN2019040000708,False,,0.16,,Automated,Home Loan,standard_payment,False,loan_payment_generator,False,
TXNL202000000919,ACC0006258,IND19014436,LN2019040000711,LDO20200000240,11,2020-04-02,04:15:24,2398.9,Debit,Completed,,Loan Payment - LN2019040000711,False,,1.4,,Automated,Vehicle Loan,standard_payment,False,loan_payment_generator,False,
TXNL202000000920,ACC0006114,IND19000797,LN2019040000713,LDO20200000241,12,2020-04-20,02:46:45,2360.85,Debit,Completed,,Loan Payment - LN2019040000713,False,,1.39,,Automated,Personal Loan,standard_payment,False,loan_payment_generator,False,
TXNL202000000921,ACC0006784,IND19011724,LN2019040000720,LDO20200000519,12,2020-04-23,04:39:31,1450.8,Debit,Completed,,Loan Payment - LN2019040000720,False,,0.63,,Automated,Home Loan,standard_payment,False,loan_payment_generator,False,
TXNL202000000922,ACC0006465,IND19002539,LN2019040000722,LDO20200000520,12,2020-04-30,03:36:26,2178.65,Debit,Completed,,Loan Payment - LN2019040000722,False,,0.53,,Automated,Personal Loan,standard_payment,False,loan_payment_generator,False,
TXNL202000000923,ACC0006875,IND19001044,LN2019040000724,LDO20200000521,12,2020-04-14,02:25:28,6735.95,Debit,Completed,,Loan Payment - LN2019040000724,False,,1.98,,Automated,Home Loan,standard_payment,False,loan_payment_generator,False,
TXNL202000000924,ACC0006439,IND19010454,LN2019040000729,LDO20200000242,12,2020-04-30,04:52:29,1974.92,Debit,Completed,,Loan Payment - LN2019040000729,False,,0.81,,Automated,Vehicle Loan,standard_payment,False,loan_payment_generator,False,
TXNL202000000925,ACC0006535,IND19003432,LN2019040000737,LDO20200000522,12,2020-04-30,02:31:23,1134.9,Debit,Completed,,Loan Payment - LN2019040000737,False,,1.65,,Automated,Home Loan,standard_payment,False,loan_payment_generator,False,
TXNL202000000926,ACC0006501,IND19012993,LN2019040000740,LDO20200000523,12,2020-04-20,03:42:42,366.78,Debit,Completed,,Loan Payment - LN2019040000740,False,,1.06,,Automated,Home Loan,standard_payment,False,loan_payment_generator,False,
TXNL202000000927,ACC0006652,IND19001592,LN2019040000748,LDO20200000524,12,2020-04-21,03:49:31,1845.94,Debit,Completed,,Loan Payment - LN2019040000748,False,,0.37,,Automated,Vehicle Loan,standard_payment,False,loan_payment_generator,False,
TXNL202000000928,ACC0006209,IND19009400,LN2019040000751,,12,2020-04-22,03:06:41,3069.89,Debit,Completed,,Loan Payment - LN2019040000751,False,,2.5,,Automated,Vehicle Loan,standard_payment,False,loan_payment_generator,False,
TXNL202000000929,ACC0006424,IND19005129,LN2019040000752,LDO20200000525,11,2020-04-04,03:33:31,864.47,Debit,Completed,,Loan Payment - LN2019040000752,False,,0.01,,Automated,Vehicle Loan,standard_payment,False,loan_payment_generator,False,
TXNL202000000930,ACC0005901,IND19005390,LN2019040000757,LDO20200000526,11,2020-04-02,02:20:39,803.46,Debit,Completed,,Loan Payment - LN2019040000757 - Partial,False,,1.23,,Automated,Home Loan,partial_payment,False,loan_payment_generator,False,
TXNL202000000931,ACC0006309,IND19003220,LN2019040000759,LDO20200000243,12,2020-04-28,03:32:01,2359.63,Debit,Failed,bank_timeout,Loan Payment - LN2019040000759,False,,1.6,,Automated,Vehicle Loan,standard_payment,False,loan_payment_generator,False,
TXNL202000000932,ACC0006375,IND19011919,LN2019040000761,LDO20200000527,11,2020-04-03,02:00:15,6475.59,Debit,Completed,,Loan Payment - LN2019040000761,False,,1.13,,Automated,Personal Loan,standard_payment,False,loan_payment_generator,False,
TXNL202000000933,ACC0006145,IND19002874,LN2019040000764,LDO20200000528,12,2020-04-19,04:48:34,378.13,Debit,Completed,,Loan Payment - LN2019040000764 - Late Fee,False,,0.64,,Automated,Vehicle Loan,late_payment,False,loan_payment_generator,False,
TXNL202000000934,ACC0006981,COM19000093,LN2019040000766,LDO20200000529,12,2020-04-09,02:21:11,11911.56,Debit,Completed,,Loan Payment - LN2019040000766,False,,0.12,,Automated,Business Loan,standard_payment,False,loan_payment_generator,False,
TXNL202000000935,ACC0005860,IND19014037,LN2019040000773,LDO20200000530,12,2020-04-19,02:52:13,721.37,Debit,Completed,,Loan Payment - LN2019040000773,False,,1.32,,Automated,Home Loan,standard_payment,False,loan_payment_generator,False,
TXNL202000000936,ACC0006542,IND19000673,LN2019040000780,,12,2020-04-22,02:11:46,3105.75,Debit,Failed,insufficient_funds,Loan Payment - LN2019040000780,False,,2.5,,Automated,Home Loan,standard_payment,False,loan_payment_generator,False,
TXNL202000000937,ACC0006266,IND19003941,LN2019040000781,LDO20200000531,12,2020-04-21,03:34:16,2046.48,Debit,Completed,,Loan Payment - LN2019040000781,False,,0.08,,Automated,Personal Loan,standard_payment,False,loan_payment_generator,False,
TXNL202000000938,ACC0006734,IND19005493,LN2019040000790,LDO20200000532,12,2020-04-10,04:11:53,1509.67,Debit,Completed,,Loan Payment - LN2019040000790,False,,0.09,,Automated,Home Loan,standard_payment,False,loan_payment_generator,False,
TXNL202000000939,ACC0005778,IND19015885,LN2019040000791,LDO20200000533,12,2020-04-22,04:38:23,3538.8,Debit,Completed,,Loan Payment - LN2019040000791,False,,0.84,,Automated,Personal Loan,standard_payment,False,loan_payment_generator,False,
TXNL202000000940,ACC0006094,IND19004821,LN2019040000810,LDO20200000534,11,2020-04-07,03:04:02,1358.08,Debit,Completed,,Loan Payment - LN2019040000810,False,,0.21,,Automated,Home Loan,standard_payment,False,loan_payment_generator,False,
TXNL202000000941,ACC0006306,IND19004991,LN2019040000811,LDO20200000535,12,2020-04-13,04:17:45,2052.6,Debit,Completed,,Loan Payment - LN2019040000811,False,,1.47,,Automated,Vehicle Loan,standard_payment,False,loan_payment_generator,False,
TXNL202000000942,ACC0006480,IND19014719,LN2019040000819,LDO20200000536,11,2020-04-08,02:35:10,2937.14,Debit,Completed,,Loan Payment - LN2019040000819,False,,1.19,,Automated,Vehicle Loan,standard_payment,False,loan_payment_generator,False,
TXNL202000000943,ACC0006938,IND19009972,LN2019040000822,,12,2020-04-27,02:38:57,431.21,Debit,Completed,,Loan Payment - LN2019040000822,False,,2.5,,Automated,Home Loan,standard_payment,False,loan_payment_generator,False,
TXNL202000000944,ACC0006992,COM19000195,LN2019040000824,LDO20200000244,12,2020-04-24,04:21:24,17505.64,Debit,Completed,,Loan Payment - LN2019040000824,False,,0.68,,Automated,Business Loan,standard_payment,False,loan_payment_generator,False,
TXNL202000000945,ACC0006580,IND19006422,LN2019040000827,LDO20200000245,12,2020-04-27,08:54:28,3628.44,Debit,Completed,,Loan Payment - LN2019040000827,False,,0.75,,Automated,Personal Loan,standard_payment,False,loan_payment_generator,True,timestamp_shift
TXNL202000000946,ACC0005675,IND19000388,LN2019040000832,LDO20200000246,11,2020-04-01,02:59:17,1422.64,Debit,Completed,,Loan Payment - LN2019040000832,False,,1.69,,Automated,Vehicle Loan,standard_payment,False,loan_payment_generator,False,
TXNL202000000947,ACC0006503,IND19002005,LN2019040000833,LDO20200000247,12,2020-04-18,04:24:45,877.07,Debit,Completed,,Loan Payment - LN2019040000833,False,,0.68,,Automated,Vehicle Loan,standard_payment,False,loan_payment_generator,False,
TXNL202000000948,ACC0006342,IND19005955,LN2019040000844,LDO20200000537,12,2020-04-16,03:50:00,762.72,Debit,Completed,,Loan Payment - LN2019040000844,False,,1.78,,Automated,Home Loan,standard_payment,False,loan_payment_generator,False,
TXNL202000000949,ACC0005796,IND19006333,LN2019040000846,LDO20200000538,11,2020-04-02,02:41:06,1041.48,Debit,Completed,,Loan Payment - LN2019040000846,False,,1.98,,Automated,Personal Loan,standard_payment,False,loan_payment_generator,False,
TXNL202000000950,ACC0006324,IND19000214,LN2019040000860,LDO20200000539,12,2020-04-14,04:50:08,482.0,Debit,Completed,,Loan Payment - LN2019040000860,False,,1.56,,Automated,Home Loan,standard_payment,False,loan_payment_generator,False,
TXNL202000000951,ACC0005745,IND19006503,LN2019040000871,,12,2020-04-11,04:58:29,3135.84,Debit,Completed,,Loan Payment - LN2019040000871,False,,2.5,,Automated,Home Loan,standard_payment,False,loan_payment_generator,False,
TXNL202000000952,ACC0006570,IND19013192,LN2019040000874,LDO20200000540,11,2020-04-03,03:19:56,6296.78,Debit,Completed,,Loan Payment - LN2019040000874,False,,1.94,,Automated,Personal Loan,standard_payment,False,loan_payment_generator,False,
TXNL202000000953,ACC0006687,IND19007346,LN2019040000890,LDO20200000248,11,2020-04-01,04:13:17,3564.64,Debit,Completed,,Loan Payment - LN2019040000890,False,,0.97,,Automated,Personal Loan,standard_payment,False,loan_payment_generator,False,
TXNL202000000954,ACC0007000,COM19000238,LN2019040000904,LDO20200000541,12,2020-04-18,03:17:40,4590.55,Debit,Completed,,Loan Payment - LN2019040000904,False,,0.0,,Automated,Business Loan,standard_payment,False,loan_payment_generator,False,
TXNL202000000955,ACC0006642,IND19010043,LN2019040000907,LDO20200000542,12,2020-04-12,03:02:38,5341.6,Debit,Completed,,Loan Payment - LN2019040000907,False,,0.13,,Automated,Home Loan,standard_payment,False,loan_payment_generator,False,
TXNL202000000956,ACC0006113,IND19003858,LN2019040000908,,11,2020-04-01,01:50:23,857.42,Debit,Completed,,Loan Payment - LN2019040000908,False,,2.5,,Mobile,Home Loan,standard_payment,False,loan_payment_generator,False,
TXNL202000000957,ACC0006157,IND19013899,LN2019040000913,LDO20200000249,12,2020-04-23,02:41:02,1853.27,Debit,Completed,,Loan Payment - LN2019040000913,False,,1.37,,Automated,Vehicle Loan,standard_payment,False,loan_payment_generator,False,
TXNL202000000958,ACC0005543,IND19006755,LN2019040000919,LDO20200000250,12,2020-04-18,04:21:44,559.62,Debit,Completed,,Loan Payment - LN2019040000919,False,,0.86,,Automated,Home Loan,standard_payment,False,loan_payment_generator,False,
TXNL202000000959,ACC0006553,IND19009487,LN2019040000920,LDO20200000251,11,2020-04-03,04:12:38,573.99,Debit,Completed,,Loan Payment - LN2019040000920,False,,0.0,,Automated,Home Loan,standard_payment,False,loan_payment_generator,False,
TXNL202000000960,ACC0006155,IND19014676,LN2019040000923,LDO20200000543,12,2020-04-21,02:53:21,4307.26,Debit,Completed,,Loan Payment - LN2019040000923,False,,0.74,,Automated,Home Loan,standard_payment,False,loan_payment_generator,False,
TXNL202000000961,ACC0006855,IND19009563,LN2019040000928,LDO20200000252,12,2020-04-19,03:32:19,1093.1,Debit,Completed,,Loan Payment - LN2019040000928,False,,1.02,,Automated,Home Loan,standard_payment,False,loan_payment_generator,False,
TXNL202000000962,ACC0005517,IND19002764,LN2019040000929,LDO20200000544,11,2020-04-03,02:04:41,645.73,Debit,Completed,,Loan Payment - LN2019040000929 - Partial,False,,1.08,,Automated,Vehicle Loan,partial_payment,False,loan_payment_generator,False,
TXNL202000000963,ACC0006403,IND19012682,LN2019040000933,LDO20200000545,11,2020-04-02,08:22:25,677.4,Debit,Completed,,Loan Payment - LN2019040000933,False,,0.22,,Automated,Personal Loan,standard_payment,False,loan_payment_generator,True,timestamp_shift
TXNL202000000964,ACC0006876,IND19000464,LN2019040000937,LDO20200000040,11,2020-04-07,04:07:59,3241.02,Debit,Failed,account_blocked,Loan Payment - LN2019040000937,False,,0.95,,Automated,Home Loan,standard_payment,False,loan_payment_generator,True,amount_rounding_error
TXNL202000000965,ACC0005886,IND19013488,LN2019040000941,LDO20200000253,11,2020-04-06,03:35:30,8637.76,Debit,Completed,,Loan Payment - LN2019040000941,False,,0.72,,Automated,Personal Loan,standard_payment,False,loan_payment_generator,False,
TXNL202000000966,ACC0006276,IND19008958,LN2019040000944,LDO20200000546,12,2020-04-13,04:53:28,2924.42,Debit,Completed,,Loan Payment - LN2019040000944,False,,0.11,,Automated,Home Loan,standard_payment,False,loan_payment_generator,False,
TXNL202000000967,ACC0006166,IND19000921,LN2019040000947,LDO20200000024,12,2020-04-29,02:45:28,1728.88,Debit,Completed,,Loan Payment - LN2019040000947,False,,1.44,,Automated,Vehicle Loan,standard_payment,False,loan_payment_generator,False,
TXNL202000000968,ACC0006165,IND19002473,LN2019040000948,LDO20200000547,12,2020-04-29,03:42:26,1826.67,Debit,Completed,,Loan Payment - LN2019040000948,False,,1.4,,Automated,Home Loan,standard_payment,False,loan_payment_generator,False,
TXNL202000000969,ACC0006085,IND19012573,LN2019040000952,LDO20200000254,11,2020-04-06,02:03:45,1668.69,Debit,Completed,,Loan Payment - LN2019040000952,False,,1.28,,Automated,Home Loan,standard_payment,False,loan_payment_generator,False,
TXNL202000000970,ACC0005859,IND19014037,LN2019040000958,LDO20200000103,12,2020-04-23,03:07:47,1660.6,Debit,Completed,,Loan Payment - LN2019040000958,False,,0.97,,Automated,Personal Loan,standard_payment,False,loan_payment_generator,False,
TXNL202000000971,ACC0006278,IND19002340,LN2019040000961,LDO20200000548,11,2020-04-04,04:29:25,2516.11,Debit,Failed,insufficient_funds,Loan Payment - LN2019040000961,False,,0.53,,Automated,Personal Loan,standard_payment,False,loan_payment_generator,False,
TXNL202000000972,ACC0006314,IND19010897,LN2019040000962,LDO20200000549,12,2020-04-18,03:27:55,1106.34,Debit,Completed,,Loan Payment - LN2019040000962,False,,0.68,,Automated,Home Loan,standard_payment,False,loan_payment_generator,False,
TXNL202000000973,ACC0006248,IND19005286,LN2019040000964,LDO20200000255,11,2020-04-01,02:21:32,776.63,Debit,Completed,,Loan Payment - LN2019040000964,False,,1.46,,Automated,Home Loan,standard_payment,False,loan_payment_generator,False,
TXNL202000000974,ACC0005908,IND19000620,LN2019040000966,LDO20200000550,12,2020-04-24,02:21:32,3638.95,Debit,Completed,,Loan Payment - LN2019040000966,False,,1.14,,Automated,Home Loan,standard_payment,False,loan_payment_generator,False,
TXNL202000000975,ACC0005701,IND19002057,LN2019040000967,LDO20200000256,11,2020-04-07,04:14:09,1410.87,Debit,Completed,,Loan Payment - LN2019040000967,False,,0.73,,Automated,Personal Loan,standard_payment,False,loan_payment_generator,False,
TXNL202000000976,ACC0005579,IND19010467,LN2019040000974,LDO20200000551,12,2020-04-24,04:30:05,942.9,Debit,Completed,,Loan Payment - LN2019040000974,False,,1.89,,Automated,Home Loan,standard_payment,False,loan_payment_generator,False,
TXNL202000000977,ACC0006689,IND19001053,LN2019040000977,LDO20200000041,12,2020-04-18,02:09:17,1804.78,Debit,Completed,,Loan Payment - LN2019040000977 - Late Fee,False,,1.3,,Automated,Home Loan,late_payment,False,loan_payment_generator,False,
TXNL202000000978,ACC0006222,IND19002180,LN2019040000979,LDO20200000552,12,2020-04-15,03:31:02,2203.19,Debit,Completed,,Loan Payment - LN2019040000979,False,,1.56,,Automated,Personal Loan,standard_payment,False,loan_payment_generator,False,
TXNL202000000979,ACC0006321,IND19010780,LN2019040000981,LDO20200000257,12,2020-04-27,04:54:34,2131.66,Debit,Completed,,Loan Payment - LN2019040000981,False,,0.57,,Automated,Vehicle Loan,standard_payment,False,loan_payment_generator,False,
TXNL202000000980,ACC0005677,IND19011023,LN2019040000983,LDO20200000258,12,2020-04-16,04:55:08,1946.84,Debit,Completed,,Loan Payment - LN2019040000983,False,,0.26,,Automated,Home Loan,standard_payment,False,loan_payment_generator,False,
TXNL202000000981,ACC0006752,IND19007656,LN2019040000987,LDO20200000553,12,2020-04-20,04:27:09,479.84,Debit,Completed,,Loan Payment - LN2019040000987,False,,0.61,,Automated,Vehicle Loan,standard_payment,False,loan_payment_generator,False,
TXNL202000000982,ACC0005637,IND19010526,LN2019040000990,LDO20200000259,12,2020-04-18,04:32:28,904.98,Debit,Completed,,Loan Payment - LN2019040000990,False,,0.06,,Automated,Personal Loan,standard_payment,False,loan_payment_generator,True,amount_rounding_error
TXNL202000000983,ACC0006178,IND19001792,LN2019040001001,LDO20200000554,12,2020-04-15,04:04:53,1112.95,Debit,Completed,,Loan Payment - LN2019040001001,False,,0.3,,Automated,Home Loan,standard_payment,False,loan_payment_generator,False,
TXNL202000000984,ACC0006862,IND19006218,LN2019040001010,LDO20200000260,12,2020-04-28,03:17:11,2156.02,Debit,Completed,,Loan Payment - LN2019040001010,False,,0.61,,Automated,Vehicle Loan,standard_payment,False,loan_payment_generator,False,
TXNL202000000985,ACC0006066,IND19000926,LN2019040001015,LDO20200000555,12,2020-04-23,03:19:25,3798.43,Debit,Completed,,Loan Payment - LN2019040001015,False,,0.23,,Automated,Home Loan,standard_payment,False,loan_payment_generator,False,
TXNL202000000986,ACC0005822,IND19009557,LN2019040001017,LDO20200000261,11,2020-04-06,04:45:14,2722.41,Debit,Completed,,Loan Payment - LN2019040001017,False,,1.35,,Automated,Home Loan,standard_payment,False,loan_payment_generator,False,
TXNL202000000987,ACC0006651,IND19004090,LN2019040001020,LDO20200000556,12,2020-04-27,04:42:33,339.25,Debit,Completed,,Loan Payment - LN2019040001020,False,,0.69,,Automated,Home Loan,standard_payment,False,loan_payment_generator,True,amount_rounding_error
TXNL202000000988,ACC0006924,IND19011913,LN2019040001021,LDO20200000557,12,2020-04-12,04:10:52,1620.24,Debit,Completed,,Loan Payment - LN2019040001021,False,,1.26,,Automated,Home Loan,standard_payment,False,loan_payment_generator,False,
TXNL202000000989,ACC0006331,IND19014814,LN2019040001026,LDO20200000558,12,2020-04-23,03:01:07,1760.13,Debit,Completed,,Loan Payment - LN2019040001026,False,,1.13,,Automated,Vehicle Loan,standard_payment,False,loan_payment_generator,False,
TXNL202000000990,ACC0006295,IND19011761,LN2019040001031,LDO20200000042,12,2020-04-17,04:43:13,356.66,Debit,Failed,bank_timeout,Loan Payment - LN2019040001031,False,,1.04,,Automated,Home Loan,standard_payment,False,loan_payment_generator,False,
TXNL202000000991,ACC0006135,IND19014975,LN2019040001040,LDO20200000559,11,2020-04-01,04:13:01,1171.15,Debit,Completed,,Loan Payment - LN2019040001040,False,,0.29,,Automated,Home Loan,standard_payment,False,loan_payment_generator,False,
TXNL202000000992,ACC0005685,IND19014261,LN2019040001042,,12,2020-04-22,03:53:19,1784.08,Debit,Completed,,Loan Payment - LN2019040001042,False,,2.5,,Automated,Personal Loan,standard_payment,False,loan_payment_generator,False,
TXNL202000000993,ACC0006338,IND19003909,LN2019040001058,LDO20200000560,12,2020-04-24,04:22:36,2205.0,Debit,Completed,,Loan Payment - LN20190400...,False,,0.74,,Automated,Home Loan,standard_payment,False,loan_payment_generator,True,truncated_description
TXNL202000000994,ACC0006808,IND19004647,LN2019040001060,LDO20200000104,12,2020-04-12,04:41:35,7166.4,Debit,Completed,,Loan Payment - LN2019040001060,False,,0.41,,Automated,Personal Loan,standard_payment,False,loan_payment_generator,False,
TXNL202000000995,ACC0005559,IND19011074,LN2019040001081,LDO20200000561,12,2020-04-30,03:00:24,2588.56,Debit,Completed,,Loan Payment - LN2019040001081,False,,1.94,,Automated,Personal Loan,standard_payment,False,loan_payment_generator,False,
TXNL202000000996,ACC0006877,IND19011130,LN2019040001088,LDO20200000562,11,2020-04-08,03:13:18,930.46,Debit,Completed,,Loan Payment - LN2019040001088,False,,1.34,,Automated,Home Loan,standard_payment,False,loan_payment_generator,False,
TXNL202000000997,ACC0005706,IND19001440,LN2019040001097,LDO20200000563,12,2020-04-14,03:14:41,1417.8,Debit,Completed,,Loan Payment - LN2019040001097,False,,1.01,,Automated,Home Loan,standard_payment,False,loan_payment_generator,False,
TXNL202000000998,ACC0006495,IND19014203,LN2019040001101,LDO20200000564,12,2020-04-17,02:00:16,1411.9,Debit,Completed,,Loan Payment - LN2019040001101,False,,0.27,,Automated,Home Loan,standard_payment,False,loan_payment_generator,False,
TXNL202000000999,ACC0006211,IND19012935,LN2019040001103,LDO20200000565,12,2020-04-19,03:59:31,4110.79,Debit,Completed,,Loan Payment - LN2019040001103,False,,0.12,,Automated,Home Loan,standard_payment,False,loan_payment_generator,False,
TXNL202000001000,ACC0006440,IND19003673,LN2019040001104,LDO20200000262,11,2020-04-06,03:58:58,2763.23,Debit,Completed,,Loan Payment - LN2019040001104,False,,1.2,,Automated,Personal Loan,standard_payment,False,loan_payment_generator,False,
TXNL202000001001,ACC0005644,IND19013828,LN2019040001111,LDO20200000566,12,2020-04-27,02:53:54,4666.16,Debit,Completed,,Loan Payment - LN2019040001111 - Late Fee,False,,0.86,,Automated,Home Loan,late_payment,False,loan_payment_generator,False,
TXNL202000001002,ACC0006460,IND19004584,LN2019040001114,LDO20200000567,12,2020-04-22,03:25:07,103.96,Debit,Completed,,Loan Payment - LN2019040001114 - Recovery,False,,1.02,,Automated,Home Loan,recovery_payment,True,loan_payment_generator,False,
TXNL202000001003,ACC0006801,IND19010853,LN2019040001118,LDO20200000105,12,2020-04-23,02:42:38,4164.51,Debit,Completed,,Loan Payment - LN2019040001118,False,,0.14,,Automated,Home Loan,standard_payment,False,loan_payment_generator,False,
TXNL202000001004,ACC0006925,IND19004376,LN2019040001126,LDO20200000568,11,2020-04-02,04:11:18,2768.21,Debit,Completed,,Loan Payment - LN2019040001126,False,,0.97,,Automated,Home Loan,standard_payment,False,loan_payment_generator,False,
TXNL202000001005,ACC0005693,IND19008245,LN2019040001127,LDO20200000569,12,2020-04-18,03:57:18,2071.7,Debit,Completed,,Loan Payment - LN20190400...,False,,0.81,,Automated,Home Loan,standard_payment,False,loan_payment_generator,True,truncated_description
TXNL202000001006,ACC0006429,IND19010105,LN2019040001137,LDO20200000570,12,2020-04-30,02:42:15,1258.72,Debit,Completed,,Loan Payment - LN2019040001137,False,,1.25,,Automated,Vehicle Loan,standard_payment,False,loan_payment_generator,False,
TXNL202000001007,ACC0006823,IND19008205,LN2019040001143,LDO20200000263,12,2020-04-26,02:46:32,7938.49,Debit,Completed,,Loan Payment - LN2019040001143,False,,0.4,,Automated,Personal Loan,standard_payment,False,loan_payment_generator,False,
TXNL202000001008,ACC0006804,IND19001507,LN2019040001145,LDO20200000571,12,2020-04-15,03:09:26,2581.46,Debit,Completed,,Loan Payment - LN2019040001145,False,,0.02,,Automated,Vehicle Loan,standard_payment,False,loan_payment_generator,False,
TXNL202000001009,ACC0006270,IND19004036,LN2019040001149,LDO20200000572,12,2020-04-29,02:05:24,906.99,Debit,Completed,,Loan Payment - LN2019040001149 - Partial,False,,0.57,,Automated,Home Loan,partial_payment,False,loan_payment_generator,False,
TXNL202000001010,ACC0006974,COM19000211,LN2019040001153,LDO20200000573,12,2020-04-28,03:47:26,25848.04,Debit,Completed,,Loan Payment - LN2019040001153,False,,0.35,,Automated,Business Loan,standard_payment,False,loan_payment_generator,False,
TXNL202000001011,ACC0006670,IND19002557,LN2019040001170,LDO20200000574,11,2020-04-01,02:33:09,3186.67,Debit,Completed,,Loan Payment - LN2019040001170,False,,1.74,,Automated,Vehicle Loan,standard_payment,False,loan_payment_generator,False,
TXNL202000001012,ACC0006821,IND19000585,LN2019040001174,LDO20200000575,12,2020-04-16,04:04:25,2284.44,Debit,Completed,,Loan Payment - LN2019040001174,False,,1.55,,Automated,Vehicle Loan,standard_payment,False,loan_payment_generator,False,
TXNL202000001013,ACC0006304,IND19005324,LN2019040001177,LDO20200000264,11,2020-04-03,03:13:53,8242.92,Debit,Failed,insufficient_funds,Loan Payment - LN2019040001177,False,,0.88,,Automated,Home Loan,standard_payment,False,loan_payment_generator,False,
TXNL202000001014,ACC0006878,IND19012616,LN2019040001188,LDO20200000106,12,2020-04-15,02:32:53,448.91,Debit,Completed,,Loan Payment - LN20190400...,False,,1.57,,Automated,Home Loan,standard_payment,False,loan_payment_generator,True,truncated_description
TXNL202000001015,ACC0006657,IND19004292,LN2019040001194,LDO20200000265,11,2020-04-06,04:35:48,2155.91,Debit,Completed,,Loan Payment - LN2019040001194,False,,0.3,,Automated,Vehicle Loan,standard_payment,False,loan_payment_generator,False,
TXNL202000001016,ACC0005662,IND19002676,LN2019040001195,LDO20200000576,12,2020-04-21,04:07:39,1573.62,Debit,Completed,,Loan Payment - LN2019040001195,False,,1.93,,Automated,Home Loan,standard_payment,False,loan_payment_generator,False,
TXNL202000001017,ACC0005718,IND19015281,LN2019040001202,LDO20200000577,12,2020-04-24,04:06:38,5230.93,Debit,Completed,,Loan Payment - LN2019040001202,False,,0.38,,Automated,Vehicle Loan,standard_payment,False,loan_payment_generator,False,
TXNL202000001018,ACC0006088,IND19000806,LN2019040001214,LDO20200000578,12,2020-04-16,03:47:26,2863.06,Debit,Completed,,Loan Payment - LN2019040001214,False,,0.9,,Automated,Vehicle Loan,standard_payment,False,loan_payment_generator,False,
TXNL202000001019,ACC0006562,IND19004995,LN2019040001221,LDO20200000107,12,2020-04-24,02:23:29,1734.11,Debit,Completed,,Loan Payment - LN2019040001221,False,,0.52,,Automated,Home Loan,standard_payment,False,loan_payment_generator,False,
TXNL202000001020,ACC0006023,IND19004235,LN2019040001225,LDO20200000108,12,2020-04-20,02:06:54,1355.75,Debit,Completed,,Loan Payment - LN2019040001225,False,,1.39,,Automated,Personal Loan,standard_payment,False,loan_payment_generator,False,
TXNL202000001021,ACC0006089,IND19009599,LN2019040001226,LDO20200000579,12,2020-04-26,04:13:03,1510.16,Debit,Completed,,Loan Payment - LN2019040001226,False,,1.88,,Automated,Home Loan,standard_payment,False,loan_payment_generator,False,
TXNL202000001022,ACC0006512,IND19000568,LN2019040001228,LDO20200000266,12,2020-04-18,04:45:56,2712.5,Debit,Completed,,Loan Payment - LN2019040001228,False,,0.74,,Automated,Vehicle Loan,standard_payment,False,loan_payment_generator,False,
TXNL202000001023,ACC0006910,IND19013106,LN2019040001229,LDO20200000580,12,2020-04-21,04:28:03,2352.32,Debit,Completed,,Loan Payment - LN2019040001229 - Late Fee,False,,1.88,,Automated,Vehicle Loan,late_payment,False,loan_payment_generator,False,
TXNL202000001024,ACC0005925,IND19014180,LN2019040001230,LDO20200000267,12,2020-04-20,03:11:08,1337.01,Debit,Completed,,Loan Payment - LN2019040001230,False,,1.6,,Automated,Home Loan,standard_payment,False,loan_payment_generator,False,
TXNL202000001025,ACC0005698,IND19009645,LN2019040001234,LDO20200000268,11,2020-04-07,03:37:32,2390.06,Debit,Completed,,Loan Payment - LN2019040001234,False,,0.11,,Automated,Vehicle Loan,standard_payment,False,loan_payment_generator,False,
TXNL202000001026,ACC0006645,IND19012381,LN2019040001240,,11,2020-04-01,04:40:08,972.95,Debit,Completed,,Loan Payment - LN2019040001240,False,,2.5,,Automated,Home Loan,standard_payment,False,loan_payment_generator,False,
TXNL202000001027,ACC0006389,IND19000373,LN2019040001241,LDO20200000581,12,2020-04-26,02:11:05,5148.53,Debit,Failed,mandate_limit,Loan Payment - LN2019040001241,False,,0.87,,Automated,Personal Loan,standard_payment,False,loan_payment_generator,False,
TXNL202000001028,ACC0005668,IND19002786,LN2019040001246,LDO20200000582,12,2020-04-12,03:54:01,1781.69,Debit,Completed,,Loan Payment - LN2019040001246,False,,1.5,,Automated,Home Loan,standard_payment,False,loan_payment_generator,False,
TXNL202000001029,ACC0006271,IND19003428,LN2019040001248,LDO20200000269,12,2020-04-14,02:40:49,4576.12,Debit,Completed,,Loan Payment - LN20190400...,False,,1.41,,Automated,Vehicle Loan,standard_payment,False,loan_payment_generator,True,truncated_description
TXNL202000001030,ACC0006349,IND19002368,LN2019040001251,LDO20200000583,11,2020-04-09,04:52:26,3530.61,Debit,Completed,,Loan Payment - LN2019040001251,False,,0.45,,Automated,Vehicle Loan,standard_payment,False,loan_payment_generator,False,
TXNL202000001031,ACC0006605,IND19009023,LN2019040001252,LDO20200000109,12,2020-04-12,03:52:05,2372.66,Debit,Completed,,Loan Payment - LN2019040001252,False,,1.08,,Automated,Vehicle Loan,standard_payment,False,loan_payment_generator,False,
TXNL202000001032,ACC0006046,IND19008170,LN2019040001255,LDO20200000585,12,2020-04-24,02:56:48,626.51,Debit,Completed,,Loan Payment - LN2019040001255,False,,1.15,,Automated,Home Loan,standard_payment,False,loan_payment_generator,False,
TXNL202000001033,ACC0005523,IND19012856,LN2019040001258,LDO20200000270,12,2020-04-29,03:19:24,6717.71,Debit,Completed,,Loan Payment - LN2019040001258 - Extra Principal,False,,0.7,,Automated,Personal Loan,extra_payment,False,loan_payment_generator,False,
TXNL202000001034,ACC0005711,IND19013021,LN2019040001260,LDO20200000586,12,2020-04-21,03:57:05,4766.6,Debit,Completed,,Loan Payment - LN2019040001260,False,,1.29,,Automated,Personal Loan,standard_payment,False,loan_payment_generator,False,
TXNL202000001035,ACC0006200,IND19013302,LN2019040001261,LDO20200000271,12,2020-04-21,03:27:51,1284.14,Debit,Completed,,Loan Payment - LN2019040001261,False,,1.65,,Automated,Home Loan,standard_payment,False,loan_payment_generator,False,
TXNL202000001036,ACC0006053,IND19008287,LN2019040001268,LDO20200000587,12,2020-04-18,04:52:53,1384.86,Debit,Completed,,Loan Payment - LN2019040001268,False,,0.47,,Automated,Vehicle Loan,standard_payment,False,loan_payment_generator,False,
TXNL202000001037,ACC0006603,IND19003315,LN2019040001277,LDO20200000588,12,2020-04-24,03:20:49,662.56,Debit,Completed,,Loan Payment - LN2019040001277,False,,0.8,,Automated,Personal Loan,standard_payment,False,loan_payment_generator,False,
TXNL202000001038,ACC0006350,IND19014848,LN2019040001292,LDO20200000589,12,2020-04-16,03:26:48,790.65,Debit,Completed,,Loan Payment - LN2019040001292,False,,0.63,,Automated,Home Loan,standard_payment,False,loan_payment_generator,False,
TXNL202000001039,ACC0006313,IND19007722,LN2019040001293,LDO20200000272,12,2020-04-13,04:42:52,277.64,Debit,Completed,,Loan Payment - LN2019040001293,False,,0.67,,Automated,Home Loan,standard_payment,False,loan_payment_generator,False,
TXNL202000001040,ACC0006486,IND19003550,LN2019040001295,LDO20200000590,12,2020-04-20,03:26:37,858.55,Debit,Completed,,Loan Payment - LN2019040001295 - Recovery,False,,0.91,,Automated,Home Loan,recovery_payment,True,loan_payment_generator,False,
TXNL202000001041,ACC0005709,IND19002793,LN2019040001306,LDO20200000110,11,2020-04-02,04:33:07,1030.51,Debit,Completed,,Loan Payment - LN2019040001306,False,,1.54,,Automated,Vehicle Loan,standard_payment,False,loan_payment_generator,False,
TXNL202000001042,ACC0005855,IND19002783,LN2019040001307,LDO20200000591,12,2020-04-16,02:06:40,2927.22,Debit,Completed,,Loan Payment - LN2019040001307,False,,1.51,,Automated,Home Loan,standard_payment,False,loan_payment_generator,False,
TXNL202000001043,ACC0006571,IND19003218,LN2019040001312,LDO20200000111,12,2020-04-28,04:09:59,2264.31,Debit,Completed,,Loan Payment - LN2019040001312,False,,0.87,,Automated,Vehicle Loan,standard_payment,False,loan_payment_generator,False,
TXNL202000001044,ACC0006305,IND19009929,LN2019040001313,LDO20200000592,12,2020-04-25,04:25:30,1045.57,Debit,Completed,,Loan Payment - LN2019040001313,False,,1.59,,Automated,Home Loan,standard_payment,False,loan_payment_generator,False,
TXNL202000001045,ACC0005616,IND19008087,LN2019040001320,LDO20200000273,11,2020-04-01,02:26:41,2490.65,Debit,Completed,,Loan Payment - LN2019040001320,False,,0.87,,Automated,Home Loan,standard_payment,False,loan_payment_generator,False,
TXNL202000001046,ACC0006407,IND19010627,LN2019040001330,LDO20200000274,12,2020-04-17,03:43:51,3178.93,Debit,Failed,account_blocked,Loan Payment - LN2019040001330,False,,1.64,,Automated,Home Loan,standard_payment,False,loan_payment_generator,False,
TXNL202000001047,ACC0006146,IND19007765,LN2019040001331,LDO20200000593,12,2020-04-15,02:40:43,2443.37,Debit,Completed,,Loan Payment - LN2019040001331 - Late Fee,False,,1.66,,Automated,Home Loan,late_payment,False,loan_payment_generator,False,
TXNL202000001048,ACC0006069,IND19000365,LN2019040001333,LDO20200000594,12,2020-04-18,02:53:21,3133.58,Debit,Completed,,Loan Payment - LN2019040001333,False,,0.4,,Automated,Personal Loan,standard_payment,False,loan_payment_generator,False,
TXNL202000001049,ACC0006685,IND19007584,LN2019040001336,LDO20200000025,12,2020-04-23,04:11:36,3399.36,Debit,Completed,,Loan Payment - LN2019040001336,False,,0.58,,Automated,Vehicle Loan,standard_payment,False,loan_payment_generator,False,
TXNL202000001050,ACC0005790,IND19005335,LN2019040001349,LDO20200000595,12,2020-04-25,04:43:11,4564.45,Debit,Completed,,Loan Payment - LN2019040001349,False,,0.32,,Automated,Home Loan,standard_payment,False,loan_payment_generator,False,
TXNL202000001051,ACC0006193,IND19012259,LN2019040001356,LDO20200000596,12,2020-04-24,02:28:45,3336.65,Debit,Completed,,Loan Payment - LN2019040001356,False,,1.62,,Automated,Personal Loan,standard_payment,False,loan_payment_generator,False,
TXNL202000001052,ACC0006462,IND19000151,LN2019040001364,LDO20200000597,12,2020-04-29,04:54:44,3053.04,Debit,Completed,,Loan Payment - LN2019040001364,False,,1.26,,Automated,Home Loan,standard_payment,False,loan_payment_generator,False,
TXNL202000001053,ACC0005647,IND19010661,LN2019040001368,LDO20200000275,12,2020-04-20,04:24:40,1119.4,Debit,Completed,,Loan Payment - LN2019040001368,False,,0.98,,Automated,Home Loan,standard_payment,False,loan_payment_generator,False,
TXNL202000001054,ACC0005648,IND19009144,LN2019040001371,LDO20200000598,12,2020-04-13,04:07:27,2541.1,Debit,Completed,,Loan Payment - LN2019040001371,False,,1.29,,Automated,Home Loan,standard_payment,False,loan_payment_generator,False,
TXNL202000001055,ACC0005994,IND19006812,LN2019040001375,LDO20200000599,12,2020-04-21,03:06:32,767.09,Debit,Completed,,Loan Payment - LN2019040001375,False,,1.03,,Automated,Vehicle Loan,standard_payment,False,loan_payment_generator,False,
TXNL202000001056,ACC0006139,IND19002086,LN2019040001376,LDO20200000043,11,2020-04-10,04:14:31,4567.02,Debit,Completed,,Loan Payment - LN2019040001376,False,,0.84,,Automated,Home Loan,standard_payment,False,loan_payment_generator,False,
TXNL202000001057,ACC0006656,IND19012686,LN2019040001377,LDO20200000600,12,2020-04-25,03:55:22,3253.79,Debit,Completed,,Loan Payment - LN2019040001377,False,,0.19,,Automated,Vehicle Loan,standard_payment,False,loan_payment_generator,False,
TXNL202000001058,ACC0005985,IND19012694,LN2019040001383,LDO20200000601,11,2020-04-09,04:29:23,5239.1,Debit,Completed,,Loan Payment - LN2019040001383 - Late Fee,False,,0.61,,Automated,Home Loan,late_payment,False,loan_payment_generator,False,
TXNL202000001059,ACC0006519,IND19014312,LN2019040001384,LDO20200000112,12,2020-04-26,02:00:46,710.2,Debit,Completed,,Loan Payment - LN2019040001384,False,,0.88,,Automated,Home Loan,standard_payment,False,loan_payment_generator,False,
TXNL202000001060,ACC0006182,IND19012327,LN2019040001386,LDO20200000276,11,2020-04-09,04:47:05,1462.39,Debit,Completed,,Loan Payment - LN2019040001386,False,,1.39,,Automated,Home Loan,standard_payment,False,loan_payment_generator,False,
TXNL202000001061,ACC0006753,IND19007656,LN2019040001402,LDO20200000602,11,2020-04-02,03:53:08,275.8,Debit,Completed,,Loan Payment - LN2019040001402,False,,0.61,,Automated,Home Loan,standard_payment,False,loan_payment_generator,False,
TXNL202000001062,ACC0005916,IND19007104,LN2019040001405,LDO20200000603,11,2020-04-08,04:17:34,885.45,Debit,Completed,,Loan Payment - LN2019040001405,False,,1.08,,Automated,Personal Loan,standard_payment,False,loan_payment_generator,False,
TXNL202000001063,ACC0007003,COM19000217,LN2019040001406,LDO20200000277,11,2020-04-05,03:57:46,3771.09,Debit,Completed,,Loan Payment - LN2019040001406,False,,0.33,,Automated,Business Loan,standard_payment,False,loan_payment_generator,False,
TXNL202000001064,ACC0006334,IND19003989,LN2019040001407,LDO20200000604,11,2020-04-10,02:01:40,2373.67,Debit,Completed,,Loan Payment - LN2019040001407,False,,0.68,,Automated,Personal Loan,standard_payment,False,loan_payment_generator,False,
TXNL202000001065,ACC0005705,IND19001440,LN2019040001409,LDO20200000605,11,2020-04-06,02:21:34,2167.45,Debit,Failed,bank_timeout,Loan Payment - LN2019040001409,False,,0.3,,Automated,Personal Loan,standard_payment,False,loan_payment_generator,False,
TXNL202000001066,ACC0007457,IND19007189,LN2019050000003,LDO20200000278,11,2020-04-29,03:37:18,1584.7,Debit,Completed,,Loan Payment - LN2019050000003,False,,0.81,,Automated,Home Loan,standard_payment,False,loan_payment_generator,False,
TXNL202000001067,ACC0008179,IND19006039,LN2019050000007,LDO20200000113,11,2020-04-16,04:21:21,1456.1,Debit,Completed,,Loan Payment - LN2019050000007,False,,0.17,,Automated,Home Loan,standard_payment,False,loan_payment_generator,False,
TXNL202000001068,ACC0007036,IND19002916,LN2019050000011,LDO20200000044,11,2020-04-22,03:27:52,3864.14,Debit,Completed,,Loan Payment - LN2019050000011,False,,0.63,,Automated,Personal Loan,standard_payment,False,loan_payment_generator,False,
TXNL202000001069,ACC0007156,IND19003892,LN2019050000020,LDO20200000606,11,2020-04-29,04:48:05,1611.63,Debit,Completed,,Loan Payment - LN2019050000020,False,,1.56,,Automated,Home Loan,standard_payment,False,loan_payment_generator,False,
TXNL202000001070,ACC0007488,IND19008680,LN2019050000025,LDO20200000607,11,2020-04-16,03:16:25,1965.89,Debit,Completed,,Loan Payment - LN2019050000025,False,,1.68,,Automated,Vehicle Loan,standard_payment,False,loan_payment_generator,False,
TXNL202000001071,ACC0007128,IND19011613,LN2019050000027,LDO20200000608,11,2020-04-14,04:23:55,1199.84,Debit,Completed,,Loan Payment - LN2019050000027,False,,1.69,,Automated,Personal Loan,standard_payment,False,loan_payment_generator,False,
TXNL202000001072,ACC0007955,IND19000140,LN2019050000033,,11,2020-04-08,06:41:29,3942.96,Debit,Failed,account_blocked,Loan Payment - LN2019050000033,False,,2.5,,Online,Personal Loan,standard_payment,False,loan_payment_generator,False,
TXNL202000001073,ACC0008045,IND19006260,LN2019050000044,LDO20200000114,10,2020-04-03,04:21:58,1021.96,Debit,Completed,,Loan Payment - LN2019050000044,False,,0.53,,Automated,Personal Loan,standard_payment,False,loan_payment_generator,False,
TXNL202000001074,ACC0007419,IND19013320,LN2019050000051,LDO20200000279,11,2020-04-10,02:52:46,4981.91,Debit,Completed,,Loan Payment - LN2019050000051,False,,0.14,,Automated,Personal Loan,standard_payment,False,loan_payment_generator,False,
TXNL202000001075,ACC0007877,IND19005695,LN2019050000056,LDO20200000609,11,2020-04-28,03:08:09,1406.91,Debit,Completed,,Loan Payment - LN2019050000056,False,,1.87,,Automated,Home Loan,standard_payment,False,loan_payment_generator,False,
TXNL202000001076,ACC0007973,IND19006781,LN2019050000062,LDO20200000610,11,2020-04-18,02:29:41,2545.76,Debit,Completed,,Loan Payment - LN2019050000062,False,,1.38,,Automated,Home Loan,standard_payment,False,loan_payment_generator,False,
TXNL202000001077,ACC0008156,IND19002483,LN2019050000068,LDO20200000115,11,2020-04-16,03:41:17,1375.9,Debit,Completed,,Loan Payment - LN2019050000068,False,,0.77,,Automated,Personal Loan,standard_payment,False,loan_payment_generator,False,
TXNL202000001078,ACC0007381,IND19013359,LN2019050000070,LDO20200000611,11,2020-04-30,03:59:23,2952.88,Debit,Completed,,Loan Payment - LN2019050000070,False,,0.06,,Automated,Home Loan,standard_payment,False,loan_payment_generator,False,
TXNL202000001079,ACC0007899,IND19011117,LN2019050000083,LDO20200000280,10,2020-04-04,03:54:01,1351.39,Debit,Completed,,Loan Payment - LN2019050000083,False,,1.93,,Automated,Personal Loan,standard_payment,False,loan_payment_generator,False,
TXNL202000001080,ACC0007625,IND19000348,LN2019050000087,LDO20200000612,11,2020-04-21,04:33:52,2208.9,Debit,Completed,,Loan Payment - LN2019050000087,False,,1.14,,Automated,Home Loan,standard_payment,False,loan_payment_generator,False,
TXNL202000001081,ACC0008200,IND19013145,LN2019050000096,LDO20200000613,11,2020-04-22,02:41:41,3008.98,Debit,Completed,,Loan Payment - LN2019050000096,False,,1.88,,Automated,Home Loan,standard_payment,False,loan_payment_generator,False,
TXNL202000001082,ACC0007560,IND19012605,LN2019050000106,LDO20200000045,11,2020-04-15,02:58:20,949.6,Debit,Completed,,Loan Payment - LN2019050000106,False,,1.98,,Automated,Home Loan,standard_payment,False,loan_payment_generator,False,
TXNL202000001083,ACC0007260,IND19011125,LN2019050000118,LDO20200000614,11,2020-04-16,02:13:07,1362.93,Debit,Completed,,Loan Payment - LN2019050000118,False,,1.76,,Automated,Personal Loan,standard_payment,False,loan_payment_generator,False,
TXNL202000001084,ACC0007885,IND19010577,LN2019050000119,LDO20200000281,11,2020-04-17,02:11:51,220.68,Debit,Completed,,Loan Payment - LN2019050000119,False,,0.5,,Automated,Home Loan,standard_payment,False,loan_payment_generator,False,
TXNL202000001085,ACC0007883,IND19002182,LN2019050000126,LDO20200000615,10,2020-04-02,02:42:36,1502.16,Debit,Completed,,Loan Payment - LN2019050000126,False,,0.52,,Automated,Vehicle Loan,standard_payment,False,loan_payment_generator,False,
TXNL202000001086,ACC0007788,IND19003730,LN2019050000134,LDO20200000616,11,2020-04-27,02:57:02,1771.25,Debit,Completed,,Loan Payment - LN2019050000134,False,,1.64,,Automated,Personal Loan,standard_payment,False,loan_payment_generator,False,
TXNL202000001087,ACC0008280,IND19006448,LN2019050000141,LDO20200000617,11,2020-04-26,02:27:12,3365.71,Debit,Completed,,Loan Payment - LN2019050000141,False,,0.51,,Automated,Home Loan,standard_payment,False,loan_payment_generator,False,
TXNL202000001088,ACC0007373,IND19010971,LN2019050000143,LDO20200000282,11,2020-04-29,02:31:51,401.04,Debit,Completed,,Loan Payment - LN2019050000143,False,,0.5,,Automated,Home Loan,standard_payment,False,loan_payment_generator,False,
TXNL202000001089,ACC0008288,IND19008344,LN2019050000150,,11,2020-04-20,03:25:22,14129.2,Debit,Completed,,Loan Payment - LN2019050000150,False,,2.5,,Automated,Personal Loan,standard_payment,False,loan_payment_generator,False,
TXNL202000001090,ACC0007661,IND19011093,LN2019050000151,LDO20200000046,11,2020-04-10,03:03:47,1106.5,Debit,Completed,,Loan Payment - LN2019050000151,False,,1.09,,Automated,Home Loan,standard_payment,False,loan_payment_generator,False,
TXNL202000001091,ACC0007802,IND19005932,LN2019050000155,LDO20200000283,10,2020-04-01,02:00:45,927.52,Debit,Completed,,Loan Payment - LN2019050000155,False,,1.82,,Automated,Home Loan,standard_payment,False,loan_payment_generator,False,
TXNL202000001092,ACC0007680,IND19006794,LN2019050000156,LDO20200000618,11,2020-04-29,03:58:07,1229.41,Debit,Completed,,Loan Payment - LN2019050000156 - Late Fee,False,,0.16,,Automated,Vehicle Loan,late_payment,False,loan_payment_generator,False,
TXNL202000001093,ACC0008276,IND19009923,LN2019050000167,LDO20200000619,11,2020-04-16,02:13:09,4281.54,Debit,Completed,,Loan Payment - LN2019050000167,False,,1.23,,Automated,Vehicle Loan,standard_payment,False,loan_payment_generator,False,
TXNL202000001094,ACC0007580,IND19012833,LN2019050000172,LDO20200000620,11,2020-04-28,03:23:45,685.7,Debit,Completed,,Loan Payment - LN2019050000172,False,,0.12,,Automated,Vehicle Loan,standard_payment,False,loan_payment_generator,False,
TXNL202000001095,ACC0008172,IND19003865,LN2019050000190,LDO20200000621,10,2020-04-07,04:19:21,948.27,Debit,Completed,,Loan Payment - LN2019050000190,False,,1.37,,Automated,Vehicle Loan,standard_payment,False,loan_payment_generator,False,
TXNL202000001096,ACC0007396,IND19001029,LN2019050000192,LDO20200000047,11,2020-04-24,04:09:44,3458.61,Debit,Completed,,Loan Payment - LN2019050000192,False,,1.95,,Automated,Vehicle Loan,standard_payment,False,loan_payment_generator,False,
TXNL202000001097,ACC0007468,IND19009030,LN2019050000199,LDO20200000284,11,2020-04-17,04:28:07,994.86,Debit,Completed,,Loan Payment - LN2019050000199,False,,0.36,,Automated,Home Loan,standard_payment,False,loan_payment_generator,False,
TXNL202000001098,ACC0007471,IND19002781,LN2019050000200,LDO20200000622,11,2020-04-27,03:54:24,2924.51,Debit,Completed,,Loan Payment - LN2019050000200 - Late Fee,False,,0.32,,Automated,Home Loan,late_payment,False,loan_payment_generator,False,
TXNL202000001099,ACC0007566,IND19012877,LN2019050000202,LDO20200000116,10,2020-04-06,04:44:17,848.66,Debit,Completed,,Loan Payment - LN2019050000202,False,,1.08,,Automated,Home Loan,standard_payment,False,loan_payment_generator,True,amount_rounding_error
TXNL202000001100,ACC0007448,IND19010030,LN2019050000218,LDO20200000623,11,2020-04-15,03:21:35,453.79,Debit,Completed,,Loan Payment - LN2019050000218,False,,1.75,,Automated,Home Loan,standard_payment,False,loan_payment_generator,False,
TXNL202000001101,ACC0007302,IND19008633,LN2019050000219,LDO20200000624,11,2020-04-26,04:51:58,3129.5,Debit,Completed,,Loan Payment - LN2019050000219,False,,0.65,,Automated,Home Loan,standard_payment,False,loan_payment_generator,False,
TXNL202000001102,ACC0007101,IND19014986,LN2019050000222,LDO20200000285,11,2020-04-20,02:37:01,3104.1,Debit,Completed,,Loan Payment - LN2019050000222,False,,0.27,,Automated,Vehicle Loan,standard_payment,False,loan_payment_generator,False,
TXNL202000001103,ACC0008311,IND19013961,LN2019050000233,LDO20200000625,10,2020-04-07,02:23:47,1073.12,Debit,Failed,account_blocked,Loan Payment - LN2019050000233,False,,1.54,,Automated,Personal Loan,standard_payment,False,loan_payment_generator,False,
TXNL202000001104,ACC0008153,IND19000082,LN2019050000250,LDO20200000048,11,2020-04-27,02:37:33,1813.09,Debit,Completed,,Loan Payment - LN2019050000250,False,,0.35,,Automated,Home Loan,standard_payment,False,loan_payment_generator,False,
TXNL202000001105,ACC0007099,IND19007886,LN2019050000272,LDO20200000627,11,2020-04-26,04:52:33,2403.49,Debit,Completed,,Loan Payment - LN2019050000272,False,,0.38,,Automated,Vehicle Loan,standard_payment,False,loan_payment_generator,False,
TXNL202000001106,ACC0008317,COM19000239,LN2019050000274,LDO20200000628,11,2020-04-17,04:57:38,2240.87,Debit,Completed,,Loan Payment - LN2019050000274,False,,0.04,,Automated,Business Loan,standard_payment,False,loan_payment_generator,False,
TXNL202000001107,ACC0007862,IND19004110,LN2019050000286,LDO20200000117,11,2020-04-30,02:32:48,2466.61,Debit,Completed,,Loan Payment - LN2019050000286,False,,0.87,,Automated,Home Loan,standard_payment,False,loan_payment_generator,False,
TXNL202000001108,ACC0008287,IND19008344,LN2019050000288,LDO20200000629,11,2020-04-30,04:25:32,5262.03,Debit,Completed,,Loan Payment - LN2019050000288,False,,1.3,,Automated,Home Loan,standard_payment,False,loan_payment_generator,False,
TXNL202000001109,ACC0007007,IND19013522,LN2019050000296,LDO20200000286,11,2020-04-15,02:31:18,2007.63,Debit,Completed,,Loan Payment - LN2019050000296,False,,1.06,,Automated,Personal Loan,standard_payment,False,loan_payment_generator,False,
TXNL202000001110,ACC0007484,IND19008913,LN2019050000304,LDO20200000118,11,2020-04-26,02:51:41,5037.66,Debit,Completed,,Loan Payment - LN2019050000304,False,,0.24,,Automated,Home Loan,standard_payment,False,loan_payment_generator,False,
TXNL202000001111,ACC0008330,COM19000126,LN2019050000305,LDO20200000630,11,2020-04-28,04:01:50,7966.16,Debit,Completed,,Loan Payment - LN2019050000305,False,,0.9,,Automated,Business Loan,standard_payment,False,loan_payment_generator,False,
TXNL202000001112,ACC0007521,IND19013922,LN2019050000308,LDO20200000631,10,2020-04-03,04:44:33,3375.28,Debit,Completed,,Loan Payment - LN2019050000308,False,,1.14,,Automated,Vehicle Loan,standard_payment,False,loan_payment_generator,False,
TXNL202000001113,ACC0007703,IND19008542,LN2019050000309,LDO20200000049,11,2020-04-24,03:05:08,324.18,Debit,Completed,,Loan Payment - LN2019050000309,False,,0.98,,Automated,Home Loan,standard_payment,False,loan_payment_generator,False,
TXNL202000001114,ACC0007041,IND19011954,LN2019050000311,LDO20200000050,10,2020-04-06,02:24:41,1656.58,Debit,Completed,,Loan Payment - LN2019050000311,False,,1.1,,Automated,Personal Loan,standard_payment,False,loan_payment_generator,False,
TXNL202000001115,ACC0007264,IND19007195,LN2019050000313,LDO20200000632,11,2020-04-24,02:52:21,4560.65,Debit,Completed,,Loan Payment - LN2019050000313,False,,0.69,,Automated,Personal Loan,standard_payment,False,loan_payment_generator,False,
TXNL202000001116,ACC0007459,IND19001937,LN2019050000315,LDO20200000119,11,2020-04-19,07:37:51,1732.73,Debit,Completed,,Loan Payment - LN2019050000315,False,,0.94,,Automated,Personal Loan,standard_payment,False,loan_payment_generator,True,timestamp_shift
TXNL202000001117,ACC0007465,IND19013094,LN2019050000319,LDO20200000633,11,2020-04-30,02:25:33,622.84,Debit,Completed,,Loan Payment - LN2019050000319,False,,1.92,,Automated,Vehicle Loan,standard_payment,False,loan_payment_generator,False,
TXNL202000001118,ACC0007773,IND19011745,LN2019050000324,LDO20200000287,11,2020-04-27,03:18:40,17477.48,Debit,Completed,,Loan Payment - LN2019050000324,False,,0.51,,Automated,Personal Loan,standard_payment,False,loan_payment_generator,False,
TXNL202000001119,ACC0008316,COM19000302,LN2019050000326,LDO20200000634,11,2020-04-18,04:05:58,12302.02,Debit,Completed,,Loan Payment - LN2019050000326 - Partial,False,,1.17,,Automated,Business Loan,partial_payment,False,loan_payment_generator,False,
TXNL202000001120,ACC0007122,IND19013876,LN2019050000327,LDO20200000635,10,2020-04-02,02:44:26,839.06,Debit,Completed,,Loan Payment - LN2019050000327,False,,0.17,,Automated,Personal Loan,standard_payment,False,loan_payment_generator,False,
TXNL202000001121,ACC0007714,IND19005570,LN2019050000329,LDO20200000636,11,2020-04-30,03:46:55,4539.89,Debit,Completed,,Loan Payment - LN2019050000329,False,,0.46,,Automated,Home Loan,standard_payment,False,loan_payment_generator,False,
TXNL202000001122,ACC0007371,IND19003328,LN2019050000332,LDO20200000288,10,2020-04-02,04:43:15,12002.84,Debit,Completed,,Loan Payment - LN2019050000332,False,,0.79,,Automated,Personal Loan,standard_payment,False,loan_payment_generator,False,
TXNL202000001123,ACC0008095,IND19003250,LN2019050000347,LDO20200000637,11,2020-04-13,02:55:05,1283.69,Debit,Completed,,Loan Payment - LN20190500...,False,,0.11,,Automated,Vehicle Loan,standard_payment,False,loan_payment_generator,True,truncated_description
TXNL202000001124,ACC0007049,IND19000954,LN2019050000350,LDO20200000289,11,2020-04-24,04:03:22,2165.18,Debit,Completed,,Loan Payment - LN2019050000350,False,,1.03,,Automated,Personal Loan,standard_payment,False,loan_payment_generator,False,
TXNL202000001125,ACC0008256,IND19009962,LN2019050000355,LDO20200000120,11,2020-04-30,03:02:33,3198.17,Debit,Completed,,Loan Payment - LN2019050000355,False,,1.37,,Automated,Home Loan,standard_payment,False,loan_payment_generator,False,
TXNL202000001126,ACC0007083,IND19014120,LN2019050000363,LDO20200000638,11,2020-04-30,03:44:47,435.23,Debit,Completed,,Loan Payment - LN2019050000363,False,,0.18,,Automated,Personal Loan,standard_payment,False,loan_payment_generator,False,
TXNL202000001127,ACC0008240,IND19009111,LN2019050000368,LDO20200000639,11,2020-04-30,04:06:59,784.07,Debit,Completed,,Loan Payment - LN2019050000368,False,,0.37,,Automated,Home Loan,standard_payment,False,loan_payment_generator,False,
TXNL202000001128,ACC0007123,IND19000598,LN2019050000369,LDO20200000121,11,2020-04-12,03:31:37,5579.44,Debit,Completed,,Loan Payment - LN2019050000369,False,,0.29,,Automated,Home Loan,standard_payment,False,loan_payment_generator,False,
TXNL202000001129,ACC0008148,IND19007774,LN2019050000371,LDO20200000122,11,2020-04-14,04:56:00,289.69,Debit,Completed,,Loan Payment - LN2019050000371,False,,1.5,,Automated,Home Loan,standard_payment,False,loan_payment_generator,False,
TXNL202000001130,ACC0007610,IND19012889,LN2019050000379,LDO20200000640,11,2020-04-06,02:12:30,1176.96,Debit,Completed,,Loan Payment - LN2019050000379,False,,0.13,,Automated,Home Loan,standard_payment,False,loan_payment_generator,False,
TXNL202000001131,ACC0007332,IND19000676,LN2019050000383,LDO20200000641,11,2020-04-30,02:38:47,1372.18,Debit,Completed,,Loan Payment - LN2019050000383,False,,1.51,,Automated,Home Loan,standard_payment,False,loan_payment_generator,False,
TXNL202000001132,ACC0007552,IND19003264,LN2019050000386,LDO20200000642,10,2020-04-02,04:13:57,2346.56,Debit,Completed,,Loan Payment - LN2019050000386,False,,1.95,,Automated,Home Loan,standard_payment,False,loan_payment_generator,False,
TXNL202000001133,ACC0008242,IND19010040,LN2019050000398,LDO20200000643,11,2020-04-26,04:44:23,1485.61,Debit,Completed,,Loan Payment - LN2019050000398,False,,0.5,,Automated,Home Loan,standard_payment,False,loan_payment_generator,False,
TXNL202000001134,ACC0008195,IND19003326,LN2019050000401,LDO20200000644,11,2020-04-21,02:29:00,336.71,Debit,Completed,,Loan Payment - LN2019050000401,False,,0.01,,Automated,Home Loan,standard_payment,False,loan_payment_generator,False,
TXNL202000001135,ACC0007110,IND19001533,LN2019050000402,,10,2020-04-05,02:32:58,2384.71,Debit,Completed,,Loan Payment - LN2019050000402,False,,2.5,,Automated,Home Loan,standard_payment,False,loan_payment_generator,False,
TXNL202000001136,ACC0007749,IND19005754,LN2019050000403,LDO20200000645,11,2020-04-30,02:36:04,351.58,Debit,Completed,,Loan Payment - LN2019050000403,False,,1.05,,Automated,Home Loan,standard_payment,False,loan_payment_generator,False,
TXNL202000001137,ACC0008309,IND19008029,LN2019050000406,LDO20200000646,11,2020-04-13,03:25:49,5884.47,Debit,Completed,,Loan Payment - LN2019050000406,False,,0.33,,Automated,Home Loan,standard_payment,False,loan_payment_generator,False,
TXNL202000001138,ACC0007072,IND19004306,LN2019050000416,LDO20200000051,11,2020-04-08,03:15:54,570.39,Debit,Completed,,Loan Payment - LN2019050000416,False,,0.59,,Automated,Home Loan,standard_payment,False,loan_payment_generator,False,
TXNL202000001139,ACC0007850,IND19002647,LN2019050000417,LDO20200000647,11,2020-04-13,03:42:33,2949.43,Debit,Completed,,Loan Payment - LN2019050000417 - Recovery,False,,1.18,,Automated,Home Loan,recovery_payment,True,loan_payment_generator,False,
TXNL202000001140,ACC0007870,IND19006244,LN2019050000429,LDO20200000123,11,2020-04-25,03:47:11,5245.99,Debit,Completed,,Loan Payment - LN2019050000429,False,,1.83,,Automated,Personal Loan,standard_payment,False,loan_payment_generator,False,
TXNL202000001141,ACC0007632,IND19001202,LN2019050000440,LDO20200000290,11,2020-04-28,02:42:51,2475.86,Debit,Completed,,Loan Payment - LN2019050000440,False,,0.21,,Automated,Home Loan,standard_payment,False,loan_payment_generator,False,
TXNL202000001142,ACC0007160,IND19009221,LN2019050000448,LDO20200000648,11,2020-04-25,03:48:15,2088.01,Debit,Completed,,Loan Payment - LN2019050000448,False,,1.99,,Automated,Home Loan,standard_payment,False,loan_payment_generator,False,
TXNL202000001143,ACC0007612,IND19009922,LN2019050000462,LDO20200000649,10,2020-04-07,04:29:00,1286.75,Debit,Completed,,Loan Payment - LN2019050000462,False,,0.57,,Automated,Home Loan,standard_payment,False,loan_payment_generator,False,
TXNL202000001144,ACC0007706,IND19001393,LN2019050000465,LDO20200000650,10,2020-04-08,03:14:04,4871.23,Debit,Completed,,Loan Payment - LN2019050000465,False,,1.8,,Automated,Home Loan,standard_payment,False,loan_payment_generator,False,
TXNL202000001145,ACC0007734,IND19008292,LN2019050000470,LDO20200000052,11,2020-04-25,03:54:54,4297.17,Debit,Completed,,Loan Payment - LN2019050000470,False,,0.0,,Automated,Home Loan,standard_payment,False,loan_payment_generator,False,
TXNL202000001146,ACC0007832,IND19003688,LN2019050000474,LDO20200000124,11,2020-04-20,04:32:38,883.0,Debit,Completed,,Loan Payment - LN2019050000474,False,,0.45,,Automated,Personal Loan,standard_payment,False,loan_payment_generator,False,
TXNL202000001147,ACC0007327,IND19008297,LN2019050000484,LDO20200000651,11,2020-04-24,03:50:06,13971.2,Debit,Completed,,Loan Payment - LN2019050000484,False,,0.75,,Automated,Personal Loan,standard_payment,False,loan_payment_generator,False,
TXNL202000001148,ACC0007595,IND19014660,LN2019050000488,LDO20200000652,11,2020-04-16,02:56:23,3928.44,Debit,Completed,,Loan Payment - LN2019050000488 - Extra Principal,False,,0.54,,Automated,Vehicle Loan,extra_payment,False,loan_payment_generator,False,
TXNL202000001149,ACC0007937,IND19005070,LN2019050000495,LDO20200000053,10,2020-04-03,03:37:20,1861.38,Debit,Completed,,Loan Payment - LN2019050000495,False,,1.08,,Automated,Personal Loan,standard_payment,False,loan_payment_generator,False,
TXNL202000001150,ACC0007470,IND19002781,LN2019050000497,LDO20200000291,10,2020-04-07,04:51:18,2122.46,Debit,Completed,,Loan Payment - LN2019050000497,False,,0.42,,Automated,Vehicle Loan,standard_payment,False,loan_payment_generator,False,
TXNL202000001151,ACC0007558,IND19004364,LN2019050000498,LDO20200000653,10,2020-04-05,04:00:34,2454.51,Debit,Completed,,Loan Payment - LN20190500...,False,,0.47,,Automated,Personal Loan,standard_payment,False,loan_payment_generator,True,truncated_description
TXNL202000001152,ACC0007463,IND19002379,LN2019050000499,LDO20200000654,10,2020-04-01,02:43:44,3867.18,Debit,Completed,,Loan Payment - LN2019050000499,False,,0.81,,Automated,Home Loan,standard_payment,False,loan_payment_generator,False,
TXNL202000001153,ACC0007541,IND19002750,LN2019050000519,LDO20200000655,11,2020-04-14,04:33:44,2428.59,Debit,Completed,,Loan Payment - LN2019050000519,False,,0.51,,Automated,Personal Loan,standard_payment,False,loan_payment_generator,False,
TXNL202000001154,ACC0007873,IND19011865,LN2019050000522,LDO20200000125,11,2020-04-29,02:08:52,916.38,Debit,Completed,,Loan Payment - LN2019050000522,False,,0.99,,Automated,Vehicle Loan,standard_payment,False,loan_payment_generator,False,
TXNL202000001155,ACC0007208,IND19009185,LN2019050000524,LDO20200000292,11,2020-04-30,02:45:39,2426.39,Debit,Completed,,Loan Payment - LN2019050000524,False,,1.2,,Automated,Vehicle Loan,standard_payment,False,loan_payment_generator,False,
TXNL202000001156,ACC0007173,IND19005976,LN2019050000531,LDO20200000656,10,2020-04-02,03:06:14,1271.3,Debit,Completed,,Loan Payment - LN2019050000531,False,,1.25,,Automated,Home Loan,standard_payment,False,loan_payment_generator,False,
TXNL202000001157,ACC0007587,IND19003305,LN2019050000542,LDO20200000293,11,2020-04-30,04:26:09,484.08,Debit,Completed,,Loan Payment - LN2019050000542,False,,1.1,,Automated,Home Loan,standard_payment,False,loan_payment_generator,False,
TXNL202000001158,ACC0007911,IND19008037,LN2019050000544,LDO20200000657,11,2020-04-16,03:44:16,13912.84,Debit,Completed,,Loan Payment - LN2019050000544,False,,1.84,,Automated,Personal Loan,standard_payment,False,loan_payment_generator,False,
TXNL202000001159,ACC0007127,IND19007655,LN2019050000546,LDO20200000658,11,2020-04-29,02:44:19,2148.95,Debit,Completed,,Loan Payment - LN2019050000546,False,,0.38,,Automated,Home Loan,standard_payment,False,loan_payment_generator,False,
TXNL202000001160,ACC0007349,IND19012296,LN2019050000551,LDO20200000294,11,2020-04-23,04:55:50,1850.04,Debit,Completed,,Loan Payment - LN2019050000551,False,,0.81,,Automated,Home Loan,standard_payment,False,loan_payment_generator,False,
TXNL202000001161,ACC0008268,IND19009572,LN2019050000555,LDO20200000659,11,2020-04-19,04:54:35,1534.34,Debit,Completed,,Loan Payment - LN2019050000555,False,,1.82,,Automated,Personal Loan,standard_payment,False,loan_payment_generator,False,
TXNL202000001162,ACC0007364,IND19014235,LN2019050000559,LDO20200000295,11,2020-04-15,04:38:18,821.12,Debit,Completed,,Loan Payment - LN2019050000559,False,,0.74,,Automated,Personal Loan,standard_payment,False,loan_payment_generator,False,
TXNL202000001163,ACC0007952,IND19007543,LN2019050000560,LDO20200000126,11,2020-04-28,04:16:24,1780.15,Debit,Completed,,Loan Payment - LN2019050000560,False,,0.74,,Automated,Personal Loan,standard_payment,False,loan_payment_generator,False,
TXNL202000001164,ACC0007257,IND19002485,LN2019050000564,LDO20200000660,10,2020-04-01,03:18:38,1782.61,Debit,Completed,,Loan Payment - LN2019050000564,False,,1.73,,Automated,Home Loan,standard_payment,False,loan_payment_generator,False,
TXNL202000001165,ACC0008320,COM19000046,LN2019050000565,LDO20200000296,10,2020-04-09,02:02:55,33942.28,Debit,Completed,,Loan Payment - LN2019050000565,False,,1.99,,Automated,Business Loan,standard_payment,False,loan_payment_generator,False,
TXNL202000001166,ACC0007656,IND19015059,LN2019050000567,LDO20200000661,10,2020-04-08,03:39:45,2920.81,Debit,Completed,,Loan Payment - LN2019050000567,False,,0.86,,Automated,Home Loan,standard_payment,False,loan_payment_generator,False,
TXNL202000001167,ACC0008252,IND19008232,LN2019050000570,LDO20200000662,11,2020-04-19,03:07:12,4747.94,Debit,Completed,,Loan Payment - LN2019050000570,False,,1.36,,Automated,Home Loan,standard_payment,False,loan_payment_generator,False,
TXNL202000001168,ACC0007770,IND19001785,LN2019050000573,LDO20200000663,11,2020-04-17,04:14:02,12286.92,Debit,Completed,,Loan Payment - LN2019050000573,False,,0.52,,Automated,Personal Loan,standard_payment,False,loan_payment_generator,False,
TXNL202000001169,ACC0007047,IND19011062,LN2019050000576,LDO20200000664,10,2020-04-03,04:13:44,1565.29,Debit,Completed,,Loan Payment - LN2019050000576,False,,0.48,,Automated,Home Loan,standard_payment,False,loan_payment_generator,False,
TXNL202000001170,ACC0007830,IND19002077,LN2019050000589,LDO20200000127,10,2020-04-05,04:01:30,1046.0,Debit,Completed,,Loan Payment - LN2019050000589,False,,0.4,,Automated,Home Loan,standard_payment,False,loan_payment_generator,False,
TXNL202000001171,ACC0008306,IND19000077,LN2019050000592,LDO20200000665,11,2020-04-20,03:38:06,1712.47,Debit,Completed,,Loan Payment - LN2019050000592,False,,0.59,,Automated,Home Loan,standard_payment,False,loan_payment_generator,False,
TXNL202000001172,ACC0007600,IND19012971,LN2019050000593,LDO20200000297,10,2020-04-01,02:09:26,1665.95,Debit,Completed,,Loan Payment - LN2019050000593 - Late Fee,False,,1.76,,Automated,Home Loan,late_payment,False,loan_payment_generator,False,
TXNL202000001173,ACC0007086,IND19001913,LN2019050000596,LDO20200000666,11,2020-04-18,03:24:12,5271.24,Debit,Completed,,Loan Payment - LN2019050000596,False,,0.73,,Automated,Personal Loan,standard_payment,False,loan_payment_generator,False,
TXNL202000001174,ACC0008044,IND19006154,LN2019050000602,LDO20200000667,11,2020-04-14,04:28:27,3454.41,Debit,Completed,,Loan Payment - LN2019050000602,False,,1.89,,Automated,Vehicle Loan,standard_payment,False,loan_payment_generator,False,
TXNL202000001175,ACC0007359,IND19001265,LN2019050000604,LDO20200000668,11,2020-04-17,04:00:53,5298.61,Debit,Completed,,Loan Payment - LN2019050000604,False,,0.95,,Automated,Home Loan,standard_payment,False,loan_payment_generator,False,
TXNL202000001176,ACC0007515,IND19001293,LN2019050000612,LDO20200000669,11,2020-04-18,03:42:33,2216.06,Debit,Completed,,Loan Payment - LN2019050000612,False,,0.34,,Automated,Personal Loan,standard_payment,False,loan_payment_generator,False,
TXNL202000001177,ACC0008310,IND19002172,LN2019050000614,LDO20200000298,11,2020-04-30,02:31:14,1359.81,Debit,Completed,,Loan Payment - LN2019050000614,False,,1.83,,Automated,Vehicle Loan,standard_payment,False,loan_payment_generator,False,
TXNL202000001178,ACC0007550,IND19011981,LN2019050000617,LDO20200000670,10,2020-04-05,03:14:02,4182.4,Debit,Completed,,Loan Payment - LN2019050000617,False,,1.78,,Automated,Vehicle Loan,standard_payment,False,loan_payment_generator,False,
TXNL202000001179,ACC0007279,IND19007959,LN2019050000625,LDO20200000054,11,2020-04-15,02:09:20,14360.35,Debit,Completed,,Loan Payment - LN2019050000625,False,,1.46,,Automated,Personal Loan,standard_payment,False,loan_payment_generator,False,
TXNL202000001180,ACC0008170,IND19000930,LN2019050000629,LDO20200000299,11,2020-04-25,03:12:47,2744.71,Debit,Completed,,Loan Payment - LN2019050000629,False,,0.99,,Automated,Personal Loan,standard_payment,False,loan_payment_generator,False,
TXNL202000001181,ACC0007505,IND19014487,LN2019050000638,LDO20200000128,11,2020-04-23,03:22:18,5463.36,Debit,Completed,,Loan Payment - LN2019050000638,False,,1.83,,Automated,Home Loan,standard_payment,False,loan_payment_generator,False,
TXNL202000001182,ACC0007258,IND19003721,LN2019050000641,LDO20200000671,11,2020-04-21,02:33:50,2216.59,Debit,Completed,,Loan Payment - LN2019050000641,False,,1.4,,Automated,Home Loan,standard_payment,False,loan_payment_generator,False,
TXNL202000001183,ACC0007142,IND19000833,LN2019050000642,LDO20200000300,11,2020-04-09,02:20:36,3754.93,Debit,Completed,,Loan Payment - LN2019050000642,False,,1.6,,Automated,Home Loan,standard_payment,False,loan_payment_generator,False,
TXNL202000001184,ACC0007987,IND19014897,LN2019050000661,LDO20200000055,11,2020-04-17,02:39:51,3656.62,Debit,Completed,,Loan Payment - LN2019050000661,False,,0.36,,Automated,Personal Loan,standard_payment,False,loan_payment_generator,False,
TXNL202000001185,ACC0007297,IND19011570,LN2019050000667,LDO20200000672,11,2020-04-29,04:57:35,1603.51,Debit,Completed,,Loan Payment - LN2019050000667,False,,1.35,,Automated,Home Loan,standard_payment,False,loan_payment_generator,False,
TXNL202000001186,ACC0007091,IND19003068,LN2019050000669,LDO20200000673,10,2020-04-02,04:20:36,1637.44,Debit,Completed,,Loan Payment - LN2019050000669,False,,1.55,,Automated,Home Loan,standard_payment,False,loan_payment_generator,False,
TXNL202000001187,ACC0007449,IND19009805,LN2019050000676,LDO20200000674,11,2020-04-14,02:58:55,11955.42,Debit,Completed,,Loan Payment - LN2019050000676,False,,1.67,,Automated,Personal Loan,standard_payment,False,loan_payment_generator,False,
TXNL202000001188,ACC0007702,IND19001060,LN2019050000679,LDO20200000675,11,2020-04-17,04:22:26,393.49,Debit,Completed,,Loan Payment - LN2019050000679,False,,0.65,,Automated,Home Loan,standard_payment,False,loan_payment_generator,False,
TXNL202000001189,ACC0007753,IND19009261,LN2019050000701,LDO20200000676,11,2020-04-16,03:06:17,2355.29,Debit,Completed,,Loan Payment - LN2019050000701,False,,0.17,,Automated,Vehicle Loan,standard_payment,False,loan_payment_generator,False,
TXNL202000001190,ACC0007493,IND19003510,LN2019050000716,LDO20200000677,10,2020-04-04,02:48:45,2838.85,Debit,Completed,,Loan Payment - LN2019050000716,False,,0.07,,Automated,Home Loan,standard_payment,False,loan_payment_generator,False,
TXNL202000001191,ACC0007046,IND19011062,LN2019050000722,LDO20200000678,11,2020-04-20,02:08:20,996.07,Debit,Completed,,Loan Payment - LN2019050000722,False,,1.32,,Automated,Home Loan,standard_payment,False,loan_payment_generator,False,
TXNL202000001192,ACC0007693,IND19011927,LN2019050000727,LDO20200000679,10,2020-04-05,03:18:02,2855.29,Debit,Failed,insufficient_funds,Loan Payment - LN2019050000727,False,,0.74,,Automated,Home Loan,standard_payment,False,loan_payment_generator,False,
TXNL202000001193,ACC0008087,IND19002086,LN2019050000735,LDO20200000680,10,2020-04-02,03:15:46,2454.62,Debit,Failed,insufficient_funds,Loan Payment - LN2019050000735,False,,1.11,,Automated,Vehicle Loan,standard_payment,False,loan_payment_generator,False,
TXNL202000001194,ACC0007024,IND19003964,LN2019050000736,LDO20200000681,11,2020-04-20,02:43:00,5269.15,Debit,Completed,,Loan Payment - LN2019050000736,False,,0.5,,Automated,Home Loan,standard_payment,False,loan_payment_generator,False,
TXNL202000001195,ACC0007485,IND19010218,LN2019050000737,LDO20200000682,11,2020-04-17,04:55:10,860.49,Debit,Completed,,Loan Payment - LN2019050000737,False,,0.67,,Automated,Personal Loan,standard_payment,False,loan_payment_generator,False,
TXNL202000001196,ACC0007384,IND19011144,LN2019050000741,LDO20200000301,11,2020-04-16,04:52:46,1874.2,Debit,Completed,,Loan Payment - LN2019050000741,False,,0.96,,Automated,Home Loan,standard_payment,False,loan_payment_generator,False,
TXNL202000001197,ACC0007923,IND19000687,LN2019050000750,LDO20200000026,11,2020-04-20,04:34:29,2563.93,Debit,Completed,,Loan Payment - LN2019050000750,False,,0.4,,Automated,Home Loan,standard_payment,False,loan_payment_generator,False,
TXNL202000001198,ACC0007785,IND19000642,LN2019050000753,LDO20200000683,11,2020-04-15,04:05:37,1618.42,Debit,Completed,,Loan Payment - LN2019050000753,False,,1.84,,Automated,Vehicle Loan,standard_payment,False,loan_payment_generator,False,
TXNL202000001199,ACC0007250,IND19001815,LN2019050000759,LDO20200000684,11,2020-04-22,04:46:40,3335.04,Debit,Completed,,Loan Payment - LN2019050000759,False,,0.96,,Automated,Home Loan,standard_payment,False,loan_payment_generator,False,
TXNL202000001200,ACC0007214,IND19007943,LN2019050000760,LDO20200000685,11,2020-04-28,04:51:54,661.78,Debit,Completed,,Loan Payment - LN2019050000760,False,,1.41,,Automated,Home Loan,standard_payment,False,loan_payment_generator,False,
TXNL202000001201,ACC0007180,IND19006123,LN2019050000771,LDO20200000686,10,2020-04-01,02:09:37,1292.03,Debit,Completed,,Loan Payment - LN2019050000771,False,,0.82,,Automated,Home Loan,standard_payment,False,loan_payment_generator,False,
TXNL202000001202,ACC0007721,IND19002326,LN2019050000791,LDO20200000687,11,2020-04-25,04:17:20,876.58,Debit,Completed,,Loan Payment - LN2019050000791,False,,1.24,,Automated,Personal Loan,standard_payment,False,loan_payment_generator,False,
TXNL202000001203,ACC0008116,IND19005842,LN2019050000793,LDO20200000302,11,2020-04-20,04:39:25,11267.85,Debit,Completed,,Loan Payment - LN2019050000793,False,,1.63,,Automated,Personal Loan,standard_payment,False,loan_payment_generator,False,
TXNL202000001204,ACC0008212,IND19014961,LN2019050000795,LDO20200000688,11,2020-04-25,04:14:33,3593.13,Debit,Completed,,Loan Payment - LN2019050000795,False,,1.39,,Automated,Home Loan,standard_payment,False,loan_payment_generator,False,
TXNL202000001205,ACC0008101,IND19004006,LN2019050000797,LDO20200000689,11,2020-04-29,04:13:33,3784.97,Debit,Completed,,Loan Payment - LN2019050000797,False,,0.12,,Automated,Personal Loan,standard_payment,False,loan_payment_generator,False,
TXNL202000001206,ACC0007571,IND19014352,LN2019050000799,LDO20200000129,11,2020-04-25,03:13:17,826.91,Debit,Completed,,Loan Payment - LN2019050000799,False,,0.07,,Automated,Home Loan,standard_payment,False,loan_payment_generator,False,
TXNL202000001207,ACC0007507,IND19001122,LN2019050000814,LDO20200000303,11,2020-04-30,02:30:43,2419.67,Debit,Completed,,Loan Payment - LN2019050000814,False,,1.51,,Automated,Home Loan,standard_payment,False,loan_payment_generator,False,
TXNL202000001208,ACC0008234,IND19002363,LN2019050000828,LDO20200000690,11,2020-04-11,03:11:49,711.07,Debit,Completed,,Loan Payment - LN2019050000828,False,,0.88,,Automated,Personal Loan,standard_payment,False,loan_payment_generator,False,
TXNL202000001209,ACC0007650,IND19001079,LN2019050000841,LDO20200000056,11,2020-04-21,03:54:48,3652.77,Debit,Completed,,Loan Payment - LN2019050000841,False,,1.66,,Automated,Home Loan,standard_payment,False,loan_payment_generator,False,
TXNL202000001210,ACC0007691,IND19012805,LN2019050000844,LDO20200000691,10,2020-04-01,04:57:29,3591.94,Debit,Completed,,Loan Payment - LN2019050000844,False,,1.18,,Automated,Home Loan,standard_payment,False,loan_payment_generator,False,
TXNL202000001211,ACC0007064,IND19006642,LN2019050000849,LDO20200000304,11,2020-04-26,02:19:21,2317.32,Debit,Completed,,Loan Payment - LN2019050000849,False,,1.77,,Automated,Home Loan,standard_payment,False,loan_payment_generator,False,
TXNL202000001212,ACC0007179,IND19000434,LN2019050000855,LDO20200000692,11,2020-04-30,02:44:56,5992.0,Debit,Completed,,Loan Payment - LN2019050000855,False,,0.79,,Automated,Vehicle Loan,standard_payment,False,loan_payment_generator,False,
TXNL202000001213,ACC0007215,IND19007154,LN2019050000858,LDO20200000693,10,2020-04-02,02:55:27,6541.9,Debit,Completed,,Loan Payment - LN2019050000858,False,,1.16,,Automated,Home Loan,standard_payment,False,loan_payment_generator,False,
TXNL202000001214,ACC0008119,IND19007986,LN2019050000889,LDO20200000130,11,2020-04-20,02:51:02,1472.1,Debit,Completed,,Loan Payment - LN2019050000889,False,,0.26,,Automated,Home Loan,standard_payment,False,loan_payment_generator,False,
TXNL202000001215,ACC0008110,IND19002294,LN2019050000897,LDO20200000131,11,2020-04-14,04:07:07,2869.96,Debit,Completed,,Loan Payment - LN2019050000897,False,,1.24,,Automated,Home Loan,standard_payment,False,loan_payment_generator,False,
TXNL202000001216,ACC0008154,IND19012320,LN2019050000898,LDO20200000694,11,2020-04-26,03:01:24,710.82,Debit,Completed,,Loan Payment - LN2019050000898,False,,1.32,,Automated,Home Loan,standard_payment,False,loan_payment_generator,False,
TXNL202000001217,ACC0007375,IND19005931,LN2019050000918,LDO20200000695,10,2020-04-06,03:19:59,3118.44,Debit,Completed,,Loan Payment - LN2019050000918,False,,0.79,,Automated,Home Loan,standard_payment,False,loan_payment_generator,False,
TXNL202000001218,ACC0007040,IND19011954,LN2019050000921,LDO20200000132,10,2020-04-06,08:07:29,2449.87,Debit,Completed,,Loan Payment - LN2019050000921 - Partial,False,,1.89,,Automated,Personal Loan,partial_payment,False,loan_payment_generator,True,timestamp_shift
TXNL202000001219,ACC0008295,IND19013855,LN2019050000922,LDO20200000305,11,2020-04-12,04:41:35,1486.62,Debit,Completed,,Loan Payment - LN2019050000922,False,,0.52,,Automated,Vehicle Loan,standard_payment,False,loan_payment_generator,True,amount_rounding_error
TXNL202000001220,ACC0008078,IND19003714,LN2019050000934,LDO20200000306,11,2020-04-12,04:27:07,2911.17,Debit,Completed,,Loan Payment - LN2019050000934 - Late Fee,False,,0.92,,Automated,Personal Loan,late_payment,False,loan_payment_generator,False,
TXNL202000001221,ACC0008171,IND19012983,LN2019050000935,LDO20200000696,10,2020-04-09,03:18:46,538.92,Debit,Failed,insufficient_funds,Loan Payment - LN2019050000935,False,,0.78,,Automated,Home Loan,standard_payment,False,loan_payment_generator,False,
TXNL202000001222,ACC0007529,IND19010684,LN2019050000938,LDO20200000697,10,2020-04-09,03:48:16,820.45,Debit,Completed,,Loan Payment - LN2019050000938,False,,1.43,,Automated,Home Loan,standard_payment,False,loan_payment_generator,False,
TXNL202000001223,ACC0007628,IND19005196,LN2019050000939,LDO20200000698,10,2020-04-08,04:56:08,1878.07,Debit,Completed,,Loan Payment - LN2019050000939,False,,0.14,,Automated,Home Loan,standard_payment,False,loan_payment_generator,False,
TXNL202000001224,ACC0007969,IND19010055,LN2019050000944,LDO20200000307,10,2020-04-07,04:28:59,2110.51,Debit,Failed,bank_timeout,Loan Payment - LN2019050000944,False,,1.19,,Automated,Vehicle Loan,standard_payment,False,loan_payment_generator,False,
TXNL202000001225,ACC0007641,IND19007826,LN2019050000947,LDO20200000057,10,2020-04-07,04:05:00,508.24,Debit,Completed,,Loan Payment - LN2019050000947,False,,1.42,,Automated,Home Loan,standard_payment,False,loan_payment_generator,False,
TXNL202000001226,ACC0008158,IND19010986,LN2019050000952,LDO20200000308,11,2020-04-17,02:56:14,564.21,Debit,Completed,,Loan Payment - LN20190500...,False,,1.74,,Automated,Personal Loan,standard_payment,False,loan_payment_generator,True,truncated_description
TXNL202000001227,ACC0008313,COM19000237,LN2019050000954,LDO20200000309,10,2020-04-09,04:47:39,3667.45,Debit,Completed,,Loan Payment - LN2019050000954,False,,0.61,,Automated,Business Loan,standard_payment,False,loan_payment_generator,False,
TXNL202000001228,ACC0008071,IND19003837,LN2019050000958,LDO20200000310,11,2020-04-16,04:59:43,1185.66,Debit,Completed,,Loan Payment - LN2019050000958,False,,0.59,,Automated,Personal Loan,standard_payment,False,loan_payment_generator,False,
TXNL202000001229,ACC0007237,IND19000234,LN2019050000960,LDO20200000133,11,2020-04-28,03:18:33,1455.71,Debit,Completed,,Loan Payment - LN2019050000960,False,,0.56,,Automated,Home Loan,standard_payment,False,loan_payment_generator,False,
TXNL202000001230,ACC0007929,IND19013749,LN2019050000961,LDO20200000699,11,2020-04-30,04:43:17,1594.39,Debit,Completed,,Loan Payment - LN2019050000961 - Late Fee,False,,0.58,,Automated,Vehicle Loan,late_payment,False,loan_payment_generator,False,
TXNL202000001231,ACC0007527,IND19004757,LN2019050000962,LDO20200000700,11,2020-04-18,02:24:06,266.81,Debit,Completed,,Loan Payment - LN2019050000962,False,,0.1,,Automated,Home Loan,standard_payment,False,loan_payment_generator,False,
TXNL202000001232,ACC0007338,IND19001523,LN2019050000966,LDO20200000311,11,2020-04-30,04:45:58,2391.31,Debit,Completed,,Loan Payment - LN20190500...,False,,0.38,,Automated,Home Loan,extra_payment,False,loan_payment_generator,True,truncated_description
TXNL202000001233,ACC0007755,IND19009883,LN2019050000971,LDO20200000312,11,2020-04-07,04:15:46,1833.69,Debit,Failed,bank_timeout,Loan Payment - LN2019050000971,False,,0.43,,Automated,Home Loan,standard_payment,False,loan_payment_generator,True,status_inconsistency
TXNL202000001234,ACC0007607,IND19005046,LN2019050000978,LDO20200000313,10,2020-04-07,03:05:53,1592.65,Debit,Completed,,Loan Payment - LN2019050000978,False,,1.86,,Automated,Home Loan,standard_payment,False,loan_payment_generator,False,
TXNL202000001235,ACC0008111,IND19001387,LN2019050000980,LDO20200000701,11,2020-04-27,04:13:01,857.39,Debit,Completed,,Loan Payment - LN2019050000980,False,,1.26,,Automated,Home Loan,standard_payment,False,loan_payment_generator,False,
TXNL202000001236,ACC0008014,IND19005111,LN2019050000984,LDO20200000314,11,2020-04-17,02:52:31,5323.0,Debit,Completed,,Loan Payment - LN2019050000984,False,,0.03,,Automated,Vehicle Loan,standard_payment,False,loan_payment_generator,False,
TXNL202000001237,ACC0008030,IND19003118,LN2019050001000,LDO20200000702,10,2020-04-06,03:25:27,803.31,Debit,Completed,,Loan Payment - LN2019050001000,False,,1.01,,Automated,Home Loan,standard_payment,False,loan_payment_generator,False,
TXNL202000001238,ACC0007966,IND19005148,LN2019050001001,LDO20200000134,10,2020-04-08,02:53:51,3018.21,Debit,Completed,,Loan Payment - LN2019050001001 - Extra Principal,False,,0.88,,Automated,Personal Loan,extra_payment,False,loan_payment_generator,False,
TXNL202000001239,ACC0007777,IND19005035,LN2019050001021,LDO20200000703,10,2020-04-05,03:53:37,3387.53,Debit,Completed,,Loan Payment - LN2019050001021,False,,0.51,,Automated,Home Loan,standard_payment,False,loan_payment_generator,False,
TXNL202000001240,ACC0007379,IND19012374,LN2019050001024,LDO20200000704,11,2020-04-14,02:14:07,820.23,Debit,Completed,,Loan Payment - LN2019050001024,False,,1.13,,Automated,Home Loan,standard_payment,False,loan_payment_generator,False,
TXNL202000001241,ACC0007906,IND19004263,LN2019050001033,LDO20200000705,10,2020-04-02,04:58:25,260.1,Debit,Completed,,Loan Payment - LN2019050001033,False,,1.69,,Automated,Home Loan,standard_payment,False,loan_payment_generator,False,
TXNL202000001242,ACC0008274,IND19006833,LN2019050001047,LDO20200000706,11,2020-04-16,02:00:55,3754.64,Debit,Cancelled,customer_stop_instruction,Loan Payment - LN2019050001047,False,,0.22,,Automated,Vehicle Loan,standard_payment,False,loan_payment_generator,False,
TXNL202000001243,ACC0007009,IND19002813,LN2019050001051,LDO20200000315,11,2020-04-30,02:14:50,4006.59,Debit,Completed,,Loan Payment - LN2019050001051,False,,1.29,,Automated,Vehicle Loan,standard_payment,False,loan_payment_generator,False,
TXNL202000001244,ACC0008219,IND19011636,LN2019050001070,LDO20200000135,10,2020-04-03,03:41:51,2223.33,Debit,Completed,,Loan Payment - LN2019050001070,False,,0.89,,Automated,Vehicle Loan,standard_payment,False,loan_payment_generator,False,
TXNL202000001245,ACC0008068,IND19006737,LN2019050001082,LDO20200000707,11,2020-04-21,04:44:35,2230.23,Debit,Completed,,Loan Payment - LN20190500...,False,,0.67,,Automated,Vehicle Loan,standard_payment,False,loan_payment_generator,True,truncated_description
TXNL202000001246,ACC0007738,IND19008930,LN2019050001085,LDO20200000136,10,2020-04-01,04:06:55,1089.84,Debit,Completed,,Loan Payment - LN2019050001085,False,,1.94,,Automated,Home Loan,standard_payment,False,loan_payment_generator,False,
TXNL202000001247,ACC0007383,IND19014104,LN2019050001092,LDO20200000316,11,2020-04-18,04:51:27,2227.4,Debit,Completed,,Loan Payment - LN2019050001092,False,,0.0,,Automated,Personal Loan,standard_payment,False,loan_payment_generator,False,
TXNL202000001248,ACC0007199,IND19008957,LN2019050001095,LDO20200000708,11,2020-04-21,02:17:18,1645.37,Debit,Completed,,Loan Payment - LN2019050001095,False,,0.59,,Automated,Home Loan,standard_payment,False,loan_payment_generator,False,
TXNL202000001249,ACC0007649,IND19012283,LN2019050001102,LDO20200000137,10,2020-04-03,02:55:19,2145.91,Debit,Completed,,Loan Payment - LN2019050001102,False,,1.35,,Automated,Personal Loan,standard_payment,False,loan_payment_generator,False,
TXNL202000001250,ACC0007540,IND19005556,LN2019050001113,LDO20200000709,11,2020-04-26,04:57:20,1903.28,Debit,Completed,,Loan Payment - LN2019050001113,False,,0.68,,Automated,Home Loan,standard_payment,False,loan_payment_generator,False,
TXNL202000001251,ACC0007524,IND19003271,LN2019050001116,LDO20200000138,11,2020-04-27,04:55:59,1308.81,Debit,Completed,,Loan Payment - LN2019050001116,False,,0.58,,Automated,Personal Loan,standard_payment,False,loan_payment_generator,False,
TXNL202000001252,ACC0007705,IND19001393,LN2019050001120,LDO20200000710,11,2020-04-21,03:09:32,4592.55,Debit,Completed,,Loan Payment - LN2019050001120,False,,1.29,,Automated,Home Loan,standard_payment,False,loan_payment_generator,False,
TXNL202000001253,ACC0007553,IND19009011,LN2019050001121,LDO20200000317,11,2020-04-25,04:50:44,943.48,Debit,Completed,,Loan Payment - LN2019050001121,False,,1.73,,Automated,Home Loan,standard_payment,False,loan_payment_generator,False,
TXNL202000001254,ACC0008049,IND19003801,LN2019050001137,LDO20200000711,11,2020-04-10,03:46:08,5055.02,Debit,Completed,,Loan Payment - LN2019050001137,False,,0.04,,Automated,Home Loan,standard_payment,False,loan_payment_generator,False,
TXNL202000001255,ACC0007986,IND19001257,LN2019050001151,LDO20200000712,11,2020-04-23,03:40:40,2165.17,Debit,Failed,daily_limit_exceeded,Loan Payment - LN2019050001151,False,,0.89,,Automated,Home Loan,standard_payment,False,loan_payment_generator,False,
TXNL202000001256,ACC0007476,IND19013953,LN2019050001152,LDO20200000058,11,2020-04-23,04:51:09,1801.54,Debit,Completed,,Loan Payment - LN2019050001152 - Extra Principal,False,,1.16,,Automated,Home Loan,extra_payment,False,loan_payment_generator,False,
TXNL202000001257,ACC0007475,IND19013953,LN2019050001155,LDO20200000059,10,2020-04-06,04:01:09,1712.2,Debit,Completed,,Loan Payment - LN2019050001155,False,,1.17,,Automated,Vehicle Loan,standard_payment,False,loan_payment_generator,False,
TXNL202000001258,ACC0007353,IND19005472,LN2019050001160,LDO20200000713,11,2020-04-17,03:57:44,1115.42,Debit,Completed,,Loan Payment - LN2019050001160,False,,1.79,,Automated,Home Loan,standard_payment,False,loan_payment_generator,False,
TXNL202000001259,ACC0007015,IND19007961,LN2019050001170,LDO20200000318,11,2020-04-21,04:00:48,1047.02,Debit,Completed,,Loan Payment - LN2019050001170,False,,1.7,,Automated,Vehicle Loan,standard_payment,False,loan_payment_generator,False,
TXNL202000001260,ACC0007275,IND19010245,LN2019050001175,LDO20200000714,10,2020-04-07,04:42:05,1993.06,Debit,Completed,,Loan Payment - LN2019050001175,False,,1.3,,Automated,Personal Loan,standard_payment,False,loan_payment_generator,False,
TXNL202000001261,ACC0007351,IND19001380,LN2019050001183,LDO20200000715,11,2020-04-20,04:21:23,5197.06,Debit,Completed,,Loan Payment - LN2019050001183,False,,0.46,,Automated,Home Loan,standard_payment,False,loan_payment_generator,False,
TXNL202000001262,ACC0007907,IND19002878,LN2019050001186,LDO20200000716,11,2020-04-29,04:49:53,1883.64,Debit,Completed,,Loan Payment - LN2019050001186,False,,1.04,,Automated,Home Loan,standard_payment,False,loan_payment_generator,False,
TXNL202000001263,ACC0008264,IND19014371,LN2019050001194,LDO20200000319,11,2020-04-16,02:42:37,2083.71,Debit,Completed,,Loan Payment - LN2019050001194,False,,0.01,,Automated,Home Loan,standard_payment,False,loan_payment_generator,False,
TXNL202000001264,ACC0007291,IND19005668,LN2019050001199,LDO20200000320,11,2020-04-14,02:20:09,1866.41,Debit,Completed,,Loan Payment - LN2019050001199,False,,1.05,,Automated,Vehicle Loan,standard_payment,False,loan_payment_generator,False,
TXNL202000001265,ACC0007296,IND19011570,LN2019050001202,LDO20200000321,11,2020-04-30,03:53:52,701.24,Debit,Failed,mandate_limit,Loan Payment - LN2019050001202,False,,1.51,,Automated,Home Loan,standard_payment,False,loan_payment_generator,False,
TXNL202000001266,ACC0007636,IND19008434,LN2019050001205,LDO20200000060,11,2020-04-27,04:57:47,681.94,Debit,Completed,,Loan Payment - LN2019050001205,False,,0.05,,Automated,Home Loan,standard_payment,False,loan_payment_generator,False,
TXNL202000001267,ACC0007107,IND19000145,LN2019050001207,LDO20200000139,11,2020-04-17,04:11:31,1817.61,Debit,Completed,,Loan Payment - LN2019050001207,False,,1.91,,Automated,Home Loan,standard_payment,False,loan_payment_generator,False,
TXNL202000001268,ACC0007676,IND19007028,LN2019050001208,LDO20200000717,11,2020-04-30,03:53:32,1280.42,Debit,Completed,,Loan Payment - LN2019050001208,False,,0.07,,Automated,Home Loan,standard_payment,False,loan_payment_generator,False,
TXNL202000001269,ACC0007608,IND19007170,LN2019050001231,LDO20200000322,11,2020-04-09,03:43:01,173.27,Debit,Completed,,Loan Payment - LN2019050001231,False,,0.27,,Automated,Home Loan,standard_payment,False,loan_payment_generator,False,
TXNL202000001270,ACC0007455,IND19009143,LN2019050001232,LDO20200000718,11,2020-04-18,03:08:01,1524.4,Debit,Failed,account_blocked,Loan Payment - LN2019050001232,False,,1.26,,Automated,Vehicle Loan,standard_payment,False,loan_payment_generator,False,
TXNL202000001271,ACC0007842,IND19009173,LN2019050001247,LDO20200000719,11,2020-04-10,03:32:44,4526.5,Debit,Completed,,Loan Payment - LN2019050001247 - Late Fee,False,,1.12,,Automated,Personal Loan,late_payment,False,loan_payment_generator,False,
TXNL202000001272,ACC0009554,IND19008376,LN2019060000003,LDO20200000140,9,2020-04-04,04:37:22,1215.95,Debit,Completed,,Loan Payment - LN2019060000003,False,,0.69,,Automated,Home Loan,standard_payment,False,loan_payment_generator,False,
TXNL202000001273,ACC0008614,IND19003868,LN2019060000036,LDO20200000141,10,2020-04-09,02:06:42,2543.32,Debit,Completed,,Loan Payment - LN2019060000036 - Late Fee,False,,1.11,,Automated,Personal Loan,late_payment,False,loan_payment_generator,False,
TXNL202000001274,ACC0009436,IND19003637,LN2019060000051,LDO20200000142,10,2020-04-21,02:18:55,3205.5,Debit,Completed,,Loan Payment - LN2019060000051,False,,0.75,,Automated,Home Loan,standard_payment,False,loan_payment_generator,False,
TXNL202000001275,ACC0009208,IND19014920,LN2019060000056,LDO20200000027,10,2020-04-25,04:59:00,3476.1,Debit,Completed,,Loan Payment - LN2019060000056,False,,0.68,,Automated,Home Loan,standard_payment,False,loan_payment_generator,False,
TXNL202000001276,ACC0009416,IND19003355,LN2019060000058,LDO20200000721,10,2020-04-30,03:18:15,438.48,Debit,Completed,,Loan Payment - LN2019060000058,False,,1.08,,Automated,Home Loan,standard_payment,False,loan_payment_generator,False,
TXNL202000001277,ACC0009698,IND19010951,LN2019060000063,LDO20200000722,9,2020-04-11,04:02:31,1449.79,Debit,Completed,,Loan Payment - LN2019060000063,False,,1.85,,Automated,Home Loan,standard_payment,False,loan_payment_generator,False,
TXNL202000001278,ACC0008723,IND19009629,LN2019060000070,LDO20200000723,10,2020-04-13,03:34:30,1515.04,Debit,Completed,,Loan Payment - LN2019060000070,False,,0.89,,Automated,Personal Loan,standard_payment,False,loan_payment_generator,False,
TXNL202000001279,ACC0009008,IND19011347,LN2019060000071,LDO20200000323,10,2020-04-24,03:20:03,993.27,Debit,Completed,,Loan Payment - LN2019060000071,False,,0.16,,Automated,Home Loan,standard_payment,False,loan_payment_generator,False,
TXNL202000001280,ACC0009533,IND19006651,LN2019060000074,LDO20200000724,9,2020-04-03,04:05:07,870.84,Debit,Completed,,Loan Payment - LN2019060000074,False,,1.41,,Automated,Home Loan,standard_payment,False,loan_payment_generator,False,
TXNL202000001281,ACC0008345,IND19000257,LN2019060000075,LDO20200000725,10,2020-04-28,03:55:07,8989.14,Debit,Completed,,Loan Payment - LN2019060000075,False,,0.65,,Automated,Personal Loan,standard_payment,False,loan_payment_generator,False,
TXNL202000001282,ACC0009344,IND19007445,LN2019060000077,LDO20200000726,10,2020-04-23,03:59:49,5551.79,Debit,Completed,,Loan Payment - LN2019060000077,False,,0.97,,Automated,Personal Loan,standard_payment,False,loan_payment_generator,False,
TXNL202000001283,ACC0009307,IND19006577,LN2019060000079,LDO20200000727,10,2020-04-23,02:58:32,4187.72,Debit,Completed,,Loan Payment - LN2019060000079,False,,0.03,,Automated,Personal Loan,standard_payment,False,loan_payment_generator,False,
TXNL202000001284,ACC0009216,IND19015579,LN2019060000083,LDO20200000728,9,2020-04-09,04:36:41,4726.66,Debit,Completed,,Loan Payment - LN2019060000083,False,,0.15,,Automated,Personal Loan,standard_payment,False,loan_payment_generator,False,
TXNL202000001285,ACC0009824,IND19005414,LN2019060000085,LDO20200000061,9,2020-04-04,04:10:09,1691.47,Debit,Completed,,Loan Payment - LN20190600...,False,,1.88,,Automated,Home Loan,standard_payment,False,loan_payment_generator,True,truncated_description
TXNL202000001286,ACC0009105,IND19010363,LN2019060000088,LDO20200000143,10,2020-04-23,02:11:28,7074.24,Debit,Completed,,Loan Payment - LN2019060000088,False,,0.64,,Automated,Vehicle Loan,standard_payment,False,loan_payment_generator,False,
TXNL202000001287,ACC0009210,IND19017004,LN2019060000099,LDO20200000324,9,2020-04-07,02:10:32,1523.31,Debit,Completed,,Loan Payment - LN2019060000099,False,,1.59,,Automated,Home Loan,standard_payment,False,loan_payment_generator,False,
TXNL202000001288,ACC0009718,IND19015416,LN2019060000105,LDO20200000729,10,2020-04-18,02:56:50,2174.17,Debit,Completed,,Loan Payment - LN2019060000105,False,,1.33,,Automated,Personal Loan,standard_payment,False,loan_payment_generator,False,
TXNL202000001289,ACC0008979,IND19010430,LN2019060000111,LDO20200000730,9,2020-04-03,02:56:33,3761.75,Debit,Completed,,Loan Payment - LN2019060000111,False,,1.93,,Automated,Personal Loan,standard_payment,False,loan_payment_generator,False,
TXNL202000001290,ACC0008530,IND19001113,LN2019060000112,LDO20200000731,9,2020-04-06,03:35:57,4120.99,Debit,Completed,,Loan Payment - LN2019060000112,False,,0.85,,Automated,Home Loan,standard_payment,False,loan_payment_generator,False,
TXNL202000001291,ACC0009514,IND19011384,LN2019060000118,LDO20200000732,10,2020-04-29,02:19:49,1695.32,Debit,Completed,,Loan Payment - LN2019060000118,False,,1.16,,Automated,Home Loan,standard_payment,False,loan_payment_generator,False,
TXNL202000001292,ACC0009853,COM19000322,LN2019060000119,LDO20200000325,9,2020-04-05,02:39:51,4596.63,Debit,Completed,,Loan Payment - LN2019060000119,False,,1.31,,Automated,Business Loan,standard_payment,False,loan_payment_generator,False,
TXNL202000001293,ACC0008818,IND19015397,LN2019060000121,LDO20200000733,10,2020-04-13,04:27:03,9367.57,Debit,Completed,,Loan Payment - LN2019060000121,False,,1.33,,Automated,Personal Loan,standard_payment,False,loan_payment_generator,False,
TXNL202000001294,ACC0008467,IND19009375,LN2019060000125,LDO20200000326,9,2020-04-02,03:35:53,1433.44,Debit,Completed,,Loan Payment - LN2019060000125,False,,1.88,,Automated,Vehicle Loan,standard_payment,False,loan_payment_generator,False,
TXNL202000001295,ACC0008475,IND19010377,LN2019060000136,LDO20200000734,10,2020-04-15,03:27:24,2286.64,Debit,Failed,mandate_limit,Loan Payment - LN2019060000136 - Partial,False,,1.51,,Automated,Vehicle Loan,partial_payment,False,loan_payment_generator,False,
TXNL202000001296,ACC0008630,IND19006926,LN2019060000140,LDO20200000327,9,2020-04-09,04:11:59,336.09,Debit,Completed,,Loan Payment - LN2019060000140,False,,0.54,,Automated,Vehicle Loan,standard_payment,False,loan_payment_generator,False,
TXNL202000001297,ACC0009470,IND19009457,LN2019060000143,LDO20200000144,10,2020-04-24,03:43:43,1279.53,Debit,Completed,,Loan Payment - LN2019060000143,False,,0.69,,Automated,Home Loan,standard_payment,False,loan_payment_generator,False,
TXNL202000001298,ACC0009728,IND19005969,LN2019060000154,LDO20200000328,10,2020-04-16,04:25:06,2903.01,Debit,Completed,,Loan Payment - LN2019060000154,False,,0.12,,Automated,Personal Loan,standard_payment,False,loan_payment_generator,False,
TXNL202000001299,ACC0009573,IND19007410,LN2019060000169,LDO20200000145,10,2020-04-22,02:54:00,388.8,Debit,Completed,,Loan Payment - LN2019060000169,False,,1.97,,Automated,Vehicle Loan,standard_payment,False,loan_payment_generator,False,
TXNL202000001300,ACC0008899,IND19011169,LN2019060000175,LDO20200000146,10,2020-04-28,02:19:56,2863.26,Debit,Completed,,Loan Payment - LN2019060000175,False,,0.06,,Automated,Vehicle Loan,standard_payment,False,loan_payment_generator,False,
TXNL202000001301,ACC0008567,IND19016930,LN2019060000181,LDO20200000147,10,2020-04-14,04:23:22,3620.0,Debit,Completed,,Loan Payment - LN2019060000181,False,,0.11,,Automated,Home Loan,standard_payment,False,loan_payment_generator,False,
TXNL202000001302,ACC0009844,COM19000096,LN2019060000185,LDO20200000735,10,2020-04-27,04:48:05,8206.68,Debit,Failed,mandate_limit,Loan Payment - LN2019060000185,False,,1.1,,Automated,Business Loan,standard_payment,False,loan_payment_generator,False,
TXNL202000001303,ACC0009040,IND19009244,LN2019060000190,LDO20200000148,10,2020-04-18,04:05:31,2300.78,Debit,Completed,,Loan Payment - LN2019060000190,False,,1.06,,Automated,Vehicle Loan,standard_payment,False,loan_payment_generator,False,
TXNL202000001304,ACC0009873,COM19000220,LN2019060000193,LDO20200000736,10,2020-04-15,03:12:24,12588.24,Debit,Completed,,Loan Payment - LN2019060000193,False,,1.38,,Automated,Business Loan,standard_payment,False,loan_payment_generator,False,
TXNL202000001305,ACC0009758,IND19016938,LN2019060000196,LDO20200000329,9,2020-04-03,02:01:02,1389.57,Debit,Completed,,Loan Payment - LN2019060000196,False,,0.8,,Automated,Vehicle Loan,standard_payment,False,loan_payment_generator,False,
TXNL202000001306,ACC0009614,IND19017281,LN2019060000199,LDO20200000028,9,2020-04-07,04:10:50,1730.5,Debit,Completed,,Loan Payment - LN2019060000199,False,,1.19,,Automated,Home Loan,standard_payment,False,loan_payment_generator,False,
TXNL202000001307,ACC0008782,IND19012132,LN2019060000202,LDO20200000149,9,2020-04-01,03:12:25,1920.72,Debit,Completed,,Loan Payment - LN2019060000202,False,,0.81,,Automated,Vehicle Loan,standard_payment,False,loan_payment_generator,False,
TXNL202000001308,ACC0009672,IND19016838,LN2019060000205,LDO20200000062,9,2020-04-04,04:26:32,2921.76,Debit,Completed,,Loan Payment - LN2019060000205,False,,0.27,,Automated,Home Loan,standard_payment,False,loan_payment_generator,False,
TXNL202000001309,ACC0009571,IND19008258,LN2019060000206,LDO20200000330,10,2020-04-11,04:02:07,1332.31,Debit,Completed,,Loan Payment - LN2019060000206,False,,0.67,,Automated,Home Loan,standard_payment,False,loan_payment_generator,False,
TXNL202000001310,ACC0009341,IND19015334,LN2019060000210,LDO20200000737,10,2020-04-16,06:05:15,3545.33,Debit,Completed,,Loan Payment - LN2019060000210,False,,1.2,,Automated,Vehicle Loan,standard_payment,False,loan_payment_generator,True,timestamp_shift
TXNL202000001311,ACC0009506,IND19008495,LN2019060000212,LDO20200000150,10,2020-04-23,02:41:47,2238.62,Debit,Completed,,Loan Payment - LN20190600...,False,,1.86,,Automated,Home Loan,standard_payment,False,loan_payment_generator,True,truncated_description
TXNL202000001312,ACC0008525,IND19014248,LN2019060000214,LDO20200000331,10,2020-04-17,04:35:06,6032.73,Debit,Completed,,Loan Payment - LN2019060000214,False,,1.64,,Automated,Vehicle Loan,standard_payment,False,loan_payment_generator,False,
TXNL202000001313,ACC0008456,IND19001450,LN2019060000217,LDO20200000738,10,2020-04-27,03:40:19,3273.24,Debit,Completed,,Loan Payment - LN2019060000217,False,,1.01,,Automated,Personal Loan,standard_payment,False,loan_payment_generator,False,
TXNL202000001314,ACC0008718,IND19013926,LN2019060000227,LDO20200000739,10,2020-04-17,02:56:57,2038.13,Debit,Completed,,Loan Payment - LN2019060000227,False,,1.57,,Automated,Vehicle Loan,standard_payment,False,loan_payment_generator,False,
TXNL202000001315,ACC0009633,IND19004935,LN2019060000228,LDO20200000740,10,2020-04-28,04:25:58,1986.09,Debit,Completed,,Loan Payment - LN2019060000228,False,,0.94,,Automated,Home Loan,standard_payment,False,loan_payment_generator,False,
TXNL202000001316,ACC0009190,IND19012029,LN2019060000230,LDO20200000741,10,2020-04-18,02:28:31,2326.1,Debit,Completed,,Loan Payment - LN2019060000230,False,,1.07,,Automated,Vehicle Loan,standard_payment,False,loan_payment_generator,False,
TXNL202000001317,ACC0009487,IND19007401,LN2019060000233,LDO20200000151,10,2020-04-30,04:03:29,6112.05,Debit,Completed,,Loan Payment - LN2019060000233,False,,1.54,,Automated,Vehicle Loan,standard_payment,False,loan_payment_generator,False,
TXNL202000001318,ACC0009866,COM19000090,LN2019060000240,LDO20200000742,10,2020-04-26,04:58:13,36981.06,Debit,Completed,,Loan Payment - LN2019060000240,False,,1.15,,Automated,Business Loan,standard_payment,False,loan_payment_generator,False,
TXNL202000001319,ACC0009656,IND19008180,LN2019060000244,LDO20200000152,10,2020-04-19,03:31:08,983.14,Debit,Failed,insufficient_funds,Loan Payment - LN2019060000244,False,,0.24,,Automated,Personal Loan,standard_payment,False,loan_payment_generator,False,
TXNL202000001320,ACC0008840,IND19011953,LN2019060000247,LDO20200000153,9,2020-04-05,02:54:11,875.62,Debit,Completed,,Loan Payment - LN2019060000247,False,,1.66,,Automated,Home Loan,standard_payment,False,loan_payment_generator,False,
TXNL202000001321,ACC0009553,IND19013623,LN2019060000267,LDO20200000744,10,2020-04-21,02:02:03,1776.48,Debit,Completed,,Loan Payment - LN2019060000267,False,,1.84,,Automated,Home Loan,standard_payment,False,loan_payment_generator,False,
TXNL202000001322,ACC0009259,IND19001862,LN2019060000280,LDO20200000154,10,2020-04-25,04:11:16,1520.75,Debit,Completed,,Loan Payment - LN2019060000280,False,,0.72,,Automated,Personal Loan,standard_payment,False,loan_payment_generator,False,
TXNL202000001323,ACC0009271,IND19015803,LN2019060000296,LDO20200000745,9,2020-04-01,02:19:53,2111.07,Debit,Completed,,Loan Payment - LN2019060000296,False,,0.17,,Automated,Home Loan,standard_payment,False,loan_payment_generator,False,
TXNL202000001324,ACC0008755,IND19006330,LN2019060000297,LDO20200000746,9,2020-04-03,03:36:31,1124.43,Debit,Completed,,Loan Payment - LN2019060000297,False,,0.76,,Automated,Vehicle Loan,standard_payment,False,loan_payment_generator,False,
TXNL202000001325,ACC0009156,IND19010093,LN2019060000298,LDO20200000747,10,2020-04-21,03:48:41,1863.63,Debit,Completed,,Loan Payment - LN2019060000298,False,,0.79,,Automated,Personal Loan,standard_payment,False,loan_payment_generator,False,
TXNL202000001326,ACC0009102,IND19013392,LN2019060000302,LDO20200000748,9,2020-04-05,03:27:02,633.19,Debit,Completed,,Loan Payment - LN2019060000302,False,,1.4,,Automated,Vehicle Loan,standard_payment,False,loan_payment_generator,False,
TXNL202000001327,ACC0009057,IND19018197,LN2019060000316,LDO20200000332,10,2020-04-14,04:41:43,3448.94,Debit,Completed,,Loan Payment - LN2019060000316,False,,1.15,,Automated,Personal Loan,standard_payment,False,loan_payment_generator,True,amount_rounding_error
TXNL202000001328,ACC0009163,IND19005213,LN2019060000322,LDO20200000749,10,2020-04-17,02:40:44,2564.82,Debit,Completed,,Loan Payment - LN2019060000322,False,,0.48,,Automated,Personal Loan,standard_payment,False,loan_payment_generator,False,
TXNL202000001329,ACC0009852,COM19000118,LN2019060000327,LDO20200000333,10,2020-04-30,03:12:45,11424.39,Debit,Completed,,Loan Payment - LN2019060000327,False,,0.37,,Automated,Business Loan,standard_payment,False,loan_payment_generator,False,
TXNL202000001330,ACC0009868,COM19000104,LN2019060000329,LDO20200000750,10,2020-04-20,02:43:55,15123.13,Debit,Completed,,Loan Payment - LN2019060000329,False,,0.67,,Automated,Business Loan,standard_payment,False,loan_payment_generator,False,
TXNL202000001331,ACC0009825,IND19017768,LN2019060000332,LDO20200000334,9,2020-04-06,03:16:42,3900.31,Debit,Completed,,Loan Payment - LN2019060000332 - Extra Principal,False,,0.41,,Automated,Vehicle Loan,extra_payment,False,loan_payment_generator,False,
TXNL202000001332,ACC0008597,IND19003386,LN2019060000338,LDO20200000751,9,2020-04-06,04:19:25,2078.41,Debit,Completed,,Loan Payment - LN2019060000338 - Late Fee,False,,0.11,,Automated,Vehicle Loan,late_payment,False,loan_payment_generator,False,
TXNL202000001333,ACC0009626,IND19009544,LN2019060000340,LDO20200000155,10,2020-04-17,02:27:48,427.4,Debit,Completed,,Loan Payment - LN2019060000340,False,,0.33,,Automated,Home Loan,standard_payment,False,loan_payment_generator,False,
TXNL202000001334,ACC0008711,IND19016560,LN2019060000351,LDO20200000335,10,2020-04-28,02:07:40,671.37,Debit,Completed,,Loan Payment - LN2019060000351,False,,1.21,,Automated,Home Loan,standard_payment,False,loan_payment_generator,False,
TXNL202000001335,ACC0009673,IND19009993,LN2019060000357,LDO20200000336,10,2020-04-27,03:43:24,2441.91,Debit,Completed,,Loan Payment - LN2019060000357,False,,1.39,,Automated,Personal Loan,standard_payment,False,loan_payment_generator,False,
TXNL202000001336,ACC0009256,IND19010370,LN2019060000358,LDO20200000337,10,2020-04-20,04:24:52,2728.72,Debit,Cancelled,customer_stop_instruction,Loan Payment - LN2019060000358,False,,1.99,,Automated,Home Loan,standard_payment,False,loan_payment_generator,False,
TXNL202000001337,ACC0009050,IND19006126,LN2019060000371,LDO20200000752,9,2020-04-05,03:49:38,1526.18,Debit,Completed,,Loan Payment - LN2019060000371,False,,1.04,,Automated,Home Loan,standard_payment,False,loan_payment_generator,False,
TXNL202000001338,ACC0009224,IND19007532,LN2019060000373,LDO20200000753,10,2020-04-25,03:49:07,1382.86,Debit,Failed,insufficient_funds,Loan Payment - LN2019060000373,False,,0.35,,Automated,Personal Loan,standard_payment,False,loan_payment_generator,False,
TXNL202000001339,ACC0009227,IND19007921,LN2019060000384,LDO20200000754,9,2020-04-05,03:00:57,2534.72,Debit,Completed,,Loan Payment - LN2019060000384,False,,1.85,,Automated,Personal Loan,standard_payment,False,loan_payment_generator,False,
TXNL202000001340,ACC0009619,IND19010866,LN2019060000389,LDO20200000338,10,2020-04-26,02:41:32,14298.5,Debit,Completed,,Loan Payment - LN2019060000389,False,,1.71,,Automated,Personal Loan,standard_payment,False,loan_payment_generator,False,
TXNL202000001341,ACC0009577,IND19014395,LN2019060000392,LDO20200000755,10,2020-04-27,03:15:11,1333.71,Debit,Failed,insufficient_funds,Loan Payment - LN20190600...,False,,1.47,,Automated,Vehicle Loan,late_payment,False,loan_payment_generator,True,truncated_description
TXNL202000001342,ACC0008907,IND19008512,LN2019060000394,LDO20200000756,10,2020-04-14,04:42:36,3633.65,Debit,Completed,,Loan Payment - LN2019060000394,False,,1.88,,Automated,Vehicle Loan,standard_payment,False,loan_payment_generator,False,
TXNL202000001343,ACC0008731,IND19002059,LN2019060000400,LDO20200000757,10,2020-04-22,02:58:24,768.05,Debit,Completed,,Loan Payment - LN2019060000400,False,,0.89,,Automated,Vehicle Loan,standard_payment,False,loan_payment_generator,False,
TXNL202000001344,ACC0008433,IND19008662,LN2019060000408,LDO20200000339,10,2020-04-24,04:14:54,1151.91,Debit,Completed,,Loan Payment - LN2019060000408,False,,1.01,,Automated,Home Loan,standard_payment,False,loan_payment_generator,False,
TXNL202000001345,ACC0008473,IND19002141,LN2019060000411,LDO20200000758,10,2020-04-18,03:21:08,1410.26,Debit,Completed,,Loan Payment - LN2019060000411,False,,0.97,,Automated,Vehicle Loan,standard_payment,False,loan_payment_generator,False,
TXNL202000001346,ACC0008409,IND19009601,LN2019060000419,LDO20200000759,10,2020-04-27,02:15:49,279.29,Debit,Completed,,Loan Payment - LN2019060000419,False,,1.74,,Automated,Home Loan,standard_payment,False,loan_payment_generator,False,
TXNL202000001347,ACC0009399,IND19004604,LN2019060000422,LDO20200000760,10,2020-04-15,04:51:31,1473.8,Debit,Completed,,Loan Payment - LN2019060000422,False,,1.78,,Automated,Home Loan,standard_payment,False,loan_payment_generator,False,
TXNL202000001348,ACC0008598,IND19010988,LN2019060000427,LDO20200000156,10,2020-04-18,04:14:34,6277.2,Debit,Completed,,Loan Payment - LN2019060000427,False,,1.04,,Automated,Personal Loan,standard_payment,False,loan_payment_generator,False,
TXNL202000001349,ACC0008696,IND19000326,LN2019060000454,LDO20200000340,9,2020-04-01,03:10:39,2340.96,Debit,Completed,,Loan Payment - LN2019060000454,False,,1.17,,Automated,Vehicle Loan,standard_payment,False,loan_payment_generator,False,
TXNL202000001350,ACC0009301,IND19009701,LN2019060000455,LDO20200000761,10,2020-04-22,04:36:43,1953.44,Debit,Completed,,Loan Payment - LN2019060000455,False,,1.92,,Automated,Vehicle Loan,standard_payment,False,loan_payment_generator,False,
TXNL202000001351,ACC0009335,IND19012989,LN2019060000456,LDO20200000762,9,2020-04-04,04:44:50,2408.16,Debit,Completed,,Loan Payment - LN2019060000456,False,,0.49,,Automated,Home Loan,standard_payment,False,loan_payment_generator,False,
TXNL202000001352,ACC0009552,IND19015536,LN2019060000461,LDO20200000341,10,2020-04-26,04:48:59,2626.39,Debit,Completed,,Loan Payment - LN2019060000461,False,,1.4,,Automated,Vehicle Loan,standard_payment,False,loan_payment_generator,False,
TXNL202000001353,ACC0008883,IND19008126,LN2019060000469,LDO20200000063,9,2020-04-01,04:35:23,4080.28,Debit,Completed,,Loan Payment - LN2019060000469,False,,0.95,,Automated,Vehicle Loan,standard_payment,False,loan_payment_generator,False,
TXNL202000001354,ACC0009504,IND19001754,LN2019060000472,LDO20200000342,9,2020-04-08,04:13:19,3102.17,Debit,Completed,,Loan Payment - LN2019060000472,False,,0.1,,Automated,Vehicle Loan,standard_payment,False,loan_payment_generator,False,
TXNL202000001355,ACC0009137,IND19015949,LN2019060000476,LDO20200000763,10,2020-04-13,02:40:31,1197.83,Debit,Completed,,Loan Payment - LN2019060000476,False,,1.55,,Automated,Home Loan,standard_payment,False,loan_payment_generator,False,
TXNL202000001356,ACC0008384,IND19009055,LN2019060000483,LDO20200000343,10,2020-04-26,04:05:43,2894.57,Debit,Completed,,Loan Payment - LN2019060000483,False,,0.55,,Automated,Home Loan,standard_payment,False,loan_payment_generator,False,
TXNL202000001357,ACC0009854,COM19000322,LN2019060000484,,9,2020-04-05,02:57:23,13747.95,Debit,Completed,,Loan Payment - LN2019060000484,False,,2.5,,Automated,Business Loan,standard_payment,False,loan_payment_generator,False,
TXNL202000001358,ACC0009164,IND19003896,LN2019060000499,LDO20200000344,9,2020-04-08,03:39:18,1309.59,Debit,Completed,,Loan Payment - LN2019060000499,False,,0.34,,Automated,Home Loan,standard_payment,False,loan_payment_generator,False,
TXNL202000001359,ACC0008375,IND19003179,LN2019060000517,LDO20200000345,9,2020-04-08,02:36:13,1095.51,Debit,Completed,,Loan Payment - LN2019060000517,False,,1.37,,Automated,Home Loan,standard_payment,False,loan_payment_generator,False,
TXNL202000001360,ACC0008767,IND19008285,LN2019060000521,LDO20200000157,10,2020-04-20,03:04:24,2918.6,Debit,Completed,,Loan Payment - LN2019060000521,False,,0.99,,Automated,Personal Loan,standard_payment,False,loan_payment_generator,False,
TXNL202000001361,ACC0009192,IND19014229,LN2019060000522,LDO20200000764,10,2020-04-20,04:37:12,1062.18,Debit,Completed,,Loan Payment - LN2019060000522,False,,1.67,,Automated,Home Loan,standard_payment,False,loan_payment_generator,False,
TXNL202000001362,ACC0008800,IND19005792,LN2019060000532,LDO20200000765,10,2020-04-24,04:38:29,2370.0,Debit,Completed,,Loan Payment - LN2019060000532,False,,1.94,,Automated,Personal Loan,standard_payment,False,loan_payment_generator,False,
TXNL202000001363,ACC0009843,COM19000096,LN2019060000535,LDO20200000766,10,2020-04-17,03:57:16,44563.69,Debit,Completed,,Loan Payment - LN2019060000535,False,,1.96,,Automated,Business Loan,standard_payment,False,loan_payment_generator,False,
TXNL202000001364,ACC0009370,IND19002893,LN2019060000543,LDO20200000767,10,2020-04-29,04:34:30,2876.12,Debit,Completed,,Loan Payment - LN2019060000543,False,,0.12,,Automated,Vehicle Loan,standard_payment,False,loan_payment_generator,False,
TXNL202000001365,ACC0008867,IND19003343,LN2019060000544,LDO20200000346,10,2020-04-22,03:17:40,2359.94,Debit,Cancelled,customer_stop_instruction,Loan Payment - LN2019060000544,False,,1.5,,Automated,Vehicle Loan,standard_payment,False,loan_payment_generator,False,
TXNL202000001366,ACC0008873,IND19003100,LN2019060000549,LDO20200000158,10,2020-04-19,03:36:05,2213.16,Debit,Completed,,Loan Payment - LN2019060000549,False,,0.34,,Automated,Home Loan,standard_payment,False,loan_payment_generator,False,
TXNL202000001367,ACC0008900,IND19007746,LN2019060000551,,10,2020-04-23,04:33:01,3375.28,Debit,Completed,,Loan Payment - LN2019060000551,False,,2.5,,Automated,Home Loan,standard_payment,False,loan_payment_generator,False,
TXNL202000001368,ACC0008368,IND19001827,LN2019060000552,LDO20200000347,10,2020-04-28,03:26:41,2065.95,Debit,Completed,,Loan Payment - LN2019060000552,False,,0.56,,Automated,Home Loan,standard_payment,False,loan_payment_generator,False,
TXNL202000001369,ACC0009794,IND19012747,LN2019060000572,LDO20200000348,10,2020-04-30,04:35:06,700.1,Debit,Completed,,Loan Payment - LN2019060000572,False,,2.0,,Automated,Home Loan,standard_payment,False,loan_payment_generator,False,
TXNL202000001370,ACC0009213,IND19000700,LN2019060000574,LDO20200000768,10,2020-04-20,04:41:05,981.64,Debit,Cancelled,customer_stop_instruction,Loan Payment - LN2019060000574,False,,1.55,,Automated,Home Loan,standard_payment,False,loan_payment_generator,False,
TXNL202000001371,ACC0009388,IND19001269,LN2019060000575,LDO20200000769,9,2020-04-01,02:56:59,5372.61,Debit,Completed,,Loan Payment - LN2019060000575,False,,0.58,,Automated,Home Loan,standard_payment,False,loan_payment_generator,False,
TXNL202000001372,ACC0008447,IND19014110,LN2019060000577,LDO20200000770,10,2020-04-18,04:07:48,2190.35,Debit,Failed,mandate_limit,Loan Payment - LN2019060000577,False,,1.67,,Automated,Personal Loan,standard_payment,False,loan_payment_generator,False,
TXNL202000001373,ACC0009561,IND19009379,LN2019060000581,LDO20200000349,10,2020-04-24,04:59:29,7180.37,Debit,Completed,,Loan Payment - LN2019060000581,False,,0.82,,Automated,Vehicle Loan,standard_payment,False,loan_payment_generator,False,
TXNL202000001374,ACC0008875,IND19005222,LN2019060000582,LDO20200000350,10,2020-04-26,04:09:35,1440.17,Debit,Completed,,Loan Payment - LN2019060000582,False,,0.61,,Automated,Home Loan,standard_payment,False,loan_payment_generator,False,
TXNL202000001375,ACC0009194,IND19001245,LN2019060000596,LDO20200000771,10,2020-04-19,03:35:43,2674.06,Debit,Completed,,Loan Payment - LN2019060000596 - Late Fee,False,,0.33,,Automated,Vehicle Loan,late_payment,False,loan_payment_generator,False,
TXNL202000001376,ACC0008779,IND19018337,LN2019060000609,LDO20200000772,10,2020-04-16,02:25:56,3172.16,Debit,Completed,,Loan Payment - LN20190600...,False,,1.6,,Automated,Personal Loan,standard_payment,False,loan_payment_generator,True,truncated_description
TXNL202000001377,ACC0008815,IND19009525,LN2019060000614,LDO20200000351,10,2020-04-28,02:55:57,567.62,Debit,Completed,,Loan Payment - LN2019060000614,False,,0.75,,Automated,Vehicle Loan,standard_payment,False,loan_payment_generator,False,
TXNL202000001378,ACC0009030,IND19001320,LN2019060000636,,10,2020-04-19,02:03:18,7107.64,Debit,Completed,,Loan Payment - LN2019060000636,False,,2.5,,Automated,Home Loan,standard_payment,False,loan_payment_generator,False,
TXNL202000001379,ACC0009631,IND19003016,LN2019060000637,LDO20200000773,9,2020-04-05,04:26:34,3170.7,Debit,Completed,,Loan Payment - LN2019060000637,False,,0.23,,Automated,Home Loan,standard_payment,False,loan_payment_generator,False,
TXNL202000001380,ACC0009398,IND19017640,LN2019060000650,LDO20200000064,10,2020-04-22,02:48:33,3803.07,Debit,Completed,,Loan Payment - LN2019060000650,False,,1.58,,Automated,Home Loan,standard_payment,False,loan_payment_generator,False,
TXNL202000001381,ACC0008603,IND19001610,LN2019060000653,LDO20200000774,10,2020-04-14,03:41:07,1475.75,Debit,Completed,,Loan Payment - LN2019060000653,False,,0.27,,Automated,Home Loan,standard_payment,False,loan_payment_generator,False,
TXNL202000001382,ACC0008599,IND19005041,LN2019060000667,LDO20200000352,10,2020-04-30,04:48:45,8208.38,Debit,Completed,,Loan Payment - LN2019060000667,False,,0.69,,Automated,Personal Loan,standard_payment,False,loan_payment_generator,False,
TXNL202000001383,ACC0008796,IND19011873,LN2019060000668,LDO20200000353,10,2020-04-26,03:30:44,1319.11,Debit,Completed,,Loan Payment - LN2019060000668 - Partial,False,,0.91,,Automated,Personal Loan,partial_payment,False,loan_payment_generator,False,
TXNL202000001384,ACC0009145,IND19016906,LN2019060000669,LDO20200000775,10,2020-04-24,02:45:43,2038.75,Debit,Completed,,Loan Payment - LN2019060000669,False,,0.91,,Automated,Vehicle Loan,standard_payment,False,loan_payment_generator,False,
TXNL202000001385,ACC0008920,IND19002726,LN2019060000673,LDO20200000029,9,2020-04-04,04:23:57,6403.37,Debit,Completed,,Loan Payment - LN2019060000673,False,,1.21,,Automated,Personal Loan,standard_payment,False,loan_payment_generator,False,
TXNL202000001386,ACC0009223,IND19001935,LN2019060000680,LDO20200000776,10,2020-04-29,04:08:59,5113.51,Debit,Completed,,Loan Payment - LN2019060000680,False,,0.63,,Automated,Home Loan,standard_payment,False,loan_payment_generator,False,
TXNL202000001387,ACC0008470,IND19006205,LN2019060000686,LDO20200000777,10,2020-04-29,02:03:22,19372.48,Debit,Completed,,Loan Payment - LN2019060000686 - Extra Principal,False,,0.96,,Automated,Personal Loan,extra_payment,False,loan_payment_generator,False,
TXNL202000001388,ACC0009209,IND19017865,LN2019060000691,LDO20200000778,10,2020-04-21,04:04:27,1486.16,Debit,Completed,,Loan Payment - LN2019060000691 - Partial,False,,0.25,,Automated,Home Loan,partial_payment,False,loan_payment_generator,False,
TXNL202000001389,ACC0009641,IND19012150,LN2019060000697,LDO20200000159,9,2020-04-04,02:17:59,2357.78,Debit,Completed,,Loan Payment - LN2019060000697,False,,0.13,,Automated,Personal Loan,standard_payment,False,loan_payment_generator,False,
TXNL202000001390,ACC0008989,IND19001630,LN2019060000698,LDO20200000779,10,2020-04-26,04:40:00,1165.3,Debit,Completed,,Loan Payment - LN2019060000698,False,,1.44,,Automated,Home Loan,standard_payment,False,loan_payment_generator,False,
TXNL202000001391,ACC0009161,IND19003750,LN2019060000722,LDO20200000780,9,2020-04-09,04:02:35,3580.76,Debit,Completed,,Loan Payment - LN2019060000722,False,,1.89,,Automated,Personal Loan,standard_payment,False,loan_payment_generator,False,
TXNL202000001392,ACC0008641,IND19000825,LN2019060000725,LDO20200000781,10,2020-04-16,02:02:51,1536.25,Debit,Completed,,Loan Payment - LN2019060000725,False,,0.99,,Automated,Home Loan,standard_payment,False,loan_payment_generator,False,
TXNL202000001393,ACC0009032,IND19009032,LN2019060000727,LDO20200000030,9,2020-04-06,03:34:37,1760.83,Debit,Completed,,Loan Payment - LN2019060000727 - Extra Principal,False,,0.73,,Automated,Home Loan,extra_payment,False,loan_payment_generator,False,
TXNL202000001394,ACC0009396,IND19000153,LN2019060000741,LDO20200000782,9,2020-04-02,03:38:07,2803.44,Debit,Completed,,Loan Payment - LN2019060000741 - Late Fee,False,,0.81,,Automated,Vehicle Loan,late_payment,False,loan_payment_generator,False,
TXNL202000001395,ACC0008937,IND19008259,LN2019060000750,LDO20200000354,9,2020-04-02,04:22:08,3722.29,Debit,Completed,,Loan Payment - LN2019060000750,False,,0.66,,Automated,Home Loan,standard_payment,False,loan_payment_generator,False,
TXNL202000001396,ACC0009716,IND19014329,LN2019060000773,LDO20200000355,10,2020-04-26,03:13:54,1432.96,Debit,Failed,insufficient_funds,Loan Payment - LN2019060000773,False,,1.63,,Automated,Home Loan,standard_payment,False,loan_payment_generator,False,
TXNL202000001397,ACC0009087,IND19005120,LN2019060000776,LDO20200000783,10,2020-04-23,03:54:05,494.56,Debit,Completed,,Loan Payment - LN2019060000776,False,,1.94,,Automated,Home Loan,standard_payment,False,loan_payment_generator,False,
TXNL202000001398,ACC0009084,IND19007080,LN2019060000778,LDO20200000784,10,2020-04-20,03:19:36,3083.02,Debit,Failed,mandate_limit,Loan Payment - LN2019060000778,False,,0.74,,Automated,Home Loan,standard_payment,False,loan_payment_generator,False,
TXNL202000001399,ACC0009839,IND19002691,LN2019060000784,LDO20200000785,10,2020-04-28,04:26:03,1248.78,Debit,Completed,,Loan Payment - LN2019060000784,False,,0.5,,Automated,Vehicle Loan,standard_payment,False,loan_payment_generator,False,
TXNL202000001400,ACC0008410,IND19004332,LN2019060000793,LDO20200000786,10,2020-04-14,04:11:58,1631.89,Debit,Completed,,Loan Payment - LN2019060000793 - Late Fee,False,,0.81,,Automated,Home Loan,late_payment,False,loan_payment_generator,False,
TXNL202000001401,ACC0009748,IND19007544,LN2019060000799,LDO20200000356,9,2020-04-04,02:31:32,603.12,Debit,Completed,,Loan Payment - LN2019060000799,False,,0.05,,Automated,Home Loan,standard_payment,False,loan_payment_generator,False,
TXNL202000001402,ACC0008969,IND19008111,LN2019060000805,LDO20200000357,10,2020-04-09,03:53:54,2578.88,Debit,Completed,,Loan Payment - LN2019060000805,False,,1.44,,Automated,Personal Loan,standard_payment,False,loan_payment_generator,False,
TXNL202000001403,ACC0008793,IND19008017,LN2019060000806,LDO20200000787,10,2020-04-28,02:56:16,225.01,Debit,Completed,,Loan Payment - LN2019060000806,False,,1.82,,Automated,Home Loan,standard_payment,False,loan_payment_generator,False,
TXNL202000001404,ACC0009343,IND19012867,LN2019060000810,LDO20200000358,9,2020-04-04,03:23:20,329.45,Debit,Completed,,Loan Payment - LN2019060000810,False,,0.91,,Automated,Home Loan,standard_payment,False,loan_payment_generator,False,
TXNL202000001405,ACC0009757,IND19000312,LN2019060000827,LDO20200000359,10,2020-04-28,02:43:14,2630.46,Debit,Completed,,Loan Payment - LN2019060000827,False,,1.95,,Automated,Home Loan,standard_payment,False,loan_payment_generator,False,
TXNL202000001406,ACC0009142,IND19017297,LN2019060000831,LDO20200000160,10,2020-04-25,03:48:20,484.07,Debit,Completed,,Loan Payment - LN2019060000831 - Partial,False,,0.64,,Automated,Home Loan,partial_payment,False,loan_payment_generator,False,
TXNL202000001407,ACC0009400,IND19016913,LN2019060000836,LDO20200000788,10,2020-04-14,02:10:43,904.43,Debit,Failed,mandate_limit,Loan Payment - LN2019060000836,False,,1.84,,Automated,Vehicle Loan,standard_payment,False,loan_payment_generator,False,
TXNL202000001408,ACC0009855,COM19000246,LN2019060000845,LDO20200000065,10,2020-04-10,03:44:26,5841.69,Debit,Completed,,Loan Payment - LN2019060000845,False,,0.76,,Automated,Business Loan,standard_payment,False,loan_payment_generator,False,
TXNL202000001409,ACC0008827,IND19010355,LN2019060000850,LDO20200000789,10,2020-04-27,03:04:03,2027.12,Debit,Completed,,Loan Payment - LN2019060000850,False,,1.39,,Automated,Vehicle Loan,standard_payment,False,loan_payment_generator,True,amount_rounding_error
TXNL202000001410,ACC0009731,IND19002518,LN2019060000860,LDO20200000790,10,2020-04-21,02:10:15,6046.17,Debit,Completed,,Loan Payment - LN2019060000860,False,,0.92,,Automated,Personal Loan,standard_payment,False,loan_payment_generator,False,
TXNL202000001411,ACC0009601,IND19003617,LN2019060000862,LDO20200000360,10,2020-04-25,02:35:23,1560.14,Debit,Completed,,Loan Payment - LN2019060000862,False,,0.45,,Automated,Home Loan,standard_payment,False,loan_payment_generator,False,
TXNL202000001412,ACC0009371,IND19015806,LN2019060000863,LDO20200000791,10,2020-04-22,02:43:35,6260.75,Debit,Completed,,Loan Payment - LN2019060000863,False,,1.62,,Automated,Personal Loan,standard_payment,False,loan_payment_generator,False,
TXNL202000001413,ACC0008958,IND19004520,LN2019060000864,LDO20200000361,10,2020-04-25,02:34:58,1349.41,Debit,Completed,,Loan Payment - LN2019060000864,False,,1.86,,Automated,Vehicle Loan,standard_payment,False,loan_payment_generator,False,
TXNL202000001414,ACC0008976,IND19003578,LN2019060000868,LDO20200000161,10,2020-04-14,03:58:05,2626.48,Debit,Completed,,Loan Payment - LN2019060000868,False,,1.39,,Automated,Home Loan,standard_payment,False,loan_payment_generator,False,
TXNL202000001415,ACC0008803,IND19010499,LN2019060000873,LDO20200000162,10,2020-04-27,04:57:52,1999.29,Debit,Completed,,Loan Payment - LN2019060000873,False,,1.87,,Automated,Vehicle Loan,standard_payment,False,loan_payment_generator,False,
TXNL202000001416,ACC0008593,IND19001836,LN2019060000878,LDO20200000792,9,2020-04-04,03:58:29,4707.32,Debit,Failed,insufficient_funds,Loan Payment - LN2019060000878,False,,1.15,,Automated,Personal Loan,standard_payment,False,loan_payment_generator,False,
TXNL202000001417,ACC0008511,IND19018038,LN2019060000879,LDO20200000362,9,2020-04-06,02:14:20,3268.63,Debit,Completed,,Loan Payment - LN2019060000879,False,,1.04,,Automated,Personal Loan,standard_payment,False,loan_payment_generator,False,
TXNL202000001418,ACC0009408,IND19015381,LN2019060000881,LDO20200000793,10,2020-04-13,02:46:04,332.74,Debit,Completed,,Loan Payment - LN2019060000881,False,,0.53,,Automated,Home Loan,standard_payment,False,loan_payment_generator,False,
TXNL202000001419,ACC0009211,IND19016817,LN2019060000883,LDO20200000363,10,2020-04-18,03:35:12,741.97,Debit,Completed,,Loan Payment - LN2019060000883,False,,1.7,,Automated,Home Loan,standard_payment,False,loan_payment_generator,False,
TXNL202000001420,ACC0009623,IND19009069,LN2019060000900,LDO20200000066,10,2020-04-08,03:01:52,2821.57,Debit,Completed,,Loan Payment - LN2019060000900,False,,0.28,,Automated,Home Loan,standard_payment,False,loan_payment_generator,False,
TXNL202000001421,ACC0009328,IND19010758,LN2019060000904,LDO20200000163,10,2020-04-15,04:16:46,1795.88,Debit,Completed,,Loan Payment - LN20190600...,False,,0.05,,Automated,Vehicle Loan,standard_payment,False,loan_payment_generator,True,truncated_description
TXNL202000001422,ACC0009027,IND19009484,LN2019060000906,LDO20200000364,10,2020-04-21,02:21:05,2084.79,Debit,Completed,,Loan Payment - LN2019060000906,False,,1.06,,Automated,Home Loan,standard_payment,False,loan_payment_generator,False,
TXNL202000001423,ACC0009850,COM19000321,LN2019060000917,LDO20200000365,10,2020-04-20,04:55:02,3551.57,Debit,Failed,account_blocked,Loan Payment - LN20190600...,False,,0.16,,Automated,Business Loan,standard_payment,False,loan_payment_generator,True,truncated_description
TXNL202000001424,ACC0009713,IND19010198,LN2019060000918,LDO20200000366,10,2020-04-23,03:15:39,476.28,Debit,Completed,,Loan Payment - LN2019060000918,False,,0.85,,Automated,Home Loan,standard_payment,False,loan_payment_generator,False,
TXNL202000001425,ACC0008572,IND19014873,LN2019060000920,LDO20200000031,10,2020-04-13,02:29:16,2779.8,Debit,Completed,,Loan Payment - LN2019060000920,False,,1.52,,Automated,Personal Loan,standard_payment,False,loan_payment_generator,False,
TXNL202000001426,ACC0008776,IND19004547,LN2019060000929,LDO20200000794,10,2020-04-08,03:17:36,5199.1,Debit,Completed,,Loan Payment - LN2019060000929,False,,0.33,,Automated,Vehicle Loan,standard_payment,False,loan_payment_generator,False,
TXNL202000001427,ACC0008821,IND19013443,LN2019060000935,LDO20200000795,10,2020-04-27,03:42:02,2001.0,Debit,Completed,,Loan Payment - LN2019060000935,False,,0.81,,Automated,Home Loan,standard_payment,False,loan_payment_generator,False,
TXNL202000001428,ACC0009515,IND19012916,LN2019060000939,LDO20200000367,10,2020-04-25,02:18:41,2480.2,Debit,Completed,,Loan Payment - LN2019060000939,False,,1.56,,Automated,Home Loan,standard_payment,False,loan_payment_generator,False,
TXNL202000001429,ACC0009546,IND19007827,LN2019060000940,LDO20200000164,9,2020-04-04,02:44:13,2386.08,Debit,Completed,,Loan Payment - LN2019060000940,False,,1.22,,Automated,Vehicle Loan,standard_payment,False,loan_payment_generator,False,
TXNL202000001430,ACC0009512,IND19008009,LN2019060000941,LDO20200000165,9,2020-04-04,04:29:30,1709.79,Debit,Completed,,Loan Payment - LN2019060000941,False,,0.7,,Automated,Vehicle Loan,standard_payment,False,loan_payment_generator,False,
TXNL202000001431,ACC0009481,IND19002659,LN2019060000955,LDO20200000796,10,2020-04-14,03:31:24,885.78,Debit,Completed,,Loan Payment - LN2019060000955,False,,1.77,,Automated,Home Loan,standard_payment,False,loan_payment_generator,False,
TXNL202000001432,ACC0008936,IND19008259,LN2019060000959,LDO20200000797,10,2020-04-30,02:12:14,5904.42,Debit,Completed,,Loan Payment - LN2019060000959,False,,1.48,,Automated,Home Loan,standard_payment,False,loan_payment_generator,False,
TXNL202000001433,ACC0008817,IND19014131,LN2019060000961,LDO20200000368,10,2020-04-17,03:18:22,2366.99,Debit,Failed,bank_timeout,Loan Payment - LN2019060000961 - Late Fee,False,,1.09,,Automated,Vehicle Loan,late_payment,False,loan_payment_generator,False,
TXNL202000001434,ACC0008542,IND19011467,LN2019060000973,LDO20200000798,10,2020-04-24,04:14:46,2200.15,Debit,Completed,,Loan Payment - LN2019060000973,False,,0.68,,Automated,Personal Loan,standard_payment,False,loan_payment_generator,False,
TXNL202000001435,ACC0009684,IND19018010,LN2019060000975,LDO20200000799,10,2020-04-25,03:11:57,2275.2,Debit,Completed,,Loan Payment - LN2019060000975,False,,1.46,,Automated,Home Loan,standard_payment,False,loan_payment_generator,False,
TXNL202000001436,ACC0009110,IND19004574,LN2019060000996,LDO20200000067,9,2020-04-09,04:31:32,3395.58,Debit,Completed,,Loan Payment - LN2019060000996,False,,0.84,,Automated,Home Loan,standard_payment,False,loan_payment_generator,False,
TXNL202000001437,ACC0008991,IND19011653,LN2019060000999,LDO20200000800,10,2020-04-16,04:21:59,548.58,Debit,Completed,,Loan Payment - LN2019060000999,False,,1.15,,Automated,Vehicle Loan,standard_payment,False,loan_payment_generator,False,
TXNL202000001438,ACC0008990,IND19004746,LN2019060001000,LDO20200000801,10,2020-04-16,04:47:25,1734.24,Debit,Completed,,Loan Payment - LN2019060001000,False,,1.8,,Automated,Home Loan,standard_payment,False,loan_payment_generator,False,
TXNL202000001439,ACC0008714,IND19014922,LN2019060001008,LDO20200000369,10,2020-04-14,03:48:07,3367.35,Debit,Completed,,Loan Payment - LN2019060001008,False,,0.37,,Automated,Personal Loan,standard_payment,False,loan_payment_generator,False,
TXNL202000001440,ACC0009058,IND19014396,LN2019060001012,LDO20200000802,10,2020-04-17,03:48:27,1006.19,Debit,Completed,,Loan Payment - LN2019060001012 - Late Fee,False,,0.08,,Automated,Home Loan,late_payment,False,loan_payment_generator,False,
TXNL202000001441,ACC0009148,IND19017284,LN2019060001015,LDO20200000803,9,2020-04-04,02:52:07,2694.96,Debit,Completed,,Loan Payment - LN2019060001015,False,,1.57,,Automated,Vehicle Loan,standard_payment,False,loan_payment_generator,False,
TXNL202000001442,ACC0009847,COM19000235,LN2019060001036,LDO20200000804,10,2020-04-10,04:15:08,12573.7,Debit,Completed,,Loan Payment - LN2019060001036,False,,1.93,,Automated,Business Loan,standard_payment,False,loan_payment_generator,False,
TXNL202000001443,ACC0008656,IND19004261,LN2019060001037,LDO20200000166,10,2020-04-10,04:27:32,17568.64,Debit,Completed,,Loan Payment - LN2019060001037,False,,1.28,,Automated,Personal Loan,standard_payment,False,loan_payment_generator,False,
TXNL202000001444,ACC0009665,IND19011286,LN2019060001040,LDO20200000167,10,2020-04-27,04:11:27,2212.01,Debit,Completed,,Loan Payment - LN2019060001040,False,,1.9,,Automated,Vehicle Loan,standard_payment,False,loan_payment_generator,False,
TXNL202000001445,ACC0009042,IND19002747,LN2019060001043,LDO20200000168,10,2020-04-11,02:49:03,2575.31,Debit,Completed,,Loan Payment - LN2019060001043,False,,1.14,,Automated,Home Loan,standard_payment,False,loan_payment_generator,False,
TXNL202000001446,ACC0008636,IND19005072,LN2019060001046,LDO20200000370,10,2020-04-29,02:31:42,2783.47,Debit,Completed,,Loan Payment - LN2019060001046,False,,1.82,,Automated,Vehicle Loan,standard_payment,False,loan_payment_generator,False,
TXNL202000001447,ACC0008710,IND19012960,LN2019060001049,LDO20200000371,10,2020-04-30,04:37:41,201.67,Debit,Completed,,Loan Payment - LN2019060001049,False,,1.43,,Automated,Home Loan,standard_payment,False,loan_payment_generator,False,
TXNL202000001448,ACC0009444,IND19013712,LN2019060001063,LDO20200000372,10,2020-04-16,04:38:52,2046.23,Debit,Completed,,Loan Payment - LN20190600...,False,,0.3,,Automated,Vehicle Loan,standard_payment,False,loan_payment_generator,True,truncated_description
TXNL202000001449,ACC0008503,IND19002989,LN2019060001085,LDO20200000805,9,2020-04-02,03:29:28,671.4,Debit,Completed,,Loan Payment - LN2019060001085,False,,0.4,,Automated,Home Loan,standard_payment,False,loan_payment_generator,False,
TXNL202000001450,ACC0009066,IND19001825,LN2019060001088,LDO20200000806,10,2020-04-26,03:37:08,3381.1,Debit,Failed,mandate_limit,Loan Payment - LN2019060001088,False,,0.26,,Automated,Home Loan,standard_payment,False,loan_payment_generator,False,
TXNL202000001451,ACC0009499,IND19001400,LN2019060001093,LDO20200000807,9,2020-04-05,02:31:34,1090.26,Debit,Completed,,Loan Payment - LN2019060001093,False,,0.14,,Automated,Vehicle Loan,standard_payment,False,loan_payment_generator,False,
TXNL202000001452,ACC0009065,IND19001825,LN2019060001105,LDO20200000169,10,2020-04-18,03:16:56,2504.99,Debit,Completed,,Loan Payment - LN2019060001105,False,,0.85,,Automated,Personal Loan,standard_payment,False,loan_payment_generator,False,
TXNL202000001453,ACC0009830,IND19007707,LN2019060001116,LDO20200000809,9,2020-04-05,04:34:24,9173.23,Debit,Completed,,Loan Payment - LN2019060001116,False,,1.54,,Automated,Personal Loan,standard_payment,False,loan_payment_generator,False,
TXNL202000001454,ACC0009584,IND19015163,LN2019060001121,LDO20200000810,10,2020-04-19,02:14:06,1376.88,Debit,Completed,,Loan Payment - LN2019060001121,False,,0.01,,Automated,Personal Loan,standard_payment,False,loan_payment_generator,False,
TXNL202000001455,ACC0009699,IND19000761,LN2019060001124,LDO20200000811,10,2020-04-10,02:37:25,17384.13,Debit,Completed,,Loan Payment - LN2019060001124,False,,0.53,,Automated,Personal Loan,standard_payment,False,loan_payment_generator,False,
TXNL202000001456,ACC0008721,IND19007514,LN2019060001129,LDO20200000812,10,2020-04-25,04:52:14,1934.75,Debit,Completed,,Loan Payment - LN2019060001129,False,,1.5,,Automated,Vehicle Loan,standard_payment,False,loan_payment_generator,False,
TXNL202000001457,ACC0009108,IND19015050,LN2019060001130,LDO20200000813,10,2020-04-20,04:14:22,1692.21,Debit,Completed,,Loan Payment - LN2019060001130,False,,1.87,,Automated,Personal Loan,standard_payment,False,loan_payment_generator,False,
TXNL202000001458,ACC0009351,IND19013891,LN2019060001139,LDO20200000032,10,2020-04-16,02:35:48,1938.77,Debit,Completed,,Loan Payment - LN2019060001139,False,,1.11,,Automated,Vehicle Loan,standard_payment,False,loan_payment_generator,False,
TXNL202000001459,ACC0009477,IND19005919,LN2019060001150,LDO20200000814,10,2020-04-25,04:33:18,3568.69,Debit,Completed,,Loan Payment - LN2019060001150,False,,0.6,,Automated,Vehicle Loan,standard_payment,False,loan_payment_generator,False,
TXNL202000001460,ACC0008558,IND19015819,LN2019060001166,LDO20200000815,10,2020-04-10,04:01:12,7588.3,Debit,Completed,,Loan Payment - LN2019060001166,False,,1.35,,Automated,Vehicle Loan,standard_payment,False,loan_payment_generator,True,amount_rounding_error
TXNL202000001461,ACC0009260,IND19000979,LN2019060001169,LDO20200000373,10,2020-04-30,02:42:40,17578.52,Debit,Completed,,Loan Payment - LN2019060001169,False,,0.36,,Automated,Personal Loan,standard_payment,False,loan_payment_generator,False,
TXNL202000001462,ACC0008773,IND19008498,LN2019060001173,LDO20200000374,10,2020-04-22,03:05:18,655.59,Debit,Completed,,Loan Payment - LN2019060001173,False,,1.66,,Automated,Home Loan,standard_payment,False,loan_payment_generator,False,
TXNL202000001463,ACC0009254,IND19001905,LN2019060001193,LDO20200000816,10,2020-04-11,02:49:53,2315.42,Debit,Completed,,Loan Payment - LN2019060001193,False,,0.18,,Automated,Personal Loan,standard_payment,False,loan_payment_generator,False,
TXNL202000001464,ACC0008431,IND19003397,LN2019060001196,LDO20200000817,10,2020-04-15,02:26:03,1157.7,Debit,Completed,,Loan Payment - LN2019060001196,False,,1.43,,Automated,Personal Loan,standard_payment,False,loan_payment_generator,False,
TXNL202000001465,ACC0009243,IND19016435,LN2019060001199,LDO20200000818,10,2020-04-14,02:17:14,1247.59,Debit,Completed,,Loan Payment - LN2019060001199,False,,1.38,,Automated,Home Loan,standard_payment,False,loan_payment_generator,False,
TXNL202000001466,ACC0009595,IND19008595,LN2019060001202,LDO20200000819,10,2020-04-24,02:06:51,3943.48,Debit,Completed,,Loan Payment - LN2019060001202,False,,0.91,,Automated,Vehicle Loan,standard_payment,False,loan_payment_generator,False,
TXNL202000001467,ACC0008421,IND19002733,LN2019060001210,LDO20200000820,10,2020-04-26,04:37:29,5576.2,Debit,Completed,,Loan Payment - LN2019060001210,False,,1.26,,Automated,Vehicle Loan,standard_payment,False,loan_payment_generator,False,
TXNL202000001468,ACC0008839,IND19014890,LN2019060001215,LDO20200000170,10,2020-04-21,04:51:14,1922.35,Debit,Completed,,Loan Payment - LN2019060001215,False,,1.96,,Automated,Personal Loan,standard_payment,False,loan_payment_generator,False,
TXNL202000001469,ACC0009800,IND19011990,LN2019060001222,LDO20200000068,10,2020-04-29,02:57:16,8040.54,Debit,Completed,,Loan Payment - LN2019060001222,False,,0.22,,Automated,Personal Loan,standard_payment,False,loan_payment_generator,False,
TXNL202000001470,ACC0009389,IND19017085,LN2019060001243,LDO20200000069,9,2020-04-04,03:10:52,3133.86,Debit,Completed,,Loan Payment - LN2019060001243,False,,1.62,,Automated,Home Loan,standard_payment,False,loan_payment_generator,False,
TXNL202000001471,ACC0009578,IND19014351,LN2019060001251,LDO20200000375,10,2020-04-29,03:09:47,613.23,Debit,Completed,,Loan Payment - LN2019060001251,False,,1.25,,Automated,Personal Loan,standard_payment,False,loan_payment_generator,False,
TXNL202000001472,ACC0009350,IND19017205,LN2019060001253,LDO20200000821,9,2020-04-03,04:15:34,4418.14,Debit,Completed,,Loan Payment - LN2019060001253,False,,0.89,,Automated,Home Loan,standard_payment,False,loan_payment_generator,False,
TXNL202000001473,ACC0009120,IND19001492,LN2019060001254,LDO20200000376,10,2020-04-13,04:58:10,4253.69,Debit,Completed,,Loan Payment - LN2019060001254,False,,0.67,,Automated,Vehicle Loan,standard_payment,False,loan_payment_generator,False,
TXNL202000001474,ACC0008429,IND19011989,LN2019060001256,LDO20200000377,9,2020-04-02,03:36:49,1714.08,Debit,Completed,,Loan Payment - LN2019060001256,False,,1.24,,Automated,Home Loan,standard_payment,False,loan_payment_generator,False,
TXNL202000001475,ACC0009013,IND19005800,LN2019060001258,LDO20200000822,9,2020-04-03,04:03:35,1019.71,Debit,Completed,,Loan Payment - LN2019060001258,False,,1.28,,Automated,Home Loan,standard_payment,False,loan_payment_generator,False,
TXNL202000001476,ACC0008848,IND19016618,LN2019060001261,LDO20200000171,9,2020-04-05,02:25:46,5922.12,Debit,Completed,,Loan Payment - LN2019060001261 - Partial,False,,1.49,,Automated,Home Loan,partial_payment,False,loan_payment_generator,False,
TXNL202000001477,ACC0009793,IND19005101,LN2019060001265,LDO20200000823,10,2020-04-19,04:07:16,1373.34,Debit,Completed,,Loan Payment - LN2019060001265,False,,1.44,,Automated,Personal Loan,standard_payment,False,loan_payment_generator,False,
TXNL202000001478,ACC0008509,IND19006891,LN2019060001271,LDO20200000172,9,2020-04-05,02:00:51,762.61,Debit,Completed,,Loan Payment - LN2019060001271,False,,0.98,,Automated,Home Loan,standard_payment,False,loan_payment_generator,False,
TXNL202000001479,ACC0009750,IND19011527,LN2019060001272,LDO20200000824,9,2020-04-04,04:34:10,5798.11,Debit,Completed,,Loan Payment - LN2019060001272,False,,1.7,,Automated,Personal Loan,standard_payment,False,loan_payment_generator,False,
TXNL202000001480,ACC0009588,IND19005992,LN2019060001275,LDO20200000825,10,2020-04-11,03:11:03,1719.42,Debit,Completed,,Loan Payment - LN2019060001275,False,,0.54,,Automated,Home Loan,standard_payment,False,loan_payment_generator,False,
TXNL202000001481,ACC0009435,IND19009724,LN2019060001288,LDO20200000826,9,2020-04-05,02:01:49,1290.41,Debit,Completed,,Loan Payment - LN2019060001288,False,,1.07,,Automated,Home Loan,standard_payment,False,loan_payment_generator,False,
TXNL202000001482,ACC0009784,IND19004593,LN2019060001289,LDO20200000827,10,2020-04-18,02:59:09,895.53,Debit,Failed,bank_timeout,Loan Payment - LN2019060001289,False,,1.97,,Automated,Home Loan,standard_payment,False,loan_payment_generator,False,
TXNL202000001483,ACC0008847,IND19016618,LN2019060001293,LDO20200000828,9,2020-04-06,03:59:17,3987.72,Debit,Completed,,Loan Payment - LN2019060001293,False,,1.21,,Automated,Home Loan,standard_payment,False,loan_payment_generator,False,
TXNL202000001484,ACC0009878,COM19000156,LN2019060001295,LDO20200000829,10,2020-04-23,02:22:25,3805.78,Debit,Completed,,Loan Payment - LN2019060001295,False,,0.27,,Automated,Business Loan,standard_payment,False,loan_payment_generator,True,amount_rounding_error
TXNL202000001485,ACC0008539,IND19011613,LN2019060001297,LDO20200000173,10,2020-04-17,08:10:33,199.96,Debit,Completed,,Loan Payment - LN2019060001297,False,,1.34,,Automated,Home Loan,standard_payment,False,loan_payment_generator,True,timestamp_shift
TXNL202000001486,ACC0008517,IND19011991,LN2019060001300,LDO20200000378,10,2020-04-14,04:11:23,5184.46,Debit,Completed,,Loan Payment - LN2019060001300,False,,1.38,,Automated,Home Loan,standard_payment,False,loan_payment_generator,False,
TXNL202000001487,ACC0008633,IND19012853,LN2019060001311,LDO20200000379,10,2020-04-25,04:07:51,1454.15,Debit,Completed,,Loan Payment - LN2019060001311,False,,0.33,,Automated,Home Loan,standard_payment,False,loan_payment_generator,False,
TXNL202000001488,ACC0008777,IND19004547,LN2019060001319,LDO20200000830,10,2020-04-28,02:12:13,3298.26,Debit,Completed,,Loan Payment - LN2019060001319,False,,0.7,,Automated,Vehicle Loan,standard_payment,False,loan_payment_generator,False,
TXNL202000001489,ACC0008591,IND19004250,LN2019060001324,LDO20200000831,10,2020-04-20,02:57:38,3066.19,Debit,Completed,,Loan Payment - LN2019060001324,False,,1.82,,Automated,Home Loan,standard_payment,False,loan_payment_generator,False,
TXNL202000001490,ACC0009323,IND19000379,LN2019060001333,LDO20200000832,10,2020-04-28,04:36:18,2753.04,Debit,Completed,,Loan Payment - LN2019060001333,False,,1.95,,Automated,Personal Loan,standard_payment,False,loan_payment_generator,False,
TXNL202000001491,ACC0008801,IND19011682,LN2019060001340,LDO20200000833,10,2020-04-23,02:41:21,7025.73,Debit,Completed,,Loan Payment - LN2019060001340,False,,1.53,,Automated,Personal Loan,standard_payment,False,loan_payment_generator,False,
TXNL202000001492,ACC0009005,IND19016600,LN2019060001346,LDO20200000834,10,2020-04-26,04:50:43,920.24,Debit,Completed,,Loan Payment - LN2019060001346,False,,1.3,,Automated,Personal Loan,standard_payment,False,loan_payment_generator,False,
TXNL202000001493,ACC0008364,IND19001972,LN2019060001350,LDO20200000380,10,2020-04-20,02:10:51,378.02,Debit,Completed,,Loan Payment - LN2019060001350,False,,0.76,,Automated,Home Loan,standard_payment,False,loan_payment_generator,False,
TXNL202000001494,ACC0009537,IND19000621,LN2019060001354,LDO20200000835,10,2020-04-27,02:18:21,2460.46,Debit,Failed,mandate_limit,Loan Payment - LN2019060001354,False,,0.85,,Automated,Vehicle Loan,standard_payment,False,loan_payment_generator,True,status_inconsistency
TXNL202000001495,ACC0009864,COM19000031,LN2019060001355,LDO20200000381,9,2020-04-05,04:24:24,34385.63,Debit,Completed,,Loan Payment - LN2019060001355,False,,1.33,,Automated,Business Loan,standard_payment,False,loan_payment_generator,False,
TXNL202000001496,ACC0009876,COM19000179,LN2019060001358,LDO20200000836,10,2020-04-13,04:23:20,7678.55,Debit,Completed,,Loan Payment - LN2019060001358,False,,1.8,,Automated,Business Loan,standard_payment,False,loan_payment_generator,False,
TXNL202000001497,ACC0008363,IND19001972,LN2019060001360,LDO20200000174,10,2020-04-08,02:57:04,2349.9,Debit,Failed,mandate_limit,Loan Payment - LN2019060001360,False,,1.75,,Automated,Home Loan,standard_payment,False,loan_payment_generator,False,
TXNL202000001498,ACC0009765,IND19008546,LN2019060001366,LDO20200000837,9,2020-04-03,04:26:12,1701.52,Debit,Completed,,Loan Payment - LN2019060001366 - Extra Principal,False,,0.92,,Automated,Vehicle Loan,extra_payment,False,loan_payment_generator,False,
TXNL202000001499,ACC0008582,IND19004596,LN2019060001367,LDO20200000382,10,2020-04-11,04:06:41,1667.52,Debit,Completed,,Loan Payment - LN2019060001367,False,,0.38,,Automated,Home Loan,standard_payment,False,loan_payment_generator,False,
TXNL202000001500,ACC0008970,IND19006621,LN2019060001371,LDO20200000838,10,2020-04-09,04:30:54,536.12,Debit,Completed,,Loan Payment - LN20190600...,False,,0.04,,Automated,Home Loan,partial_payment,False,loan_payment_generator,True,truncated_description
TXNL202000001501,ACC0008677,IND19008421,LN2019060001372,LDO20200000839,10,2020-04-24,04:55:45,1099.02,Debit,Failed,bank_timeout,Loan Payment - LN2019060001372,False,,1.56,,Automated,Home Loan,standard_payment,False,loan_payment_generator,False,
TXNL202000001502,ACC0008927,IND19017680,LN2019060001381,LDO20200000175,10,2020-04-09,02:24:20,1146.57,Debit,Completed,,Loan Payment - LN2019060001381,False,,0.45,,Automated,Home Loan,standard_payment,False,loan_payment_generator,False,
TXNL202000001503,ACC0009482,IND19001690,LN2019060001390,LDO20200000840,10,2020-04-10,03:49:11,1377.27,Debit,Completed,,Loan Payment - LN2019060001390,False,,0.08,,Automated,Vehicle Loan,standard_payment,False,loan_payment_generator,False,
TXNL202000001504,ACC0009835,IND19003483,LN2019060001391,LDO20200000383,10,2020-04-26,02:48:43,2311.75,Debit,Completed,,Loan Payment - LN2019060001391,False,,1.78,,Automated,Home Loan,standard_payment,False,loan_payment_generator,False,
TXNL202000001505,ACC0008624,IND19014911,LN2019060001394,LDO20200000841,9,2020-04-03,02:38:45,4255.51,Debit,Completed,,Loan Payment - LN2019060001394,False,,1.03,,Automated,Vehicle Loan,standard_payment,False,loan_payment_generator,False,
TXNL202000001506,ACC0009391,IND19010476,LN2019060001395,LDO20200000842,10,2020-04-18,02:01:20,2167.07,Debit,Completed,,Loan Payment - LN2019060001395,False,,0.12,,Automated,Vehicle Loan,standard_payment,False,loan_payment_generator,False,
TXNL202000001507,ACC0009768,IND19015618,LN2019060001398,LDO20200000070,10,2020-04-17,02:28:24,2302.97,Debit,Completed,,Loan Payment - LN2019060001398,False,,1.63,,Automated,Vehicle Loan,standard_payment,False,loan_payment_generator,False,
TXNL202000001508,ACC0009780,IND19017567,LN2019060001410,LDO20200000843,10,2020-04-13,03:47:47,1098.68,Debit,Completed,,Loan Payment - LN2019060001410,False,,0.59,,Automated,Personal Loan,standard_payment,False,loan_payment_generator,False,
TXNL202000001509,ACC0009669,IND19008837,LN2019060001411,LDO20200000844,10,2020-04-25,03:33:40,1040.19,Debit,Completed,,Loan Payment - LN2019060001411,False,,0.15,,Automated,Personal Loan,standard_payment,False,loan_payment_generator,False,
TXNL202000001510,ACC0008449,IND19013817,LN2019060001415,LDO20200000845,10,2020-04-08,03:53:08,2647.0,Debit,Completed,,Loan Payment - LN20190600...,False,,1.44,,Automated,Vehicle Loan,standard_payment,False,loan_payment_generator,True,truncated_description
TXNL202000001511,ACC0009879,COM19000006,LN2019060001419,LDO20200000846,10,2020-04-22,03:10:37,2414.96,Debit,Failed,mandate_limit,Loan Payment - LN2019060001419 - Late Fee,False,,0.52,,Automated,Business Loan,late_payment,False,loan_payment_generator,False,
TXNL202000001512,ACC0008785,IND19001088,LN2019060001423,LDO20200000847,10,2020-04-28,02:54:02,3799.02,Debit,Completed,,Loan Payment - LN2019060001423,False,,0.57,,Automated,Personal Loan,standard_payment,False,loan_payment_generator,False,
TXNL202000001513,ACC0008765,IND19008734,LN2019060001424,LDO20200000848,10,2020-04-13,02:44:28,1009.25,Debit,Completed,,Loan Payment - LN2019060001424,False,,1.51,,Automated,Vehicle Loan,standard_payment,False,loan_payment_generator,False,
TXNL202000001514,ACC0009063,IND19004975,LN2019060001425,LDO20200000849,10,2020-04-18,02:37:47,1509.18,Debit,Completed,,Loan Payment - LN2019060001425,False,,1.82,,Automated,Home Loan,standard_payment,False,loan_payment_generator,False,
TXNL202000001515,ACC0009052,IND19009382,LN2019060001426,LDO20200000850,10,2020-04-22,04:07:47,1966.19,Debit,Completed,,Loan Payment - LN2019060001426 - Late Fee,False,,1.62,,Automated,Personal Loan,late_payment,False,loan_payment_generator,False,
TXNL202000001516,ACC0008695,IND19002789,LN2019060001430,LDO20200000384,9,2020-04-01,03:14:08,1801.01,Debit,Completed,,Loan Payment - LN2019060001430,False,,1.07,,Automated,Personal Loan,standard_payment,False,loan_payment_generator,False,
TXNL202000001517,ACC0009157,IND19010093,LN2019060001436,,9,2020-04-04,03:48:23,2225.52,Debit,Completed,,Loan Payment - LN2019060001436,False,,2.5,,Automated,Personal Loan,standard_payment,False,loan_payment_generator,False,
TXNL202000001518,ACC0009693,IND19006845,LN2019060001437,LDO20200000851,10,2020-04-18,03:09:15,1450.94,Debit,Completed,,Loan Payment - LN2019060001437,False,,1.54,,Automated,Home Loan,standard_payment,False,loan_payment_generator,False,
TXNL202000001519,ACC0009051,IND19013867,LN2019060001441,LDO20200000852,10,2020-04-25,03:56:07,1508.2,Debit,Completed,,Loan Payment - LN2019060001441,False,,1.69,,Automated,Home Loan,standard_payment,False,loan_payment_generator,False,
TXNL202000001520,ACC0008946,IND19005810,LN2019060001444,LDO20200000853,10,2020-04-27,03:48:30,545.12,Debit,Completed,,Loan Payment - LN2019060001444 - Partial,False,,1.38,,Automated,Personal Loan,partial_payment,False,loan_payment_generator,False,
TXNL202000001521,ACC0009564,IND19012500,LN2019060001455,LDO20200000385,10,2020-04-16,02:56:02,953.18,Debit,Completed,,Loan Payment - LN2019060001455,False,,0.7,,Automated,Vehicle Loan,standard_payment,False,loan_payment_generator,False,
TXNL202000001522,ACC0008713,IND19006436,LN2019060001456,LDO20200000386,9,2020-04-05,03:02:22,1958.38,Debit,Completed,,Loan Payment - LN2019060001456,False,,1.88,,Automated,Home Loan,standard_payment,False,loan_payment_generator,False,
TXNL202000001523,ACC0010154,IND19001032,LN2019070000001,LDO20200000854,8,2020-04-06,03:57:52,8720.33,Debit,Completed,,Loan Payment - LN2019070000001,False,,1.8,,Automated,Personal Loan,standard_payment,False,loan_payment_generator,False,
TXNL202000001524,ACC0010306,IND19001943,LN2019070000006,LDO20200000855,9,2020-04-17,03:38:06,4744.45,Debit,Completed,,Loan Payment - LN2019070000006,False,,0.11,,Automated,Personal Loan,standard_payment,False,loan_payment_generator,False,
TXNL202000001525,ACC0011256,IND19009318,LN2019070000014,LDO20200000856,8,2020-04-01,03:54:11,1122.6,Debit,Completed,,Loan Payment - LN2019070000014,False,,0.04,,Automated,Home Loan,standard_payment,False,loan_payment_generator,False,
TXNL202000001526,ACC0011282,COM19000216,LN2019070000017,LDO20200000387,9,2020-04-27,02:37:16,6732.44,Debit,Completed,,Loan Payment - LN2019070000017,False,,1.21,,Automated,Business Loan,standard_payment,False,loan_payment_generator,False,
TXNL202000001527,ACC0010031,IND19005333,LN2019070000018,LDO20200000176,9,2020-04-20,03:50:28,2264.07,Debit,Failed,bank_timeout,Loan Payment - LN2019070000018,False,,1.18,,Automated,Home Loan,standard_payment,False,loan_payment_generator,False,
TXNL202000001528,ACC0010436,IND19011436,LN2019070000020,LDO20200000388,8,2020-04-01,04:40:25,1075.23,Debit,Completed,,Loan Payment - LN2019070000020,False,,0.33,,Automated,Home Loan,standard_payment,False,loan_payment_generator,False,
TXNL202000001529,ACC0010358,IND19012978,LN2019070000022,LDO20200000177,9,2020-04-11,03:38:14,2305.82,Debit,Completed,,Loan Payment - LN2019070000022,False,,1.53,,Automated,Home Loan,standard_payment,False,loan_payment_generator,False,
TXNL202000001530,ACC0010269,IND19007616,LN2019070000030,LDO20200000857,9,2020-04-16,02:57:48,1585.79,Debit,Completed,,Loan Payment - LN2019070000030,False,,0.95,,Automated,Home Loan,standard_payment,False,loan_payment_generator,False,
TXNL202000001531,ACC0011194,IND19005453,LN2019070000042,LDO20200000858,9,2020-04-22,02:01:17,1110.91,Debit,Completed,,Loan Payment - LN2019070000042,False,,1.06,,Automated,Home Loan,standard_payment,False,loan_payment_generator,False,
TXNL202000001532,ACC0010189,IND19001952,LN2019070000048,LDO20200000389,9,2020-04-27,04:42:12,2548.26,Debit,Completed,,Loan Payment - LN2019070000048,False,,0.13,,Automated,Vehicle Loan,standard_payment,False,loan_payment_generator,False,
TXNL202000001533,ACC0010720,IND19011255,LN2019070000052,LDO20200000859,9,2020-04-26,03:31:08,2608.22,Debit,Completed,,Loan Payment - LN2019070000052,False,,0.63,,Automated,Home Loan,standard_payment,False,loan_payment_generator,False,
TXNL202000001534,ACC0010698,IND19004302,LN2019070000056,LDO20200000860,9,2020-04-30,02:37:00,1969.95,Debit,Completed,,Loan Payment - LN2019070000056,False,,1.39,,Automated,Home Loan,standard_payment,False,loan_payment_generator,False,
TXNL202000001535,ACC0010922,IND19012101,LN2019070000058,LDO20200000861,9,2020-04-22,04:55:53,14396.5,Debit,Failed,duplicate_debit,Loan Payment - LN2019070000058,False,,1.7,,Automated,Personal Loan,standard_payment,False,loan_payment_generator,False,
TXNL202000001536,ACC0010859,IND19011750,LN2019070000063,LDO20200000862,9,2020-04-21,04:46:14,2767.01,Debit,Completed,,Loan Payment - LN2019070000063,False,,1.37,,Automated,Personal Loan,standard_payment,False,loan_payment_generator,False,
TXNL202000001537,ACC0009912,IND19015470,LN2019070000068,LDO20200000390,9,2020-04-24,04:26:51,1533.12,Debit,Completed,,Loan Payment - LN2019070000068,False,,1.07,,Automated,Vehicle Loan,standard_payment,False,loan_payment_generator,False,
TXNL202000001538,ACC0010198,IND19004108,LN2019070000069,LDO20200000863,8,2020-04-08,04:28:17,4788.8,Debit,Completed,,Loan Payment - LN2019070000069,False,,0.66,,Automated,Personal Loan,standard_payment,False,loan_payment_generator,False,
TXNL202000001539,ACC0010951,IND19014995,LN2019070000073,LDO20200000071,9,2020-04-10,02:05:52,2312.5,Debit,Completed,,Loan Payment - LN2019070000073,False,,1.25,,Automated,Home Loan,standard_payment,False,loan_payment_generator,False,
TXNL202000001540,ACC0010067,IND19014341,LN2019070000077,LDO20200000864,9,2020-04-30,03:48:51,2180.02,Debit,Completed,,Loan Payment - LN2019070000077,False,,0.03,,Automated,Home Loan,standard_payment,False,loan_payment_generator,False,
TXNL202000001541,ACC0010330,IND19011323,LN2019070000085,LDO20200000391,9,2020-04-25,04:42:31,3481.21,Debit,Completed,,Loan Payment - LN2019070000085,False,,1.83,,Automated,Home Loan,standard_payment,False,loan_payment_generator,False,
TXNL202000001542,ACC0011113,IND19013275,LN2019070000093,LDO20200000865,9,2020-04-20,03:12:06,2566.39,Debit,Completed,,Loan Payment - LN2019070000093,False,,1.12,,Automated,Home Loan,standard_payment,False,loan_payment_generator,False,
TXNL202000001543,ACC0010368,IND19006224,LN2019070000096,LDO20200000866,8,2020-04-08,04:32:10,4529.17,Debit,Completed,,Loan Payment - LN2019070000096 - Extra Principal,False,,1.92,,Automated,Home Loan,extra_payment,False,loan_payment_generator,False,
TXNL202000001544,ACC0011073,IND19006699,LN2019070000097,LDO20200000867,9,2020-04-23,02:30:38,6388.78,Debit,Completed,,Loan Payment - LN2019070000097,False,,0.02,,Automated,Home Loan,standard_payment,False,loan_payment_generator,False,
TXNL202000001545,ACC0010211,IND19004468,LN2019070000101,LDO20200000868,8,2020-04-08,03:50:14,1528.65,Debit,Completed,,Loan Payment - LN2019070000101,False,,0.77,,Automated,Home Loan,standard_payment,False,loan_payment_generator,False,
TXNL202000001546,ACC0010800,IND19004493,LN2019070000107,LDO20200000869,9,2020-04-20,02:21:47,2165.05,Debit,Completed,,Loan Payment - LN2019070000107,False,,1.39,,Automated,Vehicle Loan,standard_payment,False,loan_payment_generator,False,
TXNL202000001547,ACC0010571,IND19012333,LN2019070000108,LDO20200000392,9,2020-04-30,02:13:02,1284.49,Debit,Failed,daily_limit_exceeded,Loan Payment - LN2019070000108,False,,0.33,,Automated,Vehicle Loan,standard_payment,False,loan_payment_generator,True,status_inconsistency
TXNL202000001548,ACC0010173,IND19001965,LN2019070000109,LDO20200000178,8,2020-04-02,03:03:24,1852.26,Debit,Completed,,Loan Payment - LN2019070000109,False,,0.27,,Automated,Personal Loan,standard_payment,False,loan_payment_generator,False,
TXNL202000001549,ACC0011233,IND19015868,LN2019070000128,LDO20200000870,9,2020-04-27,04:21:02,1929.98,Debit,Failed,mandate_limit,Loan Payment - LN2019070000128,False,,0.23,,Automated,Personal Loan,standard_payment,False,loan_payment_generator,False,
TXNL202000001550,ACC0010186,IND19003972,LN2019070000130,LDO20200000393,9,2020-04-08,04:22:19,3281.58,Debit,Completed,,Loan Payment - LN2019070000130,False,,0.18,,Automated,Vehicle Loan,standard_payment,False,loan_payment_generator,False,
TXNL202000001551,ACC0011036,IND19008491,LN2019070000135,LDO20200000871,8,2020-04-02,04:45:07,1173.96,Debit,Completed,,Loan Payment - LN2019070000135,False,,0.18,,Automated,Personal Loan,standard_payment,False,loan_payment_generator,True,amount_rounding_error
TXNL202000001552,ACC0010601,IND19015607,LN2019070000140,LDO20200000394,9,2020-04-13,04:27:33,2706.85,Debit,Completed,,Loan Payment - LN2019070000140,False,,0.78,,Automated,Vehicle Loan,standard_payment,False,loan_payment_generator,False,
TXNL202000001553,ACC0009957,IND19008489,LN2019070000144,LDO20200000072,9,2020-04-18,04:18:14,3464.44,Debit,Completed,,Loan Payment - LN2019070000144,False,,1.17,,Automated,Home Loan,standard_payment,False,loan_payment_generator,False,
TXNL202000001554,ACC0010548,IND19016283,LN2019070000149,LDO20200000872,8,2020-04-02,03:17:40,1801.32,Debit,Completed,,Loan Payment - LN2019070000149,False,,1.14,,Automated,Vehicle Loan,standard_payment,False,loan_payment_generator,False,
TXNL202000001555,ACC0010320,IND19011114,LN2019070000150,LDO20200000873,9,2020-04-30,04:26:06,3016.18,Debit,Completed,,Loan Payment - LN2019070000150,False,,0.38,,Automated,Vehicle Loan,standard_payment,False,loan_payment_generator,False,
TXNL202000001556,ACC0011014,IND19006060,LN2019070000157,LDO20200000874,8,2020-04-05,02:29:11,3321.48,Debit,Completed,,Loan Payment - LN2019070000157,False,,0.52,,Automated,Personal Loan,standard_payment,False,loan_payment_generator,False,
TXNL202000001557,ACC0011050,IND19012644,LN2019070000164,LDO20200000395,9,2020-04-29,04:22:38,14785.53,Debit,Cancelled,customer_stop_instruction,Loan Payment - LN2019070000164,False,,1.5,,Automated,Personal Loan,standard_payment,False,loan_payment_generator,False,
TXNL202000001558,ACC0010906,IND19001776,LN2019070000165,LDO20200000179,8,2020-04-03,02:04:13,1175.49,Debit,Completed,,Loan Payment - LN2019070000165,False,,0.33,,Automated,Home Loan,standard_payment,False,loan_payment_generator,False,
TXNL202000001559,ACC0010685,IND19015099,LN2019070000166,LDO20200000875,8,2020-04-05,02:09:31,3592.47,Debit,Failed,invalid_account_details,Loan Payment - LN2019070000166,False,,0.08,,Automated,Vehicle Loan,standard_payment,False,loan_payment_generator,False,
TXNL202000001560,ACC0010261,IND19005180,LN2019070000167,LDO20200000180,9,2020-04-25,02:18:15,5479.03,Debit,Failed,insufficient_funds,Loan Payment - LN2019070000167,False,,0.85,,Automated,Personal Loan,standard_payment,False,loan_payment_generator,False,
TXNL202000001561,ACC0010636,IND19009538,LN2019070000171,LDO20200000396,9,2020-04-16,04:59:05,2211.21,Debit,Completed,,Loan Payment - LN2019070000171,False,,0.14,,Automated,Home Loan,standard_payment,False,loan_payment_generator,False,
TXNL202000001562,ACC0010143,IND19005667,LN2019070000174,LDO20200000181,8,2020-04-04,02:30:08,1608.76,Debit,Completed,,Loan Payment - LN2019070000174,False,,0.76,,Automated,Home Loan,standard_payment,False,loan_payment_generator,False,
TXNL202000001563,ACC0011086,IND19010416,LN2019070000188,LDO20200000876,9,2020-04-26,04:38:26,3348.88,Debit,Completed,,Loan Payment - LN2019070000188 - Extra Principal,False,,0.05,,Automated,Vehicle Loan,extra_payment,False,loan_payment_generator,False,
TXNL202000001564,ACC0010134,IND19007321,LN2019070000189,LDO20200000877,9,2020-04-27,02:33:41,3214.85,Debit,Completed,,Loan Payment - LN2019070000189,False,,0.44,,Automated,Personal Loan,standard_payment,False,loan_payment_generator,False,
TXNL202000001565,ACC0010291,IND19007161,LN2019070000206,LDO20200000878,9,2020-04-16,02:59:33,441.54,Debit,Completed,,Loan Payment - LN2019070000206,False,,0.73,,Automated,Home Loan,standard_payment,False,loan_payment_generator,False,
TXNL202000001566,ACC0010850,IND19010480,LN2019070000208,LDO20200000879,9,2020-04-14,02:05:56,7959.86,Debit,Completed,,Loan Payment - LN2019070000208,False,,1.07,,Automated,Personal Loan,standard_payment,False,loan_payment_generator,False,
TXNL202000001567,ACC0011165,IND19012521,LN2019070000214,LDO20200000073,8,2020-04-08,04:03:53,5442.49,Debit,Completed,,Loan Payment - LN2019070000214,False,,0.02,,Automated,Personal Loan,standard_payment,False,loan_payment_generator,False,
TXNL202000001568,ACC0011235,IND19001576,LN2019070000215,LDO20200000397,9,2020-04-11,02:59:47,2330.37,Debit,Failed,bank_timeout,Loan Payment - LN2019070000215,False,,0.95,,Automated,Home Loan,standard_payment,False,loan_payment_generator,False,
TXNL202000001569,ACC0011226,IND19010790,LN2019070000221,LDO20200000880,9,2020-04-07,03:07:28,2287.06,Debit,Completed,,Loan Payment - LN2019070000221,False,,1.97,,Automated,Vehicle Loan,standard_payment,False,loan_payment_generator,False,
TXNL202000001570,ACC0011061,IND19012586,LN2019070000228,LDO20200000398,8,2020-04-01,03:01:10,14052.62,Debit,Completed,,Loan Payment - LN2019070000228,False,,1.99,,Automated,Personal Loan,standard_payment,False,loan_payment_generator,False,
TXNL202000001571,ACC0011126,IND19006577,LN2019070000242,LDO20200000881,9,2020-04-16,03:33:40,3285.63,Debit,Completed,,Loan Payment - LN2019070000242,False,,0.57,,Automated,Vehicle Loan,standard_payment,False,loan_payment_generator,False,
TXNL202000001572,ACC0010845,IND19008329,LN2019070000250,LDO20200000882,9,2020-04-28,04:21:28,7230.02,Debit,Completed,,Loan Payment - LN2019070000250 - Late Fee,False,,0.34,,Automated,Personal Loan,late_payment,False,loan_payment_generator,False,
TXNL202000001573,ACC0010705,IND19012417,LN2019070000251,LDO20200000399,9,2020-04-26,03:07:32,3615.13,Debit,Cancelled,customer_stop_instruction,Loan Payment - LN2019070000251,False,,0.05,,Automated,Vehicle Loan,standard_payment,False,loan_payment_generator,False,
TXNL202000001574,ACC0010300,IND19004941,LN2019070000261,,9,2020-04-29,07:58:42,2075.89,Debit,Completed,,Loan Payment - LN2019070000261,False,,2.5,,Mobile,Home Loan,standard_payment,False,loan_payment_generator,False,
TXNL202000001575,ACC0010842,IND19008456,LN2019070000269,LDO20200000883,8,2020-04-05,03:29:59,3501.44,Debit,Completed,,Loan Payment - LN2019070000269,False,,0.85,,Automated,Home Loan,standard_payment,False,loan_payment_generator,False,
TXNL202000001576,ACC0011117,IND19014269,LN2019070000276,LDO20200000884,9,2020-04-23,03:20:12,2602.15,Debit,Completed,,Loan Payment - LN2019070000276,False,,1.39,,Automated,Home Loan,standard_payment,False,loan_payment_generator,False,
TXNL202000001577,ACC0010857,IND19015399,LN2019070000286,LDO20200000885,9,2020-04-19,02:55:00,2165.59,Debit,Completed,,Loan Payment - LN2019070000286,False,,1.22,,Automated,Personal Loan,standard_payment,False,loan_payment_generator,False,
TXNL202000001578,ACC0009886,IND19007818,LN2019070000294,LDO20200000400,8,2020-04-03,03:09:43,4006.73,Debit,Completed,,Loan Payment - LN2019070000294,False,,0.53,,Automated,Home Loan,standard_payment,False,loan_payment_generator,False,
TXNL202000001579,ACC0010026,IND19011639,LN2019070000296,LDO20200000886,9,2020-04-21,04:14:07,2072.92,Debit,Completed,,Loan Payment - LN2019070000296,False,,0.16,,Automated,Home Loan,standard_payment,False,loan_payment_generator,False,
TXNL202000001580,ACC0010641,IND19007872,LN2019070000310,LDO20200000182,9,2020-04-27,04:50:33,955.11,Debit,Completed,,Loan Payment - LN2019070000310 - Partial,False,,1.67,,Automated,Personal Loan,partial_payment,False,loan_payment_generator,False,
TXNL202000001581,ACC0010483,IND19000691,LN2019070000312,LDO20200000887,8,2020-04-04,04:30:10,953.63,Debit,Completed,,Loan Payment - LN2019070000312 - Late Fee,False,,1.06,,Automated,Home Loan,late_payment,False,loan_payment_generator,False,
TXNL202000001582,ACC0011145,IND19001902,LN2019070000316,LDO20200000401,9,2020-04-29,03:33:26,1275.63,Debit,Completed,,Loan Payment - LN2019070000316,False,,1.25,,Automated,Home Loan,standard_payment,False,loan_payment_generator,False,
TXNL202000001583,ACC0010595,IND19012613,LN2019070000317,LDO20200000402,9,2020-04-28,04:22:34,2948.65,Debit,Completed,,Loan Payment - LN2019070000317 - Late Fee,False,,0.26,,Automated,Vehicle Loan,late_payment,False,loan_payment_generator,False,
TXNL202000001584,ACC0010374,IND19014496,LN2019070000318,LDO20200000888,9,2020-04-19,03:27:37,3958.48,Debit,Completed,,Loan Payment - LN2019070000318,False,,0.7,,Automated,Home Loan,standard_payment,False,loan_payment_generator,False,
TXNL202000001585,ACC0011204,IND19012969,LN2019070000319,LDO20200000889,9,2020-04-04,03:47:29,6210.7,Debit,Completed,,Loan Payment - LN2019070000319,False,,0.55,,Automated,Home Loan,standard_payment,False,loan_payment_generator,False,
TXNL202000001586,ACC0010127,IND19010478,LN2019070000320,LDO20200000033,9,2020-04-22,04:28:14,756.74,Debit,Completed,,Loan Payment - LN2019070000320,False,,0.18,,Automated,Home Loan,standard_payment,False,loan_payment_generator,False,
TXNL202000001587,ACC0011039,IND19000778,LN2019070000321,LDO20200000890,8,2020-04-07,03:59:04,3413.89,Debit,Completed,,Loan Payment - LN2019070000321,False,,1.08,,Automated,Home Loan,standard_payment,False,loan_payment_generator,False,
TXNL202000001588,ACC0010990,IND19014332,LN2019070000323,LDO20200000891,9,2020-04-17,02:36:06,1675.1,Debit,Completed,,Loan Payment - LN2019070000323 - Extra Principal,False,,0.13,,Automated,Personal Loan,extra_payment,False,loan_payment_generator,False,
TXNL202000001589,ACC0010537,IND19003127,LN2019070000332,,9,2020-04-30,02:01:24,692.73,Debit,Failed,bank_timeout,Loan Payment - LN2019070000332,False,,2.5,,Automated,Home Loan,standard_payment,False,loan_payment_generator,False,
TXNL202000001590,ACC0010831,IND19003672,LN2019070000333,LDO20200000892,9,2020-04-28,04:32:48,1869.07,Debit,Completed,,Loan Payment - LN2019070000333,False,,0.11,,Automated,Vehicle Loan,standard_payment,False,loan_payment_generator,False,
TXNL202000001591,ACC0010099,IND19003327,LN2019070000340,LDO20200000893,9,2020-04-30,04:47:47,579.83,Debit,Completed,,Loan Payment - LN2019070000340,False,,1.08,,Automated,Personal Loan,standard_payment,False,loan_payment_generator,False,
TXNL202000001592,ACC0010942,IND19014294,LN2019070000342,LDO20200000183,9,2020-04-30,04:12:18,6123.56,Debit,Completed,,Loan Payment - LN2019070000342,False,,1.97,,Automated,Personal Loan,standard_payment,False,loan_payment_generator,False,
TXNL202000001593,ACC0011198,IND19003048,LN2019070000353,LDO20200000403,9,2020-04-13,02:46:17,2588.64,Debit,Completed,,Loan Payment - LN2019070000353,False,,0.59,,Automated,Home Loan,standard_payment,False,loan_payment_generator,False,
TXNL202000001594,ACC0010275,IND19007011,LN2019070000354,LDO20200000894,9,2020-04-15,02:53:58,2456.91,Debit,Failed,invalid_account_details,Loan Payment - LN2019070000354 - Extra Principal,False,,0.26,,Automated,Home Loan,extra_payment,False,loan_payment_generator,False,
TXNL202000001595,ACC0009926,IND19008368,LN2019070000371,LDO20200000404,9,2020-04-16,03:31:43,2584.02,Debit,Completed,,Loan Payment - LN2019070000371,False,,1.46,,Automated,Vehicle Loan,standard_payment,False,loan_payment_generator,False,
TXNL202000001596,ACC0010840,IND19007896,LN2019070000375,LDO20200000895,9,2020-04-21,02:05:59,4321.06,Debit,Completed,,Loan Payment - LN2019070000375,False,,0.58,,Automated,Vehicle Loan,standard_payment,False,loan_payment_generator,False,
TXNL202000001597,ACC0010120,IND19001278,LN2019070000383,LDO20200000896,9,2020-04-19,04:26:24,2110.51,Debit,Completed,,Loan Payment - LN2019070000383,False,,0.93,,Automated,Personal Loan,standard_payment,False,loan_payment_generator,False,
TXNL202000001598,ACC0009906,IND19002371,LN2019070000390,LDO20200000405,9,2020-04-28,03:21:03,2484.17,Debit,Completed,,Loan Payment - LN2019070000390,False,,0.73,,Automated,Personal Loan,standard_payment,False,loan_payment_generator,False,
TXNL202000001599,ACC0010745,IND19011691,LN2019070000414,LDO20200000184,9,2020-04-24,04:30:35,1474.01,Debit,Cancelled,customer_stop_instruction,Loan Payment - LN2019070000414,False,,0.99,,Automated,Vehicle Loan,standard_payment,False,loan_payment_generator,False,
TXNL202000001600,ACC0010115,IND19016405,LN2019070000424,LDO20200000897,9,2020-04-18,02:36:17,3538.61,Debit,Completed,,Loan Payment - LN2019070000424,False,,1.87,,Automated,Home Loan,standard_payment,False,loan_payment_generator,False,
TXNL202000001601,ACC0010811,IND19002604,LN2019070000434,LDO20200000898,9,2020-04-10,02:20:57,1102.58,Debit,Completed,,Loan Payment - LN2019070000434,False,,0.56,,Automated,Home Loan,standard_payment,False,loan_payment_generator,False,
TXNL202000001602,ACC0010479,IND19000504,LN2019070000437,LDO20200000406,8,2020-04-02,03:31:13,1221.45,Debit,Completed,,Loan Payment - LN2019070000437,False,,1.89,,Automated,Home Loan,standard_payment,False,loan_payment_generator,False,
TXNL202000001603,ACC0009924,IND19009777,LN2019070000439,LDO20200000899,9,2020-04-13,03:39:47,3834.75,Debit,Completed,,Loan Payment - LN2019070000439,False,,1.5,,Automated,Personal Loan,standard_payment,False,loan_payment_generator,False,
TXNL202000001604,ACC0010719,IND19011255,LN2019070000442,LDO20200000407,8,2020-04-01,03:27:30,1026.34,Debit,Failed,bank_timeout,Loan Payment - LN2019070000442,False,,0.72,,Automated,Home Loan,standard_payment,False,loan_payment_generator,False,
TXNL202000001605,ACC0010510,IND19012405,LN2019070000452,LDO20200000900,9,2020-04-29,04:55:03,1687.52,Debit,Completed,,Loan Payment - LN2019070000452,False,,1.85,,Automated,Personal Loan,standard_payment,False,loan_payment_generator,False,
TXNL202000001606,ACC0011281,COM19000182,LN2019070000453,LDO20200000185,9,2020-04-28,04:57:18,3944.56,Debit,Completed,,Loan Payment - LN2019070000453 - Late Fee,False,,0.95,,Automated,Business Loan,late_payment,False,loan_payment_generator,False,
TXNL202000001607,ACC0010570,IND19011798,LN2019070000459,LDO20200000408,8,2020-04-05,03:02:29,2585.47,Debit,Completed,,Loan Payment - LN2019070000459,False,,1.3,,Automated,Vehicle Loan,standard_payment,False,loan_payment_generator,False,
TXNL202000001608,ACC0010160,IND19012728,LN2019070000467,LDO20200000901,9,2020-04-21,02:30:49,6526.81,Debit,Completed,,Loan Payment - LN2019070000467,False,,1.5,,Automated,Personal Loan,standard_payment,False,loan_payment_generator,False,
TXNL202000001609,ACC0010073,IND19013534,LN2019070000468,LDO20200000409,9,2020-04-20,02:06:30,1630.92,Debit,Completed,,Loan Payment - LN2019070000468,False,,0.19,,Automated,Home Loan,standard_payment,False,loan_payment_generator,True,timestamp_shift
TXNL202000001610,ACC0010790,IND19005032,LN2019070000469,LDO20200000902,9,2020-04-19,02:04:53,2997.81,Debit,Completed,,Loan Payment - LN2019070000469,False,,0.3,,Automated,Home Loan,standard_payment,False,loan_payment_generator,False,
TXNL202000001611,ACC0011251,IND19004940,LN2019070000470,LDO20200000903,9,2020-04-15,03:42:58,957.16,Debit,Failed,insufficient_funds,Loan Payment - LN2019070000470,False,,1.73,,Automated,Vehicle Loan,standard_payment,False,loan_payment_generator,False,
TXNL202000001612,ACC0010181,IND19008409,LN2019070000477,LDO20200000904,9,2020-04-24,04:51:14,1225.49,Debit,Completed,,Loan Payment - LN2019070000477 - Late Fee,False,,1.48,,Automated,Personal Loan,late_payment,False,loan_payment_generator,False,
TXNL202000001613,ACC0009991,IND19005253,LN2019070000479,,9,2020-04-24,02:04:30,550.59,Debit,Completed,,Loan Payment - LN2019070000479,False,,2.5,,Automated,Home Loan,standard_payment,False,loan_payment_generator,False,
TXNL202000001614,ACC0011013,IND19003821,LN2019070000490,LDO20200000186,9,2020-04-18,02:51:17,2718.21,Debit,Failed,mandate_limit,Loan Payment - LN2019070000490,False,,1.83,,Automated,Home Loan,standard_payment,False,loan_payment_generator,False,
TXNL202000001615,ACC0011102,IND19009068,LN2019070000492,LDO20200000410,9,2020-04-23,03:35:08,3946.15,Debit,Completed,,Loan Payment - LN2019070000492,False,,0.53,,Automated,Home Loan,standard_payment,False,loan_payment_generator,False,
TXNL202000001616,ACC0011245,IND19008983,LN2019070000500,LDO20200000905,8,2020-04-09,02:25:53,874.89,Debit,Completed,,Loan Payment - LN2019070000500,False,,0.77,,Automated,Home Loan,standard_payment,False,loan_payment_generator,False,
TXNL202000001617,ACC0010522,IND19004142,LN2019070000501,LDO20200000411,9,2020-04-22,03:23:58,427.18,Debit,Completed,,Loan Payment - LN2019070000501,False,,0.24,,Automated,Home Loan,standard_payment,False,loan_payment_generator,False,
TXNL202000001618,ACC0010923,IND19002816,LN2019070000506,LDO20200000412,8,2020-04-04,03:46:35,267.87,Debit,Completed,,Loan Payment - LN2019070000506,False,,1.27,,Automated,Home Loan,standard_payment,False,loan_payment_generator,False,
TXNL202000001619,ACC0010405,IND19004977,LN2019070000510,LDO20200000906,8,2020-04-06,04:19:02,2150.85,Debit,Completed,,Loan Payment - LN2019070000510,False,,0.72,,Automated,Home Loan,standard_payment,False,loan_payment_generator,False,
TXNL202000001620,ACC0010379,IND19009202,LN2019070000517,LDO20200000907,9,2020-04-27,02:26:09,1127.97,Debit,Completed,,Loan Payment - LN2019070000517,False,,1.96,,Automated,Personal Loan,standard_payment,False,loan_payment_generator,False,
TXNL202000001621,ACC0011221,IND19004841,LN2019070000536,LDO20200000413,9,2020-04-23,04:54:45,2105.42,Debit,Completed,,Loan Payment - LN2019070000536,False,,1.66,,Automated,Vehicle Loan,standard_payment,False,loan_payment_generator,False,
TXNL202000001622,ACC0010473,IND19002485,LN2019070000537,LDO20200000187,9,2020-04-14,02:05:07,4027.99,Debit,Completed,,Loan Payment - LN2019070000537,False,,1.88,,Automated,Personal Loan,standard_payment,False,loan_payment_generator,False,
TXNL202000001623,ACC0010843,IND19008456,LN2019070000545,LDO20200000188,9,2020-04-25,04:48:30,1694.26,Debit,Completed,,Loan Payment - LN2019070000545,False,,0.65,,Automated,Personal Loan,standard_payment,False,loan_payment_generator,False,
TXNL202000001624,ACC0010159,IND19000901,LN2019070000546,LDO20200000908,9,2020-04-17,02:31:37,284.83,Debit,Completed,,Loan Payment - LN2019070000546,False,,0.13,,Automated,Home Loan,standard_payment,False,loan_payment_generator,False,
TXNL202000001625,ACC0010225,IND19015856,LN2019070000552,LDO20200000034,9,2020-04-21,04:47:42,4791.75,Debit,Completed,,Loan Payment - LN2019070000552,False,,1.12,,Automated,Personal Loan,standard_payment,False,loan_payment_generator,False,
TXNL202000001626,ACC0010617,IND19010181,LN2019070000571,LDO20200000414,9,2020-04-29,03:50:13,836.5,Debit,Completed,,Loan Payment - LN2019070000571,False,,0.04,,Automated,Home Loan,standard_payment,False,loan_payment_generator,True,amount_rounding_error
TXNL202000001627,ACC0010830,IND19003672,LN2019070000575,LDO20200000074,9,2020-04-30,02:18:48,1310.65,Debit,Completed,,Loan Payment - LN2019070000575,False,,1.08,,Automated,Home Loan,standard_payment,False,loan_payment_generator,False,
TXNL202000001628,ACC0010085,IND19004379,LN2019070000582,LDO20200000909,9,2020-04-10,06:26:58,801.74,Debit,Completed,,Loan Payment - LN2019070000582,False,,0.5,,Automated,Personal Loan,standard_payment,False,loan_payment_generator,True,timestamp_shift
TXNL202000001629,ACC0010049,IND19001533,LN2019070000589,LDO20200000415,9,2020-04-28,04:19:22,2595.76,Debit,Completed,,Loan Payment - LN2019070000589,False,,0.83,,Automated,Personal Loan,standard_payment,False,loan_payment_generator,False,
TXNL202000001630,ACC0010978,IND19010934,LN2019070000591,LDO20200000416,8,2020-04-06,02:53:04,897.37,Debit,Completed,,Loan Payment - LN2019070000591,False,,0.22,,Automated,Home Loan,standard_payment,False,loan_payment_generator,False,
TXNL202000001631,ACC0011269,COM19000047,LN2019070000624,LDO20200000075,9,2020-04-16,04:35:18,11045.05,Debit,Completed,,Loan Payment - LN2019070000624,False,,1.06,,Automated,Business Loan,standard_payment,False,loan_payment_generator,False,
TXNL202000001632,ACC0010810,IND19000039,LN2019070000628,LDO20200000910,9,2020-04-29,03:45:51,1619.59,Debit,Completed,,Loan Payment - LN2019070000628,False,,0.54,,Automated,Vehicle Loan,standard_payment,False,loan_payment_generator,False,
TXNL202000001633,ACC0010808,IND19005422,LN2019070000630,LDO20200000417,8,2020-04-07,04:33:48,1421.66,Debit,Completed,,Loan Payment - LN2019070000630,False,,1.05,,Automated,Personal Loan,standard_payment,False,loan_payment_generator,False,
TXNL202000001634,ACC0010507,IND19002027,LN2019070000631,LDO20200000911,8,2020-04-08,02:18:29,2231.02,Debit,Completed,,Loan Payment - LN2019070000631,False,,0.52,,Automated,Home Loan,standard_payment,False,loan_payment_generator,False,
TXNL202000001635,ACC0011078,IND19012587,LN2019070000637,LDO20200000912,8,2020-04-03,03:12:35,1441.7,Debit,Completed,,Loan Payment - LN2019070000637,False,,1.19,,Automated,Vehicle Loan,standard_payment,False,loan_payment_generator,False,
TXNL202000001636,ACC0011178,IND19004500,LN2019070000639,LDO20200000418,8,2020-04-08,02:38:27,1789.98,Debit,Completed,,Loan Payment - LN2019070000639,False,,1.35,,Automated,Vehicle Loan,standard_payment,False,loan_payment_generator,False,
TXNL202000001637,ACC0010821,IND19014353,LN2019070000642,,9,2020-04-17,03:27:34,360.07,Debit,Completed,,Loan Payment - LN2019070000642,False,,2.5,,Automated,Home Loan,standard_payment,False,loan_payment_generator,False,
TXNL202000001638,ACC0010911,IND19004857,LN2019070000648,LDO20200000913,9,2020-04-19,02:31:40,578.49,Debit,Completed,,Loan Payment - LN20190700...,False,,0.91,,Automated,Home Loan,standard_payment,False,loan_payment_generator,True,truncated_description
TXNL202000001639,ACC0010805,IND19001742,LN2019070000656,LDO20200000914,9,2020-04-15,03:33:48,1517.4,Debit,Completed,,Loan Payment - LN2019070000656,False,,0.36,,Automated,Home Loan,standard_payment,False,loan_payment_generator,False,
TXNL202000001640,ACC0011128,IND19014232,LN2019070000660,LDO20200000419,9,2020-04-19,02:24:41,2029.7,Debit,Completed,,Loan Payment - LN2019070000660,False,,0.43,,Automated,Vehicle Loan,standard_payment,False,loan_payment_generator,False,
TXNL202000001641,ACC0009994,IND19014863,LN2019070000662,LDO20200000189,9,2020-04-21,04:40:07,1005.77,Debit,Completed,,Loan Payment - LN2019070000662,False,,0.55,,Automated,Home Loan,standard_payment,False,loan_payment_generator,False,
TXNL202000001642,ACC0010801,IND19002300,LN2019070000665,LDO20200000915,9,2020-04-14,02:18:34,501.77,Debit,Completed,,Loan Payment - LN2019070000665,False,,1.64,,Automated,Home Loan,standard_payment,False,loan_payment_generator,False,
TXNL202000001643,ACC0010290,IND19013881,LN2019070000667,LDO20200000916,9,2020-04-25,02:25:10,3396.26,Debit,Completed,,Loan Payment - LN2019070000667,False,,0.1,,Automated,Vehicle Loan,standard_payment,False,loan_payment_generator,False,
TXNL202000001644,ACC0010303,IND19007636,LN2019070000709,LDO20200000917,9,2020-04-10,03:02:23,12042.45,Debit,Completed,,Loan Payment - LN2019070000709,False,,0.75,,Automated,Personal Loan,standard_payment,False,loan_payment_generator,False,
TXNL202000001645,ACC0010015,IND19004209,LN2019070000718,LDO20200000918,9,2020-04-24,04:53:47,827.24,Debit,Failed,duplicate_debit,Loan Payment - LN2019070000718 - Partial,False,,0.17,,Automated,Home Loan,partial_payment,False,loan_payment_generator,False,
TXNL202000001646,ACC0011151,IND19004809,LN2019070000719,LDO20200000919,9,2020-04-12,04:23:34,1174.72,Debit,Completed,,Loan Payment - LN2019070000719,False,,1.85,,Automated,Vehicle Loan,standard_payment,False,loan_payment_generator,False,
TXNL202000001647,ACC0009969,IND19015513,LN2019070000720,LDO20200000190,9,2020-04-20,04:15:09,564.84,Debit,Completed,,Loan Payment - LN2019070000720,False,,0.83,,Automated,Personal Loan,standard_payment,False,loan_payment_generator,False,
TXNL202000001648,ACC0010746,IND19011691,LN2019070000722,LDO20200000076,9,2020-04-27,02:56:38,4020.49,Debit,Completed,,Loan Payment - LN2019070000722,False,,0.47,,Automated,Home Loan,standard_payment,False,loan_payment_generator,False,
TXNL202000001649,ACC0010520,IND19001812,LN2019070000723,LDO20200000420,8,2020-04-03,03:10:24,1783.35,Debit,Completed,,Loan Payment - LN2019070000723 - Partial,False,,0.71,,Automated,Personal Loan,partial_payment,False,loan_payment_generator,False,
TXNL202000001650,ACC0010674,IND19012200,LN2019070000730,LDO20200000920,9,2020-04-15,03:40:32,2091.82,Debit,Completed,,Loan Payment - LN2019070000730,False,,1.77,,Automated,Home Loan,standard_payment,False,loan_payment_generator,False,
TXNL202000001651,ACC0010062,IND19015637,LN2019070000738,LDO20200000921,8,2020-04-02,02:19:36,1226.46,Debit,Completed,,Loan Payment - LN2019070000738,False,,1.36,,Automated,Personal Loan,standard_payment,False,loan_payment_generator,False,
TXNL202000001652,ACC0010512,IND19010988,LN2019070000739,LDO20200000191,9,2020-04-20,04:29:54,13983.9,Debit,Completed,,Loan Payment - LN2019070000739,False,,1.09,,Automated,Personal Loan,standard_payment,False,loan_payment_generator,False,
TXNL202000001653,ACC0009909,IND19012150,LN2019070000748,LDO20200000922,9,2020-04-19,04:02:29,718.11,Debit,Completed,,Loan Payment - LN2019070000748,False,,0.79,,Automated,Home Loan,standard_payment,False,loan_payment_generator,False,
TXNL202000001654,ACC0011276,COM19000029,LN2019070000758,LDO20200000923,9,2020-04-20,03:33:37,11022.57,Debit,Completed,,Loan Payment - LN2019070000758,False,,1.43,,Automated,Business Loan,standard_payment,False,loan_payment_generator,False,
TXNL202000001655,ACC0010097,IND19015761,LN2019070000760,LDO20200000924,9,2020-04-19,03:30:36,1042.61,Debit,Completed,,Loan Payment - LN20190700...,False,,1.01,,Automated,Home Loan,partial_payment,False,loan_payment_generator,True,truncated_description
TXNL202000001656,ACC0010434,IND19011579,LN2019070000768,LDO20200000192,9,2020-04-25,04:01:17,3275.71,Debit,Completed,,Loan Payment - LN2019070000768,False,,1.92,,Automated,Vehicle Loan,standard_payment,False,loan_payment_generator,False,
TXNL202000001657,ACC0010314,IND19001557,LN2019070000787,LDO20200000421,8,2020-04-03,03:26:04,3146.68,Debit,Completed,,Loan Payment - LN2019070000787,False,,1.94,,Automated,Home Loan,standard_payment,False,loan_payment_generator,False,
TXNL202000001658,ACC0011084,IND19011352,LN2019070000793,LDO20200000925,9,2020-04-18,03:24:40,3928.56,Debit,Completed,,Loan Payment - LN2019070000793,False,,1.36,,Automated,Home Loan,standard_payment,False,loan_payment_generator,False,
TXNL202000001659,ACC0010231,IND19000571,LN2019070000805,LDO20200000926,9,2020-04-15,02:35:17,4340.35,Debit,Completed,,Loan Payment - LN2019070000805 - Late Fee,False,,1.78,,Automated,Home Loan,late_payment,False,loan_payment_generator,False,
TXNL202000001660,ACC0010891,IND19010612,LN2019070000808,LDO20200000927,9,2020-04-18,02:02:30,3199.88,Debit,Failed,bank_timeout,Loan Payment - LN2019070000808,False,,0.1,,Automated,Home Loan,standard_payment,False,loan_payment_generator,True,status_inconsistency
TXNL202000001661,ACC0011179,IND19004500,LN2019070000822,LDO20200000928,9,2020-04-19,03:26:11,1861.77,Debit,Failed,mandate_limit,Loan Payment - LN2019070000822,False,,0.39,,Automated,Personal Loan,standard_payment,False,loan_payment_generator,False,
TXNL202000001662,ACC0010446,IND19002125,LN2019070000834,LDO20200000929,9,2020-04-21,04:13:14,12286.92,Debit,Completed,,Loan Payment - LN2019070000834,False,,0.32,,Automated,Personal Loan,standard_payment,False,loan_payment_generator,False,
TXNL202000001663,ACC0010696,IND19007848,LN2019070000840,LDO20200000077,9,2020-04-21,04:14:53,1142.28,Debit,Failed,bank_timeout,Loan Payment - LN2019070000840,False,,1.43,,Automated,Home Loan,standard_payment,False,loan_payment_generator,False,
TXNL202000001664,ACC0009954,IND19009083,LN2019070000851,LDO20200000193,9,2020-04-24,03:41:38,684.79,Debit,Completed,,Loan Payment - LN2019070000851,False,,0.25,,Automated,Personal Loan,standard_payment,False,loan_payment_generator,False,
TXNL202000001665,ACC0011163,IND19008839,LN2019070000854,LDO20200000930,9,2020-04-23,02:51:28,2759.97,Debit,Completed,,Loan Payment - LN2019070000854,False,,0.31,,Automated,Home Loan,standard_payment,False,loan_payment_generator,False,
TXNL202000001666,ACC0010702,IND19011568,LN2019070000857,LDO20200000078,9,2020-04-25,03:21:26,503.82,Debit,Completed,,Loan Payment - LN2019070000857,False,,1.98,,Automated,Home Loan,standard_payment,False,loan_payment_generator,False,
TXNL202000001667,ACC0010555,IND19000657,LN2019070000858,LDO20200000422,9,2020-04-09,02:35:50,4355.27,Debit,Completed,,Loan Payment - LN2019070000858 - Late Fee,False,,0.18,,Automated,Home Loan,late_payment,False,loan_payment_generator,False,
TXNL202000001668,ACC0010013,IND19004418,LN2019070000866,LDO20200000931,8,2020-04-03,04:40:01,2958.66,Debit,Completed,,Loan Payment - LN2019070000866,False,,0.23,,Automated,Personal Loan,standard_payment,False,loan_payment_generator,False,
TXNL202000001669,ACC0010930,IND19003431,LN2019070000868,LDO20200000932,9,2020-04-23,04:24:47,2453.1,Debit,Completed,,Loan Payment - LN2019070000868,False,,0.41,,Automated,Home Loan,standard_payment,False,loan_payment_generator,False,
TXNL202000001670,ACC0010730,IND19001676,LN2019070000871,LDO20200000933,8,2020-04-03,02:20:01,8912.83,Debit,Completed,,Loan Payment - LN2019070000871,False,,1.98,,Automated,Personal Loan,standard_payment,False,loan_payment_generator,False,
TXNL202000001671,ACC0010191,IND19009073,LN2019070000887,LDO20200000423,8,2020-04-02,02:35:18,4216.45,Debit,Failed,bank_timeout,Loan Payment - LN2019070000887,False,,1.42,,Automated,Vehicle Loan,standard_payment,False,loan_payment_generator,False,
TXNL202000001672,ACC0011227,IND19000442,LN2019070000896,LDO20200000424,9,2020-04-22,02:52:56,2540.61,Debit,Completed,,Loan Payment - LN2019070000896,False,,1.91,,Automated,Vehicle Loan,standard_payment,False,loan_payment_generator,False,
TXNL202000001673,ACC0010543,IND19010120,LN2019070000902,LDO20200000934,9,2020-04-17,04:23:09,1551.75,Debit,Failed,insufficient_funds,Loan Payment - LN2019070000902,False,,1.0,,Automated,Home Loan,standard_payment,False,loan_payment_generator,False,
TXNL202000001674,ACC0010394,IND19010621,LN2019070000906,LDO20200000935,9,2020-04-10,04:30:13,281.67,Debit,Completed,,Loan Payment - LN2019070000906,False,,1.57,,Automated,Home Loan,standard_payment,False,loan_payment_generator,False,
TXNL202000001675,ACC0010812,IND19010061,LN2019070000909,LDO20200000194,9,2020-04-30,04:51:25,3298.51,Debit,Completed,,Loan Payment - LN2019070000909,False,,1.56,,Automated,Personal Loan,standard_payment,False,loan_payment_generator,False,
TXNL202000001676,ACC0010485,IND19012707,LN2019070000921,LDO20200000425,9,2020-04-23,02:16:05,1445.87,Debit,Completed,,Loan Payment - LN2019070000921,False,,1.91,,Automated,Home Loan,standard_payment,False,loan_payment_generator,False,
TXNL202000001677,ACC0010992,IND19014740,LN2019070000922,LDO20200000426,9,2020-04-15,02:43:56,2148.35,Debit,Completed,,Loan Payment - LN2019070000922,False,,0.23,,Automated,Vehicle Loan,standard_payment,False,loan_payment_generator,False,
TXNL202000001678,ACC0011009,IND19005644,LN2019070000927,LDO20200000936,8,2020-04-10,02:55:54,1435.87,Debit,Completed,,Loan Payment - LN2019070000927,False,,1.42,,Automated,Home Loan,standard_payment,False,loan_payment_generator,False,
TXNL202000001679,ACC0009939,IND19007504,LN2019070000948,LDO20200000079,9,2020-04-21,02:09:22,1585.22,Debit,Completed,,Loan Payment - LN2019070000948,False,,0.96,,Automated,Personal Loan,standard_payment,False,loan_payment_generator,False,
TXNL202000001680,ACC0010255,IND19006122,LN2019070000949,LDO20200000937,9,2020-04-30,03:10:49,621.5,Debit,Completed,,Loan Payment - LN2019070000949,False,,1.33,,Automated,Home Loan,standard_payment,False,loan_payment_generator,False,
TXNL202000001681,ACC0010837,IND19000345,LN2019070000954,LDO20200000938,9,2020-04-24,04:21:22,1639.09,Debit,Completed,,Loan Payment - LN2019070000954,False,,0.46,,Automated,Vehicle Loan,standard_payment,False,loan_payment_generator,False,
TXNL202000001682,ACC0010056,IND19006786,LN2019070000955,LDO20200000939,9,2020-04-15,04:58:29,3602.26,Debit,Completed,,Loan Payment - LN2019070000955,False,,0.24,,Automated,Personal Loan,standard_payment,False,loan_payment_generator,False,
TXNL202000001683,ACC0010877,IND19015524,LN2019070000963,LDO20200000940,8,2020-04-05,03:20:22,11989.66,Debit,Completed,,Loan Payment - LN2019070000963,False,,1.58,,Automated,Personal Loan,standard_payment,False,loan_payment_generator,False,
TXNL202000001684,ACC0010918,IND19012194,LN2019070000975,LDO20200000080,8,2020-04-08,04:38:24,4656.1,Debit,Completed,,Loan Payment - LN2019070000975,False,,0.74,,Automated,Home Loan,standard_payment,False,loan_payment_generator,False,
TXNL202000001685,ACC0010333,IND19002509,LN2019070000976,LDO20200000941,9,2020-04-30,02:35:04,4261.97,Debit,Completed,,Loan Payment - LN2019070000976,False,,0.15,,Automated,Vehicle Loan,standard_payment,False,loan_payment_generator,False,
TXNL202000001686,ACC0011253,IND19009911,LN2019070000977,LDO20200000942,9,2020-04-13,03:59:40,2585.16,Debit,Completed,,Loan Payment - LN2019070000977,False,,0.54,,Automated,Home Loan,standard_payment,False,loan_payment_generator,False,
TXNL202000001687,ACC0010813,IND19009450,LN2019070000982,LDO20200000195,9,2020-04-22,04:14:15,2992.15,Debit,Completed,,Loan Payment - LN2019070000982,False,,0.65,,Automated,Personal Loan,standard_payment,False,loan_payment_generator,False,
TXNL202000001688,ACC0010639,IND19007461,LN2019070000987,LDO20200000943,9,2020-04-29,03:36:34,7416.81,Debit,Completed,,Loan Payment - LN2019070000987,False,,0.53,,Automated,Home Loan,standard_payment,False,loan_payment_generator,False,
TXNL202000001689,ACC0011277,COM19000015,LN2019070000989,LDO20200000427,9,2020-04-19,03:35:17,9052.45,Debit,Completed,,Loan Payment - LN2019070000989 - Extra Principal,False,,0.59,,Automated,Business Loan,extra_payment,False,loan_payment_generator,False,
TXNL202000001690,ACC0011028,IND19005775,LN2019070001006,LDO20200000428,9,2020-04-04,04:27:15,3509.11,Debit,Completed,,Loan Payment - LN2019070001006,False,,0.69,,Automated,Personal Loan,standard_payment,False,loan_payment_generator,False,
TXNL202000001691,ACC0010265,IND19008364,LN2019070001012,LDO20200000944,9,2020-04-25,04:38:40,2379.84,Debit,Completed,,Loan Payment - LN2019070001012,False,,1.24,,Automated,Personal Loan,standard_payment,False,loan_payment_generator,False,
TXNL202000001692,ACC0011016,IND19015052,LN2019070001019,LDO20200000081,9,2020-04-20,04:12:56,1004.61,Debit,Completed,,Loan Payment - LN2019070001019 - Late Fee,False,,0.44,,Automated,Home Loan,late_payment,False,loan_payment_generator,False,
TXNL202000001693,ACC0010284,IND19006449,LN2019070001024,LDO20200000196,8,2020-04-01,04:15:18,768.98,Debit,Completed,,Loan Payment - LN2019070001024,False,,1.25,,Automated,Home Loan,standard_payment,False,loan_payment_generator,False,
TXNL202000001694,ACC0011279,COM19000225,LN2019070001025,LDO20200000945,8,2020-04-01,03:03:25,2740.97,Debit,Completed,,Loan Payment - LN2019070001025,False,,1.78,,Automated,Business Loan,standard_payment,False,loan_payment_generator,False,
TXNL202000001695,ACC0010598,IND19011039,LN2019070001029,LDO20200000946,9,2020-04-17,04:40:57,6116.6,Debit,Completed,,Loan Payment - LN2019070001029,False,,1.3,,Automated,Home Loan,standard_payment,False,loan_payment_generator,False,
TXNL202000001696,ACC0010788,IND19007228,LN2019070001057,LDO20200000947,8,2020-04-03,02:55:42,3582.5,Debit,Completed,,Loan Payment - LN2019070001057,False,,0.41,,Automated,Home Loan,standard_payment,False,loan_payment_generator,False,
TXNL202000001697,ACC0010336,IND19001312,LN2019070001062,LDO20200000948,9,2020-04-11,03:36:54,4432.88,Debit,Completed,,Loan Payment - LN2019070001062 - Late Fee,False,,0.51,,Automated,Personal Loan,late_payment,False,loan_payment_generator,False,
TXNL202000001698,ACC0010645,IND19009058,LN2019070001063,LDO20200000197,8,2020-04-01,04:53:06,1499.55,Debit,Completed,,Loan Payment - LN2019070001063 - Late Fee,False,,1.01,,Automated,Home Loan,late_payment,False,loan_payment_generator,False,
TXNL202000001699,ACC0010240,IND19016260,LN2019070001082,LDO20200000198,9,2020-04-28,03:12:04,3613.53,Debit,Completed,,Loan Payment - LN2019070001082,False,,0.75,,Automated,Vehicle Loan,standard_payment,False,loan_payment_generator,False,
TXNL202000001700,ACC0010803,IND19004134,LN2019070001086,LDO20200000949,8,2020-04-01,02:42:31,1412.09,Debit,Completed,,Loan Payment - LN2019070001086,False,,1.8,,Automated,Personal Loan,standard_payment,False,loan_payment_generator,False,
TXNL202000001701,ACC0010369,IND19012654,LN2019070001117,LDO20200000950,9,2020-04-23,03:17:35,2317.58,Debit,Completed,,Loan Payment - LN2019070001117,False,,0.53,,Automated,Personal Loan,standard_payment,False,loan_payment_generator,False,
TXNL202000001702,ACC0011173,IND19002918,LN2019070001122,LDO20200000951,9,2020-04-29,04:16:32,1425.74,Debit,Completed,,Loan Payment - LN2019070001122,False,,0.95,,Automated,Personal Loan,standard_payment,False,loan_payment_generator,False,
TXNL202000001703,ACC0011052,IND19004930,LN2019070001127,LDO20200000082,9,2020-04-15,03:50:04,1971.52,Debit,Completed,,Loan Payment - LN2019070001127,False,,1.3,,Automated,Vehicle Loan,standard_payment,False,loan_payment_generator,False,
TXNL202000001704,ACC0010295,IND19007893,LN2019070001128,LDO20200000952,8,2020-04-01,03:15:05,1146.94,Debit,Completed,,Loan Payment - LN2019070001128,False,,1.77,,Automated,Home Loan,standard_payment,False,loan_payment_generator,False,
TXNL202000001705,ACC0010477,IND19004600,LN2019070001141,LDO20200000953,9,2020-04-16,03:38:25,3961.55,Debit,Completed,,Loan Payment - LN2019070001141,False,,0.78,,Automated,Personal Loan,standard_payment,False,loan_payment_generator,False,
TXNL202000001706,ACC0011017,IND19010504,LN2019070001142,LDO20200000429,8,2020-04-07,04:15:04,13986.44,Debit,Completed,,Loan Payment - LN2019070001142,False,,0.1,,Automated,Personal Loan,standard_payment,False,loan_payment_generator,False,
TXNL202000001707,ACC0010907,IND19000402,LN2019070001143,LDO20200000954,9,2020-04-19,02:44:55,2422.29,Debit,Completed,,Loan Payment - LN2019070001143,False,,1.87,,Automated,Personal Loan,standard_payment,False,loan_payment_generator,False,
TXNL202000001708,ACC0011160,IND19005174,LN2019070001157,LDO20200000199,8,2020-04-07,02:10:06,1848.64,Debit,Completed,,Loan Payment - LN2019070001157,False,,0.11,,Automated,Home Loan,standard_payment,False,loan_payment_generator,False,
TXNL202000001709,ACC0010751,IND19003812,LN2019070001163,LDO20200000200,9,2020-04-27,04:39:58,1690.82,Debit,Completed,,Loan Payment - LN2019070001163 - Late Fee,False,,0.24,,Automated,Home Loan,late_payment,False,loan_payment_generator,False,
TXNL202000001710,ACC0010731,IND19003563,LN2019070001165,LDO20200000955,9,2020-04-21,03:42:31,1044.81,Debit,Completed,,Loan Payment - LN2019070001165,False,,1.59,,Automated,Vehicle Loan,standard_payment,False,loan_payment_generator,False,
TXNL202000001711,ACC0010438,IND19011807,LN2019070001176,LDO20200000430,8,2020-04-02,03:45:48,13300.87,Debit,Completed,,Loan Payment - LN2019070001176,False,,1.95,,Automated,Personal Loan,standard_payment,False,loan_payment_generator,False,
TXNL202000001712,ACC0010881,IND19001227,LN2019070001206,LDO20200000201,8,2020-04-06,02:32:55,2026.78,Debit,Completed,,Loan Payment - LN2019070001206,False,,0.73,,Automated,Vehicle Loan,standard_payment,False,loan_payment_generator,False,
TXNL202000001713,ACC0010199,IND19004108,LN2019070001208,LDO20200000956,9,2020-04-28,04:47:28,4392.8,Debit,Completed,,Loan Payment - LN2019070001208,False,,1.88,,Automated,Home Loan,standard_payment,False,loan_payment_generator,False,
TXNL202000001714,ACC0010363,IND19010795,LN2019070001213,LDO20200000957,9,2020-04-25,04:04:00,748.07,Debit,Completed,,Loan Payment - LN2019070001213,False,,0.57,,Automated,Home Loan,standard_payment,False,loan_payment_generator,False,
TXNL202000001715,ACC0011207,IND19000522,LN2019070001224,LDO20200000958,9,2020-04-15,02:18:57,4939.82,Debit,Completed,,Loan Payment - LN2019070001224,False,,1.68,,Automated,Vehicle Loan,standard_payment,False,loan_payment_generator,False,
TXNL202000001716,ACC0010157,IND19012944,LN2019070001233,LDO20200000959,9,2020-04-29,02:37:45,3020.77,Debit,Completed,,Loan Payment - LN2019070001233,False,,1.13,,Automated,Vehicle Loan,standard_payment,False,loan_payment_generator,False,
TXNL202000001717,ACC0010232,IND19010044,LN2019070001234,LDO20200000960,9,2020-04-18,04:11:43,1986.94,Debit,Cancelled,customer_stop_instruction,Loan Payment - LN2019070001234,False,,1.16,,Automated,Personal Loan,standard_payment,False,loan_payment_generator,False,
TXNL202000001718,ACC0010611,IND19013513,LN2019070001238,LDO20200000431,9,2020-04-20,02:52:07,970.02,Debit,Completed,,Loan Payment - LN2019070001238,False,,1.93,,Automated,Home Loan,standard_payment,False,loan_payment_generator,False,
TXNL202000001719,ACC0010787,IND19007728,LN2019070001244,LDO20200000961,9,2020-04-26,04:18:16,803.1,Debit,Failed,insufficient_funds,Loan Payment - LN2019070001244,False,,0.42,,Automated,Home Loan,standard_payment,False,loan_payment_generator,False,
TXNL202000001720,ACC0011096,IND19003534,LN2019070001248,LDO20200000962,9,2020-04-29,02:26:06,907.61,Debit,Completed,,Loan Payment - LN2019070001248,False,,1.79,,Automated,Home Loan,standard_payment,False,loan_payment_generator,False,
TXNL202000001721,ACC0010183,IND19002873,LN2019070001271,LDO20200000963,9,2020-04-09,03:31:25,4761.86,Debit,Completed,,Loan Payment - LN2019070001271,False,,1.73,,Automated,Vehicle Loan,standard_payment,False,loan_payment_generator,False,
TXNL202000001722,ACC0010763,IND19005716,LN2019070001274,LDO20200000202,8,2020-04-03,04:19:49,4173.84,Debit,Completed,,Loan Payment - LN2019070001274,False,,0.17,,Automated,Vehicle Loan,standard_payment,False,loan_payment_generator,False,
TXNL202000001723,ACC0010525,IND19010908,LN2019070001279,LDO20200000203,8,2020-04-02,04:43:30,716.53,Debit,Completed,,Loan Payment - LN2019070001279,False,,0.01,,Automated,Vehicle Loan,standard_payment,False,loan_payment_generator,False,
TXNL202000001724,ACC0010328,IND19008589,LN2019070001282,LDO20200000964,9,2020-04-30,04:09:17,2285.12,Debit,Completed,,Loan Payment - LN2019070001282,False,,0.74,,Automated,Vehicle Loan,standard_payment,False,loan_payment_generator,False,
TXNL202000001725,ACC0010910,IND19009481,LN2019070001299,LDO20200000083,8,2020-04-02,04:27:55,911.41,Debit,Completed,,Loan Payment - LN2019070001299,False,,1.59,,Automated,Home Loan,standard_payment,False,loan_payment_generator,False,
TXNL202000001726,ACC0009895,IND19007004,LN2019070001300,LDO20200000965,9,2020-04-25,04:22:06,2662.7,Debit,Completed,,Loan Payment - LN2019070001300,False,,1.17,,Automated,Personal Loan,standard_payment,False,loan_payment_generator,False,
TXNL202000001727,ACC0011248,IND19009344,LN2019070001308,LDO20200000966,8,2020-04-06,03:54:27,3176.04,Debit,Completed,,Loan Payment - LN2019070001308,False,,1.21,,Automated,Vehicle Loan,standard_payment,False,loan_payment_generator,False,
TXNL202000001728,ACC0012829,IND19002487,LN2019080000019,LDO20200000967,8,2020-04-30,02:32:06,943.39,Debit,Completed,,Loan Payment - LN2019080000019,False,,1.26,,Automated,Home Loan,standard_payment,False,loan_payment_generator,False,
TXNL202000001729,ACC0012688,IND19005750,LN2019080000030,LDO20200000432,8,2020-04-21,02:28:03,655.16,Debit,Completed,,Loan Payment - LN2019080000030,False,,1.81,,Automated,Home Loan,standard_payment,False,loan_payment_generator,False,
TXNL202000001730,ACC0012779,IND19015603,LN2019080000033,LDO20200000433,7,2020-04-07,03:50:38,1308.56,Debit,Completed,,Loan Payment - LN2019080000033,False,,0.25,,Automated,Home Loan,standard_payment,False,loan_payment_generator,False,
TXNL202000001731,ACC0012597,IND19008158,LN2019080000037,LDO20200000968,8,2020-04-14,04:38:45,2791.11,Debit,Completed,,Loan Payment - LN2019080000037,False,,0.66,,Automated,Personal Loan,standard_payment,False,loan_payment_generator,False,
TXNL202000001732,ACC0011655,IND19015954,LN2019080000039,LDO20200000969,8,2020-04-13,02:40:19,4117.13,Debit,Completed,,Loan Payment - LN2019080000039,False,,0.34,,Automated,Vehicle Loan,standard_payment,False,loan_payment_generator,False,
TXNL202000001733,ACC0011294,IND19016111,LN2019080000053,LDO20200000434,8,2020-04-20,03:55:10,1656.59,Debit,Completed,,Loan Payment - LN2019080000053,False,,0.7,,Automated,Home Loan,standard_payment,False,loan_payment_generator,False,
TXNL202000001734,ACC0012617,IND19010379,LN2019080000064,LDO20200000435,7,2020-04-06,04:19:55,1895.19,Debit,Completed,,Loan Payment - LN2019080000064,False,,0.96,,Automated,Personal Loan,standard_payment,False,loan_payment_generator,False,
TXNL202000001735,ACC0011375,IND19017428,LN2019080000065,LDO20200000970,7,2020-04-05,03:41:47,1151.34,Debit,Completed,,Loan Payment - LN2019080000065,False,,1.15,,Automated,Home Loan,standard_payment,False,loan_payment_generator,False,
TXNL202000001736,ACC0011575,IND19001648,LN2019080000082,LDO20200000971,8,2020-04-16,02:27:39,1778.11,Debit,Completed,,Loan Payment - LN2019080000082 - Late Fee,False,,0.11,,Automated,Personal Loan,late_payment,False,loan_payment_generator,False,
TXNL202000001737,ACC0011350,IND19008980,LN2019080000086,LDO20200000436,8,2020-04-20,02:09:59,2259.87,Debit,Completed,,Loan Payment - LN2019080000086,False,,1.59,,Automated,Vehicle Loan,standard_payment,False,loan_payment_generator,False,
TXNL202000001738,ACC0012594,IND19010354,LN2019080000087,LDO20200000972,8,2020-04-16,02:00:31,1982.64,Debit,Completed,,Loan Payment - LN2019080000087,False,,1.97,,Automated,Home Loan,standard_payment,False,loan_payment_generator,False,
TXNL202000001739,ACC0012431,IND19017712,LN2019080000089,LDO20200000204,8,2020-04-30,03:17:59,2631.48,Debit,Completed,,Loan Payment - LN2019080000089,False,,1.75,,Automated,Home Loan,standard_payment,False,loan_payment_generator,False,
TXNL202000001740,ACC0011395,IND19013318,LN2019080000104,LDO20200000084,8,2020-04-28,02:51:26,2687.06,Debit,Failed,mandate_limit,Loan Payment - LN2019080000104,False,,0.71,,Automated,Personal Loan,standard_payment,False,loan_payment_generator,False,
TXNL202000001741,ACC0012169,IND19002223,LN2019080000107,LDO20200000973,8,2020-04-28,02:21:32,1026.18,Debit,Completed,,Loan Payment - LN2019080000107 - Extra Principal,False,,0.36,,Automated,Home Loan,extra_payment,False,loan_payment_generator,False,
TXNL202000001742,ACC0011666,IND19010630,LN2019080000120,LDO20200000437,8,2020-04-11,04:41:20,4074.25,Debit,Completed,,Loan Payment - LN2019080000120,False,,0.58,,Automated,Personal Loan,standard_payment,False,loan_payment_generator,False,
TXNL202000001743,ACC0011661,IND19009547,LN2019080000122,LDO20200000205,7,2020-04-06,02:36:07,11151.43,Debit,Completed,,Loan Payment - LN2019080000122,False,,0.14,,Automated,Personal Loan,standard_payment,False,loan_payment_generator,False,
TXNL202000001744,ACC0012121,IND19015743,LN2019080000124,LDO20200000975,7,2020-04-02,04:41:24,1801.96,Debit,Failed,account_blocked,Loan Payment - LN2019080000124 - Extra Principal,False,,0.65,,Automated,Home Loan,extra_payment,False,loan_payment_generator,False,
TXNL202000001745,ACC0011567,IND19017103,LN2019080000126,LDO20200000206,8,2020-04-15,02:22:47,3020.22,Debit,Completed,,Loan Payment - LN2019080000126,False,,1.94,,Automated,Personal Loan,standard_payment,False,loan_payment_generator,False,
TXNL202000001746,ACC0011716,IND19012549,LN2019080000134,LDO20200000438,7,2020-04-07,02:31:10,1797.07,Debit,Completed,,Loan Payment - LN2019080000134,False,,1.49,,Automated,Personal Loan,standard_payment,False,loan_payment_generator,True,amount_rounding_error
TXNL202000001747,ACC0011656,IND19014084,LN2019080000138,LDO20200000976,8,2020-04-26,04:32:16,1534.85,Debit,Completed,,Loan Payment - LN2019080000138,False,,1.68,,Automated,Vehicle Loan,standard_payment,False,loan_payment_generator,False,
TXNL202000001748,ACC0012573,IND19004723,LN2019080000139,LDO20200000977,8,2020-04-11,04:45:01,1459.86,Debit,Completed,,Loan Payment - LN2019080000139,False,,0.4,,Automated,Home Loan,standard_payment,False,loan_payment_generator,False,
TXNL202000001749,ACC0011719,IND19005915,LN2019080000142,LDO20200000439,7,2020-04-07,04:25:56,3640.86,Debit,Failed,mandate_limit,Loan Payment - LN2019080000142,False,,0.27,,Automated,Home Loan,standard_payment,False,loan_payment_generator,False,
TXNL202000001750,ACC0011512,IND19010258,LN2019080000145,LDO20200000440,8,2020-04-30,03:06:33,316.58,Debit,Completed,,Loan Payment - LN2019080000145,False,,1.45,,Automated,Home Loan,standard_payment,False,loan_payment_generator,False,
TXNL202000001751,ACC0011511,IND19008078,LN2019080000147,LDO20200000978,8,2020-04-11,03:45:34,2295.61,Debit,Completed,,Loan Payment - LN2019080000147,False,,0.81,,Automated,Vehicle Loan,standard_payment,False,loan_payment_generator,False,
TXNL202000001752,ACC0012384,IND19017813,LN2019080000150,LDO20200000207,8,2020-04-27,04:18:39,417.81,Debit,Completed,,Loan Payment - LN2019080000150,False,,1.63,,Automated,Home Loan,standard_payment,False,loan_payment_generator,False,
TXNL202000001753,ACC0011508,IND19006111,LN2019080000158,LDO20200000979,8,2020-04-14,02:25:20,1778.97,Debit,Completed,,Loan Payment - LN2019080000158,False,,1.17,,Automated,Personal Loan,standard_payment,False,loan_payment_generator,False,
TXNL202000001754,ACC0011336,IND19010380,LN2019080000170,LDO20200000980,7,2020-04-07,03:19:25,1288.91,Debit,Completed,,Loan Payment - LN2019080000170,False,,1.55,,Automated,Home Loan,standard_payment,False,loan_payment_generator,False,
TXNL202000001755,ACC0012227,IND19018759,LN2019080000179,LDO20200000981,8,2020-04-16,04:59:54,1334.86,Debit,Completed,,Loan Payment - LN2019080000179,False,,0.17,,Automated,Vehicle Loan,standard_payment,False,loan_payment_generator,False,
TXNL202000001756,ACC0011450,IND19017718,LN2019080000185,LDO20200000982,8,2020-04-20,02:03:35,1843.47,Debit,Completed,,Loan Payment - LN2019080000185,False,,1.28,,Automated,Vehicle Loan,standard_payment,False,loan_payment_generator,False,
TXNL202000001757,ACC0011939,IND19005788,LN2019080000186,LDO20200000441,8,2020-04-11,03:16:31,1443.59,Debit,Completed,,Loan Payment - LN2019080000186,False,,1.7,,Automated,Home Loan,standard_payment,False,loan_payment_generator,False,
TXNL202000001758,ACC0012150,IND19004874,LN2019080000188,LDO20200000085,8,2020-04-30,03:03:22,1715.29,Debit,Completed,,Loan Payment - LN2019080000188,False,,0.0,,Automated,Personal Loan,standard_payment,False,loan_payment_generator,False,
TXNL202000001759,ACC0012070,IND19014786,LN2019080000190,LDO20200000442,8,2020-04-16,04:17:17,2081.82,Debit,Completed,,Loan Payment - LN20190800...,False,,1.55,,Automated,Vehicle Loan,standard_payment,False,loan_payment_generator,True,truncated_description
TXNL202000001760,ACC0011524,IND19004328,LN2019080000201,LDO20200000983,8,2020-04-24,03:44:10,7691.1,Debit,Completed,,Loan Payment - LN2019080000201,False,,1.38,,Automated,Home Loan,standard_payment,False,loan_payment_generator,False,
TXNL202000001761,ACC0011461,IND19017490,LN2019080000205,LDO20200000443,8,2020-04-27,03:05:57,990.66,Debit,Completed,,Loan Payment - LN2019080000205,False,,0.6,,Automated,Personal Loan,standard_payment,False,loan_payment_generator,False,
TXNL202000001762,ACC0012050,IND19016322,LN2019080000226,LDO20200000984,8,2020-04-15,04:18:56,1099.32,Debit,Completed,,Loan Payment - LN2019080000226,False,,0.5,,Automated,Home Loan,standard_payment,False,loan_payment_generator,False,
TXNL202000001763,ACC0012873,COM19000059,LN2019080000227,LDO20200000985,8,2020-04-16,03:26:59,3754.91,Debit,Completed,,Loan Payment - LN2019080000227,False,,0.39,,Automated,Business Loan,standard_payment,False,loan_payment_generator,False,
TXNL202000001764,ACC0012840,IND19003141,LN2019080000230,LDO20200000444,8,2020-04-21,03:45:51,5617.05,Debit,Completed,,Loan Payment - LN2019080000230,False,,0.28,,Automated,Personal Loan,standard_payment,False,loan_payment_generator,False,
TXNL202000001765,ACC0011798,IND19011509,LN2019080000240,LDO20200000445,8,2020-04-12,02:50:18,2102.33,Debit,Completed,,Loan Payment - LN2019080000240,False,,1.65,,Automated,Home Loan,standard_payment,False,loan_payment_generator,False,
TXNL202000001766,ACC0011396,IND19013318,LN2019080000246,LDO20200000986,8,2020-04-17,03:08:05,2343.66,Debit,Completed,,Loan Payment - LN2019080000246,False,,1.16,,Automated,Personal Loan,standard_payment,False,loan_payment_generator,False,
TXNL202000001767,ACC0012031,IND19011475,LN2019080000282,LDO20200000987,7,2020-04-04,04:38:20,752.88,Debit,Completed,,Loan Payment - LN2019080000282 - Partial,False,,1.49,,Automated,Home Loan,partial_payment,False,loan_payment_generator,False,
TXNL202000001768,ACC0012584,IND19008092,LN2019080000286,LDO20200000446,8,2020-04-16,03:14:07,1520.39,Debit,Completed,,Loan Payment - LN2019080000286,False,,1.16,,Automated,Personal Loan,standard_payment,False,loan_payment_generator,False,
TXNL202000001769,ACC0012140,IND19009372,LN2019080000289,LDO20200000988,8,2020-04-30,03:38:51,570.43,Debit,Completed,,Loan Payment - LN2019080000289,False,,0.94,,Automated,Home Loan,standard_payment,False,loan_payment_generator,False,
TXNL202000001770,ACC0011670,IND19007780,LN2019080000293,LDO20200000035,8,2020-04-25,04:53:18,1251.23,Debit,Completed,,Loan Payment - LN2019080000293,False,,0.69,,Automated,Home Loan,standard_payment,False,loan_payment_generator,False,
TXNL202000001771,ACC0011496,IND19008717,LN2019080000305,LDO20200000208,8,2020-04-19,04:16:55,3975.2,Debit,Completed,,Loan Payment - LN2019080000305,False,,0.02,,Automated,Personal Loan,standard_payment,False,loan_payment_generator,False,
TXNL202000001772,ACC0011412,IND19018577,LN2019080000318,LDO20200000447,8,2020-04-24,02:26:26,2816.17,Debit,Completed,,Loan Payment - LN2019080000318,False,,1.76,,Automated,Home Loan,standard_payment,False,loan_payment_generator,False,
TXNL202000001773,ACC0012138,IND19011057,LN2019080000324,LDO20200000989,8,2020-04-22,02:33:54,598.35,Debit,Completed,,Loan Payment - LN2019080000324,False,,0.26,,Automated,Home Loan,standard_payment,False,loan_payment_generator,False,
TXNL202000001774,ACC0012602,IND19006076,LN2019080000325,LDO20200000990,7,2020-04-06,04:12:19,2499.13,Debit,Completed,,Loan Payment - LN2019080000325,False,,0.93,,Automated,Personal Loan,standard_payment,False,loan_payment_generator,False,
TXNL202000001775,ACC0011856,IND19001864,LN2019080000327,LDO20200000448,8,2020-04-24,04:49:06,17450.42,Debit,Completed,,Loan Payment - LN2019080000327,False,,1.51,,Automated,Personal Loan,standard_payment,False,loan_payment_generator,False,
TXNL202000001776,ACC0011622,IND19011558,LN2019080000339,LDO20200000449,8,2020-04-30,03:53:22,5773.38,Debit,Completed,,Loan Payment - LN2019080000339,False,,0.91,,Automated,Personal Loan,standard_payment,False,loan_payment_generator,False,
TXNL202000001777,ACC0012219,IND19008337,LN2019080000340,LDO20200000036,7,2020-04-04,03:09:09,2031.61,Debit,Completed,,Loan Payment - LN2019080000340,False,,1.07,,Automated,Vehicle Loan,standard_payment,False,loan_payment_generator,False,
TXNL202000001778,ACC0011613,IND19010239,LN2019080000345,LDO20200000086,7,2020-04-01,02:36:17,1463.63,Debit,Completed,,Loan Payment - LN2019080000345,False,,1.49,,Automated,Home Loan,standard_payment,False,loan_payment_generator,False,
TXNL202000001779,ACC0012386,IND19016064,LN2019080000351,LDO20200000991,8,2020-04-20,03:34:00,2138.03,Debit,Completed,,Loan Payment - LN2019080000351,False,,1.82,,Automated,Home Loan,standard_payment,False,loan_payment_generator,False,
TXNL202000001780,ACC0011586,IND19010878,LN2019080000353,LDO20200000992,7,2020-04-06,02:28:18,859.11,Debit,Completed,,Loan Payment - LN2019080000353,False,,0.9,,Automated,Vehicle Loan,standard_payment,False,loan_payment_generator,False,
TXNL202000001781,ACC0012580,IND19005241,LN2019080000361,LDO20200000450,8,2020-04-22,03:15:35,1281.5,Debit,Completed,,Loan Payment - LN2019080000361,False,,1.71,,Automated,Home Loan,standard_payment,False,loan_payment_generator,False,
TXNL202000001782,ACC0011404,IND19004632,LN2019080000366,LDO20200000993,8,2020-04-22,03:59:21,1224.26,Debit,Completed,,Loan Payment - LN2019080000366,False,,0.66,,Automated,Vehicle Loan,standard_payment,False,loan_payment_generator,False,
TXNL202000001783,ACC0011682,IND19009113,LN2019080000376,LDO20200000994,8,2020-04-24,04:34:09,232.13,Debit,Completed,,Loan Payment - LN2019080000376,False,,0.72,,Automated,Home Loan,standard_payment,False,loan_payment_generator,False,
TXNL202000001784,ACC0012751,IND19000274,LN2019080000377,LDO20200000209,7,2020-04-08,04:49:15,945.51,Debit,Completed,,Loan Payment - LN2019080000377,False,,0.2,,Automated,Personal Loan,standard_payment,False,loan_payment_generator,False,
TXNL202000001785,ACC0012703,IND19008523,LN2019080000384,LDO20200000451,8,2020-04-26,03:48:59,3201.92,Debit,Completed,,Loan Payment - LN2019080000384,False,,0.06,,Automated,Home Loan,standard_payment,False,loan_payment_generator,False,
TXNL202000001786,ACC0012789,IND19016688,LN2019080000387,LDO20200000995,8,2020-04-15,04:20:29,2315.84,Debit,Completed,,Loan Payment - LN2019080000387,False,,0.02,,Automated,Home Loan,standard_payment,False,loan_payment_generator,False,
TXNL202000001787,ACC0012075,IND19011763,LN2019080000399,LDO20200000996,8,2020-04-27,03:39:36,1755.25,Debit,Completed,,Loan Payment - LN20190800...,False,,0.32,,Automated,Home Loan,partial_payment,False,loan_payment_generator,True,truncated_description
TXNL202000001788,ACC0011709,IND19002966,LN2019080000403,LDO20200000997,8,2020-04-23,04:44:47,2410.24,Debit,Completed,,Loan Payment - LN20190800...,False,,0.39,,Automated,Home Loan,standard_payment,False,loan_payment_generator,True,truncated_description
TXNL202000001789,ACC0011990,IND19001331,LN2019080000409,LDO20200000998,8,2020-04-21,02:55:03,1850.79,Debit,Completed,,Loan Payment - LN2019080000409,False,,1.3,,Automated,Home Loan,standard_payment,False,loan_payment_generator,False,
TXNL202000001790,ACC0012065,IND19005416,LN2019080000416,LDO20200000452,8,2020-04-14,04:50:57,13961.04,Debit,Completed,,Loan Payment - LN2019080000416,False,,1.06,,Automated,Personal Loan,standard_payment,False,loan_payment_generator,False,
TXNL202000001791,ACC0012562,IND19013202,LN2019080000426,LDO20200000999,8,2020-04-19,04:04:25,507.11,Debit,Completed,,Loan Payment - LN2019080000426 - Partial,False,,1.5,,Automated,Home Loan,partial_payment,False,loan_payment_generator,False,
TXNL202000001792,ACC0012313,IND19004224,LN2019080000432,LDO20200000453,7,2020-04-01,04:38:10,5183.74,Debit,Completed,,Loan Payment - LN2019080000432,False,,0.3,,Automated,Vehicle Loan,standard_payment,False,loan_payment_generator,False,
TXNL202000001793,ACC0012455,IND19004353,LN2019080000452,LDO20200001000,8,2020-04-28,03:26:15,284.67,Debit,Completed,,Loan Payment - LN2019080000452 - Partial,False,,1.13,,Automated,Home Loan,partial_payment,False,loan_payment_generator,False,
TXNL202000001794,ACC0012484,IND19017142,LN2019080000460,LDO20200001001,7,2020-04-05,02:18:23,6863.43,Debit,Completed,,Loan Payment - LN2019080000460,False,,0.88,,Automated,Personal Loan,standard_payment,False,loan_payment_generator,False,
TXNL202000001795,ACC0012623,IND19013912,LN2019080000468,LDO20200000210,8,2020-04-26,02:05:21,3720.6,Debit,Completed,,Loan Payment - LN2019080000468,False,,0.6,,Automated,Personal Loan,standard_payment,False,loan_payment_generator,False,
TXNL202000001796,ACC0011341,IND19014324,LN2019080000469,LDO20200001002,7,2020-04-07,04:27:29,2000.9,Debit,Completed,,Loan Payment - LN2019080000469,False,,1.88,,Automated,Personal Loan,standard_payment,False,loan_payment_generator,False,
TXNL202000001797,ACC0011844,IND19010575,LN2019080000471,LDO20200001003,7,2020-04-04,04:13:45,1747.25,Debit,Completed,,Loan Payment - LN2019080000471,False,,1.57,,Automated,Personal Loan,standard_payment,False,loan_payment_generator,False,
TXNL202000001798,ACC0012109,IND19002079,LN2019080000479,LDO20200000454,7,2020-04-02,04:52:10,2001.1,Debit,Completed,,Loan Payment - LN2019080000479,False,,0.39,,Automated,Home Loan,standard_payment,False,loan_payment_generator,False,
TXNL202000001799,ACC0012728,IND19009689,LN2019080000483,LDO20200000455,7,2020-04-01,03:02:29,1054.87,Debit,Completed,,Loan Payment - LN2019080000483,False,,0.37,,Automated,Home Loan,standard_payment,False,loan_payment_generator,False,
TXNL202000001800,ACC0012548,IND19009914,LN2019080000489,LDO20200001004,8,2020-04-19,02:38:09,385.65,Debit,Completed,,Loan Payment - LN2019080000489,False,,0.49,,Automated,Home Loan,standard_payment,False,loan_payment_generator,False,
TXNL202000001801,ACC0012388,IND19007153,LN2019080000490,LDO20200001005,8,2020-04-28,04:21:36,6899.97,Debit,Completed,,Loan Payment - LN2019080000490,False,,1.02,,Automated,Personal Loan,standard_payment,False,loan_payment_generator,False,
TXNL202000001802,ACC0012886,COM19000269,LN2019080000491,LDO20200001006,8,2020-04-18,03:30:00,81401.05,Debit,Completed,,Loan Payment - LN2019080000491,False,,0.81,,Automated,Business Loan,standard_payment,False,loan_payment_generator,False,
TXNL202000001803,ACC0012665,IND19002202,LN2019080000494,LDO20200001007,8,2020-04-12,03:10:49,6605.7,Debit,Completed,,Loan Payment - LN2019080000494 - Late Fee,False,,1.01,,Automated,Home Loan,late_payment,False,loan_payment_generator,False,
TXNL202000001804,ACC0012207,IND19018275,LN2019080000497,LDO20200001008,8,2020-04-21,04:34:44,1403.53,Debit,Completed,,Loan Payment - LN2019080000497,False,,1.88,,Automated,Vehicle Loan,standard_payment,False,loan_payment_generator,False,
TXNL202000001805,ACC0011652,IND19016744,LN2019080000499,LDO20200001009,8,2020-04-10,02:59:54,2766.8,Debit,Cancelled,customer_stop_instruction,Loan Payment - LN2019080000499,False,,1.67,,Automated,Personal Loan,standard_payment,False,loan_payment_generator,False,
TXNL202000001806,ACC0012824,IND19017661,LN2019080000509,LDO20200000456,8,2020-04-12,02:13:01,1044.23,Debit,Failed,bank_timeout,Loan Payment - LN2019080000509,False,,1.39,,Automated,Home Loan,standard_payment,False,loan_payment_generator,False,
TXNL202000001807,ACC0012470,IND19001172,LN2019080000515,LDO20200000211,8,2020-04-15,04:49:01,868.93,Debit,Completed,,Loan Payment - LN2019080000515 - Late Fee,False,,0.26,,Automated,Vehicle Loan,late_payment,False,loan_payment_generator,False,
TXNL202000001808,ACC0012808,IND19015435,LN2019080000518,LDO20200001010,8,2020-04-24,03:50:46,4821.33,Debit,Failed,mandate_limit,Loan Payment - LN2019080000518,False,,1.98,,Automated,Personal Loan,standard_payment,False,loan_payment_generator,True,status_inconsistency
TXNL202000001809,ACC0011786,IND19002805,LN2019080000524,LDO20200001011,8,2020-04-23,03:48:49,2148.89,Debit,Completed,,Loan Payment - LN2019080000524,False,,1.24,,Automated,Home Loan,standard_payment,False,loan_payment_generator,False,
TXNL202000001810,ACC0012197,IND19005331,LN2019080000531,LDO20200001012,7,2020-04-01,02:02:12,3440.19,Debit,Completed,,Loan Payment - LN2019080000531,False,,1.64,,Automated,Home Loan,standard_payment,False,loan_payment_generator,False,
TXNL202000001811,ACC0012782,IND19006349,LN2019080000532,LDO20200000457,8,2020-04-19,02:15:59,452.53,Debit,Completed,,Loan Payment - LN2019080000532,False,,0.41,,Automated,Home Loan,standard_payment,False,loan_payment_generator,False,
TXNL202000001812,ACC0011320,IND19003717,LN2019080000543,LDO20200001013,8,2020-04-24,04:44:17,1165.62,Debit,Completed,,Loan Payment - LN2019080000543,False,,1.9,,Automated,Home Loan,standard_payment,False,loan_payment_generator,False,
TXNL202000001813,ACC0012351,IND19019353,LN2019080000544,LDO20200001014,7,2020-04-05,02:00:05,5553.8,Debit,Completed,,Loan Payment - LN2019080000544,False,,1.41,,Automated,Home Loan,standard_payment,False,loan_payment_generator,False,
TXNL202000001814,ACC0012892,COM19000349,LN2019080000573,LDO20200000458,7,2020-04-04,04:18:19,4060.87,Debit,Completed,,Loan Payment - LN2019080000573,False,,0.57,,Automated,Business Loan,standard_payment,False,loan_payment_generator,False,
TXNL202000001815,ACC0011720,IND19005915,LN2019080000578,LDO20200000459,7,2020-04-02,04:40:51,2926.51,Debit,Completed,,Loan Payment - LN2019080000578,False,,0.34,,Automated,Personal Loan,standard_payment,False,loan_payment_generator,False,
TXNL202000001816,ACC0011976,IND19001534,LN2019080000582,LDO20200000037,8,2020-04-18,04:20:24,1982.69,Debit,Failed,daily_limit_exceeded,Loan Payment - LN2019080000582,False,,1.09,,Automated,Home Loan,standard_payment,False,loan_payment_generator,False,
TXNL202000001817,ACC0011545,IND19001828,LN2019080000585,LDO20200000087,7,2020-04-03,04:32:00,2121.47,Debit,Completed,,Loan Payment - LN2019080000585 - Late Fee,False,,1.75,,Automated,Personal Loan,late_payment,False,loan_payment_generator,False,
TXNL202000001818,ACC0012561,IND19003165,LN2019080000587,LDO20200000088,7,2020-04-07,04:04:12,2476.71,Debit,Completed,,Loan Payment - LN2019080000587,False,,2.0,,Automated,Vehicle Loan,standard_payment,False,loan_payment_generator,False,
TXNL202000001819,ACC0012087,IND19002832,LN2019080000596,LDO20200000460,8,2020-04-11,03:41:20,1854.26,Debit,Completed,,Loan Payment - LN2019080000596,False,,0.21,,Automated,Home Loan,standard_payment,False,loan_payment_generator,False,
TXNL202000001820,ACC0012442,IND19012118,LN2019080000608,LDO20200001015,8,2020-04-27,04:18:00,442.97,Debit,Completed,,Loan Payment - LN2019080000608,False,,0.79,,Automated,Home Loan,standard_payment,False,loan_payment_generator,False,
TXNL202000001821,ACC0011827,IND19019306,LN2019080000610,LDO20200001016,8,2020-04-24,04:49:12,5250.85,Debit,Failed,account_blocked,Loan Payment - LN2019080000610,False,,1.33,,Automated,Home Loan,standard_payment,False,loan_payment_generator,False,
TXNL202000001822,ACC0011851,IND19002526,LN2019080000612,LDO20200000461,8,2020-04-29,02:06:23,1209.32,Debit,Completed,,Loan Payment - LN2019080000612,False,,0.36,,Automated,Vehicle Loan,standard_payment,False,loan_payment_generator,False,
TXNL202000001823,ACC0012459,IND19012342,LN2019080000620,LDO20200001017,8,2020-04-30,03:26:04,1044.73,Debit,Completed,,Loan Payment - LN2019080000620,False,,0.88,,Automated,Home Loan,standard_payment,False,loan_payment_generator,False,
TXNL202000001824,ACC0011859,IND19006757,LN2019080000621,LDO20200001018,8,2020-04-13,02:01:23,2414.77,Debit,Completed,,Loan Payment - LN2019080000621,False,,0.39,,Automated,Home Loan,standard_payment,False,loan_payment_generator,False,
TXNL202000001825,ACC0011386,IND19003795,LN2019080000623,LDO20200001019,8,2020-04-25,02:58:04,2005.69,Debit,Completed,,Loan Payment - LN2019080000623,False,,0.73,,Automated,Vehicle Loan,standard_payment,False,loan_payment_generator,False,
TXNL202000001826,ACC0011295,IND19004695,LN2019080000626,LDO20200000212,7,2020-04-06,02:04:15,1220.21,Debit,Completed,,Loan Payment - LN2019080000626,False,,0.45,,Automated,Vehicle Loan,standard_payment,False,loan_payment_generator,False,
TXNL202000001827,ACC0012498,IND19007077,LN2019080000639,LDO20200001020,8,2020-04-30,04:41:03,4031.93,Debit,Completed,,Loan Payment - LN2019080000639,False,,0.37,,Automated,Home Loan,standard_payment,False,loan_payment_generator,False,
TXNL202000001828,ACC0011428,IND19000865,LN2019080000652,LDO20200001021,7,2020-04-01,04:18:31,2529.76,Debit,Completed,,Loan Payment - LN2019080000652,False,,0.72,,Automated,Vehicle Loan,standard_payment,False,loan_payment_generator,False,
TXNL202000001829,ACC0012711,IND19006279,LN2019080000674,LDO20200001022,8,2020-04-23,09:25:40,4543.81,Debit,Completed,,Loan Payment - LN2019080000674,False,,1.0,,Automated,Home Loan,standard_payment,False,loan_payment_generator,True,timestamp_shift
TXNL202000001830,ACC0011883,IND19001987,LN2019080000682,LDO20200001023,8,2020-04-27,02:32:11,953.98,Debit,Completed,,Loan Payment - LN2019080000682,False,,0.77,,Automated,Personal Loan,standard_payment,False,loan_payment_generator,False,
TXNL202000001831,ACC0012756,IND19013754,LN2019080000683,LDO20200000462,8,2020-04-16,03:33:49,471.71,Debit,Completed,,Loan Payment - LN2019080000683,False,,1.53,,Automated,Personal Loan,standard_payment,False,loan_payment_generator,False,
TXNL202000001832,ACC0012151,IND19007839,LN2019080000722,LDO20200000463,8,2020-04-19,04:45:56,1520.82,Debit,Completed,,Loan Payment - LN2019080000722,False,,1.87,,Automated,Home Loan,standard_payment,False,loan_payment_generator,False,
TXNL202000001833,ACC0011551,IND19001572,LN2019080000728,LDO20200000213,8,2020-04-26,02:14:30,1216.92,Debit,Completed,,Loan Payment - LN2019080000728,False,,1.3,,Automated,Home Loan,standard_payment,False,loan_payment_generator,False,
TXNL202000001834,ACC0012884,COM19000303,LN2019080000733,LDO20200001024,8,2020-04-09,03:09:12,38122.9,Debit,Completed,,Loan Payment - LN20190800...,False,,0.27,,Automated,Business Loan,standard_payment,False,loan_payment_generator,True,truncated_description
TXNL202000001835,ACC0011616,IND19017642,LN2019080000737,LDO20200001025,8,2020-04-23,03:02:20,6140.26,Debit,Completed,,Loan Payment - LN2019080000737,False,,0.66,,Automated,Personal Loan,standard_payment,False,loan_payment_generator,False,
TXNL202000001836,ACC0011583,IND19013428,LN2019080000758,LDO20200001026,8,2020-04-27,04:10:47,967.65,Debit,Completed,,Loan Payment - LN2019080000758,False,,0.76,,Automated,Personal Loan,standard_payment,False,loan_payment_generator,False,
TXNL202000001837,ACC0011932,IND19016374,LN2019080000761,LDO20200001027,8,2020-04-24,02:56:54,5930.17,Debit,Completed,,Loan Payment - LN2019080000761 - Extra Principal,False,,0.65,,Automated,Home Loan,extra_payment,False,loan_payment_generator,False,
TXNL202000001838,ACC0011818,IND19002541,LN2019080000766,LDO20200000464,8,2020-04-25,02:56:40,3075.79,Debit,Completed,,Loan Payment - LN2019080000766,False,,1.11,,Automated,Home Loan,standard_payment,False,loan_payment_generator,False,
TXNL202000001839,ACC0012777,IND19003104,LN2019080000767,LDO20200001028,8,2020-04-30,02:55:07,1647.0,Debit,Completed,,Loan Payment - LN2019080000767 - Late Fee,False,,0.37,,Automated,Vehicle Loan,late_payment,False,loan_payment_generator,False,
TXNL202000001840,ACC0011480,IND19001929,LN2019080000773,LDO20200000465,8,2020-04-21,03:31:34,811.55,Debit,Completed,,Loan Payment - LN2019080000773,False,,1.27,,Automated,Home Loan,standard_payment,False,loan_payment_generator,False,
TXNL202000001841,ACC0012512,IND19015680,LN2019080000774,LDO20200001029,7,2020-04-05,04:59:38,2348.32,Debit,Completed,,Loan Payment - LN2019080000774,False,,1.9,,Automated,Vehicle Loan,standard_payment,False,loan_payment_generator,False,
TXNL202000001842,ACC0012554,IND19017928,LN2019080000778,LDO20200000214,7,2020-04-01,04:26:11,2759.92,Debit,Completed,,Loan Payment - LN2019080000778,False,,0.82,,Automated,Personal Loan,standard_payment,False,loan_payment_generator,False,
TXNL202000001843,ACC0012682,IND19009302,LN2019080000790,LDO20200000466,7,2020-04-05,03:33:51,871.66,Debit,Completed,,Loan Payment - LN2019080000790,False,,0.64,,Automated,Home Loan,standard_payment,False,loan_payment_generator,False,
TXNL202000001844,ACC0012895,COM19000097,LN2019080000798,LDO20200000467,8,2020-04-27,03:55:30,33747.01,Debit,Completed,,Loan Payment - LN2019080000798,False,,0.27,,Automated,Business Loan,standard_payment,False,loan_payment_generator,False,
TXNL202000001845,ACC0012475,IND19014810,LN2019080000803,LDO20200001030,8,2020-04-18,04:12:46,4608.52,Debit,Completed,,Loan Payment - LN2019080000803,False,,1.21,,Automated,Home Loan,standard_payment,False,loan_payment_generator,False,
TXNL202000001846,ACC0011848,IND19016189,LN2019080000806,LDO20200001031,8,2020-04-15,02:19:19,1725.62,Debit,Completed,,Loan Payment - LN2019080000806,False,,1.6,,Automated,Personal Loan,standard_payment,False,loan_payment_generator,False,
TXNL202000001847,ACC0012732,IND19016318,LN2019080000814,LDO20200001032,8,2020-04-24,04:04:05,953.95,Debit,Completed,,Loan Payment - LN2019080000814,False,,0.22,,Automated,Vehicle Loan,standard_payment,False,loan_payment_generator,False,
TXNL202000001848,ACC0012275,IND19004402,LN2019080000816,LDO20200000468,8,2020-04-19,04:52:58,527.36,Debit,Completed,,Loan Payment - LN2019080000816,False,,1.63,,Automated,Vehicle Loan,standard_payment,False,loan_payment_generator,False,
TXNL202000001849,ACC0012115,IND19005283,LN2019080000828,LDO20200001033,8,2020-04-16,02:16:13,2330.62,Debit,Completed,,Loan Payment - LN2019080000828,False,,1.82,,Automated,Home Loan,standard_payment,False,loan_payment_generator,False,
TXNL202000001850,ACC0011330,IND19011635,LN2019080000829,LDO20200001034,7,2020-04-05,06:15:49,3467.56,Debit,Completed,,Loan Payment - LN2019080000829,False,,0.92,,Automated,Home Loan,standard_payment,False,loan_payment_generator,True,timestamp_shift
TXNL202000001851,ACC0011529,IND19004634,LN2019080000831,LDO20200001035,8,2020-04-27,02:16:20,3003.75,Debit,Completed,,Loan Payment - LN2019080000831,False,,1.62,,Automated,Home Loan,standard_payment,False,loan_payment_generator,False,
TXNL202000001852,ACC0012224,IND19014262,LN2019080000834,LDO20200001036,8,2020-04-21,02:07:58,7558.23,Debit,Completed,,Loan Payment - LN2019080000834,False,,0.06,,Automated,Home Loan,standard_payment,False,loan_payment_generator,False,
TXNL202000001853,ACC0011900,IND19016824,LN2019080000837,LDO20200000215,7,2020-04-01,02:11:28,252.07,Debit,Completed,,Loan Payment - LN2019080000837 - Extra Principal,False,,1.62,,Automated,Home Loan,extra_payment,False,loan_payment_generator,False,
TXNL202000001854,ACC0012539,IND19011505,LN2019080000867,LDO20200000089,8,2020-04-13,02:41:37,6098.43,Debit,Completed,,Loan Payment - LN2019080000867,False,,0.97,,Automated,Home Loan,standard_payment,False,loan_payment_generator,False,
TXNL202000001855,ACC0011362,IND19015936,LN2019080000884,LDO20200001037,8,2020-04-19,04:04:20,1505.92,Debit,Completed,,Loan Payment - LN2019080000884,False,,1.74,,Automated,Home Loan,standard_payment,False,loan_payment_generator,False,
TXNL202000001856,ACC0012210,IND19019586,LN2019080000885,LDO20200000469,8,2020-04-23,03:50:39,1958.7,Debit,Completed,,Loan Payment - LN2019080000885,False,,1.68,,Automated,Personal Loan,standard_payment,False,loan_payment_generator,False,
TXNL202000001857,ACC0011659,IND19015490,LN2019080000887,LDO20200000470,7,2020-04-02,04:26:10,5458.51,Debit,Completed,,Loan Payment - LN2019080000887,False,,1.51,,Automated,Home Loan,standard_payment,False,loan_payment_generator,False,
TXNL202000001858,ACC0012226,IND19017233,LN2019080000890,LDO20200000216,8,2020-04-24,03:03:35,5037.0,Debit,Completed,,Loan Payment - LN2019080000890 - Late Fee,False,,1.05,,Automated,Personal Loan,late_payment,False,loan_payment_generator,False,
TXNL202000001859,ACC0012851,IND19015798,LN2019080000892,LDO20200000471,8,2020-04-22,04:23:27,1529.05,Debit,Completed,,Loan Payment - LN2019080000892,False,,1.7,,Automated,Vehicle Loan,standard_payment,False,loan_payment_generator,False,
TXNL202000001860,ACC0012266,IND19003573,LN2019080000898,LDO20200000217,7,2020-04-01,03:27:51,1845.53,Debit,Completed,,Loan Payment - LN2019080000898,False,,1.15,,Automated,Vehicle Loan,standard_payment,False,loan_payment_generator,False,
TXNL202000001861,ACC0011951,IND19016239,LN2019080000902,LDO20200001038,8,2020-04-21,04:03:54,2597.0,Debit,Completed,,Loan Payment - LN2019080000902,False,,0.17,,Automated,Home Loan,standard_payment,False,loan_payment_generator,False,
TXNL202000001862,ACC0011792,IND19012021,LN2019080000908,LDO20200000218,8,2020-04-17,02:39:36,3093.11,Debit,Completed,,Loan Payment - LN2019080000908,False,,0.6,,Automated,Vehicle Loan,standard_payment,False,loan_payment_generator,False,
TXNL202000001863,ACC0011822,IND19006466, LN2019080000912 ,LDO20200000472,8,2020-04-21,02:35:25,2522.16,Debit,Completed,,Loan Payment - LN2019080000912,False,,0.4,,Automated,Vehicle Loan,standard_payment,False,loan_payment_generator,True,whitespace_in_id
TXNL202000001864,ACC0012373,IND19004144,LN2019080000920,LDO20200001039,8,2020-04-25,02:19:39,2549.04,Debit,Completed,,Loan Payment - LN2019080000920,False,,0.12,,Automated,Vehicle Loan,standard_payment,False,loan_payment_generator,False,
TXNL202000001865,ACC0011553,IND19016071,LN2019080000929,LDO20200000473,8,2020-04-23,03:42:24,835.9,Debit,Completed,,Loan Payment - LN2019080000929,False,,1.24,,Automated,Personal Loan,standard_payment,False,loan_payment_generator,False,
TXNL202000001866,ACC0012212,IND19008741,LN2019080000931,LDO20200001040,8,2020-04-13,04:02:51,2098.07,Debit,Completed,,Loan Payment - LN2019080000931,False,,1.29,,Automated,Vehicle Loan,standard_payment,False,loan_payment_generator,False,
TXNL202000001867,ACC0011662,IND19007783,LN2019080000938,LDO20200001041,8,2020-04-20,02:59:49,14044.98,Debit,Completed,,Loan Payment - LN2019080000938,False,,0.05,,Automated,Personal Loan,standard_payment,False,loan_payment_generator,False,
TXNL202000001868,ACC0012113,IND19011037,LN2019080000941,LDO20200000090,8,2020-04-11,03:58:34,4909.23,Debit,Completed,,Loan Payment - LN20190800...,False,,0.77,,Automated,Home Loan,standard_payment,False,loan_payment_generator,True,truncated_description
TXNL202000001869,ACC0012170,IND19002223,LN2019080000942,LDO20200001042,8,2020-04-21,02:51:52,465.59,Debit,Completed,,Loan Payment - LN2019080000942,False,,1.33,,Automated,Vehicle Loan,standard_payment,False,loan_payment_generator,False,
TXNL202000001870,ACC0012092,IND19008449,LN2019080000946,LDO20200000038,8,2020-04-15,03:55:09,2105.91,Debit,Completed,,Loan Payment - LN2019080000946,False,,0.91,,Automated,Home Loan,standard_payment,False,loan_payment_generator,False,
TXNL202000001871,ACC0012767,IND19006341,LN2019080000950,LDO20200001043,8,2020-04-21,03:03:49,1417.45,Debit,Completed,,Loan Payment - LN2019080000950,False,,0.38,,Automated,Home Loan,standard_payment,False,loan_payment_generator,False,
TXNL202000001872,ACC0012614,IND19014627,LN2019080000953,LDO20200001044,7,2020-04-01,04:08:12,2160.22,Debit,Completed,,Loan Payment - LN2019080000953,False,,0.01,,Automated,Vehicle Loan,standard_payment,False,loan_payment_generator,False,
TXNL202000001873,ACC0012204,IND19003136,LN2019080000954,LDO20200001045,7,2020-04-02,02:33:33,753.49,Debit,Completed,,Loan Payment - LN2019080000954,False,,0.71,,Automated,Home Loan,standard_payment,False,loan_payment_generator,False,
TXNL202000001874,ACC0012896,COM19000288,LN2019080000963,LDO20200001046,8,2020-04-29,04:17:20,8606.07,Debit,Failed,insufficient_funds,Loan Payment - LN2019080000963,False,,0.63,,Automated,Business Loan,standard_payment,False,loan_payment_generator,False,
TXNL202000001875,ACC0012158,IND19016865,LN2019080000989,LDO20200001047,8,2020-04-13,03:43:23,5394.31,Debit,Completed,,Loan Payment - LN2019080000989,False,,1.04,,Automated,Home Loan,standard_payment,False,loan_payment_generator,False,
TXNL202000001876,ACC0012171,IND19019262,LN2019080000993,LDO20200001048,8,2020-04-28,02:16:55,3358.57,Debit,Completed,,Loan Payment - LN2019080000993,False,,0.77,,Automated,Personal Loan,standard_payment,False,loan_payment_generator,False,
TXNL202000001877,ACC0011454,IND19004910,LN2019080000995,LDO20200001049,8,2020-04-20,02:50:17,3405.49,Debit,Completed,,Loan Payment - LN2019080000995,False,,1.73,,Automated,Vehicle Loan,standard_payment,False,loan_payment_generator,False,
TXNL202000001878,ACC0012234,IND19012335,LN2019080000997,LDO20200001050,8,2020-04-24,02:39:59,1074.89,Debit,Completed,,Loan Payment - LN2019080000997,False,,0.9,,Automated,Home Loan,standard_payment,False,loan_payment_generator,False,
TXNL202000001879,ACC0011441,IND19004907,LN2019080000998,LDO20200000474,8,2020-04-25,04:49:37,3100.65,Debit,Completed,,Loan Payment - LN2019080000998,False,,0.61,,Automated,Home Loan,standard_payment,False,loan_payment_generator,False,
TXNL202000001880,ACC0012118,IND19010720,LN2019080000999,LDO20200001051,8,2020-04-15,03:55:08,2914.52,Debit,Completed,,Loan Payment - LN2019080000999,False,,0.88,,Automated,Home Loan,standard_payment,False,loan_payment_generator,False,
TXNL202000001881,ACC0012260,IND19007134,LN2019080001002,LDO20200001052,8,2020-04-16,04:21:45,1093.46,Debit,Completed,,Loan Payment - LN2019080001002,False,,0.3,,Automated,Vehicle Loan,standard_payment,False,loan_payment_generator,False,
TXNL202000001882,ACC0012368,IND19017074,LN2019080001003,LDO20200001053,8,2020-04-28,02:17:49,13920.44,Debit,Completed,,Loan Payment - LN2019080001003,False,,1.82,,Automated,Personal Loan,standard_payment,False,loan_payment_generator,False,
TXNL202000001883,ACC0011570,IND19008030,LN2019080001004,LDO20200000475,8,2020-04-16,04:47:37,11968.58,Debit,Completed,,Loan Payment - LN2019080001004,False,,0.1,,Automated,Personal Loan,standard_payment,False,loan_payment_generator,False,
TXNL202000001884,ACC0012499,IND19014773,LN2019080001010,LDO20200001054,7,2020-04-03,04:36:19,1656.36,Debit,Completed,,Loan Payment - LN2019080001010,False,,0.58,,Automated,Personal Loan,standard_payment,False,loan_payment_generator,False,
TXNL202000001885,ACC0012494,IND19001976,LN2019080001013,LDO20200001055,7,2020-04-04,04:21:35,2427.14,Debit,Completed,,Loan Payment - LN2019080001013 - Late Fee,False,,0.41,,Automated,Home Loan,late_payment,False,loan_payment_generator,False,
TXNL202000001886,ACC0011520,IND19012986,LN2019080001014,LDO20200000219,7,2020-04-03,02:33:51,2298.49,Debit,Completed,,Loan Payment - LN2019080001014,False,,1.74,,Automated,Vehicle Loan,standard_payment,False,loan_payment_generator,False,
TXNL202000001887,ACC0012768,IND19010556,LN2019080001021,LDO20200001056,8,2020-04-14,03:52:59,4190.14,Debit,Completed,,Loan Payment - LN2019080001021,False,,1.7,,Automated,Personal Loan,standard_payment,False,loan_payment_generator,False,
TXNL202000001888,ACC0012133,IND19000962,LN2019080001027,LDO20200001057,8,2020-04-29,02:20:02,929.9,Debit,Completed,,Loan Payment - LN2019080001027,False,,1.8,,Automated,Personal Loan,standard_payment,False,loan_payment_generator,False,
TXNL202000001889,ACC0012747,IND19005503,LN2019080001029,LDO20200000220,8,2020-04-29,04:01:48,447.83,Debit,Failed,account_blocked,Loan Payment - LN2019080001029,False,,1.41,,Automated,Home Loan,standard_payment,False,loan_payment_generator,False,
TXNL202000001890,ACC0011299,IND19013786,LN2019080001033,LDO20200000476,8,2020-04-22,03:48:43,6956.75,Debit,Completed,,Loan Payment - LN2019080001033 - Extra Principal,False,,0.58,,Automated,Home Loan,extra_payment,False,loan_payment_generator,False,
TXNL202000001891,ACC0011729,IND19009759,LN2019080001034,LDO20200001058,7,2020-04-01,04:33:17,6287.99,Debit,Completed,,Loan Payment - LN2019080001034,False,,0.75,,Automated,Home Loan,standard_payment,False,loan_payment_generator,False,
TXNL202000001892,ACC0011740,IND19008521,LN2019080001037,LDO20200000221,7,2020-04-09,02:40:09,10740.24,Debit,Completed,,Loan Payment - LN2019080001037,False,,1.29,,Automated,Personal Loan,standard_payment,False,loan_payment_generator,False,
TXNL202000001893,ACC0012654,IND19004248,LN2019080001042,LDO20200001059,8,2020-04-22,02:02:08,1661.75,Debit,Completed,,Loan Payment - LN2019080001042,False,,1.46,,Automated,Vehicle Loan,standard_payment,False,loan_payment_generator,False,
TXNL202000001894,ACC0012504,IND19000209,LN2019080001043,LDO20200001060,7,2020-04-09,04:30:09,1686.55,Debit,Cancelled,customer_stop_instruction,Loan Payment - LN2019080001043,False,,1.45,,Automated,Personal Loan,standard_payment,False,loan_payment_generator,False,
TXNL202000001895,ACC0012103,IND19001306,LN2019080001044,LDO20200001061,8,2020-04-30,03:54:11,927.03,Debit,Completed,,Loan Payment - LN2019080001044,False,,0.23,,Automated,Home Loan,standard_payment,False,loan_payment_generator,False,
TXNL202000001896,ACC0012356,IND19014034,LN2019080001051,LDO20200000222,8,2020-04-30,03:36:23,1831.54,Debit,Completed,,Loan Payment - LN2019080001051,False,,1.98,,Automated,Home Loan,standard_payment,False,loan_payment_generator,False,
TXNL202000001897,ACC0012758,IND19006998,LN2019080001059,LDO20200000477,7,2020-04-10,02:45:32,3290.24,Debit,Completed,,Loan Payment - LN2019080001059,False,,1.36,,Automated,Vehicle Loan,standard_payment,False,loan_payment_generator,False,
TXNL202000001898,ACC0012214,IND19014256,LN2019080001062,LDO20200000478,8,2020-04-19,02:34:39,3700.9,Debit,Completed,,Loan Payment - LN2019080001062,False,,1.04,,Automated,Home Loan,standard_payment,False,loan_payment_generator,False,
TXNL202000001899,ACC0012250,IND19013806,LN2019080001067,LDO20200000091,7,2020-04-02,04:57:12,1768.54,Debit,Completed,,Loan Payment - LN2019080001067,False,,1.96,,Automated,Personal Loan,standard_payment,False,loan_payment_generator,False,
TXNL202000001900,ACC0011636,IND19007660,LN2019080001072,LDO20200001062,8,2020-04-27,04:24:49,2269.22,Debit,Completed,,Loan Payment - LN2019080001072,False,,0.65,,Automated,Personal Loan,standard_payment,False,loan_payment_generator,False,
TXNL202000001901,ACC0012027,IND19008927,LN2019080001074,LDO20200001063,7,2020-04-09,02:40:41,1433.59,Debit,Completed,,Loan Payment - LN2019080001074,False,,0.23,,Automated,Home Loan,standard_payment,False,loan_payment_generator,False,
TXNL202000001902,ACC0011688,IND19017736,LN2019080001076,LDO20200000223,8,2020-04-18,02:02:38,2108.72,Debit,Completed,,Loan Payment - LN2019080001076,False,,1.3,,Automated,Personal Loan,standard_payment,False,loan_payment_generator,False,
TXNL202000001903,ACC0011814,IND19013409,LN2019080001082,LDO20200000039,8,2020-04-23,03:28:36,3589.0,Debit,Completed,,Loan Payment - LN2019080001082,False,,0.49,,Automated,Home Loan,standard_payment,False,loan_payment_generator,False,
TXNL202000001904,ACC0012076,IND19015931,LN2019080001086,LDO20200000479,8,2020-04-29,02:04:35,1514.97,Debit,Completed,,Loan Payment - LN2019080001086,False,,1.16,,Automated,Vehicle Loan,standard_payment,False,loan_payment_generator,False,
TXNL202000001905,ACC0012385,IND19001495,LN2019080001088,LDO20200000480,7,2020-04-02,02:56:16,952.55,Debit,Completed,,Loan Payment - LN2019080001088,False,,0.2,,Automated,Home Loan,standard_payment,False,loan_payment_generator,False,
TXNL202000001906,ACC0012393,IND19006925,LN2019080001091,LDO20200000481,8,2020-04-21,04:38:23,1732.18,Debit,Completed,,Loan Payment - LN2019080001091,False,,1.89,,Automated,Personal Loan,standard_payment,False,loan_payment_generator,False,
TXNL202000001907,ACC0011558,IND19005048,LN2019080001099,LDO20200001064,8,2020-04-28,03:42:33,3638.6,Debit,Completed,,Loan Payment - LN2019080001099,False,,0.49,,Automated,Vehicle Loan,standard_payment,False,loan_payment_generator,False,
TXNL202000001908,ACC0012513,IND19015680,LN2019080001108,LDO20200001065,8,2020-04-30,04:20:44,1352.59,Debit,Completed,,Loan Payment - LN2019080001108,False,,0.37,,Automated,Vehicle Loan,standard_payment,False,loan_payment_generator,False,
TXNL202000001909,ACC0012107,IND19008635,LN2019080001114,LDO20200001066,8,2020-04-27,02:56:13,2024.88,Debit,Completed,,Loan Payment - LN2019080001114,False,,1.11,,Automated,Vehicle Loan,standard_payment,False,loan_payment_generator,False,
TXNL202000001910,ACC0012739,IND19007446,LN2019080001118,LDO20200000482,7,2020-04-01,02:54:52,1157.72,Debit,Completed,,Loan Payment - LN2019080001118,False,,1.45,,Automated,Personal Loan,standard_payment,False,loan_payment_generator,False,
TXNL202000001911,ACC0012222,IND19019694,LN2019080001126,LDO20200001067,8,2020-04-09,04:54:36,3692.67,Debit,Completed,,Loan Payment - LN2019080001126,False,,1.43,,Automated,Home Loan,standard_payment,False,loan_payment_generator,False,
TXNL202000001912,ACC0011458,IND19008867,LN2019080001131,LDO20200000092,8,2020-04-18,04:17:42,2438.52,Debit,Failed,account_blocked,Loan Payment - LN2019080001131,False,,1.31,,Automated,Vehicle Loan,standard_payment,False,loan_payment_generator,False,
TXNL202000001913,ACC0011605,IND19007573,LN2019080001139,LDO20200001068,8,2020-04-27,02:11:58,8340.92,Debit,Completed,,Loan Payment - LN2019080001139,False,,0.45,,Automated,Home Loan,standard_payment,False,loan_payment_generator,False,
TXNL202000001914,ACC0012849,IND19005417,LN2019080001142,LDO20200000483,7,2020-04-05,02:31:35,2391.72,Debit,Completed,,Loan Payment - LN2019080001142 - Late Fee,False,,0.38,,Automated,Home Loan,late_payment,False,loan_payment_generator,False,
TXNL202000001915,ACC0012303,IND19009010,LN2019080001143,LDO20200001069,8,2020-04-20,02:54:43,1370.63,Debit,Completed,,Loan Payment - LN2019080001143,False,,0.85,,Automated,Home Loan,standard_payment,False,loan_payment_generator,False,
TXNL202000001916,ACC0012015,IND19003146,LN2019080001148,LDO20200000224,8,2020-04-24,03:21:48,3392.06,Debit,Completed,,Loan Payment - LN2019080001148,False,,1.7,,Automated,Personal Loan,standard_payment,False,loan_payment_generator,False,
TXNL202000001917,ACC0011594,IND19009558,LN2019080001154,LDO20200000093,8,2020-04-14,04:05:50,7344.24,Debit,Completed,,Loan Payment - LN2019080001154,False,,0.25,,Automated,Home Loan,standard_payment,False,loan_payment_generator,False,
TXNL202000001918,ACC0012583,IND19004856,LN2019080001169,LDO20200001070,8,2020-04-23,03:30:35,1508.05,Debit,Completed,,Loan Payment - LN2019080001169,False,,1.81,,Automated,Home Loan,standard_payment,False,loan_payment_generator,False,
TXNL202000001919,ACC0011843,IND19002977,LN2019080001175,LDO20200001071,8,2020-04-29,04:22:15,1117.08,Debit,Completed,,Loan Payment - LN2019080001175,False,,0.37,,Automated,Vehicle Loan,standard_payment,False,loan_payment_generator,False,
TXNL202000001920,ACC0012571,IND19001949,LN2019080001186,LDO20200001072,7,2020-04-03,04:01:19,2279.73,Debit,Completed,,Loan Payment - LN2019080001186,False,,0.17,,Automated,Home Loan,standard_payment,False,loan_payment_generator,False,
TXNL202000001921,ACC0012218,IND19008337,LN2019080001196,LDO20200001073,7,2020-04-02,03:19:45,2775.96,Debit,Completed,,Loan Payment - LN2019080001196,False,,1.1,,Automated,Home Loan,standard_payment,False,loan_payment_generator,False,
TXNL202000001922,ACC0012713,IND19011304,LN2019080001197,LDO20200001074,7,2020-04-10,04:00:12,3582.86,Debit,Completed,,Loan Payment - LN2019080001197,False,,1.18,,Automated,Vehicle Loan,standard_payment,False,loan_payment_generator,False,
TXNL202000001923,ACC0011806,IND19012627,LN2019080001202,LDO20200001075,7,2020-04-10,02:41:04,1295.82,Debit,Completed,,Loan Payment - LN2019080001202 - Partial,False,,1.65,,Automated,Home Loan,partial_payment,False,loan_payment_generator,False,
TXNL202000001924,ACC0011418,IND19002376,LN2019080001203,LDO20200000484,7,2020-04-02,04:42:00,11952.78,Debit,Completed,,Loan Payment - LN2019080001203,False,,1.43,,Automated,Personal Loan,standard_payment,False,loan_payment_generator,False,
TXNL202000001925,ACC0012240,IND19004835,LN2019080001206,LDO20200001076,8,2020-04-12,03:28:59,3581.14,Debit,Completed,,Loan Payment - LN2019080001206,False,,1.59,,Automated,Home Loan,standard_payment,False,loan_payment_generator,False,
TXNL202000001926,ACC0011803,IND19019137,LN2019080001216,LDO20200000225,8,2020-04-29,02:26:59,7160.2,Debit,Completed,,Loan Payment - LN2019080001216,False,,1.23,,Automated,Personal Loan,standard_payment,False,loan_payment_generator,False,
TXNL202000001927,ACC0012305,IND19010535,LN2019080001230,LDO20200001077,8,2020-04-28,04:33:21,7718.99,Debit,Completed,,Loan Payment - LN2019080001230,False,,0.54,,Automated,Home Loan,standard_payment,False,loan_payment_generator,False,
TXNL202000001928,ACC0011726,IND19014238,LN2019080001235,LDO20200000485,8,2020-04-22,04:37:35,2032.12,Debit,Completed,,Loan Payment - LN2019080001235,False,,1.85,,Automated,Home Loan,standard_payment,False,loan_payment_generator,False,
TXNL202000001929,ACC0011377,IND19012177,LN2019080001240,LDO20200000094,7,2020-04-05,04:16:29,4752.33,Debit,Completed,,Loan Payment - LN2019080001240,False,,1.55,,Automated,Home Loan,standard_payment,False,loan_payment_generator,False,
TXNL202000001930,ACC0011584,IND19012193,LN2019080001246,LDO20200001078,8,2020-04-29,03:42:04,895.78,Debit,Cancelled,customer_stop_instruction,Loan Payment - LN2019080001246 - Partial,False,,1.41,,Automated,Home Loan,partial_payment,False,loan_payment_generator,False,
TXNL202000001931,ACC0012871,COM19000067,LN2019080001247,LDO20200000226,7,2020-04-06,03:16:45,6437.86,Debit,Completed,,Loan Payment - LN2019080001247,False,,1.51,,Automated,Business Loan,standard_payment,False,loan_payment_generator,False,
TXNL202000001932,ACC0011658,IND19019139,LN2019080001248,LDO20200000486,8,2020-04-25,04:50:59,3333.92,Debit,Completed,,Loan Payment - LN2019080001248 - Late Fee,False,,1.87,,Automated,Home Loan,late_payment,False,loan_payment_generator,False,
TXNL202000001933,ACC0011513,IND19008916,LN2019080001249,LDO20200001079,8,2020-04-14,02:28:28,3148.52,Debit,Completed,,Loan Payment - LN2019080001249,False,,1.51,,Automated,Vehicle Loan,standard_payment,False,loan_payment_generator,False,
TXNL202000001934,ACC0012387,IND19019017,LN2019080001254,LDO20200001080,8,2020-04-17,04:21:57,3550.47,Debit,Cancelled,customer_stop_instruction,Loan Payment - LN2019080001254,False,,1.86,,Automated,Home Loan,standard_payment,False,loan_payment_generator,False,
TXNL202000001935,ACC0011994,IND19001228,LN2019080001255,LDO20200000227,8,2020-04-12,03:40:13,1807.86,Debit,Completed,,Loan Payment - LN2019080001255,False,,1.37,,Automated,Home Loan,standard_payment,False,loan_payment_generator,False,
TXNL202000001936,ACC0011382,IND19019008,LN2019080001261,LDO20200001081,8,2020-04-20,03:51:23,4340.55,Debit,Completed,,Loan Payment - LN2019080001261,False,,0.42,,Automated,Vehicle Loan,standard_payment,False,loan_payment_generator,False,
TXNL202000001937,ACC0012190,IND19004395,LN2019080001264,LDO20200001082,8,2020-04-18,04:58:22,1786.59,Debit,Completed,,Loan Payment - LN2019080001264,False,,0.22,,Automated,Home Loan,standard_payment,False,loan_payment_generator,False,
TXNL202000001938,ACC0012332,IND19006771,LN2019080001266,LDO20200000487,8,2020-04-30,03:45:45,874.06,Debit,Completed,,Loan Payment - LN2019080001266 - Extra Principal,False,,0.82,,Automated,Home Loan,extra_payment,False,loan_payment_generator,False,
TXNL202000001939,ACC0012440,IND19003116,LN2019080001269,LDO20200000488,8,2020-04-21,04:51:50,1257.96,Debit,Completed,,Loan Payment - LN2019080001269,False,,1.05,,Automated,Personal Loan,standard_payment,False,loan_payment_generator,False,
TXNL202000001940,ACC0011442,IND19004907,LN2019080001285,LDO20200001083,7,2020-04-03,02:12:48,17502.09,Debit,Completed,,Loan Payment - LN2019080001285,False,,1.22,,Automated,Personal Loan,standard_payment,False,loan_payment_generator,False,
TXNL202000001941,ACC0011760,IND19014021, LN2019080001300 ,LDO20200001084,8,2020-04-29,02:15:34,4356.6,Debit,Completed,,Loan Payment - LN2019080001300,False,,1.84,,Automated,Home Loan,standard_payment,False,loan_payment_generator,True,whitespace_in_id
TXNL202000001942,ACC0012523,IND19017835,LN2019080001321,LDO20200001085,8,2020-04-25,03:36:18,3034.78,Debit,Completed,,Loan Payment - LN2019080001321,False,,0.04,,Automated,Personal Loan,standard_payment,False,loan_payment_generator,False,
TXNL202000001943,ACC0011965,IND19017536,LN2019080001324,LDO20200000489,8,2020-04-23,04:28:49,5397.08,Debit,Completed,,Loan Payment - LN2019080001324,False,,0.93,,Automated,Home Loan,standard_payment,False,loan_payment_generator,False,
TXNL202000001944,ACC0012415,IND19001636,LN2019080001343,LDO20200000490,7,2020-04-01,02:47:13,4574.95,Debit,Completed,,Loan Payment - LN2019080001343,False,,1.36,,Automated,Home Loan,standard_payment,False,loan_payment_generator,False,
TXNL202000001945,ACC0011924,IND19013724,LN2019080001346,LDO20200001086,8,2020-04-13,03:16:44,3936.87,Debit,Completed,,Loan Payment - LN2019080001346,False,,0.82,,Automated,Home Loan,standard_payment,False,loan_payment_generator,False,
TXNL202000001946,ACC0012416,IND19017291,LN2019080001356,LDO20200000491,8,2020-04-15,03:52:21,5476.84,Debit,Completed,,Loan Payment - LN2019080001356,False,,0.05,,Automated,Vehicle Loan,standard_payment,False,loan_payment_generator,False,
TXNL202000001947,ACC0012879,COM19000170,LN2019080001357,LDO20200001087,8,2020-04-11,03:05:25,28444.38,Debit,Completed,,Loan Payment - LN2019080001357,False,,1.29,,Automated,Business Loan,standard_payment,False,loan_payment_generator,False,
TXNL202000001948,ACC0012379,IND19017606,LN2019080001358,LDO20200000228,7,2020-04-06,03:50:25,2909.92,Debit,Completed,,Loan Payment - LN2019080001358,False,,1.61,,Automated,Vehicle Loan,standard_payment,False,loan_payment_generator,False,
TXNL202000001949,ACC0012659,IND19017679,LN2019080001361,LDO20200000492,8,2020-04-30,03:01:09,2448.2,Debit,Completed,,Loan Payment - LN2019080001361,False,,1.87,,Automated,Home Loan,standard_payment,False,loan_payment_generator,False,
TXNL202000001950,ACC0011484,IND19005935,LN2019080001368,LDO20200001088,7,2020-04-01,03:40:38,1037.66,Debit,Completed,,Loan Payment - LN2019080001368,False,,0.72,,Automated,Home Loan,standard_payment,False,loan_payment_generator,False,
TXNL202000001951,ACC0011572,IND19002387,LN2019080001372,LDO20200000229,8,2020-04-28,04:03:19,11960.68,Debit,Completed,,Loan Payment - LN2019080001372,False,,0.95,,Automated,Personal Loan,standard_payment,False,loan_payment_generator,False,
TXNL202000001952,ACC0012321,IND19005383,LN2019080001387,LDO20200000230,8,2020-04-17,04:58:06,6868.13,Debit,Completed,,Loan Payment - LN2019080001387,False,,0.4,,Automated,Home Loan,standard_payment,False,loan_payment_generator,False,
TXNL202000001953,ACC0012765,IND19002451, LN2019080001392 ,LDO20200000493,7,2020-04-07,03:43:23,470.9,Debit,Completed,,Loan Payment - LN2019080001392,False,,1.48,,Automated,Home Loan,standard_payment,False,loan_payment_generator,True,whitespace_in_id
TXNL202000001954,ACC0011437,IND19001286,LN2019080001397,LDO20200001089,8,2020-04-22,02:00:09,3228.92,Debit,Completed,,Loan Payment - LN2019080001397,False,,0.79,,Automated,Vehicle Loan,standard_payment,False,loan_payment_generator,False,
TXNL202000001955,ACC0012519,IND19014696,LN2019080001398,LDO20200000494,8,2020-04-25,03:06:09,4535.95,Debit,Completed,,Loan Payment - LN2019080001398,False,,0.62,,Automated,Home Loan,standard_payment,False,loan_payment_generator,False,
TXNL202000001956,ACC0012090,IND19018545,LN2019080001402,LDO20200001090,8,2020-04-11,03:17:01,2581.48,Debit,Completed,,Loan Payment - LN2019080001402,False,,0.26,,Automated,Home Loan,standard_payment,False,loan_payment_generator,False,
TXNL202000001957,ACC0011724,IND19019660,LN2019080001405,LDO20200000095,8,2020-04-29,03:41:13,1602.76,Debit,Completed,,Loan Payment - LN2019080001405,False,,1.69,,Automated,Vehicle Loan,standard_payment,False,loan_payment_generator,False,
TXNL202000001958,ACC0012211,IND19013107,LN2019080001409,LDO20200000495,8,2020-04-20,02:37:00,1406.88,Debit,Completed,,Loan Payment - LN2019080001409,False,,0.43,,Automated,Personal Loan,standard_payment,False,loan_payment_generator,False,
TXNL202000001959,ACC0012479,IND19009566,LN2019080001426,LDO20200000496,8,2020-04-23,03:45:04,1234.46,Debit,Completed,,Loan Payment - LN2019080001426,False,,1.59,,Automated,Home Loan,standard_payment,False,loan_payment_generator,False,
TXNL202000001960,ACC0012891,COM19000458,LN2019080001430,LDO20200001091,8,2020-04-16,04:13:04,28294.68,Debit,Completed,,Loan Payment - LN2019080001430,False,,1.57,,Automated,Business Loan,standard_payment,False,loan_payment_generator,False,
TXNL202000001961,ACC0012778,IND19018174,LN2019080001438,LDO20200000497,8,2020-04-30,03:44:41,649.08,Debit,Completed,,Loan Payment - LN2019080001438,False,,0.41,,Automated,Home Loan,standard_payment,False,loan_payment_generator,False,
TXNL202000001962,ACC0012002,IND19012286,LN2019080001440,LDO20200001092,8,2020-04-16,04:51:46,4206.19,Debit,Completed,,Loan Payment - LN2019080001440,False,,1.49,,Automated,Home Loan,standard_payment,False,loan_payment_generator,False,
TXNL202000001963,ACC0011629,IND19014617,LN2019080001444,,8,2020-04-07,02:51:55,1525.13,Debit,Completed,,Loan Payment - LN2019080001444,False,,2.5,,Automated,Personal Loan,standard_payment,False,loan_payment_generator,False,
TXNL202000001964,ACC0012336,IND19014576,LN2019080001449,LDO20200000498,8,2020-04-30,03:46:17,4559.21,Debit,Completed,,Loan Payment - LN2019080001449,False,,0.18,,Automated,Personal Loan,standard_payment,False,loan_payment_generator,False,
TXNL202000001965,ACC0012885,COM19000269,LN2019080001454,LDO20200001093,8,2020-04-15,04:40:50,5019.92,Debit,Completed,,Loan Payment - LN2019080001454,False,,1.65,,Automated,Business Loan,standard_payment,False,loan_payment_generator,False,
TXNL202000001966,ACC0012804,IND19004517,LN2019080001455,,7,2020-04-01,02:09:52,2705.28,Debit,Completed,,Loan Payment - LN2019080001455,False,,2.5,,Automated,Home Loan,standard_payment,False,loan_payment_generator,False,
TXNL202000001967,ACC0012648,IND19017587,LN2019080001459,LDO20200001094,8,2020-04-28,02:21:48,3220.31,Debit,Completed,,Loan Payment - LN2019080001459,False,,0.58,,Automated,Vehicle Loan,standard_payment,False,loan_payment_generator,False,
TXNL202000001968,ACC0011569,IND19019002,LN2019080001466,LDO20200000096,8,2020-04-17,03:28:18,2300.03,Debit,Completed,,Loan Payment - LN2019080001466,False,,1.59,,Automated,Vehicle Loan,standard_payment,False,loan_payment_generator,False,
TXNL202000001969,ACC0011913,IND19006977,LN2019080001469,LDO20200001095,7,2020-04-05,02:32:53,3576.01,Debit,Completed,,Loan Payment - LN2019080001469,False,,1.27,,Automated,Vehicle Loan,standard_payment,False,loan_payment_generator,False,
TXNL202000001970,ACC0012708,IND19000435,LN2019080001470,LDO20200001096,7,2020-04-01,03:18:43,1292.28,Debit,Completed,,Loan Payment - LN2019080001470,False,,1.21,,Automated,Home Loan,standard_payment,False,loan_payment_generator,False,
TXNL202000001971,ACC0012153,IND19002940,LN2019080001486,LDO20200001097,8,2020-04-16,03:55:21,4361.16,Debit,Completed,,Loan Payment - LN2019080001486,False,,0.18,,Automated,Home Loan,standard_payment,False,loan_payment_generator,False,
TXNL202000001972,ACC0011775,IND19000105,LN2019080001492,LDO20200001098,7,2020-04-06,02:03:47,1386.76,Debit,Completed,,Loan Payment - LN2019080001492,False,,1.01,,Automated,Vehicle Loan,standard_payment,False,loan_payment_generator,False,
TXNL202000001973,ACC0012428,IND19005073,LN2019080001494,LDO20200001099,8,2020-04-18,04:08:30,2752.13,Debit,Completed,,Loan Payment - LN2019080001494,False,,1.15,,Automated,Personal Loan,standard_payment,False,loan_payment_generator,False,
TXNL202000001974,ACC0012631,IND19002290,LN2019080001511,LDO20200001100,8,2020-04-27,02:33:19,1687.16,Debit,Completed,,Loan Payment - LN2019080001511,False,,0.67,,Automated,Personal Loan,standard_payment,False,loan_payment_generator,False,
TXNL202000001975,ACC0011673,IND19006779,LN2019080001513,LDO20200000231,8,2020-04-19,02:51:41,17514.4,Debit,Completed,,Loan Payment - LN2019080001513,False,,1.37,,Automated,Personal Loan,standard_payment,False,loan_payment_generator,False,
TXNL202000001976,ACC0011391,IND19002978,LN2019080001523,LDO20200001101,7,2020-04-01,02:16:45,5099.06,Debit,Completed,,Loan Payment - LN2019080001523,False,,0.9,,Automated,Vehicle Loan,standard_payment,False,loan_payment_generator,False,
TXNL202000001977,ACC0011696,IND19013515,LN2019080001524,LDO20200001102,8,2020-04-25,02:51:48,1813.92,Debit,Completed,,Loan Payment - LN2019080001524,False,,1.24,,Automated,Home Loan,standard_payment,False,loan_payment_generator,False,
TXNL202000001978,ACC0011668,IND19007492,LN2019080001530,LDO20200001103,7,2020-04-09,03:10:21,968.33,Debit,Completed,,Loan Payment - LN2019080001530,False,,1.6,,Automated,Home Loan,standard_payment,False,loan_payment_generator,False,
TXNL202000001979,ACC0014159,IND19013548,LN2019090000004,LDO20200001104,7,2020-04-25,02:32:44,11997.57,Debit,Completed,,Loan Payment - LN2019090000004,False,,0.97,,Automated,Personal Loan,standard_payment,False,loan_payment_generator,False,
TXNL202000001980,ACC0013804,IND19003513,LN2019090000010,LDO20200000499,7,2020-04-27,04:52:23,4099.7,Debit,Completed,,Loan Payment - LN2019090000010,False,,1.94,,Automated,Personal Loan,standard_payment,False,loan_payment_generator,False,
TXNL202000001981,ACC0014325,IND19008844,LN2019090000019,LDO20200000232,7,2020-04-17,03:52:11,2220.72,Debit,Completed,,Loan Payment - LN2019090000019,False,,1.27,,Automated,Personal Loan,standard_payment,False,loan_payment_generator,False,
TXNL202000001982,ACC0014369,IND19005870,LN2019090000038,LDO20200000097,7,2020-04-20,04:17:32,1221.95,Debit,Completed,,Loan Payment - LN2019090000038 - Late Fee,False,,1.06,,Automated,Vehicle Loan,late_payment,False,loan_payment_generator,False,
TXNL202000001983,ACC0013095,IND19016086,LN2019090000040,LDO20200000098,7,2020-04-15,04:10:30,3868.72,Debit,Completed,,Loan Payment - LN2019090000040,False,,0.29,,Automated,Home Loan,standard_payment,False,loan_payment_generator,False,
TXNL202000001984,ACC0014064,IND19003799,LN2019090000042,LDO20200000500,7,2020-04-10,04:10:46,949.08,Debit,Completed,,Loan Payment - LN2019090000042,False,,0.64,,Automated,Home Loan,standard_payment,False,loan_payment_generator,False,
TXNL202000001985,ACC0013191,IND19001166,LN2019090000048,LDO20200001105,7,2020-04-17,02:53:02,625.84,Debit,Completed,,Loan Payment - LN2019090000048,False,,0.62,,Automated,Personal Loan,standard_payment,False,loan_payment_generator,False,
TXNL202000001986,ACC0013320,IND19010616,LN2019090000052,LDO20200001106,6,2020-04-06,02:24:16,3950.2,Debit,Completed,,Loan Payment - LN2019090000052,False,,0.42,,Automated,Home Loan,standard_payment,False,loan_payment_generator,False,
TXNL202000001987,ACC0013149,IND19015870,LN2019090000057,LDO20200001107,6,2020-04-09,03:26:51,1351.92,Debit,Completed,,Loan Payment - LN2019090000057,False,,1.41,,Automated,Personal Loan,standard_payment,False,loan_payment_generator,False,
TXNL202000001988,ACC0013821,IND19000439,LN2019090000061,LDO20200000501,7,2020-04-21,03:57:20,1078.87,Debit,Completed,,Loan Payment - LN2019090000061,False,,1.95,,Automated,Home Loan,standard_payment,False,loan_payment_generator,False,
TXNL202000001989,ACC0013550,IND19012164,LN2019090000066,LDO20200000233,6,2020-04-09,02:15:22,289.6,Debit,Completed,,Loan Payment - LN2019090000066,False,,0.83,,Automated,Home Loan,standard_payment,False,loan_payment_generator,False,
TXNL202000001990,ACC0013679,IND19011920,LN2019090000106,LDO20200001108,7,2020-04-24,04:45:16,1893.33,Debit,Completed,,Loan Payment - LN2019090000106,False,,0.26,,Automated,Personal Loan,standard_payment,False,loan_payment_generator,False,
TXNL202000001991,ACC0013406,IND19012984,LN2019090000109,LDO20200000502,6,2020-04-05,02:41:35,1205.84,Debit,Completed,,Loan Payment - LN2019090000109,False,,1.39,,Automated,Home Loan,standard_payment,False,loan_payment_generator,False,
TXNL202000001992,ACC0013678,IND19011920,LN2019090000122,LDO20200000099,7,2020-04-23,04:50:51,857.29,Debit,Completed,,Loan Payment - LN2019090000122,False,,0.09,,Automated,Vehicle Loan,standard_payment,False,loan_payment_generator,False,
TXNL202000001993,ACC0014416,COM19000106,LN2019090000125,LDO20200001109,7,2020-04-24,03:46:36,10939.42,Debit,Completed,,Loan Payment - LN2019090000125,False,,1.0,,Automated,Business Loan,standard_payment,False,loan_payment_generator,False,
TXNL202000001994,ACC0013221,IND19001239,LN2019090000131,LDO20200001110,7,2020-04-29,03:42:24,3131.26,Debit,Completed,,Loan Payment - LN2019090000131,False,,0.71,,Automated,Vehicle Loan,standard_payment,False,loan_payment_generator,False,
TXNL202000001995,ACC0013683,IND19004119,LN2019090000132,,7,2020-04-18,02:30:55,2328.91,Debit,Completed,,Loan Payment - LN2019090000132 - Partial,False,,2.5,,Online,Personal Loan,partial_payment,False,loan_payment_generator,False,
TXNL202000001996,ACC0013606,IND19009121,LN2019090000133,LDO20200001111,6,2020-04-04,03:02:52,2006.23,Debit,Completed,,Loan Payment - LN2019090000133,False,,1.87,,Automated,Home Loan,standard_payment,False,loan_payment_generator,False,
TXNL202000001997,ACC0013082,IND19002681,LN2019090000146,LDO20200001112,7,2020-04-21,03:25:46,2838.84,Debit,Completed,,Loan Payment - LN2019090000146,False,,1.4,,Automated,Personal Loan,standard_payment,False,loan_payment_generator,False,
TXNL202000001998,ACC0013388,IND19009767,LN2019090000150,LDO20200001113,6,2020-04-04,03:28:44,200.98,Debit,Completed,,Loan Payment - LN2019090000150,False,,1.06,,Automated,Home Loan,standard_payment,False,loan_payment_generator,False,
TXNL202000001999,ACC0014248,IND19004828,LN2019090000155,LDO20200000503,6,2020-04-04,03:17:15,2984.59,Debit,Completed,,Loan Payment - LN2019090000155,False,,0.73,,Automated,Home Loan,standard_payment,False,loan_payment_generator,False,
TXNL202000002000,ACC0014137,IND19003973,LN2019090000157,LDO20200000504,7,2020-04-15,03:51:12,1081.01,Debit,Completed,,Loan Payment - LN2019090000157 - Late Fee,False,,1.33,,Automated,Home Loan,late_payment,False,loan_payment_generator,False,
TXNL202000002001,ACC0013491,IND19000450,LN2019090000158,LDO20200001114,7,2020-04-10,04:47:00,4025.0,Debit,Completed,,Loan Payment - LN2019090000158,False,,0.46,,Automated,Home Loan,standard_payment,False,loan_payment_generator,False,
TXNL202000002002,ACC0013561,IND19006814,LN2019090000160,LDO20200000234,7,2020-04-29,03:49:16,2563.51,Debit,Completed,,Loan Payment - LN2019090000160,False,,1.3,,Automated,Home Loan,standard_payment,False,loan_payment_generator,False,
TXNL202000002003,ACC0014173,IND19007802,LN2019090000179,LDO20200000100,7,2020-04-23,03:03:49,4604.55,Debit,Completed,,Loan Payment - LN2019090000179,False,,1.82,,Automated,Home Loan,standard_payment,False,loan_payment_generator,False,
TXNL202000002004,ACC0014350,IND19001727,LN2019090000183,LDO20200000101,7,2020-04-30,03:07:55,2162.09,Debit,Completed,,Loan Payment - LN2019090000183,False,,0.91,,Automated,Vehicle Loan,standard_payment,False,loan_payment_generator,False,
TXNL202000002005,ACC0012972,IND19012652,LN2019090000194,,6,2020-04-03,03:55:31,24248.08,Debit,Completed,,Loan Payment - LN2019090000194,False,,2.5,,Automated,Personal Loan,standard_payment,False,loan_payment_generator,False,
TXNL202000002006,ACC0014327,IND19003764,LN2019090000196,LDO20200000505,6,2020-04-04,04:11:01,1753.43,Debit,Completed,,Loan Payment - LN2019090000196,False,,0.17,,Automated,Home Loan,standard_payment,False,loan_payment_generator,False,
TXNL202000002007,ACC0013899,IND19006826,LN2019090000197,LDO20200001115,7,2020-04-24,02:20:52,3350.44,Debit,Completed,,Loan Payment - LN2019090000197,False,,0.78,,Automated,Home Loan,standard_payment,False,loan_payment_generator,False,
TXNL202000002008,ACC0014178,IND19009947,LN2019090000199,LDO20200000506,7,2020-04-29,02:19:52,2254.73,Debit,Completed,,Loan Payment - LN2019090000199,False,,0.55,,Automated,Personal Loan,standard_payment,False,loan_payment_generator,False,
TXNL202000002009,ACC0012975,IND19004755,LN2019090000200,LDO20200001116,6,2020-04-06,03:02:48,2863.05,Debit,Completed,,Loan Payment - LN2019090000200,False,,0.41,,Automated,Home Loan,standard_payment,False,loan_payment_generator,False,
TXNL202000002010,ACC0013359,IND19013327,LN2019090000202,LDO20200000235,7,2020-04-17,04:05:53,2669.07,Debit,Cancelled,customer_stop_instruction,Loan Payment - LN2019090000202,False,,1.59,,Automated,Vehicle Loan,standard_payment,False,loan_payment_generator,False,
TXNL202000002011,ACC0013662,IND19018850,LN2019090000209,LDO20200001117,6,2020-04-04,03:05:53,3424.54,Debit,Completed,,Loan Payment - LN2019090000209,False,,0.77,,Automated,Home Loan,standard_payment,False,loan_payment_generator,False,
TXNL202000002012,ACC0013904,IND19000190,LN2019090000210,LDO20200001118,6,2020-04-04,03:13:35,2218.2,Debit,Completed,,Loan Payment - LN2019090000210 - Partial,False,,1.94,,Automated,Home Loan,partial_payment,False,loan_payment_generator,False,
TXNL202000002013,ACC0013292,IND19002051,LN2019090000227,LDO20200001119,7,2020-04-17,02:02:24,1105.77,Debit,Completed,,Loan Payment - LN2019090000227,False,,0.97,,Automated,Personal Loan,standard_payment,False,loan_payment_generator,False,
TXNL202000002014,ACC0013538,IND19005305,LN2019090000234,LDO20200000102,6,2020-04-03,02:22:24,3462.49,Debit,Completed,,Loan Payment - LN2019090000234,False,,0.32,,Automated,Home Loan,standard_payment,False,loan_payment_generator,False,
TXNL202000002015,ACC0014390,IND19008748,LN2019090000241,LDO20200000236,6,2020-04-08,04:07:10,745.28,Debit,Completed,,Loan Payment - LN2019090000241,False,,1.85,,Automated,Home Loan,standard_payment,False,loan_payment_generator,False,
TXNL202000002016,ACC0013272,IND19004573,LN2019090000249,LDO20200001120,7,2020-04-25,04:28:30,328.91,Debit,Completed,,Loan Payment - LN2019090000249,False,,0.51,,Automated,Home Loan,standard_payment,False,loan_payment_generator,False,
TXNL202000002017,ACC0013317,IND19008051,LN2019090000250,LDO20200001121,7,2020-04-21,02:41:50,2255.9,Debit,Failed,insufficient_funds,Loan Payment - LN2019090000250,False,,0.01,,Automated,Personal Loan,standard_payment,False,loan_payment_generator,False,
TXNL202000002018,ACC0013632,IND19004380,LN2019090000257,LDO20200000507,7,2020-04-29,04:51:52,2591.59,Debit,Completed,,Loan Payment - LN2019090000257,False,,0.08,,Automated,Home Loan,standard_payment,False,loan_payment_generator,False,
TXNL202000002019,ACC0013464,IND19000732,LN2019090000258,LDO20200000508,7,2020-04-30,03:03:00,611.39,Debit,Completed,,Loan Payment - LN2019090000258,False,,0.9,,Automated,Vehicle Loan,standard_payment,False,loan_payment_generator,False,
TXNL202000002020,ACC0014023,IND19011432,LN2019090000268,LDO20200001122,7,2020-04-11,03:08:12,3342.93,Debit,Completed,,Loan Payment - LN20190900...,False,,0.06,,Automated,Home Loan,standard_payment,False,loan_payment_generator,True,truncated_description
TXNL202000002021,ACC0013036,IND19005404,LN2019090000271,LDO20200001123,7,2020-04-15,04:51:07,1462.89,Debit,Completed,,Loan Payment - LN2019090000271,False,,0.05,,Automated,Home Loan,standard_payment,False,loan_payment_generator,False,
TXNL202000002022,ACC0013854,IND19007307,LN2019090000277,LDO20200001124,7,2020-04-25,03:01:39,915.45,Debit,Completed,,Loan Payment - LN2019090000277,False,,1.95,,Automated,Home Loan,standard_payment,False,loan_payment_generator,False,
TXNL202000002023,ACC0013439,IND19007328,LN2019090000285,LDO20200001125,6,2020-04-04,04:10:41,1233.14,Debit,Completed,,Loan Payment - LN20190900...,False,,1.11,,Automated,Vehicle Loan,standard_payment,False,loan_payment_generator,True,truncated_description
TXNL202000002024,ACC0014053,IND19014350,LN2019090000290,LDO20200000237,6,2020-04-03,03:33:42,2553.64,Debit,Completed,,Loan Payment - LN2019090000290,False,,1.85,,Automated,Personal Loan,standard_payment,False,loan_payment_generator,False,
TXNL202000002025,ACC0014336,IND19002297,LN2019090000300,LDO20200000509,7,2020-04-18,04:02:29,14757.93,Debit,Completed,,Loan Payment - LN2019090000300 - Late Fee,False,,2.0,,Automated,Personal Loan,late_payment,False,loan_payment_generator,False,
TXNL202000002026,ACC0013027,IND19002754,LN2019090000304,LDO20200001126,6,2020-04-06,02:11:26,1407.35,Debit,Failed,bank_timeout,Loan Payment - LN2019090000304,False,,1.74,,Automated,Home Loan,standard_payment,False,loan_payment_generator,False,
TXNL202000002027,ACC0013175,IND19017688,LN2019090000311,LDO20200000510,7,2020-04-20,04:35:55,1695.03,Debit,Completed,,Loan Payment - LN2019090000311,False,,0.87,,Automated,Home Loan,standard_payment,False,loan_payment_generator,False,
TXNL202000002028,ACC0014083,IND19000057,LN2019090000312,LDO20200001127,7,2020-04-28,04:01:05,1982.96,Debit,Completed,,Loan Payment - LN2019090000312,False,,0.15,,Automated,Home Loan,standard_payment,False,loan_payment_generator,False,
TXNL202000002029,ACC0013626,IND19013599,LN2019090000316,LDO20200001128,7,2020-04-27,03:42:23,2224.17,Debit,Completed,,Loan Payment - LN2019090000316,False,,1.76,,Automated,Home Loan,standard_payment,False,loan_payment_generator,False,
TXNL202000002030,ACC0014213,IND19005692,LN2019090000323,LDO20200001129,7,2020-04-24,03:22:32,10109.16,Debit,Completed,,Loan Payment - LN2019090000323,False,,0.94,,Automated,Personal Loan,standard_payment,False,loan_payment_generator,False,
TXNL202000002031,ACC0014039,IND19015009,LN2019090000326,LDO20200001130,6,2020-04-07,03:23:09,3272.98,Debit,Completed,,Loan Payment - LN2019090000326,False,,1.74,,Automated,Personal Loan,standard_payment,False,loan_payment_generator,False,
TXNL202000002032,ACC0013185,IND19009344,LN2019090000327,LDO20200000511,6,2020-04-08,03:38:17,2800.69,Debit,Completed,,Loan Payment - LN2019090000327,False,,1.8,,Automated,Home Loan,standard_payment,False,loan_payment_generator,False,
TXNL202000002033,ACC0014399,IND19000094,LN2019090000332,LDO20200001131,7,2020-04-21,04:51:11,3298.91,Debit,Cancelled,customer_stop_instruction,Loan Payment - LN2019090000332,False,,0.59,,Automated,Home Loan,standard_payment,False,loan_payment_generator,False,
TXNL202000002034,ACC0013689,IND19018278,LN2019090000336,LDO20200000512,6,2020-04-07,03:40:53,1098.57,Debit,Completed,,Loan Payment - LN2019090000336 - Partial,False,,1.33,,Automated,Home Loan,partial_payment,False,loan_payment_generator,False,
TXNL202000002035,ACC0013171,IND19017116,LN2019090000338,LDO20200001132,7,2020-04-18,02:45:14,1611.57,Debit,Completed,,Loan Payment - LN2019090000338,False,,0.48,,Automated,Personal Loan,standard_payment,False,loan_payment_generator,False,
TXNL202000002036,ACC0014190,IND19010671,LN2019090000340,LDO20200000513,7,2020-04-14,03:21:06,1997.16,Debit,Completed,,Loan Payment - LN2019090000340 - Extra Principal,False,,0.16,,Automated,Personal Loan,extra_payment,False,loan_payment_generator,False,
TXNL202000002037,ACC0014218,IND19008927,LN2019090000343,LDO20200001133,7,2020-04-19,02:35:47,2141.63,Debit,Completed,,Loan Payment - LN2019090000343 - Partial,False,,1.06,,Automated,Vehicle Loan,partial_payment,False,loan_payment_generator,False,
TXNL202000002038,ACC0014255,IND19008817,LN2019090000355,LDO20200001134,7,2020-04-22,04:09:14,8637.4,Debit,Completed,,Loan Payment - LN2019090000355,False,,1.61,,Automated,Personal Loan,standard_payment,False,loan_payment_generator,False,
TXNL202000002039,ACC0013826,IND19010664,LN2019090000358,LDO20200000514,7,2020-04-12,02:17:56,24312.27,Debit,Completed,,Loan Payment - LN2019090000358,False,,0.77,,Automated,Personal Loan,standard_payment,False,loan_payment_generator,False,
TXNL202000002040,ACC0014001,IND19008545,LN2019090000368,LDO20200000515,7,2020-04-09,02:29:58,5921.15,Debit,Completed,,Loan Payment - LN2019090000368,False,,0.06,,Automated,Personal Loan,standard_payment,False,loan_payment_generator,False,
TXNL202000002041,ACC0013717,IND19008863,LN2019090000377,LDO20200001135,7,2020-04-25,03:17:44,630.38,Debit,Completed,,Loan Payment - LN2019090000377,False,,0.32,,Automated,Home Loan,standard_payment,False,loan_payment_generator,False,
TXNL202000002042,ACC0013294,IND19002035,LN2019090000381,LDO20200000516,7,2020-04-27,02:06:24,1978.0,Debit,Completed,,Loan Payment - LN2019090000381,False,,0.14,,Automated,Home Loan,standard_payment,False,loan_payment_generator,False,
TXNL202000002043,ACC0012910,IND19016198,LN2019090000386,LDO20200001136,7,2020-04-18,02:17:46,1523.2,Debit,Completed,,Loan Payment - LN2019090000386,False,,0.01,,Automated,Home Loan,standard_payment,False,loan_payment_generator,False,
TXNL202000002044,ACC0013511,IND19013517,LN2019090000388,LDO20200000517,7,2020-04-13,03:58:39,843.38,Debit,Completed,,Loan Payment - LN2019090000388,False,,0.2,,Automated,Home Loan,standard_payment,False,loan_payment_generator,False,
TXNL202000002045,ACC0013477,IND19012180,LN2019090000394,LDO20200000518,6,2020-04-06,02:54:45,473.24,Debit,Completed,,Loan Payment - LN2019090000394,False,,0.56,,Automated,Home Loan,standard_payment,False,loan_payment_generator,False,
TXNL202000002046,ACC0013270,IND19017079,LN2019090000399,LDO20200001137,7,2020-04-09,02:20:00,9347.31,Debit,Completed,,Loan Payment - LN2019090000399,False,,1.44,,Automated,Personal Loan,standard_payment,False,loan_payment_generator,False,
TXNL202000002047,ACC0013006,IND19001708,LN2019090000408,LDO20200001138,7,2020-04-27,02:48:30,1782.43,Debit,Failed,daily_limit_exceeded,Loan Payment - LN2019090000408 - Late Fee,False,,1.92,,Automated,Home Loan,late_payment,False,loan_payment_generator,False,
TXNL202000002048,ACC0013139,IND19010138,LN2019090000418,LDO20200000238,7,2020-04-24,03:54:46,24435.71,Debit,Completed,,Loan Payment - LN2019090000418,False,,0.19,,Automated,Personal Loan,standard_payment,False,loan_payment_generator,False,
TXNL202000002049,ACC0014349,IND19001725,LN2019090000421,LDO20200001139,6,2020-04-04,04:24:26,1486.22,Debit,Completed,,Loan Payment - LN2019090000421,False,,0.77,,Automated,Home Loan,standard_payment,False,loan_payment_generator,True,timestamp_shift
TXNL202000002050,ACC0013230,IND19003993,LN2019090000425,LDO20200001140,7,2020-04-18,03:53:03,1438.8,Debit,Completed,,Loan Payment - LN2019090000425,False,,1.84,,Automated,Personal Loan,standard_payment,False,loan_payment_generator,False,
TXNL202000002051,ACC0013427,IND19014760,LN2019090000428,LDO20200001141,7,2020-04-16,03:09:58,836.4,Debit,Completed,,Loan Payment - LN2019090000428,False,,0.59,,Automated,Vehicle Loan,standard_payment,False,loan_payment_generator,False,
TXNL202000002052,ACC0014089,IND19007601,LN2019090000430,LDO20200000239,7,2020-04-23,03:03:41,2694.0,Debit,Completed,,Loan Payment - LN2019090000430 - Late Fee,False,,1.42,,Automated,Home Loan,late_payment,False,loan_payment_generator,False,
TXNL202000002053,ACC0014346,IND19007843,LN2019090000432,LDO20200000240,6,2020-04-03,04:26:59,2001.29,Debit,Completed,,Loan Payment - LN2019090000432 - Late Fee,False,,1.24,,Automated,Vehicle Loan,late_payment,False,loan_payment_generator,False,
TXNL202000002054,ACC0013321,IND19001123,LN2019090000441,LDO20200000241,7,2020-04-30,04:47:55,1913.41,Debit,Completed,,Loan Payment - LN2019090000441,False,,1.52,,Automated,Personal Loan,standard_payment,False,loan_payment_generator,False,
TXNL202000002055,ACC0014119,IND19007262,LN2019090000461,LDO20200001142,7,2020-04-12,02:42:54,5790.66,Debit,Completed,,Loan Payment - LN2019090000461,False,,0.78,,Automated,Personal Loan,standard_payment,False,loan_payment_generator,False,
TXNL202000002056,ACC0014274,IND19005270,LN2019090000468,LDO20200000519,6,2020-04-02,04:24:45,2804.98,Debit,Completed,,Loan Payment - LN2019090000468 - Late Fee,False,,0.3,,Automated,Home Loan,late_payment,False,loan_payment_generator,False,
TXNL202000002057,ACC0013831,IND19014690,LN2019090000470,LDO20200001143,7,2020-04-27,03:18:06,2704.25,Debit,Completed,,Loan Payment - LN20190900...,False,,0.54,,Automated,Home Loan,standard_payment,False,loan_payment_generator,True,truncated_description
TXNL202000002058,ACC0013114,IND19009737,LN2019090000474,LDO20200000520,7,2020-04-28,04:06:18,930.82,Debit,Completed,,Loan Payment - LN2019090000474,False,,1.21,,Automated,Home Loan,standard_payment,False,loan_payment_generator,False,
TXNL202000002059,ACC0013755,IND19016068,LN2019090000478,LDO20200000521,7,2020-04-18,04:36:24,4016.29,Debit,Completed,,Loan Payment - LN2019090000478,False,,0.26,,Automated,Personal Loan,standard_payment,False,loan_payment_generator,False,
TXNL202000002060,ACC0013181,IND19007252,LN2019090000487,LDO20200001144,7,2020-04-18,03:30:39,423.11,Debit,Completed,,Loan Payment - LN2019090000487,False,,0.34,,Automated,Home Loan,standard_payment,False,loan_payment_generator,False,
TXNL202000002061,ACC0013310,IND19000953,LN2019090000488,LDO20200001145,7,2020-04-21,02:25:00,863.62,Debit,Completed,,Loan Payment - LN2019090000488,False,,0.93,,Automated,Home Loan,standard_payment,False,loan_payment_generator,False,
TXNL202000002062,ACC0013132,IND19014562,LN2019090000514,LDO20200001146,7,2020-04-30,03:21:35,3278.96,Debit,Completed,,Loan Payment - LN2019090000514,False,,0.0,,Automated,Vehicle Loan,standard_payment,False,loan_payment_generator,False,
TXNL202000002063,ACC0013383,IND19015039,LN2019090000515,LDO20200001147,7,2020-04-23,02:01:27,674.85,Debit,Completed,,Loan Payment - LN2019090000515,False,,0.16,,Automated,Vehicle Loan,standard_payment,False,loan_payment_generator,False,
TXNL202000002064,ACC0014441,COM19000062,LN2019090000519,LDO20200001148,7,2020-04-26,04:21:21,36123.2,Debit,Completed,,Loan Payment - LN2019090000519,False,,0.14,,Automated,Business Loan,standard_payment,False,loan_payment_generator,False,
TXNL202000002065,ACC0013373,IND19006008,LN2019090000532,LDO20200001149,7,2020-04-16,04:33:40,3762.03,Debit,Completed,,Loan Payment - LN2019090000532,False,,1.02,,Automated,Personal Loan,standard_payment,False,loan_payment_generator,False,
TXNL202000002066,ACC0013021,IND19014257,LN2019090000541,LDO20200001150,7,2020-04-10,04:29:51,1682.95,Debit,Completed,,Loan Payment - LN2019090000541,False,,0.61,,Automated,Vehicle Loan,standard_payment,False,loan_payment_generator,False,
TXNL202000002067,ACC0014383,IND19002213,LN2019090000546,LDO20200001151,7,2020-04-27,02:37:28,1714.25,Debit,Completed,,Loan Payment - LN2019090000546,False,,1.32,,Automated,Personal Loan,standard_payment,False,loan_payment_generator,False,
TXNL202000002068,ACC0013023,IND19000752,LN2019090000559,LDO20200000242,6,2020-04-02,03:52:49,1477.71,Debit,Cancelled,customer_stop_instruction,Loan Payment - LN2019090000559 - Partial,False,,1.72,,Automated,Personal Loan,partial_payment,False,loan_payment_generator,False,
TXNL202000002069,ACC0013919,IND19000974,LN2019090000563,LDO20200001152,6,2020-04-11,02:29:17,4965.74,Debit,Completed,,Loan Payment - LN2019090000563,False,,0.32,,Automated,Vehicle Loan,standard_payment,False,loan_payment_generator,False,
TXNL202000002070,ACC0013018,IND19003486,LN2019090000584,LDO20200000522,7,2020-04-19,03:50:27,1523.31,Debit,Completed,,Loan Payment - LN2019090000584,False,,0.21,,Automated,Vehicle Loan,standard_payment,False,loan_payment_generator,False,
TXNL202000002071,ACC0013934,IND19005985,LN2019090000593,LDO20200000523,7,2020-04-28,02:06:57,3188.23,Debit,Completed,,Loan Payment - LN2019090000593,False,,0.83,,Automated,Home Loan,standard_payment,False,loan_payment_generator,False,
TXNL202000002072,ACC0014232,IND19011664,LN2019090000597,LDO20200000524,6,2020-04-03,03:30:14,2394.48,Debit,Completed,,Loan Payment - LN2019090000597,False,,1.69,,Automated,Vehicle Loan,standard_payment,False,loan_payment_generator,False,
TXNL202000002073,ACC0013691,IND19016883,LN2019090000608,LDO20200001154,6,2020-04-06,02:24:15,658.85,Debit,Completed,,Loan Payment - LN2019090000608,False,,1.32,,Automated,Home Loan,standard_payment,False,loan_payment_generator,False,
TXNL202000002074,ACC0013501,IND19000162,LN2019090000612,,7,2020-04-30,05:51:39,2440.7,Debit,Completed,,Loan Payment - LN2019090000612,False,,2.5,,Online,Vehicle Loan,standard_payment,False,loan_payment_generator,False,
TXNL202000002075,ACC0013390,IND19011164,LN2019090000614,LDO20200001155,7,2020-04-19,02:42:56,17369.41,Debit,Completed,,Loan Payment - LN2019090000614,False,,1.48,,Automated,Personal Loan,standard_payment,False,loan_payment_generator,False,
TXNL202000002076,ACC0013582,IND19011987,LN2019090000617,LDO20200001156,7,2020-04-12,02:07:02,1518.97,Debit,Completed,,Loan Payment - LN2019090000617,False,,0.98,,Automated,Home Loan,standard_payment,False,loan_payment_generator,False,
TXNL202000002077,ACC0013215,IND19012412,LN2019090000620,LDO20200001157,7,2020-04-26,03:47:36,4277.59,Debit,Completed,,Loan Payment - LN2019090000620,False,,1.11,,Automated,Personal Loan,standard_payment,False,loan_payment_generator,False,
TXNL202000002078,ACC0013498,IND19009703,LN2019090000631,LDO20200000525,7,2020-04-30,02:13:15,7052.47,Debit,Completed,,Loan Payment - LN2019090000631,False,,0.9,,Automated,Home Loan,standard_payment,False,loan_payment_generator,False,
TXNL202000002079,ACC0013600,IND19000930,LN2019090000636,LDO20200000526,7,2020-04-16,04:52:18,2448.41,Debit,Completed,,Loan Payment - LN2019090000636,False,,0.58,,Automated,Vehicle Loan,standard_payment,False,loan_payment_generator,False,
TXNL202000002080,ACC0013167,IND19001705,LN2019090000639,LDO20200001158,6,2020-04-08,04:39:14,712.93,Debit,Failed,insufficient_funds,Loan Payment - LN2019090000639,False,,1.71,,Automated,Vehicle Loan,standard_payment,False,loan_payment_generator,False,
TXNL202000002081,ACC0013547,IND19019157,LN2019090000643,LDO20200001159,6,2020-04-05,02:30:21,3081.85,Debit,Completed,,Loan Payment - LN2019090000643,False,,1.24,,Automated,Personal Loan,standard_payment,False,loan_payment_generator,False,
TXNL202000002082,ACC0013225,IND19006529,LN2019090000659,LDO20200001160,7,2020-04-12,03:17:33,3364.32,Debit,Completed,,Loan Payment - LN2019090000659,False,,0.43,,Automated,Vehicle Loan,standard_payment,False,loan_payment_generator,False,
TXNL202000002083,ACC0013302,IND19007223,LN2019090000663,LDO20200001161,7,2020-04-27,03:49:13,7665.71,Debit,Completed,,Loan Payment - LN2019090000663,False,,0.89,,Automated,Home Loan,standard_payment,False,loan_payment_generator,False,
TXNL202000002084,ACC0013173,IND19018104,LN2019090000667,LDO20200000243,7,2020-04-15,04:50:42,2151.29,Debit,Completed,,Loan Payment - LN2019090000667,False,,1.23,,Automated,Home Loan,standard_payment,False,loan_payment_generator,False,
TXNL202000002085,ACC0013063,IND19013748,LN2019090000672,LDO20200001162,7,2020-04-20,04:52:43,5145.55,Debit,Completed,,Loan Payment - LN2019090000672,False,,1.24,,Automated,Personal Loan,standard_payment,False,loan_payment_generator,False,
TXNL202000002086,ACC0013493,IND19012128,LN2019090000673,LDO20200001163,7,2020-04-16,04:11:53,1725.12,Debit,Completed,,Loan Payment - LN2019090000673,False,,0.46,,Automated,Personal Loan,standard_payment,False,loan_payment_generator,False,
TXNL202000002087,ACC0014357,IND19005559,LN2019090000676,LDO20200001164,7,2020-04-27,04:19:03,2242.37,Debit,Completed,,Loan Payment - LN2019090000676,False,,0.88,,Automated,Home Loan,standard_payment,False,loan_payment_generator,False,
TXNL202000002088,ACC0014333,IND19008114,LN2019090000689,LDO20200000527,7,2020-04-21,02:53:27,3087.65,Debit,Completed,,Loan Payment - LN2019090000689,False,,1.0,,Automated,Home Loan,standard_payment,False,loan_payment_generator,False,
TXNL202000002089,ACC0014424,COM19000194,LN2019090000690,LDO20200000528,7,2020-04-25,03:25:56,9954.32,Debit,Completed,,Loan Payment - LN2019090000690,False,,0.76,,Automated,Business Loan,standard_payment,False,loan_payment_generator,False,
TXNL202000002090,ACC0014253,IND19016488,LN2019090000694,LDO20200001165,7,2020-04-29,02:42:34,1617.59,Debit,Completed,,Loan Payment - LN2019090000694,False,,1.79,,Automated,Vehicle Loan,standard_payment,False,loan_payment_generator,False,
TXNL202000002091,ACC0013123,IND19015436,LN2019090000703,LDO20200001166,7,2020-04-25,03:16:28,3590.03,Debit,Completed,,Loan Payment - LN2019090000703,False,,1.58,,Automated,Home Loan,standard_payment,False,loan_payment_generator,False,
TXNL202000002092,ACC0013066,IND19006604,LN2019090000704,LDO20200001167,7,2020-04-15,02:08:36,2780.76,Debit,Completed,,Loan Payment - LN2019090000704,False,,0.23,,Automated,Vehicle Loan,standard_payment,False,loan_payment_generator,False,
TXNL202000002093,ACC0013144,IND19007196,LN2019090000714,LDO20200000529,7,2020-04-24,03:40:15,6961.82,Debit,Completed,,Loan Payment - LN2019090000714,False,,1.46,,Automated,Home Loan,standard_payment,False,loan_payment_generator,False,
TXNL202000002094,ACC0013500,IND19012168,LN2019090000718,LDO20200000530,7,2020-04-19,03:31:27,2922.21,Debit,Completed,,Loan Payment - LN2019090000718,False,,1.54,,Automated,Home Loan,standard_payment,False,loan_payment_generator,False,
TXNL202000002095,ACC0013026,IND19006105,LN2019090000723,,7,2020-04-16,02:32:31,559.49,Debit,Completed,,Loan Payment - LN2019090000723,False,,2.5,,Automated,Home Loan,standard_payment,False,loan_payment_generator,False,
TXNL202000002096,ACC0014421,COM19000161,LN2019090000725,LDO20200001168,7,2020-04-26,02:48:49,3313.63,Debit,Completed,,Loan Payment - LN2019090000725,False,,0.57,,Automated,Business Loan,standard_payment,False,loan_payment_generator,False,
TXNL202000002097,ACC0012986,IND19003439,LN2019090000736,LDO20200001169,7,2020-04-26,02:28:58,2396.81,Debit,Completed,,Loan Payment - LN2019090000736,False,,0.83,,Automated,Personal Loan,standard_payment,False,loan_payment_generator,False,
TXNL202000002098,ACC0013768,IND19007138,LN2019090000751,LDO20200001170,7,2020-04-24,03:26:08,388.15,Debit,Completed,,Loan Payment - LN2019090000751,False,,0.24,,Automated,Home Loan,standard_payment,False,loan_payment_generator,False,
TXNL202000002099,ACC0014419,COM19000112,LN2019090000753,LDO20200001171,6,2020-04-07,04:45:19,11487.64,Debit,Completed,,Loan Payment - LN2019090000753,False,,1.66,,Automated,Business Loan,standard_payment,False,loan_payment_generator,False,
TXNL202000002100,ACC0014241,IND19000334,LN2019090000755,LDO20200001172,7,2020-04-14,04:04:27,3554.22,Debit,Completed,,Loan Payment - LN2019090000755,False,,1.17,,Automated,Vehicle Loan,standard_payment,False,loan_payment_generator,False,
TXNL202000002101,ACC0013238,IND19002309,LN2019090000770,LDO20200001173,7,2020-04-16,03:39:40,474.85,Debit,Completed,,Loan Payment - LN2019090000770,False,,1.48,,Automated,Home Loan,standard_payment,False,loan_payment_generator,False,
TXNL202000002102,ACC0013568,IND19004909,LN2019090000771,LDO20200001174,7,2020-04-28,03:48:14,11934.37,Debit,Completed,,Loan Payment - LN2019090000771,False,,0.34,,Automated,Personal Loan,standard_payment,False,loan_payment_generator,False,
TXNL202000002103,ACC0014282,IND19015192,LN2019090000773,LDO20200000531,6,2020-04-06,04:14:40,854.0,Debit,Completed,,Loan Payment - LN2019090000773,False,,1.27,,Automated,Home Loan,standard_payment,False,loan_payment_generator,False,
TXNL202000002104,ACC0014006,IND19006396,LN2019090000781,LDO20200001175,7,2020-04-16,03:50:44,2919.77,Debit,Completed,,Loan Payment - LN2019090000781,False,,0.99,,Automated,Vehicle Loan,standard_payment,False,loan_payment_generator,False,
TXNL202000002105,ACC0014406,IND19010070,LN2019090000782,LDO20200001176,7,2020-04-24,03:35:07,3535.11,Debit,Completed,,Loan Payment - LN2019090000782,False,,0.11,,Automated,Personal Loan,standard_payment,False,loan_payment_generator,False,
TXNL202000002106,ACC0013278,IND19005320,LN2019090000796,LDO20200000532,7,2020-04-18,04:37:22,1142.47,Debit,Failed,bank_timeout,Loan Payment - LN2019090000796 - Late Fee,False,,1.95,,Automated,Personal Loan,late_payment,False,loan_payment_generator,False,
TXNL202000002107,ACC0013906,IND19001077,LN2019090000810,LDO20200000533,7,2020-04-15,03:28:56,1892.83,Debit,Completed,,Loan Payment - LN20190900...,False,,0.3,,Automated,Vehicle Loan,standard_payment,False,loan_payment_generator,True,truncated_description
TXNL202000002108,ACC0014060,IND19018361,LN2019090000811,LDO20200000534,7,2020-04-29,02:54:32,2318.35,Debit,Completed,,Loan Payment - LN2019090000811,False,,1.5,,Automated,Vehicle Loan,standard_payment,False,loan_payment_generator,False,
TXNL202000002109,ACC0013775,IND19011750,LN2019090000812,LDO20200000535,7,2020-04-26,02:42:17,191.66,Debit,Completed,,Loan Payment - LN2019090000812 - Partial,False,,0.8,,Automated,Home Loan,partial_payment,False,loan_payment_generator,False,
TXNL202000002110,ACC0013255,IND19008764,LN2019090000815,LDO20200001177,7,2020-04-25,02:02:47,1031.89,Debit,Completed,,Loan Payment - LN2019090000815,False,,0.5,,Automated,Personal Loan,standard_payment,False,loan_payment_generator,False,
TXNL202000002111,ACC0014302,IND19016970,LN2019090000826,LDO20200000536,7,2020-04-13,02:18:21,580.91,Debit,Completed,,Loan Payment - LN2019090000826,False,,1.36,,Automated,Vehicle Loan,standard_payment,False,loan_payment_generator,False,
TXNL202000002112,ACC0013618,IND19015672,LN2019090000828,LDO20200001178,7,2020-04-27,03:02:15,801.81,Debit,Completed,,Loan Payment - LN2019090000828,False,,1.54,,Automated,Home Loan,standard_payment,False,loan_payment_generator,False,
TXNL202000002113,ACC0014118,IND19004372,LN2019090000829,LDO20200001179,7,2020-04-17,03:05:05,1094.01,Debit,Completed,,Loan Payment - LN2019090000829,False,,0.95,,Automated,Vehicle Loan,standard_payment,False,loan_payment_generator,False,
TXNL202000002114,ACC0012936,IND19004100,LN2019090000842,,7,2020-04-15,03:31:13,1957.69,Debit,Completed,,Loan Payment - LN2019090000842,False,,2.5,,Automated,Personal Loan,standard_payment,False,loan_payment_generator,False,
TXNL202000002115,ACC0013846,IND19008864,LN2019090000846,LDO20200001180,7,2020-04-16,02:59:37,636.49,Debit,Completed,,Loan Payment - LN2019090000846,False,,1.41,,Automated,Personal Loan,standard_payment,False,loan_payment_generator,False,
TXNL202000002116,ACC0013155,IND19015963,LN2019090000856,LDO20200001181,7,2020-04-18,02:07:48,2873.9,Debit,Cancelled,customer_stop_instruction,Loan Payment - LN2019090000856,False,,0.18,,Automated,Home Loan,standard_payment,False,loan_payment_generator,False,
TXNL202000002117,ACC0013165,IND19017265,LN2019090000878,LDO20200000244,7,2020-04-16,02:13:57,1994.47,Debit,Completed,,Loan Payment - LN2019090000878,False,,1.02,,Automated,Personal Loan,standard_payment,False,loan_payment_generator,False,
TXNL202000002118,ACC0013078,IND19003585,LN2019090000879,LDO20200000245,6,2020-04-02,02:07:51,207.75,Debit,Completed,,Loan Payment - LN2019090000879,False,,1.27,,Automated,Home Loan,standard_payment,False,loan_payment_generator,False,
TXNL202000002119,ACC0013973,IND19004276,LN2019090000881,LDO20200001182,7,2020-04-21,03:51:58,2441.72,Debit,Completed,,Loan Payment - LN2019090000881,False,,1.47,,Automated,Vehicle Loan,standard_payment,False,loan_payment_generator,False,
TXNL202000002120,ACC0012988,IND19009072,LN2019090000896,LDO20200001183,7,2020-04-25,04:50:01,1507.94,Debit,Completed,,Loan Payment - LN2019090000896,False,,1.11,,Automated,Vehicle Loan,standard_payment,False,loan_payment_generator,False,
TXNL202000002121,ACC0013924,IND19018539,LN2019090000898,LDO20200001184,7,2020-04-15,02:22:17,9283.06,Debit,Failed,account_blocked,Loan Payment - LN2019090000898,False,,1.67,,Automated,Personal Loan,standard_payment,False,loan_payment_generator,False,
TXNL202000002122,ACC0013892,IND19011911,LN2019090000904,LDO20200000246,6,2020-04-04,03:28:33,3998.57,Debit,Completed,,Loan Payment - LN2019090000904,False,,0.57,,Automated,Home Loan,standard_payment,False,loan_payment_generator,False,
TXNL202000002123,ACC0014354,IND19000121,LN2019090000910,LDO20200000247,7,2020-04-26,03:46:45,1604.39,Debit,Completed,,Loan Payment - LN2019090000910,False,,1.22,,Automated,Home Loan,standard_payment,False,loan_payment_generator,True,amount_rounding_error
TXNL202000002124,ACC0013309,IND19000953,LN2019090000914,LDO20200000537,7,2020-04-27,02:29:44,5293.76,Debit,Completed,,Loan Payment - LN2019090000914,False,,1.0,,Automated,Personal Loan,standard_payment,False,loan_payment_generator,False,
TXNL202000002125,ACC0013926,IND19010625,LN2019090000927,LDO20200001185,6,2020-04-01,02:50:18,1007.22,Debit,Completed,,Loan Payment - LN2019090000927,False,,1.52,,Automated,Vehicle Loan,standard_payment,False,loan_payment_generator,False,
TXNL202000002126,ACC0013252,IND19013567,LN2019090000931,LDO20200000538,7,2020-04-19,02:54:01,679.74,Debit,Completed,,Loan Payment - LN2019090000931,False,,0.61,,Automated,Personal Loan,standard_payment,False,loan_payment_generator,False,
TXNL202000002127,ACC0013297,IND19004636,LN2019090000942,LDO20200000539,7,2020-04-30,04:44:33,2920.17,Debit,Completed,,Loan Payment - LN2019090000942,False,,1.26,,Automated,Vehicle Loan,standard_payment,False,loan_payment_generator,False,
TXNL202000002128,ACC0014211,IND19001986,LN2019090000946,LDO20200001186,7,2020-04-11,03:25:10,1530.56,Debit,Completed,,Loan Payment - LN2019090000946,False,,0.28,,Automated,Vehicle Loan,standard_payment,False,loan_payment_generator,False,
TXNL202000002129,ACC0014081,IND19000874,LN2019090000947,,7,2020-04-25,04:19:39,1552.87,Debit,Completed,,Loan Payment - LN2019090000947,False,,2.5,,Automated,Home Loan,standard_payment,False,loan_payment_generator,False,
TXNL202000002130,ACC0013835,IND19014234,LN2019090000951,LDO20200000540,7,2020-04-08,06:33:17,3078.84,Debit,Completed,,Loan Payment - LN2019090000951,False,,0.65,,Automated,Home Loan,standard_payment,False,loan_payment_generator,True,timestamp_shift
TXNL202000002131,ACC0014042,IND19002071,LN2019090000954,LDO20200000248,6,2020-04-04,02:21:01,3916.87,Debit,Completed,,Loan Payment - LN2019090000954,False,,0.43,,Automated,Home Loan,standard_payment,False,loan_payment_generator,False,
TXNL202000002132,ACC0014046,IND19010235,LN2019090000955,LDO20200000541,6,2020-04-04,02:11:23,2555.09,Debit,Completed,,Loan Payment - LN2019090000955,False,,0.07,,Automated,Home Loan,standard_payment,False,loan_payment_generator,False,
TXNL202000002133,ACC0014155,IND19006439,LN2019090000957,LDO20200000542,7,2020-04-11,02:48:56,8195.52,Debit,Completed,,Loan Payment - LN2019090000957,False,,1.82,,Automated,Personal Loan,standard_payment,False,loan_payment_generator,False,
TXNL202000002134,ACC0013147,IND19010778,LN2019090000960,,7,2020-04-23,04:09:42,2250.11,Debit,Completed,,Loan Payment - LN2019090000960,False,,2.5,,Automated,Vehicle Loan,standard_payment,False,loan_payment_generator,False,
TXNL202000002135,ACC0013283,IND19015784,LN2019090000993,LDO20200001187,6,2020-04-03,04:01:15,308.75,Debit,Completed,,Loan Payment - LN2019090000993,False,,0.64,,Automated,Home Loan,standard_payment,False,loan_payment_generator,False,
TXNL202000002136,ACC0013566,IND19013689,LN2019090001000,LDO20200001188,7,2020-04-12,03:29:24,208.91,Debit,Completed,,Loan Payment - LN2019090001000,False,,0.3,,Automated,Home Loan,standard_payment,False,loan_payment_generator,False,
TXNL202000002137,ACC0014044,IND19009292,LN2019090001002,LDO20200001189,7,2020-04-14,04:10:29,2113.4,Debit,Completed,,Loan Payment - LN2019090001002,False,,0.31,,Automated,Vehicle Loan,standard_payment,False,loan_payment_generator,False,
TXNL202000002138,ACC0014230,IND19008095,LN2019090001016,LDO20200001190,6,2020-04-06,02:37:19,3437.32,Debit,Completed,,Loan Payment - LN2019090001016 - Partial,False,,0.13,,Automated,Home Loan,partial_payment,False,loan_payment_generator,False,
TXNL202000002139,ACC0013646,IND19009529,LN2019090001017,LDO20200000249,7,2020-04-10,04:41:54,405.98,Debit,Cancelled,customer_stop_instruction,Loan Payment - LN2019090001017,False,,1.53,,Automated,Home Loan,standard_payment,False,loan_payment_generator,False,
TXNL202000002140,ACC0013433,IND19003108,LN2019090001028,LDO20200000250,7,2020-04-23,04:08:55,1381.35,Debit,Completed,,Loan Payment - LN2019090001028,False,,0.3,,Automated,Home Loan,standard_payment,False,loan_payment_generator,False,
TXNL202000002141,ACC0013681,IND19005106,LN2019090001033,LDO20200000251,6,2020-04-07,03:39:24,1773.02,Debit,Completed,,Loan Payment - LN2019090001033 - Late Fee,False,,1.47,,Automated,Personal Loan,late_payment,False,loan_payment_generator,False,
TXNL202000002142,ACC0013228,IND19006101,LN2019090001037,LDO20200001191,6,2020-04-02,03:15:54,5489.22,Debit,Completed,,Loan Payment - LN2019090001037,False,,0.64,,Automated,Vehicle Loan,standard_payment,False,loan_payment_generator,False,
TXNL202000002143,ACC0013299,IND19004426,LN2019090001071,LDO20200001192,7,2020-04-25,02:35:03,3397.73,Debit,Failed,account_blocked,Loan Payment - LN2019090001071,False,,1.31,,Automated,Home Loan,standard_payment,False,loan_payment_generator,False,
TXNL202000002144,ACC0013072,IND19012584,LN2019090001085,LDO20200001193,6,2020-04-01,02:14:01,797.96,Debit,Completed,,Loan Payment - LN2019090001085,False,,0.71,,Automated,Home Loan,standard_payment,False,loan_payment_generator,False,
TXNL202000002145,ACC0013635,IND19012933,LN2019090001088,LDO20200001194,6,2020-04-05,02:23:34,2768.49,Debit,Failed,account_blocked,Loan Payment - LN2019090001088,False,,0.46,,Automated,Personal Loan,standard_payment,False,loan_payment_generator,False,
TXNL202000002146,ACC0013572,IND19001360,LN2019090001092,LDO20200001195,7,2020-04-30,02:25:32,658.53,Debit,Completed,,Loan Payment - LN2019090001092,False,,1.12,,Automated,Home Loan,standard_payment,False,loan_payment_generator,False,
TXNL202000002147,ACC0013935,IND19003012,LN2019090001095,LDO20200001196,7,2020-04-18,03:10:11,3471.0,Debit,Completed,,Loan Payment - LN2019090001095,False,,0.52,,Automated,Personal Loan,standard_payment,False,loan_payment_generator,False,
TXNL202000002148,ACC0013345,IND19017011,LN2019090001097,LDO20200001197,7,2020-04-29,04:38:41,2893.81,Debit,Completed,,Loan Payment - LN2019090001097,False,,0.71,,Automated,Personal Loan,standard_payment,False,loan_payment_generator,False,
TXNL202000002149,ACC0013418,IND19008825,LN2019090001100,LDO20200001198,7,2020-04-24,02:01:45,2379.67,Debit,Completed,,Loan Payment - LN2019090001100,False,,1.62,,Automated,Home Loan,standard_payment,False,loan_payment_generator,False,
TXNL202000002150,ACC0014430,COM19000070,LN2019090001105,LDO20200001199,7,2020-04-20,04:42:37,9182.43,Debit,Completed,,Loan Payment - LN2019090001105,False,,0.17,,Automated,Business Loan,standard_payment,False,loan_payment_generator,False,
TXNL202000002151,ACC0013960,IND19010654,LN2019090001106,LDO20200000543,7,2020-04-30,04:10:52,2666.87,Debit,Completed,,Loan Payment - LN2019090001106,False,,0.87,,Automated,Home Loan,standard_payment,False,loan_payment_generator,False,
TXNL202000002152,ACC0013605,IND19009121,LN2019090001113,LDO20200000252,7,2020-04-23,02:55:35,1023.91,Debit,Completed,,Loan Payment - LN2019090001113,False,,1.89,,Automated,Home Loan,standard_payment,False,loan_payment_generator,False,
TXNL202000002153,ACC0012990,IND19009602,LN2019090001114,LDO20200001200,7,2020-04-21,03:11:20,2191.82,Debit,Completed,,Loan Payment - LN2019090001114,False,,0.43,,Automated,Home Loan,standard_payment,False,loan_payment_generator,False,
TXNL202000002154,ACC0014153,IND19012116,LN2019090001121,LDO20200000544,7,2020-04-26,04:14:55,7599.46,Debit,Completed,,Loan Payment - LN2019090001121,False,,0.21,,Automated,Personal Loan,standard_payment,False,loan_payment_generator,False,
TXNL202000002155,ACC0013609,IND19012865,LN2019090001134,LDO20200001201,7,2020-04-17,03:08:07,3616.92,Debit,Completed,,Loan Payment - LN2019090001134,False,,1.31,,Automated,Home Loan,standard_payment,False,loan_payment_generator,False,
TXNL202000002156,ACC0014088,IND19007601,LN2019090001137,LDO20200001202,7,2020-04-28,04:23:25,4647.57,Debit,Completed,,Loan Payment - LN2019090001137,False,,0.74,,Automated,Personal Loan,standard_payment,False,loan_payment_generator,False,
TXNL202000002157,ACC0013112,IND19002951,LN2019090001138,LDO20200000545,6,2020-04-01,03:27:36,2351.67,Debit,Failed,bank_timeout,Loan Payment - LN2019090001138,False,,1.3,,Automated,Home Loan,standard_payment,False,loan_payment_generator,False,
TXNL202000002158,ACC0014417,COM19000106,LN2019090001142,LDO20200000040,7,2020-04-17,06:44:30,14297.44,Debit,Completed,,Loan Payment - LN2019090001142,False,,1.06,,Automated,Business Loan,standard_payment,False,loan_payment_generator,True,timestamp_shift
TXNL202000002159,ACC0013869,IND19017608,LN2019090001143,LDO20200001203,7,2020-04-17,03:30:49,2766.47,Debit,Completed,,Loan Payment - LN2019090001143,False,,0.14,,Automated,Personal Loan,standard_payment,False,loan_payment_generator,False,
TXNL202000002160,ACC0014041,IND19017473,LN2019090001150,LDO20200001204,7,2020-04-09,04:41:57,2147.84,Debit,Completed,,Loan Payment - LN2019090001150,False,,0.8,,Automated,Vehicle Loan,standard_payment,False,loan_payment_generator,False,
TXNL202000002161,ACC0012989,IND19009602,LN2019090001164,LDO20200000253,7,2020-04-23,02:01:31,1970.19,Debit,Completed,,Loan Payment - LN2019090001164 - Partial,False,,1.81,,Automated,Home Loan,partial_payment,False,loan_payment_generator,False,
TXNL202000002162,ACC0014223,IND19015574,LN2019090001165,LDO20200001205,7,2020-04-16,03:08:08,895.59,Debit,Failed,bank_timeout,Loan Payment - LN2019090001165 - Late Fee,False,,0.7,,Automated,Home Loan,late_payment,False,loan_payment_generator,False,
TXNL202000002163,ACC0013135,IND19001206,LN2019090001186,LDO20200000546,7,2020-04-29,03:27:08,2516.03,Debit,Completed,,Loan Payment - LN2019090001186,False,,1.56,,Automated,Home Loan,standard_payment,False,loan_payment_generator,False,
TXNL202000002164,ACC0013251,IND19004814,LN2019090001195,LDO20200001206,7,2020-04-16,04:23:15,1329.85,Debit,Completed,,Loan Payment - LN2019090001195,False,,0.49,,Automated,Vehicle Loan,standard_payment,False,loan_payment_generator,False,
TXNL202000002165,ACC0013153,IND19004697,LN2019090001198,LDO20200001207,6,2020-04-02,04:08:56,265.51,Debit,Completed,,Loan Payment - LN2019090001198,False,,1.91,,Automated,Home Loan,standard_payment,False,loan_payment_generator,False,
TXNL202000002166,ACC0012973,IND19012652,LN2019090001200,,6,2020-04-06,03:47:27,6391.34,Debit,Completed,,Loan Payment - LN2019090001200,False,,2.5,,Automated,Home Loan,standard_payment,False,loan_payment_generator,False,
TXNL202000002167,ACC0012994,IND19011271,LN2019090001210,LDO20200001208,7,2020-04-30,03:59:43,2432.8,Debit,Completed,,Loan Payment - LN2019090001210,False,,1.2,,Automated,Home Loan,standard_payment,False,loan_payment_generator,False,
TXNL202000002168,ACC0012907,IND19011479,LN2019090001217,LDO20200001209,7,2020-04-14,02:23:17,1879.15,Debit,Completed,,Loan Payment - LN2019090001217,False,,1.53,,Automated,Personal Loan,standard_payment,False,loan_payment_generator,False,
TXNL202000002169,ACC0013261,IND19009804,LN2019090001223,LDO20200000547,6,2020-04-05,04:21:35,5118.41,Debit,Completed,,Loan Payment - LN2019090001223,False,,1.6,,Automated,Home Loan,standard_payment,False,loan_payment_generator,False,
TXNL202000002170,ACC0013985,IND19018624,LN2019090001231,LDO20200000254,6,2020-04-06,03:21:29,4693.13,Debit,Completed,,Loan Payment - LN2019090001231,False,,1.64,,Automated,Home Loan,standard_payment,False,loan_payment_generator,False,
TXNL202000002171,ACC0014204,IND19018537,LN2019090001239,LDO20200000103,7,2020-04-11,03:34:12,2885.4,Debit,Completed,,Loan Payment - LN2019090001239,False,,0.87,,Automated,Home Loan,standard_payment,False,loan_payment_generator,False,
TXNL202000002172,ACC0013954,IND19015770,LN2019090001243,LDO20200000548,6,2020-04-02,04:12:38,4230.29,Debit,Completed,,Loan Payment - LN2019090001243 - Extra Principal,False,,1.82,,Automated,Home Loan,extra_payment,False,loan_payment_generator,False,
TXNL202000002173,ACC0013485,IND19005483,LN2019090001250,LDO20200000549,7,2020-04-23,02:27:53,430.13,Debit,Completed,,Loan Payment - LN2019090001250,False,,1.14,,Automated,Home Loan,standard_payment,False,loan_payment_generator,False,
TXNL202000002174,ACC0013065,IND19004004,LN2019090001252,LDO20200001210,7,2020-04-22,03:39:54,2934.8,Debit,Completed,,Loan Payment - LN2019090001252,False,,0.91,,Automated,Personal Loan,standard_payment,False,loan_payment_generator,False,
TXNL202000002175,ACC0013630,IND19014241,LN2019090001260,LDO20200001211,7,2020-04-21,04:04:37,752.11,Debit,Completed,,Loan Payment - LN2019090001260,False,,0.67,,Automated,Home Loan,standard_payment,False,loan_payment_generator,False,
TXNL202000002176,ACC0013944,IND19015221,LN2019090001268,LDO20200001212,7,2020-04-13,03:01:45,1707.58,Debit,Completed,,Loan Payment - LN2019090001268,False,,1.93,,Automated,Home Loan,standard_payment,False,loan_payment_generator,False,
TXNL202000002177,ACC0013749,IND19000980,LN2019090001287,LDO20200001213,7,2020-04-28,04:48:09,1707.86,Debit,Failed,bank_timeout,Loan Payment - LN2019090001287,False,,1.88,,Automated,Home Loan,standard_payment,False,loan_payment_generator,False,
TXNL202000002178,ACC0013445,IND19012590,LN2019090001291,LDO20200000255,7,2020-04-16,04:11:36,5227.76,Debit,Completed,,Loan Payment - LN2019090001291,False,,0.56,,Automated,Vehicle Loan,standard_payment,False,loan_payment_generator,False,
TXNL202000002179,ACC0014015,IND19017663,LN2019090001302,LDO20200000550,6,2020-04-03,04:53:34,1772.75,Debit,Completed,,Loan Payment - LN2019090001302,False,,0.58,,Automated,Home Loan,standard_payment,False,loan_payment_generator,False,
TXNL202000002180,ACC0013533,IND19004038,LN2019090001310,LDO20200001214,7,2020-04-22,02:50:07,3377.78,Debit,Completed,,Loan Payment - LN2019090001310,False,,1.22,,Automated,Personal Loan,standard_payment,False,loan_payment_generator,False,
TXNL202000002181,ACC0013202,IND19016435,LN2019090001311,LDO20200001215,6,2020-04-03,03:14:14,1855.32,Debit,Completed,,Loan Payment - LN2019090001311,False,,1.61,,Automated,Personal Loan,standard_payment,False,loan_payment_generator,False,
TXNL202000002182,ACC0013105,IND19016748,LN2019090001313,LDO20200000256,7,2020-04-19,02:04:00,1337.86,Debit,Completed,,Loan Payment - LN2019090001313,False,,1.11,,Automated,Personal Loan,standard_payment,False,loan_payment_generator,False,
TXNL202000002183,ACC0013409,IND19003934,LN2019090001315,LDO20200000551,7,2020-04-30,04:08:31,1425.4,Debit,Completed,,Loan Payment - LN2019090001315,False,,1.58,,Automated,Vehicle Loan,standard_payment,False,loan_payment_generator,False,
TXNL202000002184,ACC0013163,IND19009650,LN2019090001324,LDO20200001216,7,2020-04-20,03:01:06,3129.17,Debit,Completed,,Loan Payment - LN2019090001324,False,,0.9,,Automated,Vehicle Loan,standard_payment,False,loan_payment_generator,False,
TXNL202000002185,ACC0014145,IND19000927,LN2019090001327,LDO20200000041,6,2020-04-05,03:22:31,5035.1,Debit,Completed,,Loan Payment - LN2019090001327,False,,1.68,,Automated,Personal Loan,standard_payment,False,loan_payment_generator,False,
TXNL202000002186,ACC0013375,IND19011131,LN2019090001337,LDO20200001217,7,2020-04-14,03:46:00,2130.27,Debit,Completed,,Loan Payment - LN2019090001337,False,,1.28,,Automated,Home Loan,standard_payment,False,loan_payment_generator,False,
TXNL202000002187,ACC0013809,IND19008169,LN2019090001342,LDO20200001218,7,2020-04-13,02:33:29,3021.12,Debit,Completed,,Loan Payment - LN2019090001342,False,,0.13,,Automated,Home Loan,standard_payment,False,loan_payment_generator,False,
TXNL202000002188,ACC0013104,IND19016748,LN2019090001344,LDO20200001219,7,2020-04-18,04:26:11,1459.16,Debit,Completed,,Loan Payment - LN2019090001344,False,,0.53,,Automated,Vehicle Loan,standard_payment,False,loan_payment_generator,False,
TXNL202000002189,ACC0014343,IND19007807,LN2019090001353,LDO20200001220,7,2020-04-25,04:53:32,997.3,Debit,Completed,,Loan Payment - LN2019090001353,False,,0.05,,Automated,Personal Loan,standard_payment,False,loan_payment_generator,False,
TXNL202000002190,ACC0014334,IND19010477,LN2019090001366,LDO20200001221,7,2020-04-26,02:44:11,618.62,Debit,Completed,,Loan Payment - LN2019090001366 - Partial,False,,1.64,,Automated,Home Loan,partial_payment,False,loan_payment_generator,False,
TXNL202000002191,ACC0013624,IND19011106,LN2019090001368,LDO20200000552,6,2020-04-05,04:49:15,990.43,Debit,Completed,,Loan Payment - LN2019090001368 - Late Fee,False,,1.4,,Automated,Home Loan,late_payment,False,loan_payment_generator,False,
TXNL202000002192,ACC0013502,IND19007149,LN2019090001381,LDO20200001222,7,2020-04-23,02:27:14,2077.74,Debit,Completed,,Loan Payment - LN2019090001381,False,,0.24,,Automated,Vehicle Loan,standard_payment,False,loan_payment_generator,False,
TXNL202000002193,ACC0014408,IND19015121,LN2019090001391,LDO20200001223,7,2020-04-19,03:50:50,2125.36,Debit,Completed,,Loan Payment - LN2019090001391,False,,0.68,,Automated,Vehicle Loan,standard_payment,False,loan_payment_generator,False,
TXNL202000002194,ACC0014259,IND19014691,LN2019090001392,LDO20200000257,7,2020-04-24,02:03:38,11997.57,Debit,Failed,daily_limit_exceeded,Loan Payment - LN2019090001392,False,,0.54,,Automated,Personal Loan,standard_payment,False,loan_payment_generator,False,
TXNL202000002195,ACC0013534,IND19013456,LN2019090001397,LDO20200000258,7,2020-04-25,03:49:37,4365.79,Debit,Completed,,Loan Payment - LN2019090001397,False,,1.24,,Automated,Home Loan,standard_payment,False,loan_payment_generator,False,
TXNL202000002196,ACC0014337,IND19006207,LN2019090001398,LDO20200001224,7,2020-04-25,04:33:11,2578.61,Debit,Completed,,Loan Payment - LN2019090001398 - Extra Principal,False,,0.44,,Automated,Home Loan,extra_payment,False,loan_payment_generator,False,
TXNL202000002197,ACC0013005,IND19015774,LN2019090001402,LDO20200001225,7,2020-04-16,04:34:41,5178.22,Debit,Completed,,Loan Payment - LN2019090001402,False,,0.81,,Automated,Home Loan,standard_payment,False,loan_payment_generator,False,
TXNL202000002198,ACC0014233,IND19011996,LN2019090001411,LDO20200000553,6,2020-04-02,02:32:26,3105.48,Debit,Completed,,Loan Payment - LN2019090001411,False,,1.52,,Automated,Vehicle Loan,standard_payment,False,loan_payment_generator,False,
TXNL202000002199,ACC0014180,IND19000217,LN2019090001412,LDO20200001226,7,2020-04-19,02:41:22,1473.33,Debit,Completed,,Loan Payment - LN2019090001412,False,,0.21,,Automated,Home Loan,standard_payment,False,loan_payment_generator,False,
TXNL202000002200,ACC0013395,IND19014063,LN2019090001420,LDO20200001227,7,2020-04-15,04:59:30,1443.68,Debit,Completed,,Loan Payment - LN2019090001420,False,,0.92,,Automated,Personal Loan,standard_payment,False,loan_payment_generator,False,
TXNL202000002201,ACC0013539,IND19002909,LN2019090001421,LDO20200001228,7,2020-04-29,04:31:35,2538.38,Debit,Completed,,Loan Payment - LN2019090001421 - Late Fee,False,,1.81,,Automated,Vehicle Loan,late_payment,False,loan_payment_generator,False,
TXNL202000002202,ACC0013916,IND19011454,LN2019090001442,LDO20200000259,6,2020-04-02,04:02:09,1946.43,Debit,Completed,,Loan Payment - LN2019090001442,False,,1.64,,Automated,Vehicle Loan,standard_payment,False,loan_payment_generator,False,
TXNL202000002203,ACC0013959,IND19010654,LN2019090001445,LDO20200001229,6,2020-04-02,02:05:48,3834.95,Debit,Completed,,Loan Payment - LN2019090001445,False,,1.69,,Automated,Home Loan,standard_payment,False,loan_payment_generator,False,
TXNL202000002204,ACC0014131,IND19013349,LN2019090001455,LDO20200000554,6,2020-04-08,04:22:29,6940.14,Debit,Completed,,Loan Payment - LN2019090001455,False,,0.4,,Automated,Vehicle Loan,standard_payment,False,loan_payment_generator,False,
TXNL202000002205,ACC0014620,IND19001698,LN2019100000008,LDO20200001231,6,2020-04-08,03:44:39,5104.33,Debit,Completed,,Loan Payment - LN2019100000008,False,,0.45,,Automated,Personal Loan,standard_payment,False,loan_payment_generator,False,
TXNL202000002206,ACC0014476,IND19013009,LN2019100000022,LDO20200000260,6,2020-04-27,02:02:52,3788.19,Debit,Completed,,Loan Payment - LN2019100000022,False,,0.55,,Automated,Home Loan,standard_payment,False,loan_payment_generator,False,
TXNL202000002207,ACC0014771,IND19004724,LN2019100000029,LDO20200001232,5,2020-04-06,04:23:44,179.02,Debit,Completed,,Loan Payment - LN2019100000029,False,,1.47,,Automated,Home Loan,standard_payment,False,loan_payment_generator,False,
TXNL202000002208,ACC0014461,IND19004667,LN2019100000030,LDO20200000555,6,2020-04-28,02:36:12,2122.77,Debit,Failed,insufficient_funds,Loan Payment - LN2019100000030 - Late Fee,False,,0.93,,Automated,Personal Loan,late_payment,False,loan_payment_generator,False,
TXNL202000002209,ACC0015121,IND19004735,LN2019100000041,LDO20200001233,6,2020-04-20,03:08:56,552.16,Debit,Completed,,Loan Payment - LN2019100000041,False,,1.98,,Automated,Vehicle Loan,standard_payment,False,loan_payment_generator,False,
TXNL202000002210,ACC0015008,IND19000714,LN2019100000042,LDO20200000261,6,2020-04-26,02:18:47,12066.24,Debit,Completed,,Loan Payment - LN2019100000042,False,,0.66,,Automated,Personal Loan,standard_payment,False,loan_payment_generator,False,
TXNL202000002211,ACC0014862,IND19006489,LN2019100000063,LDO20200000556,5,2020-04-04,02:34:32,1205.48,Debit,Completed,,Loan Payment - LN2019100000063,False,,1.11,,Automated,Home Loan,standard_payment,False,loan_payment_generator,False,
TXNL202000002212,ACC0014805,IND19007792,LN2019100000067,LDO20200000557,6,2020-04-29,04:27:13,12095.36,Debit,Completed,,Loan Payment - LN2019100000067,False,,1.63,,Automated,Personal Loan,standard_payment,False,loan_payment_generator,False,
TXNL202000002213,ACC0014696,IND19005965,LN2019100000069,LDO20200000558,5,2020-04-04,02:00:06,2620.21,Debit,Completed,,Loan Payment - LN2019100000069,False,,0.57,,Automated,Home Loan,standard_payment,False,loan_payment_generator,False,
TXNL202000002214,ACC0015209,IND19001935,LN2019100000078,LDO20200001234,6,2020-04-22,03:00:50,4000.82,Debit,Completed,,Loan Payment - LN2019100000078,False,,1.16,,Automated,Personal Loan,standard_payment,False,loan_payment_generator,False,
TXNL202000002215,ACC0014975,IND19000727,LN2019100000090,LDO20200001235,5,2020-04-03,04:33:31,2234.68,Debit,Completed,,Loan Payment - LN2019100000090,False,,0.97,,Automated,Vehicle Loan,standard_payment,False,loan_payment_generator,False,
TXNL202000002216,ACC0015410,COM19000091,LN2019100000094,LDO20200000042,6,2020-04-30,03:33:15,6740.6,Debit,Completed,,Loan Payment - LN2019100000094 - Extra Principal,False,,0.11,,Automated,Business Loan,extra_payment,False,loan_payment_generator,False,
TXNL202000002217,ACC0014484,IND19007498,LN2019100000096,LDO20200001236,5,2020-04-09,03:51:26,437.81,Debit,Completed,,Loan Payment - LN2019100000096 - Late Fee,False,,1.41,,Automated,Home Loan,late_payment,False,loan_payment_generator,False,
TXNL202000002218,ACC0015032,IND19004061,LN2019100000105,LDO20200001237,6,2020-04-19,03:43:05,1374.65,Debit,Completed,,Loan Payment - LN2019100000105,False,,0.01,,Automated,Home Loan,standard_payment,False,loan_payment_generator,False,
TXNL202000002219,ACC0014759,IND19010704,LN2019100000109,LDO20200001238,6,2020-04-25,03:35:45,4775.07,Debit,Completed,,Loan Payment - LN2019100000109,False,,1.57,,Automated,Home Loan,standard_payment,False,loan_payment_generator,False,
TXNL202000002220,ACC0014993,IND19008314,LN2019100000117,LDO20200001239,6,2020-04-21,03:46:11,2304.04,Debit,Completed,,Loan Payment - LN2019100000117,False,,1.31,,Automated,Home Loan,standard_payment,False,loan_payment_generator,False,
TXNL202000002221,ACC0015064,IND19005733, LN2019100000128 ,LDO20200000559,6,2020-04-21,03:50:23,1791.48,Debit,Completed,,Loan Payment - LN2019100000128,False,,1.57,,Automated,Home Loan,standard_payment,False,loan_payment_generator,True,whitespace_in_id
TXNL202000002222,ACC0014577,IND19003480,LN2019100000144,LDO20200001240,6,2020-04-21,02:54:54,905.06,Debit,Completed,,Loan Payment - LN2019100000144,False,,1.96,,Automated,Personal Loan,standard_payment,False,loan_payment_generator,False,
TXNL202000002223,ACC0015239,IND19001304,LN2019100000150,LDO20200001241,6,2020-04-19,02:57:59,3678.72,Debit,Failed,bank_timeout,Loan Payment - LN2019100000150,False,,1.33,,Automated,Personal Loan,standard_payment,False,loan_payment_generator,False,
TXNL202000002224,ACC0014575,IND19011995,LN2019100000157,LDO20200001242,6,2020-04-21,03:01:36,3029.54,Debit,Completed,,Loan Payment - LN2019100000157,False,,0.05,,Automated,Home Loan,standard_payment,False,loan_payment_generator,False,
TXNL202000002225,ACC0014919,IND19003502,LN2019100000162,,6,2020-04-22,02:15:22,1725.63,Debit,Completed,,Loan Payment - LN2019100000162 - Late Fee,False,,2.5,,Automated,Home Loan,late_payment,False,loan_payment_generator,False,
TXNL202000002226,ACC0015320,IND19003730,LN2019100000163,LDO20200001243,6,2020-04-11,02:55:40,1063.55,Debit,Completed,,Loan Payment - LN2019100000163,False,,0.9,,Automated,Personal Loan,standard_payment,False,loan_payment_generator,False,
TXNL202000002227,ACC0014853,IND19000792, LN2019100000167 ,LDO20200000560,6,2020-04-17,04:35:32,737.02,Debit,Completed,,Loan Payment - LN2019100000167,False,,0.57,,Automated,Vehicle Loan,standard_payment,False,loan_payment_generator,True,whitespace_in_id
TXNL202000002228,ACC0014588,IND19004745,LN2019100000179,LDO20200001244,6,2020-04-26,02:51:54,7763.85,Debit,Completed,,Loan Payment - LN2019100000179,False,,0.68,,Automated,Personal Loan,standard_payment,False,loan_payment_generator,False,
TXNL202000002229,ACC0014897,IND19000141,LN2019100000212,LDO20200001245,6,2020-04-19,03:00:27,494.18,Debit,Completed,,Loan Payment - LN2019100000212,False,,0.7,,Automated,Home Loan,standard_payment,False,loan_payment_generator,False,
TXNL202000002230,ACC0015397,IND19007257,LN2019100000219,LDO20200000104,6,2020-04-20,03:11:51,3647.58,Debit,Completed,,Loan Payment - LN2019100000219,False,,1.45,,Automated,Home Loan,standard_payment,False,loan_payment_generator,False,
TXNL202000002231,ACC0014591,IND19000977,LN2019100000226,LDO20200001247,6,2020-04-21,04:44:54,3521.32,Debit,Completed,,Loan Payment - LN2019100000226,False,,0.82,,Automated,Vehicle Loan,standard_payment,False,loan_payment_generator,False,
TXNL202000002232,ACC0015398,IND19007257,LN2019100000229,LDO20200000561,6,2020-04-30,02:34:17,2657.4,Debit,Completed,,Loan Payment - LN2019100000229,False,,1.78,,Automated,Personal Loan,standard_payment,False,loan_payment_generator,False,
TXNL202000002233,ACC0015360,IND19008035,LN2019100000234,LDO20200000562,5,2020-04-01,03:47:17,3140.81,Debit,Failed,insufficient_funds,Loan Payment - LN2019100000234,False,,0.88,,Automated,Home Loan,standard_payment,False,loan_payment_generator,True,status_inconsistency
TXNL202000002234,ACC0015381,IND19005223,LN2019100000244,LDO20200000563,6,2020-04-27,03:53:40,1666.15,Debit,Completed,,Loan Payment - LN2019100000244,False,,0.33,,Automated,Home Loan,standard_payment,False,loan_payment_generator,False,
TXNL202000002235,ACC0015199,IND19010299,LN2019100000260,LDO20200000564,6,2020-04-12,04:47:27,1319.91,Debit,Completed,,Loan Payment - LN2019100000260 - Late Fee,False,,1.2,,Automated,Personal Loan,late_payment,False,loan_payment_generator,False,
TXNL202000002236,ACC0015390,IND19000910,LN2019100000263,LDO20200000565,6,2020-04-18,04:32:43,2698.29,Debit,Completed,,Loan Payment - LN2019100000263,False,,1.54,,Automated,Vehicle Loan,standard_payment,False,loan_payment_generator,False,
TXNL202000002237,ACC0015277,IND19000248,LN2019100000267,LDO20200001248,6,2020-04-20,04:33:35,4525.81,Debit,Completed,,Loan Payment - LN2019100000267,False,,1.13,,Automated,Vehicle Loan,standard_payment,False,loan_payment_generator,False,
TXNL202000002238,ACC0014521,IND19008432,LN2019100000270,LDO20200001249,5,2020-04-12,03:04:05,3506.61,Debit,Completed,,Loan Payment - LN2019100000270,False,,1.88,,Automated,Personal Loan,standard_payment,False,loan_payment_generator,False,
TXNL202000002239,ACC0015363,IND19012136,LN2019100000274,LDO20200001250,5,2020-04-03,04:06:35,2650.06,Debit,Completed,,Loan Payment - LN2019100000274,False,,0.7,,Automated,Personal Loan,standard_payment,False,loan_payment_generator,False,
TXNL202000002240,ACC0014553,IND19006337,LN2019100000281,LDO20200001251,6,2020-04-27,04:01:20,2798.85,Debit,Completed,,Loan Payment - LN2019100000281 - Late Fee,False,,1.73,,Automated,Home Loan,late_payment,False,loan_payment_generator,False,
TXNL202000002241,ACC0014943,IND19004103,LN2019100000283,LDO20200000262,6,2020-04-23,04:38:41,17731.95,Debit,Completed,,Loan Payment - LN2019100000283,False,,1.93,,Automated,Personal Loan,standard_payment,False,loan_payment_generator,False,
TXNL202000002242,ACC0014912,IND19008232,LN2019100000286,LDO20200001252,6,2020-04-09,02:08:38,2780.66,Debit,Completed,,Loan Payment - LN2019100000286,False,,0.02,,Automated,Personal Loan,standard_payment,False,loan_payment_generator,False,
TXNL202000002243,ACC0015375,IND19001009,LN2019100000292,LDO20200000566,6,2020-04-17,07:45:13,2437.4,Debit,Completed,,Loan Payment - LN2019100000292,False,,0.54,,Automated,Personal Loan,standard_payment,False,loan_payment_generator,True,timestamp_shift
TXNL202000002244,ACC0014713,IND19000794,LN2019100000293,LDO20200001253,6,2020-04-21,02:25:59,1283.85,Debit,Completed,,Loan Payment - LN2019100000293,False,,0.09,,Automated,Home Loan,standard_payment,False,loan_payment_generator,False,
TXNL202000002245,ACC0015074,IND19011713,LN2019100000295,LDO20200001254,6,2020-04-13,02:39:31,6762.4,Debit,Completed,,Loan Payment - LN2019100000295,False,,0.02,,Automated,Home Loan,standard_payment,False,loan_payment_generator,False,
TXNL202000002246,ACC0014848,IND19011979,LN2019100000296,LDO20200000567,6,2020-04-29,04:22:00,2984.17,Debit,Completed,,Loan Payment - LN2019100000296,False,,1.9,,Automated,Personal Loan,standard_payment,False,loan_payment_generator,False,
TXNL202000002247,ACC0014690,IND19002470,LN2019100000305,LDO20200000105,6,2020-04-14,03:55:30,296.72,Debit,Completed,,Loan Payment - LN2019100000305,False,,0.73,,Automated,Home Loan,standard_payment,False,loan_payment_generator,False,
TXNL202000002248,ACC0014555,IND19005616,LN2019100000314,LDO20200001255,6,2020-04-19,04:55:59,2141.58,Debit,Completed,,Loan Payment - LN2019100000314 - Extra Principal,False,,1.49,,Automated,Vehicle Loan,extra_payment,False,loan_payment_generator,False,
TXNL202000002249,ACC0014753,IND19004483,LN2019100000317,LDO20200000568,6,2020-04-20,02:00:39,2046.26,Debit,Completed,,Loan Payment - LN2019100000317,False,,1.19,,Automated,Home Loan,standard_payment,False,loan_payment_generator,False,
TXNL202000002250,ACC0014617,IND19006637,LN2019100000322,LDO20200000569,6,2020-04-18,04:42:27,5309.93,Debit,Completed,,Loan Payment - LN2019100000322,False,,1.0,,Automated,Home Loan,standard_payment,False,loan_payment_generator,False,
TXNL202000002251,ACC0014892,IND19000611,LN2019100000323,LDO20200001256,5,2020-04-04,02:25:22,1398.6,Debit,Failed,account_blocked,Loan Payment - LN2019100000323,False,,1.89,,Automated,Vehicle Loan,standard_payment,False,loan_payment_generator,False,
TXNL202000002252,ACC0014610,IND19002007,LN2019100000336,LDO20200000570,6,2020-04-29,03:12:21,2886.83,Debit,Completed,,Loan Payment - LN2019100000336,False,,1.62,,Automated,Vehicle Loan,standard_payment,False,loan_payment_generator,False,
TXNL202000002253,ACC0014600,IND19001055,LN2019100000339,LDO20200001257,6,2020-04-26,03:48:47,5214.56,Debit,Completed,,Loan Payment - LN2019100000339,False,,1.35,,Automated,Personal Loan,standard_payment,False,loan_payment_generator,False,
TXNL202000002254,ACC0015248,IND19000054,LN2019100000356,LDO20200001258,6,2020-04-13,04:10:41,400.92,Debit,Completed,,Loan Payment - LN2019100000356,False,,1.83,,Automated,Home Loan,standard_payment,False,loan_payment_generator,False,
TXNL202000002255,ACC0014948,IND19008617,LN2019100000360,LDO20200000263,5,2020-04-08,02:51:14,1658.38,Debit,Completed,,Loan Payment - LN2019100000360,False,,0.35,,Automated,Vehicle Loan,standard_payment,False,loan_payment_generator,False,
TXNL202000002256,ACC0014823,IND19007675,LN2019100000363,LDO20200000571,6,2020-04-28,03:35:23,2021.1,Debit,Completed,,Loan Payment - LN2019100000363,False,,1.93,,Automated,Home Loan,standard_payment,False,loan_payment_generator,False,
TXNL202000002257,ACC0015233,IND19003932,LN2019100000375,LDO20200000572,6,2020-04-22,03:26:22,1019.59,Debit,Completed,,Loan Payment - LN2019100000375,False,,1.66,,Automated,Home Loan,standard_payment,False,loan_payment_generator,False,
TXNL202000002258,ACC0014914,IND19011745,LN2019100000377,LDO20200000573,6,2020-04-09,04:07:04,1842.55,Debit,Completed,,Loan Payment - LN2019100000377,False,,1.38,,Automated,Vehicle Loan,standard_payment,False,loan_payment_generator,False,
TXNL202000002259,ACC0015178,IND19003921,LN2019100000378,LDO20200000574,6,2020-04-23,04:16:45,2416.84,Debit,Completed,,Loan Payment - LN2019100000378,False,,0.52,,Automated,Home Loan,standard_payment,False,loan_payment_generator,False,
TXNL202000002260,ACC0015101,IND19008786,LN2019100000381,LDO20200000575,6,2020-04-15,02:32:53,917.49,Debit,Completed,,Loan Payment - LN2019100000381,False,,1.12,,Automated,Personal Loan,standard_payment,False,loan_payment_generator,False,
TXNL202000002261,ACC0014781,IND19003624,LN2019100000385,LDO20200000264,5,2020-04-11,02:31:27,16466.89,Debit,Completed,,Loan Payment - LN2019100000385,False,,0.53,,Automated,Personal Loan,standard_payment,False,loan_payment_generator,False,
TXNL202000002262,ACC0014563,IND19012662,LN2019100000393,LDO20200001259,6,2020-04-22,03:36:55,1625.68,Debit,Completed,,Loan Payment - LN2019100000393 - Recovery,False,,0.67,,Automated,Vehicle Loan,recovery_payment,True,loan_payment_generator,False,
TXNL202000002263,ACC0015268,IND19008367,LN2019100000397,LDO20200001260,6,2020-04-15,02:50:25,969.21,Debit,Completed,,Loan Payment - LN2019100000397,False,,2.0,,Automated,Home Loan,standard_payment,False,loan_payment_generator,False,
TXNL202000002264,ACC0014459,IND19003876,LN2019100000402,LDO20200001261,6,2020-04-09,04:17:52,421.37,Debit,Completed,,Loan Payment - LN2019100000402,False,,0.73,,Automated,Home Loan,standard_payment,False,loan_payment_generator,False,
TXNL202000002265,ACC0014761,IND19007965,LN2019100000404,LDO20200001262,6,2020-04-21,04:49:29,1166.04,Debit,Completed,,Loan Payment - LN2019100000404,False,,0.26,,Automated,Home Loan,standard_payment,False,loan_payment_generator,False,
TXNL202000002266,ACC0015297,IND19009160,LN2019100000408,LDO20200001263,5,2020-04-05,04:29:11,3705.16,Debit,Completed,,Loan Payment - LN2019100000408,False,,0.52,,Automated,Home Loan,standard_payment,False,loan_payment_generator,False,
TXNL202000002267,ACC0014808,IND19003893,LN2019100000412,LDO20200001264,5,2020-04-08,02:19:52,281.07,Debit,Completed,,Loan Payment - LN2019100000412,False,,0.83,,Automated,Home Loan,standard_payment,False,loan_payment_generator,False,
TXNL202000002268,ACC0015414,COM19000136,LN2019100000415,LDO20200001265,6,2020-04-30,02:23:39,8026.67,Debit,Completed,,Loan Payment - LN2019100000415,False,,0.64,,Automated,Business Loan,standard_payment,False,loan_payment_generator,False,
TXNL202000002269,ACC0014945,IND19009190,LN2019100000423,LDO20200001266,6,2020-04-10,04:45:58,1177.46,Debit,Completed,,Loan Payment - LN2019100000423,False,,0.99,,Automated,Vehicle Loan,standard_payment,False,loan_payment_generator,False,
TXNL202000002270,ACC0014839,IND19005416,LN2019100000426,LDO20200000106,6,2020-04-24,03:16:48,673.89,Debit,Completed,,Loan Payment - LN2019100000426,False,,0.03,,Automated,Home Loan,standard_payment,False,loan_payment_generator,False,
TXNL202000002271,ACC0014647,IND19005372,LN2019100000430,LDO20200001267,6,2020-04-11,04:27:40,1342.13,Debit,Completed,,Loan Payment - LN2019100000430,False,,0.46,,Automated,Vehicle Loan,standard_payment,False,loan_payment_generator,False,
TXNL202000002272,ACC0015194,IND19010344,LN2019100000433,LDO20200001268,6,2020-04-27,02:44:03,12023.96,Debit,Completed,,Loan Payment - LN2019100000433,False,,0.88,,Automated,Personal Loan,standard_payment,False,loan_payment_generator,False,
TXNL202000002273,ACC0015238,IND19009294,LN2019100000438,LDO20200000265,5,2020-04-07,03:02:34,3159.93,Debit,Completed,,Loan Payment - LN2019100000438,False,,0.21,,Automated,Home Loan,standard_payment,False,loan_payment_generator,False,
TXNL202000002274,ACC0015024,IND19002690,LN2019100000440,LDO20200000576,6,2020-04-17,02:28:55,3077.3,Debit,Completed,,Loan Payment - LN2019100000440 - Late Fee,False,,1.33,,Automated,Vehicle Loan,late_payment,False,loan_payment_generator,False,
TXNL202000002275,ACC0015012,IND19011895,LN2019100000447,LDO20200001269,6,2020-04-28,04:37:40,2313.19,Debit,Completed,,Loan Payment - LN2019100000447,False,,0.28,,Automated,Vehicle Loan,standard_payment,False,loan_payment_generator,False,
TXNL202000002276,ACC0014685,IND19002525,LN2019100000449,LDO20200000577,6,2020-04-11,03:41:18,814.37,Debit,Completed,,Loan Payment - LN2019100000449 - Late Fee,False,,0.8,,Automated,Home Loan,late_payment,False,loan_payment_generator,False,
TXNL202000002277,ACC0015275,IND19012019,LN2019100000460,LDO20200001270,6,2020-04-21,04:38:47,2240.29,Debit,Completed,,Loan Payment - LN2019100000460,False,,1.93,,Automated,Home Loan,standard_payment,False,loan_payment_generator,False,
TXNL202000002278,ACC0014719,IND19003231,LN2019100000462,LDO20200001271,6,2020-04-30,04:49:56,1869.41,Debit,Completed,,Loan Payment - LN2019100000462,False,,1.05,,Automated,Vehicle Loan,standard_payment,False,loan_payment_generator,False,
TXNL202000002279,ACC0014817,IND19001689,LN2019100000477,LDO20200001272,6,2020-04-27,04:45:50,635.91,Debit,Completed,,Loan Payment - LN2019100000477,False,,1.18,,Automated,Home Loan,standard_payment,False,loan_payment_generator,False,
TXNL202000002280,ACC0015340,IND19000316,LN2019100000484,LDO20200001273,6,2020-04-19,02:07:28,623.58,Debit,Completed,,Loan Payment - LN2019100000484,False,,0.89,,Automated,Home Loan,standard_payment,False,loan_payment_generator,False,
TXNL202000002281,ACC0015393,IND19001531,LN2019100000490,LDO20200000578,5,2020-04-05,02:34:41,2655.62,Debit,Completed,,Loan Payment - LN2019100000490,False,,1.83,,Automated,Personal Loan,standard_payment,False,loan_payment_generator,False,
TXNL202000002282,ACC0015112,IND19010963,LN2019100000495,LDO20200001274,6,2020-04-25,04:38:04,1428.49,Debit,Completed,,Loan Payment - LN2019100000495,False,,0.52,,Automated,Vehicle Loan,standard_payment,False,loan_payment_generator,False,
TXNL202000002283,ACC0014798,IND19002178,LN2019100000499,LDO20200000107,5,2020-04-08,04:45:06,2278.13,Debit,Completed,,Loan Payment - LN2019100000499,False,,1.01,,Automated,Home Loan,standard_payment,False,loan_payment_generator,False,
TXNL202000002284,ACC0014955,IND19011341,LN2019100000523,LDO20200000108,6,2020-04-30,02:13:06,894.9,Debit,Completed,,Loan Payment - LN2019100000523,False,,1.47,,Automated,Personal Loan,standard_payment,False,loan_payment_generator,False,
TXNL202000002285,ACC0014499,IND19002981,LN2019100000525,LDO20200001275,6,2020-04-29,03:09:27,980.31,Debit,Completed,,Loan Payment - LN2019100000525,False,,1.57,,Automated,Personal Loan,standard_payment,False,loan_payment_generator,False,
TXNL202000002286,ACC0015010,IND19010286,LN2019100000533,LDO20200001276,6,2020-04-20,03:19:37,4041.73,Debit,Completed,,Loan Payment - LN2019100000533,False,,0.4,,Automated,Home Loan,standard_payment,False,loan_payment_generator,False,
TXNL202000002287,ACC0015015,IND19010155,LN2019100000540,LDO20200000579,6,2020-04-21,02:19:53,2721.36,Debit,Completed,,Loan Payment - LN2019100000540,False,,0.29,,Automated,Personal Loan,standard_payment,False,loan_payment_generator,False,
TXNL202000002288,ACC0014495,IND19002896,LN2019100000544,LDO20200000266,6,2020-04-18,03:55:45,1890.79,Debit,Completed,,Loan Payment - LN2019100000544,False,,0.21,,Automated,Vehicle Loan,standard_payment,False,loan_payment_generator,False,
TXNL202000002289,ACC0014999,IND19006679,LN2019100000546,LDO20200001277,6,2020-04-28,03:47:27,1562.36,Debit,Completed,,Loan Payment - LN2019100000546,False,,1.18,,Automated,Vehicle Loan,standard_payment,False,loan_payment_generator,False,
TXNL202000002290,ACC0015084,IND19000776,LN2019100000547,LDO20200001278,5,2020-04-03,02:26:46,1118.97,Debit,Completed,,Loan Payment - LN2019100000547,False,,0.6,,Automated,Home Loan,standard_payment,False,loan_payment_generator,False,
TXNL202000002291,ACC0015335,IND19012650,LN2019100000567,LDO20200001279,6,2020-04-19,04:22:09,3671.69,Debit,Completed,,Loan Payment - LN20191000...,False,,1.66,,Automated,Vehicle Loan,standard_payment,False,loan_payment_generator,True,truncated_description
TXNL202000002292,ACC0015386,IND19006234,LN2019100000572,LDO20200001280,5,2020-04-08,04:01:05,3724.87,Debit,Completed,,Loan Payment - LN2019100000572,False,,0.49,,Automated,Home Loan,standard_payment,False,loan_payment_generator,False,
TXNL202000002293,ACC0014790,IND19002667,LN2019100000583,LDO20200000580,6,2020-04-30,04:03:00,2923.9,Debit,Completed,,Loan Payment - LN2019100000583,False,,0.81,,Automated,Vehicle Loan,standard_payment,False,loan_payment_generator,False,
TXNL202000002294,ACC0014775,IND19004605,LN2019100000591,LDO20200001281,6,2020-04-30,04:35:35,2717.15,Debit,Completed,,Loan Payment - LN2019100000591,False,,1.43,,Automated,Home Loan,standard_payment,False,loan_payment_generator,False,
TXNL202000002295,ACC0014745,IND19000578,LN2019100000616,LDO20200001282,6,2020-04-30,03:06:31,656.71,Debit,Completed,,Loan Payment - LN2019100000616,False,,1.93,,Automated,Home Loan,standard_payment,False,loan_payment_generator,False,
TXNL202000002296,ACC0014560,IND19002699,LN2019100000629,LDO20200001283,5,2020-04-06,03:29:44,6048.07,Debit,Completed,,Loan Payment - LN2019100000629,False,,0.76,,Automated,Personal Loan,standard_payment,False,loan_payment_generator,False,
TXNL202000002297,ACC0014991,IND19010123,LN2019100000633,LDO20200000267,6,2020-04-14,02:10:25,1484.07,Debit,Completed,,Loan Payment - LN2019100000633,False,,1.68,,Automated,Home Loan,standard_payment,False,loan_payment_generator,False,
TXNL202000002298,ACC0015318,IND19000461,LN2019100000636,LDO20200000268,5,2020-04-01,03:30:30,2991.4,Debit,Completed,,Loan Payment - LN2019100000636,False,,0.01,,Automated,Personal Loan,standard_payment,False,loan_payment_generator,False,
TXNL202000002299,ACC0014533,IND19011563,LN2019100000645,,6,2020-04-29,04:46:46,2051.01,Debit,Completed,,Loan Payment - LN2019100000645,False,,2.5,,Automated,Personal Loan,standard_payment,False,loan_payment_generator,False,
TXNL202000002300,ACC0015376,IND19009495,LN2019100000646,LDO20200000581,5,2020-04-03,04:38:37,2023.45,Debit,Completed,,Loan Payment - LN2019100000646,False,,0.43,,Automated,Vehicle Loan,standard_payment,False,loan_payment_generator,False,
TXNL202000002301,ACC0014444,IND19003062,LN2019100000651,LDO20200000582,6,2020-04-25,03:28:02,3412.31,Debit,Completed,,Loan Payment - LN2019100000651,False,,1.61,,Automated,Vehicle Loan,standard_payment,False,loan_payment_generator,False,
TXNL202000002302,ACC0015372,IND19006768,LN2019100000656,LDO20200001284,6,2020-04-28,03:59:55,1815.4,Debit,Completed,,Loan Payment - LN2019100000656,False,,1.08,,Automated,Home Loan,standard_payment,False,loan_payment_generator,False,
TXNL202000002303,ACC0014883,IND19009439,LN2019100000659,LDO20200001285,5,2020-04-05,02:09:02,1825.33,Debit,Completed,,Loan Payment - LN2019100000659,False,,0.46,,Automated,Vehicle Loan,standard_payment,False,loan_payment_generator,False,
TXNL202000002304,ACC0014543,IND19012350,LN2019100000661,LDO20200001286,6,2020-04-16,04:48:20,2884.01,Debit,Completed,,Loan Payment - LN2019100000661,False,,1.06,,Automated,Vehicle Loan,standard_payment,False,loan_payment_generator,False,
TXNL202000002305,ACC0014526,IND19013003,LN2019100000663,LDO20200001287,6,2020-04-11,03:57:56,5561.36,Debit,Completed,,Loan Payment - LN2019100000663,False,,1.99,,Automated,Personal Loan,standard_payment,False,loan_payment_generator,False,
TXNL202000002306,ACC0014597,IND19007125,LN2019100000664,LDO20200000269,6,2020-04-29,02:44:33,12757.45,Debit,Completed,,Loan Payment - LN20191000...,False,,0.73,,Automated,Personal Loan,standard_payment,False,loan_payment_generator,True,truncated_description
TXNL202000002307,ACC0014665,IND19010618,LN2019100000669,LDO20200000583,6,2020-04-11,04:03:36,1964.27,Debit,Completed,,Loan Payment - LN2019100000669,False,,1.79,,Automated,Personal Loan,standard_payment,False,loan_payment_generator,False,
TXNL202000002308,ACC0015130,IND19000483,LN2019100000679,LDO20200001288,5,2020-04-03,04:16:22,7071.33,Debit,Completed,,Loan Payment - LN2019100000679,False,,0.02,,Automated,Personal Loan,standard_payment,False,loan_payment_generator,False,
TXNL202000002309,ACC0015291,IND19003619,LN2019100000681,LDO20200001289,5,2020-04-06,04:12:24,1395.87,Debit,Completed,,Loan Payment - LN2019100000681,False,,0.87,,Automated,Home Loan,standard_payment,False,loan_payment_generator,False,
TXNL202000002310,ACC0015361,IND19005519,LN2019100000683,LDO20200000109,6,2020-04-18,02:58:56,6798.46,Debit,Completed,,Loan Payment - LN2019100000683,False,,1.16,,Automated,Vehicle Loan,standard_payment,False,loan_payment_generator,False,
TXNL202000002311,ACC0014837,IND19000859,LN2019100000686,LDO20200000584,6,2020-04-16,04:13:52,8825.13,Debit,Completed,,Loan Payment - LN2019100000686,False,,0.49,,Automated,Home Loan,standard_payment,False,loan_payment_generator,False,
TXNL202000002312,ACC0014779,IND19008707,LN2019100000687,LDO20200001290,6,2020-04-21,04:40:27,3607.3,Debit,Completed,,Loan Payment - LN2019100000687,False,,0.79,,Automated,Home Loan,standard_payment,False,loan_payment_generator,False,
TXNL202000002313,ACC0014633,IND19005402,LN2019100000688,LDO20200001291,6,2020-04-19,03:33:20,5580.81,Debit,Completed,,Loan Payment - LN2019100000688,False,,1.71,,Automated,Home Loan,standard_payment,False,loan_payment_generator,False,
TXNL202000002314,ACC0014541,IND19006710,LN2019100000696,LDO20200000585,5,2020-04-01,04:17:34,1319.47,Debit,Completed,,Loan Payment - LN2019100000696,False,,0.1,,Automated,Home Loan,standard_payment,False,loan_payment_generator,False,
TXNL202000002315,ACC0015023,IND19008027,LN2019100000700,LDO20200001292,6,2020-04-25,04:03:30,1372.37,Debit,Failed,mandate_limit,Loan Payment - LN2019100000700,False,,0.92,,Automated,Vehicle Loan,standard_payment,False,loan_payment_generator,False,
TXNL202000002316,ACC0014815,IND19007574,LN2019100000705,LDO20200000270,6,2020-04-22,04:30:23,2235.88,Debit,Completed,,Loan Payment - LN2019100000705,False,,0.76,,Automated,Personal Loan,standard_payment,False,loan_payment_generator,False,
TXNL202000002317,ACC0014807,IND19006003,LN2019100000709,LDO20200000586,5,2020-04-08,04:30:28,3498.21,Debit,Completed,,Loan Payment - LN2019100000709,False,,0.65,,Automated,Personal Loan,standard_payment,False,loan_payment_generator,False,
TXNL202000002318,ACC0014630,IND19003716,LN2019100000713,LDO20200001293,6,2020-04-17,03:41:29,3439.6,Debit,Completed,,Loan Payment - LN2019100000713,False,,1.47,,Automated,Vehicle Loan,standard_payment,False,loan_payment_generator,False,
TXNL202000002319,ACC0014870,IND19009382,LN2019100000716,LDO20200000271,6,2020-04-30,02:46:26,3141.86,Debit,Completed,,Loan Payment - LN2019100000716,False,,1.13,,Automated,Home Loan,standard_payment,False,loan_payment_generator,False,
TXNL202000002320,ACC0014852,IND19000792,LN2019100000718,LDO20200000587,6,2020-04-17,03:35:39,1378.97,Debit,Completed,,Loan Payment - LN2019100000718,False,,0.08,,Automated,Home Loan,standard_payment,False,loan_payment_generator,False,
TXNL202000002321,ACC0015067,IND19010471,LN2019100000719,LDO20200001294,5,2020-04-10,02:34:17,487.72,Debit,Completed,,Loan Payment - LN2019100000719 - Partial,False,,0.52,,Automated,Home Loan,partial_payment,False,loan_payment_generator,False,
TXNL202000002322,ACC0014741,IND19004022,LN2019100000723,LDO20200000588,6,2020-04-11,03:24:46,1859.99,Debit,Completed,,Loan Payment - LN2019100000723,False,,0.5,,Automated,Home Loan,standard_payment,False,loan_payment_generator,False,
TXNL202000002323,ACC0014900,IND19006459,LN2019100000726,LDO20200000589,6,2020-04-22,04:27:08,1846.83,Debit,Failed,bank_timeout,Loan Payment - LN2019100000726,False,,1.15,,Automated,Home Loan,standard_payment,False,loan_payment_generator,False,
TXNL202000002324,ACC0014513,IND19002157,LN2019100000730,LDO20200001295,5,2020-04-02,04:05:02,732.33,Debit,Completed,,Loan Payment - LN2019100000730,False,,0.46,,Automated,Vehicle Loan,standard_payment,False,loan_payment_generator,False,
TXNL202000002325,ACC0014987,IND19010799,LN2019100000753,LDO20200001296,6,2020-04-18,04:50:17,3502.54,Debit,Completed,,Loan Payment - LN2019100000753,False,,0.55,,Automated,Vehicle Loan,standard_payment,False,loan_payment_generator,False,
TXNL202000002326,ACC0015296,IND19006283,LN2019100000770,LDO20200001297,5,2020-04-04,04:39:05,2441.52,Debit,Completed,,Loan Payment - LN2019100000770,False,,0.2,,Automated,Vehicle Loan,standard_payment,False,loan_payment_generator,False,
TXNL202000002327,ACC0014624,IND19001280,LN2019100000773,LDO20200001298,6,2020-04-28,03:38:03,2499.11,Debit,Completed,,Loan Payment - LN2019100000773 - Late Fee,False,,0.3,,Automated,Home Loan,late_payment,False,loan_payment_generator,False,
TXNL202000002328,ACC0014875,IND19003311,LN2019100000790,LDO20200000272,6,2020-04-21,03:05:40,4174.33,Debit,Completed,,Loan Payment - LN2019100000790,False,,1.47,,Automated,Home Loan,standard_payment,False,loan_payment_generator,False,
TXNL202000002329,ACC0014905,IND19005898,LN2019100000795,LDO20200000590,6,2020-04-30,02:39:28,499.46,Debit,Completed,,Loan Payment - LN2019100000795,False,,0.55,,Automated,Personal Loan,standard_payment,False,loan_payment_generator,False,
TXNL202000002330,ACC0014455,IND19002201,LN2019100000797,LDO20200001299,6,2020-04-08,02:38:09,5702.19,Debit,Completed,,Loan Payment - LN2019100000797 - Extra Principal,False,,1.16,,Automated,Home Loan,extra_payment,False,loan_payment_generator,False,
TXNL202000002331,ACC0014641,IND19001922,LN2019100000798,LDO20200000110,6,2020-04-14,02:07:54,1659.33,Debit,Completed,,Loan Payment - LN2019100000798 - Partial,False,,0.53,,Automated,Home Loan,partial_payment,False,loan_payment_generator,False,
TXNL202000002332,ACC0015408,COM19000084,LN2019100000799,LDO20200001300,6,2020-04-29,02:46:01,9460.39,Debit,Completed,,Loan Payment - LN2019100000799,False,,1.32,,Automated,Business Loan,standard_payment,False,loan_payment_generator,False,
TXNL202000002333,ACC0014445,IND19007288,LN2019100000805,LDO20200000591,6,2020-04-08,02:29:52,3753.9,Debit,Completed,,Loan Payment - LN2019100000805,False,,0.54,,Automated,Home Loan,standard_payment,False,loan_payment_generator,False,
TXNL202000002334,ACC0015234,IND19008629,LN2019100000807,LDO20200001301,6,2020-04-28,02:01:39,762.58,Debit,Completed,,Loan Payment - LN2019100000807,False,,0.75,,Automated,Home Loan,standard_payment,False,loan_payment_generator,False,
TXNL202000002335,ACC0015317,IND19000559,LN2019100000808,LDO20200001302,6,2020-04-30,03:01:41,1128.23,Debit,Completed,,Loan Payment - LN2019100000808,False,,0.7,,Automated,Home Loan,standard_payment,False,loan_payment_generator,False,
TXNL202000002336,ACC0015321,IND19000882,LN2019100000838,LDO20200001303,6,2020-04-29,03:54:16,3101.83,Debit,Completed,,Loan Payment - LN2019100000838,False,,1.46,,Automated,Personal Loan,standard_payment,False,loan_payment_generator,False,
TXNL202000002337,ACC0014576,IND19006736,LN2019100000839,LDO20200000111,6,2020-04-10,02:36:30,945.91,Debit,Completed,,Loan Payment - LN2019100000839,False,,0.79,,Automated,Home Loan,standard_payment,False,loan_payment_generator,False,
TXNL202000002338,ACC0015087,IND19006417,LN2019100000846,LDO20200000592,6,2020-04-17,04:59:34,7463.82,Debit,Completed,,Loan Payment - LN2019100000846,False,,1.3,,Automated,Personal Loan,standard_payment,False,loan_payment_generator,False,
TXNL202000002339,ACC0014754,IND19004483,LN2019100000848,LDO20200001304,6,2020-04-21,02:22:51,1686.24,Debit,Completed,,Loan Payment - LN2019100000848,False,,0.32,,Automated,Home Loan,standard_payment,False,loan_payment_generator,False,
TXNL202000002340,ACC0014887,IND19011390,LN2019100000849,LDO20200001305,6,2020-04-21,03:01:13,3437.66,Debit,Completed,,Loan Payment - LN2019100000849,False,,0.21,,Automated,Home Loan,standard_payment,False,loan_payment_generator,False,
TXNL202000002341,ACC0015066,IND19003685,LN2019100000857,LDO20200001306,5,2020-04-02,04:01:05,4834.51,Debit,Completed,,Loan Payment - LN2019100000857,False,,1.63,,Automated,Home Loan,standard_payment,False,loan_payment_generator,False,
TXNL202000002342,ACC0014796,IND19001357,LN2019100000859,LDO20200001307,5,2020-04-03,03:14:51,2456.4,Debit,Completed,,Loan Payment - LN2019100000859,False,,0.31,,Automated,Home Loan,standard_payment,False,loan_payment_generator,False,
TXNL202000002343,ACC0014795,IND19001357,LN2019100000860,LDO20200001308,5,2020-04-05,04:10:41,3996.55,Debit,Failed,bank_timeout,Loan Payment - LN2019100000860,False,,1.06,,Automated,Home Loan,standard_payment,False,loan_payment_generator,False,
TXNL202000002344,ACC0014657,IND19010193,LN2019100000868,LDO20200001309,5,2020-04-01,03:35:03,4369.25,Debit,Completed,,Loan Payment - LN2019100000868,False,,1.69,,Automated,Personal Loan,standard_payment,False,loan_payment_generator,False,
TXNL202000002345,ACC0014651,IND19001368,LN2019100000869,LDO20200001310,6,2020-04-27,03:27:10,627.68,Debit,Completed,,Loan Payment - LN2019100000869,False,,0.77,,Automated,Home Loan,standard_payment,False,loan_payment_generator,False,
TXNL202000002346,ACC0014734,IND19006261,LN2019100000874,LDO20200001311,6,2020-04-26,04:15:11,3319.36,Debit,Completed,,Loan Payment - LN2019100000874,False,,1.12,,Automated,Home Loan,standard_payment,False,loan_payment_generator,False,
TXNL202000002347,ACC0014710,IND19005052,LN2019100000876,LDO20200001312,5,2020-04-02,04:38:05,1991.24,Debit,Completed,,Loan Payment - LN2019100000876,False,,0.46,,Automated,Home Loan,standard_payment,False,loan_payment_generator,False,
TXNL202000002348,ACC0015071,IND19011567,LN2019100000889,LDO20200000273,6,2020-04-29,04:53:05,814.01,Debit,Completed,,Loan Payment - LN2019100000889,False,,0.28,,Automated,Home Loan,standard_payment,False,loan_payment_generator,False,
TXNL202000002349,ACC0014891,IND19001714,LN2019100000893,LDO20200001313,6,2020-04-26,04:49:54,1641.8,Debit,Completed,,Loan Payment - LN2019100000893 - Late Fee,False,,0.84,,Automated,Vehicle Loan,late_payment,False,loan_payment_generator,False,
TXNL202000002350,ACC0015038,IND19006520,LN2019100000905,LDO20200000274,5,2020-04-02,04:07:07,1699.21,Debit,Completed,,Loan Payment - LN2019100000905,False,,1.15,,Automated,Vehicle Loan,standard_payment,False,loan_payment_generator,False,
TXNL202000002351,ACC0015090,IND19002759,LN2019100000909,LDO20200000593,5,2020-04-06,04:50:40,2026.35,Debit,Completed,,Loan Payment - LN2019100000909,False,,0.42,,Automated,Vehicle Loan,standard_payment,False,loan_payment_generator,True,amount_rounding_error
TXNL202000002352,ACC0014736,IND19011898,LN2019100000911,LDO20200001314,6,2020-04-13,04:01:01,830.59,Debit,Failed,insufficient_funds,Loan Payment - LN2019100000911,False,,1.85,,Automated,Vehicle Loan,standard_payment,False,loan_payment_generator,False,
TXNL202000002353,ACC0015193,IND19006535,LN2019100000929,LDO20200000594,6,2020-04-29,02:11:30,320.52,Debit,Completed,,Loan Payment - LN2019100000929,False,,1.99,,Automated,Home Loan,standard_payment,False,loan_payment_generator,False,
TXNL202000002354,ACC0016752,IND19005524,LN2019110000032,LDO20200001315,5,2020-04-18,04:44:38,5468.9,Debit,Completed,,Loan Payment - LN2019110000032,False,,0.58,,Automated,Home Loan,standard_payment,False,loan_payment_generator,False,
TXNL202000002355,ACC0015909,IND19009433,LN2019110000033,LDO20200001316,4,2020-04-02,03:51:48,3167.63,Debit,Completed,,Loan Payment - LN2019110000033,False,,1.28,,Automated,Home Loan,standard_payment,False,loan_payment_generator,False,
TXNL202000002356,ACC0016879,IND19000900,LN2019110000043,LDO20200001317,4,2020-04-01,04:44:23,294.48,Debit,Completed,,Loan Payment - LN2019110000043,False,,0.75,,Automated,Home Loan,standard_payment,False,loan_payment_generator,False,
TXNL202000002357,ACC0015824,IND19011426,LN2019110000072,,5,2020-04-20,02:15:32,2933.18,Debit,Completed,,Loan Payment - LN2019110000072,False,,2.5,,Automated,Home Loan,standard_payment,False,loan_payment_generator,False,
TXNL202000002358,ACC0016225,IND19015916,LN2019110000076,LDO20200001318,5,2020-04-07,02:44:08,3840.69,Debit,Completed,,Loan Payment - LN2019110000076,False,,1.71,,Automated,Personal Loan,standard_payment,False,loan_payment_generator,False,
TXNL202000002359,ACC0016503,IND19017799,LN2019110000082,LDO20200001319,5,2020-04-16,04:45:23,1500.42,Debit,Completed,,Loan Payment - LN2019110000082,False,,0.74,,Automated,Home Loan,standard_payment,False,loan_payment_generator,False,
TXNL202000002360,ACC0016727,IND19008551,LN2019110000088,LDO20200000595,4,2020-04-06,04:20:09,2112.77,Debit,Completed,,Loan Payment - LN2019110000088,False,,0.75,,Automated,Vehicle Loan,standard_payment,False,loan_payment_generator,False,
TXNL202000002361,ACC0016747,IND19011048,LN2019110000089,LDO20200001320,5,2020-04-25,03:40:26,1281.22,Debit,Completed,,Loan Payment - LN2019110000089,False,,1.18,,Automated,Vehicle Loan,standard_payment,False,loan_payment_generator,False,
TXNL202000002362,ACC0015713,IND19018942,LN2019110000093,LDO20200000596,5,2020-04-13,03:43:56,7335.1,Debit,Completed,,Loan Payment - LN2019110000093,False,,1.51,,Automated,Vehicle Loan,standard_payment,False,loan_payment_generator,False,
TXNL202000002363,ACC0015438,IND19005791,LN2019110000094,LDO20200001321,5,2020-04-14,02:52:18,985.23,Debit,Completed,,Loan Payment - LN2019110000094,False,,1.83,,Automated,Home Loan,standard_payment,False,loan_payment_generator,False,
TXNL202000002364,ACC0016453,IND19019950,LN2019110000097,LDO20200001322,5,2020-04-26,02:20:33,2852.46,Debit,Completed,,Loan Payment - LN2019110000097,False,,0.15,,Automated,Personal Loan,standard_payment,False,loan_payment_generator,False,
TXNL202000002365,ACC0016481,IND19021313,LN2019110000103,LDO20200001323,4,2020-04-03,04:41:34,2903.69,Debit,Completed,,Loan Payment - LN2019110000103 - Partial,False,,1.73,,Automated,Home Loan,partial_payment,False,loan_payment_generator,False,
TXNL202000002366,ACC0016428,IND19000873,LN2019110000108,LDO20200000597,5,2020-04-27,02:15:01,3589.35,Debit,Completed,,Loan Payment - LN2019110000108,False,,0.88,,Automated,Home Loan,standard_payment,False,loan_payment_generator,False,
TXNL202000002367,ACC0016002,IND19011061,LN2019110000109,LDO20200000275,5,2020-04-29,04:11:38,8866.88,Debit,Completed,,Loan Payment - LN2019110000109,False,,0.15,,Automated,Personal Loan,standard_payment,False,loan_payment_generator,False,
TXNL202000002368,ACC0015851,IND19018488,LN2019110000112,LDO20200001324,5,2020-04-29,03:17:05,3342.02,Debit,Completed,,Loan Payment - LN2019110000112 - Extra Principal,False,,0.94,,Automated,Vehicle Loan,extra_payment,False,loan_payment_generator,False,
TXNL202000002369,ACC0016627,IND19008440,LN2019110000116,LDO20200001325,5,2020-04-25,04:57:44,2149.03,Debit,Failed,insufficient_funds,Loan Payment - LN2019110000116,False,,0.14,,Automated,Home Loan,standard_payment,False,loan_payment_generator,False,
TXNL202000002370,ACC0016207,IND19019353,LN2019110000130,LDO20200001326,5,2020-04-26,02:24:25,3396.28,Debit,Completed,,Loan Payment - LN2019110000130,False,,1.98,,Automated,Home Loan,standard_payment,False,loan_payment_generator,False,
TXNL202000002371,ACC0015481,IND19008253,LN2019110000131,LDO20200000598,5,2020-04-25,02:23:26,2231.59,Debit,Completed,,Loan Payment - LN2019110000131,False,,0.52,,Automated,Home Loan,standard_payment,False,loan_payment_generator,False,
TXNL202000002372,ACC0016337,IND19009965,LN2019110000132,LDO20200000599,4,2020-04-07,03:58:31,2046.21,Debit,Completed,,Loan Payment - LN2019110000132,False,,1.22,,Automated,Home Loan,standard_payment,False,loan_payment_generator,False,
TXNL202000002373,ACC0015519,IND19009246,LN2019110000133,LDO20200000043,5,2020-04-19,02:04:54,1695.74,Debit,Completed,,Loan Payment - LN2019110000133,False,,1.8,,Automated,Home Loan,standard_payment,False,loan_payment_generator,False,
TXNL202000002374,ACC0016297,IND19020526,LN2019110000139,LDO20200000600,4,2020-04-07,02:24:28,2248.71,Debit,Failed,account_blocked,Loan Payment - LN2019110000139,False,,0.98,,Automated,Vehicle Loan,standard_payment,False,loan_payment_generator,False,
TXNL202000002375,ACC0016660,IND19007917,LN2019110000141,LDO20200000601,5,2020-04-24,03:02:56,3401.92,Debit,Failed,insufficient_funds,Loan Payment - LN2019110000141,False,,1.24,,Automated,Home Loan,standard_payment,False,loan_payment_generator,False,
TXNL202000002376,ACC0016425,IND19020432,LN2019110000146,LDO20200001327,5,2020-04-15,02:17:56,2152.32,Debit,Completed,,Loan Payment - LN2019110000146,False,,1.93,,Automated,Home Loan,standard_payment,False,loan_payment_generator,False,
TXNL202000002377,ACC0016322,IND19013722,LN2019110000155,LDO20200000112,4,2020-04-07,03:27:32,698.09,Debit,Completed,,Loan Payment - LN2019110000155,False,,0.58,,Automated,Home Loan,standard_payment,False,loan_payment_generator,False,
TXNL202000002378,ACC0015812,IND19011944,LN2019110000156,LDO20200001328,5,2020-04-21,02:01:24,2609.75,Debit,Completed,,Loan Payment - LN2019110000156,False,,1.99,,Automated,Vehicle Loan,standard_payment,False,loan_payment_generator,False,
TXNL202000002379,ACC0016702,IND19006765,LN2019110000169,LDO20200000276,5,2020-04-19,02:21:20,365.88,Debit,Completed,,Loan Payment - LN2019110000169 - Extra Principal,False,,1.65,,Automated,Home Loan,extra_payment,False,loan_payment_generator,False,
TXNL202000002380,ACC0016796,IND19006171,LN2019110000171,LDO20200000602,5,2020-04-12,03:51:57,6782.42,Debit,Completed,,Loan Payment - LN2019110000171,False,,0.97,,Automated,Personal Loan,standard_payment,False,loan_payment_generator,False,
TXNL202000002381,ACC0016000,IND19012493,LN2019110000176,LDO20200001329,5,2020-04-26,02:42:49,2444.58,Debit,Completed,,Loan Payment - LN2019110000176,False,,1.26,,Automated,Home Loan,standard_payment,False,loan_payment_generator,False,
TXNL202000002382,ACC0016174,IND19016734,LN2019110000189,LDO20200000603,5,2020-04-24,04:41:53,1258.22,Debit,Completed,,Loan Payment - LN2019110000189,False,,0.7,,Automated,Personal Loan,standard_payment,False,loan_payment_generator,False,
TXNL202000002383,ACC0016076,IND19010695,LN2019110000203,LDO20200001330,5,2020-04-16,02:47:37,4068.28,Debit,Completed,,Loan Payment - LN2019110000203,False,,1.55,,Automated,Personal Loan,standard_payment,False,loan_payment_generator,False,
TXNL202000002384,ACC0016107,IND19022517,LN2019110000204,LDO20200001331,5,2020-04-16,03:49:07,3631.98,Debit,Completed,,Loan Payment - LN2019110000204,False,,0.78,,Automated,Home Loan,standard_payment,False,loan_payment_generator,False,
TXNL202000002385,ACC0016504,IND19014042,LN2019110000207,LDO20200001332,5,2020-04-08,03:35:24,2735.46,Debit,Completed,,Loan Payment - LN2019110000207,False,,0.65,,Automated,Home Loan,standard_payment,False,loan_payment_generator,False,
TXNL202000002386,ACC0017148,IND19005202,LN2019110000218,LDO20200001333,5,2020-04-27,03:08:08,2770.86,Debit,Completed,,Loan Payment - LN2019110000218,False,,1.57,,Automated,Vehicle Loan,standard_payment,False,loan_payment_generator,False,
TXNL202000002387,ACC0016554,IND19000992,LN2019110000222,LDO20200001334,5,2020-04-26,02:58:25,1476.93,Debit,Completed,,Loan Payment - LN2019110000222,False,,1.95,,Automated,Home Loan,standard_payment,False,loan_payment_generator,False,
TXNL202000002388,ACC0016777,IND19014116,LN2019110000229,LDO20200000277,5,2020-04-29,04:40:41,1844.62,Debit,Completed,,Loan Payment - LN2019110000229,False,,0.7,,Automated,Vehicle Loan,standard_payment,False,loan_payment_generator,False,
TXNL202000002389,ACC0016095,IND19008630,LN2019110000232,LDO20200000604,5,2020-04-25,03:01:47,2845.54,Debit,Completed,,Loan Payment - LN2019110000232,False,,1.54,,Automated,Home Loan,standard_payment,False,loan_payment_generator,False,
TXNL202000002390,ACC0016293,IND19019129,LN2019110000244,LDO20200001335,5,2020-04-25,02:17:34,4360.32,Debit,Completed,,Loan Payment - LN2019110000244,False,,0.38,,Automated,Personal Loan,standard_payment,False,loan_payment_generator,False,
TXNL202000002391,ACC0015859,IND19009036,LN2019110000252,LDO20200000605,5,2020-04-11,02:24:19,2125.0,Debit,Completed,,Loan Payment - LN2019110000252,False,,0.77,,Automated,Home Loan,standard_payment,False,loan_payment_generator,False,
TXNL202000002392,ACC0016521,IND19022672,LN2019110000256,LDO20200000278,5,2020-04-28,04:19:30,1601.81,Debit,Completed,,Loan Payment - LN2019110000256,False,,0.19,,Automated,Home Loan,standard_payment,False,loan_payment_generator,False,
TXNL202000002393,ACC0016109,IND19014220,LN2019110000262,LDO20200000113,5,2020-04-16,02:38:48,6452.17,Debit,Completed,,Loan Payment - LN2019110000262,False,,0.3,,Automated,Personal Loan,standard_payment,False,loan_payment_generator,False,
TXNL202000002394,ACC0016564,IND19005051,LN2019110000263,LDO20200001336,5,2020-04-21,04:30:36,1579.37,Debit,Completed,,Loan Payment - LN2019110000263,False,,1.98,,Automated,Personal Loan,standard_payment,False,loan_payment_generator,False,
TXNL202000002395,ACC0015791,IND19003553,LN2019110000265,LDO20200000044,4,2020-04-05,03:50:07,973.69,Debit,Completed,,Loan Payment - LN2019110000265,False,,1.26,,Automated,Vehicle Loan,standard_payment,False,loan_payment_generator,False,
TXNL202000002396,ACC0016534,IND19010117,LN2019110000273,LDO20200000606,5,2020-04-14,03:52:00,4805.31,Debit,Completed,,Loan Payment - LN2019110000273,False,,1.41,,Automated,Home Loan,standard_payment,False,loan_payment_generator,False,
TXNL202000002397,ACC0016441,IND19011531,LN2019110000281,LDO20200001337,5,2020-04-13,02:34:06,1197.23,Debit,Completed,,Loan Payment - LN2019110000281,False,,1.97,,Automated,Vehicle Loan,standard_payment,False,loan_payment_generator,False,
TXNL202000002398,ACC0017185,COM19000205,LN2019110000291,LDO20200000607,4,2020-04-07,04:39:25,4737.68,Debit,Completed,,Loan Payment - LN2019110000291,False,,1.35,,Automated,Business Loan,standard_payment,False,loan_payment_generator,False,
TXNL202000002399,ACC0015944,IND19010149,LN2019110000301,LDO20200001338,4,2020-04-03,02:46:17,1479.65,Debit,Completed,,Loan Payment - LN2019110000301,False,,0.85,,Automated,Personal Loan,standard_payment,False,loan_payment_generator,False,
TXNL202000002400,ACC0016120,IND19006598,LN2019110000303,LDO20200001339,4,2020-04-02,02:00:14,8981.32,Debit,Completed,,Loan Payment - LN2019110000303,False,,0.1,,Automated,Home Loan,standard_payment,False,loan_payment_generator,False,
TXNL202000002401,ACC0016962,IND19020006,LN2019110000309,LDO20200001340,5,2020-04-30,04:13:44,2478.85,Debit,Completed,,Loan Payment - LN2019110000309 - Late Fee,False,,0.2,,Automated,Vehicle Loan,late_payment,False,loan_payment_generator,False,
TXNL202000002402,ACC0017049,IND19001097,LN2019110000310,LDO20200001341,5,2020-04-13,03:17:59,4207.91,Debit,Completed,,Loan Payment - LN2019110000310,False,,0.89,,Automated,Vehicle Loan,standard_payment,False,loan_payment_generator,False,
TXNL202000002403,ACC0016825,IND19021555,LN2019110000333,LDO20200000608,5,2020-04-14,03:21:13,2058.23,Debit,Completed,,Loan Payment - LN2019110000333,False,,0.04,,Automated,Vehicle Loan,standard_payment,False,loan_payment_generator,False,
TXNL202000002404,ACC0016719,IND19019618,LN2019110000337,LDO20200001342,5,2020-04-27,03:03:01,1935.73,Debit,Completed,,Loan Payment - LN2019110000337 - Partial,False,,1.76,,Automated,Vehicle Loan,partial_payment,False,loan_payment_generator,False,
TXNL202000002405,ACC0016257,IND19002620,LN2019110000339,,5,2020-04-23,03:40:10,459.55,Debit,Completed,,Loan Payment - LN2019110000339,False,,2.5,,Automated,Home Loan,standard_payment,False,loan_payment_generator,False,
TXNL202000002406,ACC0016083,IND19015278,LN2019110000344,LDO20200001343,4,2020-04-03,04:42:59,4122.79,Debit,Completed,,Loan Payment - LN2019110000344,False,,0.77,,Automated,Home Loan,standard_payment,False,loan_payment_generator,False,
TXNL202000002407,ACC0015585,IND19022752,LN2019110000345,LDO20200001344,5,2020-04-29,03:33:09,3052.83,Debit,Completed,,Loan Payment - LN2019110000345,False,,1.72,,Automated,Home Loan,standard_payment,False,loan_payment_generator,False,
TXNL202000002408,ACC0016232,IND19013069,LN2019110000349,LDO20200000114,4,2020-04-08,04:03:53,7720.7,Debit,Completed,,Loan Payment - LN2019110000349,False,,1.98,,Automated,Personal Loan,standard_payment,False,loan_payment_generator,False,
TXNL202000002409,ACC0015703,IND19011233,LN2019110000350,LDO20200000279,5,2020-04-29,02:13:24,4839.7,Debit,Completed,,Loan Payment - LN2019110000350,False,,1.27,,Automated,Home Loan,standard_payment,False,loan_payment_generator,False,
TXNL202000002410,ACC0016743,IND19015859,LN2019110000361,LDO20200001345,4,2020-04-05,02:28:28,4566.17,Debit,Completed,,Loan Payment - LN2019110000361,False,,1.58,,Automated,Personal Loan,standard_payment,False,loan_payment_generator,False,
TXNL202000002411,ACC0016550,IND19011196,LN2019110000363,LDO20200000609,4,2020-04-04,02:01:50,2853.51,Debit,Completed,,Loan Payment - LN2019110000363,False,,1.19,,Automated,Home Loan,standard_payment,False,loan_payment_generator,False,
TXNL202000002412,ACC0015647,IND19013303,LN2019110000369,LDO20200000610,5,2020-04-14,04:43:13,11821.6,Debit,Completed,,Loan Payment - LN2019110000369,False,,0.21,,Automated,Personal Loan,standard_payment,False,loan_payment_generator,False,
TXNL202000002413,ACC0016895,IND19009396,LN2019110000378,LDO20200001346,5,2020-04-29,04:38:30,2849.02,Debit,Completed,,Loan Payment - LN2019110000378,False,,0.69,,Automated,Personal Loan,standard_payment,False,loan_payment_generator,False,
TXNL202000002414,ACC0015531,IND19015088,LN2019110000383,LDO20200001347,4,2020-04-05,02:24:26,1752.25,Debit,Completed,,Loan Payment - LN2019110000383,False,,0.68,,Automated,Vehicle Loan,standard_payment,False,loan_payment_generator,False,
TXNL202000002415,ACC0016922,IND19019961,LN2019110000395,LDO20200000115,5,2020-04-17,04:35:29,1835.37,Debit,Completed,,Loan Payment - LN2019110000395,False,,1.05,,Automated,Vehicle Loan,standard_payment,False,loan_payment_generator,False,
TXNL202000002416,ACC0016704,IND19017422,LN2019110000398,LDO20200000611,5,2020-04-25,02:54:25,6055.71,Debit,Completed,,Loan Payment - LN2019110000398,False,,0.71,,Automated,Home Loan,standard_payment,False,loan_payment_generator,False,
TXNL202000002417,ACC0016734,IND19021090,LN2019110000399,LDO20200001348,5,2020-04-24,04:14:41,336.75,Debit,Completed,,Loan Payment - LN2019110000399,False,,1.53,,Automated,Home Loan,standard_payment,False,loan_payment_generator,False,
TXNL202000002418,ACC0015800,IND19012589,LN2019110000408,LDO20200000280,5,2020-04-30,04:57:45,2408.9,Debit,Completed,,Loan Payment - LN2019110000408,False,,0.57,,Automated,Home Loan,standard_payment,False,loan_payment_generator,False,
TXNL202000002419,ACC0016475,IND19022156,LN2019110000411,LDO20200001349,5,2020-04-14,02:32:56,6496.87,Debit,Completed,,Loan Payment - LN2019110000411,False,,0.75,,Automated,Personal Loan,standard_payment,False,loan_payment_generator,False,
TXNL202000002420,ACC0015485,IND19005788,LN2019110000412,LDO20200001350,5,2020-04-23,03:50:34,2058.94,Debit,Completed,,Loan Payment - LN2019110000412,False,,0.66,,Automated,Home Loan,standard_payment,False,loan_payment_generator,False,
TXNL202000002421,ACC0015915,IND19019141,LN2019110000413,LDO20200001351,5,2020-04-20,02:38:43,12092.71,Debit,Completed,,Loan Payment - LN2019110000413,False,,0.19,,Automated,Personal Loan,standard_payment,False,loan_payment_generator,False,
TXNL202000002422,ACC0016364,IND19004467,LN2019110000430,LDO20200000612,4,2020-04-04,02:42:43,1163.76,Debit,Completed,,Loan Payment - LN20191100...,False,,1.31,,Automated,Home Loan,standard_payment,False,loan_payment_generator,True,truncated_description
TXNL202000002423,ACC0016050,IND19014779,LN2019110000437,LDO20200000613,5,2020-04-29,03:55:42,1680.25,Debit,Completed,,Loan Payment - LN2019110000437,False,,0.54,,Automated,Vehicle Loan,standard_payment,False,loan_payment_generator,False,
TXNL202000002424,ACC0017067,IND19019872,LN2019110000438,LDO20200000045,4,2020-04-05,04:16:55,6095.17,Debit,Completed,,Loan Payment - LN2019110000438,False,,1.08,,Automated,Personal Loan,standard_payment,False,loan_payment_generator,False,
TXNL202000002425,ACC0016075,IND19010695,LN2019110000461,LDO20200001352,5,2020-04-25,04:33:45,583.34,Debit,Completed,,Loan Payment - LN2019110000461,False,,0.86,,Automated,Home Loan,standard_payment,False,loan_payment_generator,False,
TXNL202000002426,ACC0016490,IND19022225,LN2019110000465,LDO20200000614,5,2020-04-21,04:09:55,1805.88,Debit,Completed,,Loan Payment - LN2019110000465,False,,0.54,,Automated,Home Loan,standard_payment,False,loan_payment_generator,False,
TXNL202000002427,ACC0015635,IND19020795,LN2019110000469,LDO20200001353,4,2020-04-08,04:26:26,691.95,Debit,Completed,,Loan Payment - LN2019110000469,False,,0.85,,Automated,Home Loan,standard_payment,False,loan_payment_generator,False,
TXNL202000002428,ACC0015477,IND19012830,LN2019110000472,LDO20200000281,5,2020-04-23,03:42:13,506.32,Debit,Cancelled,customer_stop_instruction,Loan Payment - LN2019110000472 - Partial,False,,1.96,,Automated,Home Loan,partial_payment,False,loan_payment_generator,False,
TXNL202000002429,ACC0016443,IND19011227,LN2019110000477,LDO20200001354,5,2020-04-22,04:56:27,2980.37,Debit,Completed,,Loan Payment - LN2019110000477,False,,0.76,,Automated,Personal Loan,standard_payment,False,loan_payment_generator,False,
TXNL202000002430,ACC0016143,IND19009170,LN2019110000478,LDO20200000615,5,2020-04-29,04:16:15,1797.49,Debit,Completed,,Loan Payment - LN2019110000478,False,,0.12,,Automated,Vehicle Loan,standard_payment,False,loan_payment_generator,False,
TXNL202000002431,ACC0016452,IND19004664,LN2019110000490,LDO20200000616,5,2020-04-18,02:39:57,2584.0,Debit,Completed,,Loan Payment - LN2019110000490,False,,1.53,,Automated,Personal Loan,standard_payment,False,loan_payment_generator,False,
TXNL202000002432,ACC0015512,IND19012072,LN2019110000495,LDO20200000617,5,2020-04-14,04:34:23,1399.82,Debit,Completed,,Loan Payment - LN2019110000495,False,,1.43,,Automated,Vehicle Loan,standard_payment,False,loan_payment_generator,False,
TXNL202000002433,ACC0017156,IND19011186,LN2019110000496,LDO20200000282,4,2020-04-02,04:35:00,3322.73,Debit,Completed,,Loan Payment - LN2019110000496,False,,1.73,,Automated,Home Loan,standard_payment,False,loan_payment_generator,False,
TXNL202000002434,ACC0016740,IND19005768,LN2019110000498,,5,2020-04-26,04:50:27,5634.99,Debit,Completed,,Loan Payment - LN2019110000498,False,,2.5,,Automated,Home Loan,standard_payment,False,loan_payment_generator,False,
TXNL202000002435,ACC0016720,IND19019088,LN2019110000507,LDO20200000046,5,2020-04-22,03:32:02,271.22,Debit,Completed,,Loan Payment - LN2019110000507,False,,0.3,,Automated,Home Loan,standard_payment,False,loan_payment_generator,False,
TXNL202000002436,ACC0016949,IND19009984,LN2019110000508,LDO20200001355,5,2020-04-20,03:19:27,3099.02,Debit,Completed,,Loan Payment - LN2019110000508,False,,1.15,,Automated,Personal Loan,standard_payment,False,loan_payment_generator,False,
TXNL202000002437,ACC0016035,IND19018047,LN2019110000511,LDO20200000283,5,2020-04-14,03:50:02,798.02,Debit,Completed,,Loan Payment - LN2019110000511,False,,0.96,,Automated,Home Loan,standard_payment,False,loan_payment_generator,False,
TXNL202000002438,ACC0017176,IND19020801,LN2019110000515,LDO20200001356,4,2020-04-07,03:10:11,1126.17,Debit,Completed,,Loan Payment - LN2019110000515,False,,1.42,,Automated,Home Loan,standard_payment,False,loan_payment_generator,False,
TXNL202000002439,ACC0016480,IND19021313,LN2019110000516,LDO20200001357,5,2020-04-12,02:51:17,2308.98,Debit,Completed,,Loan Payment - LN2019110000516,False,,0.83,,Automated,Home Loan,standard_payment,False,loan_payment_generator,False,
TXNL202000002440,ACC0015748,IND19016752,LN2019110000521,LDO20200001358,4,2020-04-03,02:05:03,1536.59,Debit,Failed,mandate_limit,Loan Payment - LN2019110000521,False,,1.46,,Automated,Home Loan,standard_payment,False,loan_payment_generator,False,
TXNL202000002441,ACC0016356,IND19010573,LN2019110000523,LDO20200001359,5,2020-04-13,04:20:29,8378.13,Debit,Completed,,Loan Payment - LN2019110000523,False,,0.56,,Automated,Personal Loan,standard_payment,False,loan_payment_generator,False,
TXNL202000002442,ACC0016868,IND19019445,LN2019110000529,LDO20200001360,5,2020-04-12,04:50:53,819.99,Debit,Completed,,Loan Payment - LN2019110000529,False,,1.58,,Automated,Home Loan,standard_payment,False,loan_payment_generator,False,
TXNL202000002443,ACC0016401,IND19019771,LN2019110000536,LDO20200001361,4,2020-04-01,04:04:31,3044.1,Debit,Completed,,Loan Payment - LN2019110000536 - Extra Principal,False,,0.86,,Automated,Home Loan,extra_payment,False,loan_payment_generator,False,
TXNL202000002444,ACC0015874,IND19014142,LN2019110000545,LDO20200001362,5,2020-04-17,04:20:21,2128.88,Debit,Completed,,Loan Payment - LN2019110000545,False,,0.46,,Automated,Personal Loan,standard_payment,False,loan_payment_generator,False,
TXNL202000002445,ACC0016746,IND19021475,LN2019110000546,LDO20200001363,5,2020-04-19,02:59:45,1608.34,Debit,Cancelled,customer_stop_instruction,Loan Payment - LN2019110000546,False,,1.7,,Automated,Vehicle Loan,standard_payment,False,loan_payment_generator,False,
TXNL202000002446,ACC0015845,IND19008750,LN2019110000551,LDO20200000618,5,2020-04-14,04:22:44,249.25,Debit,Completed,,Loan Payment - LN2019110000551,False,,0.59,,Automated,Home Loan,standard_payment,False,loan_payment_generator,False,
TXNL202000002447,ACC0015544,IND19003478,LN2019110000558,LDO20200001364,4,2020-04-05,02:41:14,346.61,Debit,Cancelled,customer_stop_instruction,Loan Payment - LN2019110000558,False,,1.25,,Automated,Home Loan,standard_payment,False,loan_payment_generator,False,
TXNL202000002448,ACC0016878,IND19009638,LN2019110000566,LDO20200000619,5,2020-04-09,02:43:43,1490.56,Debit,Completed,,Loan Payment - LN2019110000566,False,,0.52,,Automated,Home Loan,standard_payment,False,loan_payment_generator,False,
TXNL202000002449,ACC0017005,IND19020092,LN2019110000571,LDO20200001365,5,2020-04-30,03:38:49,1865.08,Debit,Completed,,Loan Payment - LN2019110000571,False,,0.24,,Automated,Personal Loan,standard_payment,False,loan_payment_generator,False,
TXNL202000002450,ACC0016051,IND19012890,LN2019110000575,LDO20200001366,5,2020-04-11,02:34:08,1499.65,Debit,Failed,insufficient_funds,Loan Payment - LN2019110000575 - Partial,False,,1.36,,Automated,Personal Loan,partial_payment,False,loan_payment_generator,False,
TXNL202000002451,ACC0016630,IND19016620,LN2019110000578,LDO20200000620,5,2020-04-24,03:08:00,1873.84,Debit,Completed,,Loan Payment - LN2019110000578,False,,1.41,,Automated,Personal Loan,standard_payment,False,loan_payment_generator,False,
TXNL202000002452,ACC0016489,IND19020507,LN2019110000587,LDO20200000621,4,2020-04-12,02:18:48,3095.31,Debit,Completed,,Loan Payment - LN2019110000587,False,,0.78,,Automated,Home Loan,standard_payment,False,loan_payment_generator,False,
TXNL202000002453,ACC0015439,IND19012955,LN2019110000595,LDO20200001367,5,2020-04-14,03:38:03,1108.33,Debit,Completed,,Loan Payment - LN2019110000595,False,,1.63,,Automated,Home Loan,standard_payment,False,loan_payment_generator,False,
TXNL202000002454,ACC0017171,IND19007367,LN2019110000602,LDO20200001368,4,2020-04-05,04:14:49,762.86,Debit,Completed,,Loan Payment - LN2019110000602,False,,1.38,,Automated,Home Loan,standard_payment,False,loan_payment_generator,False,
TXNL202000002455,ACC0016182,IND19003639,LN2019110000604,LDO20200001369,5,2020-04-21,02:26:34,1628.59,Debit,Completed,,Loan Payment - LN2019110000604,False,,0.06,,Automated,Vehicle Loan,standard_payment,False,loan_payment_generator,False,
TXNL202000002456,ACC0016865,IND19004697,LN2019110000605,LDO20200001370,5,2020-04-25,02:03:15,451.24,Debit,Completed,,Loan Payment - LN2019110000605,False,,1.24,,Automated,Personal Loan,standard_payment,False,loan_payment_generator,False,
TXNL202000002457,ACC0015959,IND19015485,LN2019110000608,LDO20200001371,4,2020-04-07,03:05:13,2898.9,Debit,Completed,,Loan Payment - LN2019110000608,False,,1.93,,Automated,Vehicle Loan,standard_payment,False,loan_payment_generator,False,
TXNL202000002458,ACC0016505,IND19011309,LN2019110000626,LDO20200001372,5,2020-04-18,03:04:56,11309.36,Debit,Completed,,Loan Payment - LN2019110000626 - Late Fee,False,,0.13,,Automated,Personal Loan,late_payment,False,loan_payment_generator,False,
TXNL202000002459,ACC0015857,IND19002400,LN2019110000628,LDO20200000047,5,2020-04-17,02:19:37,3133.96,Debit,Completed,,Loan Payment - LN2019110000628,False,,1.9,,Automated,Home Loan,standard_payment,False,loan_payment_generator,False,
TXNL202000002460,ACC0015996,IND19017710,LN2019110000643,LDO20200000284,5,2020-04-19,03:09:38,1304.69,Debit,Completed,,Loan Payment - LN2019110000643,False,,0.64,,Automated,Vehicle Loan,standard_payment,False,loan_payment_generator,False,
TXNL202000002461,ACC0015958,IND19013885,LN2019110000647,LDO20200000622,5,2020-04-16,04:08:42,1426.17,Debit,Completed,,Loan Payment - LN2019110000647,False,,0.74,,Automated,Vehicle Loan,standard_payment,False,loan_payment_generator,False,
TXNL202000002462,ACC0016730,IND19018259,LN2019110000654,LDO20200001373,4,2020-04-02,03:45:41,722.63,Debit,Completed,,Loan Payment - LN2019110000654,False,,1.72,,Automated,Vehicle Loan,standard_payment,False,loan_payment_generator,False,
TXNL202000002463,ACC0015661,IND19000919,LN2019110000659,LDO20200000116,5,2020-04-12,02:26:46,1775.81,Debit,Completed,,Loan Payment - LN2019110000659,False,,1.4,,Automated,Personal Loan,standard_payment,False,loan_payment_generator,False,
TXNL202000002464,ACC0016101,IND19016649,LN2019110000662,LDO20200001374,5,2020-04-23,04:19:44,585.58,Debit,Completed,,Loan Payment - LN2019110000662,False,,1.33,,Automated,Vehicle Loan,standard_payment,False,loan_payment_generator,False,
TXNL202000002465,ACC0017134,IND19003394,LN2019110000664,LDO20200000623,5,2020-04-16,02:34:38,1924.46,Debit,Completed,,Loan Payment - LN2019110000664,False,,0.81,,Automated,Vehicle Loan,standard_payment,False,loan_payment_generator,False,
TXNL202000002466,ACC0016171,IND19015851,LN2019110000670,LDO20200001375,5,2020-04-15,04:25:24,4650.43,Debit,Completed,,Loan Payment - LN2019110000670,False,,0.91,,Automated,Home Loan,standard_payment,False,loan_payment_generator,False,
TXNL202000002467,ACC0016595,IND19008386,LN2019110000672,LDO20200000624,5,2020-04-07,02:10:15,914.37,Debit,Completed,,Loan Payment - LN2019110000672,False,,1.0,,Automated,Home Loan,standard_payment,False,loan_payment_generator,False,
TXNL202000002468,ACC0016943,IND19010634,LN2019110000680,LDO20200000285,5,2020-04-21,23:07:23,2715.6,Debit,Failed,bank_timeout,Loan Payment - LN2019110000680,False,,0.08,,Automated,Home Loan,standard_payment,False,loan_payment_generator,True,timestamp_shift
TXNL202000002469,ACC0015693,IND19003048,LN2019110000683,LDO20200000625,4,2020-04-02,04:34:53,911.79,Debit,Completed,,Loan Payment - LN2019110000683,False,,1.8,,Automated,Home Loan,standard_payment,False,loan_payment_generator,False,
TXNL202000002470,ACC0016243,IND19003222,LN2019110000686,LDO20200000626,5,2020-04-18,02:51:07,648.87,Debit,Completed,,Loan Payment - LN2019110000686,False,,0.85,,Automated,Home Loan,standard_payment,False,loan_payment_generator,False,
TXNL202000002471,ACC0015763,IND19000944,LN2019110000688,LDO20200000048,5,2020-04-22,03:09:18,2575.23,Debit,Completed,,Loan Payment - LN2019110000688,False,,0.77,,Automated,Home Loan,standard_payment,False,loan_payment_generator,False,
TXNL202000002472,ACC0015834,IND19000307,LN2019110000689,LDO20200001376,5,2020-04-29,02:54:03,1519.33,Debit,Completed,,Loan Payment - LN2019110000689,False,,1.07,,Automated,Vehicle Loan,standard_payment,False,loan_payment_generator,False,
TXNL202000002473,ACC0016918,IND19003793,LN2019110000696,LDO20200000627,5,2020-04-12,03:06:19,17906.09,Debit,Completed,,Loan Payment - LN2019110000696,False,,1.93,,Automated,Personal Loan,standard_payment,False,loan_payment_generator,False,
TXNL202000002474,ACC0015441,IND19009828,LN2019110000701,LDO20200001377,5,2020-04-18,04:33:46,2488.76,Debit,Completed,,Loan Payment - LN2019110000701,False,,1.07,,Automated,Vehicle Loan,standard_payment,False,loan_payment_generator,False,
TXNL202000002475,ACC0015895,IND19003790,LN2019110000703,LDO20200001378,5,2020-04-24,03:59:51,12066.24,Debit,Completed,,Loan Payment - LN2019110000703,False,,1.82,,Automated,Personal Loan,standard_payment,False,loan_payment_generator,False,
TXNL202000002476,ACC0016020,IND19017365,LN2019110000704,LDO20200001379,4,2020-04-09,02:01:24,1788.68,Debit,Completed,,Loan Payment - LN2019110000704,False,,1.92,,Automated,Vehicle Loan,standard_payment,False,loan_payment_generator,False,
TXNL202000002477,ACC0015852,IND19018488,LN2019110000710,LDO20200001380,5,2020-04-25,02:38:59,1581.32,Debit,Completed,,Loan Payment - LN2019110000710 - Extra Principal,False,,1.58,,Automated,Personal Loan,extra_payment,False,loan_payment_generator,False,
TXNL202000002478,ACC0016219,IND19014050,LN2019110000711,LDO20200001381,5,2020-04-30,03:51:01,2598.26,Debit,Completed,,Loan Payment - LN2019110000711,False,,0.32,,Automated,Personal Loan,standard_payment,False,loan_payment_generator,False,
TXNL202000002479,ACC0016398,IND19022674,LN2019110000712,LDO20200001382,4,2020-04-03,02:34:19,6440.04,Debit,Completed,,Loan Payment - LN2019110000712,False,,0.19,,Automated,Home Loan,standard_payment,False,loan_payment_generator,False,
TXNL202000002480,ACC0016652,IND19003737,LN2019110000713,LDO20200001383,5,2020-04-15,02:26:16,4140.27,Debit,Completed,,Loan Payment - LN2019110000713,False,,0.33,,Automated,Home Loan,standard_payment,False,loan_payment_generator,False,
TXNL202000002481,ACC0015683,IND19008906,LN2019110000719,LDO20200000628,5,2020-04-17,02:48:04,4386.95,Debit,Completed,,Loan Payment - LN2019110000719,False,,1.0,,Automated,Vehicle Loan,standard_payment,False,loan_payment_generator,False,
TXNL202000002482,ACC0016594,IND19008386,LN2019110000722,LDO20200001384,5,2020-04-12,04:44:27,1285.57,Debit,Completed,,Loan Payment - LN2019110000722,False,,1.12,,Automated,Vehicle Loan,standard_payment,False,loan_payment_generator,False,
TXNL202000002483,ACC0015559,IND19015691,LN2019110000734,LDO20200000117,5,2020-04-16,02:45:46,3339.14,Debit,Completed,,Loan Payment - LN2019110000734,False,,0.43,,Automated,Personal Loan,standard_payment,False,loan_payment_generator,False,
TXNL202000002484,ACC0016301,IND19002405,LN2019110000746,LDO20200001385,5,2020-04-16,04:55:32,397.53,Debit,Completed,,Loan Payment - LN2019110000746,False,,0.27,,Automated,Home Loan,standard_payment,False,loan_payment_generator,False,
TXNL202000002485,ACC0016113,IND19012711,LN2019110000752,LDO20200001386,5,2020-04-27,03:10:02,4317.61,Debit,Completed,,Loan Payment - LN2019110000752,False,,0.53,,Automated,Home Loan,standard_payment,False,loan_payment_generator,False,
TXNL202000002486,ACC0015987,IND19009349,LN2019110000755,LDO20200001387,5,2020-04-23,02:20:54,2904.18,Debit,Completed,,Loan Payment - LN2019110000755,False,,1.26,,Automated,Home Loan,standard_payment,False,loan_payment_generator,False,
TXNL202000002487,ACC0016968,IND19011981,LN2019110000762,LDO20200001388,4,2020-04-07,03:23:02,864.39,Debit,Completed,,Loan Payment - LN2019110000762,False,,1.01,,Automated,Home Loan,standard_payment,False,loan_payment_generator,False,
TXNL202000002488,ACC0016482,IND19012193,LN2019110000763,LDO20200001389,5,2020-04-16,03:39:40,4351.78,Debit,Completed,,Loan Payment - LN2019110000763,False,,1.34,,Automated,Personal Loan,standard_payment,False,loan_payment_generator,False,
TXNL202000002489,ACC0015521,IND19011083,LN2019110000768,LDO20200000629,5,2020-04-19,03:28:22,2085.55,Debit,Completed,,Loan Payment - LN2019110000768,False,,0.63,,Automated,Home Loan,standard_payment,False,loan_payment_generator,False,
TXNL202000002490,ACC0016418,IND19022320,LN2019110000778,LDO20200001390,4,2020-04-01,02:25:17,2471.68,Debit,Completed,,Loan Payment - LN2019110000778,False,,0.69,,Automated,Personal Loan,standard_payment,False,loan_payment_generator,False,
TXNL202000002491,ACC0017103,IND19013233,LN2019110000784,LDO20200000286,4,2020-04-01,04:10:37,256.37,Debit,Completed,,Loan Payment - LN2019110000784,False,,1.68,,Automated,Home Loan,standard_payment,False,loan_payment_generator,False,
TXNL202000002492,ACC0016001,IND19011061,LN2019110000795,LDO20200000118,4,2020-04-06,03:06:07,5255.62,Debit,Completed,,Loan Payment - LN2019110000795,False,,1.7,,Automated,Personal Loan,standard_payment,False,loan_payment_generator,False,
TXNL202000002493,ACC0015561,IND19011642,LN2019110000800,LDO20200000630,5,2020-04-20,03:20:38,4959.25,Debit,Completed,,Loan Payment - LN2019110000800,False,,1.7,,Automated,Home Loan,standard_payment,False,loan_payment_generator,False,
TXNL202000002494,ACC0016853,IND19017322,LN2019110000811,LDO20200000631,5,2020-04-17,04:52:23,1872.14,Debit,Completed,,Loan Payment - LN2019110000811,False,,1.98,,Automated,Home Loan,standard_payment,False,loan_payment_generator,False,
TXNL202000002495,ACC0016633,IND19020502,LN2019110000815,LDO20200001391,5,2020-04-19,03:22:32,1831.79,Debit,Completed,,Loan Payment - LN2019110000815,False,,0.61,,Automated,Personal Loan,standard_payment,False,loan_payment_generator,False,
TXNL202000002496,ACC0016361,IND19001413,LN2019110000817,LDO20200000049,5,2020-04-23,04:44:02,1642.48,Debit,Completed,,Loan Payment - LN2019110000817,False,,0.26,,Automated,Personal Loan,standard_payment,False,loan_payment_generator,False,
TXNL202000002497,ACC0016609,IND19014852,LN2019110000821,LDO20200001392,5,2020-04-09,02:53:23,6378.55,Debit,Completed,,Loan Payment - LN20191100...,False,,1.8,,Automated,Home Loan,standard_payment,False,loan_payment_generator,True,truncated_description
TXNL202000002498,ACC0016227,IND19004473,LN2019110000852,LDO20200000050,5,2020-04-12,02:21:06,4040.57,Debit,Completed,,Loan Payment - LN2019110000852,False,,0.48,,Automated,Vehicle Loan,standard_payment,False,loan_payment_generator,False,
TXNL202000002499,ACC0017180,COM19000029,LN2019110000857,LDO20200001393,4,2020-04-05,04:41:34,20984.7,Debit,Failed,account_blocked,Loan Payment - LN2019110000857,False,,0.81,,Automated,Business Loan,standard_payment,False,loan_payment_generator,False,
TXNL202000002500,ACC0016013,IND19017089,LN2019110000859,LDO20200001394,5,2020-04-14,04:16:32,3524.87,Debit,Completed,,Loan Payment - LN2019110000859,False,,1.96,,Automated,Personal Loan,standard_payment,False,loan_payment_generator,False,
TXNL202000002501,ACC0015520,IND19007923,LN2019110000863,LDO20200000632,4,2020-04-04,04:09:34,3046.84,Debit,Completed,,Loan Payment - LN2019110000863 - Extra Principal,False,,1.1,,Automated,Home Loan,extra_payment,False,loan_payment_generator,False,
TXNL202000002502,ACC0016178,IND19006692,LN2019110000865,LDO20200000119,5,2020-04-14,02:39:28,1076.6,Debit,Completed,,Loan Payment - LN2019110000865 - Late Fee,False,,0.71,,Automated,Home Loan,late_payment,False,loan_payment_generator,False,
TXNL202000002503,ACC0016498,IND19019567,LN2019110000878,LDO20200001395,5,2020-04-20,04:08:06,2136.0,Debit,Completed,,Loan Payment - LN2019110000878,False,,1.51,,Automated,Home Loan,standard_payment,False,loan_payment_generator,False,
TXNL202000002504,ACC0016587,IND19001979,LN2019110000881,LDO20200000633,5,2020-04-24,04:53:04,2984.69,Debit,Completed,,Loan Payment - LN2019110000881,False,,1.23,,Automated,Home Loan,standard_payment,False,loan_payment_generator,False,
TXNL202000002505,ACC0016226,IND19014635,LN2019110000891,LDO20200001396,5,2020-04-09,03:59:03,3233.22,Debit,Completed,,Loan Payment - LN2019110000891,False,,1.15,,Automated,Vehicle Loan,standard_payment,False,loan_payment_generator,False,
TXNL202000002506,ACC0016791,IND19017333,LN2019110000896,LDO20200000287,5,2020-04-23,02:38:15,1181.34,Debit,Completed,,Loan Payment - LN20191100...,False,,0.69,,Automated,Vehicle Loan,standard_payment,False,loan_payment_generator,True,truncated_description
TXNL202000002507,ACC0015546,IND19014453,LN2019110000903,LDO20200000634,4,2020-04-05,04:44:53,1864.36,Debit,Completed,,Loan Payment - LN2019110000903,False,,1.34,,Automated,Home Loan,standard_payment,False,loan_payment_generator,False,
TXNL202000002508,ACC0016510,IND19014407,LN2019110000904,LDO20200000635,5,2020-04-26,04:02:23,2132.38,Debit,Completed,,Loan Payment - LN2019110000904,False,,0.82,,Automated,Home Loan,standard_payment,False,loan_payment_generator,False,
TXNL202000002509,ACC0017125,IND19001891,LN2019110000911,LDO20200001397,5,2020-04-16,03:32:05,1332.55,Debit,Cancelled,customer_stop_instruction,Loan Payment - LN2019110000911,False,,0.27,,Automated,Personal Loan,standard_payment,False,loan_payment_generator,False,
TXNL202000002510,ACC0015983,IND19021454,LN2019110000912,LDO20200000636,4,2020-04-03,02:43:44,1224.39,Debit,Completed,,Loan Payment - LN2019110000912,False,,0.48,,Automated,Vehicle Loan,standard_payment,False,loan_payment_generator,False,
TXNL202000002511,ACC0015882,IND19001085,LN2019110000915,LDO20200000288,5,2020-04-14,04:36:41,11283.58,Debit,Completed,,Loan Payment - LN2019110000915,False,,0.22,,Automated,Home Loan,standard_payment,False,loan_payment_generator,False,
TXNL202000002512,ACC0015875,IND19009769,LN2019110000917,LDO20200001398,4,2020-04-08,04:36:18,1360.39,Debit,Failed,bank_timeout,Loan Payment - LN2019110000917 - Partial,False,,1.29,,Automated,Personal Loan,partial_payment,False,loan_payment_generator,False,
TXNL202000002513,ACC0016555,IND19000992,LN2019110000930,LDO20200001399,5,2020-04-26,03:21:42,6722.67,Debit,Completed,,Loan Payment - LN2019110000930,False,,0.65,,Automated,Personal Loan,standard_payment,False,loan_payment_generator,False,
TXNL202000002514,ACC0015555,IND19009723,LN2019110000938,LDO20200001400,5,2020-04-14,02:46:58,756.78,Debit,Completed,,Loan Payment - LN2019110000938,False,,0.97,,Automated,Vehicle Loan,standard_payment,False,loan_payment_generator,False,
TXNL202000002515,ACC0016547,IND19008923,LN2019110000943,LDO20200000637,5,2020-04-21,04:24:08,436.36,Debit,Failed,bank_timeout,Loan Payment - LN2019110000943,False,,0.81,,Automated,Home Loan,standard_payment,False,loan_payment_generator,False,
TXNL202000002516,ACC0017010,IND19008494,LN2019110000946,LDO20200000289,4,2020-04-01,02:07:29,1660.1,Debit,Completed,,Loan Payment - LN2019110000946,False,,0.62,,Automated,Home Loan,standard_payment,False,loan_payment_generator,False,
TXNL202000002517,ACC0015619,IND19002882,LN2019110000947,LDO20200000120,5,2020-04-16,04:14:10,4047.09,Debit,Completed,,Loan Payment - LN2019110000947,False,,1.89,,Automated,Home Loan,standard_payment,False,loan_payment_generator,False,
TXNL202000002518,ACC0016614,IND19000575,LN2019110000948,LDO20200001401,5,2020-04-10,03:58:34,1376.78,Debit,Completed,,Loan Payment - LN2019110000948,False,,1.16,,Automated,Home Loan,standard_payment,False,loan_payment_generator,False,
TXNL202000002519,ACC0017182,COM19000145,LN2019110000951,LDO20200000638,4,2020-04-02,03:10:23,7297.18,Debit,Completed,,Loan Payment - LN2019110000951,False,,0.56,,Automated,Business Loan,standard_payment,False,loan_payment_generator,False,
TXNL202000002520,ACC0015614,IND19014721,LN2019110000953,LDO20200001402,5,2020-04-15,02:54:08,1874.21,Debit,Completed,,Loan Payment - LN2019110000953,False,,0.61,,Automated,Personal Loan,standard_payment,False,loan_payment_generator,False,
TXNL202000002521,ACC0015655,IND19019746,LN2019110000956,LDO20200000639,5,2020-04-10,02:36:19,5192.45,Debit,Completed,,Loan Payment - LN2019110000956,False,,1.13,,Automated,Vehicle Loan,standard_payment,False,loan_payment_generator,False,
TXNL202000002522,ACC0015639,IND19015264,LN2019110000960,LDO20200000121,5,2020-04-13,04:46:48,714.91,Debit,Failed,mandate_limit,Loan Payment - LN2019110000960,False,,0.52,,Automated,Vehicle Loan,standard_payment,False,loan_payment_generator,False,
TXNL202000002523,ACC0015582,IND19018002,LN2019110000961,LDO20200001403,5,2020-04-20,02:59:58,3002.36,Debit,Completed,,Loan Payment - LN2019110000961,False,,1.78,,Automated,Personal Loan,standard_payment,False,loan_payment_generator,False,
TXNL202000002524,ACC0016874,IND19014924,LN2019110000969,LDO20200000122,5,2020-04-20,03:24:25,425.33,Debit,Cancelled,customer_stop_instruction,Loan Payment - LN2019110000969,False,,0.27,,Automated,Home Loan,standard_payment,False,loan_payment_generator,False,
TXNL202000002525,ACC0015659,IND19021142,LN2019110000973,LDO20200000640,5,2020-04-08,03:34:08,907.46,Debit,Completed,,Loan Payment - LN2019110000973,False,,0.32,,Automated,Home Loan,standard_payment,False,loan_payment_generator,False,
TXNL202000002526,ACC0017169,IND19006873,LN2019110000974,LDO20200001404,4,2020-04-02,04:03:25,1868.99,Debit,Completed,,Loan Payment - LN2019110000974,False,,0.87,,Automated,Home Loan,standard_payment,False,loan_payment_generator,False,
TXNL202000002527,ACC0016315,IND19012459,LN2019110000976,LDO20200000641,4,2020-04-06,03:09:36,4813.04,Debit,Completed,,Loan Payment - LN2019110000976,False,,0.21,,Automated,Home Loan,standard_payment,False,loan_payment_generator,False,
TXNL202000002528,ACC0016742,IND19015859,LN2019110000982,LDO20200001405,5,2020-04-10,03:42:25,6847.59,Debit,Completed,,Loan Payment - LN2019110000982 - Extra Principal,False,,1.66,,Automated,Vehicle Loan,extra_payment,False,loan_payment_generator,False,
TXNL202000002529,ACC0015538,IND19012007,LN2019110000984,LDO20200001406,5,2020-04-12,03:22:39,3460.99,Debit,Completed,,Loan Payment - LN2019110000984,False,,0.79,,Automated,Personal Loan,standard_payment,False,loan_payment_generator,False,
TXNL202000002530,ACC0015734,IND19009569,LN2019110001002,LDO20200001407,4,2020-04-03,02:13:18,1229.23,Debit,Completed,,Loan Payment - LN2019110001002,False,,0.73,,Automated,Vehicle Loan,standard_payment,False,loan_payment_generator,False,
TXNL202000002531,ACC0015777,IND19006356,LN2019110001003,LDO20200000642,4,2020-04-01,02:25:38,2914.76,Debit,Completed,,Loan Payment - LN2019110001003,False,,1.9,,Automated,Home Loan,standard_payment,False,loan_payment_generator,False,
TXNL202000002532,ACC0016647,IND19013551,LN2019110001005,LDO20200000643,5,2020-04-10,03:14:38,2253.64,Debit,Completed,,Loan Payment - LN2019110001005,False,,1.34,,Automated,Vehicle Loan,standard_payment,False,loan_payment_generator,False,
TXNL202000002533,ACC0015667,IND19018619,LN2019110001013,LDO20200000644,5,2020-04-10,04:01:40,5055.86,Debit,Completed,,Loan Payment - LN2019110001013,False,,1.68,,Automated,Vehicle Loan,standard_payment,False,loan_payment_generator,False,
TXNL202000002534,ACC0016137,IND19013890,LN2019110001014,LDO20200001408,5,2020-04-13,02:52:41,1539.62,Debit,Completed,,Loan Payment - LN2019110001014,False,,1.71,,Automated,Personal Loan,standard_payment,False,loan_payment_generator,False,
TXNL202000002535,ACC0016033,IND19019937,LN2019110001019,,5,2020-04-22,02:04:53,17479.94,Debit,Completed,,Loan Payment - LN20191100...,False,,2.5,,Automated,Personal Loan,standard_payment,False,loan_payment_generator,True,truncated_description
TXNL202000002536,ACC0016982,IND19008088,LN2019110001030,LDO20200001409,4,2020-04-03,02:22:28,3457.22,Debit,Completed,,Loan Payment - LN2019110001030,False,,1.18,,Automated,Personal Loan,standard_payment,False,loan_payment_generator,False,
TXNL202000002537,ACC0015455,IND19019498,LN2019110001033,LDO20200000645,5,2020-04-30,04:45:38,1479.26,Debit,Completed,,Loan Payment - LN2019110001033,False,,0.64,,Automated,Home Loan,standard_payment,False,loan_payment_generator,False,
TXNL202000002538,ACC0017151,IND19019885,LN2019110001040,LDO20200000646,5,2020-04-25,02:12:00,4286.1,Debit,Completed,,Loan Payment - LN2019110001040,False,,0.12,,Automated,Home Loan,standard_payment,False,loan_payment_generator,False,
TXNL202000002539,ACC0016644,IND19016358,LN2019110001042,LDO20200000051,5,2020-04-27,03:09:12,4622.03,Debit,Completed,,Loan Payment - LN2019110001042,False,,1.7,,Automated,Vehicle Loan,standard_payment,False,loan_payment_generator,False,
TXNL202000002540,ACC0015528,IND19001951,LN2019110001049,LDO20200000647,4,2020-04-07,04:59:59,911.68,Debit,Completed,,Loan Payment - LN2019110001049,False,,1.15,,Automated,Personal Loan,standard_payment,False,loan_payment_generator,False,
TXNL202000002541,ACC0016089,IND19011202,LN2019110001067,LDO20200000123,4,2020-04-04,02:08:11,724.19,Debit,Completed,,Loan Payment - LN2019110001067,False,,0.17,,Automated,Home Loan,standard_payment,False,loan_payment_generator,False,
TXNL202000002542,ACC0016130,IND19017368,LN2019110001072,LDO20200000290,5,2020-04-14,04:01:42,3877.4,Debit,Completed,,Loan Payment - LN2019110001072,False,,2.0,,Automated,Home Loan,standard_payment,False,loan_payment_generator,False,
TXNL202000002543,ACC0016599,IND19019673,LN2019110001079,LDO20200001410,4,2020-04-01,02:01:45,575.51,Debit,Failed,mandate_limit,Loan Payment - LN2019110001079 - Partial,False,,0.34,,Automated,Home Loan,partial_payment,False,loan_payment_generator,False,
TXNL202000002544,ACC0016417,IND19000879,LN2019110001091,LDO20200001411,5,2020-04-17,02:29:15,3786.52,Debit,Completed,,Loan Payment - LN2019110001091,False,,1.34,,Automated,Personal Loan,standard_payment,False,loan_payment_generator,False,
TXNL202000002545,ACC0016216,IND19005917,LN2019110001094,LDO20200000648,5,2020-04-11,03:42:18,478.72,Debit,Completed,,Loan Payment - LN2019110001094,False,,1.47,,Automated,Home Loan,standard_payment,False,loan_payment_generator,False,
TXNL202000002546,ACC0015549,IND19019725,LN2019110001098,LDO20200000649,4,2020-04-03,02:27:04,494.33,Debit,Failed,bank_timeout,Loan Payment - LN2019110001098,False,,1.84,,Automated,Home Loan,standard_payment,False,loan_payment_generator,False,
TXNL202000002547,ACC0016305,IND19020162,LN2019110001100,LDO20200001412,5,2020-04-18,02:25:06,2607.87,Debit,Failed,bank_timeout,Loan Payment - LN2019110001100,False,,1.57,,Automated,Vehicle Loan,standard_payment,False,loan_payment_generator,False,
TXNL202000002548,ACC0016345,IND19003681,LN2019110001102,LDO20200001413,4,2020-04-03,03:22:51,846.69,Debit,Completed,,Loan Payment - LN2019110001102,False,,1.13,,Automated,Vehicle Loan,standard_payment,False,loan_payment_generator,False,
TXNL202000002549,ACC0016048,IND19004958,LN2019110001104,LDO20200000650,5,2020-04-17,03:10:34,5946.87,Debit,Completed,,Loan Payment - LN2019110001104 - Extra Principal,False,,0.96,,Automated,Home Loan,extra_payment,False,loan_payment_generator,False,
TXNL202000002550,ACC0016616,IND19005217,LN2019110001116,LDO20200001414,5,2020-04-16,02:43:29,1618.8,Debit,Failed,insufficient_funds,Loan Payment - LN2019110001116,False,,0.03,,Automated,Vehicle Loan,standard_payment,False,loan_payment_generator,False,
TXNL202000002551,ACC0016830,IND19020394,LN2019110001144,LDO20200001415,5,2020-04-13,04:49:21,949.51,Debit,Completed,,Loan Payment - LN2019110001144,False,,1.33,,Automated,Vehicle Loan,standard_payment,False,loan_payment_generator,False,
TXNL202000002552,ACC0015604,IND19016220,LN2019110001160,LDO20200001416,5,2020-04-09,02:11:46,3762.95,Debit,Completed,,Loan Payment - LN2019110001160,False,,1.75,,Automated,Personal Loan,standard_payment,False,loan_payment_generator,False,
TXNL202000002553,ACC0016320,IND19018963,LN2019110001162,LDO20200000052,5,2020-04-14,02:24:55,6263.64,Debit,Completed,,Loan Payment - LN2019110001162,False,,0.36,,Automated,Personal Loan,standard_payment,False,loan_payment_generator,False,
TXNL202000002554,ACC0016390,IND19006599,LN2019110001174,LDO20200000124,5,2020-04-13,03:41:26,932.72,Debit,Completed,,Loan Payment - LN2019110001174,False,,0.72,,Automated,Home Loan,standard_payment,False,loan_payment_generator,False,
TXNL202000002555,ACC0016192,IND19015939,LN2019110001197,LDO20200001417,5,2020-04-16,02:24:09,2343.81,Debit,Completed,,Loan Payment - LN2019110001197,False,,1.05,,Automated,Home Loan,standard_payment,False,loan_payment_generator,False,
TXNL202000002556,ACC0016531,IND19006919,LN2019110001200,LDO20200001418,5,2020-04-18,04:37:16,1305.94,Debit,Completed,,Loan Payment - LN2019110001200,False,,0.54,,Automated,Home Loan,standard_payment,False,loan_payment_generator,False,
TXNL202000002557,ACC0015547,IND19001437,LN2019110001201,LDO20200001419,5,2020-04-23,03:36:34,1158.85,Debit,Completed,,Loan Payment - LN2019110001201,False,,1.18,,Automated,Home Loan,standard_payment,False,loan_payment_generator,False,
TXNL202000002558,ACC0016972,IND19008735,LN2019110001207,LDO20200000651,5,2020-04-16,02:44:02,775.03,Debit,Completed,,Loan Payment - LN2019110001207 - Partial,False,,0.05,,Automated,Home Loan,partial_payment,False,loan_payment_generator,False,
TXNL202000002559,ACC0015472,IND19019475,LN2019110001212,LDO20200000652,5,2020-04-12,04:52:50,1365.71,Debit,Completed,,Loan Payment - LN2019110001212 - Late Fee,False,,0.4,,Automated,Home Loan,late_payment,False,loan_payment_generator,False,
TXNL202000002560,ACC0016286,IND19002898,LN2019110001221,LDO20200000053,5,2020-04-16,03:03:47,1976.96,Debit,Completed,,Loan Payment - LN2019110001221 - Late Fee,False,,0.97,,Automated,Vehicle Loan,late_payment,False,loan_payment_generator,False,
TXNL202000002561,ACC0016069,IND19016331,LN2019110001226,LDO20200000291,5,2020-04-22,02:58:32,478.88,Debit,Completed,,Loan Payment - LN2019110001226,False,,0.7,,Automated,Vehicle Loan,standard_payment,False,loan_payment_generator,False,
TXNL202000002562,ACC0016621,IND19001748,LN2019110001232,LDO20200000653,5,2020-04-27,03:06:26,8144.62,Debit,Completed,,Loan Payment - LN2019110001232,False,,0.21,,Automated,Personal Loan,standard_payment,False,loan_payment_generator,False,
TXNL202000002563,ACC0016577,IND19007401,LN2019110001235,LDO20200001420,5,2020-04-20,03:29:16,3123.85,Debit,Completed,,Loan Payment - LN2019110001235,False,,0.25,,Automated,Home Loan,standard_payment,False,loan_payment_generator,False,
TXNL202000002564,ACC0016049,IND19007167,LN2019110001244,LDO20200000654,5,2020-04-07,03:56:37,4130.98,Debit,Completed,,Loan Payment - LN2019110001244,False,,1.97,,Automated,Personal Loan,standard_payment,False,loan_payment_generator,False,
TXNL202000002565,ACC0016413,IND19002225,LN2019110001252,LDO20200000655,5,2020-04-22,02:32:38,1650.01,Debit,Completed,,Loan Payment - LN2019110001252,False,,0.81,,Automated,Home Loan,standard_payment,False,loan_payment_generator,False,
TXNL202000002566,ACC0016456,IND19001967,LN2019110001273,LDO20200001421,5,2020-04-30,02:31:07,3320.6,Debit,Completed,,Loan Payment - LN2019110001273,False,,1.62,,Automated,Personal Loan,standard_payment,False,loan_payment_generator,False,
TXNL202000002567,ACC0017192,COM19000135,LN2019110001276,LDO20200001422,5,2020-04-12,03:57:50,13601.44,Debit,Completed,,Loan Payment - LN20191100...,False,,0.22,,Automated,Business Loan,standard_payment,False,loan_payment_generator,True,truncated_description
TXNL202000002568,ACC0016265,IND19008818,LN2019110001279,LDO20200001423,4,2020-04-07,04:54:51,1882.63,Debit,Completed,,Loan Payment - LN2019110001279,False,,1.94,,Automated,Personal Loan,standard_payment,False,loan_payment_generator,False,
TXNL202000002569,ACC0015839,IND19018402,LN2019110001281,LDO20200001424,5,2020-04-25,03:18:39,1152.39,Debit,Completed,,Loan Payment - LN2019110001281,False,,1.4,,Automated,Home Loan,standard_payment,False,loan_payment_generator,False,
TXNL202000002570,ACC0016960,IND19002996,LN2019110001282,LDO20200000125,4,2020-04-04,04:10:43,11569.01,Debit,Completed,,Loan Payment - LN2019110001282,False,,1.77,,Automated,Personal Loan,standard_payment,False,loan_payment_generator,False,
TXNL202000002571,ACC0015978,IND19018141,LN2019110001294,LDO20200000292,4,2020-04-06,03:27:24,5564.8,Debit,Completed,,Loan Payment - LN2019110001294 - Late Fee,False,,1.26,,Automated,Personal Loan,late_payment,False,loan_payment_generator,False,
TXNL202000002572,ACC0016969,IND19008863,LN2019110001296,LDO20200000656,5,2020-04-22,02:24:12,1318.98,Debit,Completed,,Loan Payment - LN2019110001296 - Partial,False,,0.98,,Automated,Vehicle Loan,partial_payment,False,loan_payment_generator,False,
TXNL202000002573,ACC0017073,IND19005237,LN2019110001298,LDO20200001425,5,2020-04-30,03:36:27,1164.49,Debit,Completed,,Loan Payment - LN2019110001298,False,,0.13,,Automated,Personal Loan,standard_payment,False,loan_payment_generator,False,
TXNL202000002574,ACC0015849,IND19012343,LN2019110001299,LDO20200000293,5,2020-04-15,03:11:05,12045.09,Debit,Completed,,Loan Payment - LN2019110001299,False,,0.22,,Automated,Personal Loan,standard_payment,False,loan_payment_generator,False,
TXNL202000002575,ACC0017018,IND19011695,LN2019110001303,LDO20200000657,5,2020-04-09,04:56:29,1631.79,Debit,Completed,,Loan Payment - LN2019110001303,False,,0.16,,Automated,Home Loan,standard_payment,False,loan_payment_generator,False,
TXNL202000002576,ACC0016430,IND19009973,LN2019110001306,LDO20200001426,5,2020-04-26,03:50:58,1067.36,Debit,Completed,,Loan Payment - LN2019110001306,False,,1.31,,Automated,Home Loan,standard_payment,False,loan_payment_generator,False,
TXNL202000002577,ACC0016357,IND19014919,LN2019110001316,LDO20200001427,5,2020-04-25,04:56:08,1110.19,Debit,Completed,,Loan Payment - LN2019110001316,False,,1.5,,Automated,Personal Loan,standard_payment,False,loan_payment_generator,False,
TXNL202000002578,ACC0016434,IND19012839,LN2019110001322,LDO20200001428,4,2020-04-04,02:35:12,1539.89,Debit,Completed,,Loan Payment - LN2019110001322,False,,1.89,,Automated,Home Loan,standard_payment,False,loan_payment_generator,False,
TXNL202000002579,ACC0016507,IND19019784,LN2019110001323,LDO20200001429,5,2020-04-12,02:43:18,4051.3,Debit,Completed,,Loan Payment - LN2019110001323,False,,0.09,,Automated,Personal Loan,standard_payment,False,loan_payment_generator,False,
TXNL202000002580,ACC0016509,IND19014407,LN2019110001339,LDO20200001430,5,2020-04-30,04:17:53,2837.96,Debit,Completed,,Loan Payment - LN2019110001339,False,,0.41,,Automated,Vehicle Loan,standard_payment,False,loan_payment_generator,False,
TXNL202000002581,ACC0015940,IND19011555,LN2019110001341,LDO20200001431,4,2020-04-08,23:49:09,2736.12,Debit,Completed,,Loan Payment - LN2019110001341,False,,0.43,,Automated,Home Loan,standard_payment,False,loan_payment_generator,True,timestamp_shift
TXNL202000002582,ACC0015605,IND19000631,LN2019110001345,LDO20200001432,5,2020-04-25,04:34:58,12601.35,Debit,Completed,,Loan Payment - LN2019110001345,False,,1.66,,Automated,Personal Loan,standard_payment,False,loan_payment_generator,False,
TXNL202000002583,ACC0016172,IND19011955,LN2019110001364,LDO20200001433,5,2020-04-14,04:54:25,1265.93,Debit,Completed,,Loan Payment - LN2019110001364,False,,0.46,,Automated,Vehicle Loan,standard_payment,False,loan_payment_generator,False,
TXNL202000002584,ACC0016464,IND19019122,LN2019110001372,LDO20200000658,5,2020-04-27,02:49:50,1067.04,Debit,Completed,,Loan Payment - LN2019110001372 - Partial,False,,1.18,,Automated,Vehicle Loan,partial_payment,False,loan_payment_generator,False,
TXNL202000002585,ACC0016699,IND19017199,LN2019110001379,LDO20200001434,5,2020-04-15,04:25:52,4627.85,Debit,Completed,,Loan Payment - LN2019110001379,False,,1.71,,Automated,Home Loan,standard_payment,False,loan_payment_generator,False,
TXNL202000002586,ACC0016524,IND19015767,LN2019110001382,LDO20200001435,5,2020-04-10,04:29:43,6809.02,Debit,Completed,,Loan Payment - LN2019110001382,False,,0.67,,Automated,Home Loan,standard_payment,False,loan_payment_generator,False,
TXNL202000002587,ACC0015666,IND19013677,LN2019110001391,LDO20200000294,5,2020-04-11,02:57:37,763.27,Debit,Completed,,Loan Payment - LN2019110001391,False,,1.6,,Automated,Home Loan,standard_payment,False,loan_payment_generator,False,
TXNL202000002588,ACC0015486,IND19005043,LN2019110001393,LDO20200000659,5,2020-04-24,03:23:40,1171.97,Debit,Completed,,Loan Payment - LN20191100...,False,,1.05,,Automated,Home Loan,standard_payment,False,loan_payment_generator,True,truncated_description
TXNL202000002589,ACC0015870,IND19009118,LN2019110001419,LDO20200001436,4,2020-04-01,02:33:20,2290.66,Debit,Completed,,Loan Payment - LN2019110001419,False,,0.68,,Automated,Vehicle Loan,standard_payment,False,loan_payment_generator,False,
TXNL202000002590,ACC0016808,IND19013840,LN2019110001426,LDO20200000295,5,2020-04-07,02:57:45,1552.09,Debit,Completed,,Loan Payment - LN2019110001426,False,,1.48,,Automated,Vehicle Loan,standard_payment,False,loan_payment_generator,False,
TXNL202000002591,ACC0016712,IND19019376,LN2019110001429,LDO20200000126,5,2020-04-17,04:12:25,1231.49,Debit,Completed,,Loan Payment - LN2019110001429,False,,0.4,,Automated,Home Loan,standard_payment,False,loan_payment_generator,False,
TXNL202000002592,ACC0015583,IND19018002,LN2019110001432,LDO20200000660,5,2020-04-21,03:48:02,3166.1,Debit,Completed,,Loan Payment - LN2019110001432,False,,0.04,,Automated,Personal Loan,standard_payment,False,loan_payment_generator,False,
TXNL202000002593,ACC0016196,IND19007874,LN2019110001452,LDO20200000296,5,2020-04-19,03:01:47,2316.86,Debit,Completed,,Loan Payment - LN2019110001452,False,,1.53,,Automated,Personal Loan,standard_payment,False,loan_payment_generator,False,
TXNL202000002594,ACC0015515,IND19017646,LN2019110001454,LDO20200001437,5,2020-04-25,04:33:47,5444.84,Debit,Completed,,Loan Payment - LN2019110001454,False,,1.51,,Automated,Personal Loan,standard_payment,False,loan_payment_generator,False,
TXNL202000002595,ACC0017186,COM19000088,LN2019110001455,LDO20200001438,5,2020-04-28,04:08:34,12988.03,Debit,Completed,,Loan Payment - LN2019110001455 - Late Fee,False,,1.33,,Automated,Business Loan,late_payment,False,loan_payment_generator,False,
TXNL202000002596,ACC0016539,IND19002916,LN2019110001462,LDO20200000661,4,2020-04-10,02:56:53,340.67,Debit,Completed,,Loan Payment - LN2019110001462,False,,1.74,,Automated,Home Loan,standard_payment,False,loan_payment_generator,False,
TXNL202000002597,ACC0016432,IND19018512,LN2019110001463,LDO20200000662,4,2020-04-02,03:12:20,2027.33,Debit,Completed,,Loan Payment - LN2019110001463,False,,1.47,,Automated,Home Loan,standard_payment,False,loan_payment_generator,False,
TXNL202000002598,ACC0015797,IND19012818,LN2019110001467,LDO20200001439,5,2020-04-25,02:02:32,10735.57,Debit,Completed,,Loan Payment - LN2019110001467,False,,0.64,,Automated,Personal Loan,standard_payment,False,loan_payment_generator,False,
TXNL202000002599,ACC0016948,IND19007143,LN2019110001468,LDO20200000663,5,2020-04-13,04:00:44,990.43,Debit,Completed,,Loan Payment - LN2019110001468,False,,0.66,,Automated,Home Loan,standard_payment,False,loan_payment_generator,False,
TXNL202000002600,ACC0016059,IND19021104,LN2019110001485,LDO20200001440,5,2020-04-17,03:22:31,4826.15,Debit,Completed,,Loan Payment - LN2019110001485,False,,1.93,,Automated,Home Loan,standard_payment,False,loan_payment_generator,False,
TXNL202000002601,ACC0016787,IND19003053,LN2019110001486,LDO20200000664,5,2020-04-17,04:52:41,2932.45,Debit,Completed,,Loan Payment - LN2019110001486,False,,0.45,,Automated,Home Loan,standard_payment,False,loan_payment_generator,False,
TXNL202000002602,ACC0016519,IND19007596,LN2019110001489,LDO20200000127,5,2020-04-30,03:37:07,2142.74,Debit,Completed,,Loan Payment - LN2019110001489,False,,0.81,,Automated,Personal Loan,standard_payment,False,loan_payment_generator,False,
TXNL202000002603,ACC0016766,IND19021165,LN2019110001495,LDO20200001441,5,2020-04-24,02:09:07,1433.43,Debit,Completed,,Loan Payment - LN2019110001495,False,,1.01,,Automated,Vehicle Loan,standard_payment,False,loan_payment_generator,False,
TXNL202000002604,ACC0015938,IND19006180,LN2019110001505,LDO20200001442,5,2020-04-28,04:27:47,2558.66,Debit,Completed,,Loan Payment - LN2019110001505,False,,1.91,,Automated,Vehicle Loan,standard_payment,False,loan_payment_generator,False,
TXNL202000002605,ACC0017138,IND19015922,LN2019110001517,LDO20200000665,5,2020-04-30,02:24:15,3179.96,Debit,Completed,,Loan Payment - LN2019110001517,False,,1.31,,Automated,Personal Loan,standard_payment,False,loan_payment_generator,False,
TXNL202000002606,ACC0016904,IND19002385,LN2019110001528,LDO20200001443,5,2020-04-29,03:43:29,916.09,Debit,Cancelled,customer_stop_instruction,Loan Payment - LN2019110001528,False,,1.2,,Automated,Personal Loan,standard_payment,False,loan_payment_generator,False,
TXNL202000002607,ACC0015622,IND19017961,LN2019110001530,LDO20200000297,5,2020-04-13,04:24:09,5980.97,Debit,Failed,insufficient_funds,Loan Payment - LN2019110001530,False,,1.3,,Automated,Home Loan,standard_payment,False,loan_payment_generator,True,status_inconsistency
TXNL202000002608,ACC0016613,IND19002306,LN2019110001535,LDO20200000666,5,2020-04-11,02:27:53,705.1,Debit,Completed,,Loan Payment - LN2019110001535,False,,0.67,,Automated,Home Loan,standard_payment,False,loan_payment_generator,False,
TXNL202000002609,ACC0015677,IND19004003,LN2019110001541,LDO20200001444,4,2020-04-03,02:02:02,1888.39,Debit,Failed,account_blocked,Loan Payment - LN2019110001541 - Late Fee,False,,1.0,,Automated,Home Loan,late_payment,False,loan_payment_generator,False,
TXNL202000002610,ACC0016264,IND19019281,LN2019110001548,LDO20200000667,5,2020-04-23,02:20:46,9162.31,Debit,Completed,,Loan Payment - LN2019110001548,False,,0.55,,Automated,Personal Loan,standard_payment,False,loan_payment_generator,False,
TXNL202000002611,ACC0016350,IND19008564,LN2019110001557,LDO20200001445,5,2020-04-23,02:25:36,6986.77,Debit,Completed,,Loan Payment - LN2019110001557,False,,1.87,,Automated,Personal Loan,standard_payment,False,loan_payment_generator,False,
TXNL202000002612,ACC0016053,IND19018755,LN2019110001558,LDO20200000668,5,2020-04-29,02:21:17,1809.84,Debit,Completed,,Loan Payment - LN2019110001558,False,,0.05,,Automated,Personal Loan,standard_payment,False,loan_payment_generator,False,
TXNL202000002613,ACC0016014,IND19017089,LN2019110001577,LDO20200001446,5,2020-04-23,04:38:54,1976.96,Debit,Completed,,Loan Payment - LN2019110001577,False,,1.07,,Automated,Home Loan,standard_payment,False,loan_payment_generator,False,
TXNL202000002614,ACC0015425,IND19007086,LN2019110001579,LDO20200001447,5,2020-04-26,03:55:10,5170.59,Debit,Completed,,Loan Payment - LN2019110001579,False,,0.84,,Automated,Home Loan,standard_payment,False,loan_payment_generator,False,
TXNL202000002615,ACC0015687,IND19021383,LN2019110001584,LDO20200001448,5,2020-04-16,03:32:08,1231.88,Debit,Completed,,Loan Payment - LN2019110001584,False,,0.51,,Automated,Vehicle Loan,standard_payment,False,loan_payment_generator,False,
TXNL202000002616,ACC0015762,IND19000944,LN2019110001594,LDO20200000669,5,2020-04-26,02:47:48,3101.76,Debit,Completed,,Loan Payment - LN2019110001594,False,,1.23,,Automated,Home Loan,standard_payment,False,loan_payment_generator,False,
TXNL202000002617,ACC0015701,IND19001383,LN2019110001612,LDO20200001449,5,2020-04-11,02:42:14,2223.48,Debit,Completed,,Loan Payment - LN2019110001612,False,,1.3,,Automated,Personal Loan,standard_payment,False,loan_payment_generator,False,
TXNL202000002618,ACC0017021,IND19005782,LN2019110001616,LDO20200001450,5,2020-04-28,03:41:04,2570.11,Debit,Completed,,Loan Payment - LN2019110001616,False,,1.17,,Automated,Personal Loan,standard_payment,False,loan_payment_generator,False,
TXNL202000002619,ACC0016354,IND19010183,LN2019110001617,LDO20200001451,4,2020-04-07,03:08:06,1621.31,Debit,Completed,,Loan Payment - LN2019110001617,False,,0.58,,Automated,Home Loan,standard_payment,False,loan_payment_generator,False,
TXNL202000002620,ACC0016862,IND19019662,LN2019110001622,LDO20200001452,5,2020-04-13,02:33:22,4379.8,Debit,Completed,,Loan Payment - LN2019110001622,False,,0.14,,Automated,Home Loan,standard_payment,False,loan_payment_generator,False,
TXNL202000002621,ACC0016300,IND19004530,LN2019110001631,LDO20200000298,5,2020-04-29,02:06:00,1559.35,Debit,Completed,,Loan Payment - LN20191100...,False,,1.81,,Automated,Home Loan,standard_payment,False,loan_payment_generator,True,truncated_description
TXNL202000002622,ACC0015556,IND19008769,LN2019110001638,LDO20200001453,5,2020-04-11,04:50:19,3055.54,Debit,Completed,,Loan Payment - LN2019110001638,False,,0.97,,Automated,Home Loan,standard_payment,False,loan_payment_generator,False,
TXNL202000002623,ACC0016568,IND19014465,LN2019110001650,LDO20200001454,5,2020-04-15,03:42:31,987.2,Debit,Completed,,Loan Payment - LN2019110001650 - Late Fee,False,,0.87,,Automated,Vehicle Loan,late_payment,False,loan_payment_generator,False,
TXNL202000002624,ACC0015872,IND19022275,LN2019110001651,LDO20200001455,4,2020-04-02,02:44:59,4141.62,Debit,Completed,,Loan Payment - LN2019110001651,False,,1.75,,Automated,Home Loan,standard_payment,False,loan_payment_generator,False,
TXNL202000002625,ACC0016145,IND19016516,LN2019110001653,LDO20200000670,5,2020-04-16,04:17:01,2266.33,Debit,Completed,,Loan Payment - LN2019110001653,False,,1.31,,Automated,Vehicle Loan,standard_payment,False,loan_payment_generator,False,
TXNL202000002626,ACC0016019,IND19000655,LN2019110001663,LDO20200001456,5,2020-04-26,03:27:23,1440.24,Debit,Completed,,Loan Payment - LN2019110001663,False,,0.25,,Automated,Vehicle Loan,standard_payment,False,loan_payment_generator,False,
TXNL202000002627,ACC0016985,IND19017526,LN2019110001664,LDO20200001457,4,2020-04-03,03:48:07,1413.99,Debit,Completed,,Loan Payment - LN2019110001664,False,,0.24,,Automated,Personal Loan,standard_payment,False,loan_payment_generator,False,
TXNL202000002628,ACC0016477,IND19000053,LN2019110001676,LDO20200001458,5,2020-04-10,02:27:54,810.3,Debit,Completed,,Loan Payment - LN2019110001676,False,,0.25,,Automated,Home Loan,standard_payment,False,loan_payment_generator,False,
TXNL202000002629,ACC0016691,IND19021518,LN2019110001677,LDO20200001459,5,2020-04-27,03:19:14,2765.46,Debit,Failed,mandate_limit,Loan Payment - LN2019110001677,False,,0.57,,Automated,Personal Loan,standard_payment,False,loan_payment_generator,False,
TXNL202000002630,ACC0015828,IND19001557,LN2019110001681,LDO20200000054,4,2020-04-04,02:44:31,1335.63,Debit,Completed,,Loan Payment - LN2019110001681,False,,0.42,,Automated,Home Loan,standard_payment,False,loan_payment_generator,False,
TXNL202000002631,ACC0016245,IND19006966,LN2019110001683,LDO20200000299,5,2020-04-18,04:59:17,910.37,Debit,Completed,,Loan Payment - LN2019110001683,False,,1.12,,Automated,Personal Loan,standard_payment,False,loan_payment_generator,False,
TXNL202000002632,ACC0017220,IND19006006,LN2019120000007,LDO20200001460,3,2020-04-02,02:51:13,3714.91,Debit,Completed,,Loan Payment - LN2019120000007,False,,1.59,,Automated,Vehicle Loan,standard_payment,False,loan_payment_generator,False,
TXNL202000002633,ACC0017348,IND19002742,LN2019120000011,LDO20200000128,4,2020-04-30,03:08:27,11748.5,Debit,Completed,,Loan Payment - LN2019120000011,False,,1.34,,Automated,Personal Loan,standard_payment,False,loan_payment_generator,False,
TXNL202000002634,ACC0018245,IND19001340,LN2019120000021,LDO20200000671,4,2020-04-19,04:03:26,2002.58,Debit,Failed,account_blocked,Loan Payment - LN2019120000021,False,,1.34,,Automated,Vehicle Loan,standard_payment,False,loan_payment_generator,False,
TXNL202000002635,ACC0018155,IND19001906,LN2019120000025,LDO20200000300,4,2020-04-30,03:27:34,502.51,Debit,Completed,,Loan Payment - LN2019120000025,False,,0.07,,Automated,Home Loan,standard_payment,False,loan_payment_generator,False,
TXNL202000002636,ACC0018078,IND19013011,LN2019120000036,LDO20200000055,3,2020-04-02,04:00:18,1495.84,Debit,Completed,,Loan Payment - LN2019120000036,False,,1.34,,Automated,Personal Loan,standard_payment,False,loan_payment_generator,False,
TXNL202000002637,ACC0017796,IND19000091,LN2019120000039,LDO20200001461,4,2020-04-21,04:54:40,1963.82,Debit,Completed,,Loan Payment - LN2019120000039,False,,1.88,,Automated,Vehicle Loan,standard_payment,False,loan_payment_generator,False,
TXNL202000002638,ACC0018008,IND19015657,LN2019120000041,LDO20200001462,4,2020-04-23,04:50:17,1721.57,Debit,Failed,insufficient_funds,Loan Payment - LN2019120000041,False,,0.28,,Automated,Vehicle Loan,standard_payment,False,loan_payment_generator,False,
TXNL202000002639,ACC0017862,IND19015672,LN2019120000042,LDO20200001463,4,2020-04-16,02:54:22,3423.55,Debit,Completed,,Loan Payment - LN2019120000042,False,,1.43,,Automated,Home Loan,standard_payment,False,loan_payment_generator,False,
TXNL202000002640,ACC0018324,COM19000142,LN2019120000063,LDO20200001464,4,2020-04-24,02:08:34,4019.41,Debit,Completed,,Loan Payment - LN2019120000063 - Partial,False,,1.83,,Automated,Business Loan,partial_payment,False,loan_payment_generator,False,
TXNL202000002641,ACC0018134,IND19009787,LN2019120000071,LDO20200000672,4,2020-04-21,02:47:23,2034.6,Debit,Completed,,Loan Payment - LN2019120000071,False,,1.5,,Automated,Vehicle Loan,standard_payment,False,loan_payment_generator,False,
TXNL202000002642,ACC0017490,IND19003410,LN2019120000084,LDO20200001465,4,2020-04-21,02:34:24,458.43,Debit,Completed,,Loan Payment - LN2019120000084,False,,0.92,,Automated,Vehicle Loan,standard_payment,False,loan_payment_generator,False,
TXNL202000002643,ACC0017386,IND19012291,LN2019120000087,LDO20200001466,4,2020-04-25,03:49:31,881.13,Debit,Failed,insufficient_funds,Loan Payment - LN2019120000087,False,,0.57,,Automated,Vehicle Loan,standard_payment,False,loan_payment_generator,False,
TXNL202000002644,ACC0017446,IND19013286,LN2019120000094,LDO20200001467,3,2020-04-03,03:19:06,248.58,Debit,Completed,,Loan Payment - LN2019120000094,False,,1.53,,Automated,Home Loan,standard_payment,False,loan_payment_generator,False,
TXNL202000002645,ACC0017853,IND19015746,LN2019120000096,LDO20200000673,3,2020-04-06,02:29:44,916.54,Debit,Completed,,Loan Payment - LN2019120000096,False,,1.98,,Automated,Home Loan,standard_payment,False,loan_payment_generator,False,
TXNL202000002646,ACC0017858,IND19013271,LN2019120000102,LDO20200001468,4,2020-04-19,02:44:20,4224.82,Debit,Completed,,Loan Payment - LN2019120000102,False,,0.79,,Automated,Home Loan,standard_payment,False,loan_payment_generator,False,
TXNL202000002647,ACC0017213,IND19014377,LN2019120000113,LDO20200001469,3,2020-04-01,03:11:38,2900.1,Debit,Failed,bank_timeout,Loan Payment - LN2019120000113,False,,1.36,,Automated,Home Loan,standard_payment,False,loan_payment_generator,False,
TXNL202000002648,ACC0018129,IND19009471,LN2019120000115,LDO20200001470,4,2020-04-15,02:19:18,1177.99,Debit,Completed,,Loan Payment - LN2019120000115,False,,0.01,,Automated,Vehicle Loan,standard_payment,False,loan_payment_generator,False,
TXNL202000002649,ACC0018033,IND19013869,LN2019120000120,LDO20200000674,4,2020-04-17,04:52:44,436.83,Debit,Completed,,Loan Payment - LN2019120000120,False,,0.47,,Automated,Home Loan,standard_payment,False,loan_payment_generator,False,
TXNL202000002650,ACC0017308,IND19007237,LN2019120000128,LDO20200001471,3,2020-04-06,04:55:50,6207.25,Debit,Completed,,Loan Payment - LN2019120000128,False,,0.89,,Automated,Vehicle Loan,standard_payment,False,loan_payment_generator,False,
TXNL202000002651,ACC0017242,IND19011983,LN2019120000130,LDO20200001472,4,2020-04-23,04:41:30,2335.31,Debit,Completed,,Loan Payment - LN2019120000130,False,,0.93,,Automated,Home Loan,standard_payment,False,loan_payment_generator,False,
TXNL202000002652,ACC0017565,IND19007651,LN2019120000134,LDO20200000675,4,2020-04-11,03:41:05,1701.15,Debit,Completed,,Loan Payment - LN2019120000134,False,,0.08,,Automated,Personal Loan,standard_payment,False,loan_payment_generator,False,
TXNL202000002653,ACC0017564,IND19013110,LN2019120000145,LDO20200000676,4,2020-04-13,03:15:48,690.61,Debit,Completed,,Loan Payment - LN2019120000145,False,,1.69,,Automated,Personal Loan,standard_payment,False,loan_payment_generator,False,
TXNL202000002654,ACC0018252,IND19006462,LN2019120000160,LDO20200000677,4,2020-04-10,04:42:08,383.52,Debit,Completed,,Loan Payment - LN2019120000160,False,,0.68,,Automated,Home Loan,standard_payment,False,loan_payment_generator,False,
TXNL202000002655,ACC0018146,IND19011252,LN2019120000168,LDO20200000678,4,2020-04-18,03:32:25,1810.24,Debit,Completed,,Loan Payment - LN2019120000168,False,,0.29,,Automated,Home Loan,standard_payment,False,loan_payment_generator,False,
TXNL202000002656,ACC0018114,IND19005881,LN2019120000171,LDO20200001473,4,2020-04-18,03:36:59,2667.02,Debit,Completed,,Loan Payment - LN2019120000171,False,,0.01,,Automated,Home Loan,standard_payment,False,loan_payment_generator,False,
TXNL202000002657,ACC0018117,IND19011221,LN2019120000176,LDO20200001474,4,2020-04-28,03:58:48,2545.41,Debit,Completed,,Loan Payment - LN2019120000176,False,,1.6,,Automated,Vehicle Loan,standard_payment,False,loan_payment_generator,False,
TXNL202000002658,ACC0017451,IND19009152,LN2019120000186,LDO20200000679,3,2020-04-01,04:52:06,396.5,Debit,Completed,,Loan Payment - LN2019120000186,False,,0.86,,Automated,Home Loan,standard_payment,False,loan_payment_generator,False,
TXNL202000002659,ACC0017736,IND19012919,LN2019120000201,LDO20200001475,4,2020-04-20,03:24:51,14301.08,Debit,Completed,,Loan Payment - LN2019120000201,False,,1.17,,Automated,Personal Loan,standard_payment,False,loan_payment_generator,False,
TXNL202000002660,ACC0018201,IND19005623,LN2019120000217,LDO20200001476,4,2020-04-16,03:24:22,2492.35,Debit,Completed,,Loan Payment - LN2019120000217,False,,1.26,,Automated,Vehicle Loan,standard_payment,False,loan_payment_generator,False,
TXNL202000002661,ACC0017369,IND19015280,LN2019120000222,LDO20200001477,4,2020-04-14,02:10:12,2732.58,Debit,Completed,,Loan Payment - LN2019120000222 - Late Fee,False,,1.72,,Automated,Home Loan,late_payment,False,loan_payment_generator,False,
TXNL202000002662,ACC0017900,IND19015599,LN2019120000223,LDO20200001478,4,2020-04-11,02:46:11,1764.26,Debit,Completed,,Loan Payment - LN2019120000223,False,,0.66,,Automated,Vehicle Loan,standard_payment,False,loan_payment_generator,False,
TXNL202000002663,ACC0017450,IND19002178,LN2019120000231,LDO20200000680,3,2020-04-06,03:48:23,216.86,Debit,Completed,,Loan Payment - LN2019120000231,False,,0.12,,Automated,Home Loan,standard_payment,False,loan_payment_generator,False,
TXNL202000002664,ACC0017883,IND19014767,LN2019120000239,LDO20200000681,4,2020-04-18,03:32:41,1614.83,Debit,Cancelled,customer_stop_instruction,Loan Payment - LN2019120000239,False,,0.73,,Automated,Home Loan,standard_payment,False,loan_payment_generator,False,
TXNL202000002665,ACC0017346,IND19008124,LN2019120000247,LDO20200001479,4,2020-04-26,04:29:10,1955.82,Debit,Completed,,Loan Payment - LN2019120000247,False,,1.26,,Automated,Home Loan,standard_payment,False,loan_payment_generator,False,
TXNL202000002666,ACC0017362,IND19001879,LN2019120000249,LDO20200001480,3,2020-04-03,04:08:03,2652.39,Debit,Completed,,Loan Payment - LN2019120000249,False,,0.66,,Automated,Vehicle Loan,standard_payment,False,loan_payment_generator,False,
TXNL202000002667,ACC0017684,IND19014040,LN2019120000252,LDO20200001481,4,2020-04-27,03:24:06,1059.91,Debit,Completed,,Loan Payment - LN2019120000252,False,,0.44,,Automated,Vehicle Loan,standard_payment,False,loan_payment_generator,False,
TXNL202000002668,ACC0018213,IND19015513,LN2019120000262,LDO20200001482,4,2020-04-20,04:04:14,1820.93,Debit,Completed,,Loan Payment - LN2019120000262,False,,0.52,,Automated,Home Loan,standard_payment,False,loan_payment_generator,False,
TXNL202000002669,ACC0018042,IND19000060,LN2019120000265,LDO20200001483,4,2020-04-26,02:42:54,1017.66,Debit,Completed,,Loan Payment - LN2019120000265,False,,0.77,,Automated,Personal Loan,standard_payment,False,loan_payment_generator,False,
TXNL202000002670,ACC0018269,IND19005231,LN2019120000269,LDO20200001484,4,2020-04-28,02:46:32,4532.84,Debit,Completed,,Loan Payment - LN2019120000269,False,,0.03,,Automated,Home Loan,standard_payment,False,loan_payment_generator,False,
TXNL202000002671,ACC0017441,IND19013798,LN2019120000274,LDO20200000682,4,2020-04-25,02:47:22,505.35,Debit,Completed,,Loan Payment - LN2019120000274,False,,1.58,,Automated,Home Loan,standard_payment,False,loan_payment_generator,False,
TXNL202000002672,ACC0017407,IND19008902,LN2019120000279,LDO20200000301,4,2020-04-09,02:40:36,460.5,Debit,Completed,,Loan Payment - LN20191200...,False,,0.05,,Automated,Home Loan,standard_payment,False,loan_payment_generator,True,truncated_description
TXNL202000002673,ACC0018195,IND19013848,LN2019120000295,LDO20200001485,4,2020-04-29,02:03:54,896.98,Debit,Failed,bank_timeout,Loan Payment - LN2019120000295,False,,1.58,,Automated,Vehicle Loan,standard_payment,False,loan_payment_generator,False,
TXNL202000002674,ACC0018120,IND19015966,LN2019120000304,,4,2020-04-20,04:04:24,3162.87,Debit,Completed,,Loan Payment - LN2019120000304,False,,2.5,,Automated,Personal Loan,standard_payment,False,loan_payment_generator,False,
TXNL202000002675,ACC0017986,IND19011000,LN2019120000309,LDO20200001486,4,2020-04-13,03:40:29,2986.73,Debit,Completed,,Loan Payment - LN2019120000309,False,,0.59,,Automated,Home Loan,standard_payment,False,loan_payment_generator,False,
TXNL202000002676,ACC0017358,IND19002502,LN2019120000314,LDO20200001487,3,2020-04-03,02:58:55,1939.6,Debit,Completed,,Loan Payment - LN2019120000314,False,,1.85,,Automated,Personal Loan,standard_payment,False,loan_payment_generator,False,
TXNL202000002677,ACC0017797,IND19007712,LN2019120000315,LDO20200000683,4,2020-04-11,04:53:33,5637.81,Debit,Completed,,Loan Payment - LN2019120000315,False,,1.24,,Automated,Personal Loan,standard_payment,False,loan_payment_generator,False,
TXNL202000002678,ACC0018301,IND19006178,LN2019120000339,LDO20200000684,4,2020-04-25,02:37:53,3619.56,Debit,Completed,,Loan Payment - LN2019120000339,False,,1.51,,Automated,Home Loan,standard_payment,False,loan_payment_generator,False,
TXNL202000002679,ACC0017569,IND19006167,LN2019120000346,LDO20200001488,4,2020-04-24,03:01:07,2596.35,Debit,Completed,,Loan Payment - LN2019120000346,False,,0.08,,Automated,Home Loan,standard_payment,False,loan_payment_generator,False,
TXNL202000002680,ACC0017514,IND19006377,LN2019120000347,LDO20200000685,4,2020-04-21,03:58:18,324.93,Debit,Completed,,Loan Payment - LN2019120000347,False,,0.25,,Automated,Home Loan,standard_payment,False,loan_payment_generator,False,
TXNL202000002681,ACC0017271,IND19006231,LN2019120000349,LDO20200000686,4,2020-04-09,02:16:27,1896.7,Debit,Completed,,Loan Payment - LN2019120000349,False,,1.19,,Automated,Home Loan,standard_payment,False,loan_payment_generator,False,
TXNL202000002682,ACC0017270,IND19007398,LN2019120000358,LDO20200001489,3,2020-04-02,02:42:38,625.83,Debit,Completed,,Loan Payment - LN2019120000358,False,,1.52,,Automated,Home Loan,standard_payment,False,loan_payment_generator,True,timestamp_shift
TXNL202000002683,ACC0017775,IND19008766,LN2019120000366,LDO20200001490,3,2020-04-08,04:31:50,2935.12,Debit,Completed,,Loan Payment - LN2019120000366,False,,0.69,,Automated,Home Loan,standard_payment,False,loan_payment_generator,False,
TXNL202000002684,ACC0017231,IND19002015,LN2019120000372,LDO20200001491,3,2020-04-03,03:27:50,1757.71,Debit,Completed,,Loan Payment - LN2019120000372,False,,1.74,,Automated,Home Loan,standard_payment,False,loan_payment_generator,False,
TXNL202000002685,ACC0017533,IND19014872,LN2019120000380,LDO20200001492,4,2020-04-17,03:43:33,752.69,Debit,Completed,,Loan Payment - LN2019120000380,False,,0.7,,Automated,Vehicle Loan,standard_payment,False,loan_payment_generator,False,
TXNL202000002686,ACC0017430,IND19011616,LN2019120000382,LDO20200000687,4,2020-04-20,03:26:47,1562.82,Debit,Completed,,Loan Payment - LN2019120000382,False,,0.25,,Automated,Home Loan,standard_payment,False,loan_payment_generator,False,
TXNL202000002687,ACC0017801,IND19002184,LN2019120000383,LDO20200001493,4,2020-04-22,04:52:20,2842.62,Debit,Failed,account_blocked,Loan Payment - LN2019120000383,False,,1.26,,Automated,Personal Loan,standard_payment,False,loan_payment_generator,False,
TXNL202000002688,ACC0017318,IND19014168,LN2019120000392,LDO20200000302,3,2020-04-02,04:55:09,1662.61,Debit,Failed,mandate_limit,Loan Payment - LN2019120000392,False,,1.95,,Automated,Home Loan,standard_payment,False,loan_payment_generator,False,
TXNL202000002689,ACC0017513,IND19008301,LN2019120000397,LDO20200001494,3,2020-04-02,03:11:42,1192.86,Debit,Completed,,Loan Payment - LN2019120000397,False,,1.06,,Automated,Vehicle Loan,standard_payment,False,loan_payment_generator,False,
TXNL202000002690,ACC0017553,IND19016737,LN2019120000407,LDO20200001495,4,2020-04-21,03:45:40,2519.11,Debit,Completed,,Loan Payment - LN2019120000407,False,,0.8,,Automated,Vehicle Loan,standard_payment,False,loan_payment_generator,False,
TXNL202000002691,ACC0017672,IND19015694,LN2019120000411,LDO20200000688,4,2020-04-14,04:19:47,533.42,Debit,Completed,,Loan Payment - LN2019120000411,False,,0.7,,Automated,Vehicle Loan,standard_payment,False,loan_payment_generator,False,
TXNL202000002692,ACC0017633,IND19014142,LN2019120000414,LDO20200000689,3,2020-04-08,03:39:02,788.45,Debit,Completed,,Loan Payment - LN2019120000414,False,,1.56,,Automated,Home Loan,standard_payment,False,loan_payment_generator,False,
TXNL202000002693,ACC0017847,IND19003113,LN2019120000427,LDO20200000129,4,2020-04-30,07:40:43,530.38,Debit,Failed,insufficient_funds,Loan Payment - LN2019120000427,False,,0.81,,Automated,Personal Loan,standard_payment,False,loan_payment_generator,True,timestamp_shift
TXNL202000002694,ACC0017979,IND19004903,LN2019120000429,LDO20200001496,4,2020-04-11,02:16:27,981.34,Debit,Failed,insufficient_funds,Loan Payment - LN2019120000429 - Late Fee,False,,1.39,,Automated,Home Loan,late_payment,False,loan_payment_generator,False,
TXNL202000002695,ACC0017820,IND19010213,LN2019120000432,LDO20200000303,4,2020-04-16,03:52:27,7356.03,Debit,Completed,,Loan Payment - LN2019120000432,False,,1.06,,Automated,Home Loan,standard_payment,False,loan_payment_generator,False,
TXNL202000002696,ACC0017964,IND19006852,LN2019120000454,LDO20200000690,4,2020-04-19,02:01:23,1210.93,Debit,Completed,,Loan Payment - LN2019120000454,False,,0.28,,Automated,Home Loan,standard_payment,False,loan_payment_generator,False,
TXNL202000002697,ACC0018237,IND19002780,LN2019120000458,LDO20200001497,3,2020-04-06,03:56:41,2751.58,Debit,Completed,,Loan Payment - LN2019120000458,False,,0.11,,Automated,Personal Loan,standard_payment,False,loan_payment_generator,False,
TXNL202000002698,ACC0017614,IND19003811,LN2019120000477,LDO20200001498,3,2020-04-04,02:52:09,1211.67,Debit,Completed,,Loan Payment - LN2019120000477,False,,1.56,,Automated,Personal Loan,standard_payment,False,loan_payment_generator,False,
TXNL202000002699,ACC0017876,IND19006146,LN2019120000478,LDO20200000056,3,2020-04-04,04:53:49,2721.52,Debit,Completed,,Loan Payment - LN2019120000478,False,,1.63,,Automated,Home Loan,standard_payment,False,loan_payment_generator,False,
TXNL202000002700,ACC0017209,IND19000760,LN2019120000479,LDO20200000691,4,2020-04-11,04:13:36,6029.62,Debit,Completed,,Loan Payment - LN2019120000479,False,,1.31,,Automated,Home Loan,standard_payment,False,loan_payment_generator,False,
TXNL202000002701,ACC0017605,IND19011936,LN2019120000489,LDO20200000304,4,2020-04-16,03:27:44,3670.27,Debit,Completed,,Loan Payment - LN2019120000489,False,,0.37,,Automated,Vehicle Loan,standard_payment,False,loan_payment_generator,False,
TXNL202000002702,ACC0018055,IND19012918,LN2019120000515,LDO20200001499,3,2020-04-07,04:35:10,1480.48,Debit,Completed,,Loan Payment - LN2019120000515 - Late Fee,False,,0.08,,Automated,Personal Loan,late_payment,False,loan_payment_generator,False,
TXNL202000002703,ACC0017902,IND19001134,LN2019120000517,LDO20200000692,4,2020-04-26,02:51:13,4154.83,Debit,Completed,,Loan Payment - LN2019120000517,False,,0.67,,Automated,Personal Loan,standard_payment,False,loan_payment_generator,False,
TXNL202000002704,ACC0018268,IND19012057,LN2019120000534,LDO20200001500,4,2020-04-18,04:03:50,4501.31,Debit,Completed,,Loan Payment - LN2019120000534,False,,1.56,,Automated,Vehicle Loan,standard_payment,False,loan_payment_generator,False,
TXNL202000002705,ACC0018211,IND19013390,LN2019120000543,LDO20200001501,4,2020-04-22,03:18:14,2109.65,Debit,Cancelled,customer_stop_instruction,Loan Payment - LN2019120000543,False,,1.63,,Automated,Personal Loan,standard_payment,False,loan_payment_generator,False,
TXNL202000002706,ACC0017685,IND19008907,LN2019120000551,LDO20200000693,3,2020-04-04,03:04:28,6582.76,Debit,Completed,,Loan Payment - LN2019120000551,False,,1.69,,Automated,Personal Loan,standard_payment,False,loan_payment_generator,False,
TXNL202000002707,ACC0017767,IND19005408,LN2019120000552,LDO20200000130,3,2020-04-01,03:05:33,446.12,Debit,Completed,,Loan Payment - LN20191200...,False,,1.59,,Automated,Home Loan,standard_payment,False,loan_payment_generator,True,truncated_description
TXNL202000002708,ACC0017693,IND19010524,LN2019120000566,LDO20200001502,4,2020-04-20,03:26:35,1956.55,Debit,Completed,,Loan Payment - LN2019120000566,False,,0.67,,Automated,Personal Loan,standard_payment,False,loan_payment_generator,False,
TXNL202000002709,ACC0018052,IND19011725,LN2019120000574,LDO20200001503,4,2020-04-18,04:27:52,2070.05,Debit,Completed,,Loan Payment - LN2019120000574,False,,0.37,,Automated,Vehicle Loan,standard_payment,False,loan_payment_generator,False,
TXNL202000002710,ACC0017835,IND19006727,LN2019120000576,LDO20200001504,3,2020-04-05,04:53:34,2315.14,Debit,Completed,,Loan Payment - LN2019120000576,False,,1.64,,Automated,Home Loan,standard_payment,False,loan_payment_generator,False,
TXNL202000002711,ACC0018143,IND19004466,LN2019120000583,LDO20200000131,4,2020-04-19,04:02:15,1245.25,Debit,Completed,,Loan Payment - LN2019120000583,False,,1.11,,Automated,Home Loan,standard_payment,False,loan_payment_generator,False,
TXNL202000002712,ACC0018319,IND19009350,LN2019120000597,LDO20200000694,3,2020-04-01,02:50:54,1056.75,Debit,Completed,,Loan Payment - LN2019120000597,False,,0.67,,Automated,Personal Loan,standard_payment,False,loan_payment_generator,False,
TXNL202000002713,ACC0017495,IND19001310,LN2019120000604,LDO20200001505,3,2020-04-08,04:27:50,737.65,Debit,Completed,,Loan Payment - LN2019120000604,False,,1.89,,Automated,Vehicle Loan,standard_payment,False,loan_payment_generator,False,
TXNL202000002714,ACC0018038,IND19009488,LN2019120000605,LDO20200001506,3,2020-04-04,04:07:52,1569.42,Debit,Completed,,Loan Payment - LN2019120000605,False,,0.24,,Automated,Personal Loan,standard_payment,False,loan_payment_generator,False,
TXNL202000002715,ACC0017761,IND19016050,LN2019120000606,LDO20200000695,4,2020-04-13,02:39:19,3357.39,Debit,Completed,,Loan Payment - LN2019120000606,False,,0.11,,Automated,Vehicle Loan,standard_payment,False,loan_payment_generator,False,
TXNL202000002716,ACC0017628,IND19016677,LN2019120000616,LDO20200000132,4,2020-04-18,02:53:46,3981.59,Debit,Completed,,Loan Payment - LN2019120000616,False,,0.71,,Automated,Home Loan,standard_payment,False,loan_payment_generator,False,
TXNL202000002717,ACC0017806,IND19012506,LN2019120000620,LDO20200001507,4,2020-04-18,02:32:44,6101.27,Debit,Completed,,Loan Payment - LN2019120000620,False,,0.32,,Automated,Personal Loan,standard_payment,False,loan_payment_generator,False,
TXNL202000002718,ACC0018332,COM19000105,LN2019120000624,LDO20200000305,3,2020-04-07,03:08:28,9463.95,Debit,Completed,,Loan Payment - LN2019120000624,False,,1.76,,Automated,Business Loan,standard_payment,False,loan_payment_generator,False,
TXNL202000002719,ACC0017580,IND19004330,LN2019120000627,LDO20200000306,4,2020-04-15,02:07:07,385.07,Debit,Completed,,Loan Payment - LN2019120000627,False,,0.71,,Automated,Personal Loan,standard_payment,False,loan_payment_generator,False,
TXNL202000002720,ACC0018221,IND19009920,LN2019120000633,LDO20200001508,4,2020-04-21,04:07:39,1034.72,Debit,Completed,,Loan Payment - LN2019120000633,False,,0.77,,Automated,Home Loan,standard_payment,False,loan_payment_generator,False,
TXNL202000002721,ACC0017419,IND19009432,LN2019120000635,LDO20200001509,3,2020-04-05,02:27:22,1812.31,Debit,Completed,,Loan Payment - LN2019120000635,False,,1.19,,Automated,Vehicle Loan,standard_payment,False,loan_payment_generator,False,
TXNL202000002722,ACC0018039,IND19003915,LN2019120000640,LDO20200000696,3,2020-04-03,03:59:17,6929.24,Debit,Completed,,Loan Payment - LN2019120000640,False,,1.77,,Automated,Home Loan,standard_payment,False,loan_payment_generator,False,
TXNL202000002723,ACC0018082,IND19008148,LN2019120000654,LDO20200001510,4,2020-04-21,02:37:50,2371.67,Debit,Completed,,Loan Payment - LN2019120000654,False,,0.91,,Automated,Home Loan,standard_payment,False,loan_payment_generator,False,
TXNL202000002724,ACC0017762,IND19016050,LN2019120000658,LDO20200001511,4,2020-04-29,03:42:44,1275.6,Debit,Completed,,Loan Payment - LN2019120000658,False,,1.37,,Automated,Home Loan,standard_payment,False,loan_payment_generator,False,
TXNL202000002725,ACC0017571,IND19014161,LN2019120000680,LDO20200000697,4,2020-04-25,02:37:42,4409.2,Debit,Completed,,Loan Payment - LN2019120000680,False,,0.27,,Automated,Personal Loan,standard_payment,False,loan_payment_generator,False,
TXNL202000002726,ACC0018270,IND19013156,LN2019120000681,LDO20200001512,4,2020-04-23,02:24:17,1473.78,Debit,Completed,,Loan Payment - LN2019120000681,False,,1.05,,Automated,Personal Loan,standard_payment,False,loan_payment_generator,False,
TXNL202000002727,ACC0018145,IND19011252,LN2019120000691,LDO20200000698,4,2020-04-29,02:29:13,2383.03,Debit,Completed,,Loan Payment - LN2019120000691 - Partial,False,,0.09,,Automated,Home Loan,partial_payment,False,loan_payment_generator,False,
TXNL202000002728,ACC0017477,IND19015557,LN2019120000694,LDO20200001513,4,2020-04-27,02:28:06,2350.14,Debit,Completed,,Loan Payment - LN2019120000694,False,,1.2,,Automated,Vehicle Loan,standard_payment,False,loan_payment_generator,False,
TXNL202000002729,ACC0017638,IND19006959,LN2019120000700,LDO20200001514,4,2020-04-17,04:36:41,856.9,Debit,Completed,,Loan Payment - LN2019120000700,False,,1.33,,Automated,Home Loan,standard_payment,False,loan_payment_generator,False,
TXNL202000002730,ACC0018003,IND19007768,LN2019120000702,LDO20200001515,4,2020-04-26,02:46:59,1563.27,Debit,Completed,,Loan Payment - LN2019120000702,False,,0.98,,Automated,Vehicle Loan,standard_payment,False,loan_payment_generator,False,
TXNL202000002731,ACC0018126,IND19002669,LN2019120000724,LDO20200000307,4,2020-04-15,03:00:44,3509.09,Debit,Completed,,Loan Payment - LN20191200...,False,,1.56,,Automated,Home Loan,standard_payment,False,loan_payment_generator,True,truncated_description
TXNL202000002732,ACC0017412,IND19004362,LN2019120000725,LDO20200001516,3,2020-04-06,03:14:19,8127.19,Debit,Completed,,Loan Payment - LN2019120000725,False,,1.18,,Automated,Personal Loan,standard_payment,False,loan_payment_generator,False,
TXNL202000002733,ACC0018041,IND19010103,LN2019120000732,LDO20200000057,4,2020-04-30,04:36:03,796.54,Debit,Completed,,Loan Payment - LN2019120000732,False,,1.58,,Automated,Home Loan,standard_payment,False,loan_payment_generator,False,
TXNL202000002734,ACC0017510,IND19006204,LN2019120000737,LDO20200001517,4,2020-04-23,02:52:16,3431.04,Debit,Completed,,Loan Payment - LN2019120000737,False,,1.07,,Automated,Personal Loan,standard_payment,False,loan_payment_generator,False,
TXNL202000002735,ACC0018026,IND19010519,LN2019120000751,LDO20200001518,3,2020-04-05,04:18:20,1385.16,Debit,Completed,,Loan Payment - LN2019120000751,False,,1.25,,Automated,Personal Loan,standard_payment,False,loan_payment_generator,False,
TXNL202000002736,ACC0017968,IND19002083,LN2019120000757,LDO20200001519,4,2020-04-25,03:24:59,5695.85,Debit,Completed,,Loan Payment - LN2019120000757,False,,0.02,,Automated,Personal Loan,standard_payment,False,loan_payment_generator,False,
TXNL202000002737,ACC0017367,IND19000270,LN2019120000772,LDO20200000308,4,2020-04-30,04:44:30,1680.33,Debit,Completed,,Loan Payment - LN2019120000772,False,,1.59,,Automated,Home Loan,standard_payment,False,loan_payment_generator,False,
TXNL202000002738,ACC0017310,IND19007739,LN2019120000774,LDO20200001520,4,2020-04-22,02:57:41,1915.76,Debit,Completed,,Loan Payment - LN2019120000774 - Late Fee,False,,0.47,,Automated,Personal Loan,late_payment,False,loan_payment_generator,False,
TXNL202000002739,ACC0017283,IND19005235,LN2019120000795,LDO20200000309,4,2020-04-27,03:42:21,2175.67,Debit,Completed,,Loan Payment - LN2019120000795,False,,1.97,,Automated,Home Loan,standard_payment,False,loan_payment_generator,False,
TXNL202000002740,ACC0018266,IND19011021,LN2019120000798,LDO20200001521,4,2020-04-23,02:05:23,3129.52,Debit,Completed,,Loan Payment - LN2019120000798,False,,0.32,,Automated,Home Loan,standard_payment,False,loan_payment_generator,False,
TXNL202000002741,ACC0017557,IND19012679,LN2019120000812,LDO20200000310,4,2020-04-29,02:40:55,2106.73,Debit,Completed,,Loan Payment - LN20191200...,False,,2.0,,Automated,Personal Loan,standard_payment,False,loan_payment_generator,True,truncated_description
TXNL202000002742,ACC0017898,IND19003539,LN2019120000818,LDO20200001522,4,2020-04-22,04:19:30,5057.96,Debit,Completed,,Loan Payment - LN2019120000818,False,,1.03,,Automated,Home Loan,standard_payment,False,loan_payment_generator,False,
TXNL202000002743,ACC0017212,IND19012583,LN2019120000824,LDO20200001523,4,2020-04-21,04:59:50,4852.86,Debit,Completed,,Loan Payment - LN2019120000824,False,,0.38,,Automated,Home Loan,standard_payment,False,loan_payment_generator,False,
TXNL202000002744,ACC0017752,IND19010156,LN2019120000834,LDO20200000133,4,2020-04-22,04:23:48,3238.21,Debit,Completed,,Loan Payment - LN2019120000834,False,,1.82,,Automated,Home Loan,standard_payment,False,loan_payment_generator,False,
TXNL202000002745,ACC0018333,COM19000105,LN2019120000837,LDO20200001524,4,2020-04-21,03:22:44,7107.59,Debit,Completed,,Loan Payment - LN2019120000837,False,,0.12,,Automated,Business Loan,standard_payment,False,loan_payment_generator,False,
TXNL202000002746,ACC0017864,IND19000254,LN2019120000846,LDO20200001525,4,2020-04-27,02:47:48,2405.67,Debit,Completed,,Loan Payment - LN2019120000846,False,,0.98,,Automated,Home Loan,standard_payment,False,loan_payment_generator,False,
TXNL202000002747,ACC0017599,IND19003854,LN2019120000847,LDO20200000699,4,2020-04-15,04:56:47,1389.16,Debit,Completed,,Loan Payment - LN2019120000847 - Partial,False,,0.89,,Automated,Vehicle Loan,partial_payment,False,loan_payment_generator,False,
TXNL202000002748,ACC0017620,IND19007839,LN2019120000869,LDO20200000700,4,2020-04-19,04:27:22,1206.27,Debit,Completed,,Loan Payment - LN2019120000869 - Late Fee,False,,0.38,,Automated,Personal Loan,late_payment,False,loan_payment_generator,False,
TXNL202000002749,ACC0017387,IND19009637,LN2019120000882,LDO20200001526,4,2020-04-22,04:17:25,469.44,Debit,Completed,,Loan Payment - LN2019120000882,False,,0.93,,Automated,Home Loan,standard_payment,False,loan_payment_generator,False,
TXNL202000002750,ACC0017617,IND19007540,LN2019120000887,LDO20200000311,3,2020-04-10,03:57:39,3218.84,Debit,Completed,,Loan Payment - LN2019120000887 - Late Fee,False,,1.33,,Automated,Home Loan,late_payment,False,loan_payment_generator,False,
TXNL202000002751,ACC0018191,IND19007418,LN2019120000892,LDO20200000312,4,2020-04-18,04:31:22,753.61,Debit,Completed,,Loan Payment - LN2019120000892,False,,1.13,,Automated,Home Loan,standard_payment,False,loan_payment_generator,False,
TXNL202000002752,ACC0017494,IND19008408,LN2019120000893,LDO20200000313,4,2020-04-18,03:25:29,2075.38,Debit,Completed,,Loan Payment - LN2019120000893,False,,1.97,,Automated,Personal Loan,standard_payment,False,loan_payment_generator,False,
TXNL202000002753,ACC0017356,IND19012559,LN2019120000898,LDO20200000701,3,2020-04-05,03:23:43,7443.76,Debit,Completed,,Loan Payment - LN2019120000898 - Extra Principal,False,,0.59,,Automated,Personal Loan,extra_payment,False,loan_payment_generator,False,
TXNL202000002754,ACC0017226,IND19016642,LN2019120000905,LDO20200001527,4,2020-04-23,03:12:57,4868.94,Debit,Completed,,Loan Payment - LN20191200...,False,,1.91,,Automated,Home Loan,standard_payment,False,loan_payment_generator,True,truncated_description
TXNL202000002755,ACC0018313,IND19011708,LN2019120000908,LDO20200000314,4,2020-04-13,02:42:46,4826.81,Debit,Completed,,Loan Payment - LN2019120000908,False,,0.56,,Automated,Home Loan,standard_payment,False,loan_payment_generator,False,
TXNL202000002756,ACC0017737,IND19003161,LN2019120000910,LDO20200001528,4,2020-04-25,02:58:39,8687.46,Debit,Completed,,Loan Payment - LN2019120000910,False,,0.67,,Automated,Personal Loan,standard_payment,False,loan_payment_generator,False,
TXNL202000002757,ACC0017210,IND19014389,LN2019120000914,LDO20200000702,4,2020-04-30,02:05:37,3504.07,Debit,Completed,,Loan Payment - LN2019120000914,False,,1.62,,Automated,Home Loan,standard_payment,False,loan_payment_generator,False,
TXNL202000002758,ACC0018174,IND19008032,LN2019120000916,LDO20200000134,3,2020-04-05,03:38:23,4650.6,Debit,Completed,,Loan Payment - LN2019120000916,False,,0.33,,Automated,Home Loan,standard_payment,False,loan_payment_generator,False,
TXNL202000002759,ACC0017589,IND19012454,LN2019120000933,LDO20200000703,4,2020-04-14,02:59:01,1423.1,Debit,Failed,insufficient_funds,Loan Payment - LN2019120000933,False,,0.69,,Automated,Home Loan,standard_payment,False,loan_payment_generator,False,
TXNL202000002760,ACC0018267,IND19016700,LN2019120000937,LDO20200001529,4,2020-04-18,02:44:48,6419.58,Debit,Completed,,Loan Payment - LN2019120000937,False,,0.01,,Automated,Personal Loan,standard_payment,False,loan_payment_generator,False,
TXNL202000002761,ACC0018235,IND19012223,LN2019120000942,LDO20200001530,3,2020-04-06,02:45:00,1842.75,Debit,Completed,,Loan Payment - LN2019120000942,False,,1.56,,Automated,Home Loan,standard_payment,False,loan_payment_generator,False,
TXNL202000002762,ACC0017475,IND19007484,LN2019120000945,LDO20200000704,4,2020-04-21,03:24:54,2711.84,Debit,Completed,,Loan Payment - LN2019120000945,False,,1.23,,Automated,Home Loan,standard_payment,False,loan_payment_generator,False,
TXNL202000002763,ACC0017645,IND19007865,LN2019120000947,LDO20200000705,3,2020-04-01,03:39:47,2127.63,Debit,Completed,,Loan Payment - LN2019120000947,False,,0.74,,Automated,Home Loan,standard_payment,False,loan_payment_generator,False,
TXNL202000002764,ACC0017851,IND19008887,LN2019120000959,LDO20200001531,3,2020-04-01,03:56:58,682.51,Debit,Completed,,Loan Payment - LN2019120000959,False,,0.2,,Automated,Home Loan,standard_payment,False,loan_payment_generator,False,
TXNL202000002765,ACC0018279,IND19009978,LN2019120000961,LDO20200000706,4,2020-04-24,04:57:23,797.39,Debit,Completed,,Loan Payment - LN2019120000961,False,,1.3,,Automated,Personal Loan,standard_payment,False,loan_payment_generator,False,
TXNL202000002766,ACC0018236,IND19012603,LN2019120000965,LDO20200001532,4,2020-04-27,03:43:10,480.62,Debit,Completed,,Loan Payment - LN2019120000965,False,,1.62,,Automated,Home Loan,standard_payment,False,loan_payment_generator,False,
TXNL202000002767,ACC0018190,IND19012777,LN2019120000971,LDO20200001533,4,2020-04-16,02:39:53,3777.4,Debit,Completed,,Loan Payment - LN2019120000971,False,,1.49,,Automated,Personal Loan,standard_payment,False,loan_payment_generator,False,
TXNL202000002768,ACC0017668,IND19006436,LN2019120000977,LDO20200001534,4,2020-04-29,02:01:58,4269.2,Debit,Completed,,Loan Payment - LN2019120000977,False,,0.95,,Automated,Home Loan,standard_payment,False,loan_payment_generator,False,
TXNL202000002769,ACC0017626,IND19001337,LN2019120000982,LDO20200000315,4,2020-04-20,03:30:25,3866.19,Debit,Completed,,Loan Payment - LN2019120000982,False,,1.9,,Automated,Home Loan,standard_payment,False,loan_payment_generator,False,
TXNL202000002770,ACC0017197,IND19005988,LN2019120000993,LDO20200000135,4,2020-04-15,04:35:26,1571.33,Debit,Completed,,Loan Payment - LN2019120000993,False,,1.19,,Automated,Vehicle Loan,standard_payment,False,loan_payment_generator,False,
TXNL202000002771,ACC0018275,IND19008358,LN2019120000996,LDO20200001535,4,2020-04-18,04:44:56,2485.25,Debit,Completed,,Loan Payment - LN2019120000996,False,,0.64,,Automated,Home Loan,standard_payment,False,loan_payment_generator,False,
TXNL202000002772,ACC0017713,IND19007200,LN2019120001003,LDO20200001536,4,2020-04-14,02:52:32,1132.82,Debit,Cancelled,customer_stop_instruction,Loan Payment - LN2019120001003,False,,1.2,,Automated,Vehicle Loan,standard_payment,False,loan_payment_generator,False,
TXNL202000002773,ACC0017300,IND19000408,LN2019120001006,LDO20200001537,4,2020-04-30,04:52:30,3525.76,Debit,Completed,,Loan Payment - LN2019120001006,False,,0.51,,Automated,Home Loan,standard_payment,False,loan_payment_generator,False,
TXNL202000002774,ACC0017819,IND19010967,LN2019120001017,LDO20200001538,3,2020-04-04,04:26:37,1990.59,Debit,Completed,,Loan Payment - LN2019120001017 - Late Fee,False,,0.15,,Automated,Home Loan,late_payment,False,loan_payment_generator,False,
TXNL202000002775,ACC0017920,IND19007686,LN2019120001020,LDO20200000707,3,2020-04-02,02:46:14,655.6,Debit,Completed,,Loan Payment - LN2019120001020,False,,1.03,,Automated,Home Loan,standard_payment,False,loan_payment_generator,False,
TXNL202000002776,ACC0017763,IND19007695,LN2019120001025,LDO20200000136,3,2020-04-04,03:07:57,3858.22,Debit,Completed,,Loan Payment - LN2019120001025,False,,0.31,,Automated,Personal Loan,standard_payment,False,loan_payment_generator,False,
TXNL202000002777,ACC0017649,IND19002598,LN2019120001034,LDO20200001539,4,2020-04-27,02:02:02,2081.11,Debit,Completed,,Loan Payment - LN2019120001034,False,,1.31,,Automated,Personal Loan,standard_payment,False,loan_payment_generator,False,
TXNL202000002778,ACC0018084,IND19002754,LN2019120001043,LDO20200000316,4,2020-04-26,02:34:52,1306.58,Debit,Completed,,Loan Payment - LN2019120001043,False,,0.95,,Automated,Personal Loan,standard_payment,False,loan_payment_generator,False,
TXNL202000002779,ACC0018222,IND19003116,LN2019120001059,LDO20200001540,4,2020-04-27,04:24:22,10422.39,Debit,Completed,,Loan Payment - LN2019120001059 - Extra Principal,False,,1.56,,Automated,Vehicle Loan,extra_payment,False,loan_payment_generator,False,
TXNL202000002780,ACC0017331,IND19000388,LN2019120001069,LDO20200001541,3,2020-04-09,02:09:40,1885.13,Debit,Completed,,Loan Payment - LN2019120001069,False,,0.64,,Automated,Home Loan,standard_payment,False,loan_payment_generator,False,
TXNL202000002781,ACC0018281,IND19003543,LN2019120001075,LDO20200000708,3,2020-04-02,04:30:42,2654.67,Debit,Completed,,Loan Payment - LN2019120001075,False,,0.0,,Automated,Personal Loan,standard_payment,False,loan_payment_generator,False,
TXNL202000002782,ACC0018322,COM19000207,LN2019120001076,LDO20200000137,4,2020-04-26,04:10:13,74430.44,Debit,Completed,,Loan Payment - LN2019120001076,False,,0.63,,Automated,Business Loan,standard_payment,False,loan_payment_generator,False,
TXNL202000002783,ACC0018030,IND19004347,LN2019120001078,LDO20200001542,4,2020-04-21,02:23:48,3132.23,Debit,Completed,,Loan Payment - LN2019120001078,False,,1.88,,Automated,Personal Loan,standard_payment,False,loan_payment_generator,False,
TXNL202000002784,ACC0017393,IND19005933,LN2019120001080,LDO20200001543,4,2020-04-10,03:31:27,6749.42,Debit,Completed,,Loan Payment - LN2019120001080,False,,0.42,,Automated,Personal Loan,standard_payment,False,loan_payment_generator,False,
TXNL202000001173,ACC0007086,IND19001913,LN2019050000596,LDO20200000666,11,2020-04-18,03:24:12,5271.24,Debit,Completed,,Loan Payment - LN2019050000596,False,,0.73,,Automated,Personal Loan,standard_payment,False,loan_payment_generator,True,duplicate_transaction_id
