transaction_id,account_id,customer_id,loan_id,debit_order_id,installment_number,transaction_date,transaction_time,amount,debit_credit,status,failure_reason,description,immediate_payment,receiving_account,transaction_cost,ewallet_number,channel,loan_type,payment_type,is_recovery_attempt,source_system,has_data_error,data_error_types
TXNL202000000001,ACC0001282,IND19007129,LN2019010000002,,17,2020-06-14,03:29:15,1672.38,Debit,Failed,insufficient_funds,Loan Payment - LN2019010000002 - Late Fee,False,,2.5,,Online,Home Loan,late_payment,False,loan_payment_generator,False,
TXNL202000000002,ACC0000071,IND19001466,LN2019010000009,LDO20200000001,17,2020-06-30,04:02:39,2024.12,Debit,Completed,,Loan Payment - LN2019010000009,False,,0.92,,Automated,Home Loan,standard_payment,False,loan_payment_generator,False,
TXNL202000000003,ACC0001490,IND19011784,LN2019010000010,LDO20200000001,17,2020-06-23,02:36:52,2454.22,Debit,Completed,,Loan Payment - LN2019010000010,False,,0.48,,Automated,Home Loan,standard_payment,False,loan_payment_generator,False,
TXNL202000000004,ACC0000278,IND19005139,LN2019010000015,LDO20200000001,17,2020-06-29,04:27:24,2472.86,Debit,Completed,,Loan Payment - LN2019010000015,False,,1.69,,Automated,Vehicle Loan,standard_payment,False,loan_payment_generator,False,
TXNL202000000005,ACC0000597,IND19000749,LN2019010000017,LDO20200000002,17,2020-06-22,04:28:54,1458.14,Debit,Completed,,Loan Payment - LN2019010000017,False,,0.58,,Automated,Home Loan,standard_payment,False,loan_payment_generator,False,
TXNL202000000006,ACC0000731,IND19012784,LN2019010000018,LDO20200000001,17,2020-06-30,04:15:35,4603.72,Debit,Completed,,Loan Payment - LN2019010000018,False,,1.83,,Automated,Home Loan,standard_payment,False,loan_payment_generator,False,
TXNL202000000007,ACC0000999,IND19000704,LN2019010000021,LDO20200000003,17,2020-06-30,02:32:06,1106.27,Debit,Completed,,Loan Payment - LN2019010000021,False,,1.8,,Automated,Home Loan,standard_payment,False,loan_payment_generator,False,
TXNL202000000008,ACC0000362,IND19010400,LN2019010000034,LDO20200000002,17,2020-06-20,03:54:45,927.56,Debit,Completed,,Loan Payment - LN2019010000034 - Partial,False,,1.12,,Automated,Home Loan,partial_payment,False,loan_payment_generator,False,
TXNL202000000009,ACC0000761,IND19003341,LN2019010000037,LDO20200000004,16,2020-06-10,03:55:51,1929.69,Debit,Completed,,Loan Payment - LN2019010000037,False,,1.74,,Automated,Home Loan,standard_payment,False,loan_payment_generator,False,
TXNL202000000010,ACC0000661,IND19013332,LN2019010000040,LDO20200000005,17,2020-06-25,03:22:01,3565.48,Debit,Completed,,Loan Payment - LN2019010000040,False,,0.16,,Automated,Personal Loan,standard_payment,False,loan_payment_generator,False,
TXNL202000000011,ACC0000361,IND19010400,LN2019010000048,LDO20200000006,17,2020-06-30,04:48:38,990.52,Debit,Completed,,Loan Payment - LN2019010000048,False,,1.66,,Automated,Personal Loan,standard_payment,False,loan_payment_generator,False,
TXNL202000000012,ACC0000305,IND19009608,LN2019010000064,LDO20200000001,17,2020-06-15,03:42:16,2594.15,Debit,Completed,,Loan Payment - LN2019010000064,False,,0.8,,Automated,Personal Loan,standard_payment,False,loan_payment_generator,False,
TXNL202000000013,ACC0000093,IND19006568,LN2019010000071,LDO20200000003,17,2020-06-13,03:57:38,1850.78,Debit,Completed,,Loan Payment - LN2019010000071,False,,0.63,,Automated,Home Loan,standard_payment,False,loan_payment_generator,False,
TXNL202000000014,ACC0000412,IND19013952,LN2019010000075,LDO20200000007,17,2020-06-30,04:01:25,3629.72,Debit,Completed,,Loan Payment - LN2019010000075,False,,0.45,,Automated,Vehicle Loan,standard_payment,False,loan_payment_generator,False,
TXNL202000000015,ACC0000227,IND19010979,LN2019010000078,LDO20200000008,17,2020-06-13,04:28:22,686.25,Debit,Completed,,Loan Payment - LN2019010000078,False,,1.02,,Automated,Vehicle Loan,standard_payment,False,loan_payment_generator,False,
TXNL202000000016,ACC0000895,IND19014589,LN2019010000089,LDO20200000002,17,2020-06-30,03:01:00,1496.91,Debit,Completed,,Loan Payment - LN2019010000089,False,,1.71,,Automated,Vehicle Loan,standard_payment,False,loan_payment_generator,False,
TXNL202000000017,ACC0000190,IND19004840,LN2019010000090,LDO20200000009,16,2020-06-04,02:12:06,3687.01,Debit,Completed,,Loan Payment - LN2019010000090 - Late Fee,False,,0.78,,Automated,Personal Loan,late_payment,False,loan_payment_generator,False,
TXNL202000000018,ACC0001439,IND19009694,LN2019010000095,LDO20200000010,17,2020-06-18,03:15:00,1221.56,Debit,Completed,,Loan Payment - LN2019010000095,False,,0.33,,Automated,Vehicle Loan,standard_payment,False,loan_payment_generator,False,
TXNL202000000019,ACC0000263,IND19010479,LN2019010000097,LDO20200000011,17,2020-06-14,01:15:44,5630.01,Debit,Completed,,Loan Payment - LN2019010000097,False,,1.25,,Automated,Home Loan,standard_payment,False,loan_payment_generator,True,timestamp_shift
TXNL202000000020,ACC0000410,IND19006375,LN2019010000101,LDO20200000012,17,2020-06-22,03:24:12,907.14,Debit,Completed,,Loan Payment - LN2019010000101,False,,1.07,,Automated,Home Loan,standard_payment,False,loan_payment_generator,False,
TXNL202000000021,ACC0000187,IND19005404,LN2019010000103,LDO20200000013,17,2020-06-29,04:14:42,1397.88,Debit,Completed,,Loan Payment - LN2019010000103,False,,0.97,,Automated,Home Loan,standard_payment,False,loan_payment_generator,False,
TXNL202000000022,ACC0000901,IND19009242,LN2019010000104,LDO20200000005,17,2020-06-28,03:31:34,2070.51,Debit,Failed,insufficient_funds,Loan Payment - LN2019010000104,False,,1.42,,Automated,Personal Loan,standard_payment,False,loan_payment_generator,False,
TXNL202000000023,ACC0000365,IND19005374,LN2019010000112,LDO20200000006,17,2020-06-20,04:58:35,9972.6,Debit,Failed,bank_timeout,Loan Payment - LN2019010000112 - Late Fee,False,,1.45,,Automated,Home Loan,late_payment,False,loan_payment_generator,False,
TXNL202000000024,ACC0000066,IND19000708,LN2019010000114,LDO20200000014,17,2020-06-24,03:51:39,3062.01,Debit,Completed,,Loan Payment - LN2019010000114,False,,1.06,,Automated,Vehicle Loan,standard_payment,False,loan_payment_generator,False,
TXNL202000000025,ACC0000041,IND19003405,LN2019010000118,LDO20200000001,17,2020-06-11,03:56:26,1317.23,Debit,Completed,,Loan Payment - LN2019010000118,False,,0.88,,Automated,Vehicle Loan,standard_payment,False,loan_payment_generator,False,
TXNL202000000026,ACC0000146,IND19003418,LN2019010000122,LDO20200000003,16,2020-06-04,03:35:13,1173.8,Debit,Completed,,Loan Payment - LN2019010000122,False,,0.58,,Automated,Personal Loan,standard_payment,False,loan_payment_generator,False,
TXNL202000000027,ACC0000812,IND19000596,LN2019010000123,LDO20200000015,16,2020-06-08,04:35:30,3065.36,Debit,Completed,,Loan Payment - LN2019010000123,False,,1.7,,Automated,Home Loan,standard_payment,False,loan_payment_generator,False,
TXNL202000000028,ACC0000726,IND19012497,LN2019010000124,LDO20200000007,17,2020-06-13,03:26:44,371.99,Debit,Failed,bank_timeout,Loan Payment - LN2019010000124,False,,0.65,,Automated,Home Loan,standard_payment,False,loan_payment_generator,True,status_inconsistency
TXNL202000000029,ACC0000959,IND19007081,LN2019010000129,LDO20200000016,17,2020-06-14,03:58:01,1082.28,Debit,Completed,,Loan Payment - LN2019010000129,False,,0.53,,Automated,Vehicle Loan,standard_payment,False,loan_payment_generator,False,
TXNL202000000030,ACC0000635,IND19017267,LN2019010000138,LDO20200000008,16,2020-06-03,03:33:00,5989.53,Debit,Completed,,Loan Payment - LN2019010000138,False,,0.11,,Automated,Vehicle Loan,standard_payment,False,loan_payment_generator,False,
TXNL202000000031,ACC0000642,IND19009914,LN2019010000142,LDO20200000017,17,2020-06-24,03:28:08,740.28,Debit,Completed,,Loan Payment - LN2019010000142,False,,1.48,,Automated,Vehicle Loan,standard_payment,False,loan_payment_generator,False,
TXNL202000000032,ACC0001601,IND19014936,LN2019010000149,LDO20200000018,17,2020-06-13,04:28:50,1342.76,Debit,Completed,,Loan Payment - LN2019010000149,False,,1.79,,Automated,Vehicle Loan,standard_payment,False,loan_payment_generator,False,
TXNL202000000033,ACC0000615,IND19010153,LN2019010000152,LDO20200000019,17,2020-06-20,04:45:46,3016.9,Debit,Completed,,Loan Payment - LN2019010000152,False,,1.51,,Automated,Home Loan,standard_payment,False,loan_payment_generator,False,
TXNL202000000034,ACC0001661,COM19000313,LN2019010000156,LDO20200000020,17,2020-06-14,04:56:21,4855.01,Debit,Completed,,Loan Payment - LN2019010000156,False,,1.52,,Automated,Business Loan,standard_payment,False,loan_payment_generator,False,
TXNL202000000035,ACC0000626,IND19000516,LN2019010000160,LDO20200000002,17,2020-06-27,04:14:36,2189.1,Debit,Completed,,Loan Payment - LN2019010000160,False,,0.97,,Automated,Home Loan,standard_payment,False,loan_payment_generator,False,
TXNL202000000036,ACC0001092,IND19002621,LN2019010000162,LDO20200000021,17,2020-06-27,04:51:10,1579.38,Debit,Completed,,Loan Payment - LN2019010000162,False,,0.82,,Automated,Vehicle Loan,standard_payment,False,loan_payment_generator,False,
TXNL202000000037,ACC0001482,IND19001446,LN2019010000169,LDO20200000022,17,2020-06-26,04:59:58,1384.01,Debit,Completed,,Loan Payment - LN2019010000169,False,,0.36,,Automated,Vehicle Loan,standard_payment,False,loan_payment_generator,False,
TXNL202000000038,ACC0000544,IND19004718,LN2019010000182,LDO20200000009,17,2020-06-22,04:21:49,3538.33,Debit,Completed,,Loan Payment - LN2019010000182,False,,0.91,,Automated,Vehicle Loan,standard_payment,False,loan_payment_generator,False,
TXNL202000000039,ACC0001221,IND19011832,LN2019010000190,LDO20200000023,17,2020-06-15,02:00:38,5061.94,Debit,Completed,,Loan Payment - LN2019010000190,False,,0.22,,Automated,Home Loan,standard_payment,False,loan_payment_generator,False,
TXNL202000000040,ACC0000233,IND19001157,LN2019010000192,LDO20200000004,17,2020-06-16,02:53:27,3022.14,Debit,Completed,,Loan Payment - LN2019010000192,False,,1.19,,Automated,Vehicle Loan,standard_payment,False,loan_payment_generator,False,
TXNL202000000041,ACC0000224,IND19008065,LN2019010000206,LDO20200000010,17,2020-06-14,02:57:15,1575.25,Debit,Completed,,Loan Payment - LN2019010000206,False,,1.27,,Automated,Vehicle Loan,standard_payment,False,loan_payment_generator,False,
TXNL202000000042,ACC0001568,IND19016231,LN2019010000212,LDO20200000011,17,2020-06-30,04:38:22,2892.9,Debit,Completed,,Loan Payment - LN2019010000212,False,,0.29,,Automated,Personal Loan,standard_payment,False,loan_payment_generator,False,
TXNL202000000043,ACC0000708,IND19015529,LN2019010000217,LDO20200000012,17,2020-06-27,02:32:44,1520.07,Debit,Completed,,Loan Payment - LN2019010000217,False,,0.34,,Automated,Home Loan,standard_payment,False,loan_payment_generator,False,
TXNL202000000044,ACC0001510,IND19016623,LN2019010000221,LDO20200000013,17,2020-06-19,04:16:24,4093.97,Debit,Completed,,Loan Payment - LN2019010000221,False,,0.59,,Automated,Home Loan,standard_payment,False,loan_payment_generator,False,
TXNL202000000045,ACC0000091,IND19012355,LN2019010000228,LDO20200000005,17,2020-06-18,03:21:25,2454.25,Debit,Completed,,Loan Payment - LN2019010000228,False,,1.19,,Automated,Vehicle Loan,standard_payment,False,loan_payment_generator,False,
TXNL202000000046,ACC0001340,IND19008807,LN2019010000234,LDO20200000006,17,2020-06-30,03:18:18,1707.41,Debit,Completed,,Loan Payment - LN2019010000234,False,,0.35,,Automated,Vehicle Loan,standard_payment,False,loan_payment_generator,False,
TXNL202000000047,ACC0001373,IND19006253,LN2019010000235,LDO20200000024,17,2020-06-26,04:19:00,4531.03,Debit,Completed,,Loan Payment - LN2019010000235,False,,1.33,,Automated,Vehicle Loan,standard_payment,False,loan_payment_generator,False,
TXNL202000000048,ACC0001291,IND19005742,LN2019010000238,LDO20200000014,17,2020-06-17,03:04:23,1155.73,Debit,Completed,,Loan Payment - LN2019010000238,False,,1.51,,Automated,Home Loan,standard_payment,False,loan_payment_generator,False,
TXNL202000000049,ACC0000295,IND19012061,LN2019010000258,LDO20200000001,17,2020-06-17,02:14:35,1803.51,Debit,Completed,,Loan Payment - LN2019010000258,False,,0.57,,Automated,Home Loan,standard_payment,False,loan_payment_generator,False,
TXNL202000000050,ACC0000166,IND19004971,LN2019010000260,LDO20200000025,17,2020-06-30,02:10:24,1481.13,Debit,Completed,,Loan Payment - LN2019010000260,False,,0.63,,Automated,Personal Loan,standard_payment,False,loan_payment_generator,False,
TXNL202000000051,ACC0000030,IND19010515,LN2019010000266,LDO20200000003,17,2020-06-25,02:02:32,1516.71,Debit,Completed,,Loan Payment - LN2019010000266,False,,0.33,,Automated,Home Loan,standard_payment,False,loan_payment_generator,False,
TXNL202000000052,ACC0000717,IND19015259,LN2019010000274,LDO20200000015,16,2020-06-10,03:00:23,916.67,Debit,Completed,,Loan Payment - LN2019010000274,False,,0.67,,Automated,Home Loan,standard_payment,False,loan_payment_generator,False,
TXNL202000000053,ACC0001416,IND19002948,LN2019010000279,LDO20200000007,17,2020-06-10,03:42:43,4691.89,Debit,Completed,,Loan Payment - LN2019010000279,False,,1.59,,Automated,Personal Loan,standard_payment,False,loan_payment_generator,False,
TXNL202000000054,ACC0000115,IND19013155,LN2019010000284,LDO20200000026,17,2020-06-27,04:21:11,1427.41,Debit,Completed,,Loan Payment - LN2019010000284,False,,0.16,,Automated,Home Loan,standard_payment,False,loan_payment_generator,False,
TXNL202000000055,ACC0001420,IND19005575,LN2019010000292,LDO20200000027,17,2020-06-15,04:47:27,17242.21,Debit,Completed,,Loan Payment - LN2019010000292,False,,0.5,,Automated,Personal Loan,standard_payment,False,loan_payment_generator,False,
TXNL202000000056,ACC0001436,IND19002442,LN2019010000293,LDO20200000028,17,2020-06-27,03:55:01,10757.66,Debit,Completed,,Loan Payment - LN2019010000293,False,,1.48,,Automated,Personal Loan,standard_payment,False,loan_payment_generator,False,
TXNL202000000057,ACC0000701,IND19016305,LN2019010000299,LDO20200000016,17,2020-06-14,02:16:14,2803.82,Debit,Completed,,Loan Payment - LN2019010000299,False,,1.5,,Automated,Personal Loan,standard_payment,False,loan_payment_generator,False,
TXNL202000000058,ACC0001255,IND19002467,LN2019010000300,LDO20200000008,17,2020-06-18,03:39:21,2816.5,Debit,Completed,,Loan Payment - LN2019010000300,False,,0.46,,Automated,Personal Loan,standard_payment,False,loan_payment_generator,False,
TXNL202000000059,ACC0000938,IND19013886,LN2019010000306,LDO20200000017,17,2020-06-27,03:38:06,2472.35,Debit,Completed,,Loan Payment - LN2019010000306,False,,1.18,,Automated,Personal Loan,standard_payment,False,loan_payment_generator,False,
TXNL202000000060,ACC0000656,IND19013092,LN2019010000312,LDO20200000029,17,2020-06-11,03:28:58,2556.29,Debit,Completed,,Loan Payment - LN2019010000312,False,,1.48,,Automated,Home Loan,standard_payment,False,loan_payment_generator,False,
TXNL202000000061,ACC0000695,IND19002767,LN2019010000321,LDO20200000030,16,2020-06-02,02:49:01,2580.81,Debit,Completed,,Loan Payment - LN2019010000321,False,,0.79,,Automated,Personal Loan,standard_payment,False,loan_payment_generator,False,
TXNL202000000062,ACC0000456,IND19006712,LN2019010000324,LDO20200000031,17,2020-06-28,04:46:36,577.1,Debit,Completed,,Loan Payment - LN2019010000324,False,,0.75,,Automated,Home Loan,standard_payment,False,loan_payment_generator,False,
TXNL202000000063,ACC0001167,IND19004585,LN2019010000343,LDO20200000032,17,2020-06-29,04:50:19,2426.09,Debit,Completed,,Loan Payment - LN2019010000343,False,,1.51,,Automated,Home Loan,standard_payment,False,loan_payment_generator,False,
TXNL202000000064,ACC0000213,IND19003541,LN2019010000347,LDO20200000018,17,2020-06-11,02:51:06,1164.39,Debit,Completed,,Loan Payment - LN2019010000347,False,,1.48,,Automated,Vehicle Loan,standard_payment,False,loan_payment_generator,False,
TXNL202000000065,ACC0000060,IND19004334,LN2019010000350,LDO20200000019,17,2020-06-14,02:21:43,1643.06,Debit,Completed,,Loan Payment - LN2019010000350,False,,0.24,,Automated,Home Loan,standard_payment,False,loan_payment_generator,False,
TXNL202000000066,ACC0000646,IND19017126,LN2019010000351,LDO20200000020,16,2020-06-07,03:01:54,6034.41,Debit,Completed,,Loan Payment - LN20190100...,False,,1.78,,Automated,Personal Loan,standard_payment,False,loan_payment_generator,True,truncated_description
TXNL202000000067,ACC0000457,IND19014286,LN2019010000356,LDO20200000033,16,2020-06-04,03:24:39,1686.44,Debit,Completed,,Loan Payment - LN2019010000356,False,,1.73,,Automated,Home Loan,standard_payment,False,loan_payment_generator,False,
TXNL202000000068,ACC0001358,IND19015137,LN2019010000368,LDO20200000002,17,2020-06-17,04:12:32,906.4,Debit,Completed,,Loan Payment - LN2019010000368,False,,1.11,,Automated,Home Loan,standard_payment,False,loan_payment_generator,False,
TXNL202000000069,ACC0000551,IND19010018,LN2019010000378,LDO20200000021,16,2020-06-04,02:26:49,4462.51,Debit,Completed,,Loan Payment - LN2019010000378,False,,1.34,,Automated,Home Loan,standard_payment,False,loan_payment_generator,False,
TXNL202000000070,ACC0000417,IND19009850,LN2019010000380,LDO20200000034,16,2020-06-04,03:03:17,6671.0,Debit,Completed,,Loan Payment - LN2019010000380,False,,0.13,,Automated,Vehicle Loan,standard_payment,False,loan_payment_generator,False,
TXNL202000000071,ACC0000732,IND19013668,LN2019010000386,LDO20200000022,17,2020-06-16,03:33:57,5822.18,Debit,Completed,,Loan Payment - LN20190100...,False,,1.97,,Automated,Home Loan,standard_payment,False,loan_payment_generator,True,truncated_description
TXNL202000000072,ACC0000333,IND19016196,LN2019010000387,LDO20200000035,16,2020-06-04,04:22:41,4638.5,Debit,Completed,,Loan Payment - LN2019010000387 - Late Fee,False,,1.64,,Automated,Vehicle Loan,late_payment,False,loan_payment_generator,False,
TXNL202000000073,ACC0001449,IND19011707,LN2019010000388,LDO20200000036,17,2020-06-15,02:35:11,3506.91,Debit,Completed,,Loan Payment - LN2019010000388,False,,1.44,,Automated,Home Loan,standard_payment,False,loan_payment_generator,False,
TXNL202000000074,ACC0001041,IND19014771,LN2019010000390,LDO20200000037,16,2020-06-09,04:17:06,2202.53,Debit,Completed,,Loan Payment - LN2019010000390,False,,0.09,,Automated,Home Loan,standard_payment,False,loan_payment_generator,False,
TXNL202000000075,ACC0001571,IND19015093,LN2019010000404,LDO20200000038,17,2020-06-20,03:32:41,3640.07,Debit,Completed,,Loan Payment - LN2019010000404,False,,1.14,,Automated,Vehicle Loan,standard_payment,False,loan_payment_generator,False,
TXNL202000000076,ACC0000724,IND19005518,LN2019010000406,LDO20200000039,17,2020-06-30,02:18:03,2062.72,Debit,Completed,,Loan Payment - LN2019010000406,False,,0.03,,Automated,Home Loan,standard_payment,False,loan_payment_generator,False,
TXNL202000000077,ACC0000669,IND19015013,LN2019010000408,LDO20200000009,17,2020-06-21,04:35:26,4235.65,Debit,Completed,,Loan Payment - LN2019010000408,False,,0.24,,Automated,Personal Loan,standard_payment,False,loan_payment_generator,False,
TXNL202000000078,ACC0000392,IND19006420,LN2019010000422,LDO20200000023,17,2020-06-14,03:24:21,3242.75,Debit,Completed,,Loan Payment - LN2019010000422,False,,1.43,,Automated,Personal Loan,standard_payment,False,loan_payment_generator,False,
TXNL202000000079,ACC0001215,IND19009203,LN2019010000449,LDO20200000004,16,2020-06-03,04:37:46,245.6,Debit,Completed,,Loan Payment - LN2019010000449,False,,1.37,,Automated,Home Loan,standard_payment,False,loan_payment_generator,False,
TXNL202000000080,ACC0000677,IND19014762,LN2019010000450,LDO20200000010,17,2020-06-23,02:49:56,2083.6,Debit,Completed,,Loan Payment - LN2019010000450,False,,0.96,,Automated,Home Loan,standard_payment,False,loan_payment_generator,False,
TXNL202000000081,ACC0001668,COM19000073,LN2019010000455,LDO20200000011,17,2020-06-27,04:58:50,12126.88,Debit,Completed,,Loan Payment - LN2019010000455 - Partial,False,,1.03,,Automated,Business Loan,partial_payment,False,loan_payment_generator,False,
TXNL202000000082,ACC0000769,IND19003379,LN2019010000462,LDO20200000012,17,2020-06-19,04:26:43,1029.76,Debit,Cancelled,customer_stop_instruction,Loan Payment - LN2019010000462,False,,0.34,,Automated,Home Loan,standard_payment,False,loan_payment_generator,False,
TXNL202000000083,ACC0000639,IND19007802,LN2019010000464,LDO20200000013,17,2020-06-26,04:45:26,2991.38,Debit,Completed,,Loan Payment - LN2019010000464,False,,0.76,,Automated,Home Loan,standard_payment,False,loan_payment_generator,False,
TXNL202000000084,ACC0000029,IND19014833,LN2019010000478,LDO20200000005,17,2020-06-28,02:46:02,1635.7,Debit,Completed,,Loan Payment - LN2019010000478,False,,1.01,,Automated,Home Loan,standard_payment,False,loan_payment_generator,False,
TXNL202000000085,ACC0001111,IND19004921,LN2019010000485,LDO20200000006,16,2020-06-04,04:51:09,6532.35,Debit,Completed,,Loan Payment - LN2019010000485,False,,0.98,,Automated,Personal Loan,standard_payment,False,loan_payment_generator,False,
TXNL202000000086,ACC0000311,IND19003026,LN2019010000487,LDO20200000040,16,2020-06-09,02:24:12,450.66,Debit,Completed,,Loan Payment - LN2019010000487,False,,1.59,,Automated,Home Loan,standard_payment,False,loan_payment_generator,False,
TXNL202000000087,ACC0000416,IND19005427,LN2019010000496,LDO20200000024,16,2020-06-02,02:57:41,297.43,Debit,Completed,,Loan Payment - LN2019010000496,False,,1.15,,Automated,Home Loan,standard_payment,False,loan_payment_generator,False,
TXNL202000000088,ACC0000155,IND19004807,LN2019010000506,LDO20200000041,17,2020-06-22,04:17:13,1750.32,Debit,Completed,,Loan Payment - LN2019010000506,False,,1.41,,Automated,Personal Loan,standard_payment,False,loan_payment_generator,False,
TXNL202000000089,ACC0001365,IND19015299,LN2019010000510,LDO20200000042,17,2020-06-18,02:04:34,305.32,Debit,Completed,,Loan Payment - LN2019010000510,False,,0.52,,Automated,Home Loan,standard_payment,False,loan_payment_generator,False,
TXNL202000000090,ACC0001281,IND19007129,LN2019010000517,LDO20200000014,16,2020-06-02,02:03:34,1723.73,Debit,Failed,mandate_limit,Loan Payment - LN2019010000517,False,,1.57,,Automated,Personal Loan,standard_payment,False,loan_payment_generator,False,
TXNL202000000091,ACC0001214,IND19003792,LN2019010000525,,16,2020-06-03,03:40:01,788.26,Debit,Completed,,Loan Payment - LN2019010000525,False,,2.5,,Automated,Personal Loan,standard_payment,False,loan_payment_generator,False,
TXNL202000000092,ACC0000964,IND19014388,LN2019010000542,LDO20200000025,17,2020-06-10,04:26:03,2668.1,Debit,Completed,,Loan Payment - LN2019010000542,False,,1.44,,Automated,Home Loan,standard_payment,False,loan_payment_generator,False,
TXNL202000000093,ACC0000932,IND19008584,LN2019010000557,LDO20200000043,17,2020-06-29,03:52:37,3493.79,Debit,Completed,,Loan Payment - LN2019010000557,False,,1.23,,Automated,Home Loan,standard_payment,False,loan_payment_generator,False,
TXNL202000000094,ACC0001001,IND19005012,LN2019010000562,LDO20200000044,17,2020-06-21,04:15:32,1563.13,Debit,Completed,,Loan Payment - LN2019010000562,False,,1.01,,Automated,Home Loan,standard_payment,False,loan_payment_generator,False,
TXNL202000000095,ACC0001173,IND19009154,LN2019010000564,LDO20200000003,17,2020-06-20,04:55:46,1118.46,Debit,Completed,,Loan Payment - LN2019010000564,False,,0.26,,Automated,Personal Loan,standard_payment,False,loan_payment_generator,False,
TXNL202000000096,ACC0001267,IND19012469,LN2019010000566,LDO20200000045,17,2020-06-23,02:29:49,1437.67,Debit,Failed,insufficient_funds,Loan Payment - LN2019010000566,False,,0.66,,Automated,Home Loan,standard_payment,False,loan_payment_generator,False,
TXNL202000000097,ACC0001556,IND19015946,LN2019010000568,LDO20200000015,17,2020-06-17,03:31:19,4858.36,Debit,Completed,,Loan Payment - LN2019010000568,False,,0.28,,Automated,Personal Loan,standard_payment,False,loan_payment_generator,False,
TXNL202000000098,ACC0000607,IND19001644,LN2019010000574,LDO20200000046,17,2020-06-10,03:37:55,2451.71,Debit,Completed,,Loan Payment - LN2019010000574 - Extra Principal,False,,0.17,,Automated,Home Loan,extra_payment,False,loan_payment_generator,False,
TXNL202000000099,ACC0000922,IND19002862,LN2019010000575,LDO20200000047,16,2020-06-02,04:17:16,1134.12,Debit,Completed,,Loan Payment - LN2019010000575,False,,0.92,,Automated,Home Loan,standard_payment,False,loan_payment_generator,False,
TXNL202000000100,ACC0000229,IND19003127,LN2019010000592,LDO20200000048,17,2020-06-23,04:16:05,3882.22,Debit,Completed,,Loan Payment - LN20190100...,False,,1.97,,Automated,Home Loan,standard_payment,False,loan_payment_generator,True,truncated_description
TXNL202000000101,ACC0000184,IND19000180,LN2019010000593,LDO20200000049,16,2020-06-06,04:23:47,471.84,Debit,Completed,,Loan Payment - LN2019010000593,False,,1.3,,Automated,Home Loan,standard_payment,False,loan_payment_generator,False,
TXNL202000000102,ACC0001644,COM19000369,LN2019010000594,LDO20200000050,17,2020-06-14,02:45:37,2023.43,Debit,Completed,,Loan Payment - LN2019010000594,False,,1.73,,Automated,Business Loan,standard_payment,False,loan_payment_generator,False,
TXNL202000000103,ACC0000975,IND19015550,LN2019010000601,LDO20200000007,17,2020-06-11,03:12:23,1295.89,Debit,Completed,,Loan Payment - LN2019010000601,False,,0.88,,Automated,Vehicle Loan,standard_payment,False,loan_payment_generator,False,
TXNL202000000104,ACC0000593,IND19002980,LN2019010000612,LDO20200000051,17,2020-06-13,04:56:21,1141.67,Debit,Completed,,Loan Payment - LN2019010000612,False,,0.52,,Automated,Vehicle Loan,standard_payment,False,loan_payment_generator,False,
TXNL202000000105,ACC0000428,IND19005094,LN2019010000618,LDO20200000052,16,2020-06-03,02:21:55,1891.89,Debit,Failed,insufficient_funds,Loan Payment - LN2019010000618,False,,0.77,,Automated,Home Loan,standard_payment,False,loan_payment_generator,True,status_inconsistency
TXNL202000000106,ACC0000793,IND19015483,LN2019010000623,LDO20200000053,16,2020-06-01,04:02:00,1424.0,Debit,Completed,,Loan Payment - LN2019010000623,False,,0.32,,Automated,Home Loan,standard_payment,False,loan_payment_generator,False,
TXNL202000000107,ACC0000500,IND19005407,LN2019010000624,LDO20200000054,16,2020-06-08,03:36:16,634.52,Debit,Completed,,Loan Payment - LN2019010000624,False,,1.11,,Automated,Home Loan,standard_payment,False,loan_payment_generator,False,
TXNL202000000108,ACC0001156,IND19014489,LN2019010000629,LDO20200000055,17,2020-06-25,04:28:44,2104.45,Debit,Completed,,Loan Payment - LN2019010000629,False,,0.91,,Automated,Personal Loan,standard_payment,False,loan_payment_generator,False,
TXNL202000000109,ACC0001412,IND19009021,LN2019010000641,LDO20200000026,16,2020-06-03,03:02:09,1955.34,Debit,Completed,,Loan Payment - LN2019010000641,False,,1.23,,Automated,Vehicle Loan,standard_payment,False,loan_payment_generator,False,
TXNL202000000110,ACC0001163,IND19009831,LN2019010000642,LDO20200000056,17,2020-06-19,03:06:47,3065.78,Debit,Completed,,Loan Payment - LN2019010000642,False,,0.44,,Automated,Vehicle Loan,standard_payment,False,loan_payment_generator,False,
TXNL202000000111,ACC0000116,IND19013155,LN2019010000644,LDO20200000057,17,2020-06-17,03:37:05,449.28,Debit,Completed,,Loan Payment - LN2019010000644,False,,1.54,,Automated,Home Loan,standard_payment,False,loan_payment_generator,False,
TXNL202000000112,ACC0001128,IND19005846,LN2019010000646,LDO20200000058,17,2020-06-13,03:18:11,641.97,Debit,Completed,,Loan Payment - LN2019010000646,False,,1.96,,Automated,Home Loan,standard_payment,False,loan_payment_generator,False,
TXNL202000000113,ACC0000739,IND19008202,LN2019010000648,LDO20200000059,17,2020-06-23,03:04:32,2393.26,Debit,Completed,,Loan Payment - LN2019010000648,False,,1.01,,Automated,Vehicle Loan,standard_payment,False,loan_payment_generator,False,
TXNL202000000114,ACC0000774,IND19000369,LN2019010000659,LDO20200000060,17,2020-06-10,03:31:04,2156.62,Debit,Completed,,Loan Payment - LN2019010000659,False,,0.9,,Automated,Home Loan,standard_payment,False,loan_payment_generator,False,
TXNL202000000115,ACC0000118,IND19007840,LN2019010000664,LDO20200000027,17,2020-06-19,04:13:57,513.14,Debit,Completed,,Loan Payment - LN2019010000664,False,,1.27,,Automated,Home Loan,standard_payment,False,loan_payment_generator,False,
TXNL202000000116,ACC0000105,IND19015632,LN2019010000674,LDO20200000061,17,2020-06-12,03:56:10,2658.95,Debit,Completed,,Loan Payment - LN2019010000674 - Late Fee,False,,0.73,,Automated,Home Loan,late_payment,False,loan_payment_generator,False,
TXNL202000000117,ACC0000904,IND19010238,LN2019010000678,LDO20200000028,17,2020-06-27,04:49:49,1031.73,Debit,Completed,,Loan Payment - LN2019010000678,False,,0.41,,Automated,Home Loan,standard_payment,False,loan_payment_generator,False,
TXNL202000000118,ACC0000076,IND19009052,LN2019010000679,LDO20200000062,17,2020-06-29,03:07:36,538.09,Debit,Completed,,Loan Payment - LN2019010000679,False,,0.19,,Automated,Home Loan,standard_payment,False,loan_payment_generator,False,
TXNL202000000119,ACC0001613,IND19012778,LN2019010000682,LDO20200000063,17,2020-06-19,03:10:50,8350.74,Debit,Completed,,Loan Payment - LN2019010000682,False,,0.28,,Automated,Personal Loan,standard_payment,False,loan_payment_generator,False,
TXNL202000000120,ACC0001369,IND19008338,LN2019010000686,LDO20200000016,17,2020-06-16,04:16:48,1849.77,Debit,Completed,,Loan Payment - LN2019010000686,False,,1.92,,Automated,Vehicle Loan,standard_payment,False,loan_payment_generator,False,
TXNL202000000121,ACC0000268,IND19014141,LN2019010000690,LDO20200000008,17,2020-06-13,03:46:09,1983.74,Debit,Completed,,Loan Payment - LN2019010000690,False,,1.83,,Automated,Vehicle Loan,standard_payment,False,loan_payment_generator,False,
TXNL202000000122,ACC0001013,IND19008033,LN2019010000693,LDO20200000017,17,2020-06-30,03:39:15,1777.39,Debit,Completed,,Loan Payment - LN2019010000693,False,,0.47,,Automated,Vehicle Loan,standard_payment,False,loan_payment_generator,False,
TXNL202000000123,ACC0001012,IND19008033,LN2019010000707,LDO20200000064,17,2020-06-21,04:23:54,4840.02,Debit,Completed,,Loan Payment - LN2019010000707,False,,0.78,,Automated,Home Loan,standard_payment,False,loan_payment_generator,False,
TXNL202000000124,ACC0000813,IND19000596,LN2019010000711,LDO20200000029,16,2020-06-01,03:08:50,1725.6,Debit,Completed,,Loan Payment - LN2019010000711,False,,0.23,,Automated,Home Loan,standard_payment,False,loan_payment_generator,True,amount_rounding_error
TXNL202000000125,ACC0001516,IND19008680,LN2019010000721,LDO20200000030,17,2020-06-20,03:14:11,2387.66,Debit,Completed,,Loan Payment - LN2019010000721,False,,1.26,,Automated,Home Loan,standard_payment,False,loan_payment_generator,False,
TXNL202000000126,ACC0000588,IND19011813,LN2019010000727,LDO20200000066,17,2020-06-30,04:36:46,1158.89,Debit,Completed,,Loan Payment - LN2019010000727,False,,0.68,,Automated,Home Loan,standard_payment,False,loan_payment_generator,False,
TXNL202000000127,ACC0000766,IND19001627,LN2019010000750,LDO20200000031,17,2020-06-17,02:08:54,5575.99,Debit,Completed,,Loan Payment - LN2019010000750,False,,0.8,,Automated,Home Loan,standard_payment,False,loan_payment_generator,False,
TXNL202000000128,ACC0000757,IND19010588,LN2019010000753,LDO20200000067,16,2020-06-06,04:34:46,684.93,Debit,Completed,,Loan Payment - LN2019010000753,False,,1.58,,Automated,Personal Loan,standard_payment,False,loan_payment_generator,False,
TXNL202000000129,ACC0001371,IND19016093,LN2019010000763,LDO20200000032,17,2020-06-27,04:08:59,4166.3,Debit,Completed,,Loan Payment - LN2019010000763,False,,0.72,,Automated,Home Loan,standard_payment,False,loan_payment_generator,False,
TXNL202000000130,ACC0001554,IND19011219,LN2019010000771,LDO20200000068,16,2020-06-04,03:30:54,3607.53,Debit,Completed,,Loan Payment - LN2019010000771,False,,1.38,,Automated,Vehicle Loan,standard_payment,False,loan_payment_generator,False,
TXNL202000000131,ACC0000608,IND19000251,LN2019010000776,LDO20200000069,17,2020-06-30,04:50:02,534.72,Debit,Completed,,Loan Payment - LN2019010000776,False,,1.6,,Automated,Vehicle Loan,standard_payment,False,loan_payment_generator,False,
TXNL202000000132,ACC0000969,IND19014108,LN2019010000780,LDO20200000070,17,2020-06-30,03:43:53,3896.87,Debit,Completed,,Loan Payment - LN2019010000780,False,,1.06,,Automated,Home Loan,standard_payment,False,loan_payment_generator,False,
TXNL202000000133,ACC0001628,IND19009273,LN2019010000783,LDO20200000018,17,2020-06-26,02:51:39,1559.06,Debit,Completed,,Loan Payment - LN2019010000783,False,,1.05,,Automated,Vehicle Loan,standard_payment,False,loan_payment_generator,False,
TXNL202000000134,ACC0000128,IND19004900,LN2019010000785,LDO20200000071,16,2020-06-01,02:54:54,1346.37,Debit,Cancelled,customer_stop_instruction,Loan Payment - LN2019010000785,False,,0.0,,Automated,Personal Loan,standard_payment,False,loan_payment_generator,False,
TXNL202000000135,ACC0000393,IND19006420,LN2019010000790,LDO20200000072,16,2020-06-01,03:03:42,1020.55,Debit,Completed,,Loan Payment - LN2019010000790,False,,0.45,,Automated,Home Loan,standard_payment,False,loan_payment_generator,False,
TXNL202000000136,ACC0000160,IND19007622,LN2019010000799,LDO20200000019,16,2020-06-03,03:14:00,3219.2,Debit,Completed,,Loan Payment - LN2019010000799,False,,1.88,,Automated,Personal Loan,standard_payment,False,loan_payment_generator,False,
TXNL202000000137,ACC0001479,IND19015112,LN2019010000807,LDO20200000073,17,2020-06-30,02:16:52,1896.09,Debit,Completed,,Loan Payment - LN20190100...,False,,1.88,,Automated,Personal Loan,standard_payment,False,loan_payment_generator,True,truncated_description
TXNL202000000138,ACC0001468,IND19010490,LN2019010000824,LDO20200000020,17,2020-06-15,04:48:34,3738.5,Debit,Completed,,Loan Payment - LN2019010000824 - Late Fee,False,,1.51,,Automated,Vehicle Loan,late_payment,False,loan_payment_generator,False,
TXNL202000000139,ACC0000845,IND19009812,LN2019010000828,LDO20200000033,17,2020-06-21,04:31:41,1557.11,Debit,Completed,,Loan Payment - LN2019010000828,False,,0.62,,Automated,Home Loan,standard_payment,False,loan_payment_generator,False,
TXNL202000000140,ACC0000163,IND19007764,LN2019010000838,LDO20200000002,17,2020-06-23,04:04:33,1379.8,Debit,Completed,,Loan Payment - LN2019010000838,False,,0.92,,Automated,Home Loan,standard_payment,False,loan_payment_generator,False,
TXNL202000000141,ACC0001296,IND19006088,LN2019010000841,LDO20200000021,17,2020-06-22,02:01:45,13864.74,Debit,Completed,,Loan Payment - LN2019010000841,False,,0.64,,Automated,Personal Loan,standard_payment,False,loan_payment_generator,False,
TXNL202000000142,ACC0000145,IND19010296,LN2019010000842,LDO20200000034,17,2020-06-28,03:10:17,1729.34,Debit,Completed,,Loan Payment - LN2019010000842,False,,0.26,,Automated,Personal Loan,standard_payment,False,loan_payment_generator,False,
TXNL202000000143,ACC0001378,IND19007735,LN2019010000853,LDO20200000074,16,2020-06-02,03:08:02,2129.96,Debit,Completed,,Loan Payment - LN2019010000853,False,,1.35,,Automated,Vehicle Loan,standard_payment,False,loan_payment_generator,False,
TXNL202000000144,ACC0001489,IND19006045,LN2019010000856,LDO20200000075,17,2020-06-18,04:11:28,1325.85,Debit,Completed,,Loan Payment - LN2019010000856,False,,1.14,,Automated,Vehicle Loan,standard_payment,False,loan_payment_generator,False,
TXNL202000000145,ACC0000122,IND19013761,LN2019010000859,LDO20200000022,16,2020-06-02,04:27:22,1017.84,Debit,Completed,,Loan Payment - LN2019010000859,False,,1.41,,Automated,Home Loan,standard_payment,False,loan_payment_generator,False,
TXNL202000000146,ACC0001437,IND19003474,LN2019010000866,LDO20200000076,17,2020-06-15,02:48:56,2718.8,Debit,Completed,,Loan Payment - LN2019010000866,False,,1.32,,Automated,Personal Loan,standard_payment,False,loan_payment_generator,False,
TXNL202000000147,ACC0000982,IND19010294,LN2019010000869,LDO20200000077,17,2020-06-22,02:17:28,2967.37,Debit,Completed,,Loan Payment - LN2019010000869 - Partial,False,,1.04,,Automated,Personal Loan,partial_payment,False,loan_payment_generator,False,
TXNL202000000148,ACC0000520,IND19009308,LN2019010000873,LDO20200000078,17,2020-06-22,03:48:57,1240.5,Debit,Completed,,Loan Payment - LN2019010000873,False,,1.53,,Automated,Home Loan,standard_payment,False,loan_payment_generator,False,
TXNL202000000149,ACC0000711,IND19003817,LN2019010000888,LDO20200000079,17,2020-06-12,02:57:06,356.97,Debit,Completed,,Loan Payment - LN2019010000888,False,,1.74,,Automated,Home Loan,standard_payment,False,loan_payment_generator,False,
TXNL202000000150,ACC0000996,IND19014347,LN2019010000890,LDO20200000080,17,2020-06-30,07:56:16,8593.66,Debit,Completed,,Loan Payment - LN2019010000890,False,,0.82,,Automated,Personal Loan,standard_payment,False,loan_payment_generator,True,timestamp_shift
TXNL202000000151,ACC0000386,IND19013498,LN2019010000897,LDO20200000081,17,2020-06-22,04:14:30,4403.12,Debit,Completed,,Loan Payment - LN2019010000897,False,,1.69,,Automated,Home Loan,standard_payment,False,loan_payment_generator,False,
TXNL202000000152,ACC0001660,COM19000038,LN2019010000898,LDO20200000082,17,2020-06-30,03:36:10,5119.57,Debit,Completed,,Loan Payment - LN2019010000898,False,,0.2,,Automated,Business Loan,standard_payment,False,loan_payment_generator,False,
TXNL202000000153,ACC0000600,IND19006065,LN2019010000911,LDO20200000083,17,2020-06-29,04:00:17,1019.47,Debit,Completed,,Loan Payment - LN2019010000911,False,,0.93,,Automated,Vehicle Loan,standard_payment,False,loan_payment_generator,False,
TXNL202000000154,ACC0000220,IND19000552,LN2019010000916,LDO20200000084,17,2020-06-28,02:22:53,1940.6,Debit,Completed,,Loan Payment - LN2019010000916,False,,0.51,,Automated,Vehicle Loan,standard_payment,False,loan_payment_generator,False,
TXNL202000000155,ACC0000330,IND19007194,LN2019010000917,LDO20200000085,17,2020-06-18,02:56:15,606.42,Debit,Completed,,Loan Payment - LN2019010000917,False,,0.8,,Automated,Home Loan,standard_payment,False,loan_payment_generator,False,
TXNL202000000156,ACC0000763,IND19016056,LN2019010000919,LDO20200000035,17,2020-06-25,02:20:43,3480.27,Debit,Completed,,Loan Payment - LN2019010000919,False,,1.71,,Automated,Vehicle Loan,standard_payment,False,loan_payment_generator,False,
TXNL202000000157,ACC0000289,IND19016939,LN2019010000932,LDO20200000036,17,2020-06-30,03:17:16,3188.59,Debit,Completed,,Loan Payment - LN2019010000932,False,,0.63,,Automated,Vehicle Loan,standard_payment,False,loan_payment_generator,False,
TXNL202000000158,ACC0001493,IND19010838,LN2019010000934,LDO20200000086,17,2020-06-19,02:58:01,2297.2,Debit,Completed,,Loan Payment - LN2019010000934,False,,1.25,,Automated,Home Loan,standard_payment,False,loan_payment_generator,False,
TXNL202000000159,ACC0000798,IND19013925,LN2019010000952,LDO20200000087,16,2020-06-06,04:18:34,1005.26,Debit,Completed,,Loan Payment - LN2019010000952,False,,0.44,,Automated,Home Loan,standard_payment,False,loan_payment_generator,False,
TXNL202000000160,ACC0000841,IND19006895,LN2019010000958,LDO20200000089,17,2020-06-10,03:00:53,1128.8,Debit,Completed,,Loan Payment - LN2019010000958,False,,1.5,,Automated,Home Loan,standard_payment,False,loan_payment_generator,False,
TXNL202000000161,ACC0000658,IND19011862,LN2019010000959,LDO20200000090,17,2020-06-29,04:12:00,253.83,Debit,Completed,,Loan Payment - LN2019010000959,False,,1.37,,Automated,Home Loan,standard_payment,False,loan_payment_generator,False,
TXNL202000000162,ACC0000531,IND19010760,LN2019010000970,LDO20200000038,17,2020-06-19,02:10:28,2709.95,Debit,Completed,,Loan Payment - LN2019010000970,False,,1.41,,Automated,Personal Loan,standard_payment,False,loan_payment_generator,False,
TXNL202000000163,ACC0001460,IND19002706,LN2019010000996,LDO20200000091,16,2020-06-06,03:20:41,1220.8,Debit,Completed,,Loan Payment - LN2019010000996,False,,0.74,,Automated,Vehicle Loan,standard_payment,False,loan_payment_generator,True,amount_rounding_error
TXNL202000000164,ACC0000371,IND19014162,LN2019010001000,LDO20200000039,17,2020-06-09,03:45:52,1534.73,Debit,Failed,bank_timeout,Loan Payment - LN2019010001000,False,,0.3,,Automated,Vehicle Loan,standard_payment,False,loan_payment_generator,False,
TXNL202000000165,ACC0001626,IND19004114,LN2019010001025,LDO20200000092,17,2020-06-19,02:36:07,1604.76,Debit,Completed,,Loan Payment - LN2019010001025,False,,1.28,,Automated,Personal Loan,standard_payment,False,loan_payment_generator,False,
TXNL202000000166,ACC0000879,IND19011453,LN2019010001027,LDO20200000093,16,2020-06-01,04:45:41,2533.38,Debit,Completed,,Loan Payment - LN20190100...,False,,0.36,,Automated,Home Loan,standard_payment,False,loan_payment_generator,True,truncated_description
TXNL202000000167,ACC0000973,IND19012041,LN2019010001042,LDO20200000094,17,2020-06-10,03:10:30,2575.46,Debit,Completed,,Loan Payment - LN2019010001042,False,,1.77,,Automated,Home Loan,standard_payment,False,loan_payment_generator,False,
TXNL202000000168,ACC0000684,IND19005459,LN2019010001052,LDO20200000095,17,2020-06-22,04:09:30,1462.52,Debit,Completed,,Loan Payment - LN2019010001052,False,,0.64,,Automated,Personal Loan,standard_payment,False,loan_payment_generator,False,
TXNL202000000169,ACC0000272,IND19000376,LN2019010001058,LDO20200000009,16,2020-06-05,02:39:58,5783.8,Debit,Failed,bank_timeout,Loan Payment - LN2019010001058,False,,0.84,,Automated,Home Loan,standard_payment,False,loan_payment_generator,False,
TXNL202000000170,ACC0000438,IND19012444,LN2019010001066,LDO20200000023,16,2020-06-02,02:41:16,6094.61,Debit,Cancelled,customer_stop_instruction,Loan Payment - LN2019010001066,False,,1.37,,Automated,Home Loan,standard_payment,False,loan_payment_generator,False,
TXNL202000000171,ACC0000418,IND19014051,LN2019010001070,LDO20200000096,17,2020-06-30,03:07:20,2264.49,Debit,Completed,,Loan Payment - LN2019010001070,False,,1.92,,Automated,Personal Loan,standard_payment,False,loan_payment_generator,False,
TXNL202000000172,ACC0000203,IND19005110,LN2019010001082,LDO20200000097,16,2020-06-02,02:54:37,413.5,Debit,Completed,,Loan Payment - LN2019010001082,False,,0.59,,Automated,Home Loan,standard_payment,False,loan_payment_generator,False,
TXNL202000000173,ACC0001069,IND19001364,LN2019010001084,LDO20200000098,17,2020-06-13,04:25:18,1198.05,Debit,Completed,,Loan Payment - LN2019010001084,False,,0.42,,Automated,Home Loan,standard_payment,False,loan_payment_generator,False,
TXNL202000000174,ACC0001528,IND19005983,LN2019010001092,LDO20200000099,17,2020-06-23,04:47:40,202.89,Debit,Failed,insufficient_funds,Loan Payment - LN2019010001092,False,,1.64,,Automated,Home Loan,standard_payment,False,loan_payment_generator,True,status_inconsistency
TXNL202000000175,ACC0000637,IND19000666,LN2019010001113,LDO20200000004,17,2020-06-27,03:58:48,1551.58,Debit,Completed,,Loan Payment - LN2019010001113,False,,1.02,,Automated,Home Loan,standard_payment,False,loan_payment_generator,False,
TXNL202000000176,ACC0000542,IND19006210,LN2019010001114,LDO20200000100,17,2020-06-27,03:11:51,3324.12,Debit,Completed,,Loan Payment - LN2019010001114,False,,0.73,,Automated,Vehicle Loan,standard_payment,False,loan_payment_generator,False,
TXNL202000000177,ACC0000072,IND19005479,LN2019010001116,LDO20200000101,17,2020-06-24,04:32:37,905.2,Debit,Completed,,Loan Payment - LN2019010001116,False,,1.45,,Automated,Home Loan,standard_payment,False,loan_payment_generator,False,
TXNL202000000178,ACC0000811,IND19000169,LN2019010001120,LDO20200000010,17,2020-06-29,04:31:30,3254.67,Debit,Completed,,Loan Payment - LN2019010001120,False,,0.32,,Automated,Vehicle Loan,standard_payment,False,loan_payment_generator,False,
TXNL202000000179,ACC0001096,IND19016205,LN2019010001121,LDO20200000102,16,2020-06-03,03:47:39,1608.95,Debit,Completed,,Loan Payment - LN2019010001121,False,,0.48,,Automated,Home Loan,standard_payment,False,loan_payment_generator,False,
TXNL202000000180,ACC0000836,IND19001994,LN2019010001130,LDO20200000011,17,2020-06-14,04:16:30,269.6,Debit,Completed,,Loan Payment - LN2019010001130,False,,0.1,,Automated,Home Loan,standard_payment,False,loan_payment_generator,False,
TXNL202000000181,ACC0000770,IND19003379,LN2019010001133,LDO20200000012,16,2020-06-02,04:47:47,3092.51,Debit,Failed,insufficient_funds,Loan Payment - LN2019010001133 - Late Fee,False,,0.9,,Automated,Home Loan,late_payment,False,loan_payment_generator,False,
TXNL202000000182,ACC0001363,IND19001188,LN2019010001140,LDO20200000013,17,2020-06-29,04:09:36,824.37,Debit,Completed,,Loan Payment - LN2019010001140,False,,0.99,,Automated,Vehicle Loan,standard_payment,False,loan_payment_generator,False,
TXNL202000000183,ACC0001266,IND19016300,LN2019010001143,LDO20200000005,17,2020-06-19,03:27:21,7659.4,Debit,Completed,,Loan Payment - LN2019010001143,False,,0.35,,Automated,Vehicle Loan,standard_payment,False,loan_payment_generator,False,
TXNL202000000184,ACC0000810,IND19014075,LN2019010001146,LDO20200000006,17,2020-06-19,02:58:18,1654.39,Debit,Completed,,Loan Payment - LN2019010001146 - Partial,False,,0.79,,Automated,Home Loan,partial_payment,False,loan_payment_generator,False,
TXNL202000000185,ACC0000820,IND19016780,LN2019010001149,LDO20200000040,16,2020-06-02,02:39:24,4338.5,Debit,Completed,,Loan Payment - LN2019010001149,False,,0.35,,Automated,Personal Loan,standard_payment,False,loan_payment_generator,False,
TXNL202000000186,ACC0001343,IND19009143,LN2019010001157,LDO20200000024,17,2020-06-16,03:06:49,3027.98,Debit,Cancelled,customer_stop_instruction,Loan Payment - LN2019010001157,False,,0.15,,Automated,Home Loan,standard_payment,False,loan_payment_generator,False,
TXNL202000000187,ACC0000585,IND19004309,LN2019010001163,LDO20200000103,17,2020-06-17,02:09:24,4073.88,Debit,Completed,,Loan Payment - LN2019010001163 - Extra Principal,False,,1.42,,Automated,Home Loan,extra_payment,False,loan_payment_generator,False,
TXNL202000000188,ACC0001676,COM19000298,LN2019010001164,LDO20200000041,17,2020-06-21,03:33:08,8795.74,Debit,Completed,,Loan Payment - LN2019010001164,False,,0.25,,Automated,Business Loan,standard_payment,False,loan_payment_generator,False,
TXNL202000000189,ACC0000390,IND19002143,LN2019010001167,LDO20200000042,17,2020-06-15,04:26:29,791.15,Debit,Completed,,Loan Payment - LN2019010001167 - Late Fee,False,,1.41,,Automated,Personal Loan,late_payment,False,loan_payment_generator,False,
TXNL202000000190,ACC0001016,IND19007315,LN2019010001180,LDO20200000014,17,2020-06-23,03:06:21,2112.96,Debit,Completed,,Loan Payment - LN2019010001180,False,,1.5,,Automated,Home Loan,standard_payment,False,loan_payment_generator,False,
TXNL202000000191,ACC0000169,IND19015276,LN2019010001182,LDO20200000104,17,2020-06-18,03:41:22,916.38,Debit,Completed,,Loan Payment - LN2019010001182 - Partial,False,,0.65,,Automated,Home Loan,partial_payment,False,loan_payment_generator,False,
TXNL202000000192,ACC0000723,IND19010495,LN2019010001185,LDO20200000105,17,2020-06-25,03:00:51,1082.3,Debit,Completed,,Loan Payment - LN2019010001185,False,,0.47,,Automated,Vehicle Loan,standard_payment,False,loan_payment_generator,False,
TXNL202000000193,ACC0001029,IND19009696,LN2019010001192,LDO20200000106,17,2020-06-18,04:06:13,3515.28,Debit,Completed,,Loan Payment - LN2019010001192,False,,0.39,,Automated,Vehicle Loan,standard_payment,False,loan_payment_generator,False,
TXNL202000000194,ACC0000506,IND19003263,LN2019010001197,LDO20200000107,17,2020-06-11,04:04:49,3040.75,Debit,Completed,,Loan Payment - LN2019010001197,False,,1.3,,Automated,Personal Loan,standard_payment,False,loan_payment_generator,False,
TXNL202000000195,ACC0000415,IND19016238,LN2019010001200,LDO20200000108,17,2020-06-15,03:13:47,287.51,Debit,Failed,insufficient_funds,Loan Payment - LN2019010001200,False,,1.87,,Automated,Home Loan,standard_payment,False,loan_payment_generator,False,
TXNL202000000196,ACC0000086,IND19000654,LN2019010001211,,17,2020-06-18,04:10:34,894.48,Debit,Completed,,Loan Payment - LN2019010001211,False,,2.5,,Automated,Home Loan,standard_payment,False,loan_payment_generator,False,
TXNL202000000197,ACC0000552,IND19010018,LN2019010001212,LDO20200000109,16,2020-06-02,03:56:25,3438.02,Debit,Completed,,Loan Payment - LN2019010001212,False,,1.61,,Automated,Vehicle Loan,standard_payment,False,loan_payment_generator,False,
TXNL202000000198,ACC0001185,IND19002045,LN2019010001230,LDO20200000110,17,2020-06-11,04:44:33,2425.0,Debit,Completed,,Loan Payment - LN2019010001230,False,,1.8,,Automated,Personal Loan,standard_payment,False,loan_payment_generator,False,
TXNL202000000199,ACC0001486,IND19010904,LN2019010001234,LDO20200000111,16,2020-06-05,02:02:42,3157.23,Debit,Completed,,Loan Payment - LN2019010001234,False,,1.87,,Automated,Home Loan,standard_payment,False,loan_payment_generator,False,
TXNL202000000200,ACC0000515,IND19011906,LN2019010001239,LDO20200000025,16,2020-06-03,03:59:03,1843.66,Debit,Completed,,Loan Payment - LN2019010001239,False,,0.69,,Automated,Home Loan,standard_payment,False,loan_payment_generator,False,
TXNL202000000201,ACC0000604,IND19004880,LN2019010001245,LDO20200000043,17,2020-06-14,03:43:57,3869.28,Debit,Completed,,Loan Payment - LN2019010001245,False,,0.35,,Automated,Home Loan,standard_payment,False,loan_payment_generator,False,
TXNL202000000202,ACC0001152,IND19000150,LN2019010001247,LDO20200000112,16,2020-06-01,04:22:35,1923.18,Debit,Completed,,Loan Payment - LN2019010001247,False,,0.37,,Automated,Home Loan,standard_payment,False,loan_payment_generator,False,
TXNL202000000203,ACC0001298,IND19009380,LN2019010001249,LDO20200000113,16,2020-06-10,02:36:04,3296.05,Debit,Completed,,Loan Payment - LN2019010001249,False,,1.28,,Automated,Home Loan,standard_payment,False,loan_payment_generator,False,
TXNL202000000204,ACC0001164,IND19004303,LN2019010001252,LDO20200000044,16,2020-06-07,02:50:20,262.26,Debit,Completed,,Loan Payment - LN2019010001252,False,,1.6,,Automated,Home Loan,standard_payment,False,loan_payment_generator,False,
TXNL202000000205,ACC0001662,COM19000313,LN2019010001254,LDO20200000003,17,2020-06-29,04:31:01,22797.66,Debit,Completed,,Loan Payment - LN2019010001254,False,,0.76,,Automated,Business Loan,standard_payment,False,loan_payment_generator,False,
TXNL202000000206,ACC0000183,IND19008327,LN2019010001260,LDO20200000114,16,2020-06-02,02:03:15,2519.02,Debit,Completed,,Loan Payment - LN2019010001260,False,,1.72,,Automated,Home Loan,standard_payment,False,loan_payment_generator,False,
TXNL202000000207,ACC0000590,IND19004200,LN2019010001263,LDO20200000115,17,2020-06-29,03:22:39,7273.99,Debit,Completed,,Loan Payment - LN2019010001263,False,,0.7,,Automated,Personal Loan,standard_payment,False,loan_payment_generator,False,
TXNL202000000208,ACC0000210,IND19008013,LN2019010001264,LDO20200000045,16,2020-06-01,02:32:10,898.38,Debit,Completed,,Loan Payment - LN2019010001264,False,,0.03,,Automated,Personal Loan,standard_payment,False,loan_payment_generator,False,
TXNL202000000209,ACC0001018,IND19007141,LN2019010001270,LDO20200000015,17,2020-06-23,02:20:24,2853.41,Debit,Completed,,Loan Payment - LN2019010001270,False,,1.72,,Automated,Home Loan,standard_payment,False,loan_payment_generator,False,
TXNL202000000210,ACC0000550,IND19004219,LN2019010001283,LDO20200000046,17,2020-06-20,04:04:00,2267.43,Debit,Completed,,Loan Payment - LN2019010001283,False,,1.73,,Automated,Personal Loan,standard_payment,False,loan_payment_generator,False,
TXNL202000000211,ACC0000889,IND19001057,LN2019010001302,LDO20200000047,17,2020-06-30,03:48:16,2279.58,Debit,Completed,,Loan Payment - LN2019010001302,False,,0.9,,Automated,Home Loan,standard_payment,False,loan_payment_generator,False,
TXNL202000000212,ACC0001153,IND19015308,LN2019010001309,LDO20200000116,17,2020-06-23,04:44:20,450.35,Debit,Completed,,Loan Payment - LN2019010001309,False,,0.34,,Automated,Home Loan,standard_payment,False,loan_payment_generator,False,
TXNL202000000213,ACC0000049,IND19014761,LN2019010001310,LDO20200000048,17,2020-06-29,02:43:22,2320.46,Debit,Completed,,Loan Payment - LN2019010001310,False,,1.14,,Automated,Vehicle Loan,standard_payment,False,loan_payment_generator,False,
TXNL202000000214,ACC0000189,IND19003338,LN2019010001311,LDO20200000117,17,2020-06-12,02:08:42,1140.95,Debit,Completed,,Loan Payment - LN2019010001311,False,,1.06,,Automated,Home Loan,standard_payment,False,loan_payment_generator,False,
TXNL202000000215,ACC0000404,IND19012958,LN2019010001314,LDO20200000118,17,2020-06-16,02:18:47,1003.52,Debit,Completed,,Loan Payment - LN2019010001314,False,,1.77,,Automated,Personal Loan,standard_payment,False,loan_payment_generator,False,
TXNL202000000216,ACC0001355,IND19009031,LN2019010001315,LDO20200000049,16,2020-06-04,03:33:28,4273.47,Debit,Completed,,Loan Payment - LN2019010001315,False,,0.34,,Automated,Personal Loan,standard_payment,False,loan_payment_generator,True,amount_rounding_error
TXNL202000000217,ACC0000159,IND19009851,LN2019010001326,LDO20200000050,17,2020-06-28,03:27:33,1772.07,Debit,Completed,,Loan Payment - LN2019010001326,False,,0.34,,Automated,Home Loan,standard_payment,False,loan_payment_generator,False,
TXNL202000000218,ACC0000721,IND19006161,LN2019010001331,LDO20200000119,17,2020-06-20,02:37:06,3202.46,Debit,Completed,,Loan Payment - LN2019010001331,False,,0.3,,Automated,Home Loan,standard_payment,False,loan_payment_generator,False,
TXNL202000000219,ACC0000460,IND19006127,LN2019010001349,LDO20200000121,16,2020-06-06,03:09:15,1312.58,Debit,Completed,,Loan Payment - LN2019010001349,False,,0.48,,Automated,Home Loan,standard_payment,False,loan_payment_generator,False,
TXNL202000000220,ACC0001046,IND19014386,LN2019010001351,LDO20200000122,16,2020-06-02,04:30:22,1152.7,Debit,Completed,,Loan Payment - LN2019010001351,False,,1.71,,Automated,Home Loan,standard_payment,False,loan_payment_generator,False,
TXNL202000000221,ACC0001374,IND19009678,LN2019010001352,LDO20200000007,17,2020-06-15,04:53:47,988.97,Debit,Completed,,Loan Payment - LN2019010001352,False,,0.28,,Automated,Personal Loan,standard_payment,False,loan_payment_generator,False,
TXNL202000000222,ACC0001036,IND19011001,LN2019010001377,LDO20200000051,16,2020-06-06,03:20:57,2821.71,Debit,Completed,,Loan Payment - LN2019010001377,False,,0.79,,Automated,Personal Loan,standard_payment,False,loan_payment_generator,False,
TXNL202000000223,ACC0001641,COM19000218,LN2019010001380,LDO20200000123,16,2020-06-02,03:16:13,19612.6,Debit,Completed,,Loan Payment - LN2019010001380,False,,1.06,,Automated,Business Loan,standard_payment,False,loan_payment_generator,False,
TXNL202000000224,ACC0001344,IND19009855,LN2019010001385,LDO20200000052,16,2020-06-02,04:40:39,2122.86,Debit,Completed,,Loan Payment - LN2019010001385,False,,0.55,,Automated,Home Loan,standard_payment,False,loan_payment_generator,False,
TXNL202000000225,ACC0001129,IND19005846,LN2019010001386,LDO20200000124,17,2020-06-11,03:34:23,726.09,Debit,Completed,,Loan Payment - LN2019010001386,False,,0.03,,Automated,Home Loan,standard_payment,False,loan_payment_generator,False,
TXNL202000000226,ACC0001335,IND19015197,LN2019010001399,LDO20200000053,17,2020-06-10,02:03:20,2433.11,Debit,Completed,,Loan Payment - LN2019010001399,False,,1.26,,Automated,Personal Loan,standard_payment,False,loan_payment_generator,False,
TXNL202000000227,ACC0000505,IND19012808,LN2019010001412,LDO20200000125,17,2020-06-27,03:33:47,569.56,Debit,Completed,,Loan Payment - LN2019010001412,False,,0.16,,Automated,Personal Loan,standard_payment,False,loan_payment_generator,False,
TXNL202000000228,ACC0000687,IND19005091,LN2019010001414,LDO20200000126,17,2020-06-30,03:43:39,178.15,Debit,Completed,,Loan Payment - LN2019010001414,False,,0.6,,Automated,Home Loan,standard_payment,False,loan_payment_generator,False,
TXNL202000000229,ACC0000234,IND19015431,LN2019010001420,LDO20200000127,16,2020-06-04,04:07:24,3045.32,Debit,Completed,,Loan Payment - LN2019010001420,False,,0.45,,Automated,Home Loan,standard_payment,False,loan_payment_generator,False,
TXNL202000000230,ACC0000702,IND19016305,LN2019010001423,LDO20200000054,17,2020-06-10,02:56:39,3469.0,Debit,Completed,,Loan Payment - LN2019010001423,False,,1.26,,Automated,Home Loan,standard_payment,False,loan_payment_generator,False,
TXNL202000000231,ACC0000276,IND19007519,LN2019010001435,LDO20200000128,17,2020-06-30,02:33:41,2171.77,Debit,Completed,,Loan Payment - LN2019010001435,False,,0.47,,Automated,Vehicle Loan,standard_payment,False,loan_payment_generator,False,
TXNL202000000232,ACC0001320,IND19001004,LN2019010001440,LDO20200000026,17,2020-06-17,03:56:50,1503.05,Debit,Completed,,Loan Payment - LN2019010001440,False,,1.33,,Automated,Vehicle Loan,standard_payment,False,loan_payment_generator,False,
TXNL202000000233,ACC0000003,IND19007744,LN2019010001447,LDO20200000129,17,2020-06-17,02:36:16,2833.94,Debit,Completed,,Loan Payment - LN2019010001447,False,,0.61,,Automated,Vehicle Loan,standard_payment,False,loan_payment_generator,False,
TXNL202000000234,ACC0000804,IND19003109,LN2019010001449,LDO20200000056,16,2020-06-03,04:16:33,1271.13,Debit,Completed,,Loan Payment - LN2019010001449,False,,0.41,,Automated,Home Loan,standard_payment,False,loan_payment_generator,False,
TXNL202000000235,ACC0000978,IND19008839,LN2019010001451,LDO20200000130,16,2020-06-04,04:23:08,703.77,Debit,Completed,,Loan Payment - LN2019010001451,False,,0.24,,Automated,Home Loan,standard_payment,False,loan_payment_generator,False,
TXNL202000000236,ACC0000463,IND19014060,LN2019010001455,LDO20200000131,16,2020-06-09,04:04:00,1732.71,Debit,Completed,,Loan Payment - LN2019010001455 - Late Fee,False,,1.87,,Automated,Home Loan,late_payment,False,loan_payment_generator,False,
TXNL202000000237,ACC0001594,IND19015422,LN2019010001467,LDO20200000132,17,2020-06-27,04:34:01,832.06,Debit,Completed,,Loan Payment - LN2019010001467,False,,1.16,,Automated,Vehicle Loan,standard_payment,False,loan_payment_generator,False,
TXNL202000000238,ACC0001480,IND19013470,LN2019010001473,LDO20200000057,17,2020-06-18,03:33:44,1598.74,Debit,Completed,,Loan Payment - LN2019010001473,False,,1.38,,Automated,Home Loan,standard_payment,False,loan_payment_generator,False,
TXNL202000000239,ACC0000265,IND19009394,LN2019010001482,LDO20200000133,17,2020-06-23,04:17:07,1152.81,Debit,Completed,,Loan Payment - LN2019010001482,False,,1.1,,Automated,Home Loan,standard_payment,False,loan_payment_generator,True,amount_rounding_error
TXNL202000000240,ACC0000242,IND19013930,LN2019010001487,LDO20200000134,17,2020-06-23,03:22:20,4323.94,Debit,Completed,,Loan Payment - LN2019010001487,False,,0.42,,Automated,Personal Loan,standard_payment,False,loan_payment_generator,False,
TXNL202000000241,ACC0000710,IND19010571,LN2019010001488,LDO20200000135,17,2020-06-25,03:10:24,628.95,Debit,Completed,,Loan Payment - LN2019010001488,False,,0.83,,Automated,Home Loan,standard_payment,False,loan_payment_generator,False,
TXNL202000000242,ACC0001381,IND19013372,LN2019010001489,LDO20200000136,17,2020-06-20,03:47:09,915.31,Debit,Completed,,Loan Payment - LN2019010001489,False,,0.21,,Automated,Vehicle Loan,standard_payment,False,loan_payment_generator,True,amount_rounding_error
TXNL202000000243,ACC0000589,IND19011813,LN2019010001501,LDO20200000137,17,2020-06-19,03:49:17,1104.98,Debit,Completed,,Loan Payment - LN2019010001501,False,,0.19,,Automated,Vehicle Loan,standard_payment,False,loan_payment_generator,False,
TXNL202000000244,ACC0001117,IND19016009,LN2019010001502,LDO20200000138,17,2020-06-10,04:11:30,5757.69,Debit,Completed,,Loan Payment - LN2019010001502,False,,1.66,,Automated,Home Loan,standard_payment,False,loan_payment_generator,False,
TXNL202000000245,ACC0001578,IND19013200,LN2019010001503,LDO20200000058,17,2020-06-30,03:51:14,1411.31,Debit,Completed,,Loan Payment - LN2019010001503,False,,1.24,,Automated,Vehicle Loan,standard_payment,False,loan_payment_generator,False,
TXNL202000000246,ACC0000047,IND19006418,LN2019010001505,LDO20200000059,17,2020-06-30,03:03:46,1048.91,Debit,Completed,,Loan Payment - LN2019010001505,False,,0.28,,Automated,Home Loan,standard_payment,False,loan_payment_generator,False,
TXNL202000000247,ACC0001632,IND19007111,LN2019010001511,LDO20200000060,16,2020-06-03,03:04:30,4050.75,Debit,Completed,,Loan Payment - LN2019010001511 - Late Fee,False,,1.19,,Automated,Home Loan,late_payment,False,loan_payment_generator,False,
TXNL202000000248,ACC0000619,IND19013703,LN2019010001517,LDO20200000139,17,2020-06-18,02:51:26,3471.59,Debit,Completed,,Loan Payment - LN2019010001517,False,,1.85,,Automated,Personal Loan,standard_payment,False,loan_payment_generator,False,
TXNL202000000249,ACC0001150,IND19003805,LN2019010001521,LDO20200000140,17,2020-06-28,04:12:55,1383.77,Debit,Completed,,Loan Payment - LN2019010001521,False,,1.48,,Automated,Home Loan,standard_payment,False,loan_payment_generator,False,
TXNL202000000250,ACC0001273,IND19004976,LN2019010001532,LDO20200000141,17,2020-06-29,04:19:04,236.0,Debit,Completed,,Loan Payment - LN2019010001532,False,,1.95,,Automated,Home Loan,standard_payment,False,loan_payment_generator,False,
TXNL202000000251,ACC0000140,IND19000343,LN2019010001537,LDO20200000142,17,2020-06-17,04:27:40,467.12,Debit,Failed,bank_timeout,Loan Payment - LN2019010001537,False,,1.58,,Automated,Personal Loan,standard_payment,False,loan_payment_generator,False,
TXNL202000000252,ACC0001139,IND19002237,LN2019010001545,LDO20200000027,16,2020-06-01,03:34:05,1631.37,Debit,Completed,,Loan Payment - LN2019010001545,False,,1.55,,Automated,Home Loan,standard_payment,False,loan_payment_generator,False,
TXNL202000000253,ACC0000405,IND19005493,LN2019010001575,LDO20200000061,17,2020-06-17,04:49:03,877.05,Debit,Completed,,Loan Payment - LN2019010001575,False,,1.14,,Automated,Personal Loan,standard_payment,False,loan_payment_generator,False,
TXNL202000000254,ACC0001223,IND19005824,LN2019010001580,LDO20200000143,17,2020-06-14,02:09:21,691.46,Debit,Completed,,Loan Payment - LN2019010001580,False,,1.18,,Automated,Home Loan,standard_payment,False,loan_payment_generator,False,
TXNL202000000255,ACC0002719,IND19013176,LN2019020000017,LDO20200000144,15,2020-06-02,04:09:33,2346.2,Debit,Completed,,Loan Payment - LN2019020000017,False,,1.68,,Automated,Personal Loan,standard_payment,False,loan_payment_generator,False,
TXNL202000000256,ACC0001701,IND19000332,LN2019020000021,LDO20200000145,16,2020-06-19,04:14:30,1646.67,Debit,Completed,,Loan Payment - LN2019020000021,False,,1.13,,Automated,Personal Loan,standard_payment,False,loan_payment_generator,False,
TXNL202000000257,ACC0002906,IND19014412,LN2019020000027,LDO20200000146,15,2020-06-01,03:52:42,560.47,Debit,Completed,,Loan Payment - LN2019020000027,False,,1.91,,Automated,Home Loan,standard_payment,False,loan_payment_generator,False,
TXNL202000000258,ACC0001774,IND19001403,LN2019020000030,LDO20200000147,16,2020-06-12,03:27:44,1265.99,Debit,Completed,,Loan Payment - LN2019020000030,False,,1.3,,Automated,Vehicle Loan,standard_payment,False,loan_payment_generator,False,
TXNL202000000259,ACC0001880,IND19004294,LN2019020000032,LDO20200000148,16,2020-06-16,03:53:22,8410.42,Debit,Cancelled,customer_stop_instruction,Loan Payment - LN20190200...,False,,1.98,,Automated,Home Loan,extra_payment,False,loan_payment_generator,True,truncated_description
TXNL202000000260,ACC0002442,IND19011212,LN2019020000038,LDO20200000028,16,2020-06-13,04:40:56,15924.35,Debit,Completed,,Loan Payment - LN2019020000038,False,,1.83,,Automated,Personal Loan,standard_payment,False,loan_payment_generator,False,
TXNL202000000261,ACC0002292,IND19001394,LN2019020000040,LDO20200000149,16,2020-06-20,04:53:17,775.6,Debit,Completed,,Loan Payment - LN2019020000040,False,,0.59,,Automated,Home Loan,standard_payment,False,loan_payment_generator,False,
TXNL202000000262,ACC0002054,IND19008070,LN2019020000047,LDO20200000062,16,2020-06-18,02:15:36,5995.84,Debit,Completed,,Loan Payment - LN2019020000047,False,,1.53,,Automated,Home Loan,standard_payment,False,loan_payment_generator,False,
TXNL202000000263,ACC0001908,IND19016414,LN2019020000068,LDO20200000150,15,2020-06-05,02:28:07,801.28,Debit,Completed,,Loan Payment - LN2019020000068,False,,0.21,,Automated,Vehicle Loan,standard_payment,False,loan_payment_generator,False,
TXNL202000000264,ACC0002698,IND19007039,LN2019020000082,LDO20200000151,15,2020-06-02,03:56:33,1466.87,Debit,Completed,,Loan Payment - LN2019020000082 - Partial,False,,0.06,,Automated,Vehicle Loan,partial_payment,False,loan_payment_generator,False,
TXNL202000000265,ACC0001902,IND19002096,LN2019020000112,LDO20200000152,16,2020-06-18,04:33:04,553.04,Debit,Completed,,Loan Payment - LN2019020000112,False,,1.3,,Automated,Home Loan,standard_payment,False,loan_payment_generator,False,
TXNL202000000266,ACC0002036,IND19015685,LN2019020000118,LDO20200000153,16,2020-06-23,04:07:57,1396.95,Debit,Completed,,Loan Payment - LN2019020000118,False,,1.12,,Automated,Vehicle Loan,standard_payment,False,loan_payment_generator,False,
TXNL202000000267,ACC0002677,IND19012680,LN2019020000130,LDO20200000155,16,2020-06-21,02:31:36,1995.58,Debit,Completed,,Loan Payment - LN2019020000130,False,,1.43,,Automated,Personal Loan,standard_payment,False,loan_payment_generator,False,
TXNL202000000268,ACC0001916,IND19016327,LN2019020000145,LDO20200000156,16,2020-06-17,04:47:24,3605.14,Debit,Completed,,Loan Payment - LN2019020000145,False,,1.58,,Automated,Home Loan,standard_payment,False,loan_payment_generator,False,
TXNL202000000269,ACC0002899,IND19015417,LN2019020000152,LDO20200000063,16,2020-06-22,02:19:28,2511.95,Debit,Completed,,Loan Payment - LN2019020000152,False,,1.08,,Automated,Personal Loan,standard_payment,False,loan_payment_generator,False,
TXNL202000000270,ACC0002946,IND19016946,LN2019020000156,LDO20200000016,16,2020-06-27,04:40:47,667.59,Debit,Completed,,Loan Payment - LN2019020000156,False,,1.56,,Automated,Home Loan,standard_payment,False,loan_payment_generator,False,
TXNL202000000271,ACC0002447,IND19015613,LN2019020000158,LDO20200000157,16,2020-06-25,03:06:03,2771.89,Debit,Completed,,Loan Payment - LN2019020000158,False,,0.86,,Automated,Personal Loan,standard_payment,False,loan_payment_generator,False,
TXNL202000000272,ACC0002582,IND19016176,LN2019020000174,LDO20200000158,16,2020-06-27,03:34:35,953.71,Debit,Completed,,Loan Payment - LN2019020000174,False,,1.12,,Automated,Home Loan,standard_payment,False,loan_payment_generator,False,
TXNL202000000273,ACC0002604,IND19013546,LN2019020000189,LDO20200000008,16,2020-06-09,04:57:09,3356.54,Debit,Completed,,Loan Payment - LN2019020000189,False,,0.47,,Automated,Home Loan,standard_payment,False,loan_payment_generator,False,
TXNL202000000274,ACC0001985,IND19002227,LN2019020000196,LDO20200000017,16,2020-06-13,02:10:58,2874.8,Debit,Completed,,Loan Payment - LN2019020000196,False,,0.38,,Automated,Personal Loan,standard_payment,False,loan_payment_generator,False,
TXNL202000000275,ACC0002680,IND19012817,LN2019020000203,LDO20200000064,16,2020-06-16,03:44:19,5034.19,Debit,Completed,,Loan Payment - LN2019020000203,False,,1.61,,Automated,Home Loan,standard_payment,False,loan_payment_generator,False,
TXNL202000000276,ACC0002721,IND19004779,LN2019020000214,LDO20200000029,15,2020-06-08,04:48:55,755.62,Debit,Completed,,Loan Payment - LN2019020000214,False,,1.35,,Automated,Home Loan,standard_payment,False,loan_payment_generator,False,
TXNL202000000277,ACC0001865,IND19005343,LN2019020000222,LDO20200000159,15,2020-06-01,04:59:38,3670.22,Debit,Completed,,Loan Payment - LN2019020000222,False,,1.29,,Automated,Personal Loan,standard_payment,False,loan_payment_generator,False,
TXNL202000000278,ACC0001707,IND19000845,LN2019020000227,LDO20200000030,16,2020-06-27,04:47:06,3229.41,Debit,Completed,,Loan Payment - LN2019020000227,False,,0.48,,Automated,Vehicle Loan,standard_payment,False,loan_payment_generator,False,
TXNL202000000279,ACC0002341,IND19001126,LN2019020000229,LDO20200000160,16,2020-06-13,04:02:15,2321.09,Debit,Completed,,Loan Payment - LN2019020000229 - Extra Principal,False,,1.31,,Automated,Vehicle Loan,extra_payment,False,loan_payment_generator,False,
TXNL202000000280,ACC0001730,IND19001687,LN2019020000235,LDO20200000065,16,2020-06-15,02:10:35,3285.7,Debit,Completed,,Loan Payment - LN2019020000235,False,,1.5,,Automated,Personal Loan,standard_payment,False,loan_payment_generator,False,
TXNL202000000281,ACC0003242,IND19001412,LN2019020000236,LDO20200000161,16,2020-06-13,02:38:04,3391.28,Debit,Completed,,Loan Payment - LN2019020000236,False,,1.06,,Automated,Vehicle Loan,standard_payment,False,loan_payment_generator,False,
TXNL202000000282,ACC0001680,IND19000900,LN2019020000242,LDO20200000162,16,2020-06-23,03:56:30,684.83,Debit,Completed,,Loan Payment - LN2019020000242,False,,1.41,,Automated,Home Loan,standard_payment,False,loan_payment_generator,False,
TXNL202000000283,ACC0002412,IND19005294,LN2019020000243,LDO20200000066,16,2020-06-14,03:08:02,246.25,Debit,Completed,,Loan Payment - LN2019020000243,False,,1.48,,Automated,Home Loan,standard_payment,False,loan_payment_generator,False,
TXNL202000000284,ACC0001772,IND19009977,LN2019020000244,LDO20200000163,16,2020-06-13,04:19:15,1440.17,Debit,Completed,,Loan Payment - LN2019020000244,False,,1.37,,Automated,Home Loan,standard_payment,False,loan_payment_generator,False,
TXNL202000000285,ACC0002798,IND19016230,LN2019020000246,LDO20200000031,16,2020-06-24,03:20:53,2349.38,Debit,Completed,,Loan Payment - LN2019020000246,False,,1.87,,Automated,Personal Loan,standard_payment,False,loan_payment_generator,False,
TXNL202000000286,ACC0001937,IND19003342,LN2019020000249,LDO20200000164,16,2020-06-25,04:49:07,2809.39,Debit,Completed,,Loan Payment - LN2019020000249,False,,1.52,,Automated,Personal Loan,standard_payment,False,loan_payment_generator,False,
TXNL202000000287,ACC0002618,IND19006444,LN2019020000251,LDO20200000165,16,2020-06-20,02:06:36,896.41,Debit,Completed,,Loan Payment - LN2019020000251,False,,0.25,,Automated,Vehicle Loan,standard_payment,False,loan_payment_generator,False,
TXNL202000000288,ACC0001851,IND19005961,LN2019020000256,LDO20200000067,16,2020-06-11,04:39:47,2637.96,Debit,Completed,,Loan Payment - LN2019020000256,False,,0.75,,Automated,Home Loan,standard_payment,False,loan_payment_generator,False,
TXNL202000000289,ACC0003271,IND19016447,LN2019020000260,LDO20200000166,16,2020-06-18,02:28:58,3362.77,Debit,Completed,,Loan Payment - LN2019020000260,False,,1.49,,Automated,Home Loan,standard_payment,False,loan_payment_generator,False,
TXNL202000000290,ACC0002687,IND19013686,LN2019020000261,LDO20200000167,16,2020-06-12,04:53:34,1652.43,Debit,Completed,,Loan Payment - LN2019020000261,False,,0.69,,Automated,Personal Loan,standard_payment,False,loan_payment_generator,False,
TXNL202000000291,ACC0002321,IND19011152,LN2019020000262,LDO20200000168,15,2020-06-04,02:28:54,291.66,Debit,Completed,,Loan Payment - LN2019020000262,False,,1.24,,Automated,Home Loan,standard_payment,False,loan_payment_generator,False,
TXNL202000000292,ACC0002291,IND19009288,LN2019020000266,LDO20200000169,16,2020-06-11,04:00:06,1011.18,Debit,Completed,,Loan Payment - LN20190200...,False,,0.58,,Automated,Home Loan,standard_payment,False,loan_payment_generator,True,truncated_description
TXNL202000000293,ACC0003390,COM19000015,LN2019020000269,LDO20200000032,15,2020-06-04,02:53:48,10726.59,Debit,Completed,,Loan Payment - LN2019020000269,False,,1.92,,Automated,Business Loan,standard_payment,False,loan_payment_generator,False,
TXNL202000000294,ACC0001938,IND19009228,LN2019020000272,LDO20200000170,16,2020-06-11,04:56:42,4337.04,Debit,Completed,,Loan Payment - LN2019020000272,False,,1.73,,Automated,Home Loan,standard_payment,False,loan_payment_generator,True,amount_rounding_error
TXNL202000000295,ACC0002619,IND19006444,LN2019020000300,LDO20200000068,16,2020-06-20,02:44:27,1839.27,Debit,Completed,,Loan Payment - LN2019020000300,False,,1.84,,Automated,Home Loan,standard_payment,False,loan_payment_generator,False,
TXNL202000000296,ACC0002778,IND19013008,LN2019020000307,LDO20200000069,16,2020-06-21,03:11:32,2912.63,Debit,Completed,,Loan Payment - LN2019020000307,False,,1.53,,Automated,Home Loan,standard_payment,False,loan_payment_generator,False,
TXNL202000000297,ACC0002241,IND19006183,LN2019020000311,LDO20200000171,15,2020-06-06,03:41:07,6282.61,Debit,Completed,,Loan Payment - LN2019020000311,False,,1.89,,Automated,Home Loan,standard_payment,False,loan_payment_generator,False,
TXNL202000000298,ACC0002200,IND19004311,LN2019020000315,LDO20200000172,15,2020-06-01,04:27:47,3425.55,Debit,Completed,,Loan Payment - LN2019020000315,False,,0.6,,Automated,Home Loan,standard_payment,False,loan_payment_generator,False,
TXNL202000000299,ACC0002941,IND19004381,LN2019020000322,LDO20200000173,16,2020-06-11,04:12:22,1904.24,Debit,Failed,mandate_limit,Loan Payment - LN2019020000322,False,,1.91,,Automated,Home Loan,standard_payment,False,loan_payment_generator,False,
TXNL202000000300,ACC0002663,IND19014006,LN2019020000342,LDO20200000174,16,2020-06-28,02:10:04,3282.31,Debit,Completed,,Loan Payment - LN2019020000342 - Late Fee,False,,0.58,,Automated,Home Loan,late_payment,False,loan_payment_generator,False,
TXNL202000000301,ACC0002482,IND19000798,LN2019020000344,LDO20200000175,15,2020-06-01,04:46:17,2943.33,Debit,Completed,,Loan Payment - LN2019020000344,False,,0.77,,Automated,Vehicle Loan,standard_payment,False,loan_payment_generator,False,
TXNL202000000302,ACC0003129,IND19002377,LN2019020000346,LDO20200000070,16,2020-06-19,03:08:18,2810.42,Debit,Completed,,Loan Payment - LN2019020000346,False,,0.64,,Automated,Home Loan,standard_payment,False,loan_payment_generator,False,
TXNL202000000303,ACC0002474,IND19017936,LN2019020000347,LDO20200000018,15,2020-06-03,04:45:12,1927.18,Debit,Completed,,Loan Payment - LN2019020000347,False,,1.91,,Automated,Vehicle Loan,standard_payment,False,loan_payment_generator,False,
TXNL202000000304,ACC0002303,IND19009325,LN2019020000352,LDO20200000176,15,2020-06-07,02:50:55,947.57,Debit,Completed,,Loan Payment - LN2019020000352,False,,1.29,,Automated,Home Loan,standard_payment,False,loan_payment_generator,False,
TXNL202000000305,ACC0002913,IND19001346,LN2019020000354,LDO20200000177,15,2020-06-02,04:06:02,4280.29,Debit,Completed,,Loan Payment - LN2019020000354 - Late Fee,False,,1.4,,Automated,Home Loan,late_payment,False,loan_payment_generator,False,
TXNL202000000306,ACC0001863,IND19014727,LN2019020000360,LDO20200000071,15,2020-06-01,02:28:21,4078.26,Debit,Completed,,Loan Payment - LN2019020000360,False,,0.95,,Automated,Personal Loan,standard_payment,False,loan_payment_generator,False,
TXNL202000000307,ACC0003245,IND19011194,LN2019020000361,LDO20200000178,16,2020-06-15,03:38:28,2184.04,Debit,Completed,,Loan Payment - LN2019020000361,False,,0.96,,Automated,Vehicle Loan,standard_payment,False,loan_payment_generator,False,
TXNL202000000308,ACC0001788,IND19012630,LN2019020000363,LDO20200000072,15,2020-06-07,02:33:20,3244.04,Debit,Completed,,Loan Payment - LN2019020000363,False,,0.84,,Automated,Vehicle Loan,standard_payment,False,loan_payment_generator,False,
TXNL202000000309,ACC0001837,IND19017578,LN2019020000367,LDO20200000179,16,2020-06-28,04:06:29,2920.43,Debit,Failed,insufficient_funds,Loan Payment - LN2019020000367,False,,0.1,,Automated,Home Loan,standard_payment,False,loan_payment_generator,True,status_inconsistency
TXNL202000000310,ACC0002909,IND19013859,LN2019020000375,LDO20200000180,16,2020-06-25,03:39:28,5497.85,Debit,Completed,,Loan Payment - LN2019020000375,False,,1.43,,Automated,Home Loan,standard_payment,False,loan_payment_generator,False,
TXNL202000000311,ACC0001739,IND19006479,LN2019020000380,LDO20200000181,15,2020-06-10,02:09:13,771.42,Debit,Completed,,Loan Payment - LN2019020000380,False,,1.71,,Automated,Home Loan,standard_payment,False,loan_payment_generator,False,
TXNL202000000312,ACC0002265,IND19017038,LN2019020000381,LDO20200000019,16,2020-06-22,02:06:30,1263.05,Debit,Completed,,Loan Payment - LN2019020000381,False,,0.17,,Automated,Vehicle Loan,standard_payment,False,loan_payment_generator,False,
TXNL202000000313,ACC0002346,IND19002859,LN2019020000391,LDO20200000073,15,2020-06-03,03:05:27,1109.51,Debit,Completed,,Loan Payment - LN2019020000391,False,,0.28,,Automated,Home Loan,standard_payment,False,loan_payment_generator,False,
TXNL202000000314,ACC0002318,IND19015821,LN2019020000406,LDO20200000020,16,2020-06-18,03:21:02,2091.84,Debit,Completed,,Loan Payment - LN2019020000406,False,,1.73,,Automated,Home Loan,standard_payment,False,loan_payment_generator,False,
TXNL202000000315,ACC0003234,IND19003150,LN2019020000415,LDO20200000182,16,2020-06-17,04:03:32,5249.06,Debit,Completed,,Loan Payment - LN2019020000415,False,,1.21,,Automated,Personal Loan,standard_payment,False,loan_payment_generator,False,
TXNL202000000316,ACC0002248,IND19012631,LN2019020000437,LDO20200000002,16,2020-06-13,02:36:47,533.6,Debit,Completed,,Loan Payment - LN2019020000437,False,,0.45,,Automated,Personal Loan,standard_payment,False,loan_payment_generator,False,
TXNL202000000317,ACC0003383,COM19000130,LN2019020000448,LDO20200000183,16,2020-06-25,04:32:28,37504.81,Debit,Failed,account_blocked,Loan Payment - LN2019020000448,False,,0.95,,Automated,Business Loan,standard_payment,False,loan_payment_generator,False,
TXNL202000000318,ACC0002894,IND19017223,LN2019020000451,LDO20200000184,15,2020-06-01,03:50:23,2203.43,Debit,Failed,account_blocked,Loan Payment - LN2019020000451,False,,1.95,,Automated,Vehicle Loan,standard_payment,False,loan_payment_generator,False,
TXNL202000000319,ACC0002632,IND19017768,LN2019020000453,LDO20200000185,16,2020-06-16,03:38:51,4254.75,Debit,Completed,,Loan Payment - LN2019020000453,False,,1.28,,Automated,Home Loan,standard_payment,False,loan_payment_generator,False,
TXNL202000000320,ACC0002083,IND19010755,LN2019020000458,LDO20200000021,16,2020-06-18,03:56:51,2716.74,Debit,Completed,,Loan Payment - LN2019020000458,False,,1.11,,Automated,Vehicle Loan,standard_payment,False,loan_payment_generator,False,
TXNL202000000321,ACC0002623,IND19011260,LN2019020000462,LDO20200000186,16,2020-06-10,03:18:57,2762.93,Debit,Completed,,Loan Payment - LN2019020000462,False,,1.98,,Automated,Home Loan,standard_payment,False,loan_payment_generator,False,
TXNL202000000322,ACC0002601,IND19015358,LN2019020000464,LDO20200000187,16,2020-06-18,04:12:57,990.99,Debit,Completed,,Loan Payment - LN2019020000464,False,,0.04,,Automated,Home Loan,standard_payment,False,loan_payment_generator,False,
TXNL202000000323,ACC0002851,IND19013194,LN2019020000465,LDO20200000188,16,2020-06-26,02:14:08,1127.39,Debit,Completed,,Loan Payment - LN2019020000465,False,,0.3,,Automated,Vehicle Loan,standard_payment,False,loan_payment_generator,False,
TXNL202000000324,ACC0002140,IND19013361,LN2019020000474,LDO20200000034,16,2020-06-20,04:22:25,3995.99,Debit,Completed,,Loan Payment - LN2019020000474,False,,1.28,,Automated,Vehicle Loan,standard_payment,False,loan_payment_generator,False,
TXNL202000000325,ACC0002934,IND19011169,LN2019020000488,LDO20200000074,15,2020-06-02,02:41:32,4493.42,Debit,Completed,,Loan Payment - LN2019020000488,False,,0.49,,Automated,Home Loan,standard_payment,False,loan_payment_generator,False,
TXNL202000000326,ACC0003057,IND19010891,LN2019020000491,LDO20200000075,16,2020-06-11,04:18:33,3111.54,Debit,Completed,,Loan Payment - LN2019020000491,False,,0.29,,Automated,Personal Loan,standard_payment,False,loan_payment_generator,False,
TXNL202000000327,ACC0002267,IND19005311,LN2019020000492,LDO20200000022,16,2020-06-22,04:14:19,1843.61,Debit,Completed,,Loan Payment - LN2019020000492,False,,1.84,,Automated,Home Loan,standard_payment,False,loan_payment_generator,False,
TXNL202000000328,ACC0002521,IND19013128,LN2019020000498,LDO20200000190,16,2020-06-25,02:39:04,1371.17,Debit,Failed,mandate_limit,Loan Payment - LN2019020000498,False,,0.37,,Automated,Home Loan,standard_payment,False,loan_payment_generator,False,
TXNL202000000329,ACC0002503,IND19013977,LN2019020000508,LDO20200000076,15,2020-06-06,03:03:08,7718.79,Debit,Completed,,Loan Payment - LN2019020000508,False,,1.33,,Automated,Home Loan,standard_payment,False,loan_payment_generator,False,
TXNL202000000330,ACC0002846,IND19005704,LN2019020000526,LDO20200000191,15,2020-06-04,02:53:51,210.41,Debit,Completed,,Loan Payment - LN2019020000526,False,,1.37,,Automated,Home Loan,standard_payment,False,loan_payment_generator,False,
TXNL202000000331,ACC0002375,IND19009116,LN2019020000529,LDO20200000192,16,2020-06-13,04:50:58,916.18,Debit,Completed,,Loan Payment - LN2019020000529,False,,0.14,,Automated,Personal Loan,standard_payment,False,loan_payment_generator,False,
TXNL202000000332,ACC0003084,IND19009670,LN2019020000531,LDO20200000077,16,2020-06-23,03:17:31,3117.38,Debit,Completed,,Loan Payment - LN2019020000531,False,,1.02,,Automated,Vehicle Loan,standard_payment,False,loan_payment_generator,False,
TXNL202000000333,ACC0002397,IND19011058,LN2019020000532,LDO20200000193,16,2020-06-23,03:06:31,798.92,Debit,Completed,,Loan Payment - LN2019020000532,False,,0.46,,Automated,Vehicle Loan,standard_payment,False,loan_payment_generator,False,
TXNL202000000334,ACC0001936,IND19008592,LN2019020000537,LDO20200000078,16,2020-06-12,03:01:56,852.18,Debit,Failed,bank_timeout,Loan Payment - LN2019020000537,False,,0.93,,Automated,Vehicle Loan,standard_payment,False,loan_payment_generator,False,
TXNL202000000335,ACC0003065,IND19007646,LN2019020000546,LDO20200000194,16,2020-06-20,02:36:37,1414.47,Debit,Completed,,Loan Payment - LN2019020000546,False,,0.43,,Automated,Vehicle Loan,standard_payment,False,loan_payment_generator,False,
TXNL202000000336,ACC0003241,IND19001412,LN2019020000549,LDO20200000079,16,2020-06-11,04:41:26,14216.28,Debit,Completed,,Loan Payment - LN2019020000549,False,,0.57,,Automated,Personal Loan,standard_payment,False,loan_payment_generator,False,
TXNL202000000337,ACC0002864,IND19007639,LN2019020000570,LDO20200000080,16,2020-06-11,02:02:22,571.55,Debit,Completed,,Loan Payment - LN2019020000570,False,,1.68,,Automated,Home Loan,standard_payment,False,loan_payment_generator,False,
TXNL202000000338,ACC0001891,IND19010844,LN2019020000573,LDO20200000195,16,2020-06-20,04:05:45,785.13,Debit,Completed,,Loan Payment - LN2019020000573,False,,1.42,,Automated,Home Loan,standard_payment,False,loan_payment_generator,False,
TXNL202000000339,ACC0003213,IND19014004,LN2019020000588,LDO20200000081,16,2020-06-21,02:23:29,1391.12,Debit,Completed,,Loan Payment - LN2019020000588,False,,0.17,,Automated,Home Loan,standard_payment,False,loan_payment_generator,False,
TXNL202000000340,ACC0002630,IND19015606,LN2019020000593,LDO20200000196,16,2020-06-22,03:21:03,7225.68,Debit,Completed,,Loan Payment - LN2019020000593,False,,1.54,,Automated,Home Loan,standard_payment,False,loan_payment_generator,False,
TXNL202000000341,ACC0002093,IND19015493,LN2019020000599,LDO20200000197,15,2020-06-05,03:44:17,749.58,Debit,Completed,,Loan Payment - LN2019020000599 - Late Fee,False,,0.62,,Automated,Vehicle Loan,late_payment,False,loan_payment_generator,False,
TXNL202000000342,ACC0002006,IND19009890,LN2019020000600,LDO20200000198,16,2020-06-26,04:00:31,1225.87,Debit,Failed,insufficient_funds,Loan Payment - LN2019020000600,False,,0.32,,Automated,Personal Loan,standard_payment,False,loan_payment_generator,False,
TXNL202000000343,ACC0001714,IND19009033,LN2019020000601,LDO20200000082,15,2020-06-02,04:54:36,1702.97,Debit,Completed,,Loan Payment - LN2019020000601,False,,0.31,,Automated,Personal Loan,standard_payment,False,loan_payment_generator,False,
TXNL202000000344,ACC0002476,IND19015568,LN2019020000612,LDO20200000199,16,2020-06-18,02:06:06,2117.34,Debit,Completed,,Loan Payment - LN2019020000612 - Extra Principal,False,,1.27,,Automated,Vehicle Loan,extra_payment,False,loan_payment_generator,False,
TXNL202000000345,ACC0002169,IND19003317,LN2019020000613,LDO20200000200,15,2020-06-03,02:48:23,1745.72,Debit,Completed,,Loan Payment - LN2019020000613,False,,1.74,,Automated,Home Loan,standard_payment,False,loan_payment_generator,False,
TXNL202000000346,ACC0002103,IND19013436,LN2019020000622,LDO20200000201,15,2020-06-09,03:10:25,1175.55,Debit,Completed,,Loan Payment - LN2019020000622,False,,0.05,,Automated,Vehicle Loan,standard_payment,False,loan_payment_generator,False,
TXNL202000000347,ACC0002481,IND19000798,LN2019020000642,LDO20200000202,16,2020-06-12,02:38:11,2656.32,Debit,Completed,,Loan Payment - LN2019020000642,False,,0.66,,Automated,Vehicle Loan,standard_payment,False,loan_payment_generator,False,
TXNL202000000348,ACC0001745,IND19009866,LN2019020000660,LDO20200000083,16,2020-06-27,04:46:36,2815.09,Debit,Completed,,Loan Payment - LN2019020000660,False,,1.53,,Automated,Personal Loan,standard_payment,False,loan_payment_generator,False,
TXNL202000000349,ACC0002752,IND19001256,LN2019020000662,LDO20200000204,16,2020-06-13,04:42:12,2926.81,Debit,Completed,,Loan Payment - LN2019020000662,False,,1.92,,Automated,Home Loan,standard_payment,False,loan_payment_generator,False,
TXNL202000000350,ACC0002891,IND19002067,LN2019020000667,LDO20200000084,16,2020-06-24,04:33:14,1220.36,Debit,Completed,,Loan Payment - LN2019020000667,False,,1.83,,Automated,Home Loan,standard_payment,False,loan_payment_generator,False,
TXNL202000000351,ACC0003164,IND19008580,LN2019020000669,LDO20200000205,15,2020-06-03,03:50:33,568.03,Debit,Completed,,Loan Payment - LN2019020000669,False,,1.9,,Automated,Home Loan,standard_payment,False,loan_payment_generator,False,
TXNL202000000352,ACC0002224,IND19000114,LN2019020000675,LDO20200000206,16,2020-06-21,02:02:10,1024.01,Debit,Completed,,Loan Payment - LN2019020000675,False,,0.09,,Automated,Personal Loan,standard_payment,False,loan_payment_generator,False,
TXNL202000000353,ACC0002801,IND19001180,LN2019020000682,LDO20200000207,16,2020-06-24,02:32:27,2397.97,Debit,Completed,,Loan Payment - LN2019020000682,False,,0.11,,Automated,Personal Loan,standard_payment,False,loan_payment_generator,False,
TXNL202000000354,ACC0001912,IND19007576,LN2019020000683,LDO20200000085,16,2020-06-09,02:13:23,3252.21,Debit,Failed,mandate_limit,Loan Payment - LN2019020000683,False,,0.32,,Automated,Home Loan,standard_payment,False,loan_payment_generator,False,
TXNL202000000355,ACC0002460,IND19001065,LN2019020000697,LDO20200000208,16,2020-06-22,02:29:44,14050.07,Debit,Completed,,Loan Payment - LN2019020000697,False,,1.97,,Automated,Personal Loan,standard_payment,False,loan_payment_generator,False,
TXNL202000000356,ACC0003301,IND19004365,LN2019020000701,LDO20200000036,16,2020-06-14,02:48:14,8336.48,Debit,Completed,,Loan Payment - LN2019020000701,False,,0.58,,Automated,Home Loan,standard_payment,False,loan_payment_generator,False,
TXNL202000000357,ACC0002543,IND19007957,LN2019020000710,LDO20200000086,16,2020-06-27,04:34:06,740.02,Debit,Failed,bank_timeout,Loan Payment - LN2019020000710,False,,0.88,,Automated,Personal Loan,standard_payment,False,loan_payment_generator,False,
TXNL202000000358,ACC0003346,IND19004315,LN2019020000712,LDO20200000209,16,2020-06-13,04:24:19,1064.22,Debit,Completed,,Loan Payment - LN2019020000712,False,,0.24,,Automated,Personal Loan,standard_payment,False,loan_payment_generator,False,
TXNL202000000359,ACC0003374,COM19000173,LN2019020000715,LDO20200000210,16,2020-06-18,04:27:59,6081.28,Debit,Completed,,Loan Payment - LN2019020000715,False,,0.4,,Automated,Business Loan,standard_payment,False,loan_payment_generator,False,
TXNL202000000360,ACC0002749,IND19014623,LN2019020000724,LDO20200000211,15,2020-06-04,02:55:39,1478.55,Debit,Completed,,Loan Payment - LN2019020000724,False,,0.36,,Automated,Vehicle Loan,standard_payment,False,loan_payment_generator,False,
TXNL202000000361,ACC0002323,IND19018302,LN2019020000744,LDO20200000037,16,2020-06-14,02:39:26,2997.53,Debit,Completed,,Loan Payment - LN2019020000744,False,,1.02,,Automated,Vehicle Loan,standard_payment,False,loan_payment_generator,False,
TXNL202000000362,ACC0001941,IND19014505,LN2019020000757,LDO20200000087,16,2020-06-25,03:42:33,1332.59,Debit,Failed,insufficient_funds,Loan Payment - LN2019020000757,False,,0.83,,Automated,Home Loan,standard_payment,False,loan_payment_generator,True,status_inconsistency
TXNL202000000363,ACC0002614,IND19013339,LN2019020000758,LDO20200000088,16,2020-06-13,02:50:54,969.84,Debit,Completed,,Loan Payment - LN2019020000758,False,,0.48,,Automated,Home Loan,standard_payment,False,loan_payment_generator,False,
TXNL202000000364,ACC0002615,IND19015330,LN2019020000779,LDO20200000213,16,2020-06-25,02:26:11,1587.18,Debit,Completed,,Loan Payment - LN2019020000779,False,,1.98,,Automated,Vehicle Loan,standard_payment,False,loan_payment_generator,False,
TXNL202000000365,ACC0003311,IND19002488,LN2019020000785,LDO20200000214,16,2020-06-14,04:30:34,607.97,Debit,Completed,,Loan Payment - LN2019020000785,False,,0.02,,Automated,Personal Loan,standard_payment,False,loan_payment_generator,False,
TXNL202000000366,ACC0002378,IND19000460,LN2019020000795,LDO20200000215,16,2020-06-08,04:53:57,9850.41,Debit,Completed,,Loan Payment - LN2019020000795,False,,1.05,,Automated,Home Loan,standard_payment,False,loan_payment_generator,False,
TXNL202000000367,ACC0001849,IND19009271,LN2019020000798,LDO20200000089,16,2020-06-21,03:57:43,1732.2,Debit,Completed,,Loan Payment - LN2019020000798,False,,0.51,,Automated,Vehicle Loan,standard_payment,False,loan_payment_generator,False,
TXNL202000000368,ACC0003146,IND19000005,LN2019020000802,LDO20200000216,16,2020-06-19,02:42:47,1563.65,Debit,Completed,,Loan Payment - LN2019020000802,False,,1.73,,Automated,Home Loan,standard_payment,False,loan_payment_generator,False,
TXNL202000000369,ACC0002836,IND19014394,LN2019020000804,LDO20200000217,15,2020-06-04,02:57:37,1086.74,Debit,Completed,,Loan Payment - LN2019020000804,False,,0.0,,Automated,Home Loan,standard_payment,False,loan_payment_generator,False,
TXNL202000000370,ACC0002256,IND19017147,LN2019020000814,LDO20200000218,16,2020-06-23,03:51:15,535.41,Debit,Completed,,Loan Payment - LN2019020000814,False,,0.02,,Automated,Home Loan,standard_payment,False,loan_payment_generator,False,
TXNL202000000371,ACC0002516,IND19011025,LN2019020000819,LDO20200000090,16,2020-06-22,04:01:34,2105.97,Debit,Completed,,Loan Payment - LN2019020000819,False,,0.85,,Automated,Home Loan,standard_payment,False,loan_payment_generator,False,
TXNL202000000372,ACC0002552,IND19001323,LN2019020000826,LDO20200000038,16,2020-06-24,02:13:02,1430.61,Debit,Completed,,Loan Payment - LN2019020000826,False,,1.96,,Automated,Personal Loan,standard_payment,False,loan_payment_generator,False,
TXNL202000000373,ACC0002593,IND19000658,LN2019020000833,LDO20200000219,16,2020-06-17,02:34:51,2127.14,Debit,Completed,,Loan Payment - LN2019020000833,False,,1.13,,Automated,Vehicle Loan,standard_payment,False,loan_payment_generator,False,
TXNL202000000374,ACC0002275,IND19006821,LN2019020000837,LDO20200000220,15,2020-06-04,03:35:13,3151.24,Debit,Completed,,Loan Payment - LN2019020000837,False,,0.08,,Automated,Home Loan,standard_payment,False,loan_payment_generator,False,
TXNL202000000375,ACC0002307,IND19005300,LN2019020000862,LDO20200000221,16,2020-06-21,02:23:56,1399.17,Debit,Completed,,Loan Payment - LN2019020000862,False,,1.07,,Automated,Personal Loan,standard_payment,False,loan_payment_generator,False,
TXNL202000000376,ACC0002829,IND19012622,LN2019020000865,LDO20200000222,16,2020-06-25,04:16:59,4757.06,Debit,Completed,,Loan Payment - LN2019020000865,False,,0.83,,Automated,Home Loan,standard_payment,False,loan_payment_generator,False,
TXNL202000000377,ACC0003073,IND19006240,LN2019020000878,LDO20200000091,15,2020-06-05,07:07:32,1537.76,Debit,Completed,,Loan Payment - LN2019020000878,False,,0.61,,Automated,Home Loan,standard_payment,False,loan_payment_generator,True,timestamp_shift
TXNL202000000378,ACC0002311,IND19000946,LN2019020000882,LDO20200000223,16,2020-06-14,04:10:36,3477.54,Debit,Completed,,Loan Payment - LN2019020000882,False,,1.76,,Automated,Home Loan,standard_payment,False,loan_payment_generator,False,
TXNL202000000379,ACC0003363,IND19015447,LN2019020000889,LDO20200000039,16,2020-06-25,04:43:12,1507.65,Debit,Completed,,Loan Payment - LN2019020000889,False,,0.74,,Automated,Vehicle Loan,standard_payment,False,loan_payment_generator,False,
TXNL202000000380,ACC0002945,IND19009436,LN2019020000890,LDO20200000092,16,2020-06-27,04:52:01,1439.25,Debit,Completed,,Loan Payment - LN2019020000890,False,,1.8,,Automated,Vehicle Loan,standard_payment,False,loan_payment_generator,False,
TXNL202000000381,ACC0002887,IND19008351,LN2019020000892,LDO20200000224,16,2020-06-14,04:12:36,1566.77,Debit,Completed,,Loan Payment - LN2019020000892,False,,1.34,,Automated,Vehicle Loan,standard_payment,False,loan_payment_generator,False,
TXNL202000000382,ACC0002266,IND19017038,LN2019020000905,LDO20200000093,16,2020-06-27,04:42:36,940.77,Debit,Completed,,Loan Payment - LN2019020000905,False,,1.41,,Automated,Vehicle Loan,standard_payment,False,loan_payment_generator,False,
TXNL202000000383,ACC0002950,IND19012612,LN2019020000909,LDO20200000225,15,2020-06-07,04:01:36,1553.66,Debit,Completed,,Loan Payment - LN2019020000909,False,,1.92,,Automated,Vehicle Loan,standard_payment,False,loan_payment_generator,False,
TXNL202000000384,ACC0002863,IND19012341,LN2019020000920,LDO20200000094,16,2020-06-21,04:18:25,14070.47,Debit,Failed,daily_limit_exceeded,Loan Payment - LN2019020000920,False,,0.65,,Automated,Personal Loan,standard_payment,False,loan_payment_generator,False,
TXNL202000000385,ACC0001724,IND19013608,LN2019020000924,LDO20200000226,15,2020-06-06,03:45:32,1689.27,Debit,Completed,,Loan Payment - LN2019020000924,False,,0.6,,Automated,Home Loan,standard_payment,False,loan_payment_generator,False,
TXNL202000000386,ACC0002938,IND19013981,LN2019020000925,LDO20200000227,15,2020-06-03,03:20:47,4511.02,Debit,Completed,,Loan Payment - LN2019020000925,False,,1.64,,Automated,Vehicle Loan,standard_payment,False,loan_payment_generator,False,
TXNL202000000387,ACC0001935,IND19000364,LN2019020000927,LDO20200000228,16,2020-06-17,02:44:51,4891.37,Debit,Completed,,Loan Payment - LN2019020000927,False,,0.26,,Automated,Home Loan,standard_payment,False,loan_payment_generator,False,
TXNL202000000388,ACC0002850,IND19013194,LN2019020000934,LDO20200000229,16,2020-06-08,04:52:55,4478.19,Debit,Completed,,Loan Payment - LN2019020000934,False,,1.42,,Automated,Home Loan,standard_payment,False,loan_payment_generator,False,
TXNL202000000389,ACC0002545,IND19010159,LN2019020000936,LDO20200000095,16,2020-06-21,03:50:51,2435.95,Debit,Failed,account_blocked,Loan Payment - LN2019020000936,False,,0.73,,Automated,Home Loan,standard_payment,False,loan_payment_generator,False,
TXNL202000000390,ACC0002078,IND19001195,LN2019020000937,LDO20200000009,16,2020-06-24,03:00:47,324.51,Debit,Completed,,Loan Payment - LN2019020000937,False,,0.2,,Automated,Home Loan,standard_payment,False,loan_payment_generator,False,
TXNL202000000391,ACC0002351,IND19016075,LN2019020000960,LDO20200000023,16,2020-06-11,03:48:34,2707.34,Debit,Completed,,Loan Payment - LN2019020000960 - Extra Principal,False,,1.11,,Automated,Vehicle Loan,extra_payment,False,loan_payment_generator,False,
TXNL202000000392,ACC0002105,IND19009176,LN2019020000964,LDO20200000096,16,2020-06-17,02:43:51,2557.52,Debit,Completed,,Loan Payment - LN2019020000964,False,,0.44,,Automated,Home Loan,standard_payment,False,loan_payment_generator,False,
TXNL202000000393,ACC0003026,IND19011008,LN2019020000966,LDO20200000231,16,2020-06-14,03:26:56,4535.52,Debit,Completed,,Loan Payment - LN20190200...,False,,1.03,,Automated,Home Loan,standard_payment,False,loan_payment_generator,True,truncated_description
TXNL202000000394,ACC0003362,IND19014898,LN2019020000972,LDO20200000232,16,2020-06-25,02:20:15,1767.14,Debit,Completed,,Loan Payment - LN2019020000972,False,,0.75,,Automated,Personal Loan,standard_payment,False,loan_payment_generator,False,
TXNL202000000395,ACC0003052,IND19013959,LN2019020000974,LDO20200000097,15,2020-06-02,04:44:46,1601.82,Debit,Completed,,Loan Payment - LN2019020000974,False,,0.37,,Automated,Vehicle Loan,standard_payment,False,loan_payment_generator,False,
TXNL202000000396,ACC0001979,IND19013869,LN2019020000975,LDO20200000098,16,2020-06-25,02:57:49,1940.43,Debit,Completed,,Loan Payment - LN2019020000975,False,,1.95,,Automated,Home Loan,standard_payment,False,loan_payment_generator,False,
TXNL202000000397,ACC0002392,IND19003391,LN2019020000981,LDO20200000233,16,2020-06-23,03:37:34,4118.64,Debit,Completed,,Loan Payment - LN2019020000981,False,,1.25,,Automated,Home Loan,standard_payment,False,loan_payment_generator,False,
TXNL202000000398,ACC0002715,IND19015450,LN2019020000985,LDO20200000099,16,2020-06-17,02:34:10,696.78,Debit,Completed,,Loan Payment - LN2019020000985,False,,0.75,,Automated,Home Loan,standard_payment,False,loan_payment_generator,False,
TXNL202000000399,ACC0002872,IND19004247,LN2019020000990,LDO20200000004,16,2020-06-22,02:43:59,791.46,Debit,Completed,,Loan Payment - LN20190200...,False,,1.61,,Automated,Home Loan,standard_payment,False,loan_payment_generator,True,truncated_description
TXNL202000000400,ACC0002357,IND19009146,LN2019020001004,LDO20200000234,16,2020-06-27,04:12:45,283.72,Debit,Completed,,Loan Payment - LN2019020001004,False,,1.85,,Automated,Home Loan,standard_payment,False,loan_payment_generator,False,
TXNL202000000401,ACC0003180,IND19013395,LN2019020001006,LDO20200000100,16,2020-06-20,03:43:04,922.11,Debit,Failed,insufficient_funds,Loan Payment - LN2019020001006,False,,1.37,,Automated,Vehicle Loan,standard_payment,False,loan_payment_generator,False,
TXNL202000000402,ACC0002603,IND19013546,LN2019020001008,LDO20200000101,15,2020-06-08,04:04:37,1929.87,Debit,Completed,,Loan Payment - LN2019020001008,False,,1.55,,Automated,Vehicle Loan,standard_payment,False,loan_payment_generator,False,
TXNL202000000403,ACC0002360,IND19002649,LN2019020001017,LDO20200000010,16,2020-06-28,02:52:40,616.38,Debit,Completed,,Loan Payment - LN2019020001017,False,,1.57,,Automated,Home Loan,standard_payment,False,loan_payment_generator,False,
TXNL202000000404,ACC0003387,COM19000040,LN2019020001037,LDO20200000235,16,2020-06-11,02:14:17,3782.99,Debit,Completed,,Loan Payment - LN2019020001037,False,,1.16,,Automated,Business Loan,standard_payment,False,loan_payment_generator,False,
TXNL202000000405,ACC0003126,IND19007989,LN2019020001039,LDO20200000102,16,2020-06-25,02:44:55,1798.75,Debit,Completed,,Loan Payment - LN2019020001039,False,,0.7,,Automated,Vehicle Loan,standard_payment,False,loan_payment_generator,True,amount_rounding_error
TXNL202000000406,ACC0002094,IND19009892,LN2019020001042,LDO20200000236,16,2020-06-21,04:16:33,317.27,Debit,Completed,,Loan Payment - LN2019020001042,False,,1.3,,Automated,Home Loan,standard_payment,False,loan_payment_generator,False,
TXNL202000000407,ACC0002922,IND19017388,LN2019020001066,LDO20200000237,16,2020-06-26,03:49:19,3091.61,Debit,Completed,,Loan Payment - LN2019020001066,False,,1.91,,Automated,Personal Loan,standard_payment,False,loan_payment_generator,False,
TXNL202000000408,ACC0003103,IND19002063,LN2019020001071,LDO20200000238,16,2020-06-28,04:24:57,1847.29,Debit,Completed,,Loan Payment - LN2019020001071,False,,0.09,,Automated,Home Loan,standard_payment,False,loan_payment_generator,False,
TXNL202000000409,ACC0002842,IND19014493,LN2019020001076,LDO20200000239,16,2020-06-26,02:23:55,821.56,Debit,Completed,,Loan Payment - LN2019020001076,False,,0.22,,Automated,Home Loan,standard_payment,False,loan_payment_generator,False,
TXNL202000000410,ACC0002380,IND19009296,LN2019020001080,LDO20200000240,16,2020-06-12,03:09:35,753.89,Debit,Completed,,Loan Payment - LN2019020001080,False,,0.65,,Automated,Home Loan,standard_payment,False,loan_payment_generator,False,
TXNL202000000411,ACC0002532,IND19011247,LN2019020001085,LDO20200000241,15,2020-06-04,02:36:59,6086.03,Debit,Completed,,Loan Payment - LN2019020001085,False,,1.21,,Automated,Vehicle Loan,standard_payment,False,loan_payment_generator,False,
TXNL202000000412,ACC0001696,IND19002701,LN2019020001092,LDO20200000242,16,2020-06-22,04:08:21,3045.49,Debit,Completed,,Loan Payment - LN2019020001092,False,,1.28,,Automated,Home Loan,standard_payment,False,loan_payment_generator,False,
TXNL202000000413,ACC0002035,IND19007323,LN2019020001096,LDO20200000011,16,2020-06-12,03:18:34,2243.88,Debit,Completed,,Loan Payment - LN2019020001096,False,,1.17,,Automated,Personal Loan,standard_payment,False,loan_payment_generator,False,
TXNL202000000414,ACC0002258,IND19014680,LN2019020001105,LDO20200000243,16,2020-06-20,03:37:25,954.34,Debit,Completed,,Loan Payment - LN2019020001105,False,,1.23,,Automated,Home Loan,standard_payment,False,loan_payment_generator,False,
TXNL202000000415,ACC0001973,IND19016866,LN2019020001109,LDO20200000012,15,2020-06-07,02:03:20,174.42,Debit,Completed,,Loan Payment - LN2019020001109,False,,1.93,,Automated,Home Loan,standard_payment,False,loan_payment_generator,False,
TXNL202000000416,ACC0003282,IND19007494,LN2019020001115,LDO20200000013,16,2020-06-25,04:02:44,1527.34,Debit,Completed,,Loan Payment - LN2019020001115,False,,1.68,,Automated,Home Loan,standard_payment,False,loan_payment_generator,False,
TXNL202000000417,ACC0002616,IND19013889,LN2019020001123,LDO20200000244,15,2020-06-10,02:43:35,3074.89,Debit,Completed,,Loan Payment - LN2019020001123,False,,0.2,,Automated,Home Loan,standard_payment,False,loan_payment_generator,False,
TXNL202000000418,ACC0002088,IND19007131,LN2019020001137,LDO20200000245,16,2020-06-21,03:34:22,2386.69,Debit,Completed,,Loan Payment - LN2019020001137,False,,1.7,,Automated,Personal Loan,standard_payment,False,loan_payment_generator,False,
TXNL202000000419,ACC0002746,IND19001135,LN2019020001140,LDO20200000246,16,2020-06-15,04:36:04,444.68,Debit,Completed,,Loan Payment - LN2019020001140,False,,0.28,,Automated,Home Loan,standard_payment,False,loan_payment_generator,False,
TXNL202000000420,ACC0002796,IND19012904,LN2019020001152,LDO20200000247,16,2020-06-20,04:30:11,1794.58,Debit,Completed,,Loan Payment - LN2019020001152 - Partial,False,,1.75,,Automated,Personal Loan,partial_payment,False,loan_payment_generator,False,
TXNL202000000421,ACC0001931,IND19007273,LN2019020001154,LDO20200000005,16,2020-06-23,03:15:31,5304.28,Debit,Completed,,Loan Payment - LN2019020001154,False,,1.03,,Automated,Home Loan,standard_payment,False,loan_payment_generator,False,
TXNL202000000422,ACC0001963,IND19000852,LN2019020001162,LDO20200000248,15,2020-06-02,03:58:52,2113.68,Debit,Completed,,Loan Payment - LN2019020001162,False,,1.91,,Automated,Vehicle Loan,standard_payment,False,loan_payment_generator,False,
TXNL202000000423,ACC0003255,IND19007580,LN2019020001166,LDO20200000006,15,2020-06-04,03:23:51,4556.35,Debit,Completed,,Loan Payment - LN2019020001166,False,,1.75,,Automated,Personal Loan,standard_payment,False,loan_payment_generator,False,
TXNL202000000424,ACC0002548,IND19009203,LN2019020001173,LDO20200000249,16,2020-06-15,03:15:12,1358.4,Debit,Completed,,Loan Payment - LN2019020001173,False,,0.79,,Automated,Vehicle Loan,standard_payment,False,loan_payment_generator,False,
TXNL202000000425,ACC0002414,IND19014095,LN2019020001175,LDO20200000250,16,2020-06-12,03:18:22,2140.35,Debit,Completed,,Loan Payment - LN2019020001175,False,,0.25,,Automated,Personal Loan,standard_payment,False,loan_payment_generator,False,
TXNL202000000426,ACC0003373,COM19000122,LN2019020001179,LDO20200000251,15,2020-06-03,03:31:38,10387.14,Debit,Completed,,Loan Payment - LN2019020001179 - Late Fee,False,,1.88,,Automated,Business Loan,late_payment,False,loan_payment_generator,False,
TXNL202000000427,ACC0002883,IND19001519,LN2019020001184,LDO20200000040,16,2020-06-19,02:18:18,4495.62,Debit,Completed,,Loan Payment - LN2019020001184,False,,0.46,,Automated,Personal Loan,standard_payment,False,loan_payment_generator,False,
TXNL202000000428,ACC0002914,IND19000645,LN2019020001200,LDO20200000253,16,2020-06-23,02:32:09,1199.23,Debit,Completed,,Loan Payment - LN2019020001200,False,,1.69,,Automated,Personal Loan,standard_payment,False,loan_payment_generator,False,
TXNL202000000429,ACC0002010,IND19014883,LN2019020001206,LDO20200000024,16,2020-06-19,03:28:51,1419.76,Debit,Completed,,Loan Payment - LN2019020001206,False,,1.9,,Automated,Vehicle Loan,standard_payment,False,loan_payment_generator,False,
TXNL202000000430,ACC0002804,IND19008905,LN2019020001208,LDO20200000254,15,2020-06-05,02:49:04,2772.91,Debit,Completed,,Loan Payment - LN2019020001208,False,,1.42,,Automated,Vehicle Loan,standard_payment,False,loan_payment_generator,False,
TXNL202000000431,ACC0003009,IND19000437,LN2019020001218,LDO20200000103,16,2020-06-12,03:50:28,1473.91,Debit,Completed,,Loan Payment - LN2019020001218,False,,0.4,,Automated,Vehicle Loan,standard_payment,False,loan_payment_generator,False,
TXNL202000000432,ACC0002355,IND19008560,LN2019020001219,LDO20200000255,16,2020-06-24,02:43:11,1553.81,Debit,Completed,,Loan Payment - LN2019020001219,False,,1.96,,Automated,Vehicle Loan,standard_payment,False,loan_payment_generator,False,
TXNL202000000433,ACC0002716,IND19017246,LN2019020001222,LDO20200000256,16,2020-06-27,02:30:36,2880.23,Debit,Failed,bank_timeout,Loan Payment - LN2019020001222 - Recovery,False,,0.15,,Automated,Personal Loan,recovery_payment,True,loan_payment_generator,False,
TXNL202000000434,ACC0003356,IND19007954,LN2019020001223,LDO20200000041,16,2020-06-25,02:43:17,9523.02,Debit,Completed,,Loan Payment - LN2019020001223,False,,1.51,,Automated,Personal Loan,standard_payment,False,loan_payment_generator,False,
TXNL202000000435,ACC0002600,IND19015358,LN2019020001229,LDO20200000257,16,2020-06-09,02:38:29,491.51,Debit,Completed,,Loan Payment - LN2019020001229,False,,1.18,,Automated,Home Loan,standard_payment,False,loan_payment_generator,False,
TXNL202000000436,ACC0002246,IND19004617,LN2019020001243,LDO20200000258,16,2020-06-25,02:47:57,5200.98,Debit,Completed,,Loan Payment - LN2019020001243,False,,0.91,,Automated,Home Loan,standard_payment,False,loan_payment_generator,False,
TXNL202000000437,ACC0003075,IND19016421,LN2019020001249,LDO20200000259,16,2020-06-16,02:51:38,1810.88,Debit,Completed,,Loan Payment - LN2019020001249,False,,1.51,,Automated,Personal Loan,standard_payment,False,loan_payment_generator,False,
TXNL202000000438,ACC0002427,IND19009616,LN2019020001250,LDO20200000260,15,2020-06-02,02:30:44,3894.08,Debit,Completed,,Loan Payment - LN2019020001250,False,,0.69,,Automated,Personal Loan,standard_payment,False,loan_payment_generator,False,
TXNL202000000439,ACC0001882,IND19006814,LN2019020001256,LDO20200000261,16,2020-06-21,03:46:20,5583.94,Debit,Completed,,Loan Payment - LN2019020001256,False,,1.15,,Automated,Personal Loan,standard_payment,False,loan_payment_generator,False,
TXNL202000000440,ACC0002651,IND19009080,LN2019020001275,LDO20200000042,16,2020-06-21,03:07:09,1804.02,Debit,Completed,,Loan Payment - LN20190200...,False,,0.33,,Automated,Vehicle Loan,standard_payment,False,loan_payment_generator,True,truncated_description
TXNL202000000441,ACC0001686,IND19008913,LN2019020001278,LDO20200000014,16,2020-06-23,04:09:29,587.4,Debit,Completed,,Loan Payment - LN2019020001278,False,,1.55,,Automated,Home Loan,standard_payment,False,loan_payment_generator,False,
TXNL202000000442,ACC0002843,IND19009059,LN2019020001279,LDO20200000104,16,2020-06-11,03:50:18,1661.09,Debit,Completed,,Loan Payment - LN2019020001279,False,,0.54,,Automated,Home Loan,standard_payment,False,loan_payment_generator,False,
TXNL202000000443,ACC0003172,IND19000281,LN2019020001280,LDO20200000262,15,2020-06-02,03:09:54,217.27,Debit,Completed,,Loan Payment - LN2019020001280,False,,0.4,,Automated,Home Loan,standard_payment,False,loan_payment_generator,False,
TXNL202000000444,ACC0002219,IND19006312,LN2019020001283,LDO20200000105,15,2020-06-03,04:59:31,2061.08,Debit,Completed,,Loan Payment - LN2019020001283,False,,1.05,,Automated,Home Loan,standard_payment,False,loan_payment_generator,False,
TXNL202000000445,ACC0002854,IND19005459,LN2019020001284,LDO20200000263,15,2020-06-01,02:51:41,2598.9,Debit,Completed,,Loan Payment - LN2019020001284 - Late Fee,False,,1.94,,Automated,Vehicle Loan,late_payment,False,loan_payment_generator,False,
TXNL202000000446,ACC0002285,IND19014584,LN2019020001295,LDO20200000264,16,2020-06-27,02:35:32,3081.3,Debit,Completed,,Loan Payment - LN2019020001295,False,,0.78,,Automated,Personal Loan,standard_payment,False,loan_payment_generator,False,
TXNL202000000447,ACC0002565,IND19014379,LN2019020001297,LDO20200000106,15,2020-06-01,03:53:08,1762.53,Debit,Completed,,Loan Payment - LN2019020001297,False,,1.49,,Automated,Home Loan,standard_payment,False,loan_payment_generator,False,
TXNL202000000448,ACC0002706,IND19008660,LN2019020001302,LDO20200000265,15,2020-06-03,04:44:01,1028.93,Debit,Completed,,Loan Payment - LN2019020001302,False,,0.84,,Automated,Vehicle Loan,standard_payment,False,loan_payment_generator,False,
TXNL202000000449,ACC0002608,IND19002868,LN2019020001303,LDO20200000107,15,2020-06-03,02:51:28,537.81,Debit,Completed,,Loan Payment - LN2019020001303,False,,0.88,,Automated,Vehicle Loan,standard_payment,False,loan_payment_generator,False,
TXNL202000000450,ACC0003229,IND19017654,LN2019020001304,LDO20200000108,15,2020-06-04,03:42:51,1867.13,Debit,Completed,,Loan Payment - LN2019020001304 - Late Fee,False,,1.35,,Automated,Vehicle Loan,late_payment,False,loan_payment_generator,False,
TXNL202000000451,ACC0002126,IND19017584,LN2019020001307,LDO20200000266,16,2020-06-08,02:59:24,560.85,Debit,Completed,,Loan Payment - LN2019020001307,False,,0.15,,Automated,Personal Loan,standard_payment,False,loan_payment_generator,False,
TXNL202000000452,ACC0002865,IND19014744,LN2019020001331,LDO20200000267,16,2020-06-24,04:49:33,2376.76,Debit,Completed,,Loan Payment - LN2019020001331,False,,1.17,,Automated,Home Loan,standard_payment,False,loan_payment_generator,False,
TXNL202000000453,ACC0003085,IND19014153,LN2019020001339,LDO20200000268,16,2020-06-10,03:18:16,3059.41,Debit,Completed,,Loan Payment - LN2019020001339,False,,1.6,,Automated,Home Loan,standard_payment,False,loan_payment_generator,False,
TXNL202000000454,ACC0002844,IND19010577,LN2019020001341,,16,2020-06-24,04:08:47,458.98,Debit,Completed,,Loan Payment - LN2019020001341,False,,2.5,,Automated,Home Loan,standard_payment,False,loan_payment_generator,False,
TXNL202000000455,ACC0001982,IND19011705,LN2019020001344,LDO20200000269,15,2020-06-02,02:35:12,1430.9,Debit,Completed,,Loan Payment - LN2019020001344,False,,0.66,,Automated,Personal Loan,standard_payment,False,loan_payment_generator,False,
TXNL202000000456,ACC0003348,IND19007382,LN2019020001350,LDO20200000109,15,2020-06-03,02:03:35,432.03,Debit,Completed,,Loan Payment - LN2019020001350,False,,0.25,,Automated,Home Loan,standard_payment,False,loan_payment_generator,False,
TXNL202000000457,ACC0002667,IND19017137,LN2019020001354,LDO20200000270,16,2020-06-08,03:39:41,2323.52,Debit,Completed,,Loan Payment - LN2019020001354,False,,1.27,,Automated,Vehicle Loan,standard_payment,False,loan_payment_generator,False,
TXNL202000000458,ACC0002043,IND19013344,LN2019020001362,LDO20200000271,16,2020-06-27,04:28:12,3328.32,Debit,Completed,,Loan Payment - LN2019020001362 - Partial,False,,0.77,,Automated,Home Loan,partial_payment,False,loan_payment_generator,False,
TXNL202000000459,ACC0002386,IND19005252,LN2019020001365,LDO20200000272,16,2020-06-27,02:08:50,1806.38,Debit,Completed,,Loan Payment - LN2019020001365 - Recovery,False,,0.71,,Automated,Home Loan,recovery_payment,True,loan_payment_generator,False,
TXNL202000000460,ACC0002944,IND19011863,LN2019020001367,LDO20200000110,16,2020-06-26,02:31:35,12053.02,Debit,Completed,,Loan Payment - LN2019020001367,False,,0.43,,Automated,Personal Loan,standard_payment,False,loan_payment_generator,False,
TXNL202000000461,ACC0001839,IND19013991,LN2019020001369,LDO20200000111,16,2020-06-23,03:26:28,1996.53,Debit,Completed,,Loan Payment - LN2019020001369,False,,0.26,,Automated,Home Loan,standard_payment,False,loan_payment_generator,False,
TXNL202000000462,ACC0002465,IND19016811,LN2019020001377,LDO20200000273,15,2020-06-05,04:53:19,1543.7,Debit,Completed,,Loan Payment - LN2019020001377,False,,0.44,,Automated,Personal Loan,standard_payment,False,loan_payment_generator,False,
TXNL202000000463,ACC0001894,IND19004378,LN2019020001378,LDO20200000274,15,2020-06-05,04:33:29,1609.2,Debit,Completed,,Loan Payment - LN2019020001378,False,,1.72,,Automated,Home Loan,standard_payment,False,loan_payment_generator,False,
TXNL202000000464,ACC0003318,IND19006216,LN2019020001380,LDO20200000025,15,2020-06-07,02:06:04,2094.85,Debit,Completed,,Loan Payment - LN20190200...,False,,0.21,,Automated,Personal Loan,standard_payment,False,loan_payment_generator,True,truncated_description
TXNL202000000465,ACC0002531,IND19001693,LN2019020001383,LDO20200000275,16,2020-06-12,02:48:44,3180.5,Debit,Completed,,Loan Payment - LN2019020001383,False,,1.53,,Automated,Home Loan,standard_payment,False,loan_payment_generator,False,
TXNL202000000466,ACC0003067,IND19018432,LN2019020001385,LDO20200000043,16,2020-06-17,04:30:56,4889.5,Debit,Completed,,Loan Payment - LN2019020001385,False,,1.23,,Automated,Home Loan,standard_payment,False,loan_payment_generator,False,
TXNL202000000467,ACC0002086,IND19008021,LN2019020001388,LDO20200000112,15,2020-06-02,03:08:06,14055.17,Debit,Completed,,Loan Payment - LN2019020001388,False,,0.99,,Automated,Personal Loan,standard_payment,False,loan_payment_generator,False,
TXNL202000000468,ACC0002270,IND19008555,LN2019020001392,LDO20200000276,16,2020-06-19,04:43:02,2802.46,Debit,Completed,,Loan Payment - LN2019020001392,False,,1.85,,Automated,Vehicle Loan,standard_payment,False,loan_payment_generator,False,
TXNL202000000469,ACC0002271,IND19005363,LN2019020001405,LDO20200000277,16,2020-06-18,04:08:20,682.27,Debit,Completed,,Loan Payment - LN2019020001405,False,,1.74,,Automated,Vehicle Loan,standard_payment,False,loan_payment_generator,False,
TXNL202000000470,ACC0002819,IND19016628,LN2019020001421,LDO20200000278,16,2020-06-19,02:46:56,1829.68,Debit,Completed,,Loan Payment - LN2019020001421,False,,1.48,,Automated,Personal Loan,standard_payment,False,loan_payment_generator,True,amount_rounding_error
TXNL202000000471,ACC0002781,IND19014982,LN2019020001437,LDO20200000113,16,2020-06-21,02:36:06,2580.86,Debit,Completed,,Loan Payment - LN2019020001437,False,,0.67,,Automated,Home Loan,standard_payment,False,loan_payment_generator,False,
TXNL202000000472,ACC0003309,IND19012910,LN2019020001438,LDO20200000044,16,2020-06-18,04:27:11,629.22,Debit,Completed,,Loan Payment - LN2019020001438,False,,1.24,,Automated,Personal Loan,standard_payment,False,loan_payment_generator,False,
TXNL202000000473,ACC0001887,IND19001120,LN2019020001448,LDO20200000003,15,2020-06-06,04:07:12,1710.45,Debit,Completed,,Loan Payment - LN2019020001448,False,,0.62,,Automated,Home Loan,standard_payment,False,loan_payment_generator,False,
TXNL202000000474,ACC0001924,IND19001686,LN2019020001456,LDO20200000114,16,2020-06-15,04:15:58,8307.36,Debit,Completed,,Loan Payment - LN2019020001456,False,,0.55,,Automated,Home Loan,standard_payment,False,loan_payment_generator,False,
TXNL202000000475,ACC0002986,IND19008991,LN2019020001462,LDO20200000279,16,2020-06-27,04:23:05,2537.64,Debit,Completed,,Loan Payment - LN2019020001462 - Extra Principal,False,,1.88,,Automated,Personal Loan,extra_payment,False,loan_payment_generator,False,
TXNL202000000476,ACC0002313,IND19000581,LN2019020001463,LDO20200000115,15,2020-06-01,04:53:32,1624.82,Debit,Completed,,Loan Payment - LN2019020001463,False,,1.08,,Automated,Home Loan,standard_payment,False,loan_payment_generator,False,
TXNL202000000477,ACC0002541,IND19004970,LN2019020001474,LDO20200000280,16,2020-06-18,03:52:35,1089.48,Debit,Completed,,Loan Payment - LN2019020001474 - Late Fee,False,,1.84,,Automated,Home Loan,late_payment,False,loan_payment_generator,False,
TXNL202000000478,ACC0001943,IND19008817,LN2019020001478,LDO20200000045,16,2020-06-25,04:55:31,2082.42,Debit,Completed,,Loan Payment - LN2019020001478,False,,0.92,,Automated,Vehicle Loan,standard_payment,False,loan_payment_generator,False,
TXNL202000000479,ACC0001683,IND19010211,LN2019020001483,LDO20200000281,16,2020-06-16,03:02:32,2642.7,Debit,Completed,,Loan Payment - LN2019020001483,False,,0.65,,Automated,Vehicle Loan,standard_payment,False,loan_payment_generator,False,
TXNL202000000480,ACC0002525,IND19004722,LN2019020001484,LDO20200000282,16,2020-06-21,02:37:24,2876.27,Debit,Completed,,Loan Payment - LN2019020001484,False,,1.5,,Automated,Personal Loan,standard_payment,False,loan_payment_generator,False,
TXNL202000000481,ACC0002484,IND19004147,LN2019020001508,LDO20200000015,16,2020-06-20,02:10:36,1841.6,Debit,Completed,,Loan Payment - LN20190200...,False,,0.46,,Automated,Home Loan,standard_payment,False,loan_payment_generator,True,truncated_description
TXNL202000000482,ACC0003296,IND19010605,LN2019020001509,LDO20200000046,15,2020-06-01,02:09:45,1139.89,Debit,Completed,,Loan Payment - LN2019020001509,False,,0.23,,Automated,Personal Loan,standard_payment,False,loan_payment_generator,False,
TXNL202000000483,ACC0003244,IND19013831,LN2019020001511,LDO20200000283,16,2020-06-11,02:09:09,2369.53,Debit,Completed,,Loan Payment - LN2019020001511,False,,1.98,,Automated,Vehicle Loan,standard_payment,False,loan_payment_generator,False,
TXNL202000000484,ACC0002884,IND19002085,LN2019020001512,LDO20200000047,16,2020-06-22,03:29:47,415.57,Debit,Completed,,Loan Payment - LN2019020001512,False,,2.0,,Automated,Personal Loan,standard_payment,False,loan_payment_generator,False,
TXNL202000000485,ACC0001787,IND19006089,LN2019020001517,LDO20200000284,15,2020-06-05,04:50:35,5200.61,Debit,Completed,,Loan Payment - LN2019020001517,False,,1.26,,Automated,Home Loan,standard_payment,False,loan_payment_generator,False,
TXNL202000000486,ACC0002408,IND19009301,LN2019020001526,LDO20200000116,16,2020-06-16,02:35:37,5924.63,Debit,Completed,,Loan Payment - LN2019020001526,False,,1.69,,Automated,Personal Loan,standard_payment,False,loan_payment_generator,False,
TXNL202000000487,ACC0002325,IND19016171,LN2019020001529,LDO20200000285,16,2020-06-27,04:49:57,1154.7,Debit,Completed,,Loan Payment - LN2019020001529,False,,1.39,,Automated,Vehicle Loan,standard_payment,False,loan_payment_generator,False,
TXNL202000000488,ACC0002031,IND19007650,LN2019020001530,LDO20200000048,16,2020-06-28,03:03:15,2382.84,Debit,Completed,,Loan Payment - LN2019020001530,False,,0.48,,Automated,Vehicle Loan,standard_payment,False,loan_payment_generator,False,
TXNL202000000489,ACC0002674,IND19014651,LN2019020001536,LDO20200000117,16,2020-06-13,03:12:16,1251.24,Debit,Completed,,Loan Payment - LN2019020001536,False,,0.89,,Automated,Home Loan,standard_payment,False,loan_payment_generator,False,
TXNL202000000490,ACC0001964,IND19008409,LN2019020001539,LDO20200000286,16,2020-06-19,02:25:58,1350.81,Debit,Completed,,Loan Payment - LN2019020001539,False,,0.46,,Automated,Vehicle Loan,standard_payment,False,loan_payment_generator,False,
TXNL202000000491,ACC0002771,IND19011631,LN2019020001543,LDO20200000118,15,2020-06-02,04:48:18,2547.21,Debit,Completed,,Loan Payment - LN2019020001543,False,,1.37,,Automated,Vehicle Loan,standard_payment,False,loan_payment_generator,False,
TXNL202000000492,ACC0002828,IND19012622,LN2019020001549,LDO20200000049,16,2020-06-26,03:17:30,4329.31,Debit,Completed,,Loan Payment - LN2019020001549,False,,1.91,,Automated,Home Loan,standard_payment,False,loan_payment_generator,False,
TXNL202000000493,ACC0002736,IND19015711,LN2019020001555,LDO20200000050,15,2020-06-08,04:29:54,7311.86,Debit,Completed,,Loan Payment - LN2019020001555,False,,1.98,,Automated,Home Loan,standard_payment,False,loan_payment_generator,False,
TXNL202000000494,ACC0003106,IND19016907,LN2019020001560,LDO20200000119,15,2020-06-05,04:37:43,2506.76,Debit,Completed,,Loan Payment - LN2019020001560,False,,0.9,,Automated,Home Loan,standard_payment,False,loan_payment_generator,False,
TXNL202000000495,ACC0002358,IND19017857,LN2019020001563,LDO20200000287,15,2020-06-03,02:06:48,4348.02,Debit,Completed,,Loan Payment - LN2019020001563 - Late Fee,False,,1.5,,Automated,Personal Loan,late_payment,False,loan_payment_generator,False,
TXNL202000000496,ACC0003136,IND19002072,LN2019020001570,LDO20200000288,16,2020-06-17,03:11:47,9835.06,Debit,Completed,,Loan Payment - LN2019020001570,False,,1.28,,Automated,Personal Loan,standard_payment,False,loan_payment_generator,False,
TXNL202000000497,ACC0001800,IND19010748,LN2019020001576,LDO20200000289,16,2020-06-22,03:26:56,934.85,Debit,Completed,,Loan Payment - LN2019020001576,False,,1.22,,Automated,Home Loan,standard_payment,False,loan_payment_generator,False,
TXNL202000000498,ACC0002118,IND19002552,LN2019020001587,LDO20200000120,16,2020-06-18,03:02:41,1812.57,Debit,Completed,,Loan Payment - LN2019020001587,False,,0.58,,Automated,Home Loan,standard_payment,False,loan_payment_generator,False,
TXNL202000000499,ACC0002418,IND19013797,LN2019020001588,LDO20200000121,16,2020-06-14,04:47:42,3342.99,Debit,Completed,,Loan Payment - LN2019020001588,False,,1.44,,Automated,Vehicle Loan,standard_payment,False,loan_payment_generator,False,
TXNL202000000500,ACC0002407,IND19009301,LN2019020001589,LDO20200000122,15,2020-06-02,02:11:41,867.02,Debit,Completed,,Loan Payment - LN2019020001589,False,,0.29,,Automated,Home Loan,standard_payment,False,loan_payment_generator,False,
TXNL202000000501,ACC0002729,IND19003746,LN2019020001596,LDO20200000007,15,2020-06-04,04:24:45,992.54,Debit,Completed,,Loan Payment - LN2019020001596,False,,0.35,,Automated,Home Loan,standard_payment,False,loan_payment_generator,False,
TXNL202000000502,ACC0003379,COM19000033,LN2019020001598,LDO20200000051,16,2020-06-16,03:57:35,3115.2,Debit,Completed,,Loan Payment - LN2019020001598 - Recovery,False,,1.64,,Automated,Business Loan,recovery_payment,True,loan_payment_generator,False,
TXNL202000000503,ACC0002504,IND19013977,LN2019020001601,LDO20200000123,15,2020-06-02,04:38:10,12076.83,Debit,Completed,,Loan Payment - LN2019020001601,False,,1.99,,Automated,Personal Loan,standard_payment,False,loan_payment_generator,False,
TXNL202000000504,ACC0002096,IND19003254,LN2019020001615,LDO20200000290,16,2020-06-26,03:21:03,5224.83,Debit,Completed,,Loan Payment - LN2019020001615,False,,0.51,,Automated,Personal Loan,standard_payment,False,loan_payment_generator,False,
TXNL202000000505,ACC0002510,IND19002274,LN2019020001617,LDO20200000052,16,2020-06-27,03:21:56,2228.21,Debit,Completed,,Loan Payment - LN2019020001617,False,,0.83,,Automated,Home Loan,standard_payment,False,loan_payment_generator,False,
TXNL202000000506,ACC0001705,IND19014082,LN2019020001618,LDO20200000124,16,2020-06-22,03:41:50,1736.23,Debit,Completed,,Loan Payment - LN2019020001618,False,,1.71,,Automated,Home Loan,standard_payment,False,loan_payment_generator,False,
TXNL202000000507,ACC0002822,IND19006281,LN2019020001622,LDO20200000053,15,2020-06-02,03:54:27,4500.29,Debit,Completed,,Loan Payment - LN2019020001622,False,,1.25,,Automated,Vehicle Loan,standard_payment,False,loan_payment_generator,False,
TXNL202000000508,ACC0005214,IND19006678,LN2019030000006,LDO20200000291,15,2020-06-12,02:28:05,3968.84,Debit,Completed,,Loan Payment - LN2019030000006,False,,0.99,,Automated,Home Loan,standard_payment,False,loan_payment_generator,False,
TXNL202000000509,ACC0003560,IND19010424,LN2019030000010,LDO20200000125,15,2020-06-18,02:01:45,1231.21,Debit,Cancelled,customer_stop_instruction,Loan Payment - LN2019030000010,False,,1.03,,Automated,Home Loan,standard_payment,False,loan_payment_generator,False,
TXNL202000000510,ACC0004191,IND19015053,LN2019030000012,LDO20200000292,15,2020-06-13,02:18:30,670.56,Debit,Completed,,Loan Payment - LN2019030000012,False,,1.85,,Automated,Home Loan,standard_payment,False,loan_payment_generator,False,
TXNL202000000511,ACC0005240,IND19010259,LN2019030000015,LDO20200000293,15,2020-06-14,02:44:14,408.33,Debit,Completed,,Loan Payment - LN2019030000015,False,,0.25,,Automated,Home Loan,standard_payment,False,loan_payment_generator,False,
TXNL202000000512,ACC0004297,IND19005893,LN2019030000018,LDO20200000294,15,2020-06-16,04:41:48,4410.15,Debit,Completed,,Loan Payment - LN2019030000018,False,,1.98,,Automated,Home Loan,standard_payment,False,loan_payment_generator,False,
TXNL202000000513,ACC0004260,IND19001236,LN2019030000027,LDO20200000295,14,2020-06-01,03:39:31,646.24,Debit,Completed,,Loan Payment - LN20190300...,False,,0.25,,Automated,Home Loan,standard_payment,False,loan_payment_generator,True,truncated_description
TXNL202000000514,ACC0004727,IND19005207,LN2019030000029,LDO20200000126,15,2020-06-14,03:15:40,4512.25,Debit,Completed,,Loan Payment - LN2019030000029,False,,1.92,,Automated,Home Loan,standard_payment,False,loan_payment_generator,False,
TXNL202000000515,ACC0003650,IND19018294,LN2019030000031,LDO20200000296,15,2020-06-28,03:23:50,2710.55,Debit,Completed,,Loan Payment - LN2019030000031,False,,1.75,,Automated,Personal Loan,standard_payment,False,loan_payment_generator,False,
TXNL202000000516,ACC0004333,IND19009236,LN2019030000032,LDO20200000127,15,2020-06-24,03:28:11,2007.71,Debit,Completed,,Loan Payment - LN2019030000032,False,,1.63,,Automated,Home Loan,standard_payment,False,loan_payment_generator,False,
TXNL202000000517,ACC0004076,IND19009083,LN2019030000034,LDO20200000297,15,2020-06-24,03:18:50,1651.88,Debit,Completed,,Loan Payment - LN2019030000034,False,,1.2,,Automated,Personal Loan,standard_payment,False,loan_payment_generator,False,
TXNL202000000518,ACC0004876,IND19008354,LN2019030000035,LDO20200000298,14,2020-06-07,02:09:56,6265.24,Debit,Completed,,Loan Payment - LN2019030000035,False,,1.03,,Automated,Vehicle Loan,standard_payment,False,loan_payment_generator,False,
TXNL202000000519,ACC0003564,IND19020414,LN2019030000036,LDO20200000054,15,2020-06-23,03:10:31,3232.58,Debit,Completed,,Loan Payment - LN2019030000036,False,,0.46,,Automated,Vehicle Loan,standard_payment,False,loan_payment_generator,False,
TXNL202000000520,ACC0003537,IND19010522,LN2019030000043,LDO20200000299,14,2020-06-13,02:19:46,2859.03,Debit,Completed,,Loan Payment - LN2019030000043,False,,1.27,,Automated,Personal Loan,standard_payment,False,loan_payment_generator,False,
TXNL202000000521,ACC0004528,IND19009624,LN2019030000050,LDO20200000128,15,2020-06-26,04:51:46,3461.37,Debit,Completed,,Loan Payment - LN2019030000050,False,,1.16,,Automated,Home Loan,standard_payment,False,loan_payment_generator,False,
TXNL202000000522,ACC0003910,IND19014211,LN2019030000051,LDO20200000300,15,2020-06-28,05:18:57,1157.14,Debit,Completed,,Loan Payment - LN2019030000051,False,,0.62,,Automated,Personal Loan,standard_payment,False,loan_payment_generator,True,timestamp_shift
TXNL202000000523,ACC0005435,IND19007350,LN2019030000052,LDO20200000055,15,2020-06-30,03:23:53,4551.3,Debit,Completed,,Loan Payment - LN2019030000052,False,,0.31,,Automated,Home Loan,standard_payment,False,loan_payment_generator,False,
 TXNL202000000524 ,ACC0004853,IND19015189,LN2019030000054,LDO20200000301,15,2020-06-23,03:51:20,5218.47,Debit,Completed,,Loan Payment - LN2019030000054,False,,0.42,,Automated,Home Loan,standard_payment,False,loan_payment_generator,True,whitespace_in_id
TXNL202000000525,ACC0003436,IND19020844,LN2019030000059,LDO20200000026,15,2020-06-15,04:45:50,4783.25,Debit,Completed,,Loan Payment - LN2019030000059,False,,0.52,,Automated,Personal Loan,standard_payment,False,loan_payment_generator,False,
TXNL202000000526,ACC0005280,IND19003896,LN2019030000063,LDO20200000302,15,2020-06-18,02:48:40,5925.07,Debit,Completed,,Loan Payment - LN2019030000063 - Late Fee,False,,1.5,,Automated,Home Loan,late_payment,False,loan_payment_generator,False,
TXNL202000000527,ACC0003719,IND19005540,LN2019030000068,LDO20200000129,15,2020-06-11,04:30:59,1520.72,Debit,Completed,,Loan Payment - LN2019030000068 - Partial,False,,1.76,,Automated,Home Loan,partial_payment,False,loan_payment_generator,False,
TXNL202000000528,ACC0005297,IND19006641,LN2019030000078,LDO20200000303,14,2020-06-03,02:23:02,1346.58,Debit,Completed,,Loan Payment - LN2019030000078,False,,1.3,,Automated,Home Loan,standard_payment,False,loan_payment_generator,False,
TXNL202000000529,ACC0005434,IND19003857,LN2019030000087,LDO20200000056,14,2020-06-06,04:52:06,3602.08,Debit,Completed,,Loan Payment - LN2019030000087,False,,0.52,,Automated,Personal Loan,standard_payment,False,loan_payment_generator,False,
TXNL202000000530,ACC0003574,IND19015788,LN2019030000089,LDO20200000304,14,2020-06-10,04:06:34,603.11,Debit,Completed,,Loan Payment - LN2019030000089,False,,0.71,,Automated,Home Loan,standard_payment,False,loan_payment_generator,False,
TXNL202000000531,ACC0003832,IND19007607,LN2019030000092,LDO20200000130,15,2020-06-27,04:57:46,895.86,Debit,Completed,,Loan Payment - LN2019030000092 - Partial,False,,1.1,,Automated,Home Loan,partial_payment,False,loan_payment_generator,False,
TXNL202000000532,ACC0003996,IND19020718,LN2019030000102,LDO20200000131,14,2020-06-07,04:05:56,2617.61,Debit,Completed,,Loan Payment - LN2019030000102,False,,0.67,,Automated,Personal Loan,standard_payment,False,loan_payment_generator,False,
TXNL202000000533,ACC0005190,IND19012666,LN2019030000109,LDO20200000132,15,2020-06-21,03:22:15,1260.43,Debit,Completed,,Loan Payment - LN2019030000109,False,,1.16,,Automated,Personal Loan,standard_payment,False,loan_payment_generator,False,
TXNL202000000534,ACC0004198,IND19011595,LN2019030000116,LDO20200000305,14,2020-06-07,03:34:38,7124.67,Debit,Completed,,Loan Payment - LN2019030000116,False,,0.83,,Automated,Vehicle Loan,standard_payment,False,loan_payment_generator,False,
TXNL202000000535,ACC0005254,IND19003949,LN2019030000117,LDO20200000306,15,2020-06-24,02:25:40,3264.19,Debit,Completed,,Loan Payment - LN2019030000117,False,,0.82,,Automated,Home Loan,standard_payment,False,loan_payment_generator,False,
TXNL202000000536,ACC0004543,IND19009335,LN2019030000134,LDO20200000307,14,2020-06-07,02:22:08,1932.17,Debit,Completed,,Loan Payment - LN2019030000134,False,,1.56,,Automated,Vehicle Loan,standard_payment,False,loan_payment_generator,False,
TXNL202000000537,ACC0003783,IND19008845,LN2019030000144,LDO20200000057,15,2020-06-29,04:27:23,24549.15,Debit,Completed,,Loan Payment - LN2019030000144 - Extra Principal,False,,1.68,,Automated,Personal Loan,extra_payment,False,loan_payment_generator,False,
TXNL202000000538,ACC0004243,IND19015877,LN2019030000176,LDO20200000308,15,2020-06-16,03:00:17,2758.64,Debit,Completed,,Loan Payment - LN2019030000176,False,,0.96,,Automated,Personal Loan,standard_payment,False,loan_payment_generator,False,
TXNL202000000539,ACC0004115,IND19003240,LN2019030000182,LDO20200000309,15,2020-06-15,03:15:42,912.65,Debit,Completed,,Loan Payment - LN2019030000182,False,,0.08,,Automated,Home Loan,standard_payment,False,loan_payment_generator,False,
TXNL202000000540,ACC0004317,IND19004320,LN2019030000205,LDO20200000310,15,2020-06-24,07:44:57,3118.87,Debit,Completed,,Loan Payment - LN2019030000205,False,,1.39,,Automated,Home Loan,standard_payment,False,loan_payment_generator,True,timestamp_shift
TXNL202000000541,ACC0003889,IND19005638,LN2019030000206,LDO20200000133,15,2020-06-13,04:23:33,2546.03,Debit,Completed,,Loan Payment - LN2019030000206,False,,1.12,,Automated,Home Loan,standard_payment,False,loan_payment_generator,False,
TXNL202000000542,ACC0003504,IND19009407,LN2019030000214,LDO20200000311,14,2020-06-02,04:45:22,793.29,Debit,Completed,,Loan Payment - LN2019030000214,False,,0.43,,Automated,Home Loan,standard_payment,False,loan_payment_generator,False,
TXNL202000000543,ACC0004957,IND19010591,LN2019030000220,LDO20200000312,15,2020-06-20,03:01:30,425.06,Debit,Completed,,Loan Payment - LN2019030000220,False,,1.46,,Automated,Home Loan,standard_payment,False,loan_payment_generator,False,
TXNL202000000544,ACC0004931,IND19015369,LN2019030000222,LDO20200000313,15,2020-06-08,04:29:03,1855.82,Debit,Completed,,Loan Payment - LN2019030000222,False,,1.96,,Automated,Vehicle Loan,standard_payment,False,loan_payment_generator,False,
TXNL202000000545,ACC0005492,COM19000191,LN2019030000225,LDO20200000314,15,2020-06-19,03:17:32,20294.46,Debit,Completed,,Loan Payment - LN2019030000225,False,,1.17,,Automated,Business Loan,standard_payment,False,loan_payment_generator,False,
TXNL202000000546,ACC0004498,IND19007097,LN2019030000226,LDO20200000134,15,2020-06-20,04:22:43,518.95,Debit,Completed,,Loan Payment - LN2019030000226 - Partial,False,,0.56,,Automated,Home Loan,partial_payment,False,loan_payment_generator,False,
TXNL202000000547,ACC0004313,IND19007231,LN2019030000240,LDO20200000315,15,2020-06-30,04:21:30,1405.71,Debit,Completed,,Loan Payment - LN2019030000240 - Partial,False,,0.17,,Automated,Personal Loan,partial_payment,False,loan_payment_generator,False,
TXNL202000000548,ACC0005176,IND19003245,LN2019030000244,LDO20200000135,14,2020-06-01,03:23:05,961.72,Debit,Completed,,Loan Payment - LN2019030000244,False,,0.87,,Automated,Personal Loan,standard_payment,False,loan_payment_generator,False,
TXNL202000000549,ACC0005322,IND19021056,LN2019030000246,LDO20200000136,15,2020-06-11,03:59:21,389.34,Debit,Completed,,Loan Payment - LN2019030000246,False,,0.53,,Automated,Home Loan,standard_payment,False,loan_payment_generator,False,
TXNL202000000550,ACC0004245,IND19019206,LN2019030000252,LDO20200000316,15,2020-06-30,04:14:32,1053.35,Debit,Completed,,Loan Payment - LN2019030000252,False,,1.55,,Automated,Home Loan,standard_payment,False,loan_payment_generator,False,
TXNL202000000551,ACC0004054,IND19013514,LN2019030000253,LDO20200000137,15,2020-06-14,04:44:07,2341.8,Debit,Failed,daily_limit_exceeded,Loan Payment - LN2019030000253,False,,0.47,,Automated,Personal Loan,standard_payment,False,loan_payment_generator,False,
TXNL202000000552,ACC0005457,IND19006688,LN2019030000254,LDO20200000138,14,2020-06-01,02:42:21,3642.53,Debit,Completed,,Loan Payment - LN2019030000254,False,,0.34,,Automated,Home Loan,standard_payment,False,loan_payment_generator,False,
TXNL202000000553,ACC0003512,IND19003923,LN2019030000262,LDO20200000317,15,2020-06-13,03:41:26,1179.33,Debit,Completed,,Loan Payment - LN2019030000262,False,,0.27,,Automated,Home Loan,standard_payment,False,loan_payment_generator,False,
TXNL202000000554,ACC0005494,COM19000146,LN2019030000264,LDO20200000058,15,2020-06-16,04:47:50,3852.3,Debit,Completed,,Loan Payment - LN2019030000264,False,,1.87,,Automated,Business Loan,standard_payment,False,loan_payment_generator,False,
TXNL202000000555,ACC0003703,IND19020177,LN2019030000293,LDO20200000059,14,2020-06-02,02:04:14,12021.31,Debit,Completed,,Loan Payment - LN2019030000293,False,,1.08,,Automated,Personal Loan,standard_payment,False,loan_payment_generator,False,
TXNL202000000556,ACC0004383,IND19004128,LN2019030000294,LDO20200000318,15,2020-06-28,02:31:23,7204.7,Debit,Completed,,Loan Payment - LN2019030000294,False,,0.2,,Automated,Vehicle Loan,standard_payment,False,loan_payment_generator,False,
TXNL202000000557,ACC0004854,IND19020108,LN2019030000298,LDO20200000319,15,2020-06-23,04:01:42,2850.47,Debit,Completed,,Loan Payment - LN2019030000298,False,,0.68,,Automated,Home Loan,standard_payment,False,loan_payment_generator,False,
TXNL202000000558,ACC0003435,IND19000025,LN2019030000305,LDO20200000320,15,2020-06-11,04:48:45,3683.48,Debit,Completed,,Loan Payment - LN2019030000305,False,,0.28,,Automated,Personal Loan,standard_payment,False,loan_payment_generator,False,
TXNL202000000559,ACC0004999,IND19020592,LN2019030000308,LDO20200000321,15,2020-06-29,03:53:02,3832.58,Debit,Completed,,Loan Payment - LN2019030000308,False,,1.52,,Automated,Vehicle Loan,standard_payment,False,loan_payment_generator,False,
TXNL202000000560,ACC0003973,IND19002029,LN2019030000312,LDO20200000060,15,2020-06-13,04:09:21,2329.36,Debit,Completed,,Loan Payment - LN2019030000312,False,,0.58,,Automated,Home Loan,standard_payment,False,loan_payment_generator,False,
TXNL202000000561,ACC0003767,IND19010272,LN2019030000318,LDO20200000139,14,2020-06-05,03:45:36,675.48,Debit,Completed,,Loan Payment - LN2019030000318,False,,1.44,,Automated,Vehicle Loan,standard_payment,False,loan_payment_generator,False,
TXNL202000000562,ACC0003411,IND19008372,LN2019030000339,LDO20200000322,15,2020-06-27,04:42:58,6184.7,Debit,Completed,,Loan Payment - LN2019030000339,False,,0.96,,Automated,Home Loan,standard_payment,False,loan_payment_generator,False,
TXNL202000000563,ACC0004732,IND19004385,LN2019030000342,LDO20200000140,15,2020-06-16,03:45:08,3272.19,Debit,Completed,,Loan Payment - LN2019030000342,False,,0.61,,Automated,Personal Loan,standard_payment,False,loan_payment_generator,False,
TXNL202000000564,ACC0003793,IND19002358,LN2019030000343,LDO20200000141,15,2020-06-28,04:56:55,1665.66,Debit,Cancelled,customer_stop_instruction,Loan Payment - LN2019030000343,False,,0.38,,Automated,Home Loan,standard_payment,False,loan_payment_generator,False,
TXNL202000000565,ACC0004289,IND19009614,LN2019030000347,LDO20200000142,15,2020-06-25,03:41:11,1961.73,Debit,Completed,,Loan Payment - LN2019030000347,False,,1.45,,Automated,Vehicle Loan,standard_payment,False,loan_payment_generator,False,
TXNL202000000566,ACC0003432,IND19001478,LN2019030000356,LDO20200000027,15,2020-06-16,04:41:42,2828.05,Debit,Completed,,Loan Payment - LN2019030000356 - Partial,False,,1.95,,Automated,Home Loan,partial_payment,False,loan_payment_generator,False,
TXNL202000000567,ACC0004762,IND19013396,LN2019030000360,LDO20200000323,15,2020-06-15,02:38:38,213.26,Debit,Failed,bank_timeout,Loan Payment - LN2019030000360,False,,1.35,,Automated,Home Loan,standard_payment,False,loan_payment_generator,False,
TXNL202000000568,ACC0004160,IND19003283,LN2019030000368,LDO20200000061,15,2020-06-20,04:48:19,1637.76,Debit,Completed,,Loan Payment - LN20190300...,False,,1.33,,Automated,Home Loan,standard_payment,False,loan_payment_generator,True,truncated_description
TXNL202000000569,ACC0003795,IND19016035,LN2019030000389,LDO20200000143,14,2020-06-07,03:20:38,1753.46,Debit,Completed,,Loan Payment - LN2019030000389,False,,0.25,,Automated,Vehicle Loan,standard_payment,False,loan_payment_generator,False,
TXNL202000000570,ACC0003732,IND19022003,LN2019030000395,LDO20200000324,15,2020-06-11,02:26:41,3122.53,Debit,Completed,,Loan Payment - LN2019030000395,False,,1.53,,Automated,Vehicle Loan,standard_payment,False,loan_payment_generator,False,
TXNL202000000571,ACC0004759,IND19011023,LN2019030000399,LDO20200000325,15,2020-06-21,02:44:52,2154.47,Debit,Completed,,Loan Payment - LN2019030000399 - Partial,False,,0.83,,Automated,Home Loan,partial_payment,False,loan_payment_generator,False,
TXNL202000000572,ACC0005107,IND19001030,LN2019030000413,LDO20200000326,14,2020-06-01,03:01:16,1073.05,Debit,Completed,,Loan Payment - LN2019030000413,False,,1.07,,Automated,Home Loan,standard_payment,False,loan_payment_generator,False,
TXNL202000000573,ACC0004831,IND19016980,LN2019030000414,LDO20200000327,14,2020-06-02,04:16:44,377.57,Debit,Failed,insufficient_funds,Loan Payment - LN2019030000414,False,,0.37,,Automated,Home Loan,standard_payment,False,loan_payment_generator,False,
TXNL202000000574,ACC0004143,IND19017809,LN2019030000422,LDO20200000144,15,2020-06-14,02:34:58,3694.88,Debit,Completed,,Loan Payment - LN2019030000422,False,,0.03,,Automated,Home Loan,standard_payment,False,loan_payment_generator,False,
TXNL202000000575,ACC0004881,IND19013014,LN2019030000423,LDO20200000328,15,2020-06-30,02:24:07,8207.83,Debit,Completed,,Loan Payment - LN2019030000423,False,,1.81,,Automated,Personal Loan,standard_payment,False,loan_payment_generator,False,
TXNL202000000576,ACC0003542,IND19013270,LN2019030000426,LDO20200000145,15,2020-06-24,04:33:26,2105.9,Debit,Completed,,Loan Payment - LN2019030000426,False,,1.15,,Automated,Home Loan,standard_payment,False,loan_payment_generator,False,
TXNL202000000577,ACC0004035,IND19006264,LN2019030000433,LDO20200000146,15,2020-06-30,03:22:10,3407.66,Debit,Completed,,Loan Payment - LN2019030000433,False,,1.76,,Automated,Home Loan,standard_payment,False,loan_payment_generator,False,
TXNL202000000578,ACC0005171,IND19010534,LN2019030000456,LDO20200000147,15,2020-06-15,03:41:38,3151.81,Debit,Completed,,Loan Payment - LN2019030000456,False,,0.49,,Automated,Home Loan,standard_payment,False,loan_payment_generator,False,
TXNL202000000579,ACC0004100,IND19019312,LN2019030000465,LDO20200000148,15,2020-06-28,03:55:57,2713.08,Debit,Completed,,Loan Payment - LN2019030000465,False,,1.19,,Automated,Home Loan,standard_payment,False,loan_payment_generator,False,
TXNL202000000580,ACC0005123,IND19004145,LN2019030000478,LDO20200000329,15,2020-06-29,03:14:13,3191.8,Debit,Completed,,Loan Payment - LN2019030000478,False,,1.3,,Automated,Vehicle Loan,standard_payment,False,loan_payment_generator,False,
TXNL202000000581,ACC0004905,IND19004211,LN2019030000480,LDO20200000028,15,2020-06-29,04:17:56,811.82,Debit,Completed,,Loan Payment - LN2019030000480,False,,0.01,,Automated,Home Loan,standard_payment,False,loan_payment_generator,False,
TXNL202000000582,ACC0003971,IND19011002,LN2019030000484,LDO20200000149,15,2020-06-15,02:10:37,1780.54,Debit,Completed,,Loan Payment - LN2019030000484,False,,1.27,,Automated,Home Loan,standard_payment,False,loan_payment_generator,False,
TXNL202000000583,ACC0003590,IND19002386,LN2019030000486,LDO20200000062,14,2020-06-01,03:47:19,6097.57,Debit,Completed,,Loan Payment - LN2019030000486,False,,0.38,,Automated,Personal Loan,standard_payment,False,loan_payment_generator,False,
TXNL202000000584,ACC0004485,IND19003032,LN2019030000487,LDO20200000330,15,2020-06-18,04:46:55,3080.68,Debit,Completed,,Loan Payment - LN2019030000487,False,,1.75,,Automated,Vehicle Loan,standard_payment,False,loan_payment_generator,False,
TXNL202000000585,ACC0005367,IND19019184,LN2019030000489,LDO20200000150,15,2020-06-27,04:52:35,5880.12,Debit,Completed,,Loan Payment - LN2019030000489,False,,0.36,,Automated,Home Loan,standard_payment,False,loan_payment_generator,False,
TXNL202000000586,ACC0004563,IND19000327,LN2019030000505,LDO20200000331,14,2020-06-05,04:00:14,408.5,Debit,Completed,,Loan Payment - LN2019030000505,False,,1.77,,Automated,Home Loan,standard_payment,False,loan_payment_generator,False,
TXNL202000000587,ACC0005365,IND19011964,LN2019030000511,LDO20200000151,14,2020-06-06,04:47:14,2125.86,Debit,Completed,,Loan Payment - LN2019030000511,False,,1.67,,Automated,Vehicle Loan,standard_payment,False,loan_payment_generator,False,
TXNL202000000588,ACC0004943,IND19018779,LN2019030000527,LDO20200000152,14,2020-06-05,04:31:07,1991.81,Debit,Completed,,Loan Payment - LN2019030000527 - Late Fee,False,,1.5,,Automated,Vehicle Loan,late_payment,False,loan_payment_generator,False,
TXNL202000000589,ACC0003885,IND19019580,LN2019030000538,LDO20200000153,15,2020-06-17,02:28:52,1024.83,Debit,Completed,,Loan Payment - LN2019030000538,False,,0.72,,Automated,Vehicle Loan,standard_payment,False,loan_payment_generator,False,
TXNL202000000590,ACC0004102,IND19007126,LN2019030000546,LDO20200000154,14,2020-06-11,03:49:20,4083.36,Debit,Completed,,Loan Payment - LN2019030000546 - Extra Principal,False,,1.11,,Automated,Home Loan,extra_payment,False,loan_payment_generator,False,
TXNL202000000591,ACC0005234,IND19005109,LN2019030000563,LDO20200000332,15,2020-06-23,02:15:46,935.48,Debit,Completed,,Loan Payment - LN2019030000563,False,,1.12,,Automated,Home Loan,standard_payment,False,loan_payment_generator,False,
TXNL202000000592,ACC0003442,IND19005647,LN2019030000593,LDO20200000333,14,2020-06-01,04:25:09,370.02,Debit,Completed,,Loan Payment - LN2019030000593,False,,1.66,,Automated,Home Loan,standard_payment,False,loan_payment_generator,False,
TXNL202000000593,ACC0004163,IND19003743,LN2019030000595,LDO20200000334,15,2020-06-17,04:45:46,4104.03,Debit,Completed,,Loan Payment - LN2019030000595,False,,1.54,,Automated,Home Loan,standard_payment,False,loan_payment_generator,False,
TXNL202000000594,ACC0004850,IND19016373,LN2019030000608,LDO20200000155,15,2020-06-24,03:19:39,3509.24,Debit,Failed,mandate_limit,Loan Payment - LN2019030000608,False,,0.92,,Automated,Home Loan,standard_payment,False,loan_payment_generator,False,
TXNL202000000595,ACC0005089,IND19015343,LN2019030000613,LDO20200000335,14,2020-06-06,02:59:25,1443.63,Debit,Completed,,Loan Payment - LN20190300...,False,,0.52,,Automated,Home Loan,standard_payment,False,loan_payment_generator,True,truncated_description
TXNL202000000596,ACC0004856,IND19002897,LN2019030000628,LDO20200000336,15,2020-06-21,02:47:38,2410.33,Debit,Completed,,Loan Payment - LN2019030000628,False,,0.09,,Automated,Home Loan,standard_payment,False,loan_payment_generator,False,
TXNL202000000597,ACC0004133,IND19012062,LN2019030000629,LDO20200000337,14,2020-06-04,04:37:44,1136.06,Debit,Completed,,Loan Payment - LN2019030000629,False,,0.87,,Automated,Vehicle Loan,standard_payment,False,loan_payment_generator,False,
TXNL202000000598,ACC0003398,IND19003354,LN2019030000639,LDO20200000338,15,2020-06-14,02:45:38,742.62,Debit,Completed,,Loan Payment - LN2019030000639,False,,0.1,,Automated,Home Loan,standard_payment,False,loan_payment_generator,False,
TXNL202000000599,ACC0004410,IND19002499,LN2019030000650,LDO20200000339,15,2020-06-18,04:46:03,629.65,Debit,Completed,,Loan Payment - LN2019030000650,False,,1.71,,Automated,Home Loan,standard_payment,False,loan_payment_generator,False,
TXNL202000000600,ACC0005331,IND19003950,LN2019030000652,LDO20200000156,15,2020-06-18,02:08:38,1251.31,Debit,Completed,,Loan Payment - LN2019030000652,False,,0.6,,Automated,Home Loan,standard_payment,False,loan_payment_generator,False,
TXNL202000000601,ACC0003458,IND19000548,LN2019030000662,LDO20200000340,15,2020-06-15,02:34:34,509.06,Debit,Completed,,Loan Payment - LN2019030000662,False,,1.52,,Automated,Home Loan,standard_payment,False,loan_payment_generator,False,
TXNL202000000602,ACC0004095,IND19021972,LN2019030000699,LDO20200000341,14,2020-06-11,04:11:25,3452.15,Debit,Completed,,Loan Payment - LN2019030000699,False,,1.44,,Automated,Home Loan,standard_payment,False,loan_payment_generator,False,
TXNL202000000603,ACC0004851,IND19016373,LN2019030000704,LDO20200000063,15,2020-06-15,03:50:29,3630.42,Debit,Completed,,Loan Payment - LN2019030000704,False,,1.44,,Automated,Home Loan,standard_payment,False,loan_payment_generator,False,
TXNL202000000604,ACC0004798,IND19001595,LN2019030000710,LDO20200000342,15,2020-06-19,03:06:52,2364.4,Debit,Completed,,Loan Payment - LN2019030000710,False,,1.4,,Automated,Personal Loan,standard_payment,False,loan_payment_generator,False,
TXNL202000000605,ACC0005080,IND19012507,LN2019030000732,LDO20200000343,15,2020-06-19,02:29:08,1451.71,Debit,Completed,,Loan Payment - LN2019030000732,False,,0.65,,Automated,Vehicle Loan,standard_payment,False,loan_payment_generator,False,
TXNL202000000606,ACC0003886,IND19007018,LN2019030000738,LDO20200000016,15,2020-06-10,04:14:05,2040.92,Debit,Completed,,Loan Payment - LN2019030000738,False,,1.94,,Automated,Home Loan,standard_payment,False,loan_payment_generator,False,
TXNL202000000607,ACC0004739,IND19009716,LN2019030000745,LDO20200000344,15,2020-06-22,02:29:37,8366.42,Debit,Failed,bank_timeout,Loan Payment - LN2019030000745,False,,0.65,,Automated,Personal Loan,standard_payment,False,loan_payment_generator,False,
TXNL202000000608,ACC0004713,IND19001899,LN2019030000749,LDO20200000345,15,2020-06-28,02:51:54,1217.16,Debit,Completed,,Loan Payment - LN2019030000749,False,,1.0,,Automated,Vehicle Loan,standard_payment,False,loan_payment_generator,False,
TXNL202000000609,ACC0003871,IND19011064,LN2019030000751,LDO20200000157,15,2020-06-26,04:47:06,3351.35,Debit,Completed,,Loan Payment - LN2019030000751,False,,1.5,,Automated,Personal Loan,standard_payment,False,loan_payment_generator,False,
TXNL202000000610,ACC0004122,IND19018258,LN2019030000752,LDO20200000346,15,2020-06-27,02:00:18,2018.83,Debit,Completed,,Loan Payment - LN2019030000752,False,,0.1,,Automated,Personal Loan,standard_payment,False,loan_payment_generator,False,
TXNL202000000611,ACC0004315,IND19020579,LN2019030000764,LDO20200000158,15,2020-06-30,02:35:13,5365.12,Debit,Completed,,Loan Payment - LN2019030000764 - Late Fee,False,,1.78,,Automated,Vehicle Loan,late_payment,False,loan_payment_generator,False,
TXNL202000000612,ACC0004568,IND19007459,LN2019030000765,LDO20200000008,15,2020-06-17,03:08:23,860.28,Debit,Completed,,Loan Payment - LN2019030000765,False,,1.71,,Automated,Vehicle Loan,standard_payment,False,loan_payment_generator,False,
TXNL202000000613,ACC0004891,IND19011397,LN2019030000770,LDO20200000347,15,2020-06-30,02:03:54,12084.77,Debit,Completed,,Loan Payment - LN2019030000770,False,,0.45,,Automated,Personal Loan,standard_payment,False,loan_payment_generator,False,
TXNL202000000614,ACC0004205,IND19012175,LN2019030000772,LDO20200000348,15,2020-06-30,03:25:02,2903.82,Debit,Completed,,Loan Payment - LN2019030000772,False,,1.11,,Automated,Personal Loan,standard_payment,False,loan_payment_generator,False,
TXNL202000000615,ACC0005053,IND19002529,LN2019030000776,LDO20200000349,15,2020-06-14,02:18:51,14111.31,Debit,Completed,,Loan Payment - LN2019030000776,False,,1.19,,Automated,Personal Loan,standard_payment,False,loan_payment_generator,False,
TXNL202000000616,ACC0004917,IND19005268,LN2019030000803,LDO20200000350,14,2020-06-01,04:46:47,696.08,Debit,Completed,,Loan Payment - LN2019030000803,False,,1.19,,Automated,Home Loan,standard_payment,False,loan_payment_generator,False,
TXNL202000000617,ACC0005328,IND19008718,LN2019030000808,LDO20200000351,15,2020-06-25,03:29:08,4355.19,Debit,Completed,,Loan Payment - LN2019030000808 - Late Fee,False,,0.3,,Automated,Personal Loan,late_payment,False,loan_payment_generator,False,
TXNL202000000618,ACC0003952,IND19009408,LN2019030000819,LDO20200000017,15,2020-06-29,03:09:32,914.67,Debit,Completed,,Loan Payment - LN2019030000819,False,,1.99,,Automated,Personal Loan,standard_payment,False,loan_payment_generator,False,
TXNL202000000619,ACC0004092,IND19016262,LN2019030000827,LDO20200000064,15,2020-06-07,03:54:54,3321.86,Debit,Completed,,Loan Payment - LN2019030000827 - Late Fee,False,,1.44,,Automated,Personal Loan,late_payment,False,loan_payment_generator,False,
TXNL202000000620,ACC0004028,IND19019126,LN2019030000839,LDO20200000352,15,2020-06-30,03:25:52,1660.76,Debit,Completed,,Loan Payment - LN2019030000839,False,,0.46,,Automated,Personal Loan,standard_payment,False,loan_payment_generator,False,
TXNL202000000621,ACC0003412,IND19008372,LN2019030000858,LDO20200000353,15,2020-06-22,02:10:33,5791.54,Debit,Completed,,Loan Payment - LN2019030000858,False,,0.59,,Automated,Home Loan,standard_payment,False,loan_payment_generator,False,
TXNL202000000622,ACC0004006,IND19015397,LN2019030000860,LDO20200000029,15,2020-06-13,02:43:02,2582.91,Debit,Failed,mandate_limit,Loan Payment - LN2019030000860,False,,0.48,,Automated,Home Loan,standard_payment,False,loan_payment_generator,False,
TXNL202000000623,ACC0004770,IND19006156,LN2019030000861,LDO20200000159,15,2020-06-30,03:04:48,2777.34,Debit,Completed,,Loan Payment - LN2019030000861,False,,0.76,,Automated,Home Loan,standard_payment,False,loan_payment_generator,False,
TXNL202000000624,ACC0004127,IND19020564,LN2019030000866,LDO20200000030,15,2020-06-13,04:26:42,2562.37,Debit,Completed,,Loan Payment - LN2019030000866,False,,0.59,,Automated,Home Loan,standard_payment,False,loan_payment_generator,False,
TXNL202000000625,ACC0004449,IND19013613,LN2019030000884,LDO20200000354,15,2020-06-21,02:17:48,13938.2,Debit,Completed,,Loan Payment - LN2019030000884,False,,1.88,,Automated,Personal Loan,standard_payment,False,loan_payment_generator,False,
TXNL202000000626,ACC0003691,IND19004793,LN2019030000885,LDO20200000355,14,2020-06-10,04:44:31,1783.13,Debit,Completed,,Loan Payment - LN2019030000885,False,,0.11,,Automated,Home Loan,standard_payment,False,loan_payment_generator,False,
TXNL202000000627,ACC0004026,IND19017212,LN2019030000890,LDO20200000357,15,2020-06-17,04:29:25,1056.95,Debit,Completed,,Loan Payment - LN2019030000890 - Partial,False,,0.29,,Automated,Vehicle Loan,partial_payment,False,loan_payment_generator,False,
TXNL202000000628,ACC0003746,IND19003798,LN2019030000894,LDO20200000358,14,2020-06-06,04:30:20,13058.31,Debit,Completed,,Loan Payment - LN2019030000894,False,,0.93,,Automated,Personal Loan,standard_payment,False,loan_payment_generator,False,
TXNL202000000629,ACC0005017,IND19013167,LN2019030000895,LDO20200000359,15,2020-06-14,04:06:08,1365.26,Debit,Completed,,Loan Payment - LN2019030000895,False,,1.12,,Automated,Personal Loan,standard_payment,False,loan_payment_generator,False,
TXNL202000000630,ACC0003894,IND19000111,LN2019030000903,LDO20200000160,15,2020-06-20,03:03:49,1023.99,Debit,Completed,,Loan Payment - LN2019030000903,False,,0.9,,Automated,Home Loan,standard_payment,False,loan_payment_generator,False,
TXNL202000000631,ACC0005195,IND19008590,LN2019030000905,LDO20200000065,15,2020-06-22,03:45:22,1132.06,Debit,Completed,,Loan Payment - LN2019030000905 - Recovery,False,,1.69,,Automated,Home Loan,recovery_payment,True,loan_payment_generator,False,
TXNL202000000632,ACC0005228,IND19009249,LN2019030000934,LDO20200000360,14,2020-06-05,02:45:19,3977.71,Debit,Completed,,Loan Payment - LN2019030000934,False,,1.3,,Automated,Personal Loan,standard_payment,False,loan_payment_generator,False,
TXNL202000000633,ACC0004582,IND19020894,LN2019030000940,LDO20200000361,15,2020-06-13,04:46:12,2226.48,Debit,Completed,,Loan Payment - LN2019030000940,False,,0.54,,Automated,Home Loan,standard_payment,False,loan_payment_generator,False,
TXNL202000000634,ACC0004050,IND19013628,LN2019030000941,LDO20200000161,15,2020-06-20,03:19:28,777.01,Debit,Completed,,Loan Payment - LN2019030000941,False,,1.14,,Automated,Home Loan,standard_payment,False,loan_payment_generator,False,
TXNL202000000635,ACC0005307,IND19003285,LN2019030000944,LDO20200000162,14,2020-06-07,02:26:00,1684.61,Debit,Completed,,Loan Payment - LN2019030000944,False,,1.72,,Automated,Home Loan,standard_payment,False,loan_payment_generator,False,
TXNL202000000636,ACC0005256,IND19015582,LN2019030000946,LDO20200000362,14,2020-06-05,04:26:11,654.32,Debit,Completed,,Loan Payment - LN2019030000946,False,,1.97,,Automated,Vehicle Loan,standard_payment,False,loan_payment_generator,False,
TXNL202000000637,ACC0004418,IND19003496,LN2019030000947,LDO20200000363,15,2020-06-13,04:53:52,3035.54,Debit,Completed,,Loan Payment - LN2019030000947,False,,1.3,,Automated,Personal Loan,standard_payment,False,loan_payment_generator,False,
TXNL202000000638,ACC0004811,IND19020283,LN2019030000956,LDO20200000066,15,2020-06-26,03:51:04,1640.97,Debit,Completed,,Loan Payment - LN2019030000956,False,,1.71,,Automated,Vehicle Loan,standard_payment,False,loan_payment_generator,False,
TXNL202000000639,ACC0004178,IND19020755,LN2019030000957,LDO20200000163,15,2020-06-24,04:07:29,839.0,Debit,Completed,,Loan Payment - LN20190300...,False,,1.84,,Automated,Home Loan,standard_payment,False,loan_payment_generator,True,truncated_description
TXNL202000000640,ACC0003651,IND19018294,LN2019030000958,LDO20200000364,15,2020-06-25,03:21:05,3101.38,Debit,Completed,,Loan Payment - LN2019030000958,False,,0.45,,Automated,Home Loan,standard_payment,False,loan_payment_generator,False,
TXNL202000000641,ACC0003654,IND19019610,LN2019030000959,LDO20200000365,14,2020-06-02,04:34:33,6285.79,Debit,Completed,,Loan Payment - LN2019030000959,False,,0.92,,Automated,Home Loan,standard_payment,False,loan_payment_generator,False,
TXNL202000000642,ACC0004795,IND19017504,LN2019030000960,LDO20200000366,15,2020-06-09,03:09:39,2202.91,Debit,Completed,,Loan Payment - LN2019030000960,False,,0.2,,Automated,Home Loan,standard_payment,False,loan_payment_generator,False,
TXNL202000000643,ACC0004668,IND19013025,LN2019030000978,LDO20200000031,14,2020-06-03,04:58:27,2442.49,Debit,Completed,,Loan Payment - LN2019030000978,False,,0.95,,Automated,Vehicle Loan,standard_payment,False,loan_payment_generator,False,
TXNL202000000644,ACC0004396,IND19014660,LN2019030000994,LDO20200000367,15,2020-06-23,04:31:48,2585.32,Debit,Failed,bank_timeout,Loan Payment - LN2019030000994,False,,0.92,,Automated,Personal Loan,standard_payment,False,loan_payment_generator,False,
TXNL202000000645,ACC0004223,IND19016897,LN2019030000996,LDO20200000164,15,2020-06-27,03:29:39,1345.72,Debit,Completed,,Loan Payment - LN2019030000996,False,,1.15,,Automated,Home Loan,standard_payment,False,loan_payment_generator,False,
TXNL202000000646,ACC0005498,COM19000077,LN2019030000997,LDO20200000165,14,2020-06-04,03:54:52,19443.89,Debit,Completed,,Loan Payment - LN2019030000997,False,,1.1,,Automated,Business Loan,standard_payment,False,loan_payment_generator,False,
TXNL202000000647,ACC0003488,IND19014528,LN2019030001001,LDO20200000368,15,2020-06-29,04:10:58,1618.54,Debit,Completed,,Loan Payment - LN2019030001001,False,,1.76,,Automated,Vehicle Loan,standard_payment,False,loan_payment_generator,False,
TXNL202000000648,ACC0005436,IND19007350,LN2019030001011,LDO20200000067,15,2020-06-27,02:15:47,3350.87,Debit,Completed,,Loan Payment - LN2019030001011 - Extra Principal,False,,0.31,,Automated,Home Loan,extra_payment,False,loan_payment_generator,False,
TXNL202000000649,ACC0004888,IND19001264,LN2019030001012,LDO20200000369,14,2020-06-04,03:35:07,2386.02,Debit,Completed,,Loan Payment - LN2019030001012,False,,0.02,,Automated,Home Loan,standard_payment,False,loan_payment_generator,False,
TXNL202000000650,ACC0003825,IND19000273,LN2019030001014,LDO20200000166,15,2020-06-11,04:20:35,3580.68,Debit,Completed,,Loan Payment - LN2019030001014 - Extra Principal,False,,1.95,,Automated,Home Loan,extra_payment,False,loan_payment_generator,False,
TXNL202000000651,ACC0003658,IND19008971,LN2019030001024,LDO20200000167,15,2020-06-17,04:14:34,2398.1,Debit,Failed,account_blocked,Loan Payment - LN2019030001024,False,,1.5,,Automated,Personal Loan,standard_payment,False,loan_payment_generator,False,
TXNL202000000652,ACC0005479,COM19000224,LN2019030001025,LDO20200000168,15,2020-06-26,02:04:37,9405.96,Debit,Completed,,Loan Payment - LN2019030001025,False,,1.35,,Automated,Business Loan,standard_payment,False,loan_payment_generator,False,
TXNL202000000653,ACC0004837,IND19018237,LN2019030001030,LDO20200000370,15,2020-06-10,03:15:53,2447.63,Debit,Completed,,Loan Payment - LN2019030001030,False,,1.53,,Automated,Vehicle Loan,standard_payment,False,loan_payment_generator,False,
TXNL202000000654,ACC0004032,IND19005748,LN2019030001038,LDO20200000371,15,2020-06-19,02:30:38,2201.51,Debit,Completed,,Loan Payment - LN2019030001038,False,,1.59,,Automated,Vehicle Loan,standard_payment,False,loan_payment_generator,False,
TXNL202000000655,ACC0003506,IND19004000,LN2019030001039,LDO20200000372,15,2020-06-17,03:13:45,2117.79,Debit,Completed,,Loan Payment - LN2019030001039,False,,0.59,,Automated,Vehicle Loan,standard_payment,False,loan_payment_generator,False,
TXNL202000000656,ACC0003924,IND19013108,LN2019030001047,LDO20200000169,15,2020-06-28,03:07:13,2241.41,Debit,Completed,,Loan Payment - LN2019030001047,False,,0.98,,Automated,Home Loan,standard_payment,False,loan_payment_generator,False,
TXNL202000000657,ACC0005067,IND19002630,LN2019030001053,LDO20200000032,14,2020-06-03,02:06:09,897.36,Debit,Completed,,Loan Payment - LN2019030001053 - Late Fee,False,,0.02,,Automated,Home Loan,late_payment,False,loan_payment_generator,False,
TXNL202000000658,ACC0005348,IND19018489,LN2019030001055,LDO20200000373,15,2020-06-30,04:26:28,2933.63,Debit,Completed,,Loan Payment - LN2019030001055,False,,1.3,,Automated,Vehicle Loan,standard_payment,False,loan_payment_generator,False,
TXNL202000000659,ACC0004003,IND19015848,LN2019030001060,LDO20200000374,15,2020-06-24,04:54:57,2423.4,Debit,Completed,,Loan Payment - LN2019030001060,False,,1.22,,Automated,Personal Loan,standard_payment,False,loan_payment_generator,False,
TXNL202000000660,ACC0003782,IND19008982,LN2019030001063,LDO20200000170,15,2020-06-20,04:03:14,1426.22,Debit,Completed,,Loan Payment - LN2019030001063,False,,1.22,,Automated,Home Loan,standard_payment,False,loan_payment_generator,False,
TXNL202000000661,ACC0005392,IND19007343,LN2019030001070,LDO20200000068,14,2020-06-06,04:04:39,1794.37,Debit,Completed,,Loan Payment - LN2019030001070,False,,1.58,,Automated,Personal Loan,standard_payment,False,loan_payment_generator,False,
TXNL202000000662,ACC0003503,IND19015210,LN2019030001084,LDO20200000069,15,2020-06-08,04:23:49,733.59,Debit,Completed,,Loan Payment - LN2019030001084,False,,1.15,,Automated,Vehicle Loan,standard_payment,False,loan_payment_generator,False,
TXNL202000000663,ACC0004507,IND19000891,LN2019030001088,LDO20200000375,15,2020-06-17,02:19:00,758.86,Debit,Completed,,Loan Payment - LN2019030001088,False,,1.64,,Automated,Vehicle Loan,standard_payment,False,loan_payment_generator,False,
TXNL202000000664,ACC0005209,IND19020091,LN2019030001108,LDO20200000376,15,2020-06-15,04:27:44,14316.53,Debit,Completed,,Loan Payment - LN2019030001108,False,,0.31,,Automated,Personal Loan,standard_payment,False,loan_payment_generator,False,
TXNL202000000665,ACC0004500,IND19001291,LN2019030001116,LDO20200000377,15,2020-06-26,03:52:32,11992.29,Debit,Completed,,Loan Payment - LN2019030001116,False,,0.5,,Automated,Personal Loan,standard_payment,False,loan_payment_generator,False,
TXNL202000000666,ACC0005456,IND19012730,LN2019030001117,LDO20200000171,15,2020-06-30,02:24:07,752.22,Debit,Completed,,Loan Payment - LN2019030001117,False,,1.17,,Automated,Home Loan,standard_payment,False,loan_payment_generator,False,
TXNL202000000667,ACC0003927,IND19006373,LN2019030001147,LDO20200000172,15,2020-06-28,04:43:09,860.42,Debit,Completed,,Loan Payment - LN2019030001147,False,,0.58,,Automated,Personal Loan,standard_payment,False,loan_payment_generator,False,
TXNL202000000668,ACC0004509,IND19009480,LN2019030001157,LDO20200000173,15,2020-06-11,03:47:52,9862.99,Debit,Completed,,Loan Payment - LN2019030001157,False,,0.66,,Automated,Vehicle Loan,standard_payment,False,loan_payment_generator,False,
TXNL202000000669,ACC0003553,IND19015836,LN2019030001159,LDO20200000378,15,2020-06-18,04:03:28,2037.7,Debit,Completed,,Loan Payment - LN2019030001159,False,,1.12,,Automated,Vehicle Loan,standard_payment,False,loan_payment_generator,False,
TXNL202000000670,ACC0003594,IND19010234,LN2019030001176,LDO20200000379,15,2020-06-27,02:27:47,24067.9,Debit,Completed,,Loan Payment - LN2019030001176,False,,1.27,,Automated,Personal Loan,standard_payment,False,loan_payment_generator,False,
TXNL202000000671,ACC0004089,IND19011651,LN2019030001205,LDO20200000380,15,2020-06-06,03:59:54,1327.46,Debit,Completed,,Loan Payment - LN2019030001205,False,,0.89,,Automated,Personal Loan,standard_payment,False,loan_payment_generator,False,
TXNL202000000672,ACC0004676,IND19016261,LN2019030001225,LDO20200000381,14,2020-06-02,03:59:45,14350.03,Debit,Completed,,Loan Payment - LN2019030001225,False,,0.76,,Automated,Personal Loan,standard_payment,False,loan_payment_generator,False,
TXNL202000000673,ACC0004053,IND19002108,LN2019030001229,LDO20200000174,15,2020-06-27,03:11:57,1547.05,Debit,Completed,,Loan Payment - LN2019030001229,False,,1.05,,Automated,Vehicle Loan,standard_payment,False,loan_payment_generator,False,
TXNL202000000674,ACC0005226,IND19006635,LN2019030001233,LDO20200000382,14,2020-06-04,02:29:58,3284.33,Debit,Completed,,Loan Payment - LN2019030001233,False,,1.24,,Automated,Home Loan,standard_payment,False,loan_payment_generator,False,
TXNL202000000675,ACC0005302,IND19008558,LN2019030001234,LDO20200000175,14,2020-06-07,03:54:52,3487.77,Debit,Completed,,Loan Payment - LN2019030001234,False,,1.14,,Automated,Vehicle Loan,standard_payment,False,loan_payment_generator,False,
TXNL202000000676,ACC0003430,IND19018732,LN2019030001237,LDO20200000383,15,2020-06-28,02:40:07,591.56,Debit,Failed,insufficient_funds,Loan Payment - LN2019030001237,False,,0.76,,Automated,Home Loan,standard_payment,False,loan_payment_generator,False,
TXNL202000000677,ACC0004157,IND19011584,LN2019030001243,LDO20200000070,14,2020-06-08,04:11:40,1710.23,Debit,Completed,,Loan Payment - LN2019030001243,False,,1.77,,Automated,Home Loan,standard_payment,False,loan_payment_generator,False,
TXNL202000000678,ACC0003918,IND19003745,LN2019030001244,LDO20200000384,14,2020-06-02,00:38:43,727.4,Debit,Completed,,Loan Payment - LN2019030001244,False,,1.94,,Automated,Home Loan,standard_payment,False,loan_payment_generator,True,timestamp_shift
TXNL202000000679,ACC0004969,IND19013764,LN2019030001252,LDO20200000018,15,2020-06-17,03:27:50,1139.55,Debit,Completed,,Loan Payment - LN2019030001252,False,,1.24,,Automated,Vehicle Loan,standard_payment,False,loan_payment_generator,False,
TXNL202000000680,ACC0005051,IND19018174,LN2019030001253,LDO20200000385,15,2020-06-14,04:38:11,1739.73,Debit,Completed,,Loan Payment - LN20190300...,False,,1.81,,Automated,Vehicle Loan,standard_payment,False,loan_payment_generator,True,truncated_description
TXNL202000000681,ACC0004062,IND19011008,LN2019030001276,LDO20200000386,15,2020-06-19,02:14:27,1325.54,Debit,Completed,,Loan Payment - LN2019030001276,False,,0.59,,Automated,Home Loan,standard_payment,False,loan_payment_generator,False,
TXNL202000000682,ACC0005483,COM19000034,LN2019030001278,LDO20200000387,15,2020-06-24,02:47:41,7300.19,Debit,Completed,,Loan Payment - LN2019030001278,False,,0.98,,Automated,Business Loan,standard_payment,False,loan_payment_generator,False,
TXNL202000000683,ACC0005057,IND19016073,LN2019030001282,LDO20200000176,15,2020-06-30,03:35:08,3423.31,Debit,Completed,,Loan Payment - LN2019030001282,False,,1.52,,Automated,Vehicle Loan,standard_payment,False,loan_payment_generator,False,
TXNL202000000684,ACC0005264,IND19007991,LN2019030001284,LDO20200000388,15,2020-06-19,03:33:08,3451.32,Debit,Completed,,Loan Payment - LN2019030001284,False,,1.78,,Automated,Home Loan,standard_payment,False,loan_payment_generator,False,
TXNL202000000685,ACC0005138,IND19014354,LN2019030001286,LDO20200000177,15,2020-06-23,02:29:18,1705.52,Debit,Completed,,Loan Payment - LN2019030001286,False,,0.42,,Automated,Vehicle Loan,standard_payment,False,loan_payment_generator,False,
TXNL202000000686,ACC0005311,IND19001658,LN2019030001293,LDO20200000389,15,2020-06-21,04:08:26,3464.11,Debit,Completed,,Loan Payment - LN2019030001293,False,,0.03,,Automated,Vehicle Loan,standard_payment,False,loan_payment_generator,False,
TXNL202000000687,ACC0005491,COM19000191,LN2019030001301,LDO20200000390,15,2020-06-13,03:06:40,6238.29,Debit,Completed,,Loan Payment - LN2019030001301,False,,1.06,,Automated,Business Loan,standard_payment,False,loan_payment_generator,False,
TXNL202000000688,ACC0005086,IND19001010,LN2019030001317,LDO20200000391,14,2020-06-06,02:17:12,961.42,Debit,Failed,account_blocked,Loan Payment - LN2019030001317,False,,1.27,,Automated,Home Loan,standard_payment,False,loan_payment_generator,False,
TXNL202000000689,ACC0004065,IND19013815,LN2019030001322,LDO20200000392,15,2020-06-17,04:47:00,501.92,Debit,Completed,,Loan Payment - LN2019030001322,False,,1.49,,Automated,Personal Loan,standard_payment,False,loan_payment_generator,False,
TXNL202000000690,ACC0004624,IND19014388,LN2019030001323,LDO20200000178,14,2020-06-03,02:40:04,729.29,Debit,Completed,,Loan Payment - LN20190300...,False,,1.38,,Automated,Home Loan,standard_payment,False,loan_payment_generator,True,truncated_description
TXNL202000000691,ACC0003417,IND19015398,LN2019030001338,LDO20200000393,15,2020-06-25,03:06:33,215.39,Debit,Completed,,Loan Payment - LN2019030001338,False,,1.86,,Automated,Home Loan,standard_payment,False,loan_payment_generator,False,
TXNL202000000692,ACC0004238,IND19006785,LN2019030001349,LDO20200000394,15,2020-06-18,04:11:17,9276.69,Debit,Completed,,Loan Payment - LN2019030001349,False,,0.03,,Automated,Personal Loan,standard_payment,False,loan_payment_generator,False,
TXNL202000000693,ACC0004146,IND19002494,LN2019030001353,LDO20200000072,14,2020-06-02,03:54:42,563.73,Debit,Completed,,Loan Payment - LN2019030001353,False,,1.73,,Automated,Home Loan,standard_payment,False,loan_payment_generator,False,
TXNL202000000694,ACC0005099,IND19008121,LN2019030001369,LDO20200000395,15,2020-06-14,02:18:00,3932.56,Debit,Completed,,Loan Payment - LN2019030001369,False,,1.3,,Automated,Personal Loan,standard_payment,False,loan_payment_generator,False,
TXNL202000000695,ACC0004557,IND19013617,LN2019030001370,LDO20200000179,15,2020-06-11,04:44:50,2785.67,Debit,Completed,,Loan Payment - LN2019030001370,False,,0.34,,Automated,Vehicle Loan,standard_payment,False,loan_payment_generator,False,
TXNL202000000696,ACC0003601,IND19021863,LN2019030001383,LDO20200000180,15,2020-06-30,02:12:08,6261.71,Debit,Completed,,Loan Payment - LN2019030001383,False,,0.22,,Automated,Vehicle Loan,standard_payment,False,loan_payment_generator,False,
TXNL202000000697,ACC0005320,IND19021052,LN2019030001386,LDO20200000396,14,2020-06-03,02:55:01,2340.97,Debit,Completed,,Loan Payment - LN2019030001386,False,,0.21,,Automated,Vehicle Loan,standard_payment,False,loan_payment_generator,False,
TXNL202000000698,ACC0005183,IND19007676,LN2019030001415,LDO20200000181,14,2020-06-04,02:02:51,3614.87,Debit,Completed,,Loan Payment - LN2019030001415,False,,1.23,,Automated,Vehicle Loan,standard_payment,False,loan_payment_generator,False,
TXNL202000000699,ACC0004038,IND19020049,LN2019030001419,LDO20200000019,15,2020-06-29,04:18:23,4119.55,Debit,Completed,,Loan Payment - LN2019030001419,False,,1.36,,Automated,Personal Loan,standard_payment,False,loan_payment_generator,False,
TXNL202000000700,ACC0004469,IND19018823,LN2019030001424,LDO20200000073,15,2020-06-21,04:18:08,949.85,Debit,Completed,,Loan Payment - LN2019030001424,False,,1.77,,Automated,Vehicle Loan,standard_payment,False,loan_payment_generator,False,
TXNL202000000701,ACC0004202,IND19021079,LN2019030001426,LDO20200000397,15,2020-06-12,02:43:32,453.48,Debit,Completed,,Loan Payment - LN2019030001426,False,,1.34,,Automated,Home Loan,standard_payment,False,loan_payment_generator,False,
TXNL202000000702,ACC0003669,IND19016372,LN2019030001443,LDO20200000399,14,2020-06-04,02:23:38,2039.27,Debit,Completed,,Loan Payment - LN2019030001443,False,,0.8,,Automated,Home Loan,standard_payment,False,loan_payment_generator,False,
TXNL202000000703,ACC0004096,IND19019241,LN2019030001444,LDO20200000020,15,2020-06-25,04:42:26,721.66,Debit,Completed,,Loan Payment - LN2019030001444 - Partial,False,,1.0,,Automated,Personal Loan,partial_payment,False,loan_payment_generator,False,
TXNL202000000704,ACC0004254,IND19015408,LN2019030001456,LDO20200000400,15,2020-06-11,04:13:17,739.38,Debit,Completed,,Loan Payment - LN2019030001456,False,,1.23,,Automated,Home Loan,standard_payment,False,loan_payment_generator,False,
TXNL202000000705,ACC0004212,IND19009618,LN2019030001460,LDO20200000182,14,2020-06-04,02:37:08,2327.45,Debit,Completed,,Loan Payment - LN2019030001460,False,,0.33,,Automated,Vehicle Loan,standard_payment,False,loan_payment_generator,False,
TXNL202000000706,ACC0004042,IND19020658,LN2019030001461,LDO20200000401,15,2020-06-18,04:50:08,1273.8,Debit,Completed,,Loan Payment - LN2019030001461,False,,0.97,,Automated,Home Loan,standard_payment,False,loan_payment_generator,False,
TXNL202000000707,ACC0004177,IND19016388,LN2019030001465,LDO20200000402,15,2020-06-22,04:56:55,24390.87,Debit,Failed,invalid_account_details,Loan Payment - LN20190300...,False,,1.63,,Automated,Personal Loan,standard_payment,False,loan_payment_generator,True,truncated_description
TXNL202000000708,ACC0003649,IND19020728,LN2019030001474,,15,2020-06-28,02:12:11,1000.67,Debit,Completed,,Loan Payment - LN2019030001474,False,,2.5,,Automated,Vehicle Loan,standard_payment,False,loan_payment_generator,False,
TXNL202000000709,ACC0005188,IND19007920,LN2019030001491,LDO20200000183,15,2020-06-25,04:20:06,1867.54,Debit,Completed,,Loan Payment - LN2019030001491,False,,0.05,,Automated,Home Loan,standard_payment,False,loan_payment_generator,False,
TXNL202000000710,ACC0004822,IND19010352,LN2019030001497,LDO20200000403,15,2020-06-21,03:42:09,650.59,Debit,Completed,,Loan Payment - LN20190300...,False,,0.35,,Automated,Home Loan,standard_payment,False,loan_payment_generator,True,truncated_description
TXNL202000000711,ACC0004119,IND19007997,LN2019030001506,LDO20200000405,15,2020-06-27,04:58:07,2493.56,Debit,Completed,,Loan Payment - LN2019030001506,False,,1.53,,Automated,Home Loan,standard_payment,False,loan_payment_generator,False,
TXNL202000000712,ACC0004219,IND19017929,LN2019030001507,LDO20200000184,15,2020-06-26,07:58:35,17413.57,Debit,Completed,,Loan Payment - LN2019030001507,False,,1.96,,Automated,Personal Loan,standard_payment,False,loan_payment_generator,True,timestamp_shift
TXNL202000000713,ACC0005356,IND19021669,LN2019030001515,LDO20200000406,15,2020-06-19,02:29:18,3344.89,Debit,Completed,,Loan Payment - LN2019030001515,False,,0.67,,Automated,Vehicle Loan,standard_payment,False,loan_payment_generator,False,
TXNL202000000714,ACC0003811,IND19019179,LN2019030001522,LDO20200000407,15,2020-06-13,04:27:19,373.2,Debit,Failed,account_blocked,Loan Payment - LN2019030001522,False,,1.72,,Automated,Home Loan,standard_payment,False,loan_payment_generator,False,
TXNL202000000715,ACC0004667,IND19010993,LN2019030001531,LDO20200000185,15,2020-06-25,03:32:53,2143.91,Debit,Completed,,Loan Payment - LN2019030001531,False,,0.59,,Automated,Personal Loan,standard_payment,False,loan_payment_generator,False,
TXNL202000000716,ACC0003595,IND19010234,LN2019030001532,LDO20200000408,15,2020-06-27,02:02:01,7942.14,Debit,Completed,,Loan Payment - LN2019030001532,False,,1.24,,Automated,Vehicle Loan,standard_payment,False,loan_payment_generator,False,
TXNL202000000717,ACC0004125,IND19014196,LN2019030001544,LDO20200000409,14,2020-06-03,04:39:05,295.88,Debit,Completed,,Loan Payment - LN2019030001544,False,,0.87,,Automated,Home Loan,standard_payment,False,loan_payment_generator,False,
TXNL202000000718,ACC0005396,IND19016920,LN2019030001545,LDO20200000021,14,2020-06-03,03:47:53,2730.13,Debit,Completed,,Loan Payment - LN2019030001545,False,,0.56,,Automated,Home Loan,standard_payment,False,loan_payment_generator,False,
TXNL202000000719,ACC0004398,IND19004868,LN2019030001551,LDO20200000410,14,2020-06-05,03:09:10,2143.37,Debit,Completed,,Loan Payment - LN2019030001551,False,,1.87,,Automated,Personal Loan,standard_payment,False,loan_payment_generator,False,
TXNL202000000720,ACC0004894,IND19009995,LN2019030001572,LDO20200000411,14,2020-06-05,04:37:15,716.16,Debit,Completed,,Loan Payment - LN2019030001572 - Late Fee,False,,1.13,,Automated,Home Loan,late_payment,False,loan_payment_generator,False,
TXNL202000000721,ACC0003528,IND19006086,LN2019030001573,LDO20200000412,15,2020-06-21,04:39:21,1103.68,Debit,Completed,,Loan Payment - LN2019030001573,False,,1.18,,Automated,Personal Loan,standard_payment,False,loan_payment_generator,False,
TXNL202000000722,ACC0004359,IND19003393,LN2019030001580,LDO20200000413,14,2020-06-02,04:42:31,448.03,Debit,Completed,,Loan Payment - LN2019030001580,False,,0.49,,Automated,Vehicle Loan,standard_payment,False,loan_payment_generator,False,
TXNL202000000723,ACC0004855,IND19002897,LN2019030001585,LDO20200000187,15,2020-06-23,03:33:44,10347.97,Debit,Completed,,Loan Payment - LN2019030001585,False,,1.28,,Automated,Personal Loan,standard_payment,False,loan_payment_generator,False,
TXNL202000000724,ACC0005442,IND19020561,LN2019030001586,LDO20200000188,15,2020-06-18,09:45:15,14001.7,Debit,Completed,,Loan Payment - LN2019030001586,False,,0.58,,Automated,Personal Loan,standard_payment,False,loan_payment_generator,True,timestamp_shift
TXNL202000000725,ACC0005095,IND19008638,LN2019030001592,LDO20200000034,15,2020-06-18,04:29:12,2371.07,Debit,Cancelled,customer_stop_instruction,Loan Payment - LN2019030001592,False,,0.82,,Automated,Home Loan,standard_payment,False,loan_payment_generator,False,
TXNL202000000726,ACC0004987,IND19007860,LN2019030001600,LDO20200000414,15,2020-06-13,02:43:54,490.9,Debit,Completed,,Loan Payment - LN2019030001600,False,,0.44,,Automated,Personal Loan,standard_payment,False,loan_payment_generator,False,
TXNL202000000727,ACC0004799,IND19001595,LN2019030001603,LDO20200000074,15,2020-06-09,03:29:52,2580.97,Debit,Completed,,Loan Payment - LN2019030001603,False,,0.43,,Automated,Home Loan,standard_payment,False,loan_payment_generator,False,
TXNL202000000728,ACC0004833,IND19019479,LN2019030001608,LDO20200000415,14,2020-06-03,03:14:27,426.3,Debit,Completed,,Loan Payment - LN2019030001608,False,,1.86,,Automated,Home Loan,standard_payment,False,loan_payment_generator,False,
TXNL202000000729,ACC0003616,IND19003624,LN2019030001614,LDO20200000416,15,2020-06-30,03:42:58,1931.75,Debit,Cancelled,customer_stop_instruction,Loan Payment - LN2019030001614 - Extra Principal,False,,1.22,,Automated,Home Loan,extra_payment,False,loan_payment_generator,False,
TXNL202000000730,ACC0004415,IND19009259,LN2019030001616,LDO20200000075,15,2020-06-19,02:34:20,424.35,Debit,Completed,,Loan Payment - LN2019030001616,False,,0.71,,Automated,Home Loan,standard_payment,False,loan_payment_generator,False,
TXNL202000000731,ACC0005284,IND19004670,LN2019030001624,LDO20200000417,15,2020-06-20,04:00:52,1426.49,Debit,Completed,,Loan Payment - LN2019030001624,False,,1.25,,Automated,Home Loan,standard_payment,False,loan_payment_generator,False,
TXNL202000000732,ACC0004434,IND19018309,LN2019030001627,LDO20200000418,14,2020-06-01,02:47:07,3745.53,Debit,Completed,,Loan Payment - LN2019030001627,False,,1.1,,Automated,Personal Loan,standard_payment,False,loan_payment_generator,False,
TXNL202000000733,ACC0003695,IND19003687,LN2019030001636,LDO20200000022,14,2020-06-06,04:05:24,2021.42,Debit,Completed,,Loan Payment - LN2019030001636,False,,1.79,,Automated,Home Loan,standard_payment,False,loan_payment_generator,False,
TXNL202000000734,ACC0003888,IND19003310,LN2019030001637,LDO20200000419,14,2020-06-05,03:26:07,3229.15,Debit,Completed,,Loan Payment - LN2019030001637,False,,0.67,,Automated,Home Loan,standard_payment,False,loan_payment_generator,False,
TXNL202000000735,ACC0003445,IND19009812,LN2019030001641,LDO20200000189,15,2020-06-26,02:02:14,1176.36,Debit,Completed,,Loan Payment - LN2019030001641,False,,0.36,,Automated,Personal Loan,standard_payment,False,loan_payment_generator,False,
TXNL202000000736,ACC0004983,IND19019958,LN2019030001645,LDO20200000190,15,2020-06-24,04:20:11,2848.26,Debit,Completed,,Loan Payment - LN2019030001645,False,,1.95,,Automated,Home Loan,standard_payment,False,loan_payment_generator,False,
TXNL202000000737,ACC0003428,IND19006653,LN2019030001646,LDO20200000076,15,2020-06-27,02:02:48,12100.66,Debit,Completed,,Loan Payment - LN2019030001646,False,,0.49,,Automated,Personal Loan,standard_payment,False,loan_payment_generator,False,
TXNL202000000738,ACC0004099,IND19019312,LN2019030001648,LDO20200000420,14,2020-06-04,02:27:19,3023.41,Debit,Completed,,Loan Payment - LN2019030001648,False,,0.01,,Automated,Personal Loan,standard_payment,False,loan_payment_generator,False,
TXNL202000000739,ACC0004283,IND19005793,LN2019030001655,LDO20200000191,15,2020-06-25,02:49:10,3088.27,Debit,Completed,,Loan Payment - LN20190300...,False,,0.73,,Automated,Home Loan,standard_payment,False,loan_payment_generator,True,truncated_description
TXNL202000000740,ACC0003689,IND19005157,LN2019030001666,LDO20200000192,15,2020-06-30,02:03:48,1827.28,Debit,Completed,,Loan Payment - LN2019030001666,False,,0.69,,Automated,Personal Loan,standard_payment,False,loan_payment_generator,False,
TXNL202000000741,ACC0004186,IND19008047,LN2019030001672,LDO20200000421,15,2020-06-28,04:54:38,393.98,Debit,Completed,,Loan Payment - LN2019030001672,False,,0.11,,Automated,Home Loan,standard_payment,False,loan_payment_generator,False,
TXNL202000000742,ACC0004655,IND19021386,LN2019030001693,LDO20200000077,15,2020-06-27,03:08:24,3023.55,Debit,Completed,,Loan Payment - LN2019030001693,False,,1.37,,Automated,Vehicle Loan,standard_payment,False,loan_payment_generator,False,
TXNL202000000743,ACC0004542,IND19009335,LN2019030001694,LDO20200000193,15,2020-06-22,02:20:03,2430.68,Debit,Completed,,Loan Payment - LN2019030001694,False,,1.68,,Automated,Personal Loan,standard_payment,False,loan_payment_generator,False,
TXNL202000000744,ACC0005120,IND19018125,LN2019030001699,LDO20200000078,15,2020-06-19,02:14:51,1882.58,Debit,Failed,insufficient_funds,Loan Payment - LN2019030001699,False,,0.1,,Automated,Home Loan,standard_payment,False,loan_payment_generator,False,
TXNL202000000745,ACC0005430,IND19006421,LN2019030001703,LDO20200000422,15,2020-06-17,02:10:38,12023.44,Debit,Completed,,Loan Payment - LN2019030001703,False,,0.17,,Automated,Personal Loan,standard_payment,False,loan_payment_generator,False,
TXNL202000000746,ACC0004168,IND19003614,LN2019030001705,LDO20200000423,15,2020-06-20,02:22:07,1819.58,Debit,Completed,,Loan Payment - LN20190300...,False,,0.64,,Automated,Home Loan,standard_payment,False,loan_payment_generator,True,truncated_description
TXNL202000000747,ACC0003948,IND19007541,LN2019030001707,LDO20200000424,15,2020-06-22,02:52:19,1883.23,Debit,Completed,,Loan Payment - LN2019030001707,False,,0.06,,Automated,Personal Loan,standard_payment,False,loan_payment_generator,False,
TXNL202000000748,ACC0003858,IND19003066,LN2019030001710,LDO20200000194,14,2020-06-01,03:21:30,337.62,Debit,Completed,,Loan Payment - LN2019030001710,False,,0.08,,Automated,Vehicle Loan,standard_payment,False,loan_payment_generator,False,
TXNL202000000749,ACC0004442,IND19016273,LN2019030001714,LDO20200000425,15,2020-06-24,02:47:25,975.51,Debit,Completed,,Loan Payment - LN2019030001714,False,,0.48,,Automated,Home Loan,standard_payment,False,loan_payment_generator,False,
TXNL202000000750,ACC0003976,IND19021208,LN2019030001724,LDO20200000426,14,2020-06-04,04:05:45,4818.68,Debit,Completed,,Loan Payment - LN2019030001724,False,,0.93,,Automated,Home Loan,standard_payment,False,loan_payment_generator,False,
TXNL202000000751,ACC0004636,IND19016753,LN2019030001725,LDO20200000079,14,2020-06-04,04:42:24,3702.12,Debit,Completed,,Loan Payment - LN2019030001725,False,,0.26,,Automated,Home Loan,standard_payment,False,loan_payment_generator,False,
TXNL202000000752,ACC0004169,IND19003504,LN2019030001730,LDO20200000080,14,2020-06-08,02:43:08,1028.86,Debit,Completed,,Loan Payment - LN2019030001730,False,,1.46,,Automated,Home Loan,standard_payment,False,loan_payment_generator,False,
TXNL202000000753,ACC0005308,IND19003285,LN2019030001735,LDO20200000195,14,2020-06-07,03:24:41,1795.63,Debit,Completed,,Loan Payment - LN2019030001735,False,,1.36,,Automated,Vehicle Loan,standard_payment,False,loan_payment_generator,False,
TXNL202000000754,ACC0004113,IND19020848,LN2019030001736,LDO20200000427,14,2020-06-07,04:21:07,719.81,Debit,Completed,,Loan Payment - LN2019030001736,False,,1.93,,Automated,Personal Loan,standard_payment,False,loan_payment_generator,False,
TXNL202000000755,ACC0003912,IND19005008,LN2019030001737,LDO20200000428,14,2020-06-06,04:30:33,1380.09,Debit,Completed,,Loan Payment - LN2019030001737,False,,0.57,,Automated,Vehicle Loan,standard_payment,False,loan_payment_generator,False,
TXNL202000000756,ACC0005395,IND19003143,LN2019030001742,LDO20200000081,15,2020-06-23,03:52:33,777.16,Debit,Completed,,Loan Payment - LN2019030001742,False,,0.38,,Automated,Personal Loan,standard_payment,False,loan_payment_generator,False,
TXNL202000000757,ACC0004744,IND19018931,LN2019030001758,LDO20200000196,15,2020-06-26,02:14:13,1783.97,Debit,Completed,,Loan Payment - LN20190300...,False,,1.75,,Automated,Home Loan,late_payment,False,loan_payment_generator,True,truncated_description
TXNL202000000758,ACC0004892,IND19010713,LN2019030001760,LDO20200000197,15,2020-06-14,02:11:52,4133.02,Debit,Completed,,Loan Payment - LN2019030001760,False,,1.34,,Automated,Home Loan,standard_payment,False,loan_payment_generator,False,
TXNL202000000759,ACC0004747,IND19000886,LN2019030001761,LDO20200000198,14,2020-06-05,02:08:09,2345.44,Debit,Completed,,Loan Payment - LN2019030001761,False,,0.15,,Automated,Home Loan,standard_payment,False,loan_payment_generator,False,
TXNL202000000760,ACC0004874,IND19017777,LN2019030001762,LDO20200000082,14,2020-06-06,02:26:04,4633.23,Debit,Completed,,Loan Payment - LN2019030001762,False,,0.99,,Automated,Personal Loan,standard_payment,False,loan_payment_generator,False,
TXNL202000000761,ACC0005178,IND19003886,LN2019030001767,LDO20200000429,15,2020-06-20,02:28:46,2240.63,Debit,Completed,,Loan Payment - LN2019030001767,False,,0.38,,Automated,Home Loan,standard_payment,False,loan_payment_generator,False,
TXNL202000000762,ACC0003554,IND19020287,LN2019030001773,LDO20200000199,14,2020-06-08,04:38:35,1763.89,Debit,Completed,,Loan Payment - LN2019030001773,False,,0.37,,Automated,Personal Loan,standard_payment,False,loan_payment_generator,False,
TXNL202000000763,ACC0003510,IND19002726,LN2019030001774,LDO20200000200,15,2020-06-18,04:46:01,362.05,Debit,Completed,,Loan Payment - LN2019030001774,False,,0.6,,Automated,Home Loan,standard_payment,False,loan_payment_generator,False,
TXNL202000000764,ACC0005399,IND19012294,LN2019030001781,LDO20200000430,15,2020-06-24,03:38:44,3841.23,Debit,Completed,,Loan Payment - LN2019030001781,False,,1.76,,Automated,Vehicle Loan,standard_payment,False,loan_payment_generator,False,
TXNL202000000765,ACC0003926,IND19017827,LN2019030001782,LDO20200000201,15,2020-06-11,04:47:39,1335.88,Debit,Completed,,Loan Payment - LN2019030001782,False,,0.83,,Automated,Home Loan,standard_payment,False,loan_payment_generator,False,
TXNL202000000766,ACC0004821,IND19014444,LN2019030001787,LDO20200000431,15,2020-06-28,04:54:26,2055.72,Debit,Completed,,Loan Payment - LN2019030001787,False,,0.13,,Automated,Personal Loan,standard_payment,False,loan_payment_generator,False,
TXNL202000000767,ACC0003634,IND19016888,LN2019030001803,LDO20200000202,15,2020-06-23,02:44:36,2745.93,Debit,Completed,,Loan Payment - LN2019030001803,False,,0.96,,Automated,Vehicle Loan,standard_payment,False,loan_payment_generator,False,
TXNL202000000768,ACC0004255,IND19018626,LN2019030001807,LDO20200000083,15,2020-06-10,06:31:38,1007.58,Debit,Completed,,Loan Payment - LN2019030001807,False,,0.18,,Automated,Home Loan,standard_payment,False,loan_payment_generator,True,timestamp_shift
TXNL202000000769,ACC0004018,IND19000876,LN2019030001811,LDO20200000432,15,2020-06-22,04:40:17,5090.28,Debit,Completed,,Loan Payment - LN2019030001811,False,,1.32,,Automated,Home Loan,standard_payment,False,loan_payment_generator,False,
TXNL202000000770,ACC0004873,IND19015619,LN2019030001813,LDO20200000433,15,2020-06-17,02:34:19,2364.15,Debit,Completed,,Loan Payment - LN2019030001813,False,,1.11,,Automated,Home Loan,standard_payment,False,loan_payment_generator,False,
TXNL202000000771,ACC0004247,IND19006046,LN2019030001824,LDO20200000434,15,2020-06-11,03:37:39,2817.32,Debit,Completed,,Loan Payment - LN2019030001824 - Extra Principal,False,,1.13,,Automated,Personal Loan,extra_payment,False,loan_payment_generator,False,
TXNL202000000772,ACC0004639,IND19000056,LN2019030001828,LDO20200000435,15,2020-06-21,04:53:19,365.51,Debit,Completed,,Loan Payment - LN2019030001828,False,,0.67,,Automated,Home Loan,standard_payment,False,loan_payment_generator,False,
TXNL202000000773,ACC0005289,IND19000943,LN2019030001830,LDO20200000436,15,2020-06-12,03:46:24,1455.88,Debit,Completed,,Loan Payment - LN2019030001830,False,,1.37,,Automated,Home Loan,standard_payment,False,loan_payment_generator,False,
TXNL202000000774,ACC0005114,IND19009118,LN2019030001835,LDO20200000204,14,2020-06-01,02:29:18,695.33,Debit,Completed,,Loan Payment - LN20190300...,False,,0.68,,Automated,Home Loan,standard_payment,False,loan_payment_generator,True,truncated_description
TXNL202000000775,ACC0005381,IND19009960,LN2019030001839,LDO20200000084,15,2020-06-20,03:46:07,194.31,Debit,Completed,,Loan Payment - LN2019030001839,False,,1.6,,Automated,Home Loan,standard_payment,False,loan_payment_generator,False,
TXNL202000000776,ACC0003394,IND19007294,LN2019030001841,LDO20200000437,15,2020-06-28,04:50:31,2341.69,Debit,Completed,,Loan Payment - LN2019030001841 - Partial,False,,1.4,,Automated,Vehicle Loan,partial_payment,False,loan_payment_generator,False,
TXNL202000000777,ACC0005271,IND19006038,LN2019030001853,LDO20200000205,15,2020-06-30,03:48:31,5226.6,Debit,Completed,,Loan Payment - LN2019030001853,False,,1.46,,Automated,Personal Loan,standard_payment,False,loan_payment_generator,False,
TXNL202000000778,ACC0005196,IND19016399,LN2019030001861,LDO20200000206,15,2020-06-21,04:22:41,2328.47,Debit,Completed,,Loan Payment - LN2019030001861,False,,0.08,,Automated,Vehicle Loan,standard_payment,False,loan_payment_generator,False,
TXNL202000000779,ACC0005416,IND19005301,LN2019030001863,LDO20200000438,15,2020-06-19,02:19:52,181.68,Debit,Completed,,Loan Payment - LN2019030001863,False,,0.7,,Automated,Home Loan,standard_payment,False,loan_payment_generator,False,
TXNL202000000780,ACC0004334,IND19009236,LN2019030001864,LDO20200000439,15,2020-06-14,02:19:20,1743.91,Debit,Completed,,Loan Payment - LN2019030001864,False,,0.96,,Automated,Home Loan,standard_payment,False,loan_payment_generator,False,
TXNL202000000781,ACC0004879,IND19014188,LN2019030001873,LDO20200000440,15,2020-06-26,02:08:38,24393.25,Debit,Completed,,Loan Payment - LN2019030001873,False,,1.07,,Automated,Personal Loan,standard_payment,False,loan_payment_generator,False,
TXNL202000000782,ACC0004596,IND19009615,LN2019030001875,LDO20200000207,14,2020-06-01,02:52:01,1501.9,Debit,Completed,,Loan Payment - LN2019030001875,False,,0.26,,Automated,Personal Loan,standard_payment,False,loan_payment_generator,False,
TXNL202000000783,ACC0003985,IND19007238,LN2019030001876,LDO20200000441,15,2020-06-22,03:50:23,2228.26,Debit,Completed,,Loan Payment - LN2019030001876,False,,0.67,,Automated,Vehicle Loan,standard_payment,False,loan_payment_generator,False,
TXNL202000000784,ACC0005480,COM19000224,LN2019030001884,LDO20200000085,15,2020-06-17,02:41:57,16555.96,Debit,Completed,,Loan Payment - LN2019030001884,False,,1.09,,Automated,Business Loan,standard_payment,False,loan_payment_generator,False,
TXNL202000000785,ACC0005403,IND19010797,LN2019030001885,LDO20200000442,15,2020-06-09,03:31:13,1068.09,Debit,Completed,,Loan Payment - LN2019030001885,False,,0.24,,Automated,Home Loan,standard_payment,False,loan_payment_generator,False,
TXNL202000000786,ACC0003731,IND19018494,LN2019030001886,LDO20200000443,15,2020-06-30,04:55:44,1409.65,Debit,Completed,,Loan Payment - LN2019030001886,False,,1.85,,Automated,Personal Loan,standard_payment,False,loan_payment_generator,False,
TXNL202000000787,ACC0005275,IND19006485,LN2019030001888,LDO20200000444,15,2020-06-13,02:21:35,750.08,Debit,Completed,,Loan Payment - LN2019030001888,False,,1.86,,Automated,Home Loan,standard_payment,False,loan_payment_generator,False,
TXNL202000000788,ACC0004785,IND19016995,LN2019030001894,LDO20200000445,15,2020-06-12,02:18:42,255.7,Debit,Completed,,Loan Payment - LN2019030001894,False,,0.87,,Automated,Home Loan,standard_payment,False,loan_payment_generator,False,
TXNL202000000789,ACC0005390,IND19011734,LN2019030001905,LDO20200000446,14,2020-06-07,03:23:54,2518.57,Debit,Completed,,Loan Payment - LN2019030001905,False,,0.08,,Automated,Vehicle Loan,standard_payment,False,loan_payment_generator,False,
TXNL202000000790,ACC0004817,IND19015714,LN2019030001929,LDO20200000035,15,2020-06-13,02:36:17,1517.67,Debit,Completed,,Loan Payment - LN2019030001929,False,,1.5,,Automated,Home Loan,standard_payment,False,loan_payment_generator,False,
TXNL202000000791,ACC0005375,IND19002687,LN2019030001937,LDO20200000208,14,2020-06-01,02:29:57,2660.76,Debit,Completed,,Loan Payment - LN2019030001937 - Late Fee,False,,1.48,,Automated,Personal Loan,late_payment,False,loan_payment_generator,False,
TXNL202000000792,ACC0005098,IND19008121,LN2019030001941,LDO20200000447,14,2020-06-04,03:02:41,743.84,Debit,Completed,,Loan Payment - LN2019030001941,False,,0.89,,Automated,Home Loan,standard_payment,False,loan_payment_generator,False,
TXNL202000000793,ACC0005143,IND19021316,LN2019030001944,LDO20200000448,15,2020-06-24,02:38:43,2807.62,Debit,Completed,,Loan Payment - LN2019030001944,False,,1.26,,Automated,Home Loan,standard_payment,False,loan_payment_generator,False,
TXNL202000000794,ACC0004259,IND19008085,LN2019030001951,LDO20200000449,15,2020-06-30,03:03:53,840.04,Debit,Completed,,Loan Payment - LN2019030001951,False,,0.2,,Automated,Vehicle Loan,standard_payment,False,loan_payment_generator,False,
TXNL202000000795,ACC0004783,IND19019215,LN2019030001959,LDO20200000036,14,2020-06-07,03:54:38,1072.4,Debit,Completed,,Loan Payment - LN2019030001959,False,,0.75,,Automated,Personal Loan,standard_payment,False,loan_payment_generator,False,
TXNL202000000796,ACC0004107,IND19006600,LN2019030001968,LDO20200000086,15,2020-06-22,03:48:51,1077.33,Debit,Completed,,Loan Payment - LN2019030001968,False,,0.8,,Automated,Home Loan,standard_payment,False,loan_payment_generator,False,
TXNL202000000797,ACC0003873,IND19001959,LN2019030001971,LDO20200000450,15,2020-06-22,04:59:26,1605.96,Debit,Completed,,Loan Payment - LN2019030001971,False,,0.9,,Automated,Home Loan,standard_payment,False,loan_payment_generator,False,
TXNL202000000798,ACC0005236,IND19010753,LN2019030001976,LDO20200000209,15,2020-06-28,04:15:40,323.38,Debit,Completed,,Loan Payment - LN2019030001976,False,,0.56,,Automated,Home Loan,standard_payment,False,loan_payment_generator,False,
TXNL202000000799,ACC0004406,IND19000892,LN2019030001990,LDO20200000451,14,2020-06-03,03:15:11,6003.1,Debit,Completed,,Loan Payment - LN2019030001990,False,,0.94,,Automated,Personal Loan,standard_payment,False,loan_payment_generator,False,
TXNL202000000800,ACC0004663,IND19018024,LN2019030001995,LDO20200000452,15,2020-06-07,02:58:34,5699.32,Debit,Completed,,Loan Payment - LN2019030001995,False,,0.06,,Automated,Home Loan,standard_payment,False,loan_payment_generator,False,
TXNL202000000801,ACC0004215,IND19011565,LN2019030002001,LDO20200000453,15,2020-06-23,04:30:55,3816.14,Debit,Completed,,Loan Payment - LN2019030002001,False,,0.08,,Automated,Home Loan,standard_payment,False,loan_payment_generator,False,
TXNL202000000802,ACC0006109,IND19006047,LN2019040000008,LDO20200000210,14,2020-06-10,03:36:08,2609.21,Debit,Completed,,Loan Payment - LN2019040000008,False,,1.61,,Automated,Home Loan,standard_payment,False,loan_payment_generator,False,
TXNL202000000803,ACC0005802,IND19001559,LN2019040000012,LDO20200000454,14,2020-06-13,04:44:49,4328.1,Debit,Completed,,Loan Payment - LN2019040000012,False,,1.7,,Automated,Home Loan,standard_payment,False,loan_payment_generator,False,
TXNL202000000804,ACC0005620,IND19013053,LN2019040000013,LDO20200000455,13,2020-06-04,03:01:22,784.79,Debit,Completed,,Loan Payment - LN2019040000013,False,,0.87,,Automated,Personal Loan,standard_payment,False,loan_payment_generator,False,
TXNL202000000805,ACC0005927,IND19000987,LN2019040000022,LDO20200000456,13,2020-06-05,02:07:20,4009.56,Debit,Completed,,Loan Payment - LN2019040000022,False,,1.52,,Automated,Personal Loan,standard_payment,False,loan_payment_generator,False,
TXNL202000000806,ACC0005741,IND19003833,LN2019040000050,LDO20200000211,14,2020-06-20,03:35:05,1506.87,Debit,Failed,insufficient_funds,Loan Payment - LN2019040000050,False,,0.73,,Automated,Vehicle Loan,standard_payment,False,loan_payment_generator,False,
TXNL202000000807,ACC0005870,IND19014876,LN2019040000055,LDO20200000457,14,2020-06-30,03:55:43,4470.55,Debit,Completed,,Loan Payment - LN2019040000055,False,,0.84,,Automated,Vehicle Loan,standard_payment,False,loan_payment_generator,False,
TXNL202000000808,ACC0005578,IND19013915,LN2019040000057,LDO20200000458,14,2020-06-29,04:37:18,5085.03,Debit,Completed,,Loan Payment - LN2019040000057,False,,0.87,,Automated,Personal Loan,standard_payment,False,loan_payment_generator,False,
TXNL202000000809,ACC0005703,IND19009852,LN2019040000062,LDO20200000459,13,2020-06-01,03:45:29,2786.95,Debit,Completed,,Loan Payment - LN2019040000062,False,,1.89,,Automated,Vehicle Loan,standard_payment,False,loan_payment_generator,False,
TXNL202000000810,ACC0006817,IND19002143,LN2019040000068,LDO20200000037,14,2020-06-17,02:04:27,1883.71,Debit,Completed,,Loan Payment - LN2019040000068,False,,0.18,,Automated,Vehicle Loan,standard_payment,False,loan_payment_generator,False,
TXNL202000000811,ACC0006364,IND19007513,LN2019040000072,LDO20200000087,14,2020-06-17,03:27:20,3140.34,Debit,Completed,,Loan Payment - LN2019040000072,False,,0.95,,Automated,Home Loan,standard_payment,False,loan_payment_generator,False,
TXNL202000000812,ACC0005986,IND19005940,LN2019040000079,LDO20200000088,14,2020-06-29,03:37:30,2032.21,Debit,Completed,,Loan Payment - LN2019040000079,False,,1.07,,Automated,Home Loan,standard_payment,False,loan_payment_generator,False,
TXNL202000000813,ACC0006897,IND19008709,LN2019040000097,LDO20200000460,13,2020-06-01,04:12:38,1034.76,Debit,Completed,,Loan Payment - LN2019040000097,False,,0.71,,Automated,Home Loan,standard_payment,False,loan_payment_generator,False,
TXNL202000000814,ACC0005932,IND19011112,LN2019040000114,LDO20200000461,14,2020-06-27,03:10:58,1644.9,Debit,Completed,,Loan Payment - LN2019040000114,False,,1.49,,Automated,Home Loan,standard_payment,False,loan_payment_generator,False,
TXNL202000000815,ACC0006052,IND19000197,LN2019040000117,LDO20200000212,14,2020-06-29,03:16:03,4410.75,Debit,Completed,,Loan Payment - LN2019040000117,False,,1.52,,Automated,Home Loan,standard_payment,False,loan_payment_generator,False,
TXNL202000000816,ACC0006692,IND19007934,LN2019040000124,LDO20200000462,14,2020-06-25,04:28:45,3552.68,Debit,Completed,,Loan Payment - LN2019040000124,False,,0.08,,Automated,Home Loan,standard_payment,False,loan_payment_generator,False,
TXNL202000000817,ACC0005792,IND19002285,LN2019040000133,LDO20200000463,14,2020-06-30,04:36:11,756.78,Debit,Completed,,Loan Payment - LN2019040000133,False,,0.49,,Automated,Home Loan,standard_payment,False,loan_payment_generator,False,
TXNL202000000818,ACC0006683,IND19001562,LN2019040000134,LDO20200000213,14,2020-06-12,02:01:11,2918.14,Debit,Completed,,Loan Payment - LN2019040000134 - Partial,False,,0.85,,Automated,Personal Loan,partial_payment,False,loan_payment_generator,False,
TXNL202000000819,ACC0006861,IND19007260,LN2019040000148,LDO20200000464,14,2020-06-26,02:20:35,926.09,Debit,Completed,,Loan Payment - LN2019040000148,False,,1.52,,Automated,Home Loan,standard_payment,False,loan_payment_generator,True,amount_rounding_error
TXNL202000000820,ACC0005930,IND19008665,LN2019040000149,LDO20200000465,14,2020-06-12,03:55:24,1441.71,Debit,Completed,,Loan Payment - LN2019040000149,False,,0.43,,Automated,Home Loan,standard_payment,False,loan_payment_generator,False,
TXNL202000000821,ACC0005880,IND19012537,LN2019040000157,LDO20200000214,14,2020-06-17,04:23:40,2809.72,Debit,Completed,,Loan Payment - LN2019040000157,False,,1.51,,Automated,Vehicle Loan,standard_payment,False,loan_payment_generator,False,
TXNL202000000822,ACC0006886,IND19015172,LN2019040000163,LDO20200000466,14,2020-06-09,03:09:03,2847.64,Debit,Completed,,Loan Payment - LN2019040000163,False,,0.95,,Automated,Home Loan,standard_payment,False,loan_payment_generator,False,
TXNL202000000823,ACC0005577,IND19003614,LN2019040000170,LDO20200000467,14,2020-06-12,04:39:13,875.13,Debit,Failed,bank_timeout,Loan Payment - LN2019040000170,False,,0.97,,Automated,Home Loan,standard_payment,False,loan_payment_generator,False,
TXNL202000000824,ACC0006210,IND19009400,LN2019040000172,LDO20200000468,14,2020-06-27,04:12:03,1426.23,Debit,Completed,,Loan Payment - LN2019040000172,False,,0.38,,Automated,Personal Loan,standard_payment,False,loan_payment_generator,False,
TXNL202000000825,ACC0006056,IND19007403,LN2019040000177,LDO20200000215,14,2020-06-16,04:31:54,1714.47,Debit,Completed,,Loan Payment - LN2019040000177,False,,0.82,,Automated,Vehicle Loan,standard_payment,False,loan_payment_generator,False,
TXNL202000000826,ACC0006296,IND19008274,LN2019040000178,LDO20200000089,14,2020-06-18,04:38:20,5006.76,Debit,Completed,,Loan Payment - LN2019040000178,False,,1.46,,Automated,Vehicle Loan,standard_payment,False,loan_payment_generator,False,
TXNL202000000827,ACC0006597,IND19011302,LN2019040000179,LDO20200000469,13,2020-06-01,03:07:55,1082.33,Debit,Completed,,Loan Payment - LN2019040000179,False,,1.57,,Automated,Personal Loan,standard_payment,False,loan_payment_generator,False,
TXNL202000000828,ACC0006805,IND19011392,LN2019040000181,LDO20200000470,14,2020-06-26,04:54:21,555.15,Debit,Completed,,Loan Payment - LN2019040000181,False,,0.54,,Automated,Personal Loan,standard_payment,False,loan_payment_generator,False,
TXNL202000000829,ACC0006731,IND19013531,LN2019040000194,LDO20200000216,14,2020-06-13,03:25:45,2546.38,Debit,Completed,,Loan Payment - LN2019040000194,False,,1.24,,Automated,Home Loan,standard_payment,False,loan_payment_generator,False,
TXNL202000000830,ACC0005679,IND19012651,LN2019040000196,LDO20200000471,13,2020-06-07,02:55:12,2103.92,Debit,Completed,,Loan Payment - LN2019040000196,False,,1.58,,Automated,Personal Loan,standard_payment,False,loan_payment_generator,False,
TXNL202000000831,ACC0006111,IND19012335,LN2019040000203,LDO20200000217,14,2020-06-27,04:21:37,774.23,Debit,Completed,,Loan Payment - LN2019040000203,False,,0.93,,Automated,Home Loan,standard_payment,False,loan_payment_generator,False,
TXNL202000000832,ACC0006826,IND19014446,LN2019040000208,LDO20200000218,14,2020-06-15,02:48:45,1080.36,Debit,Completed,,Loan Payment - LN2019040000208,False,,0.13,,Automated,Home Loan,standard_payment,False,loan_payment_generator,False,
TXNL202000000833,ACC0006272,IND19005714,LN2019040000211,LDO20200000472,14,2020-06-26,03:34:39,3340.83,Debit,Completed,,Loan Payment - LN2019040000211,False,,0.96,,Automated,Vehicle Loan,standard_payment,False,loan_payment_generator,False,
TXNL202000000834,ACC0006413,IND19001698,LN2019040000213,LDO20200000473,14,2020-06-27,02:41:11,17443.05,Debit,Completed,,Loan Payment - LN2019040000213,False,,1.49,,Automated,Personal Loan,standard_payment,False,loan_payment_generator,False,
TXNL202000000835,ACC0006978,COM19000006,LN2019040000217,LDO20200000090,13,2020-06-01,02:07:06,2735.23,Debit,Completed,,Loan Payment - LN2019040000217,False,,0.04,,Automated,Business Loan,standard_payment,False,loan_payment_generator,False,
TXNL202000000836,ACC0006077,IND19014368,LN2019040000219,LDO20200000038,14,2020-06-15,03:44:51,11958.05,Debit,Completed,,Loan Payment - LN2019040000219,False,,0.51,,Automated,Personal Loan,standard_payment,False,loan_payment_generator,False,
TXNL202000000837,ACC0005567,IND19010098,LN2019040000223,LDO20200000474,13,2020-06-06,04:45:29,2988.05,Debit,Completed,,Loan Payment - LN2019040000223,False,,1.3,,Automated,Personal Loan,standard_payment,False,loan_payment_generator,False,
TXNL202000000838,ACC0006693,IND19009434,LN2019040000228,LDO20200000475,14,2020-06-22,02:46:25,2782.21,Debit,Completed,,Loan Payment - LN2019040000228,False,,0.0,,Automated,Personal Loan,standard_payment,False,loan_payment_generator,False,
TXNL202000000839,ACC0006259,IND19003975,LN2019040000231,LDO20200000219,14,2020-06-20,03:46:52,760.29,Debit,Completed,,Loan Payment - LN2019040000231,False,,0.42,,Automated,Vehicle Loan,standard_payment,False,loan_payment_generator,False,
TXNL202000000840,ACC0005639,IND19002056,LN2019040000239,LDO20200000220,14,2020-06-08,04:19:12,2664.15,Debit,Completed,,Loan Payment - LN2019040000239,False,,1.03,,Automated,Personal Loan,standard_payment,False,loan_payment_generator,False,
TXNL202000000841,ACC0006604,IND19008567,LN2019040000241,LDO20200000476,13,2020-06-03,04:36:27,6091.24,Debit,Completed,,Loan Payment - LN2019040000241,False,,1.2,,Automated,Home Loan,standard_payment,False,loan_payment_generator,False,
TXNL202000000842,ACC0006706,IND19012278,LN2019040000242,LDO20200000221,14,2020-06-15,02:24:57,855.02,Debit,Completed,,Loan Payment - LN2019040000242,False,,1.54,,Automated,Home Loan,standard_payment,False,loan_payment_generator,False,
TXNL202000000843,ACC0006934,IND19009341,LN2019040000253,LDO20200000222,14,2020-06-27,04:04:57,688.68,Debit,Completed,,Loan Payment - LN2019040000253,False,,0.89,,Automated,Vehicle Loan,standard_payment,False,loan_payment_generator,False,
TXNL202000000844,ACC0006530,IND19008453,LN2019040000255,LDO20200000477,14,2020-06-08,04:24:54,3686.95,Debit,Completed,,Loan Payment - LN2019040000255,False,,0.25,,Automated,Vehicle Loan,standard_payment,False,loan_payment_generator,False,
TXNL202000000845,ACC0006297,IND19004165,LN2019040000258,LDO20200000478,14,2020-06-22,02:57:48,1345.63,Debit,Completed,,Loan Payment - LN2019040000258,False,,0.91,,Automated,Vehicle Loan,standard_payment,False,loan_payment_generator,False,
TXNL202000000846,ACC0006759,IND19013371,LN2019040000261,LDO20200000091,13,2020-06-05,02:05:31,2781.27,Debit,Completed,,Loan Payment - LN2019040000261,False,,1.38,,Automated,Home Loan,standard_payment,False,loan_payment_generator,False,
TXNL202000000847,ACC0005806,IND19006693,LN2019040000278,LDO20200000223,14,2020-06-14,03:43:30,2147.77,Debit,Completed,,Loan Payment - LN2019040000278,False,,0.25,,Automated,Home Loan,standard_payment,False,loan_payment_generator,True,amount_rounding_error
TXNL202000000848,ACC0006498,IND19011306,LN2019040000280,LDO20200000039,14,2020-06-21,04:17:15,1863.5,Debit,Completed,,Loan Payment - LN2019040000280,False,,1.14,,Automated,Personal Loan,standard_payment,False,loan_payment_generator,False,
TXNL202000000849,ACC0005775,IND19005306,LN2019040000284,LDO20200000479,14,2020-06-24,03:03:33,1353.47,Debit,Completed,,Loan Payment - LN2019040000284,False,,1.1,,Automated,Personal Loan,standard_payment,False,loan_payment_generator,False,
TXNL202000000850,ACC0005938,IND19012283,LN2019040000297,LDO20200000480,13,2020-06-02,03:49:56,630.82,Debit,Completed,,Loan Payment - LN2019040000297,False,,1.88,,Automated,Home Loan,standard_payment,False,loan_payment_generator,False,
TXNL202000000851,ACC0005785,IND19004403,LN2019040000299,LDO20200000481,14,2020-06-25,02:45:46,2026.61,Debit,Completed,,Loan Payment - LN2019040000299,False,,1.94,,Automated,Home Loan,standard_payment,False,loan_payment_generator,False,
TXNL202000000852,ACC0006913,IND19010893,LN2019040000302,LDO20200000482,13,2020-06-05,03:13:36,1991.95,Debit,Completed,,Loan Payment - LN2019040000302,False,,1.29,,Automated,Home Loan,standard_payment,False,loan_payment_generator,False,
TXNL202000000853,ACC0006131,IND19010064,LN2019040000303,LDO20200000092,14,2020-06-17,04:16:47,2532.78,Debit,Completed,,Loan Payment - LN2019040000303,False,,1.21,,Automated,Vehicle Loan,standard_payment,False,loan_payment_generator,False,
TXNL202000000854,ACC0006904,IND19012495,LN2019040000306,LDO20200000483,14,2020-06-18,03:16:23,1413.69,Debit,Failed,insufficient_funds,Loan Payment - LN20190400...,False,,1.28,,Automated,Personal Loan,standard_payment,False,loan_payment_generator,True,truncated_description
TXNL202000000855,ACC0005771,IND19006968,LN2019040000308,LDO20200000224,14,2020-06-23,03:50:51,1252.89,Debit,Failed,bank_timeout,Loan Payment - LN2019040000308,False,,1.91,,Automated,Home Loan,standard_payment,False,loan_payment_generator,False,
TXNL202000000856,ACC0005695,IND19004727,LN2019040000309,LDO20200000093,14,2020-06-17,03:17:11,1385.46,Debit,Completed,,Loan Payment - LN2019040000309,False,,1.75,,Automated,Home Loan,standard_payment,False,loan_payment_generator,False,
 TXNL202000000857 ,ACC0005928,IND19009847,LN2019040000314,LDO20200000484,13,2020-06-07,07:44:24,5193.54,Debit,Completed,,Loan Payment - LN2019040000314,False,,0.8,,Automated,Home Loan,standard_payment,False,loan_payment_generator,True,timestamp_shift|whitespace_in_id
TXNL202000000858,ACC0006947,IND19015118,LN2019040000317,LDO20200000225,14,2020-06-29,03:50:26,2949.71,Debit,Completed,,Loan Payment - LN2019040000317,False,,0.48,,Automated,Home Loan,standard_payment,False,loan_payment_generator,False,
TXNL202000000859,ACC0006857,IND19010255,LN2019040000318,LDO20200000485,14,2020-06-05,03:04:14,1486.56,Debit,Completed,,Loan Payment - LN2019040000318,False,,0.67,,Automated,Home Loan,standard_payment,False,loan_payment_generator,False,
TXNL202000000860,ACC0006957,IND19014811,LN2019040000332,LDO20200000094,13,2020-06-05,02:03:58,1172.91,Debit,Completed,,Loan Payment - LN2019040000332,False,,1.81,,Automated,Personal Loan,standard_payment,False,loan_payment_generator,False,
TXNL202000000861,ACC0005514,IND19011127,LN2019040000334,LDO20200000226,13,2020-06-04,04:12:50,1215.23,Debit,Completed,,Loan Payment - LN2019040000334,False,,1.52,,Automated,Home Loan,standard_payment,False,loan_payment_generator,False,
TXNL202000000862,ACC0005603,IND19011571,LN2019040000339,LDO20200000486,13,2020-06-06,02:34:35,1438.72,Debit,Completed,,Loan Payment - LN2019040000339,False,,0.46,,Automated,Home Loan,standard_payment,False,loan_payment_generator,False,
TXNL202000000863,ACC0006317,IND19003634,LN2019040000341,LDO20200000227,14,2020-06-11,02:48:55,176.04,Debit,Completed,,Loan Payment - LN2019040000341,False,,1.71,,Automated,Home Loan,standard_payment,False,loan_payment_generator,False,
TXNL202000000864,ACC0007001,COM19000025,LN2019040000342,LDO20200000487,14,2020-06-16,03:12:15,34329.58,Debit,Completed,,Loan Payment - LN2019040000342,False,,1.83,,Automated,Business Loan,standard_payment,False,loan_payment_generator,False,
TXNL202000000865,ACC0006803,IND19001507,LN2019040000347,LDO20200000488,14,2020-06-20,03:36:24,2701.87,Debit,Completed,,Loan Payment - LN2019040000347,False,,1.99,,Automated,Personal Loan,standard_payment,False,loan_payment_generator,False,
TXNL202000000866,ACC0006453,IND19003544,LN2019040000353,LDO20200000489,14,2020-06-24,03:22:28,1261.42,Debit,Completed,,Loan Payment - LN2019040000353,False,,0.18,,Automated,Home Loan,standard_payment,False,loan_payment_generator,False,
TXNL202000000867,ACC0006527,IND19000751,LN2019040000354,LDO20200000490,14,2020-06-22,03:45:21,3539.16,Debit,Completed,,Loan Payment - LN2019040000354,False,,1.36,,Automated,Personal Loan,standard_payment,False,loan_payment_generator,False,
TXNL202000000868,ACC0006991,COM19000195,LN2019040000368,LDO20200000228,14,2020-06-10,02:08:20,28745.2,Debit,Completed,,Loan Payment - LN2019040000368,False,,1.18,,Automated,Business Loan,standard_payment,False,loan_payment_generator,False,
TXNL202000000869,ACC0005612,IND19005962,LN2019040000372,LDO20200000492,13,2020-06-03,02:52:41,4137.1,Debit,Completed,,Loan Payment - LN2019040000372,False,,1.85,,Automated,Home Loan,standard_payment,False,loan_payment_generator,False,
TXNL202000000870,ACC0005835,IND19006050,LN2019040000388,LDO20200000229,13,2020-06-01,03:51:28,3029.99,Debit,Completed,,Loan Payment - LN2019040000388,False,,0.22,,Automated,Home Loan,standard_payment,False,loan_payment_generator,False,
TXNL202000000871,ACC0006948,IND19015118,LN2019040000407,LDO20200000230,14,2020-06-20,03:51:25,3846.92,Debit,Completed,,Loan Payment - LN2019040000407,False,,0.33,,Automated,Vehicle Loan,standard_payment,False,loan_payment_generator,False,
TXNL202000000872,ACC0006899,IND19000899,LN2019040000409,LDO20200000493,14,2020-06-27,04:35:34,1590.41,Debit,Completed,,Loan Payment - LN2019040000409,False,,2.0,,Automated,Home Loan,standard_payment,False,loan_payment_generator,False,
TXNL202000000873,ACC0005827,IND19010077,LN2019040000424,LDO20200000494,13,2020-06-02,04:28:33,2401.89,Debit,Completed,,Loan Payment - LN2019040000424,False,,1.16,,Automated,Personal Loan,standard_payment,False,loan_payment_generator,False,
TXNL202000000874,ACC0006600,IND19010541,LN2019040000426,LDO20200000095,14,2020-06-30,02:49:52,1013.25,Debit,Completed,,Loan Payment - LN2019040000426,False,,1.77,,Automated,Home Loan,standard_payment,False,loan_payment_generator,False,
TXNL202000000875,ACC0006975,COM19000211,LN2019040000442,LDO20200000495,14,2020-06-28,04:36:40,10135.19,Debit,Completed,,Loan Payment - LN2019040000442,False,,1.38,,Automated,Business Loan,standard_payment,False,loan_payment_generator,False,
TXNL202000000876,ACC0006609,IND19010646,LN2019040000453,LDO20200000496,14,2020-06-27,04:42:49,5582.9,Debit,Completed,,Loan Payment - LN2019040000453,False,,0.39,,Automated,Home Loan,standard_payment,False,loan_payment_generator,False,
TXNL202000000877,ACC0006009,IND19001618,LN2019040000458,LDO20200000497,14,2020-06-18,03:35:31,959.84,Debit,Completed,,Loan Payment - LN2019040000458 - Partial,False,,0.2,,Automated,Home Loan,partial_payment,False,loan_payment_generator,False,
TXNL202000000878,ACC0006508,IND19001701,LN2019040000460,LDO20200000009,13,2020-06-05,03:06:34,3505.4,Debit,Completed,,Loan Payment - LN20190400...,False,,1.8,,Automated,Home Loan,standard_payment,False,loan_payment_generator,True,truncated_description
TXNL202000000879,ACC0006244,IND19014006,LN2019040000470,LDO20200000498,13,2020-06-06,04:17:47,4553.55,Debit,Completed,,Loan Payment - LN2019040000470,False,,0.94,,Automated,Personal Loan,standard_payment,False,loan_payment_generator,False,
TXNL202000000880,ACC0005740,IND19008836,LN2019040000489,LDO20200000023,14,2020-06-17,02:31:48,942.46,Debit,Completed,,Loan Payment - LN2019040000489,False,,1.88,,Automated,Home Loan,standard_payment,False,loan_payment_generator,False,
TXNL202000000881,ACC0006384,IND19000328,LN2019040000493,LDO20200000096,14,2020-06-20,03:14:06,1714.89,Debit,Failed,insufficient_funds,Loan Payment - LN2019040000493,False,,1.69,,Automated,Personal Loan,standard_payment,False,loan_payment_generator,False,
TXNL202000000882,ACC0005972,IND19010087,LN2019040000499,LDO20200000231,14,2020-06-27,04:36:01,3477.34,Debit,Completed,,Loan Payment - LN2019040000499,False,,1.53,,Automated,Vehicle Loan,standard_payment,False,loan_payment_generator,False,
TXNL202000000883,ACC0005763,IND19002384,LN2019040000501,LDO20200000499,13,2020-06-01,04:27:25,906.64,Debit,Completed,,Loan Payment - LN2019040000501,False,,0.79,,Automated,Vehicle Loan,standard_payment,False,loan_payment_generator,False,
TXNL202000000884,ACC0006043,IND19012474,LN2019040000504,LDO20200000232,13,2020-06-02,02:16:00,1182.55,Debit,Failed,bank_timeout,Loan Payment - LN2019040000504,False,,0.95,,Automated,Home Loan,standard_payment,False,loan_payment_generator,False,
TXNL202000000885,ACC0007004,COM19000217,LN2019040000506,LDO20200000097,13,2020-06-04,02:40:37,10556.78,Debit,Completed,,Loan Payment - LN2019040000506,False,,1.85,,Automated,Business Loan,standard_payment,False,loan_payment_generator,False,
TXNL202000000886,ACC0006037,IND19012380,LN2019040000521,LDO20200000098,14,2020-06-29,02:43:35,4410.13,Debit,Completed,,Loan Payment - LN2019040000521,False,,1.58,,Automated,Home Loan,standard_payment,False,loan_payment_generator,False,
TXNL202000000887,ACC0006594,IND19013477,LN2019040000528,LDO20200000500,14,2020-06-23,04:22:22,2360.32,Debit,Completed,,Loan Payment - LN2019040000528,False,,0.7,,Automated,Home Loan,standard_payment,False,loan_payment_generator,True,timestamp_shift
TXNL202000000888,ACC0005980,IND19012426,LN2019040000531,LDO20200000501,13,2020-06-10,04:09:26,11866.11,Debit,Completed,,Loan Payment - LN2019040000531,False,,0.11,,Automated,Personal Loan,standard_payment,False,loan_payment_generator,False,
TXNL202000000889,ACC0005777,IND19012806,LN2019040000549,LDO20200000502,14,2020-06-15,03:32:32,3444.9,Debit,Completed,,Loan Payment - LN2019040000549,False,,0.65,,Automated,Home Loan,standard_payment,False,loan_payment_generator,False,
TXNL202000000890,ACC0005652,IND19009011,LN2019040000553,LDO20200000099,14,2020-06-15,02:20:39,3083.33,Debit,Completed,,Loan Payment - LN2019040000553,False,,1.13,,Automated,Home Loan,standard_payment,False,loan_payment_generator,False,
TXNL202000000891,ACC0005618,IND19008561,LN2019040000557,LDO20200000004,14,2020-06-15,02:41:19,4066.44,Debit,Completed,,Loan Payment - LN2019040000557,False,,1.36,,Automated,Home Loan,standard_payment,False,loan_payment_generator,False,
TXNL202000000892,ACC0005549,IND19002733,LN2019040000562,LDO20200000503,14,2020-06-22,03:14:20,1065.77,Debit,Completed,,Loan Payment - LN20190400...,False,,0.51,,Automated,Home Loan,late_payment,False,loan_payment_generator,True,truncated_description
TXNL202000000893,ACC0006705,IND19007997,LN2019040000563,LDO20200000504,14,2020-06-18,04:23:03,2670.33,Debit,Completed,,Loan Payment - LN2019040000563,False,,0.84,,Automated,Home Loan,standard_payment,False,loan_payment_generator,False,
TXNL202000000894,ACC0006568,IND19007034,LN2019040000570,LDO20200000234,13,2020-06-01,04:23:29,1186.49,Debit,Completed,,Loan Payment - LN2019040000570,False,,0.54,,Automated,Personal Loan,standard_payment,False,loan_payment_generator,False,
TXNL202000000895,ACC0006845,IND19015246,LN2019040000573,LDO20200000100,14,2020-06-24,02:27:14,7216.33,Debit,Completed,,Loan Payment - LN2019040000573,False,,0.21,,Automated,Vehicle Loan,standard_payment,False,loan_payment_generator,False,
TXNL202000000896,ACC0006149,IND19009401,LN2019040000585,LDO20200000101,14,2020-06-26,03:54:52,1622.39,Debit,Completed,,Loan Payment - LN2019040000585,False,,1.21,,Automated,Home Loan,standard_payment,False,loan_payment_generator,False,
TXNL202000000897,ACC0006098,IND19015404,LN2019040000598,LDO20200000010,14,2020-06-11,02:56:19,9597.56,Debit,Completed,,Loan Payment - LN2019040000598,False,,0.57,,Automated,Personal Loan,standard_payment,False,loan_payment_generator,False,
TXNL202000000898,ACC0005613,IND19005851,LN2019040000601,LDO20200000505,13,2020-06-01,04:30:09,4123.43,Debit,Completed,,Loan Payment - LN2019040000601,False,,1.17,,Automated,Home Loan,standard_payment,False,loan_payment_generator,False,
TXNL202000000899,ACC0006123,IND19005105,LN2019040000616,LDO20200000506,13,2020-06-07,03:29:58,397.09,Debit,Completed,,Loan Payment - LN2019040000616,False,,0.22,,Automated,Home Loan,standard_payment,False,loan_payment_generator,False,
TXNL202000000900,ACC0006557,IND19008107,LN2019040000629,LDO20200000235,13,2020-06-03,02:32:28,2964.23,Debit,Failed,bank_timeout,Loan Payment - LN2019040000629,False,,0.44,,Automated,Home Loan,standard_payment,False,loan_payment_generator,False,
TXNL202000000901,ACC0005969,IND19013685,LN2019040000632,LDO20200000102,14,2020-06-24,02:21:36,3958.91,Debit,Completed,,Loan Payment - LN2019040000632,False,,0.4,,Automated,Home Loan,standard_payment,False,loan_payment_generator,False,
TXNL202000000902,ACC0005909,IND19003965,LN2019040000638,LDO20200000236,14,2020-06-21,02:08:10,1357.5,Debit,Failed,mandate_limit,Loan Payment - LN2019040000638,False,,0.66,,Automated,Home Loan,standard_payment,False,loan_payment_generator,False,
TXNL202000000903,ACC0006153,IND19010755,LN2019040000648,LDO20200000507,14,2020-06-30,02:36:42,3696.44,Debit,Completed,,Loan Payment - LN2019040000648,False,,0.29,,Automated,Home Loan,standard_payment,False,loan_payment_generator,False,
TXNL202000000904,ACC0006126,IND19004181,LN2019040000657,LDO20200000508,14,2020-06-14,04:20:43,995.41,Debit,Completed,,Loan Payment - LN2019040000657,False,,1.86,,Automated,Vehicle Loan,standard_payment,False,loan_payment_generator,False,
TXNL202000000905,ACC0005981,IND19012426,LN2019040000660,LDO20200000237,13,2020-06-05,02:11:16,7461.95,Debit,Completed,,Loan Payment - LN2019040000660 - Partial,False,,0.63,,Automated,Personal Loan,partial_payment,False,loan_payment_generator,False,
TXNL202000000906,ACC0006487,IND19006187,LN2019040000663,LDO20200000509,13,2020-06-04,04:14:24,1852.93,Debit,Completed,,Loan Payment - LN2019040000663,False,,1.42,,Automated,Personal Loan,standard_payment,False,loan_payment_generator,False,
TXNL202000000907,ACC0005609,IND19010495,LN2019040000664,LDO20200000510,14,2020-06-22,03:26:52,3419.22,Debit,Completed,,Loan Payment - LN2019040000664,False,,0.01,,Automated,Vehicle Loan,standard_payment,False,loan_payment_generator,False,
TXNL202000000908,ACC0006775,IND19005633,LN2019040000666,LDO20200000511,14,2020-06-11,02:17:14,3236.13,Debit,Completed,,Loan Payment - LN2019040000666,False,,1.07,,Automated,Home Loan,standard_payment,False,loan_payment_generator,False,
TXNL202000000909,ACC0006758,IND19013371,LN2019040000674,LDO20200000512,14,2020-06-18,03:07:36,625.8,Debit,Completed,,Loan Payment - LN2019040000674,False,,0.01,,Automated,Home Loan,standard_payment,False,loan_payment_generator,False,
TXNL202000000910,ACC0006933,IND19004476,LN2019040000681,LDO20200000513,14,2020-06-24,04:19:00,5094.02,Debit,Completed,,Loan Payment - LN2019040000681,False,,0.22,,Automated,Personal Loan,standard_payment,False,loan_payment_generator,False,
TXNL202000000911,ACC0006611,IND19010726,LN2019040000684,LDO20200000514,14,2020-06-29,04:11:15,1419.83,Debit,Completed,,Loan Payment - LN2019040000684,False,,0.24,,Automated,Vehicle Loan,standard_payment,False,loan_payment_generator,False,
TXNL202000000912,ACC0006540,IND19011900,LN2019040000690,LDO20200000515,13,2020-06-01,02:20:08,1853.79,Debit,Completed,,Loan Payment - LN2019040000690,False,,1.57,,Automated,Vehicle Loan,standard_payment,False,loan_payment_generator,False,
TXNL202000000913,ACC0006083,IND19013467,LN2019040000691,LDO20200000516,14,2020-06-15,03:58:54,1941.38,Debit,Completed,,Loan Payment - LN2019040000691,False,,0.13,,Automated,Home Loan,standard_payment,False,loan_payment_generator,False,
TXNL202000000914,ACC0006884,IND19015135,LN2019040000696,LDO20200000517,13,2020-06-05,04:00:11,2767.53,Debit,Completed,,Loan Payment - LN2019040000696,False,,0.0,,Automated,Vehicle Loan,standard_payment,False,loan_payment_generator,False,
TXNL202000000915,ACC0005590,IND19007712,LN2019040000699,LDO20200000518,14,2020-06-19,03:16:02,1931.52,Debit,Completed,,Loan Payment - LN2019040000699,False,,0.52,,Automated,Personal Loan,standard_payment,False,loan_payment_generator,False,
TXNL202000000916,ACC0005824,IND19013306,LN2019040000701,LDO20200000238,14,2020-06-19,03:19:41,767.87,Debit,Completed,,Loan Payment - LN2019040000701,False,,0.26,,Automated,Home Loan,standard_payment,False,loan_payment_generator,False,
TXNL202000000917,ACC0006286,IND19014817,LN2019040000708,LDO20200000239,13,2020-06-02,03:06:39,6185.66,Debit,Failed,insufficient_funds,Loan Payment - LN2019040000708,False,,0.26,,Automated,Home Loan,standard_payment,False,loan_payment_generator,True,status_inconsistency
TXNL202000000918,ACC0006258,IND19014436,LN2019040000711,LDO20200000240,13,2020-06-02,03:12:42,2398.9,Debit,Completed,,Loan Payment - LN2019040000711,False,,1.34,,Automated,Vehicle Loan,standard_payment,False,loan_payment_generator,False,
TXNL202000000919,ACC0006114,IND19000797,LN2019040000713,LDO20200000241,14,2020-06-20,03:07:52,2360.85,Debit,Completed,,Loan Payment - LN2019040000713,False,,1.14,,Automated,Personal Loan,standard_payment,False,loan_payment_generator,False,
TXNL202000000920,ACC0006784,IND19011724,LN2019040000720,LDO20200000519,14,2020-06-23,04:55:18,1450.8,Debit,Completed,,Loan Payment - LN2019040000720,False,,0.26,,Automated,Home Loan,standard_payment,False,loan_payment_generator,False,
TXNL202000000921,ACC0006465,IND19002539,LN2019040000722,LDO20200000520,14,2020-06-30,04:40:09,2178.65,Debit,Completed,,Loan Payment - LN2019040000722,False,,0.04,,Automated,Personal Loan,standard_payment,False,loan_payment_generator,False,
TXNL202000000922,ACC0006875,IND19001044,LN2019040000724,LDO20200000521,14,2020-06-14,03:16:25,6735.95,Debit,Completed,,Loan Payment - LN20190400...,False,,1.83,,Automated,Home Loan,standard_payment,False,loan_payment_generator,True,truncated_description
TXNL202000000923,ACC0006439,IND19010454,LN2019040000729,LDO20200000242,14,2020-06-30,03:16:15,1974.92,Debit,Completed,,Loan Payment - LN2019040000729,False,,0.94,,Automated,Vehicle Loan,standard_payment,False,loan_payment_generator,False,
TXNL202000000924,ACC0006535,IND19003432,LN2019040000737,LDO20200000522,14,2020-06-30,02:00:34,1134.9,Debit,Completed,,Loan Payment - LN2019040000737,False,,0.66,,Automated,Home Loan,standard_payment,False,loan_payment_generator,False,
TXNL202000000925,ACC0006501,IND19012993,LN2019040000740,LDO20200000523,14,2020-06-20,03:02:50,366.78,Debit,Completed,,Loan Payment - LN2019040000740,False,,0.83,,Automated,Home Loan,standard_payment,False,loan_payment_generator,False,
TXNL202000000926,ACC0006652,IND19001592,LN2019040000748,LDO20200000524,14,2020-06-21,03:00:08,1845.94,Debit,Completed,,Loan Payment - LN2019040000748,False,,1.52,,Automated,Vehicle Loan,standard_payment,False,loan_payment_generator,False,
TXNL202000000927,ACC0006209,IND19009400,LN2019040000751,LDO20200000011,14,2020-06-22,04:04:25,1537.88,Debit,Failed,bank_timeout,Loan Payment - LN2019040000751 - Partial,False,,0.52,,Automated,Vehicle Loan,partial_payment,False,loan_payment_generator,False,
TXNL202000000928,ACC0006424,IND19005129,LN2019040000752,LDO20200000525,13,2020-06-04,03:08:42,864.47,Debit,Completed,,Loan Payment - LN2019040000752,False,,1.63,,Automated,Vehicle Loan,standard_payment,False,loan_payment_generator,False,
TXNL202000000929,ACC0005901,IND19005390,LN2019040000757,LDO20200000526,13,2020-06-02,03:14:09,1539.45,Debit,Completed,,Loan Payment - LN2019040000757,False,,0.14,,Automated,Home Loan,standard_payment,False,loan_payment_generator,False,
TXNL202000000930,ACC0006309,IND19003220,LN2019040000759,LDO20200000243,14,2020-06-28,03:18:28,2359.63,Debit,Completed,,Loan Payment - LN2019040000759,False,,0.68,,Automated,Vehicle Loan,standard_payment,False,loan_payment_generator,False,
TXNL202000000931,ACC0006375,IND19011919,LN2019040000761,LDO20200000527,13,2020-06-03,02:00:37,6475.59,Debit,Completed,,Loan Payment - LN2019040000761,False,,1.11,,Automated,Personal Loan,standard_payment,False,loan_payment_generator,False,
TXNL202000000932,ACC0006145,IND19002874,LN2019040000764,LDO20200000528,14,2020-06-19,04:42:42,360.12,Debit,Completed,,Loan Payment - LN2019040000764,False,,0.93,,Automated,Vehicle Loan,standard_payment,False,loan_payment_generator,False,
TXNL202000000933,ACC0006981,COM19000093,LN2019040000766,LDO20200000529,14,2020-06-09,03:35:13,11911.56,Debit,Completed,,Loan Payment - LN2019040000766,False,,1.23,,Automated,Business Loan,standard_payment,False,loan_payment_generator,False,
TXNL202000000934,ACC0005860,IND19014037,LN2019040000773,LDO20200000530,14,2020-06-19,03:42:15,721.37,Debit,Completed,,Loan Payment - LN2019040000773,False,,1.97,,Automated,Home Loan,standard_payment,False,loan_payment_generator,False,
TXNL202000000935,ACC0006542,IND19000673,LN2019040000780,LDO20200000012,14,2020-06-22,03:04:46,3105.75,Debit,Completed,,Loan Payment - LN2019040000780,False,,1.88,,Automated,Home Loan,standard_payment,False,loan_payment_generator,False,
TXNL202000000936,ACC0006266,IND19003941,LN2019040000781,LDO20200000531,14,2020-06-21,04:34:39,2046.48,Debit,Completed,,Loan Payment - LN2019040000781,False,,1.86,,Automated,Personal Loan,standard_payment,False,loan_payment_generator,False,
TXNL202000000937,ACC0006734,IND19005493,LN2019040000790,LDO20200000532,14,2020-06-10,03:23:36,1509.67,Debit,Completed,,Loan Payment - LN2019040000790,False,,1.45,,Automated,Home Loan,standard_payment,False,loan_payment_generator,False,
TXNL202000000938,ACC0005778,IND19015885,LN2019040000791,LDO20200000533,14,2020-06-22,02:25:28,3538.8,Debit,Completed,,Loan Payment - LN2019040000791,False,,1.0,,Automated,Personal Loan,standard_payment,False,loan_payment_generator,False,
TXNL202000000939,ACC0006094,IND19004821,LN2019040000810,LDO20200000534,13,2020-06-07,04:52:29,1358.08,Debit,Completed,,Loan Payment - LN2019040000810,False,,0.81,,Automated,Home Loan,standard_payment,False,loan_payment_generator,False,
TXNL202000000940,ACC0006306,IND19004991,LN2019040000811,LDO20200000535,14,2020-06-13,02:31:23,2052.6,Debit,Completed,,Loan Payment - LN2019040000811,False,,1.65,,Automated,Vehicle Loan,standard_payment,False,loan_payment_generator,False,
TXNL202000000941,ACC0006480,IND19014719,LN2019040000819,LDO20200000536,13,2020-06-08,03:42:42,2937.14,Debit,Completed,,Loan Payment - LN2019040000819,False,,1.06,,Automated,Vehicle Loan,standard_payment,False,loan_payment_generator,False,
TXNL202000000942,ACC0006938,IND19009972,LN2019040000822,LDO20200000013,14,2020-06-27,03:49:31,431.21,Debit,Completed,,Loan Payment - LN2019040000822,False,,0.37,,Automated,Home Loan,standard_payment,False,loan_payment_generator,False,
TXNL202000000943,ACC0006992,COM19000195,LN2019040000824,LDO20200000244,14,2020-06-24,06:47:08,17505.64,Debit,Completed,,Loan Payment - LN2019040000824,False,,0.8,,Automated,Business Loan,standard_payment,False,loan_payment_generator,True,timestamp_shift
TXNL202000000944,ACC0006580,IND19006422,LN2019040000827,LDO20200000245,14,2020-06-27,03:49:41,3628.44,Debit,Completed,,Loan Payment - LN2019040000827,False,,0.75,,Automated,Personal Loan,standard_payment,False,loan_payment_generator,False,
TXNL202000000945,ACC0005675,IND19000388,LN2019040000832,LDO20200000246,13,2020-06-01,02:20:39,1422.64,Debit,Completed,,Loan Payment - LN2019040000832,False,,1.23,,Automated,Vehicle Loan,standard_payment,False,loan_payment_generator,False,
TXNL202000000946,ACC0006503,IND19002005,LN2019040000833,LDO20200000247,14,2020-06-18,03:32:01,877.07,Debit,Completed,,Loan Payment - LN2019040000833,False,,1.6,,Automated,Vehicle Loan,standard_payment,False,loan_payment_generator,False,
TXNL202000000947,ACC0006342,IND19005955,LN2019040000844,LDO20200000537,14,2020-06-16,02:00:15,762.72,Debit,Completed,,Loan Payment - LN2019040000844,False,,1.13,,Automated,Home Loan,standard_payment,False,loan_payment_generator,False,
TXNL202000000948,ACC0005796,IND19006333,LN2019040000846,LDO20200000538,13,2020-06-02,04:48:34,1093.55,Debit,Completed,,Loan Payment - LN2019040000846 - Late Fee,False,,0.64,,Automated,Personal Loan,late_payment,False,loan_payment_generator,False,
TXNL202000000949,ACC0006324,IND19000214,LN2019040000860,LDO20200000539,14,2020-06-14,02:21:11,482.0,Debit,Completed,,Loan Payment - LN2019040000860,False,,0.12,,Automated,Home Loan,standard_payment,False,loan_payment_generator,False,
TXNL202000000950,ACC0005745,IND19006503,LN2019040000871,LDO20200000005,14,2020-06-11,02:52:13,3135.84,Debit,Completed,,Loan Payment - LN2019040000871,False,,1.32,,Automated,Home Loan,standard_payment,False,loan_payment_generator,False,
TXNL202000000951,ACC0006570,IND19013192,LN2019040000874,LDO20200000540,13,2020-06-03,04:47:46,6296.78,Debit,Failed,insufficient_funds,Loan Payment - LN2019040000874,False,,0.16,,Automated,Personal Loan,standard_payment,False,loan_payment_generator,False,
TXNL202000000952,ACC0006687,IND19007346,LN2019040000890,LDO20200000248,13,2020-06-01,03:02:09,3564.64,Debit,Completed,,Loan Payment - LN20190400...,False,,0.59,,Automated,Personal Loan,standard_payment,False,loan_payment_generator,True,truncated_description
TXNL202000000953,ACC0007000,COM19000238,LN2019040000904,LDO20200000541,14,2020-06-18,02:56:32,4590.55,Debit,Completed,,Loan Payment - LN2019040000904,False,,0.11,,Automated,Business Loan,standard_payment,False,loan_payment_generator,False,
TXNL202000000954,ACC0006642,IND19010043,LN2019040000907,LDO20200000542,14,2020-06-12,03:25:49,5341.6,Debit,Completed,,Loan Payment - LN2019040000907,False,,0.79,,Automated,Home Loan,standard_payment,False,loan_payment_generator,False,
TXNL202000000955,ACC0006113,IND19003858,LN2019040000908,LDO20200000006,13,2020-06-01,02:37:06,857.42,Debit,Completed,,Loan Payment - LN2019040000908,False,,1.96,,Automated,Home Loan,standard_payment,False,loan_payment_generator,False,
TXNL202000000956,ACC0006157,IND19013899,LN2019040000913,LDO20200000249,14,2020-06-23,04:08:47,1853.27,Debit,Completed,,Loan Payment - LN2019040000913,False,,0.32,,Automated,Vehicle Loan,standard_payment,False,loan_payment_generator,False,
TXNL202000000957,ACC0005543,IND19006755,LN2019040000919,LDO20200000250,14,2020-06-18,04:51:38,559.62,Debit,Completed,,Loan Payment - LN2019040000919,False,,1.42,,Automated,Home Loan,standard_payment,False,loan_payment_generator,False,
TXNL202000000958,ACC0006553,IND19009487,LN2019040000920,LDO20200000251,13,2020-06-03,02:21:12,573.99,Debit,Completed,,Loan Payment - LN2019040000920,False,,1.2,,Automated,Home Loan,standard_payment,False,loan_payment_generator,False,
TXNL202000000959,ACC0006155,IND19014676,LN2019040000923,LDO20200000543,14,2020-06-21,03:14:33,4307.26,Debit,Completed,,Loan Payment - LN2019040000923,False,,0.38,,Automated,Home Loan,standard_payment,False,loan_payment_generator,False,
TXNL202000000960,ACC0006855,IND19009563,LN2019040000928,LDO20200000252,14,2020-06-19,03:22:27,1093.1,Debit,Completed,,Loan Payment - LN2019040000928,False,,1.71,,Automated,Home Loan,standard_payment,False,loan_payment_generator,False,
TXNL202000000961,ACC0005517,IND19002764,LN2019040000929,LDO20200000544,13,2020-06-03,03:00:59,1277.74,Debit,Completed,,Loan Payment - LN2019040000929,False,,1.0,,Automated,Vehicle Loan,standard_payment,False,loan_payment_generator,False,
TXNL202000000962,ACC0006403,IND19012682,LN2019040000933,LDO20200000545,13,2020-06-02,03:32:24,677.4,Debit,Completed,,Loan Payment - LN2019040000933,False,,1.23,,Automated,Personal Loan,standard_payment,False,loan_payment_generator,False,
TXNL202000000963,ACC0006876,IND19000464,LN2019040000937,LDO20200000040,13,2020-06-07,02:30:50,3241.03,Debit,Completed,,Loan Payment - LN2019040000937,False,,1.17,,Automated,Home Loan,standard_payment,False,loan_payment_generator,False,
TXNL202000000964,ACC0005886,IND19013488,LN2019040000941,LDO20200000253,13,2020-06-06,03:17:49,10820.14,Debit,Completed,,Loan Payment - LN2019040000941 - Extra Principal,False,,1.28,,Automated,Personal Loan,extra_payment,False,loan_payment_generator,False,
TXNL202000000965,ACC0006276,IND19008958,LN2019040000944,LDO20200000546,14,2020-06-13,03:56:03,2924.42,Debit,Completed,,Loan Payment - LN2019040000944,False,,1.59,,Automated,Home Loan,standard_payment,False,loan_payment_generator,False,
TXNL202000000966,ACC0006166,IND19000921,LN2019040000947,LDO20200000024,14,2020-06-29,02:26:09,1815.32,Debit,Completed,,Loan Payment - LN2019040000947 - Late Fee,False,,0.47,,Automated,Vehicle Loan,late_payment,False,loan_payment_generator,False,
TXNL202000000967,ACC0006165,IND19002473,LN2019040000948,LDO20200000547,14,2020-06-29,03:52:22,1918.0,Debit,Completed,,Loan Payment - LN2019040000948 - Late Fee,False,,1.77,,Automated,Home Loan,late_payment,False,loan_payment_generator,False,
TXNL202000000968,ACC0006085,IND19012573,LN2019040000952,LDO20200000254,13,2020-06-06,04:31:20,1668.69,Debit,Completed,,Loan Payment - LN2019040000952,False,,0.41,,Automated,Home Loan,standard_payment,False,loan_payment_generator,False,
TXNL202000000969,ACC0006278,IND19002340,LN2019040000961,LDO20200000548,13,2020-06-04,03:02:38,2516.11,Debit,Completed,,Loan Payment - LN2019040000961,False,,1.87,,Automated,Personal Loan,standard_payment,False,loan_payment_generator,False,
TXNL202000000970,ACC0006314,IND19010897,LN2019040000962,LDO20200000549,14,2020-06-18,02:50:23,1106.34,Debit,Completed,,Loan Payment - LN2019040000962,False,,1.43,,Automated,Home Loan,standard_payment,False,loan_payment_generator,False,
TXNL202000000971,ACC0006248,IND19005286,LN2019040000964,LDO20200000255,13,2020-06-01,02:41:02,776.63,Debit,Completed,,Loan Payment - LN2019040000964,False,,1.37,,Automated,Home Loan,standard_payment,False,loan_payment_generator,False,
TXNL202000000972,ACC0005908,IND19000620,LN2019040000966,LDO20200000550,14,2020-06-24,04:21:44,3638.95,Debit,Completed,,Loan Payment - LN2019040000966,False,,0.86,,Automated,Home Loan,standard_payment,False,loan_payment_generator,False,
TXNL202000000973,ACC0005701,IND19002057,LN2019040000967,LDO20200000256,13,2020-06-07,04:12:38,1410.87,Debit,Completed,,Loan Payment - LN2019040000967,False,,0.0,,Automated,Personal Loan,standard_payment,False,loan_payment_generator,False,
TXNL202000000974,ACC0005579,IND19010467,LN2019040000974,LDO20200000551,14,2020-06-24,02:53:21,942.9,Debit,Completed,,Loan Payment - LN2019040000974,False,,0.74,,Automated,Home Loan,standard_payment,False,loan_payment_generator,False,
TXNL202000000975,ACC0006689,IND19001053,LN2019040000977,LDO20200000041,14,2020-06-18,02:18:00,1718.84,Debit,Failed,account_blocked,Loan Payment - LN2019040000977,False,,1.03,,Automated,Home Loan,standard_payment,False,loan_payment_generator,False,
TXNL202000000976,ACC0006222,IND19002180,LN2019040000979,LDO20200000552,14,2020-06-15,04:40:08,2203.19,Debit,Completed,,Loan Payment - LN2019040000979,False,,0.13,,Automated,Personal Loan,standard_payment,False,loan_payment_generator,False,
TXNL202000000977,ACC0006321,IND19010780,LN2019040000981,LDO20200000257,14,2020-06-27,02:53:27,2131.66,Debit,Completed,,Loan Payment - LN2019040000981,False,,0.78,,Automated,Vehicle Loan,standard_payment,False,loan_payment_generator,False,
TXNL202000000978,ACC0005677,IND19011023,LN2019040000983,LDO20200000258,14,2020-06-16,03:36:07,1946.84,Debit,Completed,,Loan Payment - LN2019040000983,False,,1.14,,Automated,Home Loan,standard_payment,False,loan_payment_generator,False,
TXNL202000000979,ACC0006752,IND19007656,LN2019040000987,LDO20200000553,14,2020-06-20,03:38:25,479.84,Debit,Completed,,Loan Payment - LN2019040000987,False,,0.82,,Automated,Vehicle Loan,standard_payment,False,loan_payment_generator,False,
TXNL202000000980,ACC0005637,IND19010526,LN2019040000990,LDO20200000259,14,2020-06-18,02:41:36,904.97,Debit,Completed,,Loan Payment - LN2019040000990,False,,0.11,,Automated,Personal Loan,standard_payment,False,loan_payment_generator,False,
TXNL202000000981,ACC0006178,IND19001792,LN2019040001001,LDO20200000554,14,2020-06-15,03:41:17,1112.95,Debit,Completed,,Loan Payment - LN2019040001001,False,,0.52,,Automated,Home Loan,standard_payment,False,loan_payment_generator,False,
TXNL202000000982,ACC0006862,IND19006218,LN2019040001010,LDO20200000260,14,2020-06-28,02:57:44,1618.22,Debit,Completed,,Loan Payment - LN2019040001010 - Partial,False,,0.13,,Automated,Vehicle Loan,partial_payment,False,loan_payment_generator,False,
TXNL202000000983,ACC0006066,IND19000926,LN2019040001015,LDO20200000555,14,2020-06-23,04:57:05,3798.43,Debit,Failed,insufficient_funds,Loan Payment - LN2019040001015,False,,0.41,,Automated,Home Loan,standard_payment,False,loan_payment_generator,False,
TXNL202000000984,ACC0005822,IND19009557,LN2019040001017,LDO20200000261,13,2020-06-06,04:52:31,2722.41,Debit,Completed,,Loan Payment - LN2019040001017,False,,0.65,,Automated,Home Loan,standard_payment,False,loan_payment_generator,False,
TXNL202000000985,ACC0006651,IND19004090,LN2019040001020,LDO20200000556,14,2020-06-27,04:29:25,339.26,Debit,Completed,,Loan Payment - LN2019040001020,False,,0.53,,Automated,Home Loan,standard_payment,False,loan_payment_generator,False,
TXNL202000000986,ACC0006924,IND19011913,LN2019040001021,LDO20200000557,14,2020-06-12,03:27:55,1620.24,Debit,Completed,,Loan Payment - LN2019040001021,False,,0.68,,Automated,Home Loan,standard_payment,False,loan_payment_generator,False,
TXNL202000000987,ACC0006331,IND19014814,LN2019040001026,LDO20200000558,14,2020-06-23,02:21:32,1760.13,Debit,Completed,,Loan Payment - LN2019040001026,False,,1.46,,Automated,Vehicle Loan,standard_payment,False,loan_payment_generator,False,
TXNL202000000988,ACC0006295,IND19011761,LN2019040001031,LDO20200000042,14,2020-06-17,02:21:32,356.66,Debit,Completed,,Loan Payment - LN2019040001031,False,,1.14,,Automated,Home Loan,standard_payment,False,loan_payment_generator,False,
TXNL202000000989,ACC0006135,IND19014975,LN2019040001040,LDO20200000559,13,2020-06-01,04:14:09,1171.15,Debit,Failed,account_blocked,Loan Payment - LN2019040001040,False,,0.73,,Automated,Home Loan,standard_payment,False,loan_payment_generator,False,
TXNL202000000990,ACC0005685,IND19014261,LN2019040001042,LDO20200000014,14,2020-06-22,04:28:49,1784.08,Debit,Failed,account_blocked,Loan Payment - LN2019040001042,False,,1.97,,Automated,Personal Loan,standard_payment,False,loan_payment_generator,False,
TXNL202000000991,ACC0006338,IND19003909,LN2019040001058,LDO20200000560,14,2020-06-24,03:37:35,2205.0,Debit,Failed,insufficient_funds,Loan Payment - LN2019040001058,False,,0.31,,Automated,Home Loan,standard_payment,False,loan_payment_generator,True,status_inconsistency
TXNL202000000992,ACC0006808,IND19004647,LN2019040001060,LDO20200000104,14,2020-06-12,02:38:22,7166.4,Debit,Completed,,Loan Payment - LN2019040001060,False,,0.94,,Automated,Personal Loan,standard_payment,False,loan_payment_generator,False,
TXNL202000000993,ACC0005559,IND19011074,LN2019040001081,LDO20200000561,14,2020-06-30,04:59:42,2588.56,Debit,Completed,,Loan Payment - LN2019040001081,False,,1.7,,Automated,Personal Loan,standard_payment,False,loan_payment_generator,False,
TXNL202000000994,ACC0006877,IND19011130,LN2019040001088,LDO20200000562,13,2020-06-08,03:34:44,930.46,Debit,Completed,,Loan Payment - LN2019040001088,False,,1.75,,Automated,Home Loan,standard_payment,False,loan_payment_generator,False,
TXNL202000000995,ACC0005706,IND19001440,LN2019040001097,LDO20200000563,14,2020-06-14,03:48:27,1417.8,Debit,Completed,,Loan Payment - LN2019040001097,False,,0.86,,Automated,Home Loan,standard_payment,False,loan_payment_generator,False,
TXNL202000000996,ACC0006495,IND19014203,LN2019040001101,LDO20200000564,14,2020-06-17,03:07:41,1411.9,Debit,Completed,,Loan Payment - LN2019040001101,False,,1.4,,Automated,Home Loan,standard_payment,False,loan_payment_generator,False,
TXNL202000000997,ACC0006211,IND19012935,LN2019040001103,LDO20200000565,14,2020-06-19,04:05:52,4110.79,Debit,Completed,,Loan Payment - LN2019040001103,False,,1.27,,Automated,Home Loan,standard_payment,False,loan_payment_generator,False,
TXNL202000000998,ACC0006440,IND19003673,LN2019040001104,LDO20200000262,13,2020-06-06,02:16:35,2901.39,Debit,Completed,,Loan Payment - LN2019040001104 - Late Fee,False,,0.54,,Automated,Personal Loan,late_payment,False,loan_payment_generator,False,
TXNL202000000999,ACC0005644,IND19013828,LN2019040001111,LDO20200000566,14,2020-06-27,03:06:17,4443.95,Debit,Completed,,Loan Payment - LN2019040001111,False,,0.62,,Automated,Home Loan,standard_payment,False,loan_payment_generator,True,amount_rounding_error
TXNL202000001000,ACC0006460,IND19004584,LN2019040001114,LDO20200000567,14,2020-06-22,04:40:22,370.86,Debit,Failed,mandate_limit,Loan Payment - LN2019040001114 - Extra Principal,False,,0.52,,Automated,Home Loan,extra_payment,False,loan_payment_generator,False,
TXNL202000001001,ACC0006801,IND19010853,LN2019040001118,LDO20200000105,14,2020-06-23,04:06:40,4164.51,Debit,Completed,,Loan Payment - LN2019040001118,False,,1.94,,Automated,Home Loan,standard_payment,False,loan_payment_generator,False,
TXNL202000001002,ACC0006925,IND19004376,LN2019040001126,LDO20200000568,13,2020-06-02,02:26:36,2768.21,Debit,Completed,,Loan Payment - LN2019040001126,False,,1.13,,Automated,Home Loan,standard_payment,False,loan_payment_generator,False,
TXNL202000001003,ACC0005693,IND19008245,LN2019040001127,LDO20200000569,14,2020-06-18,04:05:22,2071.7,Debit,Completed,,Loan Payment - LN2019040001127,False,,0.6,,Automated,Home Loan,standard_payment,False,loan_payment_generator,False,
TXNL202000001004,ACC0006429,IND19010105,LN2019040001137,LDO20200000570,14,2020-06-30,04:35:09,1258.72,Debit,Completed,,Loan Payment - LN2019040001137,False,,0.42,,Automated,Vehicle Loan,standard_payment,False,loan_payment_generator,False,
TXNL202000001005,ACC0006823,IND19008205,LN2019040001143,LDO20200000263,14,2020-06-26,04:07:51,7938.49,Debit,Completed,,Loan Payment - LN2019040001143,False,,0.04,,Automated,Personal Loan,standard_payment,False,loan_payment_generator,False,
TXNL202000001006,ACC0006804,IND19001507,LN2019040001145,LDO20200000571,14,2020-06-15,03:23:36,2581.46,Debit,Completed,,Loan Payment - LN2019040001145,False,,1.29,,Automated,Vehicle Loan,standard_payment,False,loan_payment_generator,False,
TXNL202000001007,ACC0006270,IND19004036,LN2019040001149,LDO20200000572,14,2020-06-29,02:09:36,1268.18,Debit,Completed,,Loan Payment - LN2019040001149,False,,1.26,,Automated,Home Loan,standard_payment,False,loan_payment_generator,False,
TXNL202000001008,ACC0006974,COM19000211,LN2019040001153,LDO20200000573,14,2020-06-28,03:23:00,25848.04,Debit,Completed,,Loan Payment - LN2019040001153,False,,1.1,,Automated,Business Loan,standard_payment,False,loan_payment_generator,False,
TXNL202000001009,ACC0006670,IND19002557,LN2019040001170,LDO20200000574,13,2020-06-01,03:13:18,3186.67,Debit,Failed,mandate_limit,Loan Payment - LN2019040001170,False,,1.34,,Automated,Vehicle Loan,standard_payment,False,loan_payment_generator,False,
TXNL202000001010,ACC0006821,IND19000585,LN2019040001174,LDO20200000575,14,2020-06-16,03:14:41,2284.44,Debit,Completed,,Loan Payment - LN2019040001174,False,,1.01,,Automated,Vehicle Loan,standard_payment,False,loan_payment_generator,False,
TXNL202000001011,ACC0006304,IND19005324,LN2019040001177,LDO20200000264,13,2020-06-03,02:00:16,8242.92,Debit,Completed,,Loan Payment - LN2019040001177,False,,0.27,,Automated,Home Loan,standard_payment,False,loan_payment_generator,False,
TXNL202000001012,ACC0006878,IND19012616,LN2019040001188,LDO20200000106,14,2020-06-15,03:59:31,448.91,Debit,Completed,,Loan Payment - LN2019040001188,False,,0.12,,Automated,Home Loan,standard_payment,False,loan_payment_generator,False,
TXNL202000001013,ACC0006657,IND19004292,LN2019040001194,LDO20200000265,13,2020-06-06,03:58:58,2155.91,Debit,Completed,,Loan Payment - LN2019040001194,False,,1.2,,Automated,Vehicle Loan,standard_payment,False,loan_payment_generator,False,
TXNL202000001014,ACC0005662,IND19002676,LN2019040001195,LDO20200000576,14,2020-06-21,02:53:54,1652.3,Debit,Completed,,Loan Payment - LN2019040001195 - Late Fee,False,,0.86,,Automated,Home Loan,late_payment,False,loan_payment_generator,False,
TXNL202000001015,ACC0005718,IND19015281,LN2019040001202,LDO20200000577,14,2020-06-24,03:25:07,2341.84,Debit,Completed,,Loan Payment - LN2019040001202 - Recovery,False,,1.02,,Automated,Vehicle Loan,recovery_payment,True,loan_payment_generator,False,
TXNL202000001016,ACC0006088,IND19000806,LN2019040001214,LDO20200000578,14,2020-06-16,00:42:38,2863.06,Debit,Completed,,Loan Payment - LN2019040001214,False,,0.14,,Automated,Vehicle Loan,standard_payment,False,loan_payment_generator,True,timestamp_shift
TXNL202000001017,ACC0006562,IND19004995,LN2019040001221,LDO20200000107,14,2020-06-24,04:11:18,1734.11,Debit,Completed,,Loan Payment - LN2019040001221,False,,0.97,,Automated,Home Loan,standard_payment,False,loan_payment_generator,False,
TXNL202000001018,ACC0006023,IND19004235,LN2019040001225,LDO20200000108,14,2020-06-20,03:57:18,1355.75,Debit,Completed,,Loan Payment - LN2019040001225,False,,0.81,,Automated,Personal Loan,standard_payment,False,loan_payment_generator,False,
TXNL202000001019,ACC0006089,IND19009599,LN2019040001226,LDO20200000579,14,2020-06-26,02:42:15,1510.16,Debit,Completed,,Loan Payment - LN2019040001226,False,,1.25,,Automated,Home Loan,standard_payment,False,loan_payment_generator,False,
TXNL202000001020,ACC0006512,IND19000568,LN2019040001228,LDO20200000266,14,2020-06-18,02:46:32,2712.5,Debit,Completed,,Loan Payment - LN2019040001228,False,,0.4,,Automated,Vehicle Loan,standard_payment,False,loan_payment_generator,False,
TXNL202000001021,ACC0006910,IND19013106,LN2019040001229,LDO20200000580,14,2020-06-21,06:09:26,2240.3,Debit,Completed,,Loan Payment - LN2019040001229,False,,0.02,,Automated,Vehicle Loan,standard_payment,False,loan_payment_generator,True,timestamp_shift|timestamp_shift
TXNL202000001022,ACC0005925,IND19014180,LN2019040001230,LDO20200000267,14,2020-06-20,02:05:24,956.21,Debit,Completed,,Loan Payment - LN2019040001230 - Partial,False,,0.57,,Automated,Home Loan,partial_payment,False,loan_payment_generator,False,
TXNL202000001023,ACC0005698,IND19009645,LN2019040001234,LDO20200000268,13,2020-06-07,03:47:26,2390.06,Debit,Completed,,Loan Payment - LN2019040001234,False,,0.35,,Automated,Vehicle Loan,standard_payment,False,loan_payment_generator,False,
TXNL202000001024,ACC0006645,IND19012381,LN2019040001240,,13,2020-06-01,04:54:13,972.95,Debit,Completed,,Loan Payment - LN2019040001240,False,,2.5,,Automated,Home Loan,standard_payment,False,loan_payment_generator,False,
TXNL202000001025,ACC0006389,IND19000373,LN2019040001241,LDO20200000581,14,2020-06-26,02:27:39,5148.53,Debit,Completed,,Loan Payment - LN2019040001241,False,,1.54,,Automated,Personal Loan,standard_payment,False,loan_payment_generator,False,
TXNL202000001026,ACC0005668,IND19002786,LN2019040001246,LDO20200000582,14,2020-06-12,04:28:53,1781.69,Debit,Completed,,Loan Payment - LN2019040001246,False,,0.81,,Automated,Home Loan,standard_payment,False,loan_payment_generator,False,
TXNL202000001027,ACC0006271,IND19003428,LN2019040001248,LDO20200000269,14,2020-06-14,02:50:22,4576.12,Debit,Completed,,Loan Payment - LN2019040001248,False,,0.6,,Automated,Vehicle Loan,standard_payment,False,loan_payment_generator,False,
TXNL202000001028,ACC0006349,IND19002368,LN2019040001251,LDO20200000583,13,2020-06-09,03:09:09,3530.61,Debit,Completed,,Loan Payment - LN2019040001251,False,,1.4,,Automated,Vehicle Loan,standard_payment,False,loan_payment_generator,False,
TXNL202000001029,ACC0006605,IND19009023,LN2019040001252,LDO20200000109,14,2020-06-12,04:14:43,2372.66,Debit,Completed,,Loan Payment - LN2019040001252,False,,0.74,,Automated,Vehicle Loan,standard_payment,False,loan_payment_generator,False,
TXNL202000001030,ACC0006911,IND19015046,LN2019040001253,LDO20200000584,14,2020-06-26,02:57:41,909.74,Debit,Completed,,Loan Payment - LN2019040001253,False,,1.63,,Automated,Home Loan,standard_payment,False,loan_payment_generator,False,
TXNL202000001031,ACC0006046,IND19008170,LN2019040001255,LDO20200000585,14,2020-06-24,03:02:52,626.51,Debit,Completed,,Loan Payment - LN2019040001255,False,,1.37,,Automated,Home Loan,standard_payment,False,loan_payment_generator,False,
TXNL202000001032,ACC0005523,IND19012856,LN2019040001258,LDO20200000270,14,2020-06-29,03:30:54,3786.64,Debit,Completed,,Loan Payment - LN2019040001258,False,,1.93,,Automated,Personal Loan,standard_payment,False,loan_payment_generator,False,
TXNL202000001033,ACC0006200,IND19013302,LN2019040001261,LDO20200000271,14,2020-06-21,02:54:19,1284.14,Debit,Completed,,Loan Payment - LN2019040001261,False,,0.76,,Automated,Home Loan,standard_payment,False,loan_payment_generator,False,
TXNL202000001034,ACC0006053,IND19008287,LN2019040001268,LDO20200000587,14,2020-06-18,02:26:09,1785.1,Debit,Completed,,Loan Payment - LN2019040001268 - Extra Principal,False,,0.43,,Automated,Vehicle Loan,extra_payment,False,loan_payment_generator,False,
TXNL202000001035,ACC0006603,IND19003315,LN2019040001277,LDO20200000588,14,2020-06-24,04:59:48,662.56,Debit,Completed,,Loan Payment - LN2019040001277,False,,1.09,,Automated,Personal Loan,standard_payment,False,loan_payment_generator,False,
TXNL202000001036,ACC0006350,IND19014848,LN2019040001292,LDO20200000589,14,2020-06-16,04:45:42,790.65,Debit,Completed,,Loan Payment - LN2019040001292,False,,0.12,,Automated,Home Loan,standard_payment,False,loan_payment_generator,False,
TXNL202000001037,ACC0006313,IND19007722,LN2019040001293,LDO20200000272,14,2020-06-13,03:36:41,277.64,Debit,Completed,,Loan Payment - LN2019040001293,False,,0.37,,Automated,Home Loan,standard_payment,False,loan_payment_generator,False,
TXNL202000001038,ACC0006486,IND19003550,LN2019040001295,LDO20200000590,14,2020-06-20,04:30:30,1356.57,Debit,Completed,,Loan Payment - LN2019040001295,False,,0.56,,Automated,Home Loan,standard_payment,False,loan_payment_generator,False,
TXNL202000001039,ACC0005709,IND19002793,LN2019040001306,LDO20200000110,13,2020-06-02,03:27:27,1030.51,Debit,Completed,,Loan Payment - LN2019040001306,False,,0.34,,Automated,Vehicle Loan,standard_payment,False,loan_payment_generator,False,
TXNL202000001040,ACC0005855,IND19002783,LN2019040001307,LDO20200000591,14,2020-06-16,02:17:19,3073.58,Debit,Completed,,Loan Payment - LN2019040001307 - Late Fee,False,,0.26,,Automated,Home Loan,late_payment,False,loan_payment_generator,False,
TXNL202000001041,ACC0006571,IND19003218,LN2019040001312,LDO20200000111,14,2020-06-28,02:44:43,2264.31,Debit,Completed,,Loan Payment - LN2019040001312,False,,0.8,,Automated,Vehicle Loan,standard_payment,False,loan_payment_generator,False,
TXNL202000001042,ACC0005616,IND19008087,LN2019040001320,LDO20200000273,13,2020-06-01,04:52:26,2490.65,Debit,Completed,,Loan Payment - LN2019040001320,False,,0.45,,Automated,Home Loan,standard_payment,False,loan_payment_generator,False,
TXNL202000001043,ACC0006407,IND19010627,LN2019040001330,LDO20200000274,14,2020-06-17,03:52:05,3178.93,Debit,Failed,bank_timeout,Loan Payment - LN2019040001330,False,,1.08,,Automated,Home Loan,standard_payment,False,loan_payment_generator,False,
TXNL202000001044,ACC0006069,IND19000365,LN2019040001333,LDO20200000594,14,2020-06-18,02:56:48,3133.58,Debit,Completed,,Loan Payment - LN2019040001333,False,,1.15,,Automated,Personal Loan,standard_payment,False,loan_payment_generator,False,
TXNL202000001045,ACC0006685,IND19007584,LN2019040001336,LDO20200000025,14,2020-06-23,03:19:24,6030.65,Debit,Completed,,Loan Payment - LN2019040001336 - Extra Principal,False,,0.7,,Automated,Vehicle Loan,extra_payment,False,loan_payment_generator,False,
TXNL202000001046,ACC0005790,IND19005335,LN2019040001349,LDO20200000595,14,2020-06-25,03:57:05,4564.45,Debit,Completed,,Loan Payment - LN2019040001349,False,,1.29,,Automated,Home Loan,standard_payment,False,loan_payment_generator,False,
TXNL202000001047,ACC0006193,IND19012259,LN2019040001356,LDO20200000596,14,2020-06-24,03:27:51,3336.65,Debit,Completed,,Loan Payment - LN2019040001356,False,,1.65,,Automated,Personal Loan,standard_payment,False,loan_payment_generator,False,
TXNL202000001048,ACC0006462,IND19000151,LN2019040001364,LDO20200000597,14,2020-06-29,04:52:53,3053.04,Debit,Completed,,Loan Payment - LN2019040001364,False,,0.47,,Automated,Home Loan,standard_payment,False,loan_payment_generator,False,
TXNL202000001049,ACC0005647,IND19010661,LN2019040001368,LDO20200000275,14,2020-06-20,03:20:49,1119.4,Debit,Completed,,Loan Payment - LN2019040001368,False,,0.8,,Automated,Home Loan,standard_payment,False,loan_payment_generator,False,
TXNL202000001050,ACC0005648,IND19009144,LN2019040001371,LDO20200000598,14,2020-06-13,03:26:48,2541.1,Debit,Completed,,Loan Payment - LN2019040001371,False,,0.63,,Automated,Home Loan,standard_payment,False,loan_payment_generator,False,
TXNL202000001051,ACC0005994,IND19006812,LN2019040001375,LDO20200000599,14,2020-06-21,04:42:52,767.09,Debit,Completed,,Loan Payment - LN20190400...,False,,0.67,,Automated,Vehicle Loan,standard_payment,False,loan_payment_generator,True,truncated_description
TXNL202000001052,ACC0006139,IND19002086,LN2019040001376,LDO20200000043,13,2020-06-10,03:26:37,2890.37,Debit,Completed,,Loan Payment - LN2019040001376 - Recovery,False,,0.91,,Automated,Home Loan,recovery_payment,True,loan_payment_generator,False,
TXNL202000001053,ACC0006656,IND19012686,LN2019040001377,LDO20200000600,14,2020-06-25,04:33:07,3253.79,Debit,Failed,invalid_account_details,Loan Payment - LN2019040001377,False,,1.54,,Automated,Vehicle Loan,standard_payment,False,loan_payment_generator,False,
TXNL202000001054,ACC0005985,IND19012694,LN2019040001383,LDO20200000601,13,2020-06-09,02:06:40,4989.62,Debit,Completed,,Loan Payment - LN2019040001383,False,,1.51,,Automated,Home Loan,standard_payment,False,loan_payment_generator,False,
TXNL202000001055,ACC0006519,IND19014312,LN2019040001384,LDO20200000112,14,2020-06-26,04:09:59,710.2,Debit,Completed,,Loan Payment - LN2019040001384,False,,0.87,,Automated,Home Loan,standard_payment,False,loan_payment_generator,False,
TXNL202000001056,ACC0006182,IND19012327,LN2019040001386,LDO20200000276,13,2020-06-09,04:25:30,1462.39,Debit,Completed,,Loan Payment - LN2019040001386,False,,1.59,,Automated,Home Loan,standard_payment,False,loan_payment_generator,False,
TXNL202000001057,ACC0006753,IND19007656,LN2019040001402,LDO20200000602,13,2020-06-02,02:26:41,275.8,Debit,Completed,,Loan Payment - LN2019040001402,False,,0.87,,Automated,Home Loan,standard_payment,False,loan_payment_generator,False,
TXNL202000001058,ACC0005916,IND19007104,LN2019040001405,LDO20200000603,13,2020-06-08,03:43:51,885.45,Debit,Completed,,Loan Payment - LN2019040001405,False,,0.95,,Automated,Personal Loan,standard_payment,False,loan_payment_generator,False,
TXNL202000001059,ACC0007003,COM19000217,LN2019040001406,LDO20200000277,13,2020-06-05,02:40:43,3959.64,Debit,Completed,,Loan Payment - LN2019040001406 - Late Fee,False,,1.66,,Automated,Business Loan,late_payment,False,loan_payment_generator,False,
TXNL202000001060,ACC0005705,IND19001440,LN2019040001409,LDO20200000605,13,2020-06-06,04:54:33,2167.45,Debit,Completed,,Loan Payment - LN2019040001409,False,,0.68,,Automated,Personal Loan,standard_payment,False,loan_payment_generator,False,
TXNL202000001061,ACC0007457,IND19007189,LN2019050000003,LDO20200000278,13,2020-06-29,02:44:54,1584.7,Debit,Completed,,Loan Payment - LN2019050000003,False,,1.13,,Automated,Home Loan,standard_payment,False,loan_payment_generator,False,
TXNL202000001062,ACC0008179,IND19006039,LN2019050000007,LDO20200000113,13,2020-06-16,04:11:41,1456.1,Debit,Completed,,Loan Payment - LN2019050000007,False,,0.36,,Automated,Home Loan,standard_payment,False,loan_payment_generator,False,
TXNL202000001063,ACC0007036,IND19002916,LN2019050000011,LDO20200000044,13,2020-06-22,03:48:49,3864.14,Debit,Completed,,Loan Payment - LN2019050000011,False,,1.41,,Automated,Personal Loan,standard_payment,False,loan_payment_generator,False,
TXNL202000001064,ACC0007156,IND19003892,LN2019050000020,LDO20200000606,13,2020-06-29,04:15:57,1611.63,Debit,Completed,,Loan Payment - LN2019050000020,False,,1.88,,Automated,Home Loan,standard_payment,False,loan_payment_generator,False,
TXNL202000001065,ACC0007488,IND19008680,LN2019050000025,LDO20200000607,13,2020-06-16,02:49:57,1965.89,Debit,Completed,,Loan Payment - LN2019050000025,False,,0.77,,Automated,Vehicle Loan,standard_payment,False,loan_payment_generator,False,
TXNL202000001066,ACC0007128,IND19011613,LN2019050000027,LDO20200000608,13,2020-06-14,02:23:41,1199.84,Debit,Failed,insufficient_funds,Loan Payment - LN2019050000027,False,,0.86,,Automated,Personal Loan,standard_payment,False,loan_payment_generator,False,
TXNL202000001067,ACC0007955,IND19000140,LN2019050000033,,13,2020-06-08,04:32:45,3942.96,Debit,Completed,,Loan Payment - LN2019050000033,False,,2.5,,Automated,Personal Loan,standard_payment,False,loan_payment_generator,False,
TXNL202000001068,ACC0008045,IND19006260,LN2019050000044,LDO20200000114,12,2020-06-03,03:19:26,1021.96,Debit,Completed,,Loan Payment - LN2019050000044,False,,1.4,,Automated,Personal Loan,standard_payment,False,loan_payment_generator,False,
TXNL202000001069,ACC0007419,IND19013320,LN2019050000051,LDO20200000279,13,2020-06-10,03:10:14,4981.91,Debit,Completed,,Loan Payment - LN2019050000051,False,,0.76,,Automated,Personal Loan,standard_payment,False,loan_payment_generator,False,
TXNL202000001070,ACC0007877,IND19005695,LN2019050000056,LDO20200000609,13,2020-06-28,03:23:24,1406.91,Debit,Failed,insufficient_funds,Loan Payment - LN2019050000056,False,,1.89,,Automated,Home Loan,standard_payment,False,loan_payment_generator,False,
TXNL202000001071,ACC0007973,IND19006781,LN2019050000062,LDO20200000610,13,2020-06-18,02:46:28,2545.76,Debit,Completed,,Loan Payment - LN2019050000062,False,,0.5,,Automated,Home Loan,standard_payment,False,loan_payment_generator,False,
TXNL202000001072,ACC0008156,IND19002483,LN2019050000068,LDO20200000115,13,2020-06-16,04:47:05,1375.9,Debit,Completed,,Loan Payment - LN2019050000068,False,,0.03,,Automated,Personal Loan,standard_payment,False,loan_payment_generator,False,
TXNL202000001073,ACC0007381,IND19013359,LN2019050000070,LDO20200000611,13,2020-06-30,03:53:08,2952.88,Debit,Completed,,Loan Payment - LN2019050000070,False,,0.61,,Automated,Home Loan,standard_payment,False,loan_payment_generator,False,
TXNL202000001074,ACC0007899,IND19011117,LN2019050000083,LDO20200000280,12,2020-06-04,04:17:34,1351.39,Debit,Completed,,Loan Payment - LN2019050000083,False,,1.08,,Automated,Personal Loan,standard_payment,False,loan_payment_generator,False,
TXNL202000001075,ACC0007625,IND19000348,LN2019050000087,LDO20200000612,13,2020-06-21,03:57:46,2208.9,Debit,Completed,,Loan Payment - LN2019050000087,False,,0.33,,Automated,Home Loan,standard_payment,False,loan_payment_generator,False,
TXNL202000001076,ACC0008200,IND19013145,LN2019050000096,LDO20200000613,13,2020-06-22,02:01:40,3008.98,Debit,Completed,,Loan Payment - LN2019050000096,False,,0.68,,Automated,Home Loan,standard_payment,False,loan_payment_generator,False,
TXNL202000001077,ACC0007560,IND19012605,LN2019050000106,LDO20200000045,13,2020-06-15,02:21:34,949.6,Debit,Completed,,Loan Payment - LN20190500...,False,,0.3,,Automated,Home Loan,standard_payment,False,loan_payment_generator,True,truncated_description
TXNL202000001078,ACC0007260,IND19011125,LN2019050000118,LDO20200000614,13,2020-06-16,03:37:18,1362.93,Debit,Completed,,Loan Payment - LN2019050000118,False,,0.81,,Automated,Personal Loan,standard_payment,False,loan_payment_generator,False,
TXNL202000001079,ACC0007885,IND19010577,LN2019050000119,LDO20200000281,13,2020-06-17,04:21:21,220.68,Debit,Completed,,Loan Payment - LN2019050000119,False,,0.17,,Automated,Home Loan,standard_payment,False,loan_payment_generator,False,
TXNL202000001080,ACC0007883,IND19002182,LN2019050000126,LDO20200000615,12,2020-06-02,03:27:52,1502.16,Debit,Completed,,Loan Payment - LN2019050000126,False,,0.63,,Automated,Vehicle Loan,standard_payment,False,loan_payment_generator,False,
TXNL202000001081,ACC0007788,IND19003730,LN2019050000134,LDO20200000616,13,2020-06-27,04:48:05,1771.25,Debit,Completed,,Loan Payment - LN2019050000134,False,,1.56,,Automated,Personal Loan,standard_payment,False,loan_payment_generator,False,
TXNL202000001082,ACC0008280,IND19006448,LN2019050000141,LDO20200000617,13,2020-06-26,03:16:25,3365.71,Debit,Completed,,Loan Payment - LN2019050000141,False,,1.68,,Automated,Home Loan,standard_payment,False,loan_payment_generator,False,
TXNL202000001083,ACC0007373,IND19010971,LN2019050000143,LDO20200000282,13,2020-06-29,04:23:55,401.04,Debit,Completed,,Loan Payment - LN2019050000143,False,,1.69,,Automated,Home Loan,standard_payment,False,loan_payment_generator,False,
TXNL202000001084,ACC0008288,IND19008344,LN2019050000150,LDO20200000015,13,2020-06-20,04:41:29,14129.2,Debit,Completed,,Loan Payment - LN2019050000150,False,,1.24,,Automated,Personal Loan,standard_payment,False,loan_payment_generator,False,
TXNL202000001085,ACC0007661,IND19011093,LN2019050000151,LDO20200000046,13,2020-06-10,04:21:58,1106.5,Debit,Completed,,Loan Payment - LN2019050000151,False,,0.53,,Automated,Home Loan,standard_payment,False,loan_payment_generator,False,
TXNL202000001086,ACC0007802,IND19005932,LN2019050000155,LDO20200000283,12,2020-06-01,02:52:46,927.52,Debit,Completed,,Loan Payment - LN2019050000155,False,,0.14,,Automated,Home Loan,standard_payment,False,loan_payment_generator,False,
TXNL202000001087,ACC0007680,IND19006794,LN2019050000156,LDO20200000618,13,2020-06-29,03:08:09,1170.87,Debit,Completed,,Loan Payment - LN2019050000156,False,,1.87,,Automated,Vehicle Loan,standard_payment,False,loan_payment_generator,False,
TXNL202000001088,ACC0008276,IND19009923,LN2019050000167,LDO20200000619,13,2020-06-16,02:29:41,4281.54,Debit,Completed,,Loan Payment - LN2019050000167,False,,1.38,,Automated,Vehicle Loan,standard_payment,False,loan_payment_generator,False,
TXNL202000001089,ACC0007580,IND19012833,LN2019050000172,LDO20200000620,13,2020-06-28,03:41:17,685.69,Debit,Completed,,Loan Payment - LN2019050000172,False,,0.77,,Automated,Vehicle Loan,standard_payment,False,loan_payment_generator,True,amount_rounding_error
TXNL202000001090,ACC0008172,IND19003865,LN2019050000190,LDO20200000621,12,2020-06-07,03:59:23,948.27,Debit,Completed,,Loan Payment - LN2019050000190,False,,0.06,,Automated,Vehicle Loan,standard_payment,False,loan_payment_generator,False,
TXNL202000001091,ACC0007396,IND19001029,LN2019050000192,LDO20200000047,13,2020-06-24,03:54:01,3458.61,Debit,Completed,,Loan Payment - LN2019050000192,False,,1.93,,Automated,Vehicle Loan,standard_payment,False,loan_payment_generator,False,
TXNL202000001092,ACC0007468,IND19009030,LN2019050000199,LDO20200000284,13,2020-06-17,04:33:52,994.86,Debit,Completed,,Loan Payment - LN2019050000199,False,,1.14,,Automated,Home Loan,standard_payment,False,loan_payment_generator,False,
TXNL202000001093,ACC0007471,IND19002781,LN2019050000200,LDO20200000622,13,2020-06-27,02:41:41,2785.25,Debit,Completed,,Loan Payment - LN2019050000200,False,,1.88,,Automated,Home Loan,standard_payment,False,loan_payment_generator,False,
TXNL202000001094,ACC0007566,IND19012877,LN2019050000202,LDO20200000116,12,2020-06-06,02:58:20,848.65,Debit,Completed,,Loan Payment - LN2019050000202,False,,1.98,,Automated,Home Loan,standard_payment,False,loan_payment_generator,False,
TXNL202000001095,ACC0007448,IND19010030,LN2019050000218,LDO20200000623,13,2020-06-15,02:13:07,453.79,Debit,Completed,,Loan Payment - LN2019050000218,False,,1.76,,Automated,Home Loan,standard_payment,False,loan_payment_generator,False,
TXNL202000001096,ACC0007302,IND19008633,LN2019050000219,LDO20200000624,13,2020-06-26,02:11:51,3129.5,Debit,Completed,,Loan Payment - LN2019050000219,False,,0.5,,Automated,Home Loan,standard_payment,False,loan_payment_generator,False,
TXNL202000001097,ACC0007101,IND19014986,LN2019050000222,LDO20200000285,13,2020-06-20,02:42:36,3104.1,Debit,Completed,,Loan Payment - LN20190500...,False,,0.52,,Automated,Vehicle Loan,standard_payment,False,loan_payment_generator,True,truncated_description
TXNL202000001098,ACC0008311,IND19013961,LN2019050000233,LDO20200000625,12,2020-06-07,02:57:02,1073.12,Debit,Completed,,Loan Payment - LN2019050000233,False,,1.64,,Automated,Personal Loan,standard_payment,False,loan_payment_generator,False,
TXNL202000001099,ACC0008333,COM19000255,LN2019050000236,LDO20200000626,12,2020-06-09,02:27:12,13206.77,Debit,Completed,,Loan Payment - LN2019050000236,False,,0.51,,Automated,Business Loan,standard_payment,False,loan_payment_generator,False,
TXNL202000001100,ACC0008153,IND19000082,LN2019050000250,LDO20200000048,13,2020-06-27,02:31:51,1813.09,Debit,Completed,,Loan Payment - LN2019050000250,False,,0.5,,Automated,Home Loan,standard_payment,False,loan_payment_generator,False,
TXNL202000001101,ACC0007099,IND19007886,LN2019050000272,LDO20200000627,13,2020-06-26,03:22:38,2403.49,Debit,Completed,,Loan Payment - LN2019050000272,False,,1.69,,Automated,Vehicle Loan,standard_payment,False,loan_payment_generator,False,
TXNL202000001102,ACC0008317,COM19000239,LN2019050000274,LDO20200000628,13,2020-06-17,02:47:29,2240.87,Debit,Completed,,Loan Payment - LN2019050000274,False,,0.77,,Automated,Business Loan,standard_payment,False,loan_payment_generator,False,
TXNL202000001103,ACC0007862,IND19004110,LN2019050000286,LDO20200000117,13,2020-06-30,02:45:03,2466.61,Debit,Completed,,Loan Payment - LN2019050000286,False,,1.64,,Automated,Home Loan,standard_payment,False,loan_payment_generator,False,
TXNL202000001104,ACC0008287,IND19008344,LN2019050000288,LDO20200000629,13,2020-06-30,02:43:22,5262.03,Debit,Completed,,Loan Payment - LN2019050000288,False,,1.86,,Automated,Home Loan,standard_payment,False,loan_payment_generator,False,
TXNL202000001105,ACC0007007,IND19013522,LN2019050000296,LDO20200000286,13,2020-06-15,02:27:06,2007.63,Debit,Completed,,Loan Payment - LN2019050000296,False,,0.0,,Automated,Personal Loan,standard_payment,False,loan_payment_generator,False,
TXNL202000001106,ACC0007484,IND19008913,LN2019050000304,LDO20200000118,13,2020-06-26,04:23:31,5037.65,Debit,Completed,,Loan Payment - LN2019050000304,False,,0.79,,Automated,Home Loan,standard_payment,False,loan_payment_generator,True,amount_rounding_error
TXNL202000001107,ACC0008330,COM19000126,LN2019050000305,LDO20200000630,13,2020-06-28,02:13:53,7966.16,Debit,Completed,,Loan Payment - LN2019050000305,False,,0.62,,Automated,Business Loan,standard_payment,False,loan_payment_generator,False,
TXNL202000001108,ACC0007521,IND19013922,LN2019050000308,LDO20200000631,12,2020-06-03,04:20:49,3375.28,Debit,Completed,,Loan Payment - LN2019050000308,False,,1.92,,Automated,Vehicle Loan,standard_payment,False,loan_payment_generator,False,
TXNL202000001109,ACC0007703,IND19008542,LN2019050000309,LDO20200000049,13,2020-06-24,02:42:55,324.18,Debit,Completed,,Loan Payment - LN2019050000309,False,,1.37,,Automated,Home Loan,standard_payment,False,loan_payment_generator,False,
TXNL202000001110,ACC0007041,IND19011954,LN2019050000311,LDO20200000050,12,2020-06-06,03:33:44,1656.58,Debit,Completed,,Loan Payment - LN2019050000311,False,,0.92,,Automated,Personal Loan,standard_payment,False,loan_payment_generator,False,
TXNL202000001111,ACC0007264,IND19007195,LN2019050000313,LDO20200000632,13,2020-06-24,03:37:00,4560.65,Debit,Completed,,Loan Payment - LN2019050000313,False,,1.32,,Automated,Personal Loan,standard_payment,False,loan_payment_generator,False,
TXNL202000001112,ACC0007459,IND19001937,LN2019050000315,LDO20200000119,13,2020-06-19,04:28:35,1732.73,Debit,Completed,,Loan Payment - LN2019050000315,False,,0.8,,Automated,Personal Loan,standard_payment,False,loan_payment_generator,False,
TXNL202000001113,ACC0007465,IND19013094,LN2019050000319,LDO20200000633,13,2020-06-30,02:16:08,622.84,Debit,Completed,,Loan Payment - LN2019050000319,False,,1.28,,Automated,Vehicle Loan,standard_payment,False,loan_payment_generator,False,
TXNL202000001114,ACC0007773,IND19011745,LN2019050000324,LDO20200000287,13,2020-06-27,04:09:32,17477.48,Debit,Completed,,Loan Payment - LN2019050000324,False,,1.12,,Automated,Personal Loan,standard_payment,False,loan_payment_generator,False,
TXNL202000001115,ACC0008316,COM19000302,LN2019050000326,LDO20200000634,13,2020-06-18,02:30:00,16267.78,Debit,Completed,,Loan Payment - LN2019050000326,False,,0.72,,Automated,Business Loan,standard_payment,False,loan_payment_generator,False,
TXNL202000001116,ACC0007122,IND19013876,LN2019050000327,LDO20200000635,12,2020-06-02,04:08:37,1219.05,Debit,Completed,,Loan Payment - LN2019050000327 - Extra Principal,False,,1.11,,Automated,Personal Loan,extra_payment,False,loan_payment_generator,False,
TXNL202000001117,ACC0007714,IND19005570,LN2019050000329,LDO20200000636,13,2020-06-30,04:42:52,4539.89,Debit,Completed,,Loan Payment - LN2019050000329,False,,0.86,,Automated,Home Loan,standard_payment,False,loan_payment_generator,False,
TXNL202000001118,ACC0007371,IND19003328,LN2019050000332,LDO20200000288,12,2020-06-02,04:57:38,12002.84,Debit,Completed,,Loan Payment - LN2019050000332,False,,0.99,,Automated,Personal Loan,standard_payment,False,loan_payment_generator,False,
TXNL202000001119,ACC0008095,IND19003250,LN2019050000347,LDO20200000637,13,2020-06-13,02:32:48,1283.69,Debit,Completed,,Loan Payment - LN2019050000347,False,,0.87,,Automated,Vehicle Loan,standard_payment,False,loan_payment_generator,False,
TXNL202000001120,ACC0007049,IND19000954,LN2019050000350,LDO20200000289,13,2020-06-24,04:25:32,2165.18,Debit,Completed,,Loan Payment - LN2019050000350,False,,1.3,,Automated,Personal Loan,standard_payment,False,loan_payment_generator,False,
TXNL202000001121,ACC0008256,IND19009962,LN2019050000355,LDO20200000120,13,2020-06-30,07:31:18,3198.17,Debit,Completed,,Loan Payment - LN2019050000355,False,,1.06,,Automated,Home Loan,standard_payment,False,loan_payment_generator,True,timestamp_shift
TXNL202000001122,ACC0007083,IND19014120,LN2019050000363,LDO20200000638,13,2020-06-30,02:51:41,435.23,Debit,Completed,,Loan Payment - LN2019050000363,False,,0.24,,Automated,Personal Loan,standard_payment,False,loan_payment_generator,False,
TXNL202000001123,ACC0008240,IND19009111,LN2019050000368,LDO20200000639,13,2020-06-30,04:01:50,784.07,Debit,Completed,,Loan Payment - LN2019050000368,False,,0.9,,Automated,Home Loan,standard_payment,False,loan_payment_generator,False,
TXNL202000001124,ACC0007123,IND19000598,LN2019050000369,LDO20200000121,13,2020-06-12,03:10:25,5579.44,Debit,Failed,insufficient_funds,Loan Payment - LN2019050000369,False,,1.05,,Automated,Home Loan,standard_payment,False,loan_payment_generator,False,
TXNL202000001125,ACC0008148,IND19007774,LN2019050000371,LDO20200000122,13,2020-06-14,03:35:43,289.69,Debit,Completed,,Loan Payment - LN2019050000371,False,,1.94,,Automated,Home Loan,standard_payment,False,loan_payment_generator,False,
TXNL202000001126,ACC0007610,IND19012889,LN2019050000379,LDO20200000640,13,2020-06-06,03:40:22,1176.96,Debit,Completed,,Loan Payment - LN2019050000379,False,,1.9,,Automated,Home Loan,standard_payment,False,loan_payment_generator,False,
TXNL202000001127,ACC0007332,IND19000676,LN2019050000383,LDO20200000641,13,2020-06-30,04:46:30,1372.18,Debit,Completed,,Loan Payment - LN2019050000383,False,,1.06,,Automated,Home Loan,standard_payment,False,loan_payment_generator,False,
TXNL202000001128,ACC0007552,IND19003264,LN2019050000386,LDO20200000642,12,2020-06-02,04:07:08,2346.56,Debit,Completed,,Loan Payment - LN2019050000386,False,,1.19,,Automated,Home Loan,standard_payment,False,loan_payment_generator,False,
TXNL202000001129,ACC0008242,IND19010040,LN2019050000398,LDO20200000643,13,2020-06-26,03:37:59,1485.61,Debit,Completed,,Loan Payment - LN2019050000398,False,,0.86,,Automated,Home Loan,standard_payment,False,loan_payment_generator,False,
TXNL202000001130,ACC0008195,IND19003326,LN2019050000401,LDO20200000644,13,2020-06-21,03:55:21,336.71,Debit,Completed,,Loan Payment - LN2019050000401,False,,1.03,,Automated,Home Loan,standard_payment,False,loan_payment_generator,False,
TXNL202000001131,ACC0007110,IND19001533,LN2019050000402,LDO20200000007,12,2020-06-05,04:22:37,2384.71,Debit,Completed,,Loan Payment - LN2019050000402,False,,1.93,,Automated,Home Loan,standard_payment,False,loan_payment_generator,False,
TXNL202000001132,ACC0007749,IND19005754,LN2019050000403,LDO20200000645,13,2020-06-30,04:55:05,351.58,Debit,Completed,,Loan Payment - LN2019050000403,False,,1.75,,Automated,Home Loan,standard_payment,False,loan_payment_generator,False,
TXNL202000001133,ACC0008309,IND19008029,LN2019050000406,LDO20200000646,13,2020-06-13,03:14:26,5884.47,Debit,Completed,,Loan Payment - LN2019050000406,False,,0.52,,Automated,Home Loan,standard_payment,False,loan_payment_generator,False,
TXNL202000001134,ACC0007072,IND19004306,LN2019050000416,LDO20200000051,13,2020-06-08,04:07:13,570.39,Debit,Completed,,Loan Payment - LN2019050000416,False,,0.95,,Automated,Home Loan,standard_payment,False,loan_payment_generator,False,
TXNL202000001135,ACC0007850,IND19002647,LN2019050000417,LDO20200000647,13,2020-06-13,02:20:41,3872.32,Debit,Completed,,Loan Payment - LN2019050000417,False,,1.27,,Automated,Home Loan,standard_payment,False,loan_payment_generator,False,
TXNL202000001136,ACC0007632,IND19001202,LN2019050000440,LDO20200000290,13,2020-06-28,04:03:22,2475.86,Debit,Completed,,Loan Payment - LN2019050000440,False,,1.03,,Automated,Home Loan,standard_payment,False,loan_payment_generator,False,
TXNL202000001137,ACC0007160,IND19009221,LN2019050000448,LDO20200000648,13,2020-06-25,03:02:33,2088.01,Debit,Completed,,Loan Payment - LN2019050000448,False,,1.37,,Automated,Home Loan,standard_payment,False,loan_payment_generator,False,
TXNL202000001138,ACC0007612,IND19009922,LN2019050000462,LDO20200000649,12,2020-06-07,03:44:47,1286.75,Debit,Completed,,Loan Payment - LN2019050000462,False,,0.18,,Automated,Home Loan,standard_payment,False,loan_payment_generator,False,
TXNL202000001139,ACC0007706,IND19001393,LN2019050000465,LDO20200000650,12,2020-06-08,04:06:59,4871.23,Debit,Completed,,Loan Payment - LN2019050000465,False,,0.37,,Automated,Home Loan,standard_payment,False,loan_payment_generator,False,
TXNL202000001140,ACC0007734,IND19008292,LN2019050000470,LDO20200000052,13,2020-06-25,03:31:37,4297.17,Debit,Completed,,Loan Payment - LN2019050000470,False,,0.29,,Automated,Home Loan,standard_payment,False,loan_payment_generator,False,
TXNL202000001141,ACC0007832,IND19003688,LN2019050000474,LDO20200000124,13,2020-06-20,04:56:00,883.0,Debit,Completed,,Loan Payment - LN2019050000474,False,,1.5,,Automated,Personal Loan,standard_payment,False,loan_payment_generator,False,
TXNL202000001142,ACC0007327,IND19008297,LN2019050000484,LDO20200000651,13,2020-06-24,02:12:30,13971.2,Debit,Completed,,Loan Payment - LN2019050000484,False,,0.13,,Automated,Personal Loan,standard_payment,False,loan_payment_generator,False,
TXNL202000001143,ACC0007595,IND19014660,LN2019050000488,LDO20200000652,13,2020-06-16,02:38:47,2757.04,Debit,Completed,,Loan Payment - LN2019050000488,False,,1.51,,Automated,Vehicle Loan,standard_payment,False,loan_payment_generator,False,
TXNL202000001144,ACC0007937,IND19005070,LN2019050000495,LDO20200000053,12,2020-06-03,04:13:57,1861.38,Debit,Completed,,Loan Payment - LN2019050000495,False,,1.95,,Automated,Personal Loan,standard_payment,False,loan_payment_generator,False,
TXNL202000001145,ACC0007470,IND19002781,LN2019050000497,LDO20200000291,12,2020-06-07,04:44:23,2122.46,Debit,Completed,,Loan Payment - LN2019050000497,False,,0.5,,Automated,Vehicle Loan,standard_payment,False,loan_payment_generator,False,
TXNL202000001146,ACC0007558,IND19004364,LN2019050000498,LDO20200000653,12,2020-06-05,02:29:00,2454.51,Debit,Completed,,Loan Payment - LN2019050000498,False,,0.01,,Automated,Personal Loan,standard_payment,False,loan_payment_generator,False,
TXNL202000001147,ACC0007463,IND19002379,LN2019050000499,LDO20200000654,12,2020-06-01,03:32:09,3867.18,Debit,Completed,,Loan Payment - LN2019050000499,False,,0.12,,Automated,Home Loan,standard_payment,False,loan_payment_generator,False,
TXNL202000001148,ACC0007541,IND19002750,LN2019050000519,LDO20200000655,13,2020-06-14,03:39:10,2428.59,Debit,Completed,,Loan Payment - LN2019050000519,False,,1.14,,Automated,Personal Loan,standard_payment,False,loan_payment_generator,False,
TXNL202000001149,ACC0007873,IND19011865,LN2019050000522,LDO20200000125,13,2020-06-29,03:18:57,916.38,Debit,Completed,,Loan Payment - LN20190500...,False,,0.43,,Automated,Vehicle Loan,standard_payment,False,loan_payment_generator,True,truncated_description
TXNL202000001150,ACC0007208,IND19009185,LN2019050000524,LDO20200000292,13,2020-06-30,02:07:12,2426.39,Debit,Completed,,Loan Payment - LN2019050000524,False,,0.08,,Automated,Vehicle Loan,standard_payment,False,loan_payment_generator,False,
TXNL202000001151,ACC0007173,IND19005976,LN2019050000531,LDO20200000656,12,2020-06-02,04:33:22,1271.3,Debit,Completed,,Loan Payment - LN2019050000531,False,,1.14,,Automated,Home Loan,standard_payment,False,loan_payment_generator,False,
TXNL202000001152,ACC0007587,IND19003305,LN2019050000542,LDO20200000293,13,2020-06-30,04:11:29,484.08,Debit,Completed,,Loan Payment - LN2019050000542,False,,0.8,,Automated,Home Loan,standard_payment,False,loan_payment_generator,False,
TXNL202000001153,ACC0007911,IND19008037,LN2019050000544,LDO20200000657,13,2020-06-16,04:51:48,13912.84,Debit,Completed,,Loan Payment - LN20190500...,False,,0.24,,Automated,Personal Loan,standard_payment,False,loan_payment_generator,True,truncated_description
TXNL202000001154,ACC0007127,IND19007655,LN2019050000546,LDO20200000658,13,2020-06-29,02:24:10,2148.95,Debit,Completed,,Loan Payment - LN2019050000546,False,,1.2,,Automated,Home Loan,standard_payment,False,loan_payment_generator,False,
TXNL202000001155,ACC0007349,IND19012296,LN2019050000551,LDO20200000294,13,2020-06-23,02:36:59,1850.03,Debit,Completed,,Loan Payment - LN2019050000551,False,,0.94,,Automated,Home Loan,standard_payment,False,loan_payment_generator,True,amount_rounding_error
TXNL202000001156,ACC0008268,IND19009572,LN2019050000555,LDO20200000659,13,2020-06-19,03:36:00,1534.34,Debit,Completed,,Loan Payment - LN2019050000555,False,,0.14,,Automated,Personal Loan,standard_payment,False,loan_payment_generator,False,
TXNL202000001157,ACC0007364,IND19014235,LN2019050000559,LDO20200000295,13,2020-06-15,04:14:48,821.12,Debit,Completed,,Loan Payment - LN2019050000559,False,,0.24,,Automated,Personal Loan,standard_payment,False,loan_payment_generator,False,
TXNL202000001158,ACC0007952,IND19007543,LN2019050000560,LDO20200000126,13,2020-06-28,02:23:31,1780.15,Debit,Completed,,Loan Payment - LN2019050000560,False,,0.96,,Automated,Personal Loan,standard_payment,False,loan_payment_generator,False,
TXNL202000001159,ACC0007257,IND19002485,LN2019050000564,LDO20200000660,12,2020-06-01,02:29:31,1782.61,Debit,Completed,,Loan Payment - LN2019050000564,False,,0.26,,Automated,Home Loan,standard_payment,False,loan_payment_generator,False,
TXNL202000001160,ACC0008320,COM19000046,LN2019050000565,LDO20200000296,12,2020-06-09,04:23:34,33942.27,Debit,Completed,,Loan Payment - LN2019050000565,False,,0.73,,Automated,Business Loan,standard_payment,False,loan_payment_generator,True,amount_rounding_error
TXNL202000001161,ACC0007656,IND19015059,LN2019050000567,LDO20200000661,12,2020-06-08,02:35:33,2920.81,Debit,Completed,,Loan Payment - LN2019050000567,False,,0.64,,Automated,Home Loan,standard_payment,False,loan_payment_generator,False,
TXNL202000001162,ACC0008252,IND19008232,LN2019050000570,LDO20200000662,13,2020-06-19,02:53:40,4747.94,Debit,Completed,,Loan Payment - LN2019050000570,False,,0.34,,Automated,Home Loan,standard_payment,False,loan_payment_generator,False,
TXNL202000001163,ACC0007770,IND19001785,LN2019050000573,LDO20200000663,13,2020-06-17,02:43:44,12286.92,Debit,Completed,,Loan Payment - LN2019050000573,False,,0.81,,Automated,Personal Loan,standard_payment,False,loan_payment_generator,False,
TXNL202000001164,ACC0007047,IND19011062,LN2019050000576,LDO20200000664,12,2020-06-03,04:33:44,1565.29,Debit,Completed,,Loan Payment - LN2019050000576,False,,0.51,,Automated,Home Loan,standard_payment,False,loan_payment_generator,False,
TXNL202000001165,ACC0007830,IND19002077,LN2019050000589,LDO20200000127,12,2020-06-05,02:08:52,1046.0,Debit,Completed,,Loan Payment - LN2019050000589,False,,0.99,,Automated,Home Loan,standard_payment,False,loan_payment_generator,False,
TXNL202000001166,ACC0008306,IND19000077,LN2019050000592,LDO20200000665,13,2020-06-20,02:45:39,1712.47,Debit,Completed,,Loan Payment - LN2019050000592,False,,1.2,,Automated,Home Loan,standard_payment,False,loan_payment_generator,False,
TXNL202000001167,ACC0007600,IND19012971,LN2019050000593,LDO20200000297,12,2020-06-01,03:06:14,1586.62,Debit,Completed,,Loan Payment - LN2019050000593,False,,1.25,,Automated,Home Loan,standard_payment,False,loan_payment_generator,False,
TXNL202000001168,ACC0007086,IND19001913,LN2019050000596,LDO20200000666,13,2020-06-18,04:26:09,5271.24,Debit,Failed,bank_timeout,Loan Payment - LN2019050000596,False,,1.1,,Automated,Personal Loan,standard_payment,False,loan_payment_generator,False,
TXNL202000001169,ACC0008044,IND19006154,LN2019050000602,LDO20200000667,13,2020-06-14,03:44:16,3454.41,Debit,Completed,,Loan Payment - LN2019050000602,False,,1.84,,Automated,Vehicle Loan,standard_payment,False,loan_payment_generator,False,
TXNL202000001170,ACC0007359,IND19001265,LN2019050000604,LDO20200000668,13,2020-06-17,02:44:19,5298.61,Debit,Completed,,Loan Payment - LN2019050000604,False,,0.38,,Automated,Home Loan,standard_payment,False,loan_payment_generator,False,
TXNL202000001171,ACC0007515,IND19001293,LN2019050000612,LDO20200000669,13,2020-06-18,04:55:50,2216.06,Debit,Completed,,Loan Payment - LN2019050000612,False,,0.81,,Automated,Personal Loan,standard_payment,False,loan_payment_generator,False,
TXNL202000001172,ACC0008310,IND19002172,LN2019050000614,LDO20200000298,13,2020-06-30,04:54:35,1359.81,Debit,Completed,,Loan Payment - LN2019050000614,False,,1.82,,Automated,Vehicle Loan,standard_payment,False,loan_payment_generator,False,
TXNL202000001173,ACC0007550,IND19011981,LN2019050000617,LDO20200000670,12,2020-06-05,04:38:18,4182.4,Debit,Completed,,Loan Payment - LN2019050000617,False,,0.74,,Automated,Vehicle Loan,standard_payment,False,loan_payment_generator,False,
TXNL202000001174,ACC0007279,IND19007959,LN2019050000625,LDO20200000054,13,2020-06-15,04:16:24,14360.35,Debit,Completed,,Loan Payment - LN2019050000625,False,,0.74,,Automated,Personal Loan,standard_payment,False,loan_payment_generator,False,
TXNL202000001175,ACC0008170,IND19000930,LN2019050000629,LDO20200000299,13,2020-06-25,03:18:38,2744.71,Debit,Completed,,Loan Payment - LN2019050000629,False,,1.73,,Automated,Personal Loan,standard_payment,False,loan_payment_generator,False,
TXNL202000001176,ACC0007505,IND19014487,LN2019050000638,LDO20200000128,13,2020-06-23,02:02:55,5463.36,Debit,Completed,,Loan Payment - LN2019050000638,False,,1.99,,Automated,Home Loan,standard_payment,False,loan_payment_generator,False,
TXNL202000001177,ACC0007258,IND19003721,LN2019050000641,LDO20200000671,13,2020-06-21,03:39:45,2216.59,Debit,Completed,,Loan Payment - LN2019050000641,False,,0.86,,Automated,Home Loan,standard_payment,False,loan_payment_generator,False,
TXNL202000001178,ACC0007142,IND19000833,LN2019050000642,LDO20200000300,13,2020-06-09,03:07:12,3754.93,Debit,Completed,,Loan Payment - LN2019050000642,False,,1.36,,Automated,Home Loan,standard_payment,False,loan_payment_generator,False,
TXNL202000001179,ACC0007987,IND19014897,LN2019050000661,LDO20200000055,13,2020-06-17,04:14:02,3656.62,Debit,Completed,,Loan Payment - LN2019050000661,False,,0.52,,Automated,Personal Loan,standard_payment,False,loan_payment_generator,False,
TXNL202000001180,ACC0007297,IND19011570,LN2019050000667,LDO20200000672,13,2020-06-29,04:13:44,1603.51,Debit,Completed,,Loan Payment - LN2019050000667,False,,0.48,,Automated,Home Loan,standard_payment,False,loan_payment_generator,False,
TXNL202000001181,ACC0007091,IND19003068,LN2019050000669,LDO20200000673,12,2020-06-02,04:01:30,1637.44,Debit,Completed,,Loan Payment - LN2019050000669,False,,0.4,,Automated,Home Loan,standard_payment,False,loan_payment_generator,False,
TXNL202000001182,ACC0007449,IND19009805,LN2019050000676,LDO20200000674,13,2020-06-14,03:38:06,11955.42,Debit,Completed,,Loan Payment - LN2019050000676,False,,0.59,,Automated,Personal Loan,standard_payment,False,loan_payment_generator,False,
TXNL202000001183,ACC0007702,IND19001060,LN2019050000679,LDO20200000675,13,2020-06-17,02:09:26,413.16,Debit,Completed,,Loan Payment - LN2019050000679 - Late Fee,False,,1.76,,Automated,Home Loan,late_payment,False,loan_payment_generator,False,
TXNL202000001184,ACC0007753,IND19009261,LN2019050000701,LDO20200000676,13,2020-06-16,03:24:12,2355.29,Debit,Failed,insufficient_funds,Loan Payment - LN2019050000701,False,,0.73,,Automated,Vehicle Loan,standard_payment,False,loan_payment_generator,False,
TXNL202000001185,ACC0007493,IND19003510,LN2019050000716,LDO20200000677,12,2020-06-04,04:28:27,2838.85,Debit,Completed,,Loan Payment - LN2019050000716,False,,1.89,,Automated,Home Loan,standard_payment,False,loan_payment_generator,False,
TXNL202000001186,ACC0007046,IND19011062,LN2019050000722,LDO20200000678,13,2020-06-20,04:00:53,996.07,Debit,Completed,,Loan Payment - LN2019050000722,False,,0.95,,Automated,Home Loan,standard_payment,False,loan_payment_generator,False,
TXNL202000001187,ACC0007693,IND19011927,LN2019050000727,LDO20200000679,12,2020-06-05,03:42:33,2855.29,Debit,Completed,,Loan Payment - LN2019050000727,False,,0.34,,Automated,Home Loan,standard_payment,False,loan_payment_generator,False,
TXNL202000001188,ACC0008087,IND19002086,LN2019050000735,LDO20200000680,12,2020-06-02,02:31:14,2454.62,Debit,Completed,,Loan Payment - LN2019050000735,False,,1.83,,Automated,Vehicle Loan,standard_payment,False,loan_payment_generator,False,
TXNL202000001189,ACC0007024,IND19003964,LN2019050000736,LDO20200000681,13,2020-06-20,03:14:02,5269.15,Debit,Completed,,Loan Payment - LN2019050000736,False,,1.78,,Automated,Home Loan,standard_payment,False,loan_payment_generator,False,
TXNL202000001190,ACC0007485,IND19010218,LN2019050000737,LDO20200000682,13,2020-06-17,02:09:20,860.49,Debit,Completed,,Loan Payment - LN2019050000737,False,,1.46,,Automated,Personal Loan,standard_payment,False,loan_payment_generator,False,
TXNL202000001191,ACC0007384,IND19011144,LN2019050000741,LDO20200000301,13,2020-06-16,03:12:47,1874.2,Debit,Completed,,Loan Payment - LN2019050000741,False,,0.99,,Automated,Home Loan,standard_payment,False,loan_payment_generator,False,
TXNL202000001192,ACC0007923,IND19000687,LN2019050000750,LDO20200000026,13,2020-06-20,03:22:18,2563.93,Debit,Completed,,Loan Payment - LN2019050000750,False,,1.83,,Automated,Home Loan,standard_payment,False,loan_payment_generator,False,
TXNL202000001193,ACC0007785,IND19000642,LN2019050000753,LDO20200000683,13,2020-06-15,02:33:50,1618.42,Debit,Completed,,Loan Payment - LN2019050000753,False,,1.4,,Automated,Vehicle Loan,standard_payment,False,loan_payment_generator,False,
TXNL202000001194,ACC0007250,IND19001815,LN2019050000759,LDO20200000684,13,2020-06-22,02:20:36,3335.04,Debit,Completed,,Loan Payment - LN2019050000759,False,,1.6,,Automated,Home Loan,standard_payment,False,loan_payment_generator,False,
TXNL202000001195,ACC0007214,IND19007943,LN2019050000760,LDO20200000685,13,2020-06-28,02:39:51,661.78,Debit,Completed,,Loan Payment - LN2019050000760,False,,0.36,,Automated,Home Loan,standard_payment,False,loan_payment_generator,False,
TXNL202000001196,ACC0007180,IND19006123,LN2019050000771,LDO20200000686,12,2020-06-01,04:57:35,1292.03,Debit,Completed,,Loan Payment - LN2019050000771,False,,1.35,,Automated,Home Loan,standard_payment,False,loan_payment_generator,False,
TXNL202000001197,ACC0007721,IND19002326,LN2019050000791,LDO20200000687,13,2020-06-25,04:20:36,876.58,Debit,Completed,,Loan Payment - LN2019050000791,False,,1.55,,Automated,Personal Loan,standard_payment,False,loan_payment_generator,False,
TXNL202000001198,ACC0008116,IND19005842,LN2019050000793,LDO20200000302,13,2020-06-20,02:58:55,11267.85,Debit,Completed,,Loan Payment - LN2019050000793,False,,1.67,,Automated,Personal Loan,standard_payment,False,loan_payment_generator,False,
TXNL202000001199,ACC0008212,IND19014961,LN2019050000795,LDO20200000688,13,2020-06-25,04:22:26,3593.13,Debit,Completed,,Loan Payment - LN2019050000795,False,,0.65,,Automated,Home Loan,standard_payment,False,loan_payment_generator,False,
TXNL202000001200,ACC0008101,IND19004006,LN2019050000797,LDO20200000689,13,2020-06-29,03:06:17,3784.97,Debit,Completed,,Loan Payment - LN2019050000797,False,,0.17,,Automated,Personal Loan,standard_payment,False,loan_payment_generator,False,
TXNL202000001201,ACC0007571,IND19014352,LN2019050000799,LDO20200000129,13,2020-06-25,02:48:45,826.91,Debit,Completed,,Loan Payment - LN2019050000799,False,,0.07,,Automated,Home Loan,standard_payment,False,loan_payment_generator,False,
TXNL202000001202,ACC0007507,IND19001122,LN2019050000814,LDO20200000303,13,2020-06-30,02:08:20,2419.67,Debit,Completed,,Loan Payment - LN2019050000814,False,,1.32,,Automated,Home Loan,standard_payment,False,loan_payment_generator,False,
TXNL202000001203,ACC0008234,IND19002363,LN2019050000828,LDO20200000690,13,2020-06-11,03:17:18,711.07,Debit,Completed,,Loan Payment - LN2019050000828,False,,0.07,,Automated,Personal Loan,standard_payment,False,loan_payment_generator,False,
TXNL202000001204,ACC0007650,IND19001079,LN2019050000841,LDO20200000056,13,2020-06-21,03:47:44,3652.77,Debit,Completed,,Loan Payment - LN2019050000841,False,,0.48,,Automated,Home Loan,standard_payment,False,loan_payment_generator,False,
TXNL202000001205,ACC0007691,IND19012805,LN2019050000844,LDO20200000691,12,2020-06-01,04:15:21,2020.42,Debit,Completed,,Loan Payment - LN2019050000844 - Partial,False,,0.02,,Automated,Home Loan,partial_payment,False,loan_payment_generator,False,
TXNL202000001206,ACC0007064,IND19006642,LN2019050000849,LDO20200000304,13,2020-06-26,04:42:30,2317.32,Debit,Completed,,Loan Payment - LN2019050000849,False,,1.09,,Automated,Home Loan,standard_payment,False,loan_payment_generator,False,
TXNL202000001207,ACC0007179,IND19000434,LN2019050000855,LDO20200000692,13,2020-06-30,02:39:33,5992.0,Debit,Completed,,Loan Payment - LN2019050000855,False,,1.97,,Automated,Vehicle Loan,standard_payment,False,loan_payment_generator,False,
TXNL202000001208,ACC0007215,IND19007154,LN2019050000858,LDO20200000693,12,2020-06-02,03:44:05,6541.9,Debit,Completed,,Loan Payment - LN2019050000858,False,,0.48,,Automated,Home Loan,standard_payment,False,loan_payment_generator,False,
TXNL202000001209,ACC0008119,IND19007986,LN2019050000889,LDO20200000130,13,2020-06-20,02:44:46,1472.1,Debit,Completed,,Loan Payment - LN2019050000889,False,,0.6,,Automated,Home Loan,standard_payment,False,loan_payment_generator,False,
TXNL202000001210,ACC0008110,IND19002294,LN2019050000897,LDO20200000131,13,2020-06-14,00:42:51,2869.96,Debit,Completed,,Loan Payment - LN2019050000897,False,,1.36,,Automated,Home Loan,standard_payment,False,loan_payment_generator,True,timestamp_shift
TXNL202000001211,ACC0008154,IND19012320,LN2019050000898,LDO20200000694,13,2020-06-26,02:09:37,710.82,Debit,Completed,,Loan Payment - LN2019050000898,False,,0.23,,Automated,Home Loan,standard_payment,False,loan_payment_generator,False,
TXNL202000001212,ACC0007375,IND19005931,LN2019050000918,LDO20200000695,12,2020-06-06,04:17:20,3118.44,Debit,Completed,,Loan Payment - LN2019050000918,False,,1.24,,Automated,Home Loan,standard_payment,False,loan_payment_generator,False,
TXNL202000001213,ACC0007040,IND19011954,LN2019050000921,LDO20200000132,12,2020-06-06,04:39:25,2943.32,Debit,Completed,,Loan Payment - LN2019050000921,False,,1.63,,Automated,Personal Loan,standard_payment,False,loan_payment_generator,False,
TXNL202000001214,ACC0008295,IND19013855,LN2019050000922,LDO20200000305,13,2020-06-12,03:41:15,1486.61,Debit,Failed,mandate_limit,Loan Payment - LN2019050000922,False,,1.06,,Automated,Vehicle Loan,standard_payment,False,loan_payment_generator,False,
TXNL202000001215,ACC0008078,IND19003714,LN2019050000934,LDO20200000306,13,2020-06-12,04:44:12,2772.54,Debit,Completed,,Loan Payment - LN2019050000934,False,,1.23,,Automated,Personal Loan,standard_payment,False,loan_payment_generator,False,
TXNL202000001216,ACC0008171,IND19012983,LN2019050000935,LDO20200000696,12,2020-06-09,03:50:00,538.92,Debit,Completed,,Loan Payment - LN2019050000935,False,,0.74,,Automated,Home Loan,standard_payment,False,loan_payment_generator,False,
TXNL202000001217,ACC0007529,IND19010684,LN2019050000938,LDO20200000697,12,2020-06-09,03:43:22,820.45,Debit,Completed,,Loan Payment - LN2019050000938,False,,0.33,,Automated,Home Loan,standard_payment,False,loan_payment_generator,False,
TXNL202000001218,ACC0007628,IND19005196,LN2019050000939,LDO20200000698,12,2020-06-08,02:49:50,1878.07,Debit,Completed,,Loan Payment - LN2019050000939,False,,1.82,,Automated,Home Loan,standard_payment,False,loan_payment_generator,False,
TXNL202000001219,ACC0007969,IND19010055,LN2019050000944,LDO20200000307,12,2020-06-07,02:10:31,2110.51,Debit,Completed,,Loan Payment - LN2019050000944,False,,0.25,,Automated,Vehicle Loan,standard_payment,False,loan_payment_generator,False,
TXNL202000001220,ACC0007641,IND19007826,LN2019050000947,LDO20200000057,12,2020-06-07,03:30:00,508.24,Debit,Completed,,Loan Payment - LN2019050000947,False,,1.8,,Automated,Home Loan,standard_payment,False,loan_payment_generator,False,
TXNL202000001221,ACC0008158,IND19010986,LN2019050000952,LDO20200000308,13,2020-06-17,03:23:54,564.21,Debit,Completed,,Loan Payment - LN2019050000952,False,,0.62,,Automated,Personal Loan,standard_payment,False,loan_payment_generator,False,
TXNL202000001222,ACC0008313,COM19000237,LN2019050000954,LDO20200000309,12,2020-06-09,02:59:06,3667.45,Debit,Completed,,Loan Payment - LN2019050000954,False,,0.43,,Automated,Business Loan,standard_payment,False,loan_payment_generator,False,
TXNL202000001223,ACC0008071,IND19003837,LN2019050000958,LDO20200000310,13,2020-06-16,02:43:31,1185.66,Debit,Completed,,Loan Payment - LN2019050000958,False,,1.75,,Automated,Personal Loan,standard_payment,False,loan_payment_generator,False,
TXNL202000001224,ACC0007237,IND19000234,LN2019050000960,LDO20200000133,13,2020-06-28,03:53:39,2420.03,Debit,Completed,,Loan Payment - LN2019050000960 - Extra Principal,False,,0.85,,Automated,Home Loan,extra_payment,False,loan_payment_generator,False,
TXNL202000001225,ACC0007929,IND19013749,LN2019050000961,LDO20200000699,13,2020-06-30,02:28:42,1518.47,Debit,Completed,,Loan Payment - LN2019050000961,False,,1.97,,Automated,Vehicle Loan,standard_payment,False,loan_payment_generator,False,
TXNL202000001226,ACC0007527,IND19004757,LN2019050000962,LDO20200000700,13,2020-06-18,04:56:25,266.81,Debit,Completed,,Loan Payment - LN2019050000962,False,,1.86,,Automated,Home Loan,standard_payment,False,loan_payment_generator,False,
TXNL202000001227,ACC0007338,IND19001523,LN2019050000966,LDO20200000311,13,2020-06-30,04:45:08,2108.13,Debit,Completed,,Loan Payment - LN2019050000966,False,,1.87,,Automated,Home Loan,standard_payment,False,loan_payment_generator,False,
TXNL202000001228,ACC0007755,IND19009883,LN2019050000971,LDO20200000312,13,2020-06-07,03:33:40,1833.69,Debit,Completed,,Loan Payment - LN2019050000971,False,,0.94,,Automated,Home Loan,standard_payment,False,loan_payment_generator,False,
TXNL202000001229,ACC0007607,IND19005046,LN2019050000978,LDO20200000313,12,2020-06-07,02:22:29,1592.65,Debit,Completed,,Loan Payment - LN2019050000978,False,,1.1,,Automated,Home Loan,standard_payment,False,loan_payment_generator,False,
TXNL202000001230,ACC0008111,IND19001387,LN2019050000980,LDO20200000701,13,2020-06-27,04:25:25,857.39,Debit,Completed,,Loan Payment - LN2019050000980,False,,1.54,,Automated,Home Loan,standard_payment,False,loan_payment_generator,False,
TXNL202000001231,ACC0008014,IND19005111,LN2019050000984,LDO20200000314,13,2020-06-17,04:07:41,5323.0,Debit,Completed,,Loan Payment - LN2019050000984,False,,0.03,,Automated,Vehicle Loan,standard_payment,False,loan_payment_generator,False,
TXNL202000001232,ACC0008030,IND19003118,LN2019050001000,LDO20200000702,12,2020-06-06,03:56:04,803.31,Debit,Completed,,Loan Payment - LN2019050001000,False,,1.52,,Automated,Home Loan,standard_payment,False,loan_payment_generator,False,
TXNL202000001233,ACC0007966,IND19005148,LN2019050001001,LDO20200000134,12,2020-06-08,02:19:38,2377.92,Debit,Completed,,Loan Payment - LN2019050001001,False,,1.81,,Automated,Personal Loan,standard_payment,False,loan_payment_generator,False,
TXNL202000001234,ACC0007777,IND19005035,LN2019050001021,LDO20200000703,12,2020-06-05,02:43:45,3387.53,Debit,Completed,,Loan Payment - LN2019050001021,False,,0.22,,Automated,Home Loan,standard_payment,False,loan_payment_generator,False,
TXNL202000001235,ACC0007379,IND19012374,LN2019050001024,LDO20200000704,13,2020-06-14,03:11:55,820.23,Debit,Completed,,Loan Payment - LN2019050001024,False,,0.49,,Automated,Home Loan,standard_payment,False,loan_payment_generator,False,
TXNL202000001236,ACC0007906,IND19004263,LN2019050001033,LDO20200000705,12,2020-06-02,03:19:34,447.26,Debit,Completed,,Loan Payment - LN2019050001033 - Extra Principal,False,,1.55,,Automated,Home Loan,extra_payment,False,loan_payment_generator,False,
TXNL202000001237,ACC0008274,IND19006833,LN2019050001047,LDO20200000706,13,2020-06-16,04:19:19,3754.64,Debit,Completed,,Loan Payment - LN2019050001047,False,,1.48,,Automated,Vehicle Loan,standard_payment,False,loan_payment_generator,False,
TXNL202000001238,ACC0007009,IND19002813,LN2019050001051,LDO20200000315,13,2020-06-30,03:17:49,4006.59,Debit,Completed,,Loan Payment - LN2019050001051,False,,0.39,,Automated,Vehicle Loan,standard_payment,False,loan_payment_generator,False,
TXNL202000001239,ACC0008219,IND19011636,LN2019050001070,LDO20200000135,12,2020-06-03,03:23:46,2223.33,Debit,Completed,,Loan Payment - LN2019050001070,False,,0.97,,Automated,Vehicle Loan,standard_payment,False,loan_payment_generator,False,
TXNL202000001240,ACC0008068,IND19006737,LN2019050001082,LDO20200000707,13,2020-06-21,02:56:12,2230.23,Debit,Completed,,Loan Payment - LN2019050001082,False,,1.04,,Automated,Vehicle Loan,standard_payment,False,loan_payment_generator,False,
TXNL202000001241,ACC0007738,IND19008930,LN2019050001085,LDO20200000136,12,2020-06-01,02:07:12,1089.84,Debit,Completed,,Loan Payment - LN2019050001085,False,,1.98,,Automated,Home Loan,standard_payment,False,loan_payment_generator,False,
TXNL202000001242,ACC0007383,IND19014104,LN2019050001092,LDO20200000316,13,2020-06-18,04:57:13,2227.4,Debit,Completed,,Loan Payment - LN2019050001092,False,,1.84,,Automated,Personal Loan,standard_payment,False,loan_payment_generator,False,
TXNL202000001243,ACC0007199,IND19008957,LN2019050001095,LDO20200000708,13,2020-06-21,03:05:53,1645.37,Debit,Completed,,Loan Payment - LN2019050001095,False,,1.15,,Automated,Home Loan,standard_payment,False,loan_payment_generator,False,
TXNL202000001244,ACC0007649,IND19012283,LN2019050001102,LDO20200000137,12,2020-06-03,04:13:01,2145.91,Debit,Completed,,Loan Payment - LN2019050001102,False,,1.26,,Automated,Personal Loan,standard_payment,False,loan_payment_generator,False,
TXNL202000001245,ACC0007540,IND19005556,LN2019050001113,LDO20200000709,13,2020-06-26,02:52:31,1903.28,Debit,Completed,,Loan Payment - LN2019050001113,False,,0.03,,Automated,Home Loan,standard_payment,False,loan_payment_generator,False,
TXNL202000001246,ACC0007524,IND19003271,LN2019050001116,LDO20200000138,13,2020-06-27,03:25:27,1308.81,Debit,Completed,,Loan Payment - LN2019050001116,False,,1.01,,Automated,Personal Loan,standard_payment,False,loan_payment_generator,False,
TXNL202000001247,ACC0007705,IND19001393,LN2019050001120,LDO20200000710,13,2020-06-21,02:53:51,5829.17,Debit,Failed,bank_timeout,Loan Payment - LN2019050001120 - Extra Principal,False,,0.88,,Automated,Home Loan,extra_payment,False,loan_payment_generator,True,status_inconsistency
TXNL202000001248,ACC0007553,IND19009011,LN2019050001121,LDO20200000317,13,2020-06-25,03:53:37,943.48,Debit,Completed,,Loan Payment - LN2019050001121,False,,0.51,,Automated,Home Loan,standard_payment,False,loan_payment_generator,False,
TXNL202000001249,ACC0008049,IND19003801,LN2019050001137,LDO20200000711,13,2020-06-10,02:14:07,5055.02,Debit,Completed,,Loan Payment - LN2019050001137,False,,1.13,,Automated,Home Loan,standard_payment,False,loan_payment_generator,False,
TXNL202000001250,ACC0007986,IND19001257,LN2019050001151,LDO20200000712,13,2020-06-23,09:58:25,2165.17,Debit,Completed,,Loan Payment - LN2019050001151,False,,1.69,,Automated,Home Loan,standard_payment,False,loan_payment_generator,True,timestamp_shift
TXNL202000001251,ACC0007476,IND19013953,LN2019050001152,LDO20200000058,13,2020-06-23,02:00:55,1498.1,Debit,Completed,,Loan Payment - LN2019050001152,False,,0.22,,Automated,Home Loan,standard_payment,False,loan_payment_generator,False,
TXNL202000001252,ACC0007475,IND19013953,LN2019050001155,LDO20200000059,12,2020-06-06,02:14:50,1712.2,Debit,Completed,,Loan Payment - LN2019050001155,False,,1.29,,Automated,Vehicle Loan,standard_payment,False,loan_payment_generator,False,
TXNL202000001253,ACC0007353,IND19005472,LN2019050001160,LDO20200000713,13,2020-06-17,03:41:51,1115.42,Debit,Completed,,Loan Payment - LN2019050001160,False,,0.89,,Automated,Home Loan,standard_payment,False,loan_payment_generator,False,
TXNL202000001254,ACC0007015,IND19007961,LN2019050001170,LDO20200000318,13,2020-06-21,04:44:35,1047.02,Debit,Completed,,Loan Payment - LN2019050001170,False,,0.67,,Automated,Vehicle Loan,standard_payment,False,loan_payment_generator,False,
TXNL202000001255,ACC0007275,IND19010245,LN2019050001175,LDO20200000714,12,2020-06-07,02:06:55,1993.06,Debit,Completed,,Loan Payment - LN2019050001175,False,,1.94,,Automated,Personal Loan,standard_payment,False,loan_payment_generator,True,timestamp_shift
TXNL202000001256,ACC0007351,IND19001380,LN2019050001183,LDO20200000715,13,2020-06-20,04:51:27,5197.06,Debit,Completed,,Loan Payment - LN2019050001183,False,,0.0,,Automated,Home Loan,standard_payment,False,loan_payment_generator,False,
TXNL202000001257,ACC0007907,IND19002878,LN2019050001186,LDO20200000716,13,2020-06-29,02:17:18,1883.64,Debit,Completed,,Loan Payment - LN2019050001186,False,,0.59,,Automated,Home Loan,standard_payment,False,loan_payment_generator,False,
TXNL202000001258,ACC0008264,IND19014371,LN2019050001194,LDO20200000319,13,2020-06-16,02:55:19,2083.71,Debit,Completed,,Loan Payment - LN2019050001194,False,,1.35,,Automated,Home Loan,standard_payment,False,loan_payment_generator,False,
TXNL202000001259,ACC0007291,IND19005668,LN2019050001199,LDO20200000320,13,2020-06-14,04:57:20,1866.41,Debit,Completed,,Loan Payment - LN2019050001199,False,,0.68,,Automated,Vehicle Loan,standard_payment,False,loan_payment_generator,False,
TXNL202000001260,ACC0007296,IND19011570,LN2019050001202,LDO20200000321,13,2020-06-30,04:55:59,701.24,Debit,Failed,insufficient_funds,Loan Payment - LN2019050001202,False,,0.58,,Automated,Home Loan,standard_payment,False,loan_payment_generator,False,
TXNL202000001261,ACC0007636,IND19008434,LN2019050001205,LDO20200000060,13,2020-06-27,03:09:32,681.94,Debit,Completed,,Loan Payment - LN2019050001205,False,,1.29,,Automated,Home Loan,standard_payment,False,loan_payment_generator,False,
TXNL202000001262,ACC0007107,IND19000145,LN2019050001207,LDO20200000139,13,2020-06-17,04:50:44,1817.61,Debit,Completed,,Loan Payment - LN2019050001207,False,,1.73,,Automated,Home Loan,standard_payment,False,loan_payment_generator,False,
TXNL202000001263,ACC0007676,IND19007028,LN2019050001208,LDO20200000717,13,2020-06-30,03:46:08,1280.42,Debit,Completed,,Loan Payment - LN2019050001208,False,,0.04,,Automated,Home Loan,standard_payment,False,loan_payment_generator,False,
TXNL202000001264,ACC0007608,IND19007170,LN2019050001231,LDO20200000322,13,2020-06-09,03:40:40,173.27,Debit,Cancelled,customer_stop_instruction,Loan Payment - LN2019050001231,False,,0.89,,Automated,Home Loan,standard_payment,False,loan_payment_generator,False,
TXNL202000001265,ACC0007455,IND19009143,LN2019050001232,LDO20200000718,13,2020-06-18,04:51:09,1833.17,Debit,Completed,,Loan Payment - LN2019050001232 - Extra Principal,False,,1.16,,Automated,Vehicle Loan,extra_payment,False,loan_payment_generator,False,
TXNL202000001266,ACC0007842,IND19009173,LN2019050001247,LDO20200000719,13,2020-06-10,04:01:09,4310.95,Debit,Completed,,Loan Payment - LN2019050001247,False,,1.17,,Automated,Personal Loan,standard_payment,False,loan_payment_generator,False,
TXNL202000001267,ACC0009554,IND19008376,LN2019060000003,LDO20200000140,11,2020-06-04,03:57:44,1215.95,Debit,Completed,,Loan Payment - LN2019060000003,False,,1.79,,Automated,Home Loan,standard_payment,False,loan_payment_generator,False,
TXNL202000001268,ACC0009001,IND19001656,LN2019060000026,LDO20200000720,12,2020-06-12,04:00:48,2079.02,Debit,Completed,,Loan Payment - LN2019060000026,False,,1.7,,Automated,Home Loan,standard_payment,False,loan_payment_generator,False,
TXNL202000001269,ACC0008614,IND19003868,LN2019060000036,LDO20200000141,12,2020-06-09,04:42:05,2422.21,Debit,Completed,,Loan Payment - LN2019060000036,False,,1.3,,Automated,Personal Loan,standard_payment,False,loan_payment_generator,False,
TXNL202000001270,ACC0009436,IND19003637,LN2019060000051,LDO20200000142,12,2020-06-21,04:21:23,3205.5,Debit,Completed,,Loan Payment - LN2019060000051,False,,0.46,,Automated,Home Loan,standard_payment,False,loan_payment_generator,False,
TXNL202000001271,ACC0009208,IND19014920,LN2019060000056,LDO20200000027,12,2020-06-25,04:49:53,3476.1,Debit,Completed,,Loan Payment - LN2019060000056,False,,1.04,,Automated,Home Loan,standard_payment,False,loan_payment_generator,False,
TXNL202000001272,ACC0009416,IND19003355,LN2019060000058,LDO20200000721,12,2020-06-30,02:42:37,438.48,Debit,Completed,,Loan Payment - LN2019060000058,False,,0.01,,Automated,Home Loan,standard_payment,False,loan_payment_generator,False,
TXNL202000001273,ACC0009698,IND19010951,LN2019060000063,LDO20200000722,11,2020-06-11,02:20:09,1449.79,Debit,Completed,,Loan Payment - LN2019060000063,False,,1.05,,Automated,Home Loan,standard_payment,False,loan_payment_generator,False,
TXNL202000001274,ACC0008723,IND19009629,LN2019060000070,LDO20200000723,12,2020-06-13,03:53:52,1515.04,Debit,Completed,,Loan Payment - LN2019060000070,False,,1.51,,Automated,Personal Loan,standard_payment,False,loan_payment_generator,False,
TXNL202000001275,ACC0009008,IND19011347,LN2019060000071,LDO20200000323,12,2020-06-24,04:57:47,993.27,Debit,Completed,,Loan Payment - LN2019060000071,False,,0.05,,Automated,Home Loan,standard_payment,False,loan_payment_generator,False,
TXNL202000001276,ACC0009533,IND19006651,LN2019060000074,LDO20200000724,11,2020-06-03,04:11:31,870.84,Debit,Completed,,Loan Payment - LN2019060000074,False,,1.91,,Automated,Home Loan,standard_payment,False,loan_payment_generator,False,
TXNL202000001277,ACC0008345,IND19000257,LN2019060000075,LDO20200000725,12,2020-06-28,03:53:32,8989.14,Debit,Completed,,Loan Payment - LN2019060000075,False,,0.07,,Automated,Personal Loan,standard_payment,False,loan_payment_generator,False,
TXNL202000001278,ACC0009344,IND19007445,LN2019060000077,LDO20200000726,12,2020-06-23,03:43:01,5551.79,Debit,Completed,,Loan Payment - LN2019060000077,False,,0.27,,Automated,Personal Loan,standard_payment,False,loan_payment_generator,False,
TXNL202000001279,ACC0009307,IND19006577,LN2019060000079,LDO20200000727,12,2020-06-23,04:10:29,4187.72,Debit,Completed,,Loan Payment - LN2019060000079,False,,1.29,,Automated,Personal Loan,standard_payment,False,loan_payment_generator,False,
TXNL202000001280,ACC0009216,IND19015579,LN2019060000083,LDO20200000728,11,2020-06-09,04:09:24,4726.66,Debit,Completed,,Loan Payment - LN2019060000083,False,,1.86,,Automated,Personal Loan,standard_payment,False,loan_payment_generator,False,
TXNL202000001281,ACC0009824,IND19005414,LN2019060000085,LDO20200000061,11,2020-06-04,03:51:36,1691.47,Debit,Completed,,Loan Payment - LN2019060000085,False,,0.9,,Automated,Home Loan,standard_payment,False,loan_payment_generator,False,
TXNL202000001282,ACC0009105,IND19010363,LN2019060000088,LDO20200000143,12,2020-06-23,03:55:57,7074.24,Debit,Completed,,Loan Payment - LN2019060000088,False,,0.17,,Automated,Vehicle Loan,standard_payment,False,loan_payment_generator,False,
TXNL202000001283,ACC0009210,IND19017004,LN2019060000099,LDO20200000324,11,2020-06-07,02:06:42,1599.48,Debit,Completed,,Loan Payment - LN2019060000099 - Late Fee,False,,1.11,,Automated,Home Loan,late_payment,False,loan_payment_generator,False,
TXNL202000001284,ACC0009718,IND19015416,LN2019060000105,LDO20200000729,12,2020-06-18,02:18:55,2174.17,Debit,Failed,invalid_account_details,Loan Payment - LN2019060000105,False,,0.75,,Automated,Personal Loan,standard_payment,False,loan_payment_generator,False,
TXNL202000001285,ACC0008979,IND19010430,LN2019060000111,LDO20200000730,11,2020-06-03,04:59:00,3761.75,Debit,Completed,,Loan Payment - LN2019060000111,False,,0.68,,Automated,Personal Loan,standard_payment,False,loan_payment_generator,False,
TXNL202000001286,ACC0008530,IND19001113,LN2019060000112,LDO20200000731,11,2020-06-06,03:18:15,4120.99,Debit,Completed,,Loan Payment - LN2019060000112,False,,1.08,,Automated,Home Loan,standard_payment,False,loan_payment_generator,False,
TXNL202000001287,ACC0009514,IND19011384,LN2019060000118,LDO20200000732,12,2020-06-29,04:02:31,1695.32,Debit,Completed,,Loan Payment - LN2019060000118,False,,1.85,,Automated,Home Loan,standard_payment,False,loan_payment_generator,False,
TXNL202000001288,ACC0009853,COM19000322,LN2019060000119,LDO20200000325,11,2020-06-05,03:34:30,4596.63,Debit,Completed,,Loan Payment - LN2019060000119,False,,0.89,,Automated,Business Loan,standard_payment,False,loan_payment_generator,False,
TXNL202000001289,ACC0008818,IND19015397,LN2019060000121,LDO20200000733,12,2020-06-13,03:20:03,9367.57,Debit,Completed,,Loan Payment - LN2019060000121,False,,0.16,,Automated,Personal Loan,standard_payment,False,loan_payment_generator,False,
TXNL202000001290,ACC0008467,IND19009375,LN2019060000125,LDO20200000326,11,2020-06-02,04:05:07,1433.44,Debit,Completed,,Loan Payment - LN2019060000125,False,,1.41,,Automated,Vehicle Loan,standard_payment,False,loan_payment_generator,False,
TXNL202000001291,ACC0008475,IND19010377,LN2019060000136,LDO20200000734,12,2020-06-15,03:55:07,4542.65,Debit,Completed,,Loan Payment - LN2019060000136,False,,0.65,,Automated,Vehicle Loan,standard_payment,False,loan_payment_generator,False,
TXNL202000001292,ACC0008630,IND19006926,LN2019060000140,LDO20200000327,11,2020-06-09,02:30:01,336.09,Debit,Failed,account_blocked,Loan Payment - LN2019060000140,False,,1.35,,Automated,Vehicle Loan,standard_payment,False,loan_payment_generator,False,
TXNL202000001293,ACC0009470,IND19009457,LN2019060000143,LDO20200000144,12,2020-06-24,03:19:01,1279.53,Debit,Completed,,Loan Payment - LN2019060000143,False,,1.02,,Automated,Home Loan,standard_payment,False,loan_payment_generator,False,
TXNL202000001294,ACC0009728,IND19005969,LN2019060000154,LDO20200000328,12,2020-06-16,03:00:21,2903.01,Debit,Completed,,Loan Payment - LN2019060000154,False,,1.93,,Automated,Personal Loan,standard_payment,False,loan_payment_generator,False,
TXNL202000001295,ACC0009573,IND19007410,LN2019060000169,LDO20200000145,12,2020-06-22,04:20:05,388.8,Debit,Completed,,Loan Payment - LN2019060000169,False,,0.14,,Automated,Vehicle Loan,standard_payment,False,loan_payment_generator,False,
TXNL202000001296,ACC0008899,IND19011169,LN2019060000175,LDO20200000146,12,2020-06-28,04:51:50,2863.26,Debit,Completed,,Loan Payment - LN2019060000175,False,,0.2,,Automated,Vehicle Loan,standard_payment,False,loan_payment_generator,False,
TXNL202000001297,ACC0008567,IND19016930,LN2019060000181,LDO20200000147,12,2020-06-14,02:42:03,3620.0,Debit,Completed,,Loan Payment - LN2019060000181,False,,0.44,,Automated,Home Loan,standard_payment,False,loan_payment_generator,False,
TXNL202000001298,ACC0009844,COM19000096,LN2019060000185,LDO20200000735,12,2020-06-27,03:51:44,8206.68,Debit,Completed,,Loan Payment - LN2019060000185,False,,1.57,,Automated,Business Loan,standard_payment,False,loan_payment_generator,False,
TXNL202000001299,ACC0009040,IND19009244,LN2019060000190,LDO20200000148,12,2020-06-18,03:03:27,3947.66,Debit,Completed,,Loan Payment - LN2019060000190 - Extra Principal,False,,1.13,,Automated,Vehicle Loan,extra_payment,False,loan_payment_generator,False,
TXNL202000001300,ACC0009873,COM19000220,LN2019060000193,LDO20200000736,12,2020-06-15,02:57:37,12588.24,Debit,Completed,,Loan Payment - LN2019060000193,False,,0.91,,Automated,Business Loan,standard_payment,False,loan_payment_generator,False,
TXNL202000001301,ACC0009758,IND19016938,LN2019060000196,LDO20200000329,11,2020-06-03,02:41:42,1389.57,Debit,Completed,,Loan Payment - LN2019060000196,False,,0.67,,Automated,Vehicle Loan,standard_payment,False,loan_payment_generator,False,
TXNL202000001302,ACC0009614,IND19017281,LN2019060000199,LDO20200000028,11,2020-06-07,03:22:19,1730.5,Debit,Completed,,Loan Payment - LN2019060000199,False,,0.86,,Automated,Home Loan,standard_payment,False,loan_payment_generator,False,
TXNL202000001303,ACC0008782,IND19012132,LN2019060000202,LDO20200000149,11,2020-06-01,03:21:41,1920.72,Debit,Completed,,Loan Payment - LN2019060000202,False,,0.56,,Automated,Vehicle Loan,standard_payment,False,loan_payment_generator,False,
TXNL202000001304,ACC0009571,IND19008258,LN2019060000206,LDO20200000330,12,2020-06-11,04:11:59,1332.31,Debit,Completed,,Loan Payment - LN2019060000206,False,,0.54,,Automated,Home Loan,standard_payment,False,loan_payment_generator,False,
TXNL202000001305,ACC0009341,IND19015334,LN2019060000210,LDO20200000737,12,2020-06-16,03:43:43,3545.33,Debit,Completed,,Loan Payment - LN2019060000210,False,,0.69,,Automated,Vehicle Loan,standard_payment,False,loan_payment_generator,False,
TXNL202000001306,ACC0009506,IND19008495,LN2019060000212,LDO20200000150,12,2020-06-23,04:25:06,2238.62,Debit,Completed,,Loan Payment - LN2019060000212,False,,0.12,,Automated,Home Loan,standard_payment,False,loan_payment_generator,False,
TXNL202000001307,ACC0008525,IND19014248,LN2019060000214,LDO20200000331,12,2020-06-17,02:54:00,6032.73,Debit,Completed,,Loan Payment - LN2019060000214,False,,1.97,,Automated,Vehicle Loan,standard_payment,False,loan_payment_generator,False,
TXNL202000001308,ACC0008456,IND19001450,LN2019060000217,LDO20200000738,12,2020-06-27,02:19:56,3273.24,Debit,Completed,,Loan Payment - LN2019060000217,False,,0.06,,Automated,Personal Loan,standard_payment,False,loan_payment_generator,False,
TXNL202000001309,ACC0008718,IND19013926,LN2019060000227,LDO20200000739,12,2020-06-17,04:23:22,2038.13,Debit,Completed,,Loan Payment - LN2019060000227,False,,0.11,,Automated,Vehicle Loan,standard_payment,False,loan_payment_generator,False,
TXNL202000001310,ACC0009633,IND19004935,LN2019060000228,LDO20200000740,12,2020-06-28,02:35:40,1986.09,Debit,Completed,,Loan Payment - LN2019060000228,False,,1.39,,Automated,Home Loan,standard_payment,False,loan_payment_generator,False,
TXNL202000001311,ACC0009190,IND19012029,LN2019060000230,LDO20200000741,12,2020-06-18,04:46:05,2326.1,Debit,Completed,,Loan Payment - LN2019060000230,False,,1.5,,Automated,Vehicle Loan,standard_payment,False,loan_payment_generator,False,
TXNL202000001312,ACC0009487,IND19007401,LN2019060000233,LDO20200000151,12,2020-06-30,02:59:24,6112.05,Debit,Completed,,Loan Payment - LN2019060000233,False,,1.08,,Automated,Vehicle Loan,standard_payment,False,loan_payment_generator,False,
TXNL202000001313,ACC0009866,COM19000090,LN2019060000240,LDO20200000742,12,2020-06-26,03:08:08,36981.06,Debit,Completed,,Loan Payment - LN2019060000240,False,,0.06,,Automated,Business Loan,standard_payment,False,loan_payment_generator,False,
TXNL202000001314,ACC0008840,IND19011953,LN2019060000247,LDO20200000153,11,2020-06-05,03:42:11,875.62,Debit,Completed,,Loan Payment - LN2019060000247,False,,0.33,,Automated,Home Loan,standard_payment,False,loan_payment_generator,False,
TXNL202000001315,ACC0008749,IND19007392,LN2019060000263,LDO20200000743,12,2020-06-29,02:36:05,986.18,Debit,Completed,,Loan Payment - LN2019060000263,False,,0.8,,Automated,Home Loan,standard_payment,False,loan_payment_generator,False,
TXNL202000001316,ACC0009553,IND19013623,LN2019060000267,LDO20200000744,12,2020-06-21,02:56:24,1776.48,Debit,Completed,,Loan Payment - LN2019060000267,False,,1.03,,Automated,Home Loan,standard_payment,False,loan_payment_generator,False,
TXNL202000001317,ACC0009259,IND19001862,LN2019060000280,LDO20200000154,12,2020-06-25,04:32:55,1520.75,Debit,Completed,,Loan Payment - LN2019060000280,False,,0.23,,Automated,Personal Loan,standard_payment,False,loan_payment_generator,False,
TXNL202000001318,ACC0009271,IND19015803,LN2019060000296,LDO20200000745,11,2020-06-01,04:40:38,2111.07,Debit,Completed,,Loan Payment - LN2019060000296,False,,0.49,,Automated,Home Loan,standard_payment,False,loan_payment_generator,False,
TXNL202000001319,ACC0008755,IND19006330,LN2019060000297,LDO20200000746,11,2020-06-03,03:08:32,1124.43,Debit,Completed,,Loan Payment - LN2019060000297,False,,1.48,,Automated,Vehicle Loan,standard_payment,False,loan_payment_generator,False,
TXNL202000001320,ACC0009156,IND19010093,LN2019060000298,LDO20200000747,12,2020-06-21,03:43:40,1863.63,Debit,Completed,,Loan Payment - LN2019060000298,False,,0.19,,Automated,Personal Loan,standard_payment,False,loan_payment_generator,False,
TXNL202000001321,ACC0009102,IND19013392,LN2019060000302,LDO20200000748,11,2020-06-05,03:13:50,633.19,Debit,Completed,,Loan Payment - LN2019060000302,False,,0.59,,Automated,Vehicle Loan,standard_payment,False,loan_payment_generator,False,
TXNL202000001322,ACC0009057,IND19018197,LN2019060000316,LDO20200000332,12,2020-06-14,04:30:33,3448.95,Debit,Completed,,Loan Payment - LN2019060000316,False,,1.85,,Automated,Personal Loan,standard_payment,False,loan_payment_generator,False,
TXNL202000001323,ACC0009163,IND19005213,LN2019060000322,LDO20200000749,12,2020-06-17,03:21:48,2564.82,Debit,Completed,,Loan Payment - LN2019060000322,False,,0.89,,Automated,Personal Loan,standard_payment,False,loan_payment_generator,False,
TXNL202000001324,ACC0009852,COM19000118,LN2019060000327,LDO20200000333,12,2020-06-30,02:22:21,11424.39,Debit,Failed,account_blocked,Loan Payment - LN2019060000327,False,,1.0,,Automated,Business Loan,standard_payment,False,loan_payment_generator,False,
TXNL202000001325,ACC0009868,COM19000104,LN2019060000329,LDO20200000750,12,2020-06-20,02:32:30,15123.13,Debit,Completed,,Loan Payment - LN2019060000329,False,,0.12,,Automated,Business Loan,standard_payment,False,loan_payment_generator,False,
TXNL202000001326,ACC0009825,IND19017768,LN2019060000332,LDO20200000334,11,2020-06-06,02:08:25,2942.77,Debit,Completed,,Loan Payment - LN2019060000332,False,,1.37,,Automated,Vehicle Loan,standard_payment,False,loan_payment_generator,False,
TXNL202000001327,ACC0008597,IND19003386,LN2019060000338,LDO20200000751,11,2020-06-06,03:08:38,1979.44,Debit,Completed,,Loan Payment - LN2019060000338,False,,1.16,,Automated,Vehicle Loan,standard_payment,False,loan_payment_generator,False,
TXNL202000001328,ACC0009626,IND19009544,LN2019060000340,LDO20200000155,12,2020-06-17,02:00:09,427.4,Debit,Completed,,Loan Payment - LN2019060000340,False,,0.18,,Automated,Home Loan,standard_payment,False,loan_payment_generator,False,
TXNL202000001329,ACC0008711,IND19016560,LN2019060000351,LDO20200000335,12,2020-06-28,02:35:58,671.37,Debit,Completed,,Loan Payment - LN2019060000351,False,,0.84,,Automated,Home Loan,standard_payment,False,loan_payment_generator,False,
TXNL202000001330,ACC0009673,IND19009993,LN2019060000357,LDO20200000336,12,2020-06-27,02:58:30,2564.01,Debit,Completed,,Loan Payment - LN2019060000357 - Late Fee,False,,0.09,,Automated,Personal Loan,late_payment,False,loan_payment_generator,False,
TXNL202000001331,ACC0009256,IND19010370,LN2019060000358,LDO20200000337,12,2020-06-20,03:30:13,2728.72,Debit,Completed,,Loan Payment - LN2019060000358,False,,1.07,,Automated,Home Loan,standard_payment,False,loan_payment_generator,False,
TXNL202000001332,ACC0009050,IND19006126,LN2019060000371,LDO20200000752,11,2020-06-05,06:10:53,1526.18,Debit,Failed,invalid_account_details,Loan Payment - LN2019060000371,False,,0.24,,Automated,Home Loan,standard_payment,False,loan_payment_generator,True,timestamp_shift
TXNL202000001333,ACC0009224,IND19007532,LN2019060000373,LDO20200000753,12,2020-06-25,04:35:22,1382.86,Debit,Completed,,Loan Payment - LN2019060000373,False,,1.13,,Automated,Personal Loan,standard_payment,False,loan_payment_generator,False,
TXNL202000001334,ACC0009227,IND19007921,LN2019060000384,LDO20200000754,11,2020-06-05,02:26:50,2534.72,Debit,Completed,,Loan Payment - LN2019060000384,False,,1.51,,Automated,Personal Loan,standard_payment,False,loan_payment_generator,False,
TXNL202000001335,ACC0009619,IND19010866,LN2019060000389,LDO20200000338,12,2020-06-26,02:28:36,9307.39,Debit,Completed,,Loan Payment - LN2019060000389 - Partial,False,,0.45,,Automated,Personal Loan,partial_payment,False,loan_payment_generator,False,
 TXNL202000001336 ,ACC0009577,IND19014395,LN2019060000392,LDO20200000755,12,2020-06-27,03:02:52,1333.71,Debit,Completed,,Loan Payment - LN2019060000392 - Late Fee,False,,1.37,,Automated,Vehicle Loan,late_payment,False,loan_payment_generator,True,whitespace_in_id
TXNL202000001337,ACC0008907,IND19008512,LN2019060000394,LDO20200000756,12,2020-06-14,04:46:41,3633.65,Debit,Completed,,Loan Payment - LN2019060000394,False,,0.01,,Automated,Vehicle Loan,standard_payment,False,loan_payment_generator,False,
TXNL202000001338,ACC0008731,IND19002059,LN2019060000400,LDO20200000757,12,2020-06-22,04:55:25,768.05,Debit,Completed,,Loan Payment - LN2019060000400,False,,0.38,,Automated,Vehicle Loan,standard_payment,False,loan_payment_generator,False,
TXNL202000001339,ACC0008433,IND19008662,LN2019060000408,LDO20200000339,12,2020-06-24,04:26:24,1151.91,Debit,Completed,,Loan Payment - LN2019060000408,False,,0.27,,Automated,Home Loan,standard_payment,False,loan_payment_generator,False,
TXNL202000001340,ACC0008473,IND19002141,LN2019060000411,LDO20200000758,12,2020-06-18,04:26:41,1410.26,Debit,Completed,,Loan Payment - LN2019060000411,False,,0.58,,Automated,Vehicle Loan,standard_payment,False,loan_payment_generator,False,
TXNL202000001341,ACC0008409,IND19009601,LN2019060000419,LDO20200000759,12,2020-06-27,04:32:46,279.29,Debit,Failed,bank_timeout,Loan Payment - LN2019060000419,False,,0.8,,Automated,Home Loan,standard_payment,False,loan_payment_generator,False,
TXNL202000001342,ACC0009399,IND19004604,LN2019060000422,LDO20200000760,12,2020-06-15,03:04:19,1473.8,Debit,Completed,,Loan Payment - LN2019060000422,False,,1.51,,Automated,Home Loan,standard_payment,False,loan_payment_generator,False,
TXNL202000001343,ACC0008598,IND19010988,LN2019060000427,LDO20200000156,12,2020-06-18,02:37:03,6277.2,Debit,Completed,,Loan Payment - LN2019060000427,False,,1.27,,Automated,Personal Loan,standard_payment,False,loan_payment_generator,False,
TXNL202000001344,ACC0008696,IND19000326,LN2019060000454,LDO20200000340,11,2020-06-01,03:15:44,2340.96,Debit,Completed,,Loan Payment - LN2019060000454,False,,0.78,,Automated,Vehicle Loan,standard_payment,False,loan_payment_generator,False,
TXNL202000001345,ACC0009301,IND19009701,LN2019060000455,LDO20200000761,12,2020-06-22,04:53:33,1953.44,Debit,Completed,,Loan Payment - LN2019060000455,False,,1.65,,Automated,Vehicle Loan,standard_payment,False,loan_payment_generator,False,
TXNL202000001346,ACC0009335,IND19012989,LN2019060000456,LDO20200000762,11,2020-06-04,02:02:11,2408.16,Debit,Completed,,Loan Payment - LN2019060000456,False,,0.19,,Automated,Home Loan,standard_payment,False,loan_payment_generator,False,
TXNL202000001347,ACC0009552,IND19015536,LN2019060000461,LDO20200000341,12,2020-06-26,04:59:16,2626.39,Debit,Completed,,Loan Payment - LN2019060000461,False,,0.65,,Automated,Vehicle Loan,standard_payment,False,loan_payment_generator,False,
TXNL202000001348,ACC0008883,IND19008126,LN2019060000469,LDO20200000063,11,2020-06-01,02:41:54,4080.28,Debit,Completed,,Loan Payment - LN2019060000469,False,,0.82,,Automated,Vehicle Loan,standard_payment,False,loan_payment_generator,False,
TXNL202000001349,ACC0009504,IND19001754,LN2019060000472,LDO20200000342,11,2020-06-08,04:32:28,3102.17,Debit,Completed,,Loan Payment - LN2019060000472,False,,1.79,,Automated,Vehicle Loan,standard_payment,False,loan_payment_generator,False,
TXNL202000001350,ACC0009137,IND19015949,LN2019060000476,LDO20200000763,12,2020-06-13,02:11:29,1197.83,Debit,Completed,,Loan Payment - LN2019060000476,False,,0.45,,Automated,Home Loan,standard_payment,False,loan_payment_generator,False,
TXNL202000001351,ACC0008384,IND19009055,LN2019060000483,LDO20200000343,12,2020-06-26,04:36:13,2894.57,Debit,Completed,,Loan Payment - LN2019060000483,False,,0.52,,Automated,Home Loan,standard_payment,False,loan_payment_generator,False,
TXNL202000001352,ACC0009854,COM19000322,LN2019060000484,LDO20200000016,11,2020-06-05,03:50:51,13747.95,Debit,Completed,,Loan Payment - LN2019060000484,False,,0.54,,Automated,Business Loan,standard_payment,False,loan_payment_generator,False,
TXNL202000001353,ACC0009164,IND19003896,LN2019060000499,LDO20200000344,11,2020-06-08,02:54:26,1309.59,Debit,Completed,,Loan Payment - LN2019060000499,False,,1.95,,Automated,Home Loan,standard_payment,False,loan_payment_generator,False,
TXNL202000001354,ACC0008375,IND19003179,LN2019060000517,LDO20200000345,11,2020-06-08,03:08:13,1095.51,Debit,Completed,,Loan Payment - LN2019060000517,False,,1.59,,Automated,Home Loan,standard_payment,False,loan_payment_generator,False,
TXNL202000001355,ACC0008767,IND19008285,LN2019060000521,LDO20200000157,12,2020-06-20,02:15:49,2918.6,Debit,Completed,,Loan Payment - LN2019060000521,False,,1.52,,Automated,Personal Loan,standard_payment,False,loan_payment_generator,False,
TXNL202000001356,ACC0009192,IND19014229,LN2019060000522,LDO20200000764,12,2020-06-20,04:51:31,1062.18,Debit,Completed,,Loan Payment - LN2019060000522,False,,1.78,,Automated,Home Loan,standard_payment,False,loan_payment_generator,False,
TXNL202000001357,ACC0008800,IND19005792,LN2019060000532,LDO20200000765,12,2020-06-24,04:14:34,2370.0,Debit,Completed,,Loan Payment - LN2019060000532,False,,1.04,,Automated,Personal Loan,standard_payment,False,loan_payment_generator,False,
TXNL202000001358,ACC0009843,COM19000096,LN2019060000535,LDO20200000766,12,2020-06-17,03:10:39,44563.69,Debit,Cancelled,customer_stop_instruction,Loan Payment - LN2019060000535,False,,1.17,,Automated,Business Loan,standard_payment,False,loan_payment_generator,False,
TXNL202000001359,ACC0009370,IND19002893,LN2019060000543,LDO20200000767,12,2020-06-29,04:36:43,2876.12,Debit,Completed,,Loan Payment - LN2019060000543,False,,1.92,,Automated,Vehicle Loan,standard_payment,False,loan_payment_generator,False,
TXNL202000001360,ACC0008867,IND19003343,LN2019060000544,LDO20200000346,12,2020-06-22,04:44:50,2359.94,Debit,Completed,,Loan Payment - LN2019060000544,False,,0.49,,Automated,Vehicle Loan,standard_payment,False,loan_payment_generator,False,
TXNL202000001361,ACC0008873,IND19003100,LN2019060000549,LDO20200000158,12,2020-06-19,04:48:59,2213.16,Debit,Completed,,Loan Payment - LN2019060000549,False,,1.4,,Automated,Home Loan,standard_payment,False,loan_payment_generator,False,
TXNL202000001362,ACC0008900,IND19007746,LN2019060000551,LDO20200000008,12,2020-06-23,04:35:23,3375.28,Debit,Completed,,Loan Payment - LN2019060000551,False,,0.95,,Automated,Home Loan,standard_payment,False,loan_payment_generator,False,
TXNL202000001363,ACC0008368,IND19001827,LN2019060000552,LDO20200000347,12,2020-06-28,04:13:19,2065.95,Debit,Completed,,Loan Payment - LN2019060000552,False,,0.1,,Automated,Home Loan,standard_payment,False,loan_payment_generator,False,
TXNL202000001364,ACC0009794,IND19012747,LN2019060000572,LDO20200000348,12,2020-06-30,02:40:31,700.1,Debit,Completed,,Loan Payment - LN2019060000572,False,,1.55,,Automated,Home Loan,standard_payment,False,loan_payment_generator,False,
TXNL202000001365,ACC0009213,IND19000700,LN2019060000574,LDO20200000768,12,2020-06-20,04:05:43,981.64,Debit,Completed,,Loan Payment - LN2019060000574,False,,0.55,,Automated,Home Loan,standard_payment,False,loan_payment_generator,False,
TXNL202000001366,ACC0009388,IND19001269,LN2019060000575,LDO20200000769,11,2020-06-01,03:56:54,5372.61,Debit,Completed,,Loan Payment - LN2019060000575,False,,0.47,,Automated,Home Loan,standard_payment,False,loan_payment_generator,False,
TXNL202000001367,ACC0008447,IND19014110,LN2019060000577,LDO20200000770,12,2020-06-18,03:47:09,2190.35,Debit,Completed,,Loan Payment - LN2019060000577,False,,0.6,,Automated,Personal Loan,standard_payment,False,loan_payment_generator,False,
TXNL202000001368,ACC0009561,IND19009379,LN2019060000581,LDO20200000349,12,2020-06-24,04:15:47,7180.37,Debit,Completed,,Loan Payment - LN2019060000581,False,,1.15,,Automated,Vehicle Loan,standard_payment,False,loan_payment_generator,False,
TXNL202000001369,ACC0008875,IND19005222,LN2019060000582,LDO20200000350,12,2020-06-26,03:20:38,1440.17,Debit,Completed,,Loan Payment - LN2019060000582,False,,0.15,,Automated,Home Loan,standard_payment,False,loan_payment_generator,False,
TXNL202000001370,ACC0009194,IND19001245,LN2019060000596,LDO20200000771,12,2020-06-19,04:37:12,2546.72,Debit,Completed,,Loan Payment - LN2019060000596,False,,1.8,,Automated,Vehicle Loan,standard_payment,False,loan_payment_generator,False,
TXNL202000001371,ACC0008779,IND19018337,LN2019060000609,LDO20200000772,12,2020-06-16,04:38:29,3172.16,Debit,Completed,,Loan Payment - LN2019060000609,False,,1.94,,Automated,Personal Loan,standard_payment,False,loan_payment_generator,False,
TXNL202000001372,ACC0008815,IND19009525,LN2019060000614,LDO20200000351,12,2020-06-28,03:57:16,567.62,Debit,Completed,,Loan Payment - LN2019060000614,False,,1.96,,Automated,Vehicle Loan,standard_payment,False,loan_payment_generator,False,
TXNL202000001373,ACC0009030,IND19001320,LN2019060000636,LDO20200000017,12,2020-06-19,04:34:30,7107.64,Debit,Completed,,Loan Payment - LN2019060000636,False,,0.12,,Automated,Home Loan,standard_payment,False,loan_payment_generator,False,
TXNL202000001374,ACC0009631,IND19003016,LN2019060000637,LDO20200000773,11,2020-06-05,03:17:40,3170.7,Debit,Completed,,Loan Payment - LN2019060000637,False,,1.5,,Automated,Home Loan,standard_payment,False,loan_payment_generator,False,
TXNL202000001375,ACC0009398,IND19017640,LN2019060000650,LDO20200000064,12,2020-06-22,03:36:05,3803.07,Debit,Completed,,Loan Payment - LN2019060000650,False,,0.34,,Automated,Home Loan,standard_payment,False,loan_payment_generator,False,
TXNL202000001376,ACC0008603,IND19001610,LN2019060000653,LDO20200000774,12,2020-06-14,02:55:10,1475.75,Debit,Completed,,Loan Payment - LN2019060000653,False,,1.2,,Automated,Home Loan,standard_payment,False,loan_payment_generator,False,
TXNL202000001377,ACC0008599,IND19005041,LN2019060000667,LDO20200000352,12,2020-06-30,04:52:25,8208.38,Debit,Completed,,Loan Payment - LN2019060000667,False,,0.64,,Automated,Personal Loan,standard_payment,False,loan_payment_generator,False,
TXNL202000001378,ACC0008796,IND19011873,LN2019060000668,LDO20200000353,12,2020-06-26,02:28:49,3449.04,Debit,Completed,,Loan Payment - LN2019060000668 - Extra Principal,False,,0.2,,Automated,Personal Loan,extra_payment,False,loan_payment_generator,False,
TXNL202000001379,ACC0009145,IND19016906,LN2019060000669,LDO20200000775,12,2020-06-24,03:53:50,2038.75,Debit,Completed,,Loan Payment - LN2019060000669,False,,1.09,,Automated,Vehicle Loan,standard_payment,False,loan_payment_generator,False,
TXNL202000001380,ACC0008920,IND19002726,LN2019060000673,LDO20200000029,11,2020-06-04,02:53:32,6723.54,Debit,Completed,,Loan Payment - LN2019060000673 - Late Fee,False,,1.28,,Automated,Personal Loan,late_payment,False,loan_payment_generator,False,
TXNL202000001381,ACC0009223,IND19001935,LN2019060000680,LDO20200000776,12,2020-06-29,03:42:32,5113.51,Debit,Completed,,Loan Payment - LN2019060000680,False,,1.94,,Automated,Home Loan,standard_payment,False,loan_payment_generator,False,
TXNL202000001382,ACC0008470,IND19006205,LN2019060000686,LDO20200000777,12,2020-06-29,03:13:45,17391.49,Debit,Completed,,Loan Payment - LN2019060000686,False,,0.08,,Automated,Personal Loan,standard_payment,False,loan_payment_generator,False,
TXNL202000001383,ACC0009209,IND19017865,LN2019060000691,LDO20200000778,12,2020-06-21,02:10:40,2822.47,Debit,Completed,,Loan Payment - LN2019060000691,False,,1.36,,Automated,Home Loan,standard_payment,False,loan_payment_generator,False,
TXNL202000001384,ACC0009641,IND19012150,LN2019060000697,LDO20200000159,11,2020-06-04,04:51:35,2357.78,Debit,Completed,,Loan Payment - LN2019060000697,False,,1.86,,Automated,Personal Loan,standard_payment,False,loan_payment_generator,False,
TXNL202000001385,ACC0008989,IND19001630,LN2019060000698,LDO20200000779,12,2020-06-26,04:56:00,1538.22,Debit,Completed,,Loan Payment - LN2019060000698 - Extra Principal,False,,1.73,,Automated,Home Loan,extra_payment,False,loan_payment_generator,False,
TXNL202000001386,ACC0009161,IND19003750,LN2019060000722,LDO20200000780,11,2020-06-09,02:07:59,3580.76,Debit,Completed,,Loan Payment - LN2019060000722,False,,1.73,,Automated,Personal Loan,standard_payment,False,loan_payment_generator,False,
TXNL202000001387,ACC0008641,IND19000825,LN2019060000725,LDO20200000781,12,2020-06-16,03:11:48,2474.04,Debit,Completed,,Loan Payment - LN2019060000725 - Extra Principal,False,,1.07,,Automated,Home Loan,extra_payment,False,loan_payment_generator,False,
TXNL202000001388,ACC0009032,IND19009032,LN2019060000727,LDO20200000030,11,2020-06-06,02:21:41,1343.75,Debit,Cancelled,customer_stop_instruction,Loan Payment - LN2019060000727 - Late Fee,False,,1.09,,Automated,Home Loan,late_payment,False,loan_payment_generator,False,
TXNL202000001389,ACC0009396,IND19000153,LN2019060000741,LDO20200000782,11,2020-06-02,04:32:48,2669.94,Debit,Completed,,Loan Payment - LN2019060000741,False,,1.75,,Automated,Vehicle Loan,standard_payment,False,loan_payment_generator,False,
TXNL202000001390,ACC0008937,IND19008259,LN2019060000750,LDO20200000354,11,2020-06-02,02:29:14,3722.29,Debit,Completed,,Loan Payment - LN2019060000750,False,,0.16,,Automated,Home Loan,standard_payment,False,loan_payment_generator,False,
TXNL202000001391,ACC0009716,IND19014329,LN2019060000773,LDO20200000355,12,2020-06-26,04:29:13,1432.96,Debit,Completed,,Loan Payment - LN2019060000773,False,,0.05,,Automated,Home Loan,standard_payment,False,loan_payment_generator,False,
TXNL202000001392,ACC0009087,IND19005120,LN2019060000776,LDO20200000783,12,2020-06-23,03:38:45,494.56,Debit,Completed,,Loan Payment - LN2019060000776,False,,1.41,,Automated,Home Loan,standard_payment,False,loan_payment_generator,False,
TXNL202000001393,ACC0009084,IND19007080,LN2019060000778,LDO20200000784,12,2020-06-20,03:53:39,3083.02,Debit,Completed,,Loan Payment - LN2019060000778,False,,0.13,,Automated,Home Loan,standard_payment,False,loan_payment_generator,False,
TXNL202000001394,ACC0009839,IND19002691,LN2019060000784,LDO20200000785,12,2020-06-28,02:33:30,1248.78,Debit,Cancelled,customer_stop_instruction,Loan Payment - LN2019060000784,False,,2.0,,Automated,Vehicle Loan,standard_payment,False,loan_payment_generator,False,
TXNL202000001395,ACC0008410,IND19004332,LN2019060000793,LDO20200000786,12,2020-06-14,02:04:40,1554.18,Debit,Completed,,Loan Payment - LN2019060000793,False,,1.83,,Automated,Home Loan,standard_payment,False,loan_payment_generator,False,
TXNL202000001396,ACC0009748,IND19007544,LN2019060000799,LDO20200000356,11,2020-06-04,04:31:04,603.12,Debit,Failed,account_blocked,Loan Payment - LN2019060000799,False,,1.48,,Automated,Home Loan,standard_payment,False,loan_payment_generator,False,
TXNL202000001397,ACC0008969,IND19008111,LN2019060000805,LDO20200000357,12,2020-06-09,02:06:46,2578.88,Debit,Completed,,Loan Payment - LN2019060000805,False,,0.6,,Automated,Personal Loan,standard_payment,False,loan_payment_generator,False,
TXNL202000001398,ACC0008793,IND19008017,LN2019060000806,LDO20200000787,12,2020-06-28,02:40:25,225.01,Debit,Completed,,Loan Payment - LN2019060000806,False,,0.91,,Automated,Home Loan,standard_payment,False,loan_payment_generator,False,
TXNL202000001399,ACC0009343,IND19012867,LN2019060000810,LDO20200000358,11,2020-06-04,04:47:31,345.92,Debit,Completed,,Loan Payment - LN2019060000810 - Late Fee,False,,0.43,,Automated,Home Loan,late_payment,False,loan_payment_generator,False,
TXNL202000001400,ACC0009757,IND19000312,LN2019060000827,LDO20200000359,12,2020-06-28,04:49:25,2630.46,Debit,Completed,,Loan Payment - LN2019060000827,False,,1.6,,Automated,Home Loan,standard_payment,False,loan_payment_generator,False,
TXNL202000001401,ACC0009142,IND19017297,LN2019060000831,LDO20200000160,12,2020-06-25,04:43:07,731.48,Debit,Completed,,Loan Payment - LN2019060000831,False,,0.56,,Automated,Home Loan,standard_payment,False,loan_payment_generator,False,
TXNL202000001402,ACC0009400,IND19016913,LN2019060000836,LDO20200000788,12,2020-06-14,03:46:21,904.43,Debit,Completed,,Loan Payment - LN2019060000836,False,,0.22,,Automated,Vehicle Loan,standard_payment,False,loan_payment_generator,False,
TXNL202000001403,ACC0009855,COM19000246,LN2019060000845,LDO20200000065,12,2020-06-10,01:07:52,5841.69,Debit,Completed,,Loan Payment - LN2019060000845,False,,0.88,,Automated,Business Loan,standard_payment,False,loan_payment_generator,True,timestamp_shift
TXNL202000001404,ACC0008827,IND19010355,LN2019060000850,LDO20200000789,12,2020-06-27,03:55:19,2027.13,Debit,Completed,,Loan Payment - LN2019060000850,False,,1.61,,Automated,Vehicle Loan,standard_payment,False,loan_payment_generator,False,
TXNL202000001405,ACC0009731,IND19002518,LN2019060000860,LDO20200000790,12,2020-06-21,02:52:11,6046.17,Debit,Completed,,Loan Payment - LN2019060000860,False,,1.09,,Automated,Personal Loan,standard_payment,False,loan_payment_generator,False,
TXNL202000001406,ACC0009601,IND19003617,LN2019060000862,LDO20200000360,12,2020-06-25,02:22:15,1560.14,Debit,Completed,,Loan Payment - LN2019060000862,False,,0.61,,Automated,Home Loan,standard_payment,False,loan_payment_generator,False,
TXNL202000001407,ACC0009371,IND19015806,LN2019060000863,LDO20200000791,12,2020-06-22,04:11:59,6260.75,Debit,Completed,,Loan Payment - LN2019060000863,False,,0.81,,Automated,Personal Loan,standard_payment,False,loan_payment_generator,False,
TXNL202000001408,ACC0008958,IND19004520,LN2019060000864,LDO20200000361,12,2020-06-25,04:14:01,1349.41,Debit,Completed,,Loan Payment - LN2019060000864,False,,1.84,,Automated,Vehicle Loan,standard_payment,False,loan_payment_generator,False,
TXNL202000001409,ACC0008976,IND19003578,LN2019060000868,LDO20200000161,12,2020-06-14,04:49:44,2626.48,Debit,Completed,,Loan Payment - LN20190600...,False,,0.06,,Automated,Home Loan,standard_payment,False,loan_payment_generator,True,truncated_description
TXNL202000001410,ACC0008803,IND19010499,LN2019060000873,LDO20200000162,12,2020-06-27,04:50:30,1999.29,Debit,Completed,,Loan Payment - LN2019060000873,False,,0.53,,Automated,Vehicle Loan,standard_payment,False,loan_payment_generator,False,
TXNL202000001411,ACC0008593,IND19001836,LN2019060000878,LDO20200000792,11,2020-06-04,03:07:29,4707.32,Debit,Completed,,Loan Payment - LN2019060000878,False,,1.78,,Automated,Personal Loan,standard_payment,False,loan_payment_generator,False,
TXNL202000001412,ACC0008511,IND19018038,LN2019060000879,LDO20200000362,11,2020-06-06,03:46:44,3268.63,Debit,Completed,,Loan Payment - LN2019060000879,False,,0.73,,Automated,Personal Loan,standard_payment,False,loan_payment_generator,False,
TXNL202000001413,ACC0009408,IND19015381,LN2019060000881,LDO20200000793,12,2020-06-13,02:28:17,332.74,Debit,Completed,,Loan Payment - LN2019060000881,False,,1.37,,Automated,Home Loan,standard_payment,False,loan_payment_generator,False,
TXNL202000001414,ACC0009211,IND19016817,LN2019060000883,LDO20200000363,12,2020-06-18,03:06:37,741.97,Debit,Completed,,Loan Payment - LN2019060000883,False,,1.82,,Automated,Home Loan,standard_payment,False,loan_payment_generator,False,
TXNL202000001415,ACC0009623,IND19009069,LN2019060000900,LDO20200000066,12,2020-06-08,02:43:33,2821.57,Debit,Completed,,Loan Payment - LN2019060000900,False,,0.48,,Automated,Home Loan,standard_payment,False,loan_payment_generator,False,
TXNL202000001416,ACC0009328,IND19010758,LN2019060000904,LDO20200000163,12,2020-06-15,04:44:06,1795.88,Debit,Completed,,Loan Payment - LN2019060000904,False,,0.17,,Automated,Vehicle Loan,standard_payment,False,loan_payment_generator,False,
TXNL202000001417,ACC0009027,IND19009484,LN2019060000906,LDO20200000364,12,2020-06-21,03:46:03,2189.03,Debit,Completed,,Loan Payment - LN2019060000906 - Late Fee,False,,1.29,,Automated,Home Loan,late_payment,False,loan_payment_generator,False,
TXNL202000001418,ACC0009850,COM19000321,LN2019060000917,LDO20200000365,12,2020-06-20,02:11:15,3551.57,Debit,Completed,,Loan Payment - LN2019060000917,False,,1.63,,Automated,Business Loan,standard_payment,False,loan_payment_generator,False,
TXNL202000001419,ACC0009713,IND19010198,LN2019060000918,LDO20200000366,12,2020-06-23,02:43:35,322.44,Debit,Completed,,Loan Payment - LN2019060000918 - Partial,False,,1.62,,Automated,Home Loan,partial_payment,False,loan_payment_generator,False,
TXNL202000001420,ACC0008572,IND19014873,LN2019060000920,LDO20200000031,12,2020-06-13,02:34:58,2779.8,Debit,Failed,insufficient_funds,Loan Payment - LN2019060000920,False,,1.86,,Automated,Personal Loan,standard_payment,False,loan_payment_generator,False,
TXNL202000001421,ACC0008776,IND19004547,LN2019060000929,LDO20200000794,12,2020-06-08,03:58:05,5199.1,Debit,Completed,,Loan Payment - LN2019060000929,False,,1.39,,Automated,Vehicle Loan,standard_payment,False,loan_payment_generator,False,
TXNL202000001422,ACC0008821,IND19013443,LN2019060000935,LDO20200000795,12,2020-06-27,04:57:52,2001.0,Debit,Completed,,Loan Payment - LN2019060000935,False,,1.87,,Automated,Home Loan,standard_payment,False,loan_payment_generator,False,
TXNL202000001423,ACC0009515,IND19012916,LN2019060000939,LDO20200000367,12,2020-06-25,03:40:06,2480.2,Debit,Failed,mandate_limit,Loan Payment - LN2019060000939,False,,0.92,,Automated,Home Loan,standard_payment,False,loan_payment_generator,False,
TXNL202000001424,ACC0009546,IND19007827,LN2019060000940,LDO20200000164,11,2020-06-04,02:20:06,2386.08,Debit,Completed,,Loan Payment - LN2019060000940,False,,1.88,,Automated,Vehicle Loan,standard_payment,False,loan_payment_generator,False,
TXNL202000001425,ACC0009512,IND19008009,LN2019060000941,LDO20200000165,11,2020-06-04,02:07:55,1448.55,Debit,Completed,,Loan Payment - LN2019060000941 - Partial,False,,0.04,,Automated,Vehicle Loan,partial_payment,False,loan_payment_generator,False,
TXNL202000001426,ACC0009481,IND19002659,LN2019060000955,LDO20200000796,12,2020-06-14,05:25:30,885.78,Debit,Completed,,Loan Payment - LN2019060000955,False,,1.84,,Automated,Home Loan,standard_payment,False,loan_payment_generator,True,timestamp_shift
TXNL202000001427,ACC0008936,IND19008259,LN2019060000959,LDO20200000797,12,2020-06-30,04:16:46,5904.42,Debit,Completed,,Loan Payment - LN2019060000959,False,,0.05,,Automated,Home Loan,standard_payment,False,loan_payment_generator,False,
TXNL202000001428,ACC0008817,IND19014131,LN2019060000961,LDO20200000368,12,2020-06-17,02:21:05,2254.28,Debit,Completed,,Loan Payment - LN2019060000961,False,,1.06,,Automated,Vehicle Loan,standard_payment,False,loan_payment_generator,False,
TXNL202000001429,ACC0008542,IND19011467,LN2019060000973,LDO20200000798,12,2020-06-24,04:55:02,2200.15,Debit,Completed,,Loan Payment - LN2019060000973,False,,0.16,,Automated,Personal Loan,standard_payment,False,loan_payment_generator,False,
TXNL202000001430,ACC0009684,IND19018010,LN2019060000975,LDO20200000799,12,2020-06-25,03:15:39,2275.2,Debit,Completed,,Loan Payment - LN2019060000975,False,,0.85,,Automated,Home Loan,standard_payment,False,loan_payment_generator,False,
TXNL202000001431,ACC0009110,IND19004574,LN2019060000996,LDO20200000067,11,2020-06-09,02:29:16,3395.58,Debit,Completed,,Loan Payment - LN2019060000996,False,,1.52,,Automated,Home Loan,standard_payment,False,loan_payment_generator,False,
TXNL202000001432,ACC0008991,IND19011653,LN2019060000999,LDO20200000800,12,2020-06-16,03:36:08,548.58,Debit,Failed,mandate_limit,Loan Payment - LN2019060000999,False,,0.29,,Automated,Vehicle Loan,standard_payment,False,loan_payment_generator,False,
TXNL202000001433,ACC0008990,IND19004746,LN2019060001000,LDO20200000801,12,2020-06-16,04:02:25,1734.24,Debit,Completed,,Loan Payment - LN2019060001000,False,,0.41,,Automated,Home Loan,standard_payment,False,loan_payment_generator,False,
TXNL202000001434,ACC0008714,IND19014922,LN2019060001008,LDO20200000369,12,2020-06-14,03:41:18,3367.35,Debit,Completed,,Loan Payment - LN2019060001008,False,,1.95,,Automated,Personal Loan,standard_payment,False,loan_payment_generator,False,
TXNL202000001435,ACC0009058,IND19014396,LN2019060001012,LDO20200000802,12,2020-06-17,03:23:49,571.28,Debit,Completed,,Loan Payment - LN2019060001012 - Partial,False,,1.39,,Automated,Home Loan,partial_payment,False,loan_payment_generator,False,
TXNL202000001436,ACC0009148,IND19017284,LN2019060001015,LDO20200000803,11,2020-06-04,03:13:23,2694.96,Debit,Completed,,Loan Payment - LN2019060001015,False,,1.06,,Automated,Vehicle Loan,standard_payment,False,loan_payment_generator,False,
TXNL202000001437,ACC0009847,COM19000235,LN2019060001036,LDO20200000804,12,2020-06-10,03:00:21,12573.7,Debit,Completed,,Loan Payment - LN2019060001036,False,,0.7,,Automated,Business Loan,standard_payment,False,loan_payment_generator,False,
TXNL202000001438,ACC0008656,IND19004261,LN2019060001037,LDO20200000166,12,2020-06-10,04:47:56,17568.64,Debit,Completed,,Loan Payment - LN2019060001037,False,,0.16,,Automated,Personal Loan,standard_payment,False,loan_payment_generator,False,
TXNL202000001439,ACC0009665,IND19011286,LN2019060001040,LDO20200000167,12,2020-06-27,08:59:38,2212.01,Debit,Completed,,Loan Payment - LN2019060001040,False,,0.45,,Automated,Vehicle Loan,standard_payment,False,loan_payment_generator,True,timestamp_shift
TXNL202000001440,ACC0009042,IND19002747,LN2019060001043,LDO20200000168,12,2020-06-11,03:28:55,2575.31,Debit,Completed,,Loan Payment - LN2019060001043,False,,0.58,,Automated,Home Loan,standard_payment,False,loan_payment_generator,False,
TXNL202000001441,ACC0008636,IND19005072,LN2019060001046,LDO20200000370,12,2020-06-29,03:26:05,2783.47,Debit,Completed,,Loan Payment - LN2019060001046,False,,0.46,,Automated,Vehicle Loan,standard_payment,False,loan_payment_generator,False,
TXNL202000001442,ACC0008710,IND19012960,LN2019060001049,LDO20200000371,12,2020-06-30,02:12:24,211.75,Debit,Completed,,Loan Payment - LN2019060001049 - Late Fee,False,,0.35,,Automated,Home Loan,late_payment,False,loan_payment_generator,False,
TXNL202000001443,ACC0009444,IND19013712,LN2019060001063,LDO20200000372,12,2020-06-16,02:04:29,2046.23,Debit,Completed,,Loan Payment - LN2019060001063,False,,0.97,,Automated,Vehicle Loan,standard_payment,False,loan_payment_generator,False,
TXNL202000001444,ACC0008503,IND19002989,LN2019060001085,LDO20200000805,11,2020-06-02,03:54:24,671.4,Debit,Completed,,Loan Payment - LN2019060001085,False,,0.68,,Automated,Home Loan,standard_payment,False,loan_payment_generator,False,
TXNL202000001445,ACC0009066,IND19001825,LN2019060001088,LDO20200000806,12,2020-06-26,04:09:11,3381.1,Debit,Completed,,Loan Payment - LN2019060001088,False,,0.81,,Automated,Home Loan,standard_payment,False,loan_payment_generator,False,
TXNL202000001446,ACC0009499,IND19001400,LN2019060001093,LDO20200000807,11,2020-06-05,02:59:07,1090.26,Debit,Completed,,Loan Payment - LN2019060001093,False,,0.25,,Automated,Vehicle Loan,standard_payment,False,loan_payment_generator,False,
TXNL202000001447,ACC0008770,IND19013077,LN2019060001097,LDO20200000808,12,2020-06-17,02:52:07,366.99,Debit,Completed,,Loan Payment - LN2019060001097,False,,0.61,,Automated,Vehicle Loan,standard_payment,False,loan_payment_generator,False,
TXNL202000001448,ACC0009065,IND19001825,LN2019060001105,LDO20200000169,12,2020-06-18,04:15:08,2504.99,Debit,Completed,,Loan Payment - LN2019060001105,False,,1.93,,Automated,Personal Loan,standard_payment,False,loan_payment_generator,False,
TXNL202000001449,ACC0009830,IND19007707,LN2019060001116,LDO20200000809,11,2020-06-05,04:27:32,9173.23,Debit,Completed,,Loan Payment - LN2019060001116,False,,1.28,,Automated,Personal Loan,standard_payment,False,loan_payment_generator,False,
TXNL202000001450,ACC0009584,IND19015163,LN2019060001121,LDO20200000810,12,2020-06-19,04:11:27,1376.88,Debit,Completed,,Loan Payment - LN2019060001121,False,,1.9,,Automated,Personal Loan,standard_payment,False,loan_payment_generator,False,
TXNL202000001451,ACC0009699,IND19000761,LN2019060001124,LDO20200000811,12,2020-06-10,02:49:03,17384.13,Debit,Completed,,Loan Payment - LN2019060001124,False,,1.14,,Automated,Personal Loan,standard_payment,False,loan_payment_generator,False,
TXNL202000001452,ACC0008721,IND19007514,LN2019060001129,LDO20200000812,12,2020-06-25,02:31:42,1934.75,Debit,Completed,,Loan Payment - LN2019060001129,False,,1.82,,Automated,Vehicle Loan,standard_payment,False,loan_payment_generator,False,
TXNL202000001453,ACC0009108,IND19015050,LN2019060001130,LDO20200000813,12,2020-06-20,04:37:41,1692.21,Debit,Completed,,Loan Payment - LN2019060001130,False,,1.43,,Automated,Personal Loan,standard_payment,False,loan_payment_generator,False,
TXNL202000001454,ACC0009351,IND19013891,LN2019060001139,LDO20200000032,12,2020-06-16,04:38:52,1938.77,Debit,Completed,,Loan Payment - LN2019060001139,False,,0.3,,Automated,Vehicle Loan,standard_payment,False,loan_payment_generator,False,
TXNL202000001455,ACC0009477,IND19005919,LN2019060001150,LDO20200000814,12,2020-06-25,03:29:28,3568.69,Debit,Completed,,Loan Payment - LN2019060001150,False,,0.4,,Automated,Vehicle Loan,standard_payment,False,loan_payment_generator,False,
TXNL202000001456,ACC0008558,IND19015819,LN2019060001166,LDO20200000815,12,2020-06-10,02:08:46,7588.29,Debit,Completed,,Loan Payment - LN2019060001166,False,,1.77,,Automated,Vehicle Loan,standard_payment,False,loan_payment_generator,False,
TXNL202000001457,ACC0009260,IND19000979,LN2019060001169,LDO20200000373,12,2020-06-30,02:57:04,17578.52,Debit,Completed,,Loan Payment - LN2019060001169,False,,0.13,,Automated,Personal Loan,standard_payment,False,loan_payment_generator,False,
TXNL202000001458,ACC0008773,IND19008498,LN2019060001173,LDO20200000374,12,2020-06-22,03:23:21,655.59,Debit,Failed,mandate_limit,Loan Payment - LN2019060001173,False,,0.88,,Automated,Home Loan,standard_payment,False,loan_payment_generator,False,
TXNL202000001459,ACC0009254,IND19001905,LN2019060001193,LDO20200000816,12,2020-06-11,03:25:11,2315.42,Debit,Completed,,Loan Payment - LN2019060001193,False,,0.51,,Automated,Personal Loan,standard_payment,False,loan_payment_generator,False,
TXNL202000001460,ACC0008431,IND19003397,LN2019060001196,LDO20200000817,12,2020-06-15,03:41:35,1157.7,Debit,Completed,,Loan Payment - LN2019060001196,False,,1.07,,Automated,Personal Loan,standard_payment,False,loan_payment_generator,False,
TXNL202000001461,ACC0009243,IND19016435,LN2019060001199,LDO20200000818,12,2020-06-14,02:30:18,1247.59,Debit,Completed,,Loan Payment - LN2019060001199,False,,0.38,,Automated,Home Loan,standard_payment,False,loan_payment_generator,False,
TXNL202000001462,ACC0009595,IND19008595,LN2019060001202,LDO20200000819,12,2020-06-24,04:25:12,3943.48,Debit,Completed,,Loan Payment - LN2019060001202,False,,1.77,,Automated,Vehicle Loan,standard_payment,False,loan_payment_generator,False,
TXNL202000001463,ACC0008421,IND19002733,LN2019060001210,LDO20200000820,12,2020-06-26,04:52:14,5576.2,Debit,Completed,,Loan Payment - LN2019060001210,False,,0.82,,Automated,Vehicle Loan,standard_payment,False,loan_payment_generator,False,
TXNL202000001464,ACC0008839,IND19014890,LN2019060001215,LDO20200000170,12,2020-06-21,04:14:22,1922.35,Debit,Completed,,Loan Payment - LN2019060001215,False,,1.87,,Automated,Personal Loan,standard_payment,False,loan_payment_generator,False,
TXNL202000001465,ACC0009800,IND19011990,LN2019060001222,LDO20200000068,12,2020-06-29,02:35:48,8040.54,Debit,Completed,,Loan Payment - LN2019060001222,False,,1.11,,Automated,Personal Loan,standard_payment,False,loan_payment_generator,False,
TXNL202000001466,ACC0009389,IND19017085,LN2019060001243,LDO20200000069,11,2020-06-04,04:33:18,3133.86,Debit,Completed,,Loan Payment - LN2019060001243,False,,0.6,,Automated,Home Loan,standard_payment,False,loan_payment_generator,False,
TXNL202000001467,ACC0009578,IND19014351,LN2019060001251,LDO20200000375,12,2020-06-29,04:01:12,613.23,Debit,Completed,,Loan Payment - LN2019060001251,False,,1.35,,Automated,Personal Loan,standard_payment,False,loan_payment_generator,False,
TXNL202000001468,ACC0009350,IND19017205,LN2019060001253,LDO20200000821,11,2020-06-03,02:42:40,4418.14,Debit,Completed,,Loan Payment - LN2019060001253,False,,0.36,,Automated,Home Loan,standard_payment,False,loan_payment_generator,False,
TXNL202000001469,ACC0009120,IND19001492,LN2019060001254,LDO20200000376,12,2020-06-13,03:05:18,4253.69,Debit,Completed,,Loan Payment - LN2019060001254,False,,1.66,,Automated,Vehicle Loan,standard_payment,False,loan_payment_generator,False,
TXNL202000001470,ACC0008429,IND19011989,LN2019060001256,LDO20200000377,11,2020-06-02,02:49:53,1714.08,Debit,Completed,,Loan Payment - LN2019060001256,False,,0.18,,Automated,Home Loan,standard_payment,False,loan_payment_generator,False,
TXNL202000001471,ACC0009013,IND19005800,LN2019060001258,LDO20200000822,11,2020-06-03,02:26:03,1019.71,Debit,Completed,,Loan Payment - LN2019060001258,False,,1.43,,Automated,Home Loan,standard_payment,False,loan_payment_generator,False,
TXNL202000001472,ACC0008848,IND19016618,LN2019060001261,LDO20200000171,11,2020-06-05,02:17:14,7505.93,Debit,Completed,,Loan Payment - LN2019060001261,False,,1.38,,Automated,Home Loan,standard_payment,False,loan_payment_generator,False,
TXNL202000001473,ACC0009793,IND19005101,LN2019060001265,LDO20200000823,12,2020-06-19,02:06:51,1373.34,Debit,Completed,,Loan Payment - LN2019060001265,False,,0.91,,Automated,Personal Loan,standard_payment,False,loan_payment_generator,False,
TXNL202000001474,ACC0008509,IND19006891,LN2019060001271,LDO20200000172,11,2020-06-05,04:37:29,762.61,Debit,Completed,,Loan Payment - LN2019060001271,False,,1.26,,Automated,Home Loan,standard_payment,False,loan_payment_generator,False,
TXNL202000001475,ACC0009750,IND19011527,LN2019060001272,LDO20200000824,11,2020-06-04,02:32:09,5798.11,Debit,Failed,insufficient_funds,Loan Payment - LN2019060001272,False,,1.78,,Automated,Personal Loan,standard_payment,False,loan_payment_generator,False,
TXNL202000001476,ACC0009588,IND19005992,LN2019060001275,LDO20200000825,12,2020-06-11,03:12:13,1719.42,Debit,Completed,,Loan Payment - LN2019060001275,False,,0.28,,Automated,Home Loan,standard_payment,False,loan_payment_generator,False,
TXNL202000001477,ACC0009435,IND19009724,LN2019060001288,LDO20200000826,11,2020-06-05,04:06:26,1290.41,Debit,Completed,,Loan Payment - LN2019060001288,False,,0.86,,Automated,Home Loan,standard_payment,False,loan_payment_generator,False,
TXNL202000001478,ACC0009784,IND19004593,LN2019060001289,LDO20200000827,12,2020-06-18,02:40:42,940.31,Debit,Completed,,Loan Payment - LN2019060001289 - Late Fee,False,,0.28,,Automated,Home Loan,late_payment,False,loan_payment_generator,False,
TXNL202000001479,ACC0008847,IND19016618,LN2019060001293,LDO20200000828,11,2020-06-06,03:27:08,3987.72,Debit,Completed,,Loan Payment - LN2019060001293,False,,1.07,,Automated,Home Loan,standard_payment,False,loan_payment_generator,False,
TXNL202000001480,ACC0009878,COM19000156,LN2019060001295,LDO20200000829,12,2020-06-23,03:39:54,3112.61,Debit,Completed,,Loan Payment - LN2019060001295 - Partial,False,,1.7,,Automated,Business Loan,partial_payment,False,loan_payment_generator,False,
TXNL202000001481,ACC0008539,IND19011613,LN2019060001297,LDO20200000173,12,2020-06-17,02:40:01,199.96,Debit,Failed,insufficient_funds,Loan Payment - LN2019060001297,False,,1.11,,Automated,Home Loan,standard_payment,False,loan_payment_generator,False,
TXNL202000001482,ACC0008517,IND19011991,LN2019060001300,LDO20200000378,12,2020-06-14,04:52:45,5184.46,Debit,Failed,bank_timeout,Loan Payment - LN2019060001300,False,,0.11,,Automated,Home Loan,standard_payment,False,loan_payment_generator,False,
TXNL202000001483,ACC0008633,IND19012853,LN2019060001311,LDO20200000379,12,2020-06-25,04:17:46,1454.15,Debit,Completed,,Loan Payment - LN2019060001311,False,,1.44,,Automated,Home Loan,standard_payment,False,loan_payment_generator,False,
TXNL202000001484,ACC0008777,IND19004547,LN2019060001319,LDO20200000830,12,2020-06-28,04:13:31,3298.26,Debit,Completed,,Loan Payment - LN2019060001319,False,,0.87,,Automated,Vehicle Loan,standard_payment,False,loan_payment_generator,False,
TXNL202000001485,ACC0008591,IND19004250,LN2019060001324,LDO20200000831,12,2020-06-20,04:58:54,3066.19,Debit,Completed,,Loan Payment - LN2019060001324,False,,1.06,,Automated,Home Loan,standard_payment,False,loan_payment_generator,False,
TXNL202000001486,ACC0009323,IND19000379,LN2019060001333,LDO20200000832,12,2020-06-28,03:01:25,2753.04,Debit,Completed,,Loan Payment - LN2019060001333,False,,0.66,,Automated,Personal Loan,standard_payment,False,loan_payment_generator,False,
TXNL202000001487,ACC0008801,IND19011682,LN2019060001340,LDO20200000833,12,2020-06-23,04:53:13,7025.73,Debit,Completed,,Loan Payment - LN2019060001340,False,,0.12,,Automated,Personal Loan,standard_payment,False,loan_payment_generator,False,
TXNL202000001488,ACC0009005,IND19016600,LN2019060001346,LDO20200000834,12,2020-06-26,02:35:57,966.25,Debit,Completed,,Loan Payment - LN2019060001346 - Late Fee,False,,0.03,,Automated,Personal Loan,late_payment,False,loan_payment_generator,False,
TXNL202000001489,ACC0008364,IND19001972,LN2019060001350,LDO20200000380,12,2020-06-20,03:12:20,378.02,Debit,Completed,,Loan Payment - LN2019060001350,False,,0.94,,Automated,Home Loan,standard_payment,False,loan_payment_generator,False,
TXNL202000001490,ACC0009537,IND19000621,LN2019060001354,LDO20200000835,12,2020-06-27,04:32:57,2460.46,Debit,Completed,,Loan Payment - LN2019060001354,False,,0.71,,Automated,Vehicle Loan,standard_payment,False,loan_payment_generator,False,
TXNL202000001491,ACC0009864,COM19000031,LN2019060001355,LDO20200000381,11,2020-06-05,04:49:39,34385.63,Debit,Completed,,Loan Payment - LN2019060001355,False,,1.06,,Automated,Business Loan,standard_payment,False,loan_payment_generator,False,
TXNL202000001492,ACC0009876,COM19000179,LN2019060001358,LDO20200000836,12,2020-06-13,03:55:56,8062.48,Debit,Completed,,Loan Payment - LN2019060001358 - Late Fee,False,,0.37,,Automated,Business Loan,late_payment,False,loan_payment_generator,False,
TXNL202000001493,ACC0008363,IND19001972,LN2019060001360,LDO20200000174,12,2020-06-08,02:33:37,2349.9,Debit,Completed,,Loan Payment - LN20190600...,False,,1.32,,Automated,Home Loan,standard_payment,False,loan_payment_generator,True,truncated_description
TXNL202000001494,ACC0009765,IND19008546,LN2019060001366,LDO20200000837,11,2020-06-03,02:12:13,1144.62,Debit,Completed,,Loan Payment - LN2019060001366,False,,0.7,,Automated,Vehicle Loan,standard_payment,False,loan_payment_generator,False,
TXNL202000001495,ACC0008582,IND19004596,LN2019060001367,LDO20200000382,12,2020-06-11,02:57:38,1667.52,Debit,Completed,,Loan Payment - LN2019060001367,False,,1.82,,Automated,Home Loan,standard_payment,False,loan_payment_generator,False,
TXNL202000001496,ACC0008970,IND19006621,LN2019060001371,LDO20200000838,12,2020-06-09,04:36:18,833.72,Debit,Completed,,Loan Payment - LN2019060001371,False,,1.95,,Automated,Home Loan,standard_payment,False,loan_payment_generator,False,
TXNL202000001497,ACC0008677,IND19008421,LN2019060001372,LDO20200000839,12,2020-06-24,02:41:21,1099.02,Debit,Completed,,Loan Payment - LN2019060001372,False,,1.53,,Automated,Home Loan,standard_payment,False,loan_payment_generator,False,
TXNL202000001498,ACC0008927,IND19017680,LN2019060001381,LDO20200000175,12,2020-06-09,04:50:43,1146.57,Debit,Completed,,Loan Payment - LN2019060001381,False,,1.3,,Automated,Home Loan,standard_payment,False,loan_payment_generator,False,
TXNL202000001499,ACC0009482,IND19001690,LN2019060001390,LDO20200000840,12,2020-06-10,02:10:51,1377.27,Debit,Completed,,Loan Payment - LN2019060001390,False,,0.76,,Automated,Vehicle Loan,standard_payment,False,loan_payment_generator,False,
TXNL202000001500,ACC0009835,IND19003483,LN2019060001391,LDO20200000383,12,2020-06-26,02:18:21,2311.75,Debit,Completed,,Loan Payment - LN2019060001391,False,,0.85,,Automated,Home Loan,standard_payment,False,loan_payment_generator,False,
TXNL202000001501,ACC0008624,IND19014911,LN2019060001394,LDO20200000841,11,2020-06-03,04:24:24,4255.51,Debit,Completed,,Loan Payment - LN2019060001394,False,,1.33,,Automated,Vehicle Loan,standard_payment,False,loan_payment_generator,False,
TXNL202000001502,ACC0009391,IND19010476,LN2019060001395,LDO20200000842,12,2020-06-18,04:23:20,2167.07,Debit,Completed,,Loan Payment - LN2019060001395,False,,1.8,,Automated,Vehicle Loan,standard_payment,False,loan_payment_generator,False,
TXNL202000001503,ACC0009768,IND19015618,LN2019060001398,LDO20200000070,12,2020-06-17,02:57:04,2302.97,Debit,Failed,insufficient_funds,Loan Payment - LN2019060001398,False,,1.75,,Automated,Vehicle Loan,standard_payment,False,loan_payment_generator,False,
TXNL202000001504,ACC0009780,IND19017567,LN2019060001410,LDO20200000843,12,2020-06-13,04:26:12,1633.23,Debit,Completed,,Loan Payment - LN2019060001410 - Extra Principal,False,,0.92,,Automated,Personal Loan,extra_payment,False,loan_payment_generator,False,
TXNL202000001505,ACC0009669,IND19008837,LN2019060001411,LDO20200000844,12,2020-06-25,04:06:41,1040.19,Debit,Completed,,Loan Payment - LN2019060001411,False,,0.38,,Automated,Personal Loan,standard_payment,False,loan_payment_generator,False,
TXNL202000001506,ACC0008449,IND19013817,LN2019060001415,LDO20200000845,12,2020-06-08,04:30:54,1702.14,Debit,Completed,,Loan Payment - LN2019060001415 - Partial,False,,0.04,,Automated,Vehicle Loan,partial_payment,False,loan_payment_generator,False,
TXNL202000001507,ACC0009879,COM19000006,LN2019060001419,LDO20200000846,12,2020-06-22,03:59:35,2299.96,Debit,Completed,,Loan Payment - LN2019060001419,False,,0.65,,Automated,Business Loan,standard_payment,False,loan_payment_generator,False,
TXNL202000001508,ACC0008785,IND19001088,LN2019060001423,LDO20200000847,12,2020-06-28,02:57:09,3799.02,Debit,Completed,,Loan Payment - LN2019060001423,False,,0.63,,Automated,Personal Loan,standard_payment,False,loan_payment_generator,False,
TXNL202000001509,ACC0008765,IND19008734,LN2019060001424,LDO20200000848,12,2020-06-13,03:49:11,1478.63,Debit,Completed,,Loan Payment - LN2019060001424 - Extra Principal,False,,0.08,,Automated,Vehicle Loan,extra_payment,False,loan_payment_generator,False,
TXNL202000001510,ACC0009063,IND19004975,LN2019060001425,LDO20200000849,12,2020-06-18,02:48:43,1509.18,Debit,Completed,,Loan Payment - LN2019060001425,False,,1.78,,Automated,Home Loan,standard_payment,False,loan_payment_generator,False,
TXNL202000001511,ACC0009052,IND19009382,LN2019060001426,LDO20200000850,12,2020-06-22,02:38:45,1872.56,Debit,Completed,,Loan Payment - LN2019060001426,False,,1.03,,Automated,Personal Loan,standard_payment,False,loan_payment_generator,False,
TXNL202000001512,ACC0008695,IND19002789,LN2019060001430,LDO20200000384,11,2020-06-01,02:01:20,1801.01,Debit,Completed,,Loan Payment - LN2019060001430,False,,0.12,,Automated,Personal Loan,standard_payment,False,loan_payment_generator,False,
TXNL202000001513,ACC0009157,IND19010093,LN2019060001436,LDO20200000018,11,2020-06-04,02:28:24,2225.52,Debit,Completed,,Loan Payment - LN2019060001436,False,,1.63,,Automated,Personal Loan,standard_payment,False,loan_payment_generator,False,
TXNL202000001514,ACC0009693,IND19006845,LN2019060001437,LDO20200000851,12,2020-06-18,03:47:47,1450.94,Debit,Completed,,Loan Payment - LN2019060001437,False,,0.59,,Automated,Home Loan,standard_payment,False,loan_payment_generator,False,
TXNL202000001515,ACC0009051,IND19013867,LN2019060001441,LDO20200000852,12,2020-06-25,03:33:40,1508.2,Debit,Failed,bank_timeout,Loan Payment - LN2019060001441,False,,0.15,,Automated,Home Loan,standard_payment,False,loan_payment_generator,False,
TXNL202000001516,ACC0008946,IND19005810,LN2019060001444,LDO20200000853,12,2020-06-27,03:53:08,1048.99,Debit,Completed,,Loan Payment - LN2019060001444,False,,1.44,,Automated,Personal Loan,standard_payment,False,loan_payment_generator,False,
TXNL202000001517,ACC0009564,IND19012500,LN2019060001455,LDO20200000385,12,2020-06-16,03:10:37,1000.84,Debit,Completed,,Loan Payment - LN2019060001455 - Late Fee,False,,0.52,,Automated,Vehicle Loan,late_payment,False,loan_payment_generator,False,
TXNL202000001518,ACC0008713,IND19006436,LN2019060001456,LDO20200000386,11,2020-06-05,02:54:02,1958.37,Debit,Completed,,Loan Payment - LN2019060001456,False,,0.57,,Automated,Home Loan,standard_payment,False,loan_payment_generator,True,amount_rounding_error
TXNL202000001519,ACC0010154,IND19001032,LN2019070000001,LDO20200000854,10,2020-06-06,02:44:28,8720.33,Debit,Completed,,Loan Payment - LN2019070000001,False,,1.51,,Automated,Personal Loan,standard_payment,False,loan_payment_generator,False,
TXNL202000001520,ACC0010306,IND19001943,LN2019070000006,LDO20200000855,11,2020-06-17,02:37:47,4744.45,Debit,Completed,,Loan Payment - LN20190700...,False,,1.82,,Automated,Personal Loan,standard_payment,False,loan_payment_generator,True,truncated_description
TXNL202000001521,ACC0011256,IND19009318,LN2019070000014,LDO20200000856,10,2020-06-01,04:07:47,1178.73,Debit,Completed,,Loan Payment - LN2019070000014 - Late Fee,False,,1.62,,Automated,Home Loan,late_payment,False,loan_payment_generator,False,
TXNL202000001522,ACC0011282,COM19000216,LN2019070000017,LDO20200000387,11,2020-06-27,03:14:08,6732.44,Debit,Completed,,Loan Payment - LN2019070000017,False,,1.07,,Automated,Business Loan,standard_payment,False,loan_payment_generator,False,
TXNL202000001523,ACC0010031,IND19005333,LN2019070000018,LDO20200000176,11,2020-06-20,03:30:31,2264.07,Debit,Completed,,Loan Payment - LN2019070000018,False,,0.7,,Automated,Home Loan,standard_payment,False,loan_payment_generator,False,
TXNL202000001524,ACC0010436,IND19011436,LN2019070000020,LDO20200000388,10,2020-06-01,02:16:06,1075.23,Debit,Completed,,Loan Payment - LN2019070000020,False,,0.5,,Automated,Home Loan,standard_payment,False,loan_payment_generator,False,
TXNL202000001525,ACC0010358,IND19012978,LN2019070000022,LDO20200000177,11,2020-06-11,02:03:31,2305.82,Debit,Completed,,Loan Payment - LN2019070000022,False,,0.96,,Automated,Home Loan,standard_payment,False,loan_payment_generator,False,
TXNL202000001526,ACC0010269,IND19007616,LN2019070000030,LDO20200000857,11,2020-06-16,02:51:34,1585.79,Debit,Failed,bank_timeout,Loan Payment - LN2019070000030,False,,1.52,,Automated,Home Loan,standard_payment,False,loan_payment_generator,False,
TXNL202000001527,ACC0011194,IND19005453,LN2019070000042,LDO20200000858,11,2020-06-22,03:50:37,1290.26,Debit,Completed,,Loan Payment - LN2019070000042 - Extra Principal,False,,0.09,,Automated,Home Loan,extra_payment,False,loan_payment_generator,False,
TXNL202000001528,ACC0010189,IND19001952,LN2019070000048,LDO20200000389,11,2020-06-27,03:49:18,2548.26,Debit,Completed,,Loan Payment - LN2019070000048,False,,0.09,,Automated,Vehicle Loan,standard_payment,False,loan_payment_generator,False,
TXNL202000001529,ACC0010720,IND19011255,LN2019070000052,LDO20200000859,11,2020-06-26,04:51:22,2608.22,Debit,Completed,,Loan Payment - LN2019070000052,False,,0.81,,Automated,Home Loan,standard_payment,False,loan_payment_generator,False,
TXNL202000001530,ACC0010698,IND19004302,LN2019070000056,LDO20200000860,11,2020-06-30,03:10:52,1969.95,Debit,Completed,,Loan Payment - LN2019070000056,False,,1.19,,Automated,Home Loan,standard_payment,False,loan_payment_generator,False,
TXNL202000001531,ACC0010859,IND19011750,LN2019070000063,LDO20200000862,11,2020-06-21,03:49:30,2767.01,Debit,Completed,,Loan Payment - LN2019070000063,False,,0.17,,Automated,Personal Loan,standard_payment,False,loan_payment_generator,False,
TXNL202000001532,ACC0009912,IND19015470,LN2019070000068,LDO20200000390,11,2020-06-24,03:50:28,1533.12,Debit,Completed,,Loan Payment - LN2019070000068,False,,1.18,,Automated,Vehicle Loan,standard_payment,False,loan_payment_generator,False,
TXNL202000001533,ACC0010198,IND19004108,LN2019070000069,LDO20200000863,10,2020-06-08,04:40:25,4788.8,Debit,Completed,,Loan Payment - LN2019070000069,False,,0.33,,Automated,Personal Loan,standard_payment,False,loan_payment_generator,False,
TXNL202000001534,ACC0010951,IND19014995,LN2019070000073,LDO20200000071,11,2020-06-10,03:38:14,2312.5,Debit,Completed,,Loan Payment - LN2019070000073,False,,1.53,,Automated,Home Loan,standard_payment,False,loan_payment_generator,False,
TXNL202000001535,ACC0010067,IND19014341,LN2019070000077,LDO20200000864,11,2020-06-30,02:57:48,2180.02,Debit,Failed,insufficient_funds,Loan Payment - LN2019070000077,False,,0.95,,Automated,Home Loan,standard_payment,False,loan_payment_generator,False,
TXNL202000001536,ACC0010330,IND19011323,LN2019070000085,LDO20200000391,11,2020-06-25,02:01:17,3481.21,Debit,Completed,,Loan Payment - LN2019070000085,False,,1.06,,Automated,Home Loan,standard_payment,False,loan_payment_generator,False,
TXNL202000001537,ACC0011113,IND19013275,LN2019070000093,LDO20200000865,11,2020-06-20,04:42:12,2566.39,Debit,Completed,,Loan Payment - LN2019070000093,False,,0.13,,Automated,Home Loan,standard_payment,False,loan_payment_generator,False,
TXNL202000001538,ACC0010368,IND19006224,LN2019070000096,LDO20200000866,10,2020-06-08,03:31:08,3116.98,Debit,Completed,,Loan Payment - LN2019070000096,False,,0.63,,Automated,Home Loan,standard_payment,False,loan_payment_generator,False,
TXNL202000001539,ACC0011073,IND19006699,LN2019070000097,LDO20200000867,11,2020-06-23,00:37:00,6388.78,Debit,Completed,,Loan Payment - LN2019070000097,False,,1.39,,Automated,Home Loan,standard_payment,False,loan_payment_generator,True,timestamp_shift
TXNL202000001540,ACC0010211,IND19004468,LN2019070000101,LDO20200000868,10,2020-06-08,04:55:53,1528.65,Debit,Completed,,Loan Payment - LN2019070000101,False,,1.7,,Automated,Home Loan,standard_payment,False,loan_payment_generator,False,
TXNL202000001541,ACC0010800,IND19004493,LN2019070000107,LDO20200000869,11,2020-06-20,04:46:14,2165.05,Debit,Completed,,Loan Payment - LN2019070000107,False,,1.37,,Automated,Vehicle Loan,standard_payment,False,loan_payment_generator,False,
TXNL202000001542,ACC0010571,IND19012333,LN2019070000108,LDO20200000392,11,2020-06-30,04:26:51,1284.49,Debit,Completed,,Loan Payment - LN2019070000108,False,,1.07,,Automated,Vehicle Loan,standard_payment,False,loan_payment_generator,False,
TXNL202000001543,ACC0010173,IND19001965,LN2019070000109,LDO20200000178,10,2020-06-02,04:28:17,1852.26,Debit,Failed,bank_timeout,Loan Payment - LN2019070000109,False,,0.66,,Automated,Personal Loan,standard_payment,False,loan_payment_generator,True,status_inconsistency
TXNL202000001544,ACC0011233,IND19015868,LN2019070000128,LDO20200000870,11,2020-06-27,02:05:52,1929.98,Debit,Completed,,Loan Payment - LN2019070000128,False,,1.25,,Automated,Personal Loan,standard_payment,False,loan_payment_generator,False,
TXNL202000001545,ACC0010186,IND19003972,LN2019070000130,LDO20200000393,11,2020-06-08,03:48:51,3281.58,Debit,Completed,,Loan Payment - LN20190700...,False,,0.03,,Automated,Vehicle Loan,standard_payment,False,loan_payment_generator,True,truncated_description
TXNL202000001546,ACC0011036,IND19008491,LN2019070000135,LDO20200000871,10,2020-06-02,04:42:31,1173.95,Debit,Completed,,Loan Payment - LN2019070000135,False,,1.83,,Automated,Personal Loan,standard_payment,False,loan_payment_generator,False,
TXNL202000001547,ACC0010601,IND19015607,LN2019070000140,LDO20200000394,11,2020-06-13,03:12:06,2706.85,Debit,Completed,,Loan Payment - LN2019070000140,False,,1.12,,Automated,Vehicle Loan,standard_payment,False,loan_payment_generator,False,
TXNL202000001548,ACC0009957,IND19008489,LN2019070000144,LDO20200000072,11,2020-06-18,04:32:10,5034.05,Debit,Completed,,Loan Payment - LN2019070000144 - Extra Principal,False,,1.92,,Automated,Home Loan,extra_payment,False,loan_payment_generator,False,
TXNL202000001549,ACC0010548,IND19016283,LN2019070000149,LDO20200000872,10,2020-06-02,02:30:38,1801.32,Debit,Completed,,Loan Payment - LN2019070000149,False,,0.02,,Automated,Vehicle Loan,standard_payment,False,loan_payment_generator,False,
TXNL202000001550,ACC0010320,IND19011114,LN2019070000150,LDO20200000873,11,2020-06-30,03:50:14,3016.18,Debit,Completed,,Loan Payment - LN2019070000150,False,,0.77,,Automated,Vehicle Loan,standard_payment,False,loan_payment_generator,False,
TXNL202000001551,ACC0011014,IND19006060,LN2019070000157,LDO20200000874,10,2020-06-05,02:21:47,3321.48,Debit,Completed,,Loan Payment - LN2019070000157,False,,1.39,,Automated,Personal Loan,standard_payment,False,loan_payment_generator,False,
TXNL202000001552,ACC0011050,IND19012644,LN2019070000164,LDO20200000395,11,2020-06-29,02:13:02,14785.53,Debit,Completed,,Loan Payment - LN2019070000164,False,,0.33,,Automated,Personal Loan,standard_payment,False,loan_payment_generator,False,
TXNL202000001553,ACC0010906,IND19001776,LN2019070000165,LDO20200000179,10,2020-06-03,02:24:46,1175.49,Debit,Failed,mandate_limit,Loan Payment - LN2019070000165,False,,0.79,,Automated,Home Loan,standard_payment,False,loan_payment_generator,False,
TXNL202000001554,ACC0010685,IND19015099,LN2019070000166,LDO20200000875,10,2020-06-05,04:21:02,3592.47,Debit,Failed,insufficient_funds,Loan Payment - LN2019070000166,False,,0.48,,Automated,Vehicle Loan,standard_payment,False,loan_payment_generator,False,
TXNL202000001555,ACC0010261,IND19005180,LN2019070000167,LDO20200000180,11,2020-06-25,04:22:19,5479.03,Debit,Completed,,Loan Payment - LN2019070000167,False,,0.18,,Automated,Personal Loan,standard_payment,False,loan_payment_generator,False,
TXNL202000001556,ACC0010636,IND19009538,LN2019070000171,LDO20200000396,11,2020-06-16,04:45:07,2211.21,Debit,Completed,,Loan Payment - LN2019070000171,False,,0.18,,Automated,Home Loan,standard_payment,False,loan_payment_generator,False,
TXNL202000001557,ACC0010143,IND19005667,LN2019070000174,LDO20200000181,10,2020-06-04,04:27:33,1608.75,Debit,Failed,insufficient_funds,Loan Payment - LN2019070000174,False,,0.78,,Automated,Home Loan,standard_payment,False,loan_payment_generator,True,amount_rounding_error
TXNL202000001558,ACC0010904,IND19005848,LN2019070000181,LDO20200000019,11,2020-06-30,04:18:14,2472.71,Debit,Completed,,Loan Payment - LN2019070000181,False,,1.17,,Automated,Vehicle Loan,standard_payment,False,loan_payment_generator,False,
TXNL202000001559,ACC0011086,IND19010416,LN2019070000188,LDO20200000876,11,2020-06-26,03:17:40,2619.92,Debit,Completed,,Loan Payment - LN2019070000188,False,,1.14,,Automated,Vehicle Loan,standard_payment,False,loan_payment_generator,False,
TXNL202000001560,ACC0010134,IND19007321,LN2019070000189,LDO20200000877,11,2020-06-27,04:26:06,3214.85,Debit,Completed,,Loan Payment - LN20190700...,False,,0.38,,Automated,Personal Loan,standard_payment,False,loan_payment_generator,True,truncated_description
TXNL202000001561,ACC0010291,IND19007161,LN2019070000206,LDO20200000878,11,2020-06-16,02:29:11,441.54,Debit,Completed,,Loan Payment - LN2019070000206,False,,0.52,,Automated,Home Loan,standard_payment,False,loan_payment_generator,False,
TXNL202000001562,ACC0010850,IND19010480,LN2019070000208,LDO20200000879,11,2020-06-14,04:22:38,7959.86,Debit,Completed,,Loan Payment - LN2019070000208,False,,1.5,,Automated,Personal Loan,standard_payment,False,loan_payment_generator,False,
TXNL202000001563,ACC0011165,IND19012521,LN2019070000214,LDO20200000073,10,2020-06-08,02:04:13,5442.49,Debit,Completed,,Loan Payment - LN2019070000214,False,,0.33,,Automated,Personal Loan,standard_payment,False,loan_payment_generator,False,
TXNL202000001564,ACC0011235,IND19001576,LN2019070000215,LDO20200000397,11,2020-06-11,02:09:31,2330.37,Debit,Completed,,Loan Payment - LN2019070000215,False,,0.08,,Automated,Home Loan,standard_payment,False,loan_payment_generator,False,
TXNL202000001565,ACC0011226,IND19010790,LN2019070000221,LDO20200000880,11,2020-06-07,03:53:12,2287.06,Debit,Completed,,Loan Payment - LN2019070000221,False,,0.14,,Automated,Vehicle Loan,standard_payment,False,loan_payment_generator,False,
TXNL202000001566,ACC0011061,IND19012586,LN2019070000228,LDO20200000398,10,2020-06-01,02:45:36,14052.62,Debit,Completed,,Loan Payment - LN2019070000228,False,,1.07,,Automated,Personal Loan,standard_payment,False,loan_payment_generator,False,
TXNL202000001567,ACC0011126,IND19006577,LN2019070000242,LDO20200000881,11,2020-06-16,03:42:04,3285.63,Debit,Completed,,Loan Payment - LN2019070000242,False,,0.22,,Automated,Vehicle Loan,standard_payment,False,loan_payment_generator,False,
TXNL202000001568,ACC0010845,IND19008329,LN2019070000250,LDO20200000882,11,2020-06-28,04:20:33,6885.73,Debit,Completed,,Loan Payment - LN2019070000250,False,,0.03,,Automated,Personal Loan,standard_payment,False,loan_payment_generator,False,
TXNL202000001569,ACC0010705,IND19012417,LN2019070000251,LDO20200000399,11,2020-06-26,03:01:41,3615.13,Debit,Completed,,Loan Payment - LN2019070000251,False,,1.44,,Automated,Vehicle Loan,standard_payment,False,loan_payment_generator,False,
TXNL202000001570,ACC0010300,IND19004941,LN2019070000261,LDO20200000020,11,2020-06-29,02:27:13,2075.89,Debit,Completed,,Loan Payment - LN2019070000261,False,,0.72,,Automated,Home Loan,standard_payment,False,loan_payment_generator,False,
TXNL202000001571,ACC0010842,IND19008456,LN2019070000269,LDO20200000883,10,2020-06-05,03:33:07,3501.44,Debit,Completed,,Loan Payment - LN2019070000269,False,,0.21,,Automated,Home Loan,standard_payment,False,loan_payment_generator,False,
TXNL202000001572,ACC0011117,IND19014269,LN2019070000276,LDO20200000884,11,2020-06-23,04:21:00,2602.15,Debit,Completed,,Loan Payment - LN2019070000276,False,,1.64,,Automated,Home Loan,standard_payment,False,loan_payment_generator,False,
TXNL202000001573,ACC0010857,IND19015399,LN2019070000286,LDO20200000885,11,2020-06-19,02:42:03,2165.59,Debit,Completed,,Loan Payment - LN2019070000286,False,,0.56,,Automated,Personal Loan,standard_payment,False,loan_payment_generator,False,
TXNL202000001574,ACC0009886,IND19007818,LN2019070000294,LDO20200000400,10,2020-06-03,03:33:13,4006.73,Debit,Completed,,Loan Payment - LN2019070000294,False,,0.69,,Automated,Home Loan,standard_payment,False,loan_payment_generator,False,
TXNL202000001575,ACC0010026,IND19011639,LN2019070000296,LDO20200000886,11,2020-06-21,04:25:07,2072.92,Debit,Failed,mandate_limit,Loan Payment - LN2019070000296,False,,1.85,,Automated,Home Loan,standard_payment,False,loan_payment_generator,False,
TXNL202000001576,ACC0010641,IND19007872,LN2019070000310,LDO20200000182,11,2020-06-27,04:20:01,1326.84,Debit,Completed,,Loan Payment - LN2019070000310,False,,0.7,,Automated,Personal Loan,standard_payment,False,loan_payment_generator,False,
TXNL202000001577,ACC0010483,IND19000691,LN2019070000312,LDO20200000887,10,2020-06-04,03:20:33,908.22,Debit,Completed,,Loan Payment - LN2019070000312,False,,1.49,,Automated,Home Loan,standard_payment,False,loan_payment_generator,False,
TXNL202000001578,ACC0011145,IND19001902,LN2019070000316,LDO20200000401,11,2020-06-29,03:28:55,2236.19,Debit,Completed,,Loan Payment - LN2019070000316 - Extra Principal,False,,0.02,,Automated,Home Loan,extra_payment,False,loan_payment_generator,False,
TXNL202000001579,ACC0010595,IND19012613,LN2019070000317,LDO20200000402,11,2020-06-28,02:32:27,2808.24,Debit,Completed,,Loan Payment - LN2019070000317,False,,0.75,,Automated,Vehicle Loan,standard_payment,False,loan_payment_generator,False,
TXNL202000001580,ACC0010374,IND19014496,LN2019070000318,LDO20200000888,11,2020-06-19,04:30:45,3958.48,Debit,Completed,,Loan Payment - LN2019070000318,False,,1.7,,Automated,Home Loan,standard_payment,False,loan_payment_generator,False,
TXNL202000001581,ACC0011204,IND19012969,LN2019070000319,LDO20200000889,11,2020-06-04,02:25:29,6210.7,Debit,Completed,,Loan Payment - LN2019070000319,False,,0.97,,Automated,Home Loan,standard_payment,False,loan_payment_generator,False,
TXNL202000001582,ACC0010127,IND19010478,LN2019070000320,LDO20200000033,11,2020-06-22,04:56:02,756.74,Debit,Completed,,Loan Payment - LN2019070000320,False,,0.64,,Automated,Home Loan,standard_payment,False,loan_payment_generator,False,
TXNL202000001583,ACC0011039,IND19000778,LN2019070000321,LDO20200000890,10,2020-06-07,02:35:55,3413.89,Debit,Cancelled,customer_stop_instruction,Loan Payment - LN2019070000321,False,,1.64,,Automated,Home Loan,standard_payment,False,loan_payment_generator,False,
TXNL202000001584,ACC0010990,IND19014332,LN2019070000323,LDO20200000891,11,2020-06-17,04:35:40,1197.48,Debit,Completed,,Loan Payment - LN2019070000323,False,,0.89,,Automated,Personal Loan,standard_payment,False,loan_payment_generator,False,
TXNL202000001585,ACC0010537,IND19003127,LN2019070000332,,11,2020-06-30,01:18:59,692.73,Debit,Completed,,Loan Payment - LN2019070000332,False,,2.5,,Mobile,Home Loan,standard_payment,False,loan_payment_generator,False,
TXNL202000001586,ACC0010831,IND19003672,LN2019070000333,LDO20200000892,11,2020-06-28,04:50:33,1869.07,Debit,Completed,,Loan Payment - LN2019070000333,False,,1.67,,Automated,Vehicle Loan,standard_payment,False,loan_payment_generator,False,
TXNL202000001587,ACC0010099,IND19003327,LN2019070000340,LDO20200000893,11,2020-06-30,04:30:10,608.82,Debit,Completed,,Loan Payment - LN2019070000340 - Late Fee,False,,1.06,,Automated,Personal Loan,late_payment,False,loan_payment_generator,False,
TXNL202000001588,ACC0010942,IND19014294,LN2019070000342,LDO20200000183,11,2020-06-30,03:12:36,4364.02,Debit,Completed,,Loan Payment - LN2019070000342 - Recovery,False,,0.75,,Automated,Personal Loan,recovery_payment,True,loan_payment_generator,False,
TXNL202000001589,ACC0011198,IND19003048,LN2019070000353,LDO20200000403,11,2020-06-13,03:34:15,2588.64,Debit,Completed,,Loan Payment - LN2019070000353,False,,1.59,,Automated,Home Loan,standard_payment,False,loan_payment_generator,False,
TXNL202000001590,ACC0010275,IND19007011,LN2019070000354,LDO20200000894,11,2020-06-15,03:27:37,1583.04,Debit,Completed,,Loan Payment - LN2019070000354,False,,0.38,,Automated,Home Loan,standard_payment,False,loan_payment_generator,False,
TXNL202000001591,ACC0009926,IND19008368,LN2019070000371,LDO20200000404,11,2020-06-16,03:47:29,2584.02,Debit,Completed,,Loan Payment - LN2019070000371,False,,0.55,,Automated,Vehicle Loan,standard_payment,False,loan_payment_generator,False,
TXNL202000001592,ACC0010840,IND19007896,LN2019070000375,LDO20200000895,11,2020-06-21,04:28:14,4321.06,Debit,Completed,,Loan Payment - LN2019070000375,False,,0.18,,Automated,Vehicle Loan,standard_payment,False,loan_payment_generator,False,
TXNL202000001593,ACC0010120,IND19001278,LN2019070000383,LDO20200000896,11,2020-06-19,03:59:04,2110.51,Debit,Completed,,Loan Payment - LN2019070000383,False,,1.08,,Automated,Personal Loan,standard_payment,False,loan_payment_generator,False,
TXNL202000001594,ACC0009906,IND19002371,LN2019070000390,LDO20200000405,11,2020-06-28,02:36:06,3474.99,Debit,Completed,,Loan Payment - LN2019070000390 - Extra Principal,False,,0.13,,Automated,Personal Loan,extra_payment,False,loan_payment_generator,False,
TXNL202000001595,ACC0010745,IND19011691,LN2019070000414,LDO20200000184,11,2020-06-24,03:08:01,1474.01,Debit,Completed,,Loan Payment - LN2019070000414,False,,1.49,,Automated,Vehicle Loan,standard_payment,False,loan_payment_generator,False,
TXNL202000001596,ACC0010115,IND19016405,LN2019070000424,LDO20200000897,11,2020-06-18,04:33:32,3538.61,Debit,Completed,,Loan Payment - LN2019070000424,False,,1.55,,Automated,Home Loan,standard_payment,False,loan_payment_generator,False,
TXNL202000001597,ACC0010811,IND19002604,LN2019070000434,LDO20200000898,11,2020-06-10,04:39:47,1102.58,Debit,Completed,,Loan Payment - LN2019070000434,False,,1.35,,Automated,Home Loan,standard_payment,False,loan_payment_generator,False,
TXNL202000001598,ACC0010479,IND19000504,LN2019070000437,LDO20200000406,10,2020-06-02,04:12:18,1221.45,Debit,Cancelled,customer_stop_instruction,Loan Payment - LN2019070000437,False,,0.88,,Automated,Home Loan,standard_payment,False,loan_payment_generator,False,
TXNL202000001599,ACC0009924,IND19009777,LN2019070000439,LDO20200000899,11,2020-06-13,02:46:17,3834.75,Debit,Completed,,Loan Payment - LN2019070000439,False,,0.59,,Automated,Personal Loan,standard_payment,False,loan_payment_generator,False,
TXNL202000001600,ACC0010719,IND19011255,LN2019070000442,LDO20200000407,10,2020-06-01,02:53:58,1592.9,Debit,Cancelled,customer_stop_instruction,Loan Payment - LN2019070000442 - Extra Principal,False,,0.26,,Automated,Home Loan,extra_payment,False,loan_payment_generator,False,
TXNL202000001601,ACC0010510,IND19012405,LN2019070000452,LDO20200000900,11,2020-06-29,03:31:43,1687.52,Debit,Failed,bank_timeout,Loan Payment - LN2019070000452,False,,1.46,,Automated,Personal Loan,standard_payment,False,loan_payment_generator,False,
TXNL202000001602,ACC0011281,COM19000182,LN2019070000453,LDO20200000185,11,2020-06-28,02:05:59,3756.72,Debit,Completed,,Loan Payment - LN2019070000453,False,,0.58,,Automated,Business Loan,standard_payment,False,loan_payment_generator,False,
TXNL202000001603,ACC0010570,IND19011798,LN2019070000459,LDO20200000408,10,2020-06-05,04:26:24,2585.47,Debit,Completed,,Loan Payment - LN2019070000459,False,,0.93,,Automated,Vehicle Loan,standard_payment,False,loan_payment_generator,False,
TXNL202000001604,ACC0010160,IND19012728,LN2019070000467,LDO20200000901,11,2020-06-21,03:21:03,6526.81,Debit,Completed,,Loan Payment - LN2019070000467,False,,0.73,,Automated,Personal Loan,standard_payment,False,loan_payment_generator,False,
TXNL202000001605,ACC0010073,IND19013534,LN2019070000468,LDO20200000409,11,2020-06-20,04:30:35,1630.92,Debit,Completed,,Loan Payment - LN2019070000468,False,,0.99,,Automated,Home Loan,standard_payment,False,loan_payment_generator,False,
TXNL202000001606,ACC0010790,IND19005032,LN2019070000469,LDO20200000902,11,2020-06-19,02:36:17,2997.81,Debit,Completed,,Loan Payment - LN2019070000469,False,,1.87,,Automated,Home Loan,standard_payment,False,loan_payment_generator,False,
TXNL202000001607,ACC0011251,IND19004940,LN2019070000470,LDO20200000903,11,2020-06-15,02:20:57,957.16,Debit,Completed,,Loan Payment - LN2019070000470,False,,0.56,,Automated,Vehicle Loan,standard_payment,False,loan_payment_generator,False,
TXNL202000001608,ACC0010181,IND19008409,LN2019070000477,LDO20200000904,11,2020-06-24,03:31:13,1167.13,Debit,Completed,,Loan Payment - LN2019070000477,False,,1.89,,Automated,Personal Loan,standard_payment,False,loan_payment_generator,False,
TXNL202000001609,ACC0009991,IND19005253,LN2019070000479,LDO20200000021,11,2020-06-24,03:39:47,550.59,Debit,Completed,,Loan Payment - LN2019070000479,False,,1.5,,Automated,Home Loan,standard_payment,False,loan_payment_generator,False,
TXNL202000001610,ACC0011013,IND19003821,LN2019070000490,LDO20200000186,11,2020-06-18,03:27:30,2718.2,Debit,Completed,,Loan Payment - LN2019070000490,False,,0.72,,Automated,Home Loan,standard_payment,False,loan_payment_generator,True,amount_rounding_error
TXNL202000001611,ACC0011102,IND19009068,LN2019070000492,LDO20200000410,11,2020-06-23,04:55:03,3946.15,Debit,Completed,,Loan Payment - LN2019070000492,False,,1.85,,Automated,Home Loan,standard_payment,False,loan_payment_generator,False,
TXNL202000001612,ACC0011245,IND19008983,LN2019070000500,LDO20200000905,10,2020-06-09,04:57:18,918.63,Debit,Completed,,Loan Payment - LN2019070000500 - Late Fee,False,,0.95,,Automated,Home Loan,late_payment,False,loan_payment_generator,False,
TXNL202000001613,ACC0010522,IND19004142,LN2019070000501,LDO20200000411,11,2020-06-22,03:02:29,427.18,Debit,Completed,,Loan Payment - LN2019070000501,False,,1.3,,Automated,Home Loan,standard_payment,False,loan_payment_generator,False,
TXNL202000001614,ACC0010923,IND19002816,LN2019070000506,LDO20200000412,10,2020-06-04,02:30:49,267.87,Debit,Completed,,Loan Payment - LN2019070000506,False,,1.5,,Automated,Home Loan,standard_payment,False,loan_payment_generator,False,
TXNL202000001615,ACC0010405,IND19004977,LN2019070000510,LDO20200000906,10,2020-06-06,04:06:30,2150.85,Debit,Failed,insufficient_funds,Loan Payment - LN2019070000510,False,,0.51,,Automated,Home Loan,standard_payment,False,loan_payment_generator,False,
TXNL202000001616,ACC0010379,IND19009202,LN2019070000517,LDO20200000907,11,2020-06-27,02:04:53,1127.97,Debit,Completed,,Loan Payment - LN2019070000517,False,,0.3,,Automated,Personal Loan,standard_payment,False,loan_payment_generator,False,
TXNL202000001617,ACC0011221,IND19004841,LN2019070000536,LDO20200000413,11,2020-06-23,03:42:58,2105.42,Debit,Completed,,Loan Payment - LN2019070000536,False,,0.19,,Automated,Vehicle Loan,standard_payment,False,loan_payment_generator,False,
TXNL202000001618,ACC0010473,IND19002485,LN2019070000537,LDO20200000187,11,2020-06-14,04:51:14,4229.39,Debit,Completed,,Loan Payment - LN2019070000537 - Late Fee,False,,1.48,,Automated,Personal Loan,late_payment,False,loan_payment_generator,False,
TXNL202000001619,ACC0010843,IND19008456,LN2019070000545,LDO20200000188,11,2020-06-25,03:23:34,1694.26,Debit,Completed,,Loan Payment - LN2019070000545,False,,0.39,,Automated,Personal Loan,standard_payment,False,loan_payment_generator,False,
TXNL202000001620,ACC0010159,IND19000901,LN2019070000546,LDO20200000908,11,2020-06-17,02:57:22,284.83,Debit,Completed,,Loan Payment - LN2019070000546,False,,1.61,,Automated,Home Loan,standard_payment,False,loan_payment_generator,False,
TXNL202000001621,ACC0010225,IND19015856,LN2019070000552,LDO20200000034,11,2020-06-21,02:18:45,7979.67,Debit,Completed,,Loan Payment - LN2019070000552 - Extra Principal,False,,1.11,,Automated,Personal Loan,extra_payment,False,loan_payment_generator,False,
TXNL202000001622,ACC0010617,IND19010181,LN2019070000571,LDO20200000414,11,2020-06-29,02:07:33,836.49,Debit,Completed,,Loan Payment - LN2019070000571,False,,0.78,,Automated,Home Loan,standard_payment,False,loan_payment_generator,False,
TXNL202000001623,ACC0010830,IND19003672,LN2019070000575,LDO20200000074,11,2020-06-30,03:02:51,1310.65,Debit,Completed,,Loan Payment - LN2019070000575,False,,0.94,,Automated,Home Loan,standard_payment,False,loan_payment_generator,False,
TXNL202000001624,ACC0010085,IND19004379,LN2019070000582,LDO20200000909,11,2020-06-10,04:39:59,801.74,Debit,Completed,,Loan Payment - LN2019070000582,False,,1.93,,Automated,Personal Loan,standard_payment,False,loan_payment_generator,False,
TXNL202000001625,ACC0010049,IND19001533,LN2019070000589,LDO20200000415,11,2020-06-28,02:17:46,2595.76,Debit,Completed,,Loan Payment - LN2019070000589,False,,1.48,,Automated,Personal Loan,standard_payment,False,loan_payment_generator,False,
TXNL202000001626,ACC0010978,IND19010934,LN2019070000591,LDO20200000416,10,2020-06-06,02:05:31,1051.64,Debit,Cancelled,customer_stop_instruction,Loan Payment - LN2019070000591 - Extra Principal,False,,0.29,,Automated,Home Loan,extra_payment,False,loan_payment_generator,False,
TXNL202000001627,ACC0011269,COM19000047,LN2019070000624,LDO20200000075,11,2020-06-16,02:15:49,11045.05,Debit,Completed,,Loan Payment - LN2019070000624,False,,1.43,,Automated,Business Loan,standard_payment,False,loan_payment_generator,False,
TXNL202000001628,ACC0010810,IND19000039,LN2019070000628,LDO20200000910,11,2020-06-29,04:17:25,1619.59,Debit,Completed,,Loan Payment - LN2019070000628,False,,0.22,,Automated,Vehicle Loan,standard_payment,False,loan_payment_generator,False,
TXNL202000001629,ACC0010808,IND19005422,LN2019070000630,LDO20200000417,10,2020-06-07,02:32:05,1421.66,Debit,Completed,,Loan Payment - LN2019070000630,False,,0.95,,Automated,Personal Loan,standard_payment,False,loan_payment_generator,False,
TXNL202000001630,ACC0010507,IND19002027,LN2019070000631,LDO20200000911,10,2020-06-08,03:02:45,2231.02,Debit,Completed,,Loan Payment - LN2019070000631,False,,1.18,,Automated,Home Loan,standard_payment,False,loan_payment_generator,False,
TXNL202000001631,ACC0011078,IND19012587,LN2019070000637,LDO20200000912,10,2020-06-03,04:01:59,1441.7,Debit,Completed,,Loan Payment - LN2019070000637,False,,1.33,,Automated,Vehicle Loan,standard_payment,False,loan_payment_generator,False,
TXNL202000001632,ACC0011178,IND19004500,LN2019070000639,LDO20200000418,10,2020-06-08,04:34:09,1789.98,Debit,Completed,,Loan Payment - LN2019070000639,False,,0.38,,Automated,Vehicle Loan,standard_payment,False,loan_payment_generator,False,
TXNL202000001633,ACC0010821,IND19014353,LN2019070000642,LDO20200000022,11,2020-06-17,03:16:43,360.07,Debit,Completed,,Loan Payment - LN2019070000642,False,,0.86,,Automated,Home Loan,standard_payment,False,loan_payment_generator,False,
TXNL202000001634,ACC0010911,IND19004857,LN2019070000648,LDO20200000913,11,2020-06-19,03:26:09,578.49,Debit,Completed,,Loan Payment - LN2019070000648,False,,0.14,,Automated,Home Loan,standard_payment,False,loan_payment_generator,False,
TXNL202000001635,ACC0010805,IND19001742,LN2019070000656,LDO20200000914,11,2020-06-15,03:53:07,1517.4,Debit,Completed,,Loan Payment - LN2019070000656,False,,0.35,,Automated,Home Loan,standard_payment,False,loan_payment_generator,False,
TXNL202000001636,ACC0011128,IND19014232,LN2019070000660,LDO20200000419,11,2020-06-19,04:34:55,1062.09,Debit,Failed,mandate_limit,Loan Payment - LN2019070000660 - Partial,False,,1.33,,Automated,Vehicle Loan,partial_payment,False,loan_payment_generator,False,
TXNL202000001637,ACC0009994,IND19014863,LN2019070000662,LDO20200000189,11,2020-06-21,03:15:21,1005.77,Debit,Completed,,Loan Payment - LN2019070000662,False,,1.41,,Automated,Home Loan,standard_payment,False,loan_payment_generator,False,
TXNL202000001638,ACC0010801,IND19002300,LN2019070000665,LDO20200000915,11,2020-06-14,04:07:40,501.77,Debit,Failed,insufficient_funds,Loan Payment - LN2019070000665,False,,1.42,,Automated,Home Loan,standard_payment,False,loan_payment_generator,False,
TXNL202000001639,ACC0010290,IND19013881,LN2019070000667,LDO20200000916,11,2020-06-25,03:13:52,3396.26,Debit,Completed,,Loan Payment - LN2019070000667,False,,0.57,,Automated,Vehicle Loan,standard_payment,False,loan_payment_generator,False,
TXNL202000001640,ACC0010303,IND19007636,LN2019070000709,LDO20200000917,11,2020-06-10,02:57:52,12644.57,Debit,Completed,,Loan Payment - LN2019070000709 - Late Fee,False,,0.92,,Automated,Personal Loan,late_payment,False,loan_payment_generator,False,
TXNL202000001641,ACC0010015,IND19004209,LN2019070000718,LDO20200000918,11,2020-06-24,04:50:18,1243.82,Debit,Completed,,Loan Payment - LN2019070000718,False,,1.11,,Automated,Home Loan,standard_payment,False,loan_payment_generator,False,
TXNL202000001642,ACC0011151,IND19004809,LN2019070000719,LDO20200000919,11,2020-06-12,02:20:23,1174.72,Debit,Completed,,Loan Payment - LN2019070000719,False,,0.86,,Automated,Vehicle Loan,standard_payment,False,loan_payment_generator,False,
TXNL202000001643,ACC0009969,IND19015513,LN2019070000720,LDO20200000190,11,2020-06-20,04:29:26,564.84,Debit,Completed,,Loan Payment - LN2019070000720,False,,0.85,,Automated,Personal Loan,standard_payment,False,loan_payment_generator,False,
TXNL202000001644,ACC0010746,IND19011691,LN2019070000722,LDO20200000076,11,2020-06-27,04:11:43,4020.49,Debit,Completed,,Loan Payment - LN2019070000722,False,,0.16,,Automated,Home Loan,standard_payment,False,loan_payment_generator,False,
TXNL202000001645,ACC0010520,IND19001812,LN2019070000723,LDO20200000420,10,2020-06-03,02:32:13,2150.31,Debit,Completed,,Loan Payment - LN2019070000723,False,,1.79,,Automated,Personal Loan,standard_payment,False,loan_payment_generator,False,
TXNL202000001646,ACC0010674,IND19012200,LN2019070000730,LDO20200000920,11,2020-06-15,02:26:17,2091.82,Debit,Completed,,Loan Payment - LN2019070000730,False,,1.94,,Automated,Home Loan,standard_payment,False,loan_payment_generator,False,
TXNL202000001647,ACC0010062,IND19015637,LN2019070000738,LDO20200000921,10,2020-06-02,04:07:17,1226.46,Debit,Completed,,Loan Payment - LN2019070000738,False,,1.34,,Automated,Personal Loan,standard_payment,False,loan_payment_generator,False,
TXNL202000001648,ACC0010512,IND19010988,LN2019070000739,LDO20200000191,11,2020-06-20,03:34:59,13983.9,Debit,Completed,,Loan Payment - LN2019070000739,False,,0.56,,Automated,Personal Loan,standard_payment,False,loan_payment_generator,False,
TXNL202000001649,ACC0009909,IND19012150,LN2019070000748,LDO20200000922,11,2020-06-19,02:09:42,718.11,Debit,Completed,,Loan Payment - LN2019070000748,False,,0.18,,Automated,Home Loan,standard_payment,False,loan_payment_generator,False,
TXNL202000001650,ACC0011276,COM19000029,LN2019070000758,LDO20200000923,11,2020-06-20,03:59:02,11022.57,Debit,Completed,,Loan Payment - LN2019070000758,False,,0.64,,Automated,Business Loan,standard_payment,False,loan_payment_generator,False,
TXNL202000001651,ACC0010097,IND19015761,LN2019070000760,LDO20200000924,11,2020-06-19,04:53:47,1538.92,Debit,Completed,,Loan Payment - LN2019070000760,False,,0.17,,Automated,Home Loan,standard_payment,False,loan_payment_generator,False,
TXNL202000001652,ACC0010434,IND19011579,LN2019070000768,LDO20200000192,11,2020-06-25,04:23:34,3275.71,Debit,Completed,,Loan Payment - LN2019070000768,False,,1.85,,Automated,Vehicle Loan,standard_payment,False,loan_payment_generator,False,
TXNL202000001653,ACC0010314,IND19001557,LN2019070000787,LDO20200000421,10,2020-06-03,04:15:09,3146.68,Debit,Completed,,Loan Payment - LN2019070000787,False,,0.83,,Automated,Home Loan,standard_payment,False,loan_payment_generator,False,
TXNL202000001654,ACC0011084,IND19011352,LN2019070000793,LDO20200000925,11,2020-06-18,02:56:38,3928.56,Debit,Completed,,Loan Payment - LN2019070000793,False,,0.47,,Automated,Home Loan,standard_payment,False,loan_payment_generator,False,
TXNL202000001655,ACC0010231,IND19000571,LN2019070000805,LDO20200000926,11,2020-06-15,03:10:24,3428.24,Debit,Completed,,Loan Payment - LN20190700...,False,,0.71,,Automated,Home Loan,partial_payment,False,loan_payment_generator,True,truncated_description
TXNL202000001656,ACC0010891,IND19010612,LN2019070000808,LDO20200000927,11,2020-06-18,03:40:32,3199.88,Debit,Completed,,Loan Payment - LN2019070000808,False,,1.77,,Automated,Home Loan,standard_payment,False,loan_payment_generator,False,
TXNL202000001657,ACC0011179,IND19004500,LN2019070000822,LDO20200000928,11,2020-06-19,02:19:36,1861.77,Debit,Completed,,Loan Payment - LN20190700...,False,,1.36,,Automated,Personal Loan,standard_payment,False,loan_payment_generator,True,truncated_description
TXNL202000001658,ACC0010446,IND19002125,LN2019070000834,LDO20200000929,11,2020-06-21,04:29:54,12286.92,Debit,Completed,,Loan Payment - LN2019070000834,False,,1.09,,Automated,Personal Loan,standard_payment,False,loan_payment_generator,False,
TXNL202000001659,ACC0010696,IND19007848,LN2019070000840,LDO20200000077,11,2020-06-21,04:02:29,1142.28,Debit,Completed,,Loan Payment - LN2019070000840,False,,0.79,,Automated,Home Loan,standard_payment,False,loan_payment_generator,False,
TXNL202000001660,ACC0009954,IND19009083,LN2019070000851,LDO20200000193,11,2020-06-24,03:33:37,684.79,Debit,Completed,,Loan Payment - LN2019070000851,False,,1.43,,Automated,Personal Loan,standard_payment,False,loan_payment_generator,False,
TXNL202000001661,ACC0011163,IND19008839,LN2019070000854,LDO20200000930,11,2020-06-23,03:30:36,1869.86,Debit,Completed,,Loan Payment - LN2019070000854 - Partial,False,,1.01,,Automated,Home Loan,partial_payment,False,loan_payment_generator,False,
TXNL202000001662,ACC0010702,IND19011568,LN2019070000857,LDO20200000078,11,2020-06-25,04:01:17,503.82,Debit,Completed,,Loan Payment - LN2019070000857,False,,1.92,,Automated,Home Loan,standard_payment,False,loan_payment_generator,False,
TXNL202000001663,ACC0010555,IND19000657,LN2019070000858,LDO20200000422,11,2020-06-09,03:26:04,4147.88,Debit,Completed,,Loan Payment - LN2019070000858,False,,1.94,,Automated,Home Loan,standard_payment,False,loan_payment_generator,False,
TXNL202000001664,ACC0010013,IND19004418,LN2019070000866,LDO20200000931,10,2020-06-03,03:24:40,2958.66,Debit,Completed,,Loan Payment - LN2019070000866,False,,1.36,,Automated,Personal Loan,standard_payment,False,loan_payment_generator,False,
TXNL202000001665,ACC0010930,IND19003431,LN2019070000868,LDO20200000932,11,2020-06-23,02:35:17,2575.76,Debit,Completed,,Loan Payment - LN2019070000868 - Late Fee,False,,1.78,,Automated,Home Loan,late_payment,False,loan_payment_generator,False,
TXNL202000001666,ACC0010730,IND19001676,LN2019070000871,LDO20200000933,10,2020-06-03,02:02:30,8912.83,Debit,Completed,,Loan Payment - LN2019070000871,False,,0.1,,Automated,Personal Loan,standard_payment,False,loan_payment_generator,False,
TXNL202000001667,ACC0010191,IND19009073,LN2019070000887,LDO20200000423,10,2020-06-02,03:52:28,4216.45,Debit,Completed,,Loan Payment - LN2019070000887,False,,0.26,,Automated,Vehicle Loan,standard_payment,False,loan_payment_generator,False,
TXNL202000001668,ACC0011227,IND19000442,LN2019070000896,LDO20200000424,11,2020-06-22,02:17:32,2540.61,Debit,Completed,,Loan Payment - LN2019070000896,False,,0.16,,Automated,Vehicle Loan,standard_payment,False,loan_payment_generator,False,
TXNL202000001669,ACC0010543,IND19010120,LN2019070000902,LDO20200000934,11,2020-06-17,04:20:45,1551.75,Debit,Completed,,Loan Payment - LN2019070000902,False,,0.75,,Automated,Home Loan,standard_payment,False,loan_payment_generator,False,
TXNL202000001670,ACC0010394,IND19010621,LN2019070000906,LDO20200000935,11,2020-06-10,03:00:07,281.67,Debit,Completed,,Loan Payment - LN2019070000906,False,,1.22,,Automated,Home Loan,standard_payment,False,loan_payment_generator,False,
TXNL202000001671,ACC0010812,IND19010061,LN2019070000909,LDO20200000194,11,2020-06-30,04:09:35,3298.51,Debit,Completed,,Loan Payment - LN2019070000909,False,,0.21,,Automated,Personal Loan,standard_payment,False,loan_payment_generator,False,
TXNL202000001672,ACC0010485,IND19012707,LN2019070000921,LDO20200000425,11,2020-06-23,02:07:27,1445.87,Debit,Completed,,Loan Payment - LN2019070000921,False,,0.38,,Automated,Home Loan,standard_payment,False,loan_payment_generator,False,
TXNL202000001673,ACC0010992,IND19014740,LN2019070000922,LDO20200000426,11,2020-06-15,02:29:10,2148.35,Debit,Completed,,Loan Payment - LN2019070000922,False,,1.9,,Automated,Vehicle Loan,standard_payment,False,loan_payment_generator,False,
TXNL202000001674,ACC0011009,IND19005644,LN2019070000927,LDO20200000936,10,2020-06-10,02:00:44,1435.87,Debit,Completed,,Loan Payment - LN2019070000927,False,,0.98,,Automated,Home Loan,standard_payment,False,loan_payment_generator,False,
TXNL202000001675,ACC0009939,IND19007504,LN2019070000948,LDO20200000079,11,2020-06-21,02:50:50,1585.22,Debit,Completed,,Loan Payment - LN2019070000948,False,,1.5,,Automated,Personal Loan,standard_payment,False,loan_payment_generator,False,
TXNL202000001676,ACC0010255,IND19006122,LN2019070000949,LDO20200000937,11,2020-06-30,03:43:09,621.5,Debit,Completed,,Loan Payment - LN2019070000949,False,,1.96,,Automated,Home Loan,standard_payment,False,loan_payment_generator,False,
TXNL202000001677,ACC0010837,IND19000345,LN2019070000954,LDO20200000938,11,2020-06-24,02:35:18,2281.34,Debit,Completed,,Loan Payment - LN2019070000954 - Extra Principal,False,,1.42,,Automated,Vehicle Loan,extra_payment,False,loan_payment_generator,False,
TXNL202000001678,ACC0010056,IND19006786,LN2019070000955,LDO20200000939,11,2020-06-15,02:52:56,3602.26,Debit,Completed,,Loan Payment - LN2019070000955,False,,1.91,,Automated,Personal Loan,standard_payment,False,loan_payment_generator,False,
TXNL202000001679,ACC0010877,IND19015524,LN2019070000963,LDO20200000940,10,2020-06-05,04:23:09,11989.66,Debit,Completed,,Loan Payment - LN2019070000963,False,,1.0,,Automated,Personal Loan,standard_payment,False,loan_payment_generator,False,
TXNL202000001680,ACC0010918,IND19012194,LN2019070000975,LDO20200000080,10,2020-06-08,04:30:13,4656.1,Debit,Completed,,Loan Payment - LN2019070000975,False,,1.57,,Automated,Home Loan,standard_payment,False,loan_payment_generator,False,
TXNL202000001681,ACC0010333,IND19002509,LN2019070000976,LDO20200000941,11,2020-06-30,04:51:25,4261.97,Debit,Completed,,Loan Payment - LN2019070000976,False,,1.56,,Automated,Vehicle Loan,standard_payment,False,loan_payment_generator,False,
TXNL202000001682,ACC0011253,IND19009911,LN2019070000977,LDO20200000942,11,2020-06-13,02:16:05,2585.16,Debit,Completed,,Loan Payment - LN2019070000977,False,,1.91,,Automated,Home Loan,standard_payment,False,loan_payment_generator,False,
TXNL202000001683,ACC0010813,IND19009450,LN2019070000982,LDO20200000195,11,2020-06-22,02:43:56,2992.15,Debit,Completed,,Loan Payment - LN2019070000982,False,,0.23,,Automated,Personal Loan,standard_payment,False,loan_payment_generator,False,
TXNL202000001684,ACC0010639,IND19007461,LN2019070000987,LDO20200000943,11,2020-06-29,02:55:54,7416.81,Debit,Completed,,Loan Payment - LN2019070000987,False,,1.42,,Automated,Home Loan,standard_payment,False,loan_payment_generator,False,
TXNL202000001685,ACC0011277,COM19000015,LN2019070000989,LDO20200000427,11,2020-06-19,02:09:22,5673.21,Debit,Completed,,Loan Payment - LN2019070000989,False,,0.96,,Automated,Business Loan,standard_payment,False,loan_payment_generator,False,
TXNL202000001686,ACC0011028,IND19005775,LN2019070001006,LDO20200000428,11,2020-06-04,03:10:49,3509.11,Debit,Completed,,Loan Payment - LN2019070001006,False,,1.33,,Automated,Personal Loan,standard_payment,False,loan_payment_generator,False,
TXNL202000001687,ACC0010265,IND19008364,LN2019070001012,LDO20200000944,11,2020-06-25,04:21:22,2379.84,Debit,Completed,,Loan Payment - LN2019070001012,False,,0.46,,Automated,Personal Loan,standard_payment,False,loan_payment_generator,False,
TXNL202000001688,ACC0011016,IND19015052,LN2019070001019,LDO20200000081,11,2020-06-20,04:58:29,956.77,Debit,Completed,,Loan Payment - LN2019070001019,False,,0.24,,Automated,Home Loan,standard_payment,False,loan_payment_generator,False,
TXNL202000001689,ACC0010284,IND19006449,LN2019070001024,LDO20200000196,10,2020-06-01,03:20:22,768.98,Debit,Completed,,Loan Payment - LN2019070001024,False,,1.58,,Automated,Home Loan,standard_payment,False,loan_payment_generator,False,
TXNL202000001690,ACC0011279,COM19000225,LN2019070001025,LDO20200000945,10,2020-06-01,04:38:24,2740.97,Debit,Failed,bank_timeout,Loan Payment - LN2019070001025,False,,0.57,,Automated,Business Loan,standard_payment,False,loan_payment_generator,False,
TXNL202000001691,ACC0010598,IND19011039,LN2019070001029,LDO20200000946,11,2020-06-17,02:35:04,6116.6,Debit,Completed,,Loan Payment - LN2019070001029,False,,0.15,,Automated,Home Loan,standard_payment,False,loan_payment_generator,False,
TXNL202000001692,ACC0010788,IND19007228,LN2019070001057,LDO20200000947,10,2020-06-03,04:17:23,3582.5,Debit,Failed,bank_timeout,Loan Payment - LN2019070001057,False,,0.75,,Automated,Home Loan,standard_payment,False,loan_payment_generator,False,
TXNL202000001693,ACC0010336,IND19001312,LN2019070001062,LDO20200000948,11,2020-06-11,02:45:37,4221.79,Debit,Completed,,Loan Payment - LN2019070001062,False,,1.16,,Automated,Personal Loan,standard_payment,False,loan_payment_generator,False,
TXNL202000001694,ACC0010645,IND19009058,LN2019070001063,LDO20200000197,10,2020-06-01,03:37:00,2569.25,Debit,Completed,,Loan Payment - LN2019070001063 - Extra Principal,False,,1.88,,Automated,Home Loan,extra_payment,False,loan_payment_generator,False,
TXNL202000001695,ACC0010240,IND19016260,LN2019070001082,LDO20200000198,11,2020-06-28,03:06:10,3613.53,Debit,Completed,,Loan Payment - LN2019070001082,False,,0.9,,Automated,Vehicle Loan,standard_payment,False,loan_payment_generator,False,
TXNL202000001696,ACC0010803,IND19004134,LN2019070001086,LDO20200000949,10,2020-06-01,03:15:29,1412.09,Debit,Completed,,Loan Payment - LN2019070001086,False,,1.94,,Automated,Personal Loan,standard_payment,False,loan_payment_generator,False,
TXNL202000001697,ACC0010369,IND19012654,LN2019070001117,LDO20200000950,11,2020-06-23,04:40:54,2317.58,Debit,Completed,,Loan Payment - LN2019070001117,False,,1.83,,Automated,Personal Loan,standard_payment,False,loan_payment_generator,False,
TXNL202000001698,ACC0011173,IND19002918,LN2019070001122,LDO20200000951,11,2020-06-29,02:56:21,1425.74,Debit,Completed,,Loan Payment - LN2019070001122,False,,0.35,,Automated,Personal Loan,standard_payment,False,loan_payment_generator,False,
TXNL202000001699,ACC0011052,IND19004930,LN2019070001127,LDO20200000082,11,2020-06-15,03:46:34,1971.52,Debit,Completed,,Loan Payment - LN2019070001127,False,,1.11,,Automated,Vehicle Loan,standard_payment,False,loan_payment_generator,False,
TXNL202000001700,ACC0010295,IND19007893,LN2019070001128,LDO20200000952,10,2020-06-01,03:47:05,1146.94,Debit,Completed,,Loan Payment - LN2019070001128,False,,0.59,,Automated,Home Loan,standard_payment,False,loan_payment_generator,False,
TXNL202000001701,ACC0010477,IND19004600,LN2019070001141,LDO20200000953,11,2020-06-16,04:57:52,3961.55,Debit,Completed,,Loan Payment - LN2019070001141,False,,1.64,,Automated,Personal Loan,standard_payment,False,loan_payment_generator,False,
TXNL202000001702,ACC0011017,IND19010504,LN2019070001142,LDO20200000429,10,2020-06-07,02:55:42,13986.44,Debit,Completed,,Loan Payment - LN2019070001142,False,,1.76,,Automated,Personal Loan,standard_payment,False,loan_payment_generator,False,
TXNL202000001703,ACC0010907,IND19000402,LN2019070001143,LDO20200000954,11,2020-06-19,03:36:54,2543.4,Debit,Completed,,Loan Payment - LN2019070001143 - Late Fee,False,,0.51,,Automated,Personal Loan,late_payment,False,loan_payment_generator,False,
TXNL202000001704,ACC0011160,IND19005174,LN2019070001157,LDO20200000199,10,2020-06-07,04:53:06,1941.07,Debit,Completed,,Loan Payment - LN2019070001157 - Late Fee,False,,1.01,,Automated,Home Loan,late_payment,False,loan_payment_generator,False,
TXNL202000001705,ACC0010751,IND19003812,LN2019070001163,LDO20200000200,11,2020-06-27,03:12:04,1610.3,Debit,Completed,,Loan Payment - LN2019070001163,False,,0.75,,Automated,Home Loan,standard_payment,False,loan_payment_generator,False,
TXNL202000001706,ACC0010731,IND19003563,LN2019070001165,LDO20200000955,11,2020-06-21,05:42:31,1044.81,Debit,Completed,,Loan Payment - LN2019070001165,False,,1.8,,Automated,Vehicle Loan,standard_payment,False,loan_payment_generator,True,timestamp_shift
TXNL202000001707,ACC0010438,IND19011807,LN2019070001176,LDO20200000430,10,2020-06-02,03:17:35,13300.87,Debit,Completed,,Loan Payment - LN2019070001176,False,,0.53,,Automated,Personal Loan,standard_payment,False,loan_payment_generator,False,
TXNL202000001708,ACC0010881,IND19001227,LN2019070001206,LDO20200000201,10,2020-06-06,04:16:32,2026.78,Debit,Completed,,Loan Payment - LN2019070001206,False,,0.95,,Automated,Vehicle Loan,standard_payment,False,loan_payment_generator,False,
TXNL202000001709,ACC0010199,IND19004108,LN2019070001208,LDO20200000956,11,2020-06-28,03:50:04,4392.8,Debit,Completed,,Loan Payment - LN2019070001208,False,,1.3,,Automated,Home Loan,standard_payment,False,loan_payment_generator,False,
TXNL202000001710,ACC0010363,IND19010795,LN2019070001213,LDO20200000957,11,2020-06-25,03:15:05,748.07,Debit,Completed,,Loan Payment - LN2019070001213,False,,1.77,,Automated,Home Loan,standard_payment,False,loan_payment_generator,False,
TXNL202000001711,ACC0011207,IND19000522,LN2019070001224,LDO20200000958,11,2020-06-15,03:38:25,4939.82,Debit,Completed,,Loan Payment - LN2019070001224,False,,0.78,,Automated,Vehicle Loan,standard_payment,False,loan_payment_generator,False,
TXNL202000001712,ACC0010157,IND19012944,LN2019070001233,LDO20200000959,11,2020-06-29,04:15:04,3020.77,Debit,Completed,,Loan Payment - LN2019070001233,False,,0.1,,Automated,Vehicle Loan,standard_payment,False,loan_payment_generator,False,
TXNL202000001713,ACC0010232,IND19010044,LN2019070001234,LDO20200000960,11,2020-06-18,02:44:55,1986.94,Debit,Completed,,Loan Payment - LN2019070001234,False,,1.87,,Automated,Personal Loan,standard_payment,False,loan_payment_generator,False,
TXNL202000001714,ACC0010611,IND19013513,LN2019070001238,LDO20200000431,11,2020-06-20,02:10:06,970.02,Debit,Failed,insufficient_funds,Loan Payment - LN2019070001238,False,,0.11,,Automated,Home Loan,standard_payment,False,loan_payment_generator,False,
TXNL202000001715,ACC0010787,IND19007728,LN2019070001244,LDO20200000961,11,2020-06-26,04:39:58,843.26,Debit,Completed,,Loan Payment - LN2019070001244 - Late Fee,False,,0.24,,Automated,Home Loan,late_payment,False,loan_payment_generator,False,
TXNL202000001716,ACC0011096,IND19003534,LN2019070001248,LDO20200000962,11,2020-06-29,03:42:31,907.61,Debit,Failed,insufficient_funds,Loan Payment - LN2019070001248,False,,1.59,,Automated,Home Loan,standard_payment,False,loan_payment_generator,False,
TXNL202000001717,ACC0010183,IND19002873,LN2019070001271,LDO20200000963,11,2020-06-09,03:45:48,4761.86,Debit,Completed,,Loan Payment - LN2019070001271,False,,1.95,,Automated,Vehicle Loan,standard_payment,False,loan_payment_generator,False,
TXNL202000001718,ACC0010763,IND19005716,LN2019070001274,LDO20200000202,10,2020-06-03,02:32:55,4173.84,Debit,Completed,,Loan Payment - LN2019070001274,False,,0.73,,Automated,Vehicle Loan,standard_payment,False,loan_payment_generator,False,
TXNL202000001719,ACC0010525,IND19010908,LN2019070001279,LDO20200000203,10,2020-06-02,04:47:28,716.53,Debit,Completed,,Loan Payment - LN2019070001279,False,,1.88,,Automated,Vehicle Loan,standard_payment,False,loan_payment_generator,False,
TXNL202000001720,ACC0010328,IND19008589,LN2019070001282,LDO20200000964,11,2020-06-30,04:04:00,2285.12,Debit,Completed,,Loan Payment - LN2019070001282,False,,0.57,,Automated,Vehicle Loan,standard_payment,False,loan_payment_generator,False,
TXNL202000001721,ACC0010910,IND19009481,LN2019070001299,LDO20200000083,10,2020-06-02,02:18:57,911.41,Debit,Completed,,Loan Payment - LN2019070001299,False,,1.68,,Automated,Home Loan,standard_payment,False,loan_payment_generator,False,
TXNL202000001722,ACC0009895,IND19007004,LN2019070001300,LDO20200000965,11,2020-06-25,02:37:45,2662.7,Debit,Completed,,Loan Payment - LN2019070001300,False,,1.13,,Automated,Personal Loan,standard_payment,False,loan_payment_generator,False,
TXNL202000001723,ACC0011248,IND19009344,LN2019070001308,LDO20200000966,10,2020-06-06,04:11:43,3176.04,Debit,Completed,,Loan Payment - LN2019070001308,False,,1.16,,Automated,Vehicle Loan,standard_payment,False,loan_payment_generator,False,
TXNL202000001724,ACC0012829,IND19002487,LN2019080000019,LDO20200000967,10,2020-06-30,02:52:07,943.39,Debit,Completed,,Loan Payment - LN20190800...,False,,1.93,,Automated,Home Loan,standard_payment,False,loan_payment_generator,True,truncated_description
TXNL202000001725,ACC0012688,IND19005750,LN2019080000030,LDO20200000432,10,2020-06-21,02:13:42,655.16,Debit,Completed,,Loan Payment - LN2019080000030,False,,1.61,,Automated,Home Loan,standard_payment,False,loan_payment_generator,False,
TXNL202000001726,ACC0012779,IND19015603,LN2019080000033,LDO20200000433,9,2020-06-07,04:10:26,1308.56,Debit,Completed,,Loan Payment - LN2019080000033,False,,0.08,,Automated,Home Loan,standard_payment,False,loan_payment_generator,False,
TXNL202000001727,ACC0012597,IND19008158,LN2019080000037,LDO20200000968,10,2020-06-14,04:27:31,2791.11,Debit,Completed,,Loan Payment - LN2019080000037,False,,1.33,,Automated,Personal Loan,standard_payment,False,loan_payment_generator,False,
TXNL202000001728,ACC0011655,IND19015954,LN2019080000039,LDO20200000969,10,2020-06-13,02:37:19,4117.13,Debit,Failed,insufficient_funds,Loan Payment - LN2019080000039,False,,0.81,,Automated,Vehicle Loan,standard_payment,False,loan_payment_generator,False,
TXNL202000001729,ACC0011294,IND19016111,LN2019080000053,LDO20200000434,10,2020-06-20,02:38:43,1656.59,Debit,Completed,,Loan Payment - LN2019080000053,False,,0.69,,Automated,Home Loan,standard_payment,False,loan_payment_generator,False,
TXNL202000001730,ACC0012617,IND19010379,LN2019080000064,LDO20200000435,9,2020-06-06,04:42:09,1895.19,Debit,Failed,insufficient_funds,Loan Payment - LN2019080000064,False,,1.25,,Automated,Personal Loan,standard_payment,False,loan_payment_generator,True,status_inconsistency
TXNL202000001731,ACC0011375,IND19017428,LN2019080000065,LDO20200000970,9,2020-06-05,02:58:45,1151.34,Debit,Completed,,Loan Payment - LN2019080000065,False,,1.43,,Automated,Home Loan,standard_payment,False,loan_payment_generator,False,
TXNL202000001732,ACC0011575,IND19001648,LN2019080000082,LDO20200000971,10,2020-06-16,04:31:43,1693.44,Debit,Completed,,Loan Payment - LN2019080000082,False,,1.54,,Automated,Personal Loan,standard_payment,False,loan_payment_generator,False,
TXNL202000001733,ACC0011350,IND19008980,LN2019080000086,LDO20200000436,10,2020-06-20,02:38:53,2259.87,Debit,Completed,,Loan Payment - LN2019080000086,False,,0.38,,Automated,Vehicle Loan,standard_payment,False,loan_payment_generator,False,
TXNL202000001734,ACC0012594,IND19010354,LN2019080000087,LDO20200000972,10,2020-06-16,03:36:40,1982.64,Debit,Completed,,Loan Payment - LN2019080000087,False,,0.11,,Automated,Home Loan,standard_payment,False,loan_payment_generator,False,
TXNL202000001735,ACC0012431,IND19017712,LN2019080000089,LDO20200000204,10,2020-06-30,01:58:24,2631.48,Debit,Completed,,Loan Payment - LN2019080000089,False,,1.9,,Automated,Home Loan,standard_payment,False,loan_payment_generator,True,timestamp_shift
TXNL202000001736,ACC0011395,IND19013318,LN2019080000104,LDO20200000084,10,2020-06-28,03:26:08,2687.06,Debit,Completed,,Loan Payment - LN2019080000104,False,,0.13,,Automated,Personal Loan,standard_payment,False,loan_payment_generator,False,
TXNL202000001737,ACC0012169,IND19002223,LN2019080000107,LDO20200000973,10,2020-06-28,04:11:21,899.25,Debit,Completed,,Loan Payment - LN2019080000107,False,,0.47,,Automated,Home Loan,standard_payment,False,loan_payment_generator,False,
TXNL202000001738,ACC0012054,IND19010671,LN2019080000114,LDO20200000974,10,2020-06-19,04:13:10,6509.17,Debit,Completed,,Loan Payment - LN2019080000114,False,,1.64,,Automated,Personal Loan,standard_payment,False,loan_payment_generator,False,
TXNL202000001739,ACC0011666,IND19010630,LN2019080000120,LDO20200000437,10,2020-06-11,03:22:33,4074.25,Debit,Completed,,Loan Payment - LN2019080000120,False,,0.4,,Automated,Personal Loan,standard_payment,False,loan_payment_generator,False,
TXNL202000001740,ACC0011661,IND19009547,LN2019080000122,LDO20200000205,9,2020-06-06,02:30:49,11151.43,Debit,Completed,,Loan Payment - LN2019080000122,False,,0.96,,Automated,Personal Loan,standard_payment,False,loan_payment_generator,False,
TXNL202000001741,ACC0012121,IND19015743,LN2019080000124,LDO20200000975,9,2020-06-02,02:36:18,1227.88,Debit,Completed,,Loan Payment - LN2019080000124,False,,0.23,,Automated,Home Loan,standard_payment,False,loan_payment_generator,False,
TXNL202000001742,ACC0011567,IND19017103,LN2019080000126,LDO20200000206,10,2020-06-15,02:10:10,3020.22,Debit,Completed,,Loan Payment - LN2019080000126,False,,1.87,,Automated,Personal Loan,standard_payment,False,loan_payment_generator,False,
TXNL202000001743,ACC0011716,IND19012549,LN2019080000134,LDO20200000438,9,2020-06-07,04:56:59,1797.06,Debit,Completed,,Loan Payment - LN2019080000134,False,,0.68,,Automated,Personal Loan,standard_payment,False,loan_payment_generator,False,
TXNL202000001744,ACC0011656,IND19014084,LN2019080000138,LDO20200000976,10,2020-06-26,03:05:49,1534.85,Debit,Completed,,Loan Payment - LN2019080000138,False,,0.36,,Automated,Vehicle Loan,standard_payment,False,loan_payment_generator,False,
TXNL202000001745,ACC0012573,IND19004723,LN2019080000139,LDO20200000977,10,2020-06-11,02:46:54,1459.86,Debit,Completed,,Loan Payment - LN2019080000139,False,,1.93,,Automated,Home Loan,standard_payment,False,loan_payment_generator,False,
TXNL202000001746,ACC0011719,IND19005915,LN2019080000142,LDO20200000439,9,2020-06-07,03:17:59,3640.86,Debit,Cancelled,customer_stop_instruction,Loan Payment - LN2019080000142,False,,1.75,,Automated,Home Loan,standard_payment,False,loan_payment_generator,False,
TXNL202000001747,ACC0011512,IND19010258,LN2019080000145,LDO20200000440,10,2020-06-30,02:51:26,316.58,Debit,Completed,,Loan Payment - LN2019080000145,False,,0.71,,Automated,Home Loan,standard_payment,False,loan_payment_generator,False,
TXNL202000001748,ACC0011511,IND19008078,LN2019080000147,LDO20200000978,10,2020-06-11,03:32:00,2619.64,Debit,Failed,mandate_limit,Loan Payment - LN2019080000147 - Extra Principal,False,,0.31,,Automated,Vehicle Loan,extra_payment,False,loan_payment_generator,False,
TXNL202000001749,ACC0012384,IND19017813,LN2019080000150,LDO20200000207,10,2020-06-27,02:28:45,417.81,Debit,Completed,,Loan Payment - LN2019080000150,False,,1.07,,Automated,Home Loan,standard_payment,False,loan_payment_generator,False,
TXNL202000001750,ACC0011508,IND19006111,LN2019080000158,LDO20200000979,10,2020-06-14,02:30:52,1778.97,Debit,Completed,,Loan Payment - LN2019080000158,False,,1.28,,Automated,Personal Loan,standard_payment,False,loan_payment_generator,False,
TXNL202000001751,ACC0012227,IND19018759,LN2019080000179,LDO20200000981,10,2020-06-16,04:41:24,1958.96,Debit,Completed,,Loan Payment - LN2019080000179 - Extra Principal,False,,0.65,,Automated,Vehicle Loan,extra_payment,False,loan_payment_generator,False,
TXNL202000001752,ACC0011450,IND19017718,LN2019080000185,LDO20200000982,10,2020-06-20,02:22:47,1843.47,Debit,Completed,,Loan Payment - LN2019080000185,False,,1.94,,Automated,Vehicle Loan,standard_payment,False,loan_payment_generator,False,
TXNL202000001753,ACC0011939,IND19005788,LN2019080000186,LDO20200000441,10,2020-06-11,02:31:10,1443.59,Debit,Completed,,Loan Payment - LN2019080000186,False,,1.49,,Automated,Home Loan,standard_payment,False,loan_payment_generator,False,
TXNL202000001754,ACC0012150,IND19004874,LN2019080000188,LDO20200000085,10,2020-06-30,04:32:16,1715.29,Debit,Completed,,Loan Payment - LN2019080000188,False,,1.68,,Automated,Personal Loan,standard_payment,False,loan_payment_generator,False,
TXNL202000001755,ACC0012070,IND19014786,LN2019080000190,LDO20200000442,10,2020-06-16,04:45:01,2081.82,Debit,Completed,,Loan Payment - LN2019080000190,False,,0.4,,Automated,Vehicle Loan,standard_payment,False,loan_payment_generator,False,
TXNL202000001756,ACC0011524,IND19004328,LN2019080000201,LDO20200000983,10,2020-06-24,02:40:25,7691.1,Debit,Completed,,Loan Payment - LN2019080000201,False,,0.26,,Automated,Home Loan,standard_payment,False,loan_payment_generator,False,
TXNL202000001757,ACC0011461,IND19017490,LN2019080000205,LDO20200000443,10,2020-06-27,04:58:26,990.66,Debit,Completed,,Loan Payment - LN2019080000205,False,,1.42,,Automated,Personal Loan,standard_payment,False,loan_payment_generator,False,
TXNL202000001758,ACC0012050,IND19016322,LN2019080000226,LDO20200000984,10,2020-06-15,03:50:16,1099.32,Debit,Completed,,Loan Payment - LN2019080000226,False,,0.13,,Automated,Home Loan,standard_payment,False,loan_payment_generator,False,
TXNL202000001759,ACC0012873,COM19000059,LN2019080000227,LDO20200000985,10,2020-06-16,03:41:18,3754.91,Debit,Completed,,Loan Payment - LN2019080000227,False,,1.29,,Automated,Business Loan,standard_payment,False,loan_payment_generator,False,
TXNL202000001760,ACC0012840,IND19003141,LN2019080000230,LDO20200000444,10,2020-06-21,04:04:25,5617.05,Debit,Completed,,Loan Payment - LN2019080000230,False,,0.99,,Automated,Personal Loan,standard_payment,False,loan_payment_generator,False,
TXNL202000001761,ACC0011798,IND19011509,LN2019080000240,LDO20200000445,10,2020-06-12,00:24:19,2102.33,Debit,Completed,,Loan Payment - LN2019080000240,False,,1.99,,Automated,Home Loan,standard_payment,False,loan_payment_generator,True,timestamp_shift
TXNL202000001762,ACC0011396,IND19013318,LN2019080000246,LDO20200000986,10,2020-06-17,04:51:45,2343.66,Debit,Completed,,Loan Payment - LN2019080000246,False,,1.13,,Automated,Personal Loan,standard_payment,False,loan_payment_generator,False,
TXNL202000001763,ACC0012031,IND19011475,LN2019080000282,LDO20200000987,9,2020-06-04,02:03:35,805.44,Debit,Completed,,Loan Payment - LN2019080000282 - Partial,False,,1.28,,Automated,Home Loan,partial_payment,False,loan_payment_generator,False,
TXNL202000001764,ACC0012584,IND19008092,LN2019080000286,LDO20200000446,10,2020-06-16,03:16:31,1520.39,Debit,Completed,,Loan Payment - LN2019080000286,False,,1.7,,Automated,Personal Loan,standard_payment,False,loan_payment_generator,False,
TXNL202000001765,ACC0012140,IND19009372,LN2019080000289,LDO20200000988,10,2020-06-30,03:03:22,570.43,Debit,Completed,,Loan Payment - LN2019080000289,False,,0.0,,Automated,Home Loan,standard_payment,False,loan_payment_generator,False,
TXNL202000001766,ACC0011670,IND19007780,LN2019080000293,LDO20200000035,10,2020-06-25,04:17:17,1251.23,Debit,Failed,bank_timeout,Loan Payment - LN2019080000293,False,,1.55,,Automated,Home Loan,standard_payment,False,loan_payment_generator,False,
TXNL202000001767,ACC0011496,IND19008717,LN2019080000305,LDO20200000208,10,2020-06-19,03:44:10,3975.2,Debit,Completed,,Loan Payment - LN2019080000305,False,,1.38,,Automated,Personal Loan,standard_payment,False,loan_payment_generator,False,
TXNL202000001768,ACC0011412,IND19018577,LN2019080000318,LDO20200000447,10,2020-06-24,03:05:57,2816.18,Debit,Completed,,Loan Payment - LN2019080000318,False,,0.6,,Automated,Home Loan,standard_payment,False,loan_payment_generator,True,amount_rounding_error
TXNL202000001769,ACC0012138,IND19011057,LN2019080000324,LDO20200000989,10,2020-06-22,04:18:56,598.35,Debit,Completed,,Loan Payment - LN2019080000324,False,,0.5,,Automated,Home Loan,standard_payment,False,loan_payment_generator,False,
TXNL202000001770,ACC0012602,IND19006076,LN2019080000325,LDO20200000990,9,2020-06-06,03:26:59,2499.13,Debit,Completed,,Loan Payment - LN2019080000325,False,,0.39,,Automated,Personal Loan,standard_payment,False,loan_payment_generator,False,
TXNL202000001771,ACC0011856,IND19001864,LN2019080000327,LDO20200000448,10,2020-06-24,03:45:51,17450.42,Debit,Completed,,Loan Payment - LN2019080000327,False,,0.28,,Automated,Personal Loan,standard_payment,False,loan_payment_generator,False,
TXNL202000001772,ACC0011622,IND19011558,LN2019080000339,LDO20200000449,10,2020-06-30,02:50:18,5773.38,Debit,Completed,,Loan Payment - LN2019080000339,False,,1.65,,Automated,Personal Loan,standard_payment,False,loan_payment_generator,False,
TXNL202000001773,ACC0012219,IND19008337,LN2019080000340,LDO20200000036,9,2020-06-04,03:08:05,2031.61,Debit,Completed,,Loan Payment - LN20190800...,False,,1.16,,Automated,Vehicle Loan,standard_payment,False,loan_payment_generator,True,truncated_description
TXNL202000001774,ACC0011613,IND19010239,LN2019080000345,LDO20200000086,9,2020-06-01,04:38:20,1017.79,Debit,Completed,,Loan Payment - LN2019080000345 - Partial,False,,1.49,,Automated,Home Loan,partial_payment,False,loan_payment_generator,False,
TXNL202000001775,ACC0012386,IND19016064,LN2019080000351,LDO20200000991,10,2020-06-20,03:14:07,2138.03,Debit,Completed,,Loan Payment - LN2019080000351,False,,1.16,,Automated,Home Loan,standard_payment,False,loan_payment_generator,False,
TXNL202000001776,ACC0011586,IND19010878,LN2019080000353,LDO20200000992,9,2020-06-06,03:38:51,859.11,Debit,Completed,,Loan Payment - LN2019080000353,False,,0.94,,Automated,Vehicle Loan,standard_payment,False,loan_payment_generator,False,
TXNL202000001777,ACC0012580,IND19005241,LN2019080000361,LDO20200000450,10,2020-06-22,04:53:18,1281.5,Debit,Completed,,Loan Payment - LN2019080000361,False,,0.69,,Automated,Home Loan,standard_payment,False,loan_payment_generator,False,
TXNL202000001778,ACC0011404,IND19004632,LN2019080000366,LDO20200000993,10,2020-06-22,03:55:25,1224.26,Debit,Failed,insufficient_funds,Loan Payment - LN2019080000366,False,,0.38,,Automated,Vehicle Loan,standard_payment,False,loan_payment_generator,False,
TXNL202000001779,ACC0011682,IND19009113,LN2019080000376,LDO20200000994,10,2020-06-24,03:26:53,232.13,Debit,Completed,,Loan Payment - LN2019080000376,False,,0.85,,Automated,Home Loan,standard_payment,False,loan_payment_generator,False,
TXNL202000001780,ACC0012751,IND19000274,LN2019080000377,LDO20200000209,9,2020-06-08,04:54:05,945.51,Debit,Completed,,Loan Payment - LN2019080000377,False,,0.34,,Automated,Personal Loan,standard_payment,False,loan_payment_generator,False,
TXNL202000001781,ACC0012703,IND19008523,LN2019080000384,LDO20200000451,10,2020-06-26,02:19:10,3201.92,Debit,Completed,,Loan Payment - LN2019080000384,False,,1.69,,Automated,Home Loan,standard_payment,False,loan_payment_generator,False,
TXNL202000001782,ACC0012789,IND19016688,LN2019080000387,LDO20200000995,10,2020-06-15,02:24:48,1962.06,Debit,Completed,,Loan Payment - LN2019080000387 - Partial,False,,1.37,,Automated,Home Loan,partial_payment,False,loan_payment_generator,False,
TXNL202000001783,ACC0012075,IND19011763,LN2019080000399,LDO20200000996,10,2020-06-27,03:28:40,2155.58,Debit,Completed,,Loan Payment - LN2019080000399,False,,0.52,,Automated,Home Loan,standard_payment,False,loan_payment_generator,False,
TXNL202000001784,ACC0011709,IND19002966,LN2019080000403,LDO20200000997,10,2020-06-23,03:09:09,2410.24,Debit,Completed,,Loan Payment - LN2019080000403,False,,1.89,,Automated,Home Loan,standard_payment,False,loan_payment_generator,False,
TXNL202000001785,ACC0011990,IND19001331,LN2019080000409,LDO20200000998,10,2020-06-21,00:36:17,1850.79,Debit,Completed,,Loan Payment - LN2019080000409,False,,1.49,,Automated,Home Loan,standard_payment,False,loan_payment_generator,True,timestamp_shift
TXNL202000001786,ACC0012065,IND19005416,LN2019080000416,LDO20200000452,10,2020-06-14,03:34:00,13961.04,Debit,Completed,,Loan Payment - LN2019080000416,False,,1.82,,Automated,Personal Loan,standard_payment,False,loan_payment_generator,False,
TXNL202000001787,ACC0012562,IND19013202,LN2019080000426,LDO20200000999,10,2020-06-19,02:28:18,602.0,Debit,Completed,,Loan Payment - LN2019080000426,False,,0.9,,Automated,Home Loan,standard_payment,False,loan_payment_generator,False,
TXNL202000001788,ACC0012313,IND19004224,LN2019080000432,LDO20200000453,9,2020-06-01,03:15:35,5183.74,Debit,Completed,,Loan Payment - LN2019080000432,False,,1.71,,Automated,Vehicle Loan,standard_payment,False,loan_payment_generator,False,
TXNL202000001789,ACC0012455,IND19004353,LN2019080000452,LDO20200001000,10,2020-06-28,03:59:21,453.98,Debit,Completed,,Loan Payment - LN2019080000452,False,,0.66,,Automated,Home Loan,standard_payment,False,loan_payment_generator,False,
TXNL202000001790,ACC0012484,IND19017142,LN2019080000460,LDO20200001001,9,2020-06-05,04:34:09,6863.43,Debit,Completed,,Loan Payment - LN2019080000460,False,,0.72,,Automated,Personal Loan,standard_payment,False,loan_payment_generator,False,
TXNL202000001791,ACC0012623,IND19013912,LN2019080000468,LDO20200000210,10,2020-06-26,04:49:15,3720.6,Debit,Failed,insufficient_funds,Loan Payment - LN2019080000468,False,,0.2,,Automated,Personal Loan,standard_payment,False,loan_payment_generator,False,
TXNL202000001792,ACC0011341,IND19014324,LN2019080000469,LDO20200001002,9,2020-06-07,03:48:59,2000.9,Debit,Completed,,Loan Payment - LN2019080000469,False,,0.06,,Automated,Personal Loan,standard_payment,False,loan_payment_generator,False,
TXNL202000001793,ACC0011844,IND19010575,LN2019080000471,LDO20200001003,9,2020-06-04,04:20:29,1747.25,Debit,Completed,,Loan Payment - LN2019080000471,False,,0.02,,Automated,Personal Loan,standard_payment,False,loan_payment_generator,False,
TXNL202000001794,ACC0012109,IND19002079,LN2019080000479,LDO20200000454,9,2020-06-02,03:39:36,1629.46,Debit,Completed,,Loan Payment - LN2019080000479 - Partial,False,,0.32,,Automated,Home Loan,partial_payment,False,loan_payment_generator,False,
TXNL202000001795,ACC0012728,IND19009689,LN2019080000483,LDO20200000455,9,2020-06-01,04:44:47,1054.87,Debit,Completed,,Loan Payment - LN2019080000483,False,,0.39,,Automated,Home Loan,standard_payment,False,loan_payment_generator,False,
TXNL202000001796,ACC0012548,IND19009914,LN2019080000489,LDO20200001004,10,2020-06-19,02:55:03,385.65,Debit,Completed,,Loan Payment - LN2019080000489,False,,1.3,,Automated,Home Loan,standard_payment,False,loan_payment_generator,False,
TXNL202000001797,ACC0012388,IND19007153,LN2019080000490,LDO20200001005,10,2020-06-28,04:50:57,6899.97,Debit,Completed,,Loan Payment - LN2019080000490,False,,1.06,,Automated,Personal Loan,standard_payment,False,loan_payment_generator,False,
TXNL202000001798,ACC0012886,COM19000269,LN2019080000491,LDO20200001006,10,2020-06-18,04:04:25,68570.71,Debit,Completed,,Loan Payment - LN2019080000491 - Partial,False,,1.5,,Automated,Business Loan,partial_payment,False,loan_payment_generator,False,
TXNL202000001799,ACC0012665,IND19002202,LN2019080000494,LDO20200001007,10,2020-06-12,04:38:10,6291.14,Debit,Completed,,Loan Payment - LN2019080000494,False,,0.3,,Automated,Home Loan,standard_payment,False,loan_payment_generator,False,
TXNL202000001800,ACC0012207,IND19018275,LN2019080000497,LDO20200001008,10,2020-06-21,03:26:15,880.1,Debit,Completed,,Loan Payment - LN2019080000497 - Partial,False,,1.13,,Automated,Vehicle Loan,partial_payment,False,loan_payment_generator,False,
TXNL202000001801,ACC0011652,IND19016744,LN2019080000499,LDO20200001009,10,2020-06-10,02:18:23,2766.8,Debit,Completed,,Loan Payment - LN2019080000499,False,,0.88,,Automated,Personal Loan,standard_payment,False,loan_payment_generator,False,
TXNL202000001802,ACC0012824,IND19017661,LN2019080000509,LDO20200000456,10,2020-06-12,23:05:21,1044.23,Debit,Failed,account_blocked,Loan Payment - LN2019080000509,False,,0.6,,Automated,Home Loan,standard_payment,False,loan_payment_generator,True,timestamp_shift
TXNL202000001803,ACC0012470,IND19001172,LN2019080000515,LDO20200000211,10,2020-06-15,04:27:29,827.55,Debit,Completed,,Loan Payment - LN2019080000515,False,,1.88,,Automated,Vehicle Loan,standard_payment,False,loan_payment_generator,False,
TXNL202000001804,ACC0012808,IND19015435,LN2019080000518,LDO20200001010,10,2020-06-24,04:13:45,4821.33,Debit,Completed,,Loan Payment - LN2019080000518,False,,1.57,,Automated,Personal Loan,standard_payment,False,loan_payment_generator,False,
TXNL202000001805,ACC0011786,IND19002805,LN2019080000524,LDO20200001011,10,2020-06-23,09:52:10,2148.89,Debit,Completed,,Loan Payment - LN2019080000524,False,,0.39,,Automated,Home Loan,standard_payment,False,loan_payment_generator,True,timestamp_shift
TXNL202000001806,ACC0012197,IND19005331,LN2019080000531,LDO20200001012,9,2020-06-01,03:02:29,3440.19,Debit,Completed,,Loan Payment - LN2019080000531,False,,0.37,,Automated,Home Loan,standard_payment,False,loan_payment_generator,False,
TXNL202000001807,ACC0012782,IND19006349,LN2019080000532,LDO20200000457,10,2020-06-19,02:38:09,452.53,Debit,Completed,,Loan Payment - LN2019080000532,False,,0.49,,Automated,Home Loan,standard_payment,False,loan_payment_generator,False,
TXNL202000001808,ACC0011320,IND19003717,LN2019080000543,LDO20200001013,10,2020-06-24,04:21:36,1165.62,Debit,Completed,,Loan Payment - LN2019080000543,False,,1.02,,Automated,Home Loan,standard_payment,False,loan_payment_generator,False,
TXNL202000001809,ACC0012351,IND19019353,LN2019080000544,LDO20200001014,9,2020-06-05,03:30:00,5553.8,Debit,Failed,insufficient_funds,Loan Payment - LN2019080000544,False,,0.81,,Automated,Home Loan,standard_payment,False,loan_payment_generator,False,
TXNL202000001810,ACC0012892,COM19000349,LN2019080000573,LDO20200000458,9,2020-06-04,03:10:49,4263.91,Debit,Completed,,Loan Payment - LN2019080000573 - Late Fee,False,,1.01,,Automated,Business Loan,late_payment,False,loan_payment_generator,False,
TXNL202000001811,ACC0011720,IND19005915,LN2019080000578,LDO20200000459,9,2020-06-02,04:34:44,2926.51,Debit,Completed,,Loan Payment - LN2019080000578,False,,1.88,,Automated,Personal Loan,standard_payment,False,loan_payment_generator,False,
TXNL202000001812,ACC0011976,IND19001534,LN2019080000582,LDO20200000037,10,2020-06-18,02:59:54,1982.69,Debit,Completed,,Loan Payment - LN2019080000582,False,,1.67,,Automated,Home Loan,standard_payment,False,loan_payment_generator,False,
TXNL202000001813,ACC0011545,IND19001828,LN2019080000585,LDO20200000087,9,2020-06-03,02:13:13,2020.45,Debit,Completed,,Loan Payment - LN2019080000585,False,,0.52,,Automated,Personal Loan,standard_payment,False,loan_payment_generator,False,
TXNL202000001814,ACC0012561,IND19003165,LN2019080000587,LDO20200000088,9,2020-06-07,04:39:57,2179.96,Debit,Failed,insufficient_funds,Loan Payment - LN2019080000587 - Recovery,False,,0.16,,Automated,Vehicle Loan,recovery_payment,True,loan_payment_generator,False,
TXNL202000001815,ACC0012087,IND19002832,LN2019080000596,LDO20200000460,10,2020-06-11,04:42:23,1854.26,Debit,Completed,,Loan Payment - LN2019080000596,False,,1.15,,Automated,Home Loan,standard_payment,False,loan_payment_generator,False,
TXNL202000001816,ACC0012442,IND19012118,LN2019080000608,LDO20200001015,10,2020-06-27,04:52:54,442.97,Debit,Completed,,Loan Payment - LN2019080000608,False,,1.39,,Automated,Home Loan,standard_payment,False,loan_payment_generator,False,
TXNL202000001817,ACC0011827,IND19019306,LN2019080000610,LDO20200001016,10,2020-06-24,03:13:41,5250.85,Debit,Completed,,Loan Payment - LN2019080000610,False,,0.09,,Automated,Home Loan,standard_payment,False,loan_payment_generator,False,
TXNL202000001818,ACC0012459,IND19012342,LN2019080000620,LDO20200001017,10,2020-06-30,02:01:00,1044.73,Debit,Completed,,Loan Payment - LN2019080000620,False,,1.77,,Automated,Home Loan,standard_payment,False,loan_payment_generator,False,
TXNL202000001819,ACC0011859,IND19006757,LN2019080000621,LDO20200001018,10,2020-06-13,04:18:19,2414.77,Debit,Completed,,Loan Payment - LN2019080000621,False,,0.29,,Automated,Home Loan,standard_payment,False,loan_payment_generator,False,
TXNL202000001820,ACC0011386,IND19003795,LN2019080000623,LDO20200001019,10,2020-06-25,04:40:51,2005.69,Debit,Completed,,Loan Payment - LN2019080000623,False,,0.34,,Automated,Vehicle Loan,standard_payment,False,loan_payment_generator,False,
TXNL202000001821,ACC0011295,IND19004695,LN2019080000626,LDO20200000212,9,2020-06-06,04:20:24,1220.21,Debit,Completed,,Loan Payment - LN2019080000626,False,,1.09,,Automated,Vehicle Loan,standard_payment,False,loan_payment_generator,False,
TXNL202000001822,ACC0012498,IND19007077,LN2019080000639,LDO20200001020,10,2020-06-30,04:32:00,4233.53,Debit,Completed,,Loan Payment - LN2019080000639 - Late Fee,False,,1.75,,Automated,Home Loan,late_payment,False,loan_payment_generator,False,
TXNL202000001823,ACC0011428,IND19000865,LN2019080000652,LDO20200001021,9,2020-06-01,04:04:12,2529.76,Debit,Completed,,Loan Payment - LN2019080000652,False,,2.0,,Automated,Vehicle Loan,standard_payment,False,loan_payment_generator,False,
TXNL202000001824,ACC0012711,IND19006279,LN2019080000674,LDO20200001022,10,2020-06-23,03:41:20,4543.81,Debit,Completed,,Loan Payment - LN2019080000674,False,,0.21,,Automated,Home Loan,standard_payment,False,loan_payment_generator,False,
TXNL202000001825,ACC0011883,IND19001987,LN2019080000682,LDO20200001023,10,2020-06-27,04:18:00,953.98,Debit,Completed,,Loan Payment - LN2019080000682,False,,0.79,,Automated,Personal Loan,standard_payment,False,loan_payment_generator,False,
TXNL202000001826,ACC0012756,IND19013754,LN2019080000683,LDO20200000462,10,2020-06-16,04:57:39,471.71,Debit,Completed,,Loan Payment - LN2019080000683,False,,0.87,,Automated,Personal Loan,standard_payment,False,loan_payment_generator,False,
TXNL202000001827,ACC0012151,IND19007839,LN2019080000722,LDO20200000463,10,2020-06-19,02:32:13,1520.83,Debit,Completed,,Loan Payment - LN2019080000722,False,,0.68,,Automated,Home Loan,standard_payment,False,loan_payment_generator,True,amount_rounding_error
TXNL202000001828,ACC0011551,IND19001572,LN2019080000728,LDO20200000213,10,2020-06-26,03:07:27,1216.92,Debit,Completed,,Loan Payment - LN2019080000728,False,,0.55,,Automated,Home Loan,standard_payment,False,loan_payment_generator,False,
TXNL202000001829,ACC0012884,COM19000303,LN2019080000733,LDO20200001024,10,2020-06-09,04:12:44,38122.9,Debit,Completed,,Loan Payment - LN2019080000733,False,,1.13,,Automated,Business Loan,standard_payment,False,loan_payment_generator,False,
TXNL202000001830,ACC0011616,IND19017642,LN2019080000737,LDO20200001025,10,2020-06-23,04:23:46,6140.26,Debit,Completed,,Loan Payment - LN2019080000737,False,,0.18,,Automated,Personal Loan,standard_payment,False,loan_payment_generator,False,
TXNL202000001831,ACC0011583,IND19013428,LN2019080000758,LDO20200001026,10,2020-06-27,04:51:13,967.65,Debit,Completed,,Loan Payment - LN2019080000758,False,,0.15,,Automated,Personal Loan,standard_payment,False,loan_payment_generator,False,
TXNL202000001832,ACC0011932,IND19016374,LN2019080000761,LDO20200001027,10,2020-06-24,02:14:11,4306.89,Debit,Completed,,Loan Payment - LN2019080000761,False,,0.5,,Automated,Home Loan,standard_payment,False,loan_payment_generator,False,
TXNL202000001833,ACC0011818,IND19002541,LN2019080000766,LDO20200000464,10,2020-06-25,02:51:23,3075.79,Debit,Completed,,Loan Payment - LN2019080000766,False,,1.49,,Automated,Home Loan,standard_payment,False,loan_payment_generator,False,
TXNL202000001834,ACC0012777,IND19003104,LN2019080000767,LDO20200001028,10,2020-06-30,04:31:59,2260.78,Debit,Cancelled,customer_stop_instruction,Loan Payment - LN2019080000767 - Extra Principal,False,,0.65,,Automated,Vehicle Loan,extra_payment,False,loan_payment_generator,False,
TXNL202000001835,ACC0011480,IND19001929,LN2019080000773,LDO20200000465,10,2020-06-21,02:12:32,604.81,Debit,Failed,insufficient_funds,Loan Payment - LN2019080000773 - Partial,False,,1.41,,Automated,Home Loan,partial_payment,False,loan_payment_generator,False,
TXNL202000001836,ACC0012512,IND19015680,LN2019080000774,LDO20200001029,9,2020-06-05,02:23:33,2348.32,Debit,Completed,,Loan Payment - LN2019080000774,False,,0.17,,Automated,Vehicle Loan,standard_payment,False,loan_payment_generator,False,
TXNL202000001837,ACC0012554,IND19017928,LN2019080000778,LDO20200000214,9,2020-06-01,04:36:45,2759.92,Debit,Completed,,Loan Payment - LN2019080000778,False,,1.93,,Automated,Personal Loan,standard_payment,False,loan_payment_generator,False,
TXNL202000001838,ACC0012682,IND19009302,LN2019080000790,LDO20200000466,9,2020-06-05,02:14:30,871.66,Debit,Completed,,Loan Payment - LN2019080000790,False,,0.94,,Automated,Home Loan,standard_payment,False,loan_payment_generator,False,
TXNL202000001839,ACC0012895,COM19000097,LN2019080000798,LDO20200000467,10,2020-06-27,03:09:12,33747.01,Debit,Completed,,Loan Payment - LN2019080000798,False,,0.27,,Automated,Business Loan,standard_payment,False,loan_payment_generator,False,
TXNL202000001840,ACC0012475,IND19014810,LN2019080000803,LDO20200001030,10,2020-06-18,03:02:20,4608.52,Debit,Completed,,Loan Payment - LN2019080000803,False,,0.66,,Automated,Home Loan,standard_payment,False,loan_payment_generator,False,
TXNL202000001841,ACC0011848,IND19016189,LN2019080000806,LDO20200001031,10,2020-06-15,04:10:47,1725.62,Debit,Completed,,Loan Payment - LN2019080000806,False,,0.76,,Automated,Personal Loan,standard_payment,False,loan_payment_generator,False,
TXNL202000001842,ACC0012732,IND19016318,LN2019080000814,LDO20200001032,10,2020-06-24,02:56:54,1313.5,Debit,Completed,,Loan Payment - LN2019080000814 - Extra Principal,False,,0.65,,Automated,Vehicle Loan,extra_payment,False,loan_payment_generator,False,
TXNL202000001843,ACC0012275,IND19004402,LN2019080000816,LDO20200000468,10,2020-06-19,02:56:40,527.36,Debit,Completed,,Loan Payment - LN2019080000816,False,,1.11,,Automated,Vehicle Loan,standard_payment,False,loan_payment_generator,False,
TXNL202000001844,ACC0012115,IND19005283,LN2019080000828,LDO20200001033,10,2020-06-16,02:55:07,2447.15,Debit,Completed,,Loan Payment - LN2019080000828 - Late Fee,False,,0.37,,Automated,Home Loan,late_payment,False,loan_payment_generator,False,
TXNL202000001845,ACC0011330,IND19011635,LN2019080000829,LDO20200001034,9,2020-06-05,03:31:34,3467.56,Debit,Completed,,Loan Payment - LN2019080000829,False,,1.27,,Automated,Home Loan,standard_payment,False,loan_payment_generator,False,
TXNL202000001846,ACC0011529,IND19004634,LN2019080000831,LDO20200001035,10,2020-06-27,04:59:38,3003.75,Debit,Completed,,Loan Payment - LN2019080000831,False,,1.9,,Automated,Home Loan,standard_payment,False,loan_payment_generator,False,
TXNL202000001847,ACC0012224,IND19014262,LN2019080000834,LDO20200001036,10,2020-06-21,04:26:11,7558.23,Debit,Completed,,Loan Payment - LN2019080000834,False,,0.82,,Automated,Home Loan,standard_payment,False,loan_payment_generator,False,
TXNL202000001848,ACC0011900,IND19016824,LN2019080000837,LDO20200000215,9,2020-06-01,03:33:51,191.45,Debit,Completed,,Loan Payment - LN2019080000837,False,,0.64,,Automated,Home Loan,standard_payment,False,loan_payment_generator,False,
TXNL202000001849,ACC0012539,IND19011505,LN2019080000867,LDO20200000089,10,2020-06-13,03:55:30,6098.43,Debit,Completed,,Loan Payment - LN2019080000867,False,,0.27,,Automated,Home Loan,standard_payment,False,loan_payment_generator,False,
TXNL202000001850,ACC0011362,IND19015936,LN2019080000884,LDO20200001037,10,2020-06-19,02:34:51,1505.92,Debit,Failed,mandate_limit,Loan Payment - LN2019080000884,False,,1.45,,Automated,Home Loan,standard_payment,False,loan_payment_generator,False,
TXNL202000001851,ACC0012210,IND19019586,LN2019080000885,LDO20200000469,10,2020-06-23,03:26:07,1958.7,Debit,Completed,,Loan Payment - LN2019080000885,False,,1.21,,Automated,Personal Loan,standard_payment,False,loan_payment_generator,False,
TXNL202000001852,ACC0011659,IND19015490,LN2019080000887,LDO20200000470,9,2020-06-02,02:14:57,5458.51,Debit,Completed,,Loan Payment - LN2019080000887,False,,0.17,,Automated,Home Loan,standard_payment,False,loan_payment_generator,False,
TXNL202000001853,ACC0012226,IND19017233,LN2019080000890,LDO20200000216,10,2020-06-24,04:18:55,4797.14,Debit,Completed,,Loan Payment - LN2019080000890,False,,1.82,,Automated,Personal Loan,standard_payment,False,loan_payment_generator,False,
TXNL202000001854,ACC0012851,IND19015798,LN2019080000892,LDO20200000471,10,2020-06-22,02:24:50,1529.05,Debit,Completed,,Loan Payment - LN2019080000892,False,,2.0,,Automated,Vehicle Loan,standard_payment,False,loan_payment_generator,False,
TXNL202000001855,ACC0012266,IND19003573,LN2019080000898,LDO20200000217,9,2020-06-01,04:17:19,1845.53,Debit,Completed,,Loan Payment - LN2019080000898,False,,1.55,,Automated,Vehicle Loan,standard_payment,False,loan_payment_generator,False,
TXNL202000001856,ACC0011951,IND19016239,LN2019080000902,LDO20200001038,10,2020-06-21,03:52:40,2597.0,Debit,Completed,,Loan Payment - LN2019080000902,False,,0.23,,Automated,Home Loan,standard_payment,False,loan_payment_generator,False,
TXNL202000001857,ACC0011792,IND19012021,LN2019080000908,LDO20200000218,10,2020-06-17,02:22:31,3093.11,Debit,Completed,,Loan Payment - LN2019080000908,False,,0.47,,Automated,Vehicle Loan,standard_payment,False,loan_payment_generator,False,
TXNL202000001858,ACC0011822,IND19006466,LN2019080000912,LDO20200000472,10,2020-06-21,03:08:49,2522.16,Debit,Completed,,Loan Payment - LN2019080000912,False,,0.43,,Automated,Vehicle Loan,standard_payment,False,loan_payment_generator,False,
TXNL202000001859,ACC0012373,IND19004144,LN2019080000920,LDO20200001039,10,2020-06-25,04:05:50,2549.04,Debit,Failed,insufficient_funds,Loan Payment - LN2019080000920,False,,0.22,,Automated,Vehicle Loan,standard_payment,False,loan_payment_generator,False,
TXNL202000001860,ACC0011553,IND19016071,LN2019080000929,LDO20200000473,10,2020-06-23,03:00:19,835.9,Debit,Completed,,Loan Payment - LN2019080000929,False,,1.1,,Automated,Personal Loan,standard_payment,False,loan_payment_generator,False,
TXNL202000001861,ACC0012212,IND19008741,LN2019080000931,LDO20200001040,10,2020-06-13,04:47:28,2098.07,Debit,Completed,,Loan Payment - LN2019080000931,False,,1.58,,Automated,Vehicle Loan,standard_payment,False,loan_payment_generator,False,
TXNL202000001862,ACC0011662,IND19007783,LN2019080000938,LDO20200001041,10,2020-06-20,03:10:06,14044.98,Debit,Completed,,Loan Payment - LN2019080000938,False,,1.74,,Automated,Personal Loan,standard_payment,False,loan_payment_generator,False,
TXNL202000001863,ACC0012113,IND19011037,LN2019080000941,LDO20200000090,10,2020-06-11,02:35:06,5154.69,Debit,Completed,,Loan Payment - LN2019080000941 - Late Fee,False,,0.52,,Automated,Home Loan,late_payment,False,loan_payment_generator,False,
TXNL202000001864,ACC0012170,IND19002223,LN2019080000942,LDO20200001042,10,2020-06-21,03:27:39,465.59,Debit,Completed,,Loan Payment - LN2019080000942,False,,1.24,,Automated,Vehicle Loan,standard_payment,False,loan_payment_generator,False,
TXNL202000001865,ACC0012092,IND19008449,LN2019080000946,LDO20200000038,10,2020-06-15,03:51:43,2105.91,Debit,Completed,,Loan Payment - LN2019080000946,False,,0.98,,Automated,Home Loan,standard_payment,False,loan_payment_generator,False,
TXNL202000001866,ACC0012767,IND19006341,LN2019080000950,LDO20200001043,10,2020-06-21,02:54:24,1417.45,Debit,Completed,,Loan Payment - LN2019080000950,False,,1.14,,Automated,Home Loan,standard_payment,False,loan_payment_generator,False,
TXNL202000001867,ACC0012614,IND19014627,LN2019080000953,LDO20200001044,9,2020-06-01,04:36:12,2160.22,Debit,Failed,daily_limit_exceeded,Loan Payment - LN2019080000953,False,,0.5,,Automated,Vehicle Loan,standard_payment,False,loan_payment_generator,False,
TXNL202000001868,ACC0012204,IND19003136,LN2019080000954,LDO20200001045,9,2020-06-02,04:25:56,753.49,Debit,Completed,,Loan Payment - LN2019080000954,False,,0.22,,Automated,Home Loan,standard_payment,False,loan_payment_generator,False,
TXNL202000001869,ACC0012896,COM19000288,LN2019080000963,LDO20200001046,10,2020-06-29,03:39:25,8606.07,Debit,Completed,,Loan Payment - LN2019080000963,False,,0.57,,Automated,Business Loan,standard_payment,False,loan_payment_generator,False,
TXNL202000001870,ACC0012158,IND19016865,LN2019080000989,LDO20200001047,10,2020-06-13,03:42:24,5394.31,Debit,Completed,,Loan Payment - LN2019080000989,False,,0.86,,Automated,Home Loan,standard_payment,False,loan_payment_generator,False,
TXNL202000001871,ACC0012171,IND19019262,LN2019080000993,LDO20200001048,10,2020-06-28,04:02:51,3358.57,Debit,Completed,,Loan Payment - LN2019080000993,False,,1.29,,Automated,Personal Loan,standard_payment,False,loan_payment_generator,False,
TXNL202000001872,ACC0011454,IND19004910,LN2019080000995,LDO20200001049,10,2020-06-20,02:59:49,3405.49,Debit,Completed,,Loan Payment - LN2019080000995,False,,0.05,,Automated,Vehicle Loan,standard_payment,False,loan_payment_generator,False,
TXNL202000001873,ACC0012234,IND19012335,LN2019080000997,LDO20200001050,10,2020-06-24,03:58:34,1074.89,Debit,Completed,,Loan Payment - LN20190800...,False,,0.77,,Automated,Home Loan,standard_payment,False,loan_payment_generator,True,truncated_description
TXNL202000001874,ACC0011441,IND19004907,LN2019080000998,LDO20200000474,10,2020-06-25,02:51:52,3100.65,Debit,Completed,,Loan Payment - LN2019080000998,False,,1.33,,Automated,Home Loan,standard_payment,False,loan_payment_generator,False,
TXNL202000001875,ACC0012118,IND19010720,LN2019080000999,LDO20200001051,10,2020-06-15,03:55:09,2914.52,Debit,Completed,,Loan Payment - LN2019080000999,False,,0.91,,Automated,Home Loan,standard_payment,False,loan_payment_generator,False,
TXNL202000001876,ACC0012260,IND19007134,LN2019080001002,LDO20200001052,10,2020-06-16,03:03:49,1093.46,Debit,Completed,,Loan Payment - LN2019080001002,False,,0.38,,Automated,Vehicle Loan,standard_payment,False,loan_payment_generator,False,
TXNL202000001877,ACC0012368,IND19017074,LN2019080001003,LDO20200001053,10,2020-06-28,04:08:12,13920.44,Debit,Completed,,Loan Payment - LN2019080001003,False,,0.01,,Automated,Personal Loan,standard_payment,False,loan_payment_generator,False,
TXNL202000001878,ACC0011570,IND19008030,LN2019080001004,LDO20200000475,10,2020-06-16,02:33:33,11968.58,Debit,Completed,,Loan Payment - LN2019080001004,False,,0.71,,Automated,Personal Loan,standard_payment,False,loan_payment_generator,False,
TXNL202000001879,ACC0012499,IND19014773,LN2019080001010,LDO20200001054,9,2020-06-03,02:20:32,1656.36,Debit,Completed,,Loan Payment - LN20190800...,False,,1.88,,Automated,Personal Loan,standard_payment,False,loan_payment_generator,True,truncated_description
TXNL202000001880,ACC0012494,IND19001976,LN2019080001013,LDO20200001055,9,2020-06-04,03:52:33,2311.56,Debit,Completed,,Loan Payment - LN2019080001013,False,,0.63,,Automated,Home Loan,standard_payment,False,loan_payment_generator,False,
TXNL202000001881,ACC0011520,IND19012986,LN2019080001014,LDO20200000219,9,2020-06-03,02:24:06,2298.49,Debit,Completed,,Loan Payment - LN2019080001014,False,,1.97,,Automated,Vehicle Loan,standard_payment,False,loan_payment_generator,False,
TXNL202000001882,ACC0012768,IND19010556,LN2019080001021,LDO20200001056,10,2020-06-14,02:50:17,4190.14,Debit,Completed,,Loan Payment - LN2019080001021,False,,1.73,,Automated,Personal Loan,standard_payment,False,loan_payment_generator,False,
TXNL202000001883,ACC0012133,IND19000962,LN2019080001027,LDO20200001057,10,2020-06-29,02:39:59,929.9,Debit,Completed,,Loan Payment - LN2019080001027,False,,0.9,,Automated,Personal Loan,standard_payment,False,loan_payment_generator,False,
TXNL202000001884,ACC0012747,IND19005503,LN2019080001029,LDO20200000220,10,2020-06-29,04:49:37,447.83,Debit,Completed,,Loan Payment - LN2019080001029,False,,0.61,,Automated,Home Loan,standard_payment,False,loan_payment_generator,False,
TXNL202000001885,ACC0011299,IND19013786,LN2019080001033,LDO20200000476,10,2020-06-22,03:55:08,4077.76,Debit,Completed,,Loan Payment - LN2019080001033,False,,0.88,,Automated,Home Loan,standard_payment,False,loan_payment_generator,False,
TXNL202000001886,ACC0011729,IND19009759,LN2019080001034,LDO20200001058,9,2020-06-01,04:21:45,6287.99,Debit,Completed,,Loan Payment - LN2019080001034,False,,0.3,,Automated,Home Loan,standard_payment,False,loan_payment_generator,False,
TXNL202000001887,ACC0011740,IND19008521,LN2019080001037,LDO20200000221,9,2020-06-09,02:17:49,10740.24,Debit,Completed,,Loan Payment - LN2019080001037,False,,1.82,,Automated,Personal Loan,standard_payment,False,loan_payment_generator,False,
TXNL202000001888,ACC0012654,IND19004248,LN2019080001042,LDO20200001059,10,2020-06-22,04:47:37,1661.75,Debit,Completed,,Loan Payment - LN2019080001042,False,,0.1,,Automated,Vehicle Loan,standard_payment,False,loan_payment_generator,False,
TXNL202000001889,ACC0012504,IND19000209,LN2019080001043,LDO20200001060,9,2020-06-09,04:36:19,1686.55,Debit,Completed,,Loan Payment - LN2019080001043,False,,0.58,,Automated,Personal Loan,standard_payment,False,loan_payment_generator,False,
TXNL202000001890,ACC0012103,IND19001306,LN2019080001044,LDO20200001061,10,2020-06-30,04:21:35,973.38,Debit,Completed,,Loan Payment - LN2019080001044 - Late Fee,False,,0.41,,Automated,Home Loan,late_payment,False,loan_payment_generator,False,
TXNL202000001891,ACC0012356,IND19014034,LN2019080001051,LDO20200000222,10,2020-06-30,02:33:51,1831.54,Debit,Completed,,Loan Payment - LN2019080001051,False,,1.74,,Automated,Home Loan,standard_payment,False,loan_payment_generator,False,
TXNL202000001892,ACC0012758,IND19006998,LN2019080001059,LDO20200000477,9,2020-06-10,03:52:59,3290.24,Debit,Completed,,Loan Payment - LN2019080001059,False,,1.7,,Automated,Vehicle Loan,standard_payment,False,loan_payment_generator,False,
TXNL202000001893,ACC0012214,IND19014256,LN2019080001062,LDO20200000478,10,2020-06-19,02:20:02,3700.9,Debit,Completed,,Loan Payment - LN2019080001062,False,,1.8,,Automated,Home Loan,standard_payment,False,loan_payment_generator,False,
TXNL202000001894,ACC0012250,IND19013806,LN2019080001067,LDO20200000091,9,2020-06-02,03:45:54,1768.54,Debit,Completed,,Loan Payment - LN2019080001067,False,,1.39,,Automated,Personal Loan,standard_payment,False,loan_payment_generator,False,
TXNL202000001895,ACC0011636,IND19007660,LN2019080001072,LDO20200001062,10,2020-06-27,03:18:39,2269.22,Debit,Completed,,Loan Payment - LN2019080001072,False,,1.78,,Automated,Personal Loan,standard_payment,False,loan_payment_generator,False,
TXNL202000001896,ACC0012027,IND19008927,LN2019080001074,LDO20200001063,9,2020-06-09,04:24:36,1433.59,Debit,Failed,bank_timeout,Loan Payment - LN2019080001074,False,,1.21,,Automated,Home Loan,standard_payment,False,loan_payment_generator,False,
TXNL202000001897,ACC0011688,IND19017736,LN2019080001076,LDO20200000223,10,2020-06-18,02:14:41,2108.72,Debit,Completed,,Loan Payment - LN2019080001076,False,,0.53,,Automated,Personal Loan,standard_payment,False,loan_payment_generator,False,
TXNL202000001898,ACC0011814,IND19013409,LN2019080001082,LDO20200000039,10,2020-06-23,04:40:46,3589.0,Debit,Failed,mandate_limit,Loan Payment - LN2019080001082,False,,0.62,,Automated,Home Loan,standard_payment,False,loan_payment_generator,False,
TXNL202000001899,ACC0012076,IND19015931,LN2019080001086,LDO20200000479,10,2020-06-29,03:50:46,1514.97,Debit,Completed,,Loan Payment - LN2019080001086,False,,1.18,,Automated,Vehicle Loan,standard_payment,False,loan_payment_generator,False,
 TXNL202000001900 ,ACC0012385,IND19001495,LN2019080001088,LDO20200000480,9,2020-06-02,03:52:58,952.55,Debit,Completed,,Loan Payment - LN2019080001088,False,,0.96,,Automated,Home Loan,standard_payment,False,loan_payment_generator,True,whitespace_in_id
TXNL202000001901,ACC0012393,IND19006925,LN2019080001091,LDO20200000481,10,2020-06-21,02:41:03,1732.18,Debit,Completed,,Loan Payment - LN2019080001091,False,,1.67,,Automated,Personal Loan,standard_payment,False,loan_payment_generator,False,
TXNL202000001902,ACC0011558,IND19005048,LN2019080001099,LDO20200001064,10,2020-06-28,04:58:31,4968.15,Debit,Failed,insufficient_funds,Loan Payment - LN2019080001099 - Extra Principal,False,,0.74,,Automated,Vehicle Loan,extra_payment,False,loan_payment_generator,False,
TXNL202000001903,ACC0012513,IND19015680,LN2019080001108,LDO20200001065,10,2020-06-30,04:14:06,1352.59,Debit,Failed,mandate_limit,Loan Payment - LN2019080001108,False,,0.3,,Automated,Vehicle Loan,standard_payment,False,loan_payment_generator,False,
TXNL202000001904,ACC0012107,IND19008635,LN2019080001114,LDO20200001066,10,2020-06-27,03:35:44,2024.88,Debit,Completed,,Loan Payment - LN2019080001114,False,,1.55,,Automated,Vehicle Loan,standard_payment,False,loan_payment_generator,False,
TXNL202000001905,ACC0012739,IND19007446,LN2019080001118,LDO20200000482,9,2020-06-01,03:49:32,1157.72,Debit,Completed,,Loan Payment - LN2019080001118,False,,1.07,,Automated,Personal Loan,standard_payment,False,loan_payment_generator,False,
TXNL202000001906,ACC0012222,IND19019694,LN2019080001126,LDO20200001067,10,2020-06-09,02:12:03,3877.3,Debit,Completed,,Loan Payment - LN2019080001126 - Late Fee,False,,1.79,,Automated,Home Loan,late_payment,False,loan_payment_generator,False,
TXNL202000001907,ACC0011458,IND19008867,LN2019080001131,LDO20200000092,10,2020-06-18,04:49:50,2438.52,Debit,Completed,,Loan Payment - LN2019080001131,False,,0.49,,Automated,Vehicle Loan,standard_payment,False,loan_payment_generator,False,
TXNL202000001908,ACC0011605,IND19007573,LN2019080001139,LDO20200001068,10,2020-06-27,03:28:36,8340.92,Debit,Completed,,Loan Payment - LN2019080001139,False,,0.59,,Automated,Home Loan,standard_payment,False,loan_payment_generator,False,
TXNL202000001909,ACC0012849,IND19005417,LN2019080001142,LDO20200000483,9,2020-06-05,02:04:35,2277.83,Debit,Completed,,Loan Payment - LN2019080001142,False,,1.16,,Automated,Home Loan,standard_payment,False,loan_payment_generator,False,
TXNL202000001910,ACC0012303,IND19009010,LN2019080001143,LDO20200001069,10,2020-06-20,02:56:16,1370.63,Debit,Completed,,Loan Payment - LN2019080001143,False,,0.2,,Automated,Home Loan,standard_payment,False,loan_payment_generator,False,
TXNL202000001911,ACC0012015,IND19003146,LN2019080001148,LDO20200000224,10,2020-06-24,04:38:23,3392.06,Debit,Completed,,Loan Payment - LN2019080001148,False,,1.89,,Automated,Personal Loan,standard_payment,False,loan_payment_generator,False,
TXNL202000001912,ACC0011594,IND19009558,LN2019080001154,LDO20200000093,10,2020-06-14,03:42:33,7344.24,Debit,Completed,,Loan Payment - LN2019080001154,False,,0.49,,Automated,Home Loan,standard_payment,False,loan_payment_generator,False,
TXNL202000001913,ACC0012583,IND19004856,LN2019080001169,LDO20200001070,10,2020-06-23,04:20:44,1508.05,Debit,Completed,,Loan Payment - LN2019080001169,False,,0.37,,Automated,Home Loan,standard_payment,False,loan_payment_generator,False,
TXNL202000001914,ACC0011843,IND19002977,LN2019080001175,LDO20200001071,10,2020-06-29,02:56:13,1117.08,Debit,Completed,,Loan Payment - LN2019080001175,False,,1.11,,Automated,Vehicle Loan,standard_payment,False,loan_payment_generator,False,
TXNL202000001915,ACC0012571,IND19001949,LN2019080001186,LDO20200001072,9,2020-06-03,02:54:52,2279.73,Debit,Completed,,Loan Payment - LN2019080001186,False,,1.45,,Automated,Home Loan,standard_payment,False,loan_payment_generator,False,
TXNL202000001916,ACC0012218,IND19008337,LN2019080001196,LDO20200001073,9,2020-06-02,04:54:36,2775.96,Debit,Completed,,Loan Payment - LN2019080001196,False,,1.43,,Automated,Home Loan,standard_payment,False,loan_payment_generator,False,
TXNL202000001917,ACC0012713,IND19011304,LN2019080001197,LDO20200001074,9,2020-06-10,02:36:17,3582.86,Debit,Completed,,Loan Payment - LN2019080001197,False,,0.94,,Automated,Vehicle Loan,standard_payment,False,loan_payment_generator,False,
TXNL202000001918,ACC0011806,IND19012627,LN2019080001202,LDO20200001075,9,2020-06-10,02:11:58,1614.11,Debit,Failed,account_blocked,Loan Payment - LN2019080001202,False,,0.45,,Automated,Home Loan,standard_payment,False,loan_payment_generator,False,
TXNL202000001919,ACC0011418,IND19002376,LN2019080001203,LDO20200000484,9,2020-06-02,02:31:35,12550.42,Debit,Completed,,Loan Payment - LN2019080001203 - Late Fee,False,,0.38,,Automated,Personal Loan,late_payment,False,loan_payment_generator,False,
TXNL202000001920,ACC0012240,IND19004835,LN2019080001206,LDO20200001076,10,2020-06-12,02:54:43,3581.14,Debit,Completed,,Loan Payment - LN2019080001206,False,,0.85,,Automated,Home Loan,standard_payment,False,loan_payment_generator,False,
TXNL202000001921,ACC0011803,IND19019137,LN2019080001216,LDO20200000225,10,2020-06-29,03:21:48,7160.2,Debit,Completed,,Loan Payment - LN2019080001216,False,,1.7,,Automated,Personal Loan,standard_payment,False,loan_payment_generator,False,
TXNL202000001922,ACC0012305,IND19010535,LN2019080001230,LDO20200001077,10,2020-06-28,04:05:50,7718.99,Debit,Completed,,Loan Payment - LN2019080001230,False,,0.25,,Automated,Home Loan,standard_payment,False,loan_payment_generator,False,
TXNL202000001923,ACC0011726,IND19014238,LN2019080001235,LDO20200000485,10,2020-06-22,03:30:35,2032.12,Debit,Cancelled,customer_stop_instruction,Loan Payment - LN2019080001235,False,,1.81,,Automated,Home Loan,standard_payment,False,loan_payment_generator,False,
TXNL202000001924,ACC0011377,IND19012177,LN2019080001240,LDO20200000094,9,2020-06-05,04:22:15,4752.33,Debit,Completed,,Loan Payment - LN2019080001240,False,,0.37,,Automated,Home Loan,standard_payment,False,loan_payment_generator,False,
TXNL202000001925,ACC0011584,IND19012193,LN2019080001246,LDO20200001078,10,2020-06-29,04:01:19,1771.62,Debit,Completed,,Loan Payment - LN2019080001246,False,,0.17,,Automated,Home Loan,standard_payment,False,loan_payment_generator,False,
TXNL202000001926,ACC0012871,COM19000067,LN2019080001247,LDO20200000226,9,2020-06-06,03:19:45,6437.86,Debit,Completed,,Loan Payment - LN2019080001247,False,,1.1,,Automated,Business Loan,standard_payment,False,loan_payment_generator,False,
TXNL202000001927,ACC0011658,IND19019139,LN2019080001248,LDO20200000486,10,2020-06-25,04:00:12,3175.16,Debit,Completed,,Loan Payment - LN2019080001248,False,,1.18,,Automated,Home Loan,standard_payment,False,loan_payment_generator,False,
TXNL202000001928,ACC0011513,IND19008916,LN2019080001249,LDO20200001079,10,2020-06-14,02:41:04,2527.66,Debit,Completed,,Loan Payment - LN2019080001249 - Partial,False,,1.65,,Automated,Vehicle Loan,partial_payment,False,loan_payment_generator,False,
TXNL202000001929,ACC0012387,IND19019017,LN2019080001254,LDO20200001080,10,2020-06-17,04:42:00,3550.47,Debit,Completed,,Loan Payment - LN2019080001254,False,,1.43,,Automated,Home Loan,standard_payment,False,loan_payment_generator,False,
TXNL202000001930,ACC0011994,IND19001228,LN2019080001255,LDO20200000227,10,2020-06-12,03:28:59,1807.86,Debit,Completed,,Loan Payment - LN2019080001255,False,,1.59,,Automated,Home Loan,standard_payment,False,loan_payment_generator,False,
TXNL202000001931,ACC0011382,IND19019008,LN2019080001261,LDO20200001081,10,2020-06-20,02:26:59,4340.55,Debit,Completed,,Loan Payment - LN2019080001261,False,,1.23,,Automated,Vehicle Loan,standard_payment,False,loan_payment_generator,False,
TXNL202000001932,ACC0012190,IND19004395,LN2019080001264,LDO20200001082,10,2020-06-18,04:33:21,1786.59,Debit,Completed,,Loan Payment - LN2019080001264,False,,0.54,,Automated,Home Loan,standard_payment,False,loan_payment_generator,False,
TXNL202000001933,ACC0012332,IND19006771,LN2019080001266,LDO20200000487,10,2020-06-30,04:37:35,602.03,Debit,Completed,,Loan Payment - LN2019080001266,False,,1.85,,Automated,Home Loan,standard_payment,False,loan_payment_generator,False,
TXNL202000001934,ACC0012440,IND19003116,LN2019080001269,LDO20200000488,10,2020-06-21,04:16:29,1257.96,Debit,Completed,,Loan Payment - LN2019080001269,False,,1.55,,Automated,Personal Loan,standard_payment,False,loan_payment_generator,False,
TXNL202000001935,ACC0011442,IND19004907,LN2019080001285,LDO20200001083,9,2020-06-03,03:42:04,8849.51,Debit,Completed,,Loan Payment - LN2019080001285 - Partial,False,,1.41,,Automated,Personal Loan,partial_payment,False,loan_payment_generator,False,
TXNL202000001936,ACC0011760,IND19014021,LN2019080001300,LDO20200001084,10,2020-06-29,03:16:45,4356.6,Debit,Completed,,Loan Payment - LN2019080001300,False,,1.51,,Automated,Home Loan,standard_payment,False,loan_payment_generator,False,
TXNL202000001937,ACC0012523,IND19017835,LN2019080001321,LDO20200001085,10,2020-06-25,04:50:59,3186.52,Debit,Completed,,Loan Payment - LN2019080001321 - Late Fee,False,,1.87,,Automated,Personal Loan,late_payment,False,loan_payment_generator,False,
TXNL202000001938,ACC0011965,IND19017536,LN2019080001324,LDO20200000489,10,2020-06-23,02:28:28,5397.08,Debit,Completed,,Loan Payment - LN2019080001324,False,,1.51,,Automated,Home Loan,standard_payment,False,loan_payment_generator,False,
TXNL202000001939,ACC0012415,IND19001636,LN2019080001343,LDO20200000490,9,2020-06-01,04:21:57,4574.95,Debit,Completed,,Loan Payment - LN2019080001343,False,,1.86,,Automated,Home Loan,standard_payment,False,loan_payment_generator,False,
TXNL202000001940,ACC0011924,IND19013724,LN2019080001346,LDO20200001086,10,2020-06-13,03:40:13,3936.87,Debit,Completed,,Loan Payment - LN2019080001346,False,,1.37,,Automated,Home Loan,standard_payment,False,loan_payment_generator,False,
TXNL202000001941,ACC0012416,IND19017291,LN2019080001356,LDO20200000491,10,2020-06-15,03:03:15,5476.84,Debit,Failed,mandate_limit,Loan Payment - LN2019080001356,False,,0.27,,Automated,Vehicle Loan,standard_payment,False,loan_payment_generator,False,
TXNL202000001942,ACC0012879,COM19000170,LN2019080001357,LDO20200001087,10,2020-06-11,03:41:48,28444.38,Debit,Completed,,Loan Payment - LN2019080001357,False,,1.15,,Automated,Business Loan,standard_payment,False,loan_payment_generator,False,
TXNL202000001943,ACC0012379,IND19017606,LN2019080001358,LDO20200000228,9,2020-06-06,03:45:45,2909.92,Debit,Completed,,Loan Payment - LN2019080001358,False,,0.82,,Automated,Vehicle Loan,standard_payment,False,loan_payment_generator,False,
TXNL202000001944,ACC0012659,IND19017679,LN2019080001361,LDO20200000492,10,2020-06-30,04:51:50,2448.2,Debit,Completed,,Loan Payment - LN2019080001361,False,,1.05,,Automated,Home Loan,standard_payment,False,loan_payment_generator,False,
TXNL202000001945,ACC0011484,IND19005935,LN2019080001368,LDO20200001088,9,2020-06-01,02:12:48,1037.66,Debit,Failed,insufficient_funds,Loan Payment - LN2019080001368,False,,1.22,,Automated,Home Loan,standard_payment,False,loan_payment_generator,False,
TXNL202000001946,ACC0011572,IND19002387,LN2019080001372,LDO20200000229,10,2020-06-28,02:15:34,11960.68,Debit,Completed,,Loan Payment - LN2019080001372,False,,1.84,,Automated,Personal Loan,standard_payment,False,loan_payment_generator,False,
TXNL202000001947,ACC0012321,IND19005383,LN2019080001387,LDO20200000230,10,2020-06-17,03:36:18,6868.13,Debit,Completed,,Loan Payment - LN2019080001387,False,,0.04,,Automated,Home Loan,standard_payment,False,loan_payment_generator,False,
TXNL202000001948,ACC0012765,IND19002451,LN2019080001392,LDO20200000493,9,2020-06-07,04:28:49,470.9,Debit,Completed,,Loan Payment - LN2019080001392,False,,0.93,,Automated,Home Loan,standard_payment,False,loan_payment_generator,False,
TXNL202000001949,ACC0011437,IND19001286,LN2019080001397,LDO20200001089,10,2020-06-22,02:47:13,3228.92,Debit,Completed,,Loan Payment - LN2019080001397,False,,1.36,,Automated,Vehicle Loan,standard_payment,False,loan_payment_generator,False,
TXNL202000001950,ACC0012519,IND19014696,LN2019080001398,LDO20200000494,10,2020-06-25,03:16:44,4535.95,Debit,Completed,,Loan Payment - LN2019080001398,False,,0.82,,Automated,Home Loan,standard_payment,False,loan_payment_generator,False,
TXNL202000001951,ACC0012090,IND19018545,LN2019080001402,LDO20200001090,10,2020-06-11,03:52:21,2581.48,Debit,Completed,,Loan Payment - LN2019080001402,False,,0.05,,Automated,Home Loan,standard_payment,False,loan_payment_generator,False,
TXNL202000001952,ACC0011724,IND19019660,LN2019080001405,LDO20200000095,10,2020-06-29,03:05:25,1602.76,Debit,Completed,,Loan Payment - LN2019080001405,False,,1.29,,Automated,Vehicle Loan,standard_payment,False,loan_payment_generator,False,
TXNL202000001953,ACC0012211,IND19013107,LN2019080001409,LDO20200000495,10,2020-06-20,03:50:25,1406.88,Debit,Completed,,Loan Payment - LN2019080001409,False,,1.61,,Automated,Personal Loan,standard_payment,False,loan_payment_generator,False,
TXNL202000001954,ACC0012479,IND19009566,LN2019080001426,LDO20200000496,10,2020-06-23,03:01:09,1234.46,Debit,Completed,,Loan Payment - LN2019080001426,False,,1.87,,Automated,Home Loan,standard_payment,False,loan_payment_generator,False,
TXNL202000001955,ACC0012891,COM19000458,LN2019080001430,LDO20200001091,10,2020-06-16,03:40:38,28294.68,Debit,Completed,,Loan Payment - LN2019080001430,False,,0.72,,Automated,Business Loan,standard_payment,False,loan_payment_generator,False,
TXNL202000001956,ACC0012778,IND19018174,LN2019080001438,LDO20200000497,10,2020-06-30,04:03:19,649.08,Debit,Completed,,Loan Payment - LN2019080001438,False,,0.95,,Automated,Home Loan,standard_payment,False,loan_payment_generator,False,
TXNL202000001957,ACC0012002,IND19012286,LN2019080001440,LDO20200001092,10,2020-06-16,04:58:06,4206.19,Debit,Completed,,Loan Payment - LN2019080001440,False,,0.4,,Automated,Home Loan,standard_payment,False,loan_payment_generator,False,
TXNL202000001958,ACC0011629,IND19014617,LN2019080001444,LDO20200000009,10,2020-06-07,03:43:23,1525.13,Debit,Completed,,Loan Payment - LN2019080001444,False,,1.48,,Automated,Personal Loan,standard_payment,False,loan_payment_generator,False,
TXNL202000001959,ACC0012336,IND19014576,LN2019080001449,LDO20200000498,10,2020-06-30,02:00:09,4559.21,Debit,Cancelled,customer_stop_instruction,Loan Payment - LN2019080001449,False,,0.79,,Automated,Personal Loan,standard_payment,False,loan_payment_generator,False,
TXNL202000001960,ACC0012885,COM19000269,LN2019080001454,LDO20200001093,10,2020-06-15,03:06:09,5019.92,Debit,Completed,,Loan Payment - LN2019080001454,False,,0.62,,Automated,Business Loan,standard_payment,False,loan_payment_generator,False,
TXNL202000001961,ACC0012804,IND19004517,LN2019080001455,LDO20200000023,9,2020-06-01,05:17:01,2705.28,Debit,Failed,bank_timeout,Loan Payment - LN2019080001455,False,,0.26,,Automated,Home Loan,standard_payment,False,loan_payment_generator,True,timestamp_shift
TXNL202000001962,ACC0012648,IND19017587,LN2019080001459,LDO20200001094,10,2020-06-28,03:41:13,3220.31,Debit,Completed,,Loan Payment - LN2019080001459,False,,1.69,,Automated,Vehicle Loan,standard_payment,False,loan_payment_generator,False,
TXNL202000001963,ACC0011569,IND19019002,LN2019080001466,LDO20200000096,10,2020-06-17,02:37:00,2300.03,Debit,Cancelled,customer_stop_instruction,Loan Payment - LN2019080001466,False,,0.43,,Automated,Vehicle Loan,standard_payment,False,loan_payment_generator,False,
TXNL202000001964,ACC0011913,IND19006977,LN2019080001469,LDO20200001095,9,2020-06-05,03:45:04,3576.01,Debit,Completed,,Loan Payment - LN2019080001469,False,,1.59,,Automated,Vehicle Loan,standard_payment,False,loan_payment_generator,False,
TXNL202000001965,ACC0012708,IND19000435,LN2019080001470,LDO20200001096,9,2020-06-01,04:13:04,1292.28,Debit,Completed,,Loan Payment - LN2019080001470,False,,1.57,,Automated,Home Loan,standard_payment,False,loan_payment_generator,False,
TXNL202000001966,ACC0012153,IND19002940,LN2019080001486,LDO20200001097,10,2020-06-16,03:44:41,4361.16,Debit,Completed,,Loan Payment - LN2019080001486,False,,0.41,,Automated,Home Loan,standard_payment,False,loan_payment_generator,False,
TXNL202000001967,ACC0011775,IND19000105,LN2019080001492,LDO20200001098,9,2020-06-06,04:51:46,1386.76,Debit,Completed,,Loan Payment - LN2019080001492,False,,1.49,,Automated,Vehicle Loan,standard_payment,False,loan_payment_generator,False,
TXNL202000001968,ACC0012428,IND19005073,LN2019080001494,LDO20200001099,10,2020-06-18,04:54:47,2752.13,Debit,Completed,,Loan Payment - LN2019080001494,False,,0.21,,Automated,Personal Loan,standard_payment,False,loan_payment_generator,False,
TXNL202000001969,ACC0012631,IND19002290,LN2019080001511,LDO20200001100,10,2020-06-27,03:43:22,1687.16,Debit,Completed,,Loan Payment - LN2019080001511,False,,0.6,,Automated,Personal Loan,standard_payment,False,loan_payment_generator,False,
TXNL202000001970,ACC0011673,IND19006779,LN2019080001513,LDO20200000231,10,2020-06-19,03:26:43,17514.4,Debit,Completed,,Loan Payment - LN2019080001513,False,,1.43,,Automated,Personal Loan,standard_payment,False,loan_payment_generator,False,
TXNL202000001971,ACC0011391,IND19002978,LN2019080001523,LDO20200001101,9,2020-06-01,03:50:54,5099.06,Debit,Completed,,Loan Payment - LN2019080001523,False,,0.45,,Automated,Vehicle Loan,standard_payment,False,loan_payment_generator,False,
TXNL202000001972,ACC0011696,IND19013515,LN2019080001524,LDO20200001102,10,2020-06-25,04:35:27,1813.92,Debit,Completed,,Loan Payment - LN2019080001524,False,,0.9,,Automated,Home Loan,standard_payment,False,loan_payment_generator,False,
TXNL202000001973,ACC0011668,IND19007492,LN2019080001530,LDO20200001103,9,2020-06-09,04:55:42,968.33,Debit,Completed,,Loan Payment - LN2019080001530,False,,1.68,,Automated,Home Loan,standard_payment,False,loan_payment_generator,False,
TXNL202000001974,ACC0014159,IND19013548,LN2019090000004,LDO20200001104,9,2020-06-25,02:51:31,11997.57,Debit,Completed,,Loan Payment - LN2019090000004,False,,1.35,,Automated,Personal Loan,standard_payment,False,loan_payment_generator,False,
TXNL202000001975,ACC0013804,IND19003513,LN2019090000010,LDO20200000499,9,2020-06-27,04:32:10,7008.23,Debit,Completed,,Loan Payment - LN2019090000010 - Extra Principal,False,,1.51,,Automated,Personal Loan,extra_payment,False,loan_payment_generator,False,
TXNL202000001976,ACC0014325,IND19008844,LN2019090000019,LDO20200000232,9,2020-06-17,04:33:36,2220.72,Debit,Completed,,Loan Payment - LN2019090000019,False,,1.48,,Automated,Personal Loan,standard_payment,False,loan_payment_generator,False,
TXNL202000001977,ACC0014369,IND19005870,LN2019090000038,LDO20200000097,9,2020-06-20,03:07:21,1163.76,Debit,Completed,,Loan Payment - LN2019090000038,False,,1.27,,Automated,Vehicle Loan,standard_payment,False,loan_payment_generator,False,
TXNL202000001978,ACC0013095,IND19016086,LN2019090000040,LDO20200000098,9,2020-06-15,04:27:43,3868.72,Debit,Completed,,Loan Payment - LN2019090000040,False,,0.88,,Automated,Home Loan,standard_payment,False,loan_payment_generator,False,
TXNL202000001979,ACC0014064,IND19003799,LN2019090000042,LDO20200000500,9,2020-06-10,07:13:28,949.08,Debit,Completed,,Loan Payment - LN2019090000042,False,,0.5,,Automated,Home Loan,standard_payment,False,loan_payment_generator,True,timestamp_shift
TXNL202000001980,ACC0013191,IND19001166,LN2019090000048,LDO20200001105,9,2020-06-17,02:38:49,625.84,Debit,Completed,,Loan Payment - LN2019090000048,False,,1.41,,Automated,Personal Loan,standard_payment,False,loan_payment_generator,False,
TXNL202000001981,ACC0013320,IND19010616,LN2019090000052,LDO20200001106,8,2020-06-06,03:13:51,3950.2,Debit,Completed,,Loan Payment - LN2019090000052,False,,1.52,,Automated,Home Loan,standard_payment,False,loan_payment_generator,False,
TXNL202000001982,ACC0013149,IND19015870,LN2019090000057,LDO20200001107,8,2020-06-09,02:08:30,1351.92,Debit,Completed,,Loan Payment - LN2019090000057,False,,1.49,,Automated,Personal Loan,standard_payment,False,loan_payment_generator,False,
TXNL202000001983,ACC0013821,IND19000439,LN2019090000061,LDO20200000501,9,2020-06-21,03:11:02,1078.87,Debit,Completed,,Loan Payment - LN2019090000061,False,,0.57,,Automated,Home Loan,standard_payment,False,loan_payment_generator,False,
TXNL202000001984,ACC0013550,IND19012164,LN2019090000066,LDO20200000233,8,2020-06-09,03:40:15,289.6,Debit,Completed,,Loan Payment - LN20190900...,False,,1.24,,Automated,Home Loan,standard_payment,False,loan_payment_generator,True,truncated_description
TXNL202000001985,ACC0013679,IND19011920,LN2019090000106,LDO20200001108,9,2020-06-24,04:33:55,1893.33,Debit,Completed,,Loan Payment - LN2019090000106,False,,0.7,,Automated,Personal Loan,standard_payment,False,loan_payment_generator,False,
TXNL202000001986,ACC0013406,IND19012984,LN2019090000109,LDO20200000502,8,2020-06-05,02:11:41,1205.84,Debit,Completed,,Loan Payment - LN2019090000109,False,,1.96,,Automated,Home Loan,standard_payment,False,loan_payment_generator,False,
TXNL202000001987,ACC0013678,IND19011920,LN2019090000122,LDO20200000099,9,2020-06-23,00:27:35,857.29,Debit,Completed,,Loan Payment - LN2019090000122,False,,0.67,,Automated,Vehicle Loan,standard_payment,False,loan_payment_generator,True,timestamp_shift
TXNL202000001988,ACC0014416,COM19000106,LN2019090000125,LDO20200001109,9,2020-06-24,03:19:10,10939.42,Debit,Completed,,Loan Payment - LN2019090000125,False,,1.25,,Automated,Business Loan,standard_payment,False,loan_payment_generator,False,
TXNL202000001989,ACC0013221,IND19001239,LN2019090000131,LDO20200001110,9,2020-06-29,02:24:16,2292.21,Debit,Completed,,Loan Payment - LN20190900...,False,,0.42,,Automated,Vehicle Loan,partial_payment,False,loan_payment_generator,True,truncated_description
TXNL202000001990,ACC0013683,IND19004119,LN2019090000132,,9,2020-06-18,04:22:56,2833.11,Debit,Completed,,Loan Payment - LN2019090000132,False,,2.5,,Automated,Personal Loan,standard_payment,False,loan_payment_generator,False,
TXNL202000001991,ACC0013606,IND19009121,LN2019090000133,LDO20200001111,8,2020-06-04,02:16:45,2006.23,Debit,Completed,,Loan Payment - LN2019090000133,False,,1.58,,Automated,Home Loan,standard_payment,False,loan_payment_generator,False,
TXNL202000001992,ACC0013082,IND19002681,LN2019090000146,LDO20200001112,9,2020-06-21,02:54:45,2838.84,Debit,Completed,,Loan Payment - LN2019090000146,False,,0.63,,Automated,Personal Loan,standard_payment,False,loan_payment_generator,False,
TXNL202000001993,ACC0013388,IND19009767,LN2019090000150,LDO20200001113,8,2020-06-04,02:49:52,200.98,Debit,Completed,,Loan Payment - LN2019090000150,False,,0.69,,Automated,Home Loan,standard_payment,False,loan_payment_generator,False,
TXNL202000001994,ACC0014248,IND19004828,LN2019090000155,LDO20200000503,8,2020-06-04,03:03:35,2984.59,Debit,Completed,,Loan Payment - LN2019090000155,False,,1.09,,Automated,Home Loan,standard_payment,False,loan_payment_generator,False,
TXNL202000001995,ACC0014137,IND19003973,LN2019090000157,LDO20200000504,9,2020-06-15,04:43:24,1029.53,Debit,Completed,,Loan Payment - LN2019090000157,False,,0.1,,Automated,Home Loan,standard_payment,False,loan_payment_generator,False,
TXNL202000001996,ACC0013491,IND19000450,LN2019090000158,LDO20200001114,9,2020-06-10,02:24:51,4025.0,Debit,Completed,,Loan Payment - LN2019090000158,False,,2.0,,Automated,Home Loan,standard_payment,False,loan_payment_generator,False,
TXNL202000001997,ACC0013561,IND19006814,LN2019090000160,LDO20200000234,9,2020-06-29,03:17:22,1641.11,Debit,Completed,,Loan Payment - LN2019090000160 - Partial,False,,1.13,,Automated,Home Loan,partial_payment,False,loan_payment_generator,False,
TXNL202000001998,ACC0014173,IND19007802,LN2019090000179,LDO20200000100,9,2020-06-23,03:52:11,4604.55,Debit,Completed,,Loan Payment - LN2019090000179,False,,1.33,,Automated,Home Loan,standard_payment,False,loan_payment_generator,False,
TXNL202000001999,ACC0014350,IND19001727,LN2019090000183,LDO20200000101,9,2020-06-30,03:57:19,2162.09,Debit,Failed,insufficient_funds,Loan Payment - LN2019090000183,False,,0.29,,Automated,Vehicle Loan,standard_payment,False,loan_payment_generator,False,
TXNL202000002000,ACC0012972,IND19012652,LN2019090000194,LDO20200000010,8,2020-06-03,02:52:17,24248.08,Debit,Completed,,Loan Payment - LN2019090000194,False,,1.65,,Automated,Personal Loan,standard_payment,False,loan_payment_generator,False,
TXNL202000002001,ACC0014327,IND19003764,LN2019090000196,LDO20200000505,8,2020-06-04,03:46:04,1753.43,Debit,Completed,,Loan Payment - LN2019090000196,False,,0.69,,Automated,Home Loan,standard_payment,False,loan_payment_generator,False,
TXNL202000002002,ACC0013899,IND19006826,LN2019090000197,LDO20200001115,9,2020-06-24,03:28:44,3350.44,Debit,Completed,,Loan Payment - LN2019090000197,False,,0.48,,Automated,Home Loan,standard_payment,False,loan_payment_generator,False,
TXNL202000002003,ACC0014178,IND19009947,LN2019090000199,LDO20200000506,9,2020-06-29,03:17:15,2254.73,Debit,Completed,,Loan Payment - LN2019090000199,False,,0.73,,Automated,Personal Loan,standard_payment,False,loan_payment_generator,False,
TXNL202000002004,ACC0012975,IND19004755,LN2019090000200,LDO20200001116,8,2020-06-06,03:51:12,3006.2,Debit,Completed,,Loan Payment - LN2019090000200 - Late Fee,False,,1.33,,Automated,Home Loan,late_payment,False,loan_payment_generator,False,
TXNL202000002005,ACC0013359,IND19013327,LN2019090000202,LDO20200000235,9,2020-06-17,04:47:00,2669.07,Debit,Completed,,Loan Payment - LN2019090000202,False,,0.46,,Automated,Vehicle Loan,standard_payment,False,loan_payment_generator,False,
TXNL202000002006,ACC0013662,IND19018850,LN2019090000209,LDO20200001117,8,2020-06-04,03:49:16,3424.54,Debit,Completed,,Loan Payment - LN2019090000209,False,,1.3,,Automated,Home Loan,standard_payment,False,loan_payment_generator,False,
TXNL202000002007,ACC0013904,IND19000190,LN2019090000210,LDO20200001118,8,2020-06-04,03:03:49,3468.56,Debit,Completed,,Loan Payment - LN2019090000210,False,,1.82,,Automated,Home Loan,standard_payment,False,loan_payment_generator,False,
TXNL202000002008,ACC0013292,IND19002051,LN2019090000227,LDO20200001119,9,2020-06-17,03:07:55,1105.77,Debit,Completed,,Loan Payment - LN2019090000227,False,,0.91,,Automated,Personal Loan,standard_payment,False,loan_payment_generator,False,
TXNL202000002009,ACC0013538,IND19005305,LN2019090000234,LDO20200000102,8,2020-06-03,03:22:18,3462.49,Debit,Completed,,Loan Payment - LN2019090000234,False,,0.79,,Automated,Home Loan,standard_payment,False,loan_payment_generator,False,
TXNL202000002010,ACC0014390,IND19008748,LN2019090000241,LDO20200000236,8,2020-06-08,02:01:05,745.28,Debit,Completed,,Loan Payment - LN2019090000241,False,,1.85,,Automated,Home Loan,standard_payment,False,loan_payment_generator,False,
TXNL202000002011,ACC0013272,IND19004573,LN2019090000249,LDO20200001120,9,2020-06-25,03:52:10,328.91,Debit,Completed,,Loan Payment - LN2019090000249,False,,1.71,,Automated,Home Loan,standard_payment,False,loan_payment_generator,False,
TXNL202000002012,ACC0013317,IND19008051,LN2019090000250,LDO20200001121,9,2020-06-21,02:19:52,2255.9,Debit,Completed,,Loan Payment - LN2019090000250,False,,0.23,,Automated,Personal Loan,standard_payment,False,loan_payment_generator,False,
TXNL202000002013,ACC0013632,IND19004380,LN2019090000257,LDO20200000507,9,2020-06-29,03:02:48,2591.59,Debit,Completed,,Loan Payment - LN2019090000257,False,,0.41,,Automated,Home Loan,standard_payment,False,loan_payment_generator,False,
TXNL202000002014,ACC0013464,IND19000732,LN2019090000258,LDO20200000508,9,2020-06-30,04:05:53,611.39,Debit,Completed,,Loan Payment - LN2019090000258,False,,1.59,,Automated,Vehicle Loan,standard_payment,False,loan_payment_generator,False,
TXNL202000002015,ACC0014023,IND19011432,LN2019090000268,LDO20200001122,9,2020-06-11,03:05:53,3342.93,Debit,Completed,,Loan Payment - LN2019090000268,False,,0.77,,Automated,Home Loan,standard_payment,False,loan_payment_generator,False,
TXNL202000002016,ACC0013036,IND19005404,LN2019090000271,LDO20200001123,9,2020-06-15,03:13:35,935.54,Debit,Completed,,Loan Payment - LN2019090000271 - Partial,False,,1.94,,Automated,Home Loan,partial_payment,False,loan_payment_generator,False,
TXNL202000002017,ACC0013854,IND19007307,LN2019090000277,LDO20200001124,9,2020-06-25,02:02:24,915.45,Debit,Completed,,Loan Payment - LN2019090000277,False,,0.97,,Automated,Home Loan,standard_payment,False,loan_payment_generator,False,
TXNL202000002018,ACC0013439,IND19007328,LN2019090000285,LDO20200001125,8,2020-06-04,02:22:24,1233.14,Debit,Completed,,Loan Payment - LN2019090000285,False,,0.32,,Automated,Vehicle Loan,standard_payment,False,loan_payment_generator,False,
TXNL202000002019,ACC0014053,IND19014350,LN2019090000290,LDO20200000237,8,2020-06-03,04:07:10,2553.64,Debit,Completed,,Loan Payment - LN2019090000290,False,,1.85,,Automated,Personal Loan,standard_payment,False,loan_payment_generator,False,
TXNL202000002020,ACC0014336,IND19002297,LN2019090000300,LDO20200000509,9,2020-06-18,04:28:30,14055.17,Debit,Completed,,Loan Payment - LN2019090000300,False,,0.51,,Automated,Personal Loan,standard_payment,False,loan_payment_generator,False,
TXNL202000002021,ACC0013027,IND19002754,LN2019090000304,LDO20200001126,8,2020-06-06,04:08:41,1407.35,Debit,Completed,,Loan Payment - LN2019090000304,False,,0.22,,Automated,Home Loan,standard_payment,False,loan_payment_generator,False,
TXNL202000002022,ACC0013175,IND19017688,LN2019090000311,LDO20200000510,9,2020-06-20,04:47:51,1695.03,Debit,Completed,,Loan Payment - LN2019090000311,False,,0.27,,Automated,Home Loan,standard_payment,False,loan_payment_generator,False,
TXNL202000002023,ACC0014083,IND19000057,LN2019090000312,LDO20200001127,9,2020-06-28,03:03:00,2082.11,Debit,Completed,,Loan Payment - LN2019090000312 - Late Fee,False,,0.89,,Automated,Home Loan,late_payment,False,loan_payment_generator,False,
TXNL202000002024,ACC0013626,IND19013599,LN2019090000316,LDO20200001128,9,2020-06-27,03:08:12,2224.17,Debit,Completed,,Loan Payment - LN2019090000316,False,,0.06,,Automated,Home Loan,standard_payment,False,loan_payment_generator,False,
TXNL202000002025,ACC0014213,IND19005692,LN2019090000323,LDO20200001129,9,2020-06-24,04:51:07,10109.16,Debit,Completed,,Loan Payment - LN2019090000323,False,,0.05,,Automated,Personal Loan,standard_payment,False,loan_payment_generator,False,
TXNL202000002026,ACC0014039,IND19015009,LN2019090000326,LDO20200001130,8,2020-06-07,03:01:39,3272.98,Debit,Completed,,Loan Payment - LN2019090000326,False,,1.95,,Automated,Personal Loan,standard_payment,False,loan_payment_generator,False,
TXNL202000002027,ACC0013185,IND19009344,LN2019090000327,LDO20200000511,8,2020-06-08,04:10:41,2800.69,Debit,Completed,,Loan Payment - LN2019090000327,False,,1.11,,Automated,Home Loan,standard_payment,False,loan_payment_generator,False,
TXNL202000002028,ACC0014399,IND19000094,LN2019090000332,LDO20200001131,9,2020-06-21,03:33:42,3298.91,Debit,Completed,,Loan Payment - LN2019090000332,False,,1.85,,Automated,Home Loan,standard_payment,False,loan_payment_generator,False,
TXNL202000002029,ACC0013689,IND19018278,LN2019090000336,LDO20200000512,8,2020-06-07,04:02:29,2189.21,Debit,Completed,,Loan Payment - LN2019090000336 - Late Fee,False,,2.0,,Automated,Home Loan,late_payment,False,loan_payment_generator,False,
TXNL202000002030,ACC0013171,IND19017116,LN2019090000338,LDO20200001132,9,2020-06-18,02:13:11,1611.57,Debit,Completed,,Loan Payment - LN2019090000338,False,,0.58,,Automated,Personal Loan,standard_payment,False,loan_payment_generator,False,
TXNL202000002031,ACC0014190,IND19010671,LN2019090000340,LDO20200000513,9,2020-06-14,03:32:35,1810.97,Debit,Failed,bank_timeout,Loan Payment - LN2019090000340,False,,1.42,,Automated,Personal Loan,standard_payment,False,loan_payment_generator,False,
TXNL202000002032,ACC0014218,IND19008927,LN2019090000343,LDO20200001133,9,2020-06-19,04:01:05,2871.69,Debit,Completed,,Loan Payment - LN2019090000343,False,,0.0,,Automated,Vehicle Loan,standard_payment,False,loan_payment_generator,False,
TXNL202000002033,ACC0014255,IND19008817,LN2019090000355,LDO20200001134,9,2020-06-22,03:42:23,8637.4,Debit,Completed,,Loan Payment - LN2019090000355,False,,1.76,,Automated,Personal Loan,standard_payment,False,loan_payment_generator,False,
TXNL202000002034,ACC0013826,IND19010664,LN2019090000358,LDO20200000514,9,2020-06-12,03:22:32,24312.27,Debit,Completed,,Loan Payment - LN2019090000358,False,,0.94,,Automated,Personal Loan,standard_payment,False,loan_payment_generator,False,
TXNL202000002035,ACC0014001,IND19008545,LN2019090000368,LDO20200000515,9,2020-06-09,03:23:09,5921.15,Debit,Completed,,Loan Payment - LN2019090000368,False,,1.74,,Automated,Personal Loan,standard_payment,False,loan_payment_generator,False,
TXNL202000002036,ACC0013717,IND19008863,LN2019090000377,LDO20200001135,9,2020-06-25,03:38:17,630.38,Debit,Completed,,Loan Payment - LN2019090000377,False,,1.8,,Automated,Home Loan,standard_payment,False,loan_payment_generator,False,
TXNL202000002037,ACC0013294,IND19002035,LN2019090000381,LDO20200000516,9,2020-06-27,04:51:11,1978.0,Debit,Completed,,Loan Payment - LN2019090000381,False,,0.59,,Automated,Home Loan,standard_payment,False,loan_payment_generator,False,
TXNL202000002038,ACC0013511,IND19013517,LN2019090000388,LDO20200000517,9,2020-06-13,03:54:02,843.38,Debit,Completed,,Loan Payment - LN2019090000388,False,,0.78,,Automated,Home Loan,standard_payment,False,loan_payment_generator,False,
TXNL202000002039,ACC0013477,IND19012180,LN2019090000394,LDO20200000518,8,2020-06-06,03:20:00,473.24,Debit,Completed,,Loan Payment - LN2019090000394,False,,1.99,,Automated,Home Loan,standard_payment,False,loan_payment_generator,False,
TXNL202000002040,ACC0013270,IND19017079,LN2019090000399,LDO20200001137,9,2020-06-09,02:09:01,9347.31,Debit,Completed,,Loan Payment - LN2019090000399,False,,0.67,,Automated,Personal Loan,standard_payment,False,loan_payment_generator,False,
TXNL202000002041,ACC0013006,IND19001708,LN2019090000408,LDO20200001138,9,2020-06-27,04:06:00,1697.55,Debit,Completed,,Loan Payment - LN2019090000408,False,,0.04,,Automated,Home Loan,standard_payment,False,loan_payment_generator,False,
TXNL202000002042,ACC0013139,IND19010138,LN2019090000418,LDO20200000238,9,2020-06-24,02:36:59,24435.71,Debit,Cancelled,customer_stop_instruction,Loan Payment - LN2019090000418,False,,1.26,,Automated,Personal Loan,standard_payment,False,loan_payment_generator,False,
TXNL202000002043,ACC0014349,IND19001725,LN2019090000421,LDO20200001139,8,2020-06-04,02:41:16,1486.22,Debit,Completed,,Loan Payment - LN2019090000421,False,,0.29,,Automated,Home Loan,standard_payment,False,loan_payment_generator,False,
TXNL202000002044,ACC0013230,IND19003993,LN2019090000425,LDO20200001140,9,2020-06-18,03:12:11,1438.8,Debit,Failed,insufficient_funds,Loan Payment - LN2019090000425,False,,0.93,,Automated,Personal Loan,standard_payment,False,loan_payment_generator,False,
TXNL202000002045,ACC0013427,IND19014760,LN2019090000428,LDO20200001141,9,2020-06-16,02:14:20,836.4,Debit,Completed,,Loan Payment - LN2019090000428,False,,0.55,,Automated,Vehicle Loan,standard_payment,False,loan_payment_generator,False,
TXNL202000002046,ACC0014089,IND19007601,LN2019090000430,LDO20200000239,9,2020-06-23,04:25:31,3132.48,Debit,Completed,,Loan Payment - LN2019090000430 - Extra Principal,False,,0.78,,Automated,Home Loan,extra_payment,False,loan_payment_generator,False,
TXNL202000002047,ACC0013321,IND19001123,LN2019090000441,LDO20200000241,9,2020-06-30,04:36:08,1913.41,Debit,Completed,,Loan Payment - LN2019090000441,False,,0.24,,Automated,Personal Loan,standard_payment,False,loan_payment_generator,False,
TXNL202000002048,ACC0014119,IND19007262,LN2019090000461,LDO20200001142,9,2020-06-12,04:54:56,5790.66,Debit,Completed,,Loan Payment - LN2019090000461,False,,1.82,,Automated,Personal Loan,standard_payment,False,loan_payment_generator,False,
TXNL202000002049,ACC0014274,IND19005270,LN2019090000468,LDO20200000519,8,2020-06-02,02:21:10,2671.41,Debit,Failed,insufficient_funds,Loan Payment - LN2019090000468,False,,0.65,,Automated,Home Loan,standard_payment,False,loan_payment_generator,False,
TXNL202000002050,ACC0013831,IND19014690,LN2019090000470,LDO20200001143,9,2020-06-27,03:42:39,2839.46,Debit,Completed,,Loan Payment - LN2019090000470 - Late Fee,False,,0.16,,Automated,Home Loan,late_payment,False,loan_payment_generator,False,
TXNL202000002051,ACC0013114,IND19009737,LN2019090000474,LDO20200000520,9,2020-06-28,04:37:16,930.82,Debit,Completed,,Loan Payment - LN2019090000474,False,,0.56,,Automated,Home Loan,standard_payment,False,loan_payment_generator,False,
TXNL202000002052,ACC0013755,IND19016068,LN2019090000478,LDO20200000521,9,2020-06-18,03:40:06,4016.29,Debit,Completed,,Loan Payment - LN2019090000478,False,,0.39,,Automated,Personal Loan,standard_payment,False,loan_payment_generator,False,
TXNL202000002053,ACC0013181,IND19007252,LN2019090000487,LDO20200001144,9,2020-06-18,02:21:13,444.27,Debit,Completed,,Loan Payment - LN2019090000487 - Late Fee,False,,0.85,,Automated,Home Loan,late_payment,False,loan_payment_generator,False,
TXNL202000002054,ACC0013310,IND19000953,LN2019090000488,LDO20200001145,9,2020-06-21,07:58:24,863.62,Debit,Completed,,Loan Payment - LN2019090000488,False,,1.56,,Automated,Home Loan,standard_payment,False,loan_payment_generator,True,timestamp_shift
TXNL202000002055,ACC0013132,IND19014562,LN2019090000514,LDO20200001146,9,2020-06-30,02:41:28,3278.96,Debit,Completed,,Loan Payment - LN2019090000514,False,,0.81,,Automated,Vehicle Loan,standard_payment,False,loan_payment_generator,False,
TXNL202000002056,ACC0013383,IND19015039,LN2019090000515,LDO20200001147,9,2020-06-23,04:26:59,674.85,Debit,Completed,,Loan Payment - LN2019090000515,False,,0.55,,Automated,Vehicle Loan,standard_payment,False,loan_payment_generator,False,
TXNL202000002057,ACC0014441,COM19000062,LN2019090000519,LDO20200001148,9,2020-06-26,04:47:55,36123.2,Debit,Completed,,Loan Payment - LN2019090000519,False,,1.52,,Automated,Business Loan,standard_payment,False,loan_payment_generator,False,
TXNL202000002058,ACC0013373,IND19006008,LN2019090000532,LDO20200001149,9,2020-06-16,02:42:54,3762.03,Debit,Failed,account_blocked,Loan Payment - LN2019090000532,False,,0.19,,Automated,Personal Loan,standard_payment,False,loan_payment_generator,False,
TXNL202000002059,ACC0013021,IND19014257,LN2019090000541,LDO20200001150,9,2020-06-10,04:24:45,1767.1,Debit,Completed,,Loan Payment - LN2019090000541 - Late Fee,False,,0.3,,Automated,Vehicle Loan,late_payment,False,loan_payment_generator,False,
TXNL202000002060,ACC0014383,IND19002213,LN2019090000546,LDO20200001151,9,2020-06-27,03:18:06,1714.25,Debit,Completed,,Loan Payment - LN2019090000546,False,,0.54,,Automated,Personal Loan,standard_payment,False,loan_payment_generator,False,
TXNL202000002061,ACC0013023,IND19000752,LN2019090000559,LDO20200000242,8,2020-06-02,04:06:18,2713.7,Debit,Failed,daily_limit_exceeded,Loan Payment - LN2019090000559,False,,1.21,,Automated,Personal Loan,standard_payment,False,loan_payment_generator,False,
TXNL202000002062,ACC0013919,IND19000974,LN2019090000563,LDO20200001152,8,2020-06-11,04:36:24,4965.74,Debit,Completed,,Loan Payment - LN2019090000563,False,,0.26,,Automated,Vehicle Loan,standard_payment,False,loan_payment_generator,False,
TXNL202000002063,ACC0013476,IND19017743,LN2019090000571,LDO20200001153,9,2020-06-20,03:30:39,2726.68,Debit,Completed,,Loan Payment - LN2019090000571,False,,0.34,,Automated,Vehicle Loan,standard_payment,False,loan_payment_generator,False,
TXNL202000002064,ACC0013018,IND19003486,LN2019090000584,LDO20200000522,9,2020-06-19,02:25:00,1523.31,Debit,Completed,,Loan Payment - LN2019090000584,False,,0.93,,Automated,Vehicle Loan,standard_payment,False,loan_payment_generator,False,
TXNL202000002065,ACC0013934,IND19005985,LN2019090000593,LDO20200000523,9,2020-06-28,03:21:35,3188.23,Debit,Cancelled,customer_stop_instruction,Loan Payment - LN2019090000593,False,,0.0,,Automated,Home Loan,standard_payment,False,loan_payment_generator,False,
TXNL202000002066,ACC0014232,IND19011664,LN2019090000597,LDO20200000524,8,2020-06-03,02:01:27,2394.48,Debit,Completed,,Loan Payment - LN2019090000597,False,,0.16,,Automated,Vehicle Loan,standard_payment,False,loan_payment_generator,False,
TXNL202000002067,ACC0013691,IND19016883,LN2019090000608,LDO20200001154,8,2020-06-06,07:21:21,658.85,Debit,Completed,,Loan Payment - LN2019090000608,False,,0.14,,Automated,Home Loan,standard_payment,False,loan_payment_generator,True,timestamp_shift
TXNL202000002068,ACC0013501,IND19000162,LN2019090000612,LDO20200000011,9,2020-06-30,04:33:40,2440.7,Debit,Completed,,Loan Payment - LN2019090000612,False,,1.02,,Automated,Vehicle Loan,standard_payment,False,loan_payment_generator,False,
TXNL202000002069,ACC0013390,IND19011164,LN2019090000614,LDO20200001155,9,2020-06-19,04:29:51,17369.41,Debit,Failed,bank_timeout,Loan Payment - LN2019090000614,False,,0.61,,Automated,Personal Loan,standard_payment,False,loan_payment_generator,False,
TXNL202000002070,ACC0013582,IND19011987,LN2019090000617,LDO20200001156,9,2020-06-12,02:37:28,1518.97,Debit,Completed,,Loan Payment - LN2019090000617,False,,1.32,,Automated,Home Loan,standard_payment,False,loan_payment_generator,False,
TXNL202000002071,ACC0013215,IND19012412,LN2019090000620,LDO20200001157,9,2020-06-26,03:52:49,2329.3,Debit,Completed,,Loan Payment - LN2019090000620 - Partial,False,,1.72,,Automated,Personal Loan,partial_payment,False,loan_payment_generator,False,
TXNL202000002072,ACC0013498,IND19009703,LN2019090000631,LDO20200000525,9,2020-06-30,02:29:17,7052.47,Debit,Completed,,Loan Payment - LN2019090000631,False,,0.32,,Automated,Home Loan,standard_payment,False,loan_payment_generator,False,
TXNL202000002073,ACC0013167,IND19001705,LN2019090000639,LDO20200001158,8,2020-06-08,03:50:27,712.93,Debit,Completed,,Loan Payment - LN2019090000639,False,,0.21,,Automated,Vehicle Loan,standard_payment,False,loan_payment_generator,False,
TXNL202000002074,ACC0013547,IND19019157,LN2019090000643,LDO20200001159,8,2020-06-05,02:06:57,3081.85,Debit,Completed,,Loan Payment - LN2019090000643,False,,0.83,,Automated,Personal Loan,standard_payment,False,loan_payment_generator,False,
TXNL202000002075,ACC0013225,IND19006529,LN2019090000659,LDO20200001160,9,2020-06-12,03:30:14,3364.32,Debit,Completed,,Loan Payment - LN2019090000659,False,,1.69,,Automated,Vehicle Loan,standard_payment,False,loan_payment_generator,False,
TXNL202000002076,ACC0013302,IND19007223,LN2019090000663,LDO20200001161,9,2020-06-27,02:24:15,7665.71,Debit,Completed,,Loan Payment - LN2019090000663,False,,1.32,,Automated,Home Loan,standard_payment,False,loan_payment_generator,False,
TXNL202000002077,ACC0013173,IND19018104,LN2019090000667,LDO20200000243,9,2020-06-15,04:51:39,2151.29,Debit,Completed,,Loan Payment - LN2019090000667,False,,0.75,,Automated,Home Loan,standard_payment,False,loan_payment_generator,False,
TXNL202000002078,ACC0013063,IND19013748,LN2019090000672,LDO20200001162,9,2020-06-20,02:42:56,5145.55,Debit,Completed,,Loan Payment - LN2019090000672,False,,1.48,,Automated,Personal Loan,standard_payment,False,loan_payment_generator,False,
TXNL202000002079,ACC0013493,IND19012128,LN2019090000673,LDO20200001163,9,2020-06-16,02:07:02,1725.12,Debit,Completed,,Loan Payment - LN2019090000673,False,,0.98,,Automated,Personal Loan,standard_payment,False,loan_payment_generator,False,
TXNL202000002080,ACC0014357,IND19005559,LN2019090000676,LDO20200001164,9,2020-06-27,03:47:36,2242.37,Debit,Completed,,Loan Payment - LN2019090000676,False,,1.11,,Automated,Home Loan,standard_payment,False,loan_payment_generator,False,
TXNL202000002081,ACC0014333,IND19008114,LN2019090000689,LDO20200000527,9,2020-06-21,02:13:15,3087.65,Debit,Completed,,Loan Payment - LN2019090000689,False,,0.9,,Automated,Home Loan,standard_payment,False,loan_payment_generator,False,
TXNL202000002082,ACC0014424,COM19000194,LN2019090000690,LDO20200000528,9,2020-06-25,04:52:18,9954.32,Debit,Completed,,Loan Payment - LN2019090000690,False,,0.58,,Automated,Business Loan,standard_payment,False,loan_payment_generator,False,
TXNL202000002083,ACC0014253,IND19016488,LN2019090000694,LDO20200001165,9,2020-06-29,04:39:14,1617.59,Debit,Completed,,Loan Payment - LN2019090000694,False,,1.71,,Automated,Vehicle Loan,standard_payment,False,loan_payment_generator,False,
TXNL202000002084,ACC0013123,IND19015436,LN2019090000703,LDO20200001166,9,2020-06-25,02:30:21,3590.03,Debit,Completed,,Loan Payment - LN2019090000703,False,,1.24,,Automated,Home Loan,standard_payment,False,loan_payment_generator,False,
TXNL202000002085,ACC0013066,IND19006604,LN2019090000704,LDO20200001167,9,2020-06-15,03:17:33,2780.76,Debit,Completed,,Loan Payment - LN2019090000704,False,,0.43,,Automated,Vehicle Loan,standard_payment,False,loan_payment_generator,False,
TXNL202000002086,ACC0013144,IND19007196,LN2019090000714,LDO20200000529,9,2020-06-24,03:49:13,6961.82,Debit,Completed,,Loan Payment - LN2019090000714,False,,0.89,,Automated,Home Loan,standard_payment,False,loan_payment_generator,False,
TXNL202000002087,ACC0013500,IND19012168,LN2019090000718,LDO20200000530,9,2020-06-19,04:50:42,2922.21,Debit,Completed,,Loan Payment - LN2019090000718,False,,1.23,,Automated,Home Loan,standard_payment,False,loan_payment_generator,False,
TXNL202000002088,ACC0013026,IND19006105,LN2019090000723,LDO20200000012,9,2020-06-16,04:52:43,559.49,Debit,Completed,,Loan Payment - LN2019090000723,False,,1.24,,Automated,Home Loan,standard_payment,False,loan_payment_generator,False,
TXNL202000002089,ACC0014421,COM19000161,LN2019090000725,LDO20200001168,9,2020-06-26,04:11:53,3313.63,Debit,Completed,,Loan Payment - LN2019090000725,False,,0.46,,Automated,Business Loan,standard_payment,False,loan_payment_generator,False,
TXNL202000002090,ACC0012986,IND19003439,LN2019090000736,LDO20200001169,9,2020-06-26,04:19:03,2396.81,Debit,Completed,,Loan Payment - LN2019090000736,False,,0.88,,Automated,Personal Loan,standard_payment,False,loan_payment_generator,False,
TXNL202000002091,ACC0013768,IND19007138,LN2019090000751,LDO20200001170,9,2020-06-24,02:53:27,388.15,Debit,Completed,,Loan Payment - LN2019090000751,False,,1.0,,Automated,Home Loan,standard_payment,False,loan_payment_generator,False,
TXNL202000002092,ACC0014419,COM19000112,LN2019090000753,LDO20200001171,8,2020-06-07,03:25:56,11487.64,Debit,Completed,,Loan Payment - LN2019090000753,False,,0.76,,Automated,Business Loan,standard_payment,False,loan_payment_generator,False,
 TXNL202000002093 ,ACC0014241,IND19000334,LN2019090000755,LDO20200001172,9,2020-06-14,02:42:34,3554.22,Debit,Failed,insufficient_funds,Loan Payment - LN2019090000755,False,,1.79,,Automated,Vehicle Loan,standard_payment,False,loan_payment_generator,True,whitespace_in_id
TXNL202000002094,ACC0013238,IND19002309,LN2019090000770,LDO20200001173,9,2020-06-16,03:16:28,474.85,Debit,Completed,,Loan Payment - LN2019090000770,False,,1.58,,Automated,Home Loan,standard_payment,False,loan_payment_generator,False,
TXNL202000002095,ACC0013568,IND19004909,LN2019090000771,LDO20200001174,9,2020-06-28,02:08:36,11934.37,Debit,Completed,,Loan Payment - LN2019090000771,False,,0.23,,Automated,Personal Loan,standard_payment,False,loan_payment_generator,False,
TXNL202000002096,ACC0014282,IND19015192,LN2019090000773,LDO20200000531,8,2020-06-06,03:40:15,854.0,Debit,Completed,,Loan Payment - LN2019090000773,False,,1.46,,Automated,Home Loan,standard_payment,False,loan_payment_generator,False,
TXNL202000002097,ACC0014006,IND19006396,LN2019090000781,LDO20200001175,9,2020-06-16,03:31:27,2919.77,Debit,Completed,,Loan Payment - LN2019090000781,False,,1.54,,Automated,Vehicle Loan,standard_payment,False,loan_payment_generator,False,
TXNL202000002098,ACC0014406,IND19010070,LN2019090000782,LDO20200001176,9,2020-06-24,03:17:14,3535.11,Debit,Completed,,Loan Payment - LN2019090000782,False,,0.41,,Automated,Personal Loan,standard_payment,False,loan_payment_generator,False,
TXNL202000002099,ACC0013278,IND19005320,LN2019090000796,LDO20200000532,9,2020-06-18,02:42:05,1088.07,Debit,Completed,,Loan Payment - LN2019090000796,False,,0.26,,Automated,Personal Loan,standard_payment,False,loan_payment_generator,False,
TXNL202000002100,ACC0013906,IND19001077,LN2019090000810,LDO20200000533,9,2020-06-15,04:31:52,1892.83,Debit,Cancelled,customer_stop_instruction,Loan Payment - LN2019090000810,False,,0.88,,Automated,Vehicle Loan,standard_payment,False,loan_payment_generator,False,
TXNL202000002101,ACC0014060,IND19018361,LN2019090000811,LDO20200000534,9,2020-06-29,04:15:28,4088.91,Debit,Completed,,Loan Payment - LN2019090000811 - Extra Principal,False,,0.27,,Automated,Vehicle Loan,extra_payment,False,loan_payment_generator,False,
TXNL202000002102,ACC0013775,IND19011750,LN2019090000812,LDO20200000535,9,2020-06-26,04:40:18,263.55,Debit,Completed,,Loan Payment - LN2019090000812,False,,0.62,,Automated,Home Loan,standard_payment,False,loan_payment_generator,False,
TXNL202000002103,ACC0013255,IND19008764,LN2019090000815,LDO20200001177,9,2020-06-25,02:37:24,1031.89,Debit,Completed,,Loan Payment - LN2019090000815,False,,0.85,,Automated,Personal Loan,standard_payment,False,loan_payment_generator,False,
TXNL202000002104,ACC0014302,IND19016970,LN2019090000826,LDO20200000536,9,2020-06-13,02:58:10,580.91,Debit,Completed,,Loan Payment - LN2019090000826,False,,1.25,,Automated,Vehicle Loan,standard_payment,False,loan_payment_generator,False,
TXNL202000002105,ACC0013618,IND19015672,LN2019090000828,LDO20200001178,9,2020-06-27,03:18:40,801.81,Debit,Completed,,Loan Payment - LN2019090000828,False,,0.47,,Automated,Home Loan,standard_payment,False,loan_payment_generator,False,
TXNL202000002106,ACC0014118,IND19004372,LN2019090000829,LDO20200001179,9,2020-06-17,03:07:31,1094.01,Debit,Completed,,Loan Payment - LN2019090000829,False,,1.95,,Automated,Vehicle Loan,standard_payment,False,loan_payment_generator,False,
TXNL202000002107,ACC0012936,IND19004100,LN2019090000842,LDO20200000013,9,2020-06-15,02:45:03,1957.69,Debit,Completed,,Loan Payment - LN2019090000842,False,,0.56,,Automated,Personal Loan,standard_payment,False,loan_payment_generator,False,
TXNL202000002108,ACC0013846,IND19008864,LN2019090000846,LDO20200001180,9,2020-06-16,03:00:38,750.28,Debit,Completed,,Loan Payment - LN2019090000846 - Extra Principal,False,,0.36,,Automated,Personal Loan,extra_payment,False,loan_payment_generator,False,
TXNL202000002109,ACC0013155,IND19015963,LN2019090000856,LDO20200001181,9,2020-06-18,02:00:57,2873.9,Debit,Completed,,Loan Payment - LN20190900...,False,,1.83,,Automated,Home Loan,standard_payment,False,loan_payment_generator,True,truncated_description
TXNL202000002110,ACC0013165,IND19017265,LN2019090000878,LDO20200000244,9,2020-06-16,02:48:40,1994.47,Debit,Completed,,Loan Payment - LN2019090000878,False,,0.08,,Automated,Personal Loan,standard_payment,False,loan_payment_generator,False,
TXNL202000002111,ACC0013078,IND19003585,LN2019090000879,LDO20200000245,8,2020-06-02,04:58:25,218.13,Debit,Completed,,Loan Payment - LN2019090000879 - Late Fee,False,,1.02,,Automated,Home Loan,late_payment,False,loan_payment_generator,True,amount_rounding_error
TXNL202000002112,ACC0013973,IND19004276,LN2019090000881,LDO20200001182,9,2020-06-21,03:14:15,2441.72,Debit,Completed,,Loan Payment - LN2019090000881,False,,0.29,,Automated,Vehicle Loan,standard_payment,False,loan_payment_generator,False,
TXNL202000002113,ACC0012988,IND19009072,LN2019090000896,LDO20200001183,9,2020-06-25,02:03:43,1507.94,Debit,Completed,,Loan Payment - LN2019090000896,False,,1.63,,Automated,Vehicle Loan,standard_payment,False,loan_payment_generator,False,
TXNL202000002114,ACC0013924,IND19018539,LN2019090000898,LDO20200001184,9,2020-06-15,04:49:07,9283.06,Debit,Completed,,Loan Payment - LN2019090000898,False,,0.93,,Automated,Personal Loan,standard_payment,False,loan_payment_generator,False,
TXNL202000002115,ACC0013892,IND19011911,LN2019090000904,LDO20200000246,8,2020-06-04,03:30:31,3998.57,Debit,Completed,,Loan Payment - LN2019090000904,False,,1.37,,Automated,Home Loan,standard_payment,False,loan_payment_generator,False,
TXNL202000002116,ACC0014354,IND19000121,LN2019090000910,LDO20200000247,9,2020-06-26,03:31:13,1604.4,Debit,Completed,,Loan Payment - LN2019090000910,False,,1.26,,Automated,Home Loan,standard_payment,False,loan_payment_generator,False,
TXNL202000002117,ACC0013309,IND19000953,LN2019090000914,LDO20200000537,9,2020-06-27,02:59:37,5293.76,Debit,Completed,,Loan Payment - LN2019090000914,False,,1.41,,Automated,Personal Loan,standard_payment,False,loan_payment_generator,False,
TXNL202000002118,ACC0013926,IND19010625,LN2019090000927,LDO20200001185,8,2020-06-01,02:07:48,1007.22,Debit,Completed,,Loan Payment - LN2019090000927,False,,0.18,,Automated,Vehicle Loan,standard_payment,False,loan_payment_generator,False,
TXNL202000002119,ACC0013252,IND19013567,LN2019090000931,LDO20200000538,9,2020-06-19,02:13:57,679.75,Debit,Completed,,Loan Payment - LN2019090000931,False,,1.02,,Automated,Personal Loan,standard_payment,False,loan_payment_generator,True,amount_rounding_error
TXNL202000002120,ACC0013297,IND19004636,LN2019090000942,LDO20200000539,9,2020-06-30,02:07:51,2920.17,Debit,Completed,,Loan Payment - LN2019090000942,False,,1.27,,Automated,Vehicle Loan,standard_payment,False,loan_payment_generator,False,
TXNL202000002121,ACC0014211,IND19001986,LN2019090000946,LDO20200001186,9,2020-06-11,03:51:58,1530.56,Debit,Completed,,Loan Payment - LN2019090000946,False,,1.47,,Automated,Vehicle Loan,standard_payment,False,loan_payment_generator,False,
TXNL202000002122,ACC0014081,IND19000874,LN2019090000947,,9,2020-06-25,04:19:36,1552.87,Debit,Completed,,Loan Payment - LN2019090000947,False,,2.5,,Automated,Home Loan,standard_payment,False,loan_payment_generator,False,
TXNL202000002123,ACC0013835,IND19014234,LN2019090000951,LDO20200000540,9,2020-06-08,03:53:51,3078.84,Debit,Completed,,Loan Payment - LN2019090000951,False,,0.52,,Automated,Home Loan,standard_payment,False,loan_payment_generator,False,
TXNL202000002124,ACC0014042,IND19002071,LN2019090000954,LDO20200000248,8,2020-06-04,03:30:54,3916.87,Debit,Completed,,Loan Payment - LN2019090000954,False,,0.21,,Automated,Home Loan,standard_payment,False,loan_payment_generator,False,
TXNL202000002125,ACC0014046,IND19010235,LN2019090000955,LDO20200000541,8,2020-06-04,02:39:17,2555.09,Debit,Completed,,Loan Payment - LN2019090000955,False,,1.56,,Automated,Home Loan,standard_payment,False,loan_payment_generator,False,
TXNL202000002126,ACC0014155,IND19006439,LN2019090000957,LDO20200000542,9,2020-06-11,03:32:01,8195.52,Debit,Completed,,Loan Payment - LN2019090000957,False,,0.4,,Automated,Personal Loan,standard_payment,False,loan_payment_generator,False,
TXNL202000002127,ACC0013147,IND19010778,LN2019090000960,,9,2020-06-23,04:10:55,2250.11,Debit,Completed,,Loan Payment - LN2019090000960,False,,2.5,,Automated,Vehicle Loan,standard_payment,False,loan_payment_generator,False,
TXNL202000002128,ACC0013283,IND19015784,LN2019090000993,LDO20200001187,8,2020-06-03,03:08:35,308.75,Debit,Completed,,Loan Payment - LN2019090000993,False,,0.22,,Automated,Home Loan,standard_payment,False,loan_payment_generator,False,
TXNL202000002129,ACC0013566,IND19013689,LN2019090001000,LDO20200001188,9,2020-06-12,02:37:58,208.91,Debit,Completed,,Loan Payment - LN2019090001000,False,,0.26,,Automated,Home Loan,standard_payment,False,loan_payment_generator,False,
TXNL202000002130,ACC0014044,IND19009292,LN2019090001002,LDO20200001189,9,2020-06-14,04:33:38,2113.4,Debit,Completed,,Loan Payment - LN2019090001002,False,,1.75,,Automated,Vehicle Loan,standard_payment,False,loan_payment_generator,False,
TXNL202000002131,ACC0014230,IND19008095,LN2019090001016,LDO20200001190,8,2020-06-06,03:10:49,4160.03,Debit,Completed,,Loan Payment - LN2019090001016,False,,1.01,,Automated,Home Loan,standard_payment,False,loan_payment_generator,False,
TXNL202000002132,ACC0013646,IND19009529,LN2019090001017,LDO20200000249,9,2020-06-10,04:59:09,405.98,Debit,Completed,,Loan Payment - LN2019090001017,False,,1.45,,Automated,Home Loan,standard_payment,False,loan_payment_generator,False,
TXNL202000002133,ACC0013433,IND19003108,LN2019090001028,LDO20200000250,9,2020-06-23,04:17:22,1381.35,Debit,Completed,,Loan Payment - LN2019090001028,False,,1.89,,Automated,Home Loan,standard_payment,False,loan_payment_generator,False,
TXNL202000002134,ACC0013681,IND19005106,LN2019090001033,LDO20200000251,8,2020-06-07,04:42:52,1972.81,Debit,Completed,,Loan Payment - LN2019090001033 - Extra Principal,False,,0.68,,Automated,Personal Loan,extra_payment,False,loan_payment_generator,False,
TXNL202000002135,ACC0013228,IND19006101,LN2019090001037,LDO20200001191,8,2020-06-02,02:48:56,5489.22,Debit,Completed,,Loan Payment - LN2019090001037,False,,1.34,,Automated,Vehicle Loan,standard_payment,False,loan_payment_generator,False,
TXNL202000002136,ACC0013299,IND19004426,LN2019090001071,LDO20200001192,9,2020-06-25,04:34:45,3397.73,Debit,Completed,,Loan Payment - LN2019090001071,False,,1.29,,Automated,Home Loan,standard_payment,False,loan_payment_generator,False,
TXNL202000002137,ACC0013072,IND19012584,LN2019090001085,LDO20200001193,8,2020-06-01,02:02:54,797.96,Debit,Completed,,Loan Payment - LN2019090001085,False,,1.16,,Automated,Home Loan,standard_payment,False,loan_payment_generator,False,
TXNL202000002138,ACC0013635,IND19012933,LN2019090001088,LDO20200001194,8,2020-06-05,03:08:08,2768.49,Debit,Completed,,Loan Payment - LN2019090001088,False,,0.91,,Automated,Personal Loan,standard_payment,False,loan_payment_generator,False,
TXNL202000002139,ACC0013572,IND19001360,LN2019090001092,LDO20200001195,9,2020-06-30,04:10:29,658.53,Debit,Completed,,Loan Payment - LN2019090001092,False,,1.95,,Automated,Home Loan,standard_payment,False,loan_payment_generator,False,
TXNL202000002140,ACC0013935,IND19003012,LN2019090001095,LDO20200001196,9,2020-06-18,02:37:19,2867.99,Debit,Completed,,Loan Payment - LN2019090001095 - Partial,False,,0.13,,Automated,Personal Loan,partial_payment,False,loan_payment_generator,False,
TXNL202000002141,ACC0013345,IND19017011,LN2019090001097,LDO20200001197,9,2020-06-29,04:41:54,2893.81,Debit,Completed,,Loan Payment - LN2019090001097,False,,1.53,,Automated,Personal Loan,standard_payment,False,loan_payment_generator,False,
TXNL202000002142,ACC0013418,IND19008825,LN2019090001100,LDO20200001198,9,2020-06-24,04:08:55,2379.67,Debit,Completed,,Loan Payment - LN2019090001100,False,,0.3,,Automated,Home Loan,standard_payment,False,loan_payment_generator,False,
TXNL202000002143,ACC0014430,COM19000070,LN2019090001105,LDO20200001199,9,2020-06-20,03:39:24,9641.55,Debit,Completed,,Loan Payment - LN2019090001105 - Late Fee,False,,1.47,,Automated,Business Loan,late_payment,False,loan_payment_generator,False,
TXNL202000002144,ACC0013960,IND19010654,LN2019090001106,LDO20200000543,9,2020-06-30,03:15:54,2666.87,Debit,Completed,,Loan Payment - LN2019090001106,False,,0.64,,Automated,Home Loan,standard_payment,False,loan_payment_generator,False,
TXNL202000002145,ACC0013605,IND19009121,LN2019090001113,LDO20200000252,9,2020-06-23,04:09:35,1023.91,Debit,Completed,,Loan Payment - LN2019090001113,False,,0.85,,Automated,Home Loan,standard_payment,False,loan_payment_generator,False,
TXNL202000002146,ACC0012990,IND19009602,LN2019090001114,LDO20200001200,9,2020-06-21,03:55:00,2191.82,Debit,Completed,,Loan Payment - LN2019090001114,False,,0.1,,Automated,Home Loan,standard_payment,False,loan_payment_generator,False,
TXNL202000002147,ACC0014153,IND19012116,LN2019090001121,LDO20200000544,9,2020-06-26,03:14:28,7599.46,Debit,Completed,,Loan Payment - LN2019090001121,False,,0.36,,Automated,Personal Loan,standard_payment,False,loan_payment_generator,False,
TXNL202000002148,ACC0013609,IND19012865,LN2019090001134,LDO20200001201,9,2020-06-17,02:25:32,3616.92,Debit,Completed,,Loan Payment - LN20190900...,False,,0.68,,Automated,Home Loan,standard_payment,False,loan_payment_generator,True,truncated_description
TXNL202000002149,ACC0014088,IND19007601,LN2019090001137,LDO20200001202,9,2020-06-28,03:10:11,4647.57,Debit,Cancelled,customer_stop_instruction,Loan Payment - LN2019090001137,False,,0.52,,Automated,Personal Loan,standard_payment,False,loan_payment_generator,False,
TXNL202000002150,ACC0013112,IND19002951,LN2019090001138,LDO20200000545,8,2020-06-01,04:38:41,2351.67,Debit,Completed,,Loan Payment - LN2019090001138,False,,0.71,,Automated,Home Loan,standard_payment,False,loan_payment_generator,False,
TXNL202000002151,ACC0014417,COM19000106,LN2019090001142,LDO20200000040,9,2020-06-17,02:01:45,14297.44,Debit,Failed,daily_limit_exceeded,Loan Payment - LN2019090001142,False,,1.62,,Automated,Business Loan,standard_payment,False,loan_payment_generator,False,
TXNL202000002152,ACC0013869,IND19017608,LN2019090001143,LDO20200001203,9,2020-06-17,04:42:37,2766.47,Debit,Completed,,Loan Payment - LN2019090001143,False,,0.17,,Automated,Personal Loan,standard_payment,False,loan_payment_generator,False,
TXNL202000002153,ACC0014041,IND19017473,LN2019090001150,LDO20200001204,9,2020-06-09,04:10:52,2147.84,Debit,Completed,,Loan Payment - LN2019090001150,False,,0.87,,Automated,Vehicle Loan,standard_payment,False,loan_payment_generator,False,
TXNL202000002154,ACC0012989,IND19009602,LN2019090001164,LDO20200000253,9,2020-06-23,04:37:36,2443.02,Debit,Failed,mandate_limit,Loan Payment - LN2019090001164,False,,0.49,,Automated,Home Loan,standard_payment,False,loan_payment_generator,False,
TXNL202000002155,ACC0014223,IND19015574,LN2019090001165,LDO20200001205,9,2020-06-16,02:20:39,852.94,Debit,Completed,,Loan Payment - LN2019090001165,False,,1.78,,Automated,Home Loan,standard_payment,False,loan_payment_generator,False,
TXNL202000002156,ACC0013135,IND19001206,LN2019090001186,LDO20200000546,9,2020-06-29,02:55:47,2516.03,Debit,Failed,mandate_limit,Loan Payment - LN2019090001186,False,,1.24,,Automated,Home Loan,standard_payment,False,loan_payment_generator,False,
TXNL202000002157,ACC0013251,IND19004814,LN2019090001195,LDO20200001206,9,2020-06-16,02:07:40,1329.85,Debit,Completed,,Loan Payment - LN2019090001195,False,,0.78,,Automated,Vehicle Loan,standard_payment,False,loan_payment_generator,False,
TXNL202000002158,ACC0013153,IND19004697,LN2019090001198,LDO20200001207,8,2020-06-02,03:25:12,265.51,Debit,Completed,,Loan Payment - LN2019090001198,False,,1.28,,Automated,Home Loan,standard_payment,False,loan_payment_generator,False,
TXNL202000002159,ACC0012973,IND19012652,LN2019090001200,LDO20200000024,8,2020-06-06,03:27:36,6391.34,Debit,Completed,,Loan Payment - LN2019090001200,False,,1.88,,Automated,Home Loan,standard_payment,False,loan_payment_generator,False,
TXNL202000002160,ACC0012994,IND19011271,LN2019090001210,LDO20200001208,9,2020-06-30,03:44:30,2432.8,Debit,Completed,,Loan Payment - LN2019090001210,False,,1.06,,Automated,Home Loan,standard_payment,False,loan_payment_generator,False,
TXNL202000002161,ACC0012907,IND19011479,LN2019090001217,LDO20200001209,9,2020-06-14,03:30:49,1879.15,Debit,Completed,,Loan Payment - LN2019090001217,False,,0.14,,Automated,Personal Loan,standard_payment,False,loan_payment_generator,False,
TXNL202000002162,ACC0013261,IND19009804,LN2019090001223,LDO20200000547,8,2020-06-05,04:41:57,5118.41,Debit,Completed,,Loan Payment - LN2019090001223,False,,0.8,,Automated,Home Loan,standard_payment,False,loan_payment_generator,False,
TXNL202000002163,ACC0013985,IND19018624,LN2019090001231,LDO20200000254,8,2020-06-06,02:01:31,3784.81,Debit,Completed,,Loan Payment - LN2019090001231 - Partial,False,,1.81,,Automated,Home Loan,partial_payment,False,loan_payment_generator,False,
TXNL202000002164,ACC0014204,IND19018537,LN2019090001239,LDO20200000103,9,2020-06-11,04:18:22,3029.67,Debit,Completed,,Loan Payment - LN2019090001239 - Late Fee,False,,1.7,,Automated,Home Loan,late_payment,False,loan_payment_generator,False,
TXNL202000002165,ACC0013954,IND19015770,LN2019090001243,LDO20200000548,8,2020-06-02,04:18:55,2823.21,Debit,Completed,,Loan Payment - LN20190900...,False,,0.28,,Automated,Home Loan,late_payment,False,loan_payment_generator,True,truncated_description
TXNL202000002166,ACC0013485,IND19005483,LN2019090001250,LDO20200000549,9,2020-06-23,04:15:32,430.13,Debit,Completed,,Loan Payment - LN2019090001250,False,,0.86,,Automated,Home Loan,standard_payment,False,loan_payment_generator,False,
TXNL202000002167,ACC0013065,IND19004004,LN2019090001252,LDO20200001210,9,2020-06-22,04:01:27,2934.8,Debit,Completed,,Loan Payment - LN2019090001252,False,,0.49,,Automated,Personal Loan,standard_payment,False,loan_payment_generator,False,
TXNL202000002168,ACC0013630,IND19014241,LN2019090001260,LDO20200001211,9,2020-06-21,04:09:01,752.11,Debit,Completed,,Loan Payment - LN2019090001260,False,,1.78,,Automated,Home Loan,standard_payment,False,loan_payment_generator,False,
TXNL202000002169,ACC0013944,IND19015221,LN2019090001268,LDO20200001212,9,2020-06-13,02:38:26,1707.58,Debit,Completed,,Loan Payment - LN2019090001268,False,,1.61,,Automated,Home Loan,standard_payment,False,loan_payment_generator,False,
TXNL202000002170,ACC0013749,IND19000980,LN2019090001287,LDO20200001213,9,2020-06-28,02:48:56,1707.86,Debit,Completed,,Loan Payment - LN2019090001287,False,,1.6,,Automated,Home Loan,standard_payment,False,loan_payment_generator,False,
TXNL202000002171,ACC0013445,IND19012590,LN2019090001291,LDO20200000255,9,2020-06-16,03:36:21,5227.76,Debit,Completed,,Loan Payment - LN2019090001291,False,,0.7,,Automated,Vehicle Loan,standard_payment,False,loan_payment_generator,False,
TXNL202000002172,ACC0014015,IND19017663,LN2019090001302,LDO20200000550,8,2020-06-03,03:23:21,1772.75,Debit,Completed,,Loan Payment - LN2019090001302,False,,1.46,,Automated,Home Loan,standard_payment,False,loan_payment_generator,False,
TXNL202000002173,ACC0013533,IND19004038,LN2019090001310,LDO20200001214,9,2020-06-22,04:55:31,3377.78,Debit,Completed,,Loan Payment - LN2019090001310,False,,0.23,,Automated,Personal Loan,standard_payment,False,loan_payment_generator,False,
TXNL202000002174,ACC0013202,IND19016435,LN2019090001311,LDO20200001215,8,2020-06-03,04:43:58,1855.32,Debit,Cancelled,customer_stop_instruction,Loan Payment - LN2019090001311,False,,1.98,,Automated,Personal Loan,standard_payment,False,loan_payment_generator,False,
TXNL202000002175,ACC0013409,IND19003934,LN2019090001315,LDO20200000551,9,2020-06-30,04:38:33,1425.4,Debit,Completed,,Loan Payment - LN2019090001315,False,,0.87,,Automated,Vehicle Loan,standard_payment,False,loan_payment_generator,False,
TXNL202000002176,ACC0013163,IND19009650,LN2019090001324,LDO20200001216,9,2020-06-20,02:00:58,3129.17,Debit,Completed,,Loan Payment - LN2019090001324,False,,1.23,,Automated,Vehicle Loan,standard_payment,False,loan_payment_generator,False,
TXNL202000002177,ACC0014145,IND19000927,LN2019090001327,LDO20200000041,8,2020-06-05,04:18:38,5035.1,Debit,Completed,,Loan Payment - LN2019090001327,False,,0.14,,Automated,Personal Loan,standard_payment,False,loan_payment_generator,False,
TXNL202000002178,ACC0013375,IND19011131,LN2019090001337,LDO20200001217,9,2020-06-14,03:26:50,2130.27,Debit,Failed,insufficient_funds,Loan Payment - LN2019090001337,False,,1.42,,Automated,Home Loan,standard_payment,False,loan_payment_generator,False,
TXNL202000002179,ACC0013809,IND19008169,LN2019090001342,LDO20200001218,9,2020-06-13,02:52:47,3021.12,Debit,Completed,,Loan Payment - LN2019090001342,False,,1.95,,Automated,Home Loan,standard_payment,False,loan_payment_generator,False,
TXNL202000002180,ACC0013104,IND19016748,LN2019090001344,LDO20200001219,9,2020-06-18,04:33:47,1459.16,Debit,Failed,mandate_limit,Loan Payment - LN2019090001344,False,,1.97,,Automated,Vehicle Loan,standard_payment,False,loan_payment_generator,False,
TXNL202000002181,ACC0014343,IND19007807,LN2019090001353,LDO20200001220,9,2020-06-25,03:05:39,1684.19,Debit,Completed,,Loan Payment - LN2019090001353 - Extra Principal,False,,1.99,,Automated,Personal Loan,extra_payment,False,loan_payment_generator,False,
TXNL202000002182,ACC0014334,IND19010477,LN2019090001366,LDO20200001221,9,2020-06-26,02:15:06,1236.67,Debit,Completed,,Loan Payment - LN2019090001366,False,,1.82,,Automated,Home Loan,standard_payment,False,loan_payment_generator,False,
TXNL202000002183,ACC0013624,IND19011106,LN2019090001368,LDO20200000552,8,2020-06-05,02:14:17,943.27,Debit,Completed,,Loan Payment - LN2019090001368,False,,0.88,,Automated,Home Loan,standard_payment,False,loan_payment_generator,False,
TXNL202000002184,ACC0013502,IND19007149,LN2019090001381,LDO20200001222,9,2020-06-23,02:54:53,2077.74,Debit,Completed,,Loan Payment - LN2019090001381,False,,0.28,,Automated,Vehicle Loan,standard_payment,False,loan_payment_generator,False,
TXNL202000002185,ACC0014408,IND19015121,LN2019090001391,LDO20200001223,9,2020-06-19,02:31:20,2125.36,Debit,Completed,,Loan Payment - LN2019090001391,False,,1.52,,Automated,Vehicle Loan,standard_payment,False,loan_payment_generator,False,
TXNL202000002186,ACC0014259,IND19014691,LN2019090001392,LDO20200000257,9,2020-06-24,03:01:06,11997.57,Debit,Completed,,Loan Payment - LN2019090001392,False,,0.32,,Automated,Personal Loan,standard_payment,False,loan_payment_generator,False,
TXNL202000002187,ACC0013534,IND19013456,LN2019090001397,LDO20200000258,9,2020-06-25,03:22:31,4365.79,Debit,Completed,,Loan Payment - LN2019090001397,False,,1.68,,Automated,Home Loan,standard_payment,False,loan_payment_generator,False,
TXNL202000002188,ACC0014337,IND19006207,LN2019090001398,LDO20200001224,9,2020-06-25,03:46:00,1483.81,Debit,Completed,,Loan Payment - LN2019090001398,False,,1.28,,Automated,Home Loan,standard_payment,False,loan_payment_generator,False,
TXNL202000002189,ACC0013005,IND19015774,LN2019090001402,LDO20200001225,9,2020-06-16,02:33:29,5178.22,Debit,Completed,,Loan Payment - LN2019090001402,False,,0.13,,Automated,Home Loan,standard_payment,False,loan_payment_generator,False,
TXNL202000002190,ACC0014233,IND19011996,LN2019090001411,LDO20200000553,8,2020-06-02,04:26:11,3105.48,Debit,Failed,account_blocked,Loan Payment - LN2019090001411,False,,0.53,,Automated,Vehicle Loan,standard_payment,False,loan_payment_generator,False,
TXNL202000002191,ACC0014180,IND19000217,LN2019090001412,LDO20200001226,9,2020-06-19,04:53:32,1473.32,Debit,Completed,,Loan Payment - LN2019090001412,False,,0.05,,Automated,Home Loan,standard_payment,False,loan_payment_generator,True,amount_rounding_error
TXNL202000002192,ACC0013395,IND19014063,LN2019090001420,LDO20200001227,9,2020-06-15,02:44:11,722.17,Debit,Completed,,Loan Payment - LN2019090001420 - Partial,False,,1.64,,Automated,Personal Loan,partial_payment,False,loan_payment_generator,False,
TXNL202000002193,ACC0013539,IND19002909,LN2019090001421,LDO20200001228,9,2020-06-29,04:49:15,2538.38,Debit,Completed,,Loan Payment - LN2019090001421 - Late Fee,False,,1.4,,Automated,Vehicle Loan,late_payment,False,loan_payment_generator,False,
TXNL202000002194,ACC0013916,IND19011454,LN2019090001442,LDO20200000259,8,2020-06-02,02:27:14,1946.43,Debit,Completed,,Loan Payment - LN2019090001442,False,,0.24,,Automated,Vehicle Loan,standard_payment,False,loan_payment_generator,False,
TXNL202000002195,ACC0013959,IND19010654,LN2019090001445,LDO20200001229,8,2020-06-02,03:50:50,3834.95,Debit,Completed,,Loan Payment - LN2019090001445,False,,0.68,,Automated,Home Loan,standard_payment,False,loan_payment_generator,False,
TXNL202000002196,ACC0014131,IND19013349,LN2019090001455,LDO20200000554,8,2020-06-08,02:03:38,6940.14,Debit,Completed,,Loan Payment - LN2019090001455,False,,0.54,,Automated,Vehicle Loan,standard_payment,False,loan_payment_generator,False,
TXNL202000002197,ACC0015404,COM19000123,LN2019100000004,LDO20200001230,8,2020-06-26,03:00:58,24862.92,Debit,Failed,account_blocked,Loan Payment - LN2019100000004,False,,1.54,,Automated,Business Loan,standard_payment,False,loan_payment_generator,False,
TXNL202000002198,ACC0014620,IND19001698,LN2019100000008,LDO20200001231,8,2020-06-08,02:31:33,5104.33,Debit,Completed,,Loan Payment - LN2019100000008,False,,1.93,,Automated,Personal Loan,standard_payment,False,loan_payment_generator,False,
TXNL202000002199,ACC0014476,IND19013009,LN2019100000022,LDO20200000260,8,2020-06-27,04:38:56,3788.19,Debit,Completed,,Loan Payment - LN2019100000022,False,,1.28,,Automated,Home Loan,standard_payment,False,loan_payment_generator,False,
TXNL202000002200,ACC0014771,IND19004724,LN2019100000029,LDO20200001232,7,2020-06-06,03:28:10,179.02,Debit,Completed,,Loan Payment - LN2019100000029,False,,0.49,,Automated,Home Loan,standard_payment,False,loan_payment_generator,False,
TXNL202000002201,ACC0014461,IND19004667,LN2019100000030,LDO20200000555,8,2020-06-28,04:22:27,2021.69,Debit,Completed,,Loan Payment - LN20191000...,False,,1.86,,Automated,Personal Loan,standard_payment,False,loan_payment_generator,True,truncated_description
TXNL202000002202,ACC0015121,IND19004735,LN2019100000041,LDO20200001233,8,2020-06-20,04:59:30,552.16,Debit,Completed,,Loan Payment - LN2019100000041,False,,0.47,,Automated,Vehicle Loan,standard_payment,False,loan_payment_generator,False,
TXNL202000002203,ACC0015008,IND19000714,LN2019100000042,LDO20200000261,8,2020-06-26,04:31:35,12669.55,Debit,Completed,,Loan Payment - LN2019100000042 - Late Fee,False,,1.81,,Automated,Personal Loan,late_payment,False,loan_payment_generator,False,
TXNL202000002204,ACC0014862,IND19006489,LN2019100000063,LDO20200000556,7,2020-06-04,04:02:09,1205.48,Debit,Completed,,Loan Payment - LN2019100000063,False,,1.64,,Automated,Home Loan,standard_payment,False,loan_payment_generator,False,
TXNL202000002205,ACC0014805,IND19007792,LN2019100000067,LDO20200000557,8,2020-06-29,02:05:48,12095.36,Debit,Completed,,Loan Payment - LN2019100000067,False,,1.69,,Automated,Personal Loan,standard_payment,False,loan_payment_generator,False,
TXNL202000002206,ACC0014696,IND19005965,LN2019100000069,LDO20200000558,7,2020-06-04,04:22:29,2620.21,Debit,Completed,,Loan Payment - LN2019100000069,False,,0.4,,Automated,Home Loan,standard_payment,False,loan_payment_generator,False,
TXNL202000002207,ACC0015209,IND19001935,LN2019100000078,LDO20200001234,8,2020-06-22,04:30:11,4000.82,Debit,Completed,,Loan Payment - LN2019100000078,False,,1.9,,Automated,Personal Loan,standard_payment,False,loan_payment_generator,False,
TXNL202000002208,ACC0014975,IND19000727,LN2019100000090,LDO20200001235,7,2020-06-03,04:45:38,2234.68,Debit,Completed,,Loan Payment - LN2019100000090,False,,0.67,,Automated,Vehicle Loan,standard_payment,False,loan_payment_generator,False,
TXNL202000002209,ACC0015410,COM19000091,LN2019100000094,LDO20200000042,8,2020-06-30,03:45:01,4132.97,Debit,Completed,,Loan Payment - LN2019100000094,False,,0.16,,Automated,Business Loan,standard_payment,False,loan_payment_generator,False,
TXNL202000002210,ACC0014484,IND19007498,LN2019100000096,LDO20200001236,7,2020-06-09,04:55:47,416.96,Debit,Completed,,Loan Payment - LN2019100000096,False,,1.38,,Automated,Home Loan,standard_payment,False,loan_payment_generator,False,
TXNL202000002211,ACC0015032,IND19004061,LN2019100000105,LDO20200001237,8,2020-06-19,02:11:01,1374.65,Debit,Completed,,Loan Payment - LN2019100000105,False,,0.48,,Automated,Home Loan,standard_payment,False,loan_payment_generator,False,
TXNL202000002212,ACC0014759,IND19010704,LN2019100000109,LDO20200001238,8,2020-06-25,04:01:53,6286.11,Debit,Completed,,Loan Payment - LN2019100000109 - Extra Principal,False,,1.75,,Automated,Home Loan,extra_payment,False,loan_payment_generator,False,
TXNL202000002213,ACC0014993,IND19008314,LN2019100000117,LDO20200001239,8,2020-06-21,03:18:11,2304.04,Debit,Completed,,Loan Payment - LN2019100000117,False,,0.59,,Automated,Home Loan,standard_payment,False,loan_payment_generator,False,
TXNL202000002214,ACC0015064,IND19005733,LN2019100000128,LDO20200000559,8,2020-06-21,04:43:16,1791.48,Debit,Failed,bank_timeout,Loan Payment - LN2019100000128,False,,1.09,,Automated,Home Loan,standard_payment,False,loan_payment_generator,True,status_inconsistency
TXNL202000002215,ACC0014577,IND19003480,LN2019100000144,LDO20200001240,8,2020-06-21,02:06:32,905.06,Debit,Completed,,Loan Payment - LN2019100000144,False,,0.86,,Automated,Personal Loan,standard_payment,False,loan_payment_generator,False,
 TXNL202000002216 ,ACC0015239,IND19001304,LN2019100000150,LDO20200001241,8,2020-06-19,02:06:39,3678.72,Debit,Completed,,Loan Payment - LN2019100000150,False,,1.96,,Automated,Personal Loan,standard_payment,False,loan_payment_generator,True,whitespace_in_id
TXNL202000002217,ACC0014575,IND19011995,LN2019100000157,LDO20200001242,8,2020-06-21,03:00:50,3029.54,Debit,Completed,,Loan Payment - LN2019100000157,False,,0.57,,Automated,Home Loan,standard_payment,False,loan_payment_generator,False,
TXNL202000002218,ACC0014919,IND19003502,LN2019100000162,LDO20200000014,8,2020-06-22,04:33:31,1643.46,Debit,Completed,,Loan Payment - LN2019100000162,False,,0.97,,Automated,Home Loan,standard_payment,False,loan_payment_generator,False,
TXNL202000002219,ACC0015320,IND19003730,LN2019100000163,LDO20200001243,8,2020-06-11,03:33:15,1734.58,Debit,Completed,,Loan Payment - LN2019100000163 - Extra Principal,False,,0.11,,Automated,Personal Loan,extra_payment,False,loan_payment_generator,False,
TXNL202000002220,ACC0014853,IND19000792,LN2019100000167,LDO20200000560,8,2020-06-17,03:51:26,773.87,Debit,Completed,,Loan Payment - LN2019100000167 - Late Fee,False,,1.41,,Automated,Vehicle Loan,late_payment,False,loan_payment_generator,False,
TXNL202000002221,ACC0014588,IND19004745,LN2019100000179,LDO20200001244,8,2020-06-26,03:43:05,7763.85,Debit,Completed,,Loan Payment - LN2019100000179,False,,0.01,,Automated,Personal Loan,standard_payment,False,loan_payment_generator,False,
TXNL202000002222,ACC0014897,IND19000141,LN2019100000212,LDO20200001245,8,2020-06-19,03:35:45,494.18,Debit,Completed,,Loan Payment - LN2019100000212,False,,1.57,,Automated,Home Loan,standard_payment,False,loan_payment_generator,False,
TXNL202000002223,ACC0015397,IND19007257,LN2019100000219,LDO20200000104,8,2020-06-20,03:46:11,3647.58,Debit,Completed,,Loan Payment - LN2019100000219,False,,1.31,,Automated,Home Loan,standard_payment,False,loan_payment_generator,False,
TXNL202000002224,ACC0015197,IND19002857,LN2019100000220,LDO20200001246,8,2020-06-20,03:50:23,3992.54,Debit,Completed,,Loan Payment - LN2019100000220,False,,1.57,,Automated,Home Loan,standard_payment,False,loan_payment_generator,False,
TXNL202000002225,ACC0014591,IND19000977,LN2019100000226,LDO20200001247,8,2020-06-21,02:54:54,3521.32,Debit,Completed,,Loan Payment - LN20191000...,False,,1.96,,Automated,Vehicle Loan,standard_payment,False,loan_payment_generator,True,truncated_description
TXNL202000002226,ACC0015398,IND19007257,LN2019100000229,LDO20200000561,8,2020-06-30,02:57:59,2657.4,Debit,Completed,,Loan Payment - LN2019100000229,False,,0.73,,Automated,Personal Loan,standard_payment,False,loan_payment_generator,False,
TXNL202000002227,ACC0015360,IND19008035,LN2019100000234,LDO20200000562,7,2020-06-01,03:01:36,3140.81,Debit,Completed,,Loan Payment - LN2019100000234,False,,0.05,,Automated,Home Loan,standard_payment,False,loan_payment_generator,False,
TXNL202000002228,ACC0015381,IND19005223,LN2019100000244,LDO20200000563,8,2020-06-27,03:50:10,1749.46,Debit,Completed,,Loan Payment - LN2019100000244 - Late Fee,False,,0.27,,Automated,Home Loan,late_payment,False,loan_payment_generator,False,
TXNL202000002229,ACC0015199,IND19010299,LN2019100000260,LDO20200000564,8,2020-06-12,02:55:40,1257.06,Debit,Completed,,Loan Payment - LN2019100000260,False,,1.76,,Automated,Personal Loan,standard_payment,False,loan_payment_generator,False,
TXNL202000002230,ACC0015390,IND19000910,LN2019100000263,LDO20200000565,8,2020-06-18,04:35:32,2698.29,Debit,Completed,,Loan Payment - LN2019100000263,False,,0.57,,Automated,Vehicle Loan,standard_payment,False,loan_payment_generator,False,
TXNL202000002231,ACC0015277,IND19000248,LN2019100000267,LDO20200001248,8,2020-06-20,02:51:54,4525.81,Debit,Completed,,Loan Payment - LN2019100000267,False,,0.68,,Automated,Vehicle Loan,standard_payment,False,loan_payment_generator,False,
TXNL202000002232,ACC0014521,IND19008432,LN2019100000270,LDO20200001249,7,2020-06-12,03:00:27,3506.61,Debit,Completed,,Loan Payment - LN2019100000270,False,,0.7,,Automated,Personal Loan,standard_payment,False,loan_payment_generator,False,
TXNL202000002233,ACC0015363,IND19012136,LN2019100000274,LDO20200001250,7,2020-06-03,03:11:51,2650.06,Debit,Completed,,Loan Payment - LN2019100000274,False,,1.45,,Automated,Personal Loan,standard_payment,False,loan_payment_generator,False,
TXNL202000002234,ACC0014943,IND19004103,LN2019100000283,LDO20200000262,8,2020-06-23,04:44:54,17731.95,Debit,Completed,,Loan Payment - LN2019100000283,False,,0.82,,Automated,Personal Loan,standard_payment,False,loan_payment_generator,False,
TXNL202000002235,ACC0014912,IND19008232,LN2019100000286,LDO20200001252,8,2020-06-09,02:34:17,2780.66,Debit,Completed,,Loan Payment - LN2019100000286,False,,1.78,,Automated,Personal Loan,standard_payment,False,loan_payment_generator,False,
TXNL202000002236,ACC0015375,IND19001009,LN2019100000292,LDO20200000566,8,2020-06-17,03:47:17,2437.4,Debit,Completed,,Loan Payment - LN2019100000292,False,,0.88,,Automated,Personal Loan,standard_payment,False,loan_payment_generator,False,
TXNL202000002237,ACC0014713,IND19000794,LN2019100000293,LDO20200001253,8,2020-06-21,03:53:40,1283.85,Debit,Completed,,Loan Payment - LN2019100000293,False,,0.33,,Automated,Home Loan,standard_payment,False,loan_payment_generator,False,
TXNL202000002238,ACC0015074,IND19011713,LN2019100000295,LDO20200001254,8,2020-06-13,04:47:27,7100.52,Debit,Completed,,Loan Payment - LN2019100000295 - Late Fee,False,,1.2,,Automated,Home Loan,late_payment,False,loan_payment_generator,False,
TXNL202000002239,ACC0014848,IND19011979,LN2019100000296,LDO20200000567,8,2020-06-29,04:32:43,2984.17,Debit,Completed,,Loan Payment - LN2019100000296,False,,1.54,,Automated,Personal Loan,standard_payment,False,loan_payment_generator,False,
TXNL202000002240,ACC0014690,IND19002470,LN2019100000305,LDO20200000105,8,2020-06-14,04:33:35,296.72,Debit,Completed,,Loan Payment - LN2019100000305,False,,1.13,,Automated,Home Loan,standard_payment,False,loan_payment_generator,False,
TXNL202000002241,ACC0014555,IND19005616,LN2019100000314,LDO20200001255,8,2020-06-19,03:04:05,1858.85,Debit,Completed,,Loan Payment - LN2019100000314,False,,1.88,,Automated,Vehicle Loan,standard_payment,False,loan_payment_generator,False,
TXNL202000002242,ACC0014753,IND19004483,LN2019100000317,LDO20200000568,8,2020-06-20,04:06:35,2046.26,Debit,Completed,,Loan Payment - LN2019100000317,False,,0.7,,Automated,Home Loan,standard_payment,False,loan_payment_generator,False,
TXNL202000002243,ACC0014617,IND19006637,LN2019100000322,LDO20200000569,8,2020-06-18,04:01:20,5575.43,Debit,Completed,,Loan Payment - LN2019100000322 - Late Fee,False,,1.73,,Automated,Home Loan,late_payment,False,loan_payment_generator,False,
TXNL202000002244,ACC0014892,IND19000611,LN2019100000323,LDO20200001256,7,2020-06-04,04:38:41,1398.6,Debit,Completed,,Loan Payment - LN2019100000323,False,,1.93,,Automated,Vehicle Loan,standard_payment,False,loan_payment_generator,False,
TXNL202000002245,ACC0014610,IND19002007,LN2019100000336,LDO20200000570,8,2020-06-29,02:08:38,2886.83,Debit,Completed,,Loan Payment - LN2019100000336,False,,0.02,,Automated,Vehicle Loan,standard_payment,False,loan_payment_generator,False,
TXNL202000002246,ACC0014600,IND19001055,LN2019100000339,LDO20200001257,8,2020-06-26,02:45:13,5214.56,Debit,Completed,,Loan Payment - LN2019100000339,False,,0.54,,Automated,Personal Loan,standard_payment,False,loan_payment_generator,False,
TXNL202000002247,ACC0015248,IND19000054,LN2019100000356,LDO20200001258,8,2020-06-13,02:25:59,400.92,Debit,Completed,,Loan Payment - LN2019100000356,False,,0.09,,Automated,Home Loan,standard_payment,False,loan_payment_generator,False,
TXNL202000002248,ACC0014948,IND19008617,LN2019100000360,LDO20200000263,7,2020-06-08,02:39:31,1658.38,Debit,Completed,,Loan Payment - LN2019100000360,False,,0.02,,Automated,Vehicle Loan,standard_payment,False,loan_payment_generator,False,
TXNL202000002249,ACC0014823,IND19007675,LN2019100000363,LDO20200000571,8,2020-06-28,04:22:00,2021.1,Debit,Completed,,Loan Payment - LN2019100000363,False,,1.9,,Automated,Home Loan,standard_payment,False,loan_payment_generator,False,
TXNL202000002250,ACC0015233,IND19003932,LN2019100000375,LDO20200000572,8,2020-06-22,03:55:30,1019.59,Debit,Completed,,Loan Payment - LN2019100000375,False,,0.73,,Automated,Home Loan,standard_payment,False,loan_payment_generator,False,
TXNL202000002251,ACC0014914,IND19011745,LN2019100000377,LDO20200000573,8,2020-06-09,04:55:59,2122.8,Debit,Completed,,Loan Payment - LN2019100000377 - Extra Principal,False,,1.49,,Automated,Vehicle Loan,extra_payment,False,loan_payment_generator,False,
TXNL202000002252,ACC0015178,IND19003921,LN2019100000378,LDO20200000574,8,2020-06-23,02:00:39,2416.84,Debit,Completed,,Loan Payment - LN2019100000378,False,,1.19,,Automated,Home Loan,standard_payment,False,loan_payment_generator,False,
TXNL202000002253,ACC0015101,IND19008786,LN2019100000381,LDO20200000575,8,2020-06-15,04:42:27,917.49,Debit,Completed,,Loan Payment - LN2019100000381,False,,1.0,,Automated,Personal Loan,standard_payment,False,loan_payment_generator,False,
TXNL202000002254,ACC0014781,IND19003624,LN2019100000385,LDO20200000264,7,2020-06-11,04:51:29,16466.89,Debit,Completed,,Loan Payment - LN2019100000385,False,,1.02,,Automated,Personal Loan,standard_payment,False,loan_payment_generator,False,
TXNL202000002255,ACC0014563,IND19012662,LN2019100000393,LDO20200001259,8,2020-06-22,02:02:41,2812.15,Debit,Completed,,Loan Payment - LN2019100000393,False,,0.7,,Automated,Vehicle Loan,standard_payment,False,loan_payment_generator,False,
TXNL202000002256,ACC0015268,IND19008367,LN2019100000397,LDO20200001260,8,2020-06-15,04:24:43,969.21,Debit,Failed,insufficient_funds,Loan Payment - LN2019100000397,False,,0.68,,Automated,Home Loan,standard_payment,False,loan_payment_generator,False,
TXNL202000002257,ACC0014459,IND19003876,LN2019100000402,LDO20200001261,8,2020-06-09,04:17:58,421.37,Debit,Completed,,Loan Payment - LN2019100000402,False,,1.49,,Automated,Home Loan,standard_payment,False,loan_payment_generator,False,
TXNL202000002258,ACC0014761,IND19007965,LN2019100000404,LDO20200001262,8,2020-06-21,04:36:36,1166.04,Debit,Completed,,Loan Payment - LN2019100000404,False,,1.29,,Automated,Home Loan,standard_payment,False,loan_payment_generator,False,
TXNL202000002259,ACC0015297,IND19009160,LN2019100000408,LDO20200001263,7,2020-06-05,03:09:55,3705.16,Debit,Failed,mandate_limit,Loan Payment - LN2019100000408,False,,1.33,,Automated,Home Loan,standard_payment,False,loan_payment_generator,False,
TXNL202000002260,ACC0014808,IND19003893,LN2019100000412,LDO20200001264,7,2020-06-08,03:53:53,281.07,Debit,Completed,,Loan Payment - LN2019100000412,False,,0.45,,Automated,Home Loan,standard_payment,False,loan_payment_generator,False,
TXNL202000002261,ACC0015414,COM19000136,LN2019100000415,LDO20200001265,8,2020-06-30,04:09:44,8026.67,Debit,Completed,,Loan Payment - LN2019100000415,False,,1.65,,Automated,Business Loan,standard_payment,False,loan_payment_generator,False,
TXNL202000002262,ACC0014945,IND19009190,LN2019100000423,LDO20200001266,8,2020-06-10,03:59:58,1177.46,Debit,Completed,,Loan Payment - LN2019100000423,False,,0.14,,Automated,Vehicle Loan,standard_payment,False,loan_payment_generator,False,
TXNL202000002263,ACC0014839,IND19005416,LN2019100000426,LDO20200000106,8,2020-06-24,04:19:35,707.58,Debit,Completed,,Loan Payment - LN2019100000426 - Late Fee,False,,1.06,,Automated,Home Loan,late_payment,False,loan_payment_generator,False,
TXNL202000002264,ACC0014647,IND19005372,LN2019100000430,LDO20200001267,8,2020-06-11,02:37:16,1342.13,Debit,Completed,,Loan Payment - LN2019100000430,False,,0.74,,Automated,Vehicle Loan,standard_payment,False,loan_payment_generator,False,
TXNL202000002265,ACC0015194,IND19010344,LN2019100000433,LDO20200001268,8,2020-06-27,02:37:28,12023.96,Debit,Failed,account_blocked,Loan Payment - LN2019100000433,False,,0.06,,Automated,Personal Loan,standard_payment,False,loan_payment_generator,False,
TXNL202000002266,ACC0015238,IND19009294,LN2019100000438,LDO20200000265,7,2020-06-07,03:36:55,3159.93,Debit,Completed,,Loan Payment - LN2019100000438,False,,0.67,,Automated,Home Loan,standard_payment,False,loan_payment_generator,False,
TXNL202000002267,ACC0015024,IND19002690,LN2019100000440,LDO20200000576,8,2020-06-17,02:50:25,2930.76,Debit,Completed,,Loan Payment - LN2019100000440,False,,2.0,,Automated,Vehicle Loan,standard_payment,False,loan_payment_generator,False,
TXNL202000002268,ACC0015012,IND19011895,LN2019100000447,LDO20200001269,8,2020-06-28,04:17:52,2313.19,Debit,Completed,,Loan Payment - LN2019100000447,False,,0.73,,Automated,Vehicle Loan,standard_payment,False,loan_payment_generator,False,
TXNL202000002269,ACC0014685,IND19002525,LN2019100000449,LDO20200000577,8,2020-06-11,04:49:29,775.59,Debit,Completed,,Loan Payment - LN2019100000449,False,,0.26,,Automated,Home Loan,standard_payment,False,loan_payment_generator,False,
TXNL202000002270,ACC0015275,IND19012019,LN2019100000460,LDO20200001270,8,2020-06-21,04:29:11,2240.29,Debit,Completed,,Loan Payment - LN2019100000460,False,,0.52,,Automated,Home Loan,standard_payment,False,loan_payment_generator,False,
TXNL202000002271,ACC0014719,IND19003231,LN2019100000462,LDO20200001271,8,2020-06-30,02:19:52,1869.41,Debit,Completed,,Loan Payment - LN2019100000462,False,,0.83,,Automated,Vehicle Loan,standard_payment,False,loan_payment_generator,False,
TXNL202000002272,ACC0014817,IND19001689,LN2019100000477,LDO20200001272,8,2020-06-27,02:23:39,635.91,Debit,Failed,insufficient_funds,Loan Payment - LN2019100000477,False,,0.64,,Automated,Home Loan,standard_payment,False,loan_payment_generator,False,
TXNL202000002273,ACC0015340,IND19000316,LN2019100000484,LDO20200001273,8,2020-06-19,04:45:58,623.58,Debit,Completed,,Loan Payment - LN2019100000484,False,,0.99,,Automated,Home Loan,standard_payment,False,loan_payment_generator,False,
TXNL202000002274,ACC0015393,IND19001531,LN2019100000490,LDO20200000578,7,2020-06-05,08:16:48,2655.62,Debit,Completed,,Loan Payment - LN2019100000490,False,,0.03,,Automated,Personal Loan,standard_payment,False,loan_payment_generator,True,timestamp_shift
TXNL202000002275,ACC0015112,IND19010963,LN2019100000495,LDO20200001274,8,2020-06-25,04:27:40,1428.49,Debit,Completed,,Loan Payment - LN2019100000495,False,,0.46,,Automated,Vehicle Loan,standard_payment,False,loan_payment_generator,False,
TXNL202000002276,ACC0014798,IND19002178,LN2019100000499,LDO20200000107,7,2020-06-08,02:44:03,2278.13,Debit,Completed,,Loan Payment - LN2019100000499,False,,0.88,,Automated,Home Loan,standard_payment,False,loan_payment_generator,False,
TXNL202000002277,ACC0014955,IND19011341,LN2019100000523,LDO20200000108,8,2020-06-30,03:02:34,894.9,Debit,Completed,,Loan Payment - LN20191000...,False,,0.21,,Automated,Personal Loan,standard_payment,False,loan_payment_generator,True,truncated_description
TXNL202000002278,ACC0014499,IND19002981,LN2019100000525,LDO20200001275,8,2020-06-29,02:28:55,1029.33,Debit,Completed,,Loan Payment - LN2019100000525 - Late Fee,False,,1.33,,Automated,Personal Loan,late_payment,False,loan_payment_generator,False,
TXNL202000002279,ACC0015010,IND19010286,LN2019100000533,LDO20200001276,8,2020-06-20,04:37:40,4041.73,Debit,Completed,,Loan Payment - LN2019100000533,False,,0.28,,Automated,Home Loan,standard_payment,False,loan_payment_generator,False,
TXNL202000002280,ACC0015015,IND19010155,LN2019100000540,LDO20200000579,8,2020-06-21,03:41:18,2857.43,Debit,Completed,,Loan Payment - LN2019100000540 - Late Fee,False,,0.8,,Automated,Personal Loan,late_payment,False,loan_payment_generator,False,
TXNL202000002281,ACC0014495,IND19002896,LN2019100000544,LDO20200000266,8,2020-06-18,04:38:47,1890.79,Debit,Completed,,Loan Payment - LN2019100000544,False,,1.93,,Automated,Vehicle Loan,standard_payment,False,loan_payment_generator,False,
TXNL202000002282,ACC0014999,IND19006679,LN2019100000546,LDO20200001277,8,2020-06-28,04:49:56,1562.36,Debit,Completed,,Loan Payment - LN2019100000546,False,,1.05,,Automated,Vehicle Loan,standard_payment,False,loan_payment_generator,False,
TXNL202000002283,ACC0015084,IND19000776,LN2019100000547,LDO20200001278,7,2020-06-03,04:45:50,1118.97,Debit,Completed,,Loan Payment - LN2019100000547,False,,1.18,,Automated,Home Loan,standard_payment,False,loan_payment_generator,False,
TXNL202000002284,ACC0015335,IND19012650,LN2019100000567,LDO20200001279,8,2020-06-19,02:07:28,3671.69,Debit,Completed,,Loan Payment - LN2019100000567,False,,0.89,,Automated,Vehicle Loan,standard_payment,False,loan_payment_generator,False,
TXNL202000002285,ACC0015386,IND19006234,LN2019100000572,LDO20200001280,7,2020-06-08,02:34:41,3724.87,Debit,Completed,,Loan Payment - LN2019100000572,False,,1.83,,Automated,Home Loan,standard_payment,False,loan_payment_generator,False,
TXNL202000002286,ACC0014790,IND19002667,LN2019100000583,LDO20200000580,8,2020-06-30,04:38:04,2923.9,Debit,Completed,,Loan Payment - LN2019100000583,False,,0.52,,Automated,Vehicle Loan,standard_payment,False,loan_payment_generator,False,
TXNL202000002287,ACC0014775,IND19004605,LN2019100000591,LDO20200001281,8,2020-06-30,04:45:06,2717.15,Debit,Completed,,Loan Payment - LN2019100000591,False,,1.01,,Automated,Home Loan,standard_payment,False,loan_payment_generator,False,
TXNL202000002288,ACC0014745,IND19000578,LN2019100000616,LDO20200001282,8,2020-06-30,02:06:47,656.71,Debit,Failed,insufficient_funds,Loan Payment - LN2019100000616,False,,1.51,,Automated,Home Loan,standard_payment,False,loan_payment_generator,False,
TXNL202000002289,ACC0014560,IND19002699,LN2019100000629,LDO20200001283,7,2020-06-06,02:27:12,6048.07,Debit,Completed,,Loan Payment - LN2019100000629,False,,1.97,,Automated,Personal Loan,standard_payment,False,loan_payment_generator,False,
TXNL202000002290,ACC0014991,IND19010123,LN2019100000633,LDO20200000267,8,2020-06-14,03:21:29,2378.62,Debit,Failed,insufficient_funds,Loan Payment - LN2019100000633 - Extra Principal,False,,0.62,,Automated,Home Loan,extra_payment,False,loan_payment_generator,False,
TXNL202000002291,ACC0015318,IND19000461,LN2019100000636,LDO20200000268,7,2020-06-01,02:28:42,2991.4,Debit,Completed,,Loan Payment - LN2019100000636,False,,0.6,,Automated,Personal Loan,standard_payment,False,loan_payment_generator,False,
TXNL202000002292,ACC0014533,IND19011563,LN2019100000645,,8,2020-06-29,04:58:30,2051.01,Debit,Completed,,Loan Payment - LN2019100000645,False,,2.5,,Automated,Personal Loan,standard_payment,False,loan_payment_generator,False,
TXNL202000002293,ACC0015376,IND19009495,LN2019100000646,LDO20200000581,7,2020-06-03,03:05:21,2023.45,Debit,Completed,,Loan Payment - LN2019100000646,False,,0.9,,Automated,Vehicle Loan,standard_payment,False,loan_payment_generator,False,
TXNL202000002294,ACC0014444,IND19003062,LN2019100000651,LDO20200000582,8,2020-06-25,03:46:14,3412.31,Debit,Completed,,Loan Payment - LN2019100000651,False,,1.75,,Automated,Vehicle Loan,standard_payment,False,loan_payment_generator,False,
TXNL202000002295,ACC0015372,IND19006768,LN2019100000656,LDO20200001284,8,2020-06-28,03:09:18,1815.4,Debit,Completed,,Loan Payment - LN2019100000656,False,,0.97,,Automated,Home Loan,standard_payment,False,loan_payment_generator,False,
TXNL202000002296,ACC0014883,IND19009439,LN2019100000659,LDO20200001285,7,2020-06-05,02:05:32,1825.33,Debit,Completed,,Loan Payment - LN2019100000659,False,,0.88,,Automated,Vehicle Loan,standard_payment,False,loan_payment_generator,False,
TXNL202000002297,ACC0014543,IND19012350,LN2019100000661,LDO20200001286,8,2020-06-16,04:03:00,2884.01,Debit,Completed,,Loan Payment - LN2019100000661,False,,1.04,,Automated,Vehicle Loan,standard_payment,False,loan_payment_generator,False,
TXNL202000002298,ACC0014526,IND19013003,LN2019100000663,LDO20200001287,8,2020-06-11,04:35:35,5561.36,Debit,Completed,,Loan Payment - LN2019100000663,False,,1.43,,Automated,Personal Loan,standard_payment,False,loan_payment_generator,False,
TXNL202000002299,ACC0014597,IND19007125,LN2019100000664,LDO20200000269,8,2020-06-29,03:06:31,12757.45,Debit,Completed,,Loan Payment - LN2019100000664,False,,1.93,,Automated,Personal Loan,standard_payment,False,loan_payment_generator,False,
TXNL202000002300,ACC0014665,IND19010618,LN2019100000669,LDO20200000583,8,2020-06-11,03:29:44,1964.27,Debit,Completed,,Loan Payment - LN2019100000669,False,,0.76,,Automated,Personal Loan,standard_payment,False,loan_payment_generator,False,
TXNL202000002301,ACC0015130,IND19000483,LN2019100000679,LDO20200001288,7,2020-06-03,02:10:25,7071.33,Debit,Completed,,Loan Payment - LN2019100000679,False,,1.68,,Automated,Personal Loan,standard_payment,False,loan_payment_generator,False,
TXNL202000002302,ACC0015291,IND19003619,LN2019100000681,LDO20200001289,7,2020-06-06,03:30:30,1395.87,Debit,Completed,,Loan Payment - LN2019100000681,False,,0.01,,Automated,Home Loan,standard_payment,False,loan_payment_generator,False,
TXNL202000002303,ACC0015361,IND19005519,LN2019100000683,LDO20200000109,8,2020-06-18,04:34:59,6798.46,Debit,Completed,,Loan Payment - LN2019100000683,False,,1.34,,Automated,Vehicle Loan,standard_payment,False,loan_payment_generator,False,
TXNL202000002304,ACC0014837,IND19000859,LN2019100000686,LDO20200000584,8,2020-06-16,04:40:36,8825.13,Debit,Completed,,Loan Payment - LN2019100000686,False,,1.39,,Automated,Home Loan,standard_payment,False,loan_payment_generator,False,
TXNL202000002305,ACC0014779,IND19008707,LN2019100000687,LDO20200001290,8,2020-06-21,02:18:44,3607.3,Debit,Completed,,Loan Payment - LN2019100000687,False,,0.94,,Automated,Home Loan,standard_payment,False,loan_payment_generator,False,
TXNL202000002306,ACC0014633,IND19005402,LN2019100000688,LDO20200001291,8,2020-06-19,02:17:49,5580.81,Debit,Completed,,Loan Payment - LN2019100000688,False,,0.69,,Automated,Home Loan,standard_payment,False,loan_payment_generator,False,
TXNL202000002307,ACC0014541,IND19006710,LN2019100000696,LDO20200000585,7,2020-06-01,02:01:22,1319.47,Debit,Completed,,Loan Payment - LN2019100000696,False,,0.28,,Automated,Home Loan,standard_payment,False,loan_payment_generator,False,
TXNL202000002308,ACC0015023,IND19008027,LN2019100000700,LDO20200001292,8,2020-06-25,04:45:35,1372.37,Debit,Completed,,Loan Payment - LN2019100000700,False,,1.98,,Automated,Vehicle Loan,standard_payment,False,loan_payment_generator,False,
TXNL202000002309,ACC0014815,IND19007574,LN2019100000705,LDO20200000270,8,2020-06-22,04:48:20,2235.88,Debit,Completed,,Loan Payment - LN2019100000705,False,,1.06,,Automated,Personal Loan,standard_payment,False,loan_payment_generator,False,
TXNL202000002310,ACC0014807,IND19006003,LN2019100000709,LDO20200000586,7,2020-06-08,03:57:56,3498.21,Debit,Completed,,Loan Payment - LN2019100000709,False,,1.99,,Automated,Personal Loan,standard_payment,False,loan_payment_generator,False,
TXNL202000002311,ACC0014630,IND19003716,LN2019100000713,LDO20200001293,8,2020-06-17,02:44:33,3439.6,Debit,Completed,,Loan Payment - LN20191000...,False,,0.73,,Automated,Vehicle Loan,standard_payment,False,loan_payment_generator,True,truncated_description
TXNL202000002312,ACC0014870,IND19009382,LN2019100000716,LDO20200000271,8,2020-06-30,04:03:36,3141.86,Debit,Completed,,Loan Payment - LN2019100000716,False,,1.79,,Automated,Home Loan,standard_payment,False,loan_payment_generator,False,
TXNL202000002313,ACC0014852,IND19000792,LN2019100000718,LDO20200000587,8,2020-06-17,04:16:22,1378.97,Debit,Completed,,Loan Payment - LN2019100000718,False,,0.02,,Automated,Home Loan,standard_payment,False,loan_payment_generator,False,
TXNL202000002314,ACC0015067,IND19010471,LN2019100000719,LDO20200001294,7,2020-06-10,04:12:24,913.23,Debit,Completed,,Loan Payment - LN2019100000719,False,,0.87,,Automated,Home Loan,standard_payment,False,loan_payment_generator,False,
TXNL202000002315,ACC0014741,IND19004022,LN2019100000723,LDO20200000588,8,2020-06-11,02:58:56,1859.99,Debit,Completed,,Loan Payment - LN2019100000723,False,,1.16,,Automated,Home Loan,standard_payment,False,loan_payment_generator,False,
TXNL202000002316,ACC0014900,IND19006459,LN2019100000726,LDO20200000589,8,2020-06-22,04:13:52,1846.83,Debit,Completed,,Loan Payment - LN2019100000726,False,,0.49,,Automated,Home Loan,standard_payment,False,loan_payment_generator,False,
TXNL202000002317,ACC0014513,IND19002157,LN2019100000730,LDO20200001295,7,2020-06-02,04:40:27,732.33,Debit,Completed,,Loan Payment - LN2019100000730,False,,0.79,,Automated,Vehicle Loan,standard_payment,False,loan_payment_generator,False,
TXNL202000002318,ACC0014987,IND19010799,LN2019100000753,LDO20200001296,8,2020-06-18,03:33:20,3502.54,Debit,Completed,,Loan Payment - LN2019100000753,False,,1.71,,Automated,Vehicle Loan,standard_payment,False,loan_payment_generator,False,
TXNL202000002319,ACC0015296,IND19006283,LN2019100000770,LDO20200001297,7,2020-06-04,04:17:34,2441.52,Debit,Completed,,Loan Payment - LN2019100000770,False,,0.1,,Automated,Vehicle Loan,standard_payment,False,loan_payment_generator,False,
TXNL202000002320,ACC0014624,IND19001280,LN2019100000773,LDO20200001298,8,2020-06-28,03:25:33,2380.1,Debit,Completed,,Loan Payment - LN2019100000773,False,,1.87,,Automated,Home Loan,standard_payment,False,loan_payment_generator,False,
TXNL202000002321,ACC0014875,IND19003311,LN2019100000790,LDO20200000272,8,2020-06-21,03:15:43,4174.33,Debit,Completed,,Loan Payment - LN20191000...,False,,0.19,,Automated,Home Loan,standard_payment,False,loan_payment_generator,True,truncated_description
TXNL202000002322,ACC0014905,IND19005898,LN2019100000795,LDO20200000590,8,2020-06-30,03:34:32,499.46,Debit,Completed,,Loan Payment - LN2019100000795,False,,1.72,,Automated,Personal Loan,standard_payment,False,loan_payment_generator,False,
TXNL202000002323,ACC0014455,IND19002201,LN2019100000797,LDO20200001299,8,2020-06-08,04:42:24,3816.48,Debit,Completed,,Loan Payment - LN2019100000797,False,,1.63,,Automated,Home Loan,standard_payment,False,loan_payment_generator,False,
TXNL202000002324,ACC0014641,IND19001922,LN2019100000798,LDO20200000110,8,2020-06-14,04:08:05,2539.5,Debit,Completed,,Loan Payment - LN2019100000798,False,,0.17,,Automated,Home Loan,standard_payment,False,loan_payment_generator,False,
TXNL202000002325,ACC0015408,COM19000084,LN2019100000799,LDO20200001300,8,2020-06-29,03:02:16,9933.41,Debit,Completed,,Loan Payment - LN2019100000799 - Late Fee,False,,1.99,,Automated,Business Loan,late_payment,False,loan_payment_generator,False,
TXNL202000002326,ACC0014445,IND19007288,LN2019100000805,LDO20200000591,8,2020-06-08,02:06:14,3753.9,Debit,Completed,,Loan Payment - LN2019100000805,False,,1.77,,Automated,Home Loan,standard_payment,False,loan_payment_generator,False,
TXNL202000002327,ACC0015234,IND19008629,LN2019100000807,LDO20200001301,8,2020-06-28,04:20:02,762.58,Debit,Completed,,Loan Payment - LN2019100000807,False,,0.55,,Automated,Home Loan,standard_payment,False,loan_payment_generator,False,
TXNL202000002328,ACC0015317,IND19000559,LN2019100000808,LDO20200001302,8,2020-06-30,04:23:07,1128.23,Debit,Completed,,Loan Payment - LN2019100000808,False,,0.92,,Automated,Home Loan,standard_payment,False,loan_payment_generator,False,
TXNL202000002329,ACC0015321,IND19000882,LN2019100000838,LDO20200001303,8,2020-06-29,02:56:30,3101.83,Debit,Completed,,Loan Payment - LN2019100000838,False,,1.02,,Automated,Personal Loan,standard_payment,False,loan_payment_generator,False,
TXNL202000002330,ACC0014576,IND19006736,LN2019100000839,LDO20200000111,8,2020-06-10,02:02:32,945.91,Debit,Completed,,Loan Payment - LN2019100000839,False,,1.9,,Automated,Home Loan,standard_payment,False,loan_payment_generator,False,
TXNL202000002331,ACC0015087,IND19006417,LN2019100000846,LDO20200000592,8,2020-06-17,03:49:41,7463.82,Debit,Completed,,Loan Payment - LN2019100000846,False,,1.18,,Automated,Personal Loan,standard_payment,False,loan_payment_generator,False,
TXNL202000002332,ACC0014754,IND19004483,LN2019100000848,LDO20200001304,8,2020-06-21,04:39:05,1686.24,Debit,Completed,,Loan Payment - LN2019100000848,False,,1.88,,Automated,Home Loan,standard_payment,False,loan_payment_generator,False,
TXNL202000002333,ACC0014887,IND19011390,LN2019100000849,LDO20200001305,8,2020-06-21,03:38:03,3609.54,Debit,Completed,,Loan Payment - LN2019100000849 - Late Fee,False,,0.3,,Automated,Home Loan,late_payment,False,loan_payment_generator,False,
TXNL202000002334,ACC0015066,IND19003685,LN2019100000857,LDO20200001306,7,2020-06-02,03:05:40,4834.51,Debit,Failed,insufficient_funds,Loan Payment - LN2019100000857,False,,1.47,,Automated,Home Loan,standard_payment,False,loan_payment_generator,False,
TXNL202000002335,ACC0014796,IND19001357,LN2019100000859,LDO20200001307,7,2020-06-03,02:39:28,2456.4,Debit,Completed,,Loan Payment - LN2019100000859,False,,0.55,,Automated,Home Loan,standard_payment,False,loan_payment_generator,False,
TXNL202000002336,ACC0014795,IND19001357,LN2019100000860,LDO20200001308,7,2020-06-05,02:38:09,5971.23,Debit,Completed,,Loan Payment - LN2019100000860 - Extra Principal,False,,1.16,,Automated,Home Loan,extra_payment,False,loan_payment_generator,False,
TXNL202000002337,ACC0014657,IND19010193,LN2019100000868,LDO20200001309,7,2020-06-01,02:07:54,2854.9,Debit,Completed,,Loan Payment - LN2019100000868 - Partial,False,,0.53,,Automated,Personal Loan,partial_payment,False,loan_payment_generator,False,
TXNL202000002338,ACC0014651,IND19001368,LN2019100000869,LDO20200001310,8,2020-06-27,02:46:01,627.68,Debit,Completed,,Loan Payment - LN2019100000869,False,,1.32,,Automated,Home Loan,standard_payment,False,loan_payment_generator,False,
TXNL202000002339,ACC0014734,IND19006261,LN2019100000874,LDO20200001311,8,2020-06-26,02:29:52,3319.36,Debit,Completed,,Loan Payment - LN2019100000874,False,,0.54,,Automated,Home Loan,standard_payment,False,loan_payment_generator,False,
TXNL202000002340,ACC0014710,IND19005052,LN2019100000876,LDO20200001312,7,2020-06-02,02:01:39,1991.24,Debit,Completed,,Loan Payment - LN2019100000876,False,,0.75,,Automated,Home Loan,standard_payment,False,loan_payment_generator,False,
TXNL202000002341,ACC0015071,IND19011567,LN2019100000889,LDO20200000273,8,2020-06-29,03:01:41,814.01,Debit,Completed,,Loan Payment - LN2019100000889,False,,0.7,,Automated,Home Loan,standard_payment,False,loan_payment_generator,False,
TXNL202000002342,ACC0014891,IND19001714,LN2019100000893,LDO20200001313,8,2020-06-26,03:54:16,1563.62,Debit,Completed,,Loan Payment - LN2019100000893,False,,1.46,,Automated,Vehicle Loan,standard_payment,False,loan_payment_generator,False,
TXNL202000002343,ACC0015038,IND19006520,LN2019100000905,LDO20200000274,7,2020-06-02,02:36:30,1699.21,Debit,Completed,,Loan Payment - LN2019100000905,False,,0.79,,Automated,Vehicle Loan,standard_payment,False,loan_payment_generator,False,
TXNL202000002344,ACC0015090,IND19002759,LN2019100000909,LDO20200000593,7,2020-06-06,04:59:34,2026.36,Debit,Completed,,Loan Payment - LN2019100000909,False,,1.3,,Automated,Vehicle Loan,standard_payment,False,loan_payment_generator,False,
TXNL202000002345,ACC0014736,IND19011898,LN2019100000911,LDO20200001314,8,2020-06-13,02:22:51,830.59,Debit,Completed,,Loan Payment - LN2019100000911,False,,0.32,,Automated,Vehicle Loan,standard_payment,False,loan_payment_generator,False,
TXNL202000002346,ACC0015193,IND19006535,LN2019100000929,LDO20200000594,8,2020-06-29,03:01:13,320.52,Debit,Completed,,Loan Payment - LN2019100000929,False,,0.21,,Automated,Home Loan,standard_payment,False,loan_payment_generator,False,
TXNL202000002347,ACC0016752,IND19005524,LN2019110000032,LDO20200001315,7,2020-06-18,04:01:05,5468.9,Debit,Completed,,Loan Payment - LN2019110000032,False,,1.63,,Automated,Home Loan,standard_payment,False,loan_payment_generator,False,
TXNL202000002348,ACC0015909,IND19009433,LN2019110000033,LDO20200001316,6,2020-06-02,03:14:51,3167.63,Debit,Completed,,Loan Payment - LN2019110000033,False,,0.31,,Automated,Home Loan,standard_payment,False,loan_payment_generator,False,
TXNL202000002349,ACC0016879,IND19000900,LN2019110000043,LDO20200001317,6,2020-06-01,04:36:10,294.48,Debit,Completed,,Loan Payment - LN2019110000043,False,,0.62,,Automated,Home Loan,standard_payment,False,loan_payment_generator,False,
TXNL202000002350,ACC0015824,IND19011426,LN2019110000072,LDO20200000025,7,2020-06-20,04:30:35,3079.84,Debit,Completed,,Loan Payment - LN2019110000072 - Late Fee,False,,1.72,,Automated,Home Loan,late_payment,False,loan_payment_generator,False,
TXNL202000002351,ACC0016225,IND19015916,LN2019110000076,LDO20200001318,7,2020-06-07,03:52:23,3840.69,Debit,Completed,,Loan Payment - LN2019110000076,False,,1.55,,Automated,Personal Loan,standard_payment,False,loan_payment_generator,False,
TXNL202000002352,ACC0016503,IND19017799,LN2019110000082,LDO20200001319,7,2020-06-16,04:22:55,1500.42,Debit,Failed,mandate_limit,Loan Payment - LN2019110000082,False,,0.66,,Automated,Home Loan,standard_payment,False,loan_payment_generator,False,
TXNL202000002353,ACC0016727,IND19008551,LN2019110000088,LDO20200000595,6,2020-06-06,02:14:57,2112.77,Debit,Completed,,Loan Payment - LN2019110000088,False,,1.84,,Automated,Vehicle Loan,standard_payment,False,loan_payment_generator,False,
TXNL202000002354,ACC0016747,IND19011048,LN2019110000089,LDO20200001320,7,2020-06-25,02:39:53,680.11,Debit,Completed,,Loan Payment - LN2019110000089 - Partial,False,,0.07,,Automated,Vehicle Loan,partial_payment,False,loan_payment_generator,False,
TXNL202000002355,ACC0015713,IND19018942,LN2019110000093,LDO20200000596,7,2020-06-13,04:50:35,7335.1,Debit,Completed,,Loan Payment - LN2019110000093,False,,0.07,,Automated,Vehicle Loan,standard_payment,False,loan_payment_generator,False,
TXNL202000002356,ACC0015438,IND19005791,LN2019110000094,LDO20200001321,7,2020-06-14,04:28:43,985.23,Debit,Completed,,Loan Payment - LN2019110000094,False,,0.77,,Automated,Home Loan,standard_payment,False,loan_payment_generator,False,
TXNL202000002357,ACC0016453,IND19019950,LN2019110000097,LDO20200001322,7,2020-06-26,02:40:46,2852.46,Debit,Completed,,Loan Payment - LN2019110000097,False,,1.21,,Automated,Personal Loan,standard_payment,False,loan_payment_generator,False,
TXNL202000002358,ACC0016481,IND19021313,LN2019110000103,LDO20200001323,6,2020-06-03,04:59:48,3517.59,Debit,Completed,,Loan Payment - LN2019110000103,False,,0.05,,Automated,Home Loan,standard_payment,False,loan_payment_generator,False,
TXNL202000002359,ACC0016428,IND19000873,LN2019110000108,LDO20200000597,7,2020-06-27,04:50:14,3589.35,Debit,Completed,,Loan Payment - LN2019110000108,False,,1.16,,Automated,Home Loan,standard_payment,False,loan_payment_generator,False,
TXNL202000002360,ACC0016002,IND19011061,LN2019110000109,LDO20200000275,7,2020-06-29,04:44:38,8866.88,Debit,Failed,insufficient_funds,Loan Payment - LN2019110000109,False,,0.92,,Automated,Personal Loan,standard_payment,False,loan_payment_generator,False,
TXNL202000002361,ACC0015851,IND19018488,LN2019110000112,LDO20200001324,7,2020-06-29,03:51:48,1906.94,Debit,Completed,,Loan Payment - LN2019110000112,False,,1.28,,Automated,Vehicle Loan,standard_payment,False,loan_payment_generator,False,
TXNL202000002362,ACC0016627,IND19008440,LN2019110000116,LDO20200001325,7,2020-06-25,04:44:23,2149.03,Debit,Completed,,Loan Payment - LN2019110000116,False,,0.75,,Automated,Home Loan,standard_payment,False,loan_payment_generator,False,
TXNL202000002363,ACC0016207,IND19019353,LN2019110000130,LDO20200001326,7,2020-06-26,04:00:06,3396.28,Debit,Completed,,Loan Payment - LN2019110000130,False,,0.15,,Automated,Home Loan,standard_payment,False,loan_payment_generator,False,
TXNL202000002364,ACC0015481,IND19008253,LN2019110000131,LDO20200000598,7,2020-06-25,02:44:08,2231.59,Debit,Completed,,Loan Payment - LN2019110000131,False,,1.71,,Automated,Home Loan,standard_payment,False,loan_payment_generator,False,
TXNL202000002365,ACC0016337,IND19009965,LN2019110000132,LDO20200000599,6,2020-06-07,04:45:23,2046.21,Debit,Completed,,Loan Payment - LN2019110000132,False,,0.74,,Automated,Home Loan,standard_payment,False,loan_payment_generator,False,
TXNL202000002366,ACC0015519,IND19009246,LN2019110000133,LDO20200000043,7,2020-06-19,04:20:09,1695.74,Debit,Completed,,Loan Payment - LN20191100...,False,,0.75,,Automated,Home Loan,standard_payment,False,loan_payment_generator,True,truncated_description
TXNL202000002367,ACC0016297,IND19020526,LN2019110000139,LDO20200000600,6,2020-06-07,03:40:26,2248.71,Debit,Completed,,Loan Payment - LN2019110000139,False,,1.18,,Automated,Vehicle Loan,standard_payment,False,loan_payment_generator,False,
TXNL202000002368,ACC0016660,IND19007917,LN2019110000141,LDO20200000601,7,2020-06-24,03:43:56,3401.92,Debit,Completed,,Loan Payment - LN2019110000141,False,,1.51,,Automated,Home Loan,standard_payment,False,loan_payment_generator,False,
TXNL202000002369,ACC0016425,IND19020432,LN2019110000146,LDO20200001327,7,2020-06-15,02:52:18,2152.32,Debit,Completed,,Loan Payment - LN2019110000146,False,,1.83,,Automated,Home Loan,standard_payment,False,loan_payment_generator,False,
TXNL202000002370,ACC0016322,IND19013722,LN2019110000155,LDO20200000112,6,2020-06-07,02:20:33,698.09,Debit,Completed,,Loan Payment - LN2019110000155,False,,0.15,,Automated,Home Loan,standard_payment,False,loan_payment_generator,False,
TXNL202000002371,ACC0015812,IND19011944,LN2019110000156,LDO20200001328,7,2020-06-21,04:41:34,2154.29,Debit,Completed,,Loan Payment - LN2019110000156 - Partial,False,,1.73,,Automated,Vehicle Loan,partial_payment,False,loan_payment_generator,False,
TXNL202000002372,ACC0016702,IND19006765,LN2019110000169,LDO20200000276,7,2020-06-19,02:15:01,269.59,Debit,Completed,,Loan Payment - LN2019110000169,False,,0.88,,Automated,Home Loan,standard_payment,False,loan_payment_generator,False,
TXNL202000002373,ACC0016796,IND19006171,LN2019110000171,LDO20200000602,7,2020-06-12,04:11:38,6782.42,Debit,Completed,,Loan Payment - LN2019110000171,False,,0.15,,Automated,Personal Loan,standard_payment,False,loan_payment_generator,False,
TXNL202000002374,ACC0016000,IND19012493,LN2019110000176,LDO20200001329,7,2020-06-26,03:17:05,4284.26,Debit,Completed,,Loan Payment - LN2019110000176 - Extra Principal,False,,0.94,,Automated,Home Loan,extra_payment,False,loan_payment_generator,False,
TXNL202000002375,ACC0016174,IND19016734,LN2019110000189,LDO20200000603,7,2020-06-24,02:04:07,1258.22,Debit,Completed,,Loan Payment - LN2019110000189,False,,1.51,,Automated,Personal Loan,standard_payment,False,loan_payment_generator,False,
TXNL202000002376,ACC0016076,IND19010695,LN2019110000203,LDO20200001330,7,2020-06-16,03:22:12,4068.28,Debit,Completed,,Loan Payment - LN2019110000203,False,,0.19,,Automated,Personal Loan,standard_payment,False,loan_payment_generator,False,
TXNL202000002377,ACC0016107,IND19022517,LN2019110000204,LDO20200001331,7,2020-06-16,03:19:48,3631.98,Debit,Completed,,Loan Payment - LN2019110000204,False,,0.13,,Automated,Home Loan,standard_payment,False,loan_payment_generator,False,
TXNL202000002378,ACC0016504,IND19014042,LN2019110000207,LDO20200001332,7,2020-06-08,04:38:18,2735.46,Debit,Completed,,Loan Payment - LN2019110000207,False,,1.7,,Automated,Home Loan,standard_payment,False,loan_payment_generator,False,
TXNL202000002379,ACC0017148,IND19005202,LN2019110000218,LDO20200001333,7,2020-06-27,02:07:04,2770.86,Debit,Completed,,Loan Payment - LN2019110000218,False,,1.04,,Automated,Vehicle Loan,standard_payment,False,loan_payment_generator,False,
TXNL202000002380,ACC0016554,IND19000992,LN2019110000222,LDO20200001334,7,2020-06-26,02:24:28,1476.93,Debit,Failed,insufficient_funds,Loan Payment - LN2019110000222,False,,0.98,,Automated,Home Loan,standard_payment,False,loan_payment_generator,False,
TXNL202000002381,ACC0016777,IND19014116,LN2019110000229,LDO20200000277,7,2020-06-29,02:39:07,1844.62,Debit,Completed,,Loan Payment - LN2019110000229,False,,1.86,,Automated,Vehicle Loan,standard_payment,False,loan_payment_generator,False,
TXNL202000002382,ACC0016095,IND19008630,LN2019110000232,LDO20200000604,7,2020-06-25,04:24:26,3214.36,Debit,Completed,,Loan Payment - LN2019110000232 - Extra Principal,False,,1.62,,Automated,Home Loan,extra_payment,False,loan_payment_generator,False,
TXNL202000002383,ACC0016293,IND19019129,LN2019110000244,LDO20200001335,7,2020-06-25,03:35:22,4360.32,Debit,Completed,,Loan Payment - LN2019110000244,False,,1.88,,Automated,Personal Loan,standard_payment,False,loan_payment_generator,False,
TXNL202000002384,ACC0015859,IND19009036,LN2019110000252,LDO20200000605,7,2020-06-11,02:01:24,2125.0,Debit,Completed,,Loan Payment - LN2019110000252,False,,1.04,,Automated,Home Loan,standard_payment,False,loan_payment_generator,False,
TXNL202000002385,ACC0016521,IND19022672,LN2019110000256,LDO20200000278,7,2020-06-28,02:21:20,2173.96,Debit,Completed,,Loan Payment - LN2019110000256 - Extra Principal,False,,1.65,,Automated,Home Loan,extra_payment,False,loan_payment_generator,False,
TXNL202000002386,ACC0016109,IND19014220,LN2019110000262,LDO20200000113,7,2020-06-16,03:51:57,6452.17,Debit,Completed,,Loan Payment - LN2019110000262,False,,0.97,,Automated,Personal Loan,standard_payment,False,loan_payment_generator,False,
TXNL202000002387,ACC0016564,IND19005051,LN2019110000263,LDO20200001336,7,2020-06-21,02:42:49,1579.37,Debit,Completed,,Loan Payment - LN2019110000263,False,,1.26,,Automated,Personal Loan,standard_payment,False,loan_payment_generator,False,
TXNL202000002388,ACC0015791,IND19003553,LN2019110000265,LDO20200000044,6,2020-06-05,04:41:53,973.69,Debit,Completed,,Loan Payment - LN2019110000265,False,,0.7,,Automated,Vehicle Loan,standard_payment,False,loan_payment_generator,False,
TXNL202000002389,ACC0016534,IND19010117,LN2019110000273,LDO20200000606,7,2020-06-14,02:47:37,4805.31,Debit,Completed,,Loan Payment - LN2019110000273,False,,1.55,,Automated,Home Loan,standard_payment,False,loan_payment_generator,False,
TXNL202000002390,ACC0016441,IND19011531,LN2019110000281,LDO20200001337,7,2020-06-13,03:49:07,1197.23,Debit,Completed,,Loan Payment - LN2019110000281,False,,0.78,,Automated,Vehicle Loan,standard_payment,False,loan_payment_generator,False,
TXNL202000002391,ACC0017185,COM19000205,LN2019110000291,LDO20200000607,6,2020-06-07,03:35:24,4737.68,Debit,Completed,,Loan Payment - LN2019110000291,False,,0.65,,Automated,Business Loan,standard_payment,False,loan_payment_generator,False,
TXNL202000002392,ACC0015944,IND19010149,LN2019110000301,LDO20200001338,6,2020-06-03,03:08:08,1479.65,Debit,Completed,,Loan Payment - LN2019110000301,False,,1.57,,Automated,Personal Loan,standard_payment,False,loan_payment_generator,False,
TXNL202000002393,ACC0016120,IND19006598,LN2019110000303,LDO20200001339,6,2020-06-02,02:58:25,8981.32,Debit,Completed,,Loan Payment - LN2019110000303,False,,1.95,,Automated,Home Loan,standard_payment,False,loan_payment_generator,False,
TXNL202000002394,ACC0016962,IND19020006,LN2019110000309,LDO20200001340,7,2020-06-30,04:40:41,2360.81,Debit,Completed,,Loan Payment - LN2019110000309,False,,0.7,,Automated,Vehicle Loan,standard_payment,False,loan_payment_generator,False,
TXNL202000002395,ACC0017049,IND19001097,LN2019110000310,LDO20200001341,7,2020-06-13,03:01:47,4207.91,Debit,Completed,,Loan Payment - LN2019110000310,False,,1.54,,Automated,Vehicle Loan,standard_payment,False,loan_payment_generator,False,
TXNL202000002396,ACC0016825,IND19021555,LN2019110000333,LDO20200000608,7,2020-06-14,02:17:34,2058.23,Debit,Failed,insufficient_funds,Loan Payment - LN2019110000333,False,,0.38,,Automated,Vehicle Loan,standard_payment,False,loan_payment_generator,False,
TXNL202000002397,ACC0016719,IND19019618,LN2019110000337,LDO20200001342,7,2020-06-27,02:24:19,3093.01,Debit,Completed,,Loan Payment - LN2019110000337,False,,0.77,,Automated,Vehicle Loan,standard_payment,False,loan_payment_generator,False,
TXNL202000002398,ACC0016257,IND19002620,LN2019110000339,,7,2020-06-23,02:33:19,459.55,Debit,Completed,,Loan Payment - LN2019110000339,False,,2.5,,Automated,Home Loan,standard_payment,False,loan_payment_generator,False,
TXNL202000002399,ACC0016083,IND19015278,LN2019110000344,LDO20200001343,6,2020-06-03,02:12:38,4122.79,Debit,Completed,,Loan Payment - LN2019110000344,False,,1.36,,Automated,Home Loan,standard_payment,False,loan_payment_generator,False,
TXNL202000002400,ACC0015585,IND19022752,LN2019110000345,LDO20200001344,7,2020-06-29,04:42:30,3052.83,Debit,Completed,,Loan Payment - LN2019110000345,False,,1.31,,Automated,Home Loan,standard_payment,False,loan_payment_generator,False,
TXNL202000002401,ACC0016232,IND19013069,LN2019110000349,LDO20200000114,6,2020-06-08,03:50:07,7720.7,Debit,Completed,,Loan Payment - LN2019110000349,False,,0.41,,Automated,Personal Loan,standard_payment,False,loan_payment_generator,False,
TXNL202000002402,ACC0015703,IND19011233,LN2019110000350,LDO20200000279,7,2020-06-29,03:52:00,4839.7,Debit,Completed,,Loan Payment - LN2019110000350,False,,1.41,,Automated,Home Loan,standard_payment,False,loan_payment_generator,False,
TXNL202000002403,ACC0016743,IND19015859,LN2019110000361,LDO20200001345,6,2020-06-05,02:34:06,4566.17,Debit,Completed,,Loan Payment - LN2019110000361,False,,1.97,,Automated,Personal Loan,standard_payment,False,loan_payment_generator,False,
TXNL202000002404,ACC0016550,IND19011196,LN2019110000363,LDO20200000609,6,2020-06-04,04:39:25,2853.51,Debit,Completed,,Loan Payment - LN2019110000363,False,,1.35,,Automated,Home Loan,standard_payment,False,loan_payment_generator,False,
TXNL202000002405,ACC0015647,IND19013303,LN2019110000369,LDO20200000610,7,2020-06-14,02:46:17,11821.6,Debit,Completed,,Loan Payment - LN2019110000369,False,,0.85,,Automated,Personal Loan,standard_payment,False,loan_payment_generator,False,
TXNL202000002406,ACC0016895,IND19009396,LN2019110000378,LDO20200001346,7,2020-06-29,02:14:49,2849.02,Debit,Failed,insufficient_funds,Loan Payment - LN2019110000378,False,,1.68,,Automated,Personal Loan,standard_payment,False,loan_payment_generator,False,
TXNL202000002407,ACC0015531,IND19015088,LN2019110000383,LDO20200001347,6,2020-06-05,02:44:25,1752.25,Debit,Completed,,Loan Payment - LN2019110000383,False,,1.47,,Automated,Vehicle Loan,standard_payment,False,loan_payment_generator,False,
TXNL202000002408,ACC0016922,IND19019961,LN2019110000395,LDO20200000115,7,2020-06-17,03:17:59,1835.37,Debit,Completed,,Loan Payment - LN2019110000395,False,,0.12,,Automated,Vehicle Loan,standard_payment,False,loan_payment_generator,False,
TXNL202000002409,ACC0016704,IND19017422,LN2019110000398,LDO20200000611,7,2020-06-25,03:21:13,6055.71,Debit,Completed,,Loan Payment - LN2019110000398,False,,0.04,,Automated,Home Loan,standard_payment,False,loan_payment_generator,False,
TXNL202000002410,ACC0016734,IND19021090,LN2019110000399,LDO20200001348,7,2020-06-24,03:03:01,210.75,Debit,Completed,,Loan Payment - LN2019110000399 - Partial,False,,1.76,,Automated,Home Loan,partial_payment,False,loan_payment_generator,False,
TXNL202000002411,ACC0015800,IND19012589,LN2019110000408,LDO20200000280,7,2020-06-30,02:52:07,2408.9,Debit,Completed,,Loan Payment - LN2019110000408,False,,0.77,,Automated,Home Loan,standard_payment,False,loan_payment_generator,False,
TXNL202000002412,ACC0016475,IND19022156,LN2019110000411,LDO20200001349,7,2020-06-14,03:33:09,6496.87,Debit,Failed,account_blocked,Loan Payment - LN2019110000411,False,,1.24,,Automated,Personal Loan,standard_payment,False,loan_payment_generator,False,
TXNL202000002413,ACC0015485,IND19005788,LN2019110000412,LDO20200001350,7,2020-06-23,04:03:53,2058.94,Debit,Completed,,Loan Payment - LN2019110000412,False,,1.98,,Automated,Home Loan,standard_payment,False,loan_payment_generator,False,
TXNL202000002414,ACC0015915,IND19019141,LN2019110000413,LDO20200001351,7,2020-06-20,02:13:24,12092.71,Debit,Completed,,Loan Payment - LN2019110000413,False,,1.27,,Automated,Personal Loan,standard_payment,False,loan_payment_generator,False,
TXNL202000002415,ACC0016364,IND19004467,LN2019110000430,LDO20200000612,6,2020-06-04,02:28:28,1163.76,Debit,Completed,,Loan Payment - LN2019110000430,False,,1.58,,Automated,Home Loan,standard_payment,False,loan_payment_generator,False,
TXNL202000002416,ACC0016050,IND19014779,LN2019110000437,LDO20200000613,7,2020-06-29,02:01:50,1680.25,Debit,Completed,,Loan Payment - LN2019110000437,False,,1.19,,Automated,Vehicle Loan,standard_payment,False,loan_payment_generator,False,
TXNL202000002417,ACC0017067,IND19019872,LN2019110000438,LDO20200000045,6,2020-06-05,04:43:13,6095.17,Debit,Completed,,Loan Payment - LN2019110000438,False,,0.21,,Automated,Personal Loan,standard_payment,False,loan_payment_generator,False,
TXNL202000002418,ACC0016075,IND19010695,LN2019110000461,LDO20200001352,7,2020-06-25,04:38:30,583.34,Debit,Completed,,Loan Payment - LN2019110000461,False,,0.69,,Automated,Home Loan,standard_payment,False,loan_payment_generator,False,
TXNL202000002419,ACC0016490,IND19022225,LN2019110000465,LDO20200000614,7,2020-06-21,02:24:26,1805.88,Debit,Completed,,Loan Payment - LN2019110000465,False,,0.68,,Automated,Home Loan,standard_payment,False,loan_payment_generator,False,
TXNL202000002420,ACC0015635,IND19020795,LN2019110000469,LDO20200001353,6,2020-06-08,04:35:29,691.95,Debit,Completed,,Loan Payment - LN2019110000469,False,,1.05,,Automated,Home Loan,standard_payment,False,loan_payment_generator,False,
TXNL202000002421,ACC0015477,IND19012830,LN2019110000472,LDO20200000281,7,2020-06-23,02:54:25,794.93,Debit,Completed,,Loan Payment - LN2019110000472,False,,0.71,,Automated,Home Loan,standard_payment,False,loan_payment_generator,False,
TXNL202000002422,ACC0016443,IND19011227,LN2019110000477,LDO20200001354,7,2020-06-22,04:14:41,2980.37,Debit,Completed,,Loan Payment - LN2019110000477,False,,1.53,,Automated,Personal Loan,standard_payment,False,loan_payment_generator,False,
TXNL202000002423,ACC0016143,IND19009170,LN2019110000478,LDO20200000615,7,2020-06-29,04:57:45,1797.49,Debit,Completed,,Loan Payment - LN2019110000478,False,,0.57,,Automated,Vehicle Loan,standard_payment,False,loan_payment_generator,False,
TXNL202000002424,ACC0016452,IND19004664,LN2019110000490,LDO20200000616,7,2020-06-18,02:32:56,2584.0,Debit,Completed,,Loan Payment - LN2019110000490,False,,0.75,,Automated,Personal Loan,standard_payment,False,loan_payment_generator,False,
TXNL202000002425,ACC0015512,IND19012072,LN2019110000495,LDO20200000617,7,2020-06-14,03:50:34,1399.82,Debit,Completed,,Loan Payment - LN2019110000495,False,,0.66,,Automated,Vehicle Loan,standard_payment,False,loan_payment_generator,False,
TXNL202000002426,ACC0017156,IND19011186,LN2019110000496,LDO20200000282,6,2020-06-02,02:38:43,3322.73,Debit,Completed,,Loan Payment - LN20191100...,False,,0.19,,Automated,Home Loan,standard_payment,False,loan_payment_generator,True,truncated_description
TXNL202000002427,ACC0016740,IND19005768,LN2019110000498,LDO20200000015,7,2020-06-26,02:42:43,5634.99,Debit,Completed,,Loan Payment - LN2019110000498,False,,1.31,,Automated,Home Loan,standard_payment,False,loan_payment_generator,False,
TXNL202000002428,ACC0016720,IND19019088,LN2019110000507,LDO20200000046,7,2020-06-22,03:55:42,271.22,Debit,Completed,,Loan Payment - LN2019110000507,False,,0.54,,Automated,Home Loan,standard_payment,False,loan_payment_generator,False,
TXNL202000002429,ACC0016949,IND19009984,LN2019110000508,LDO20200001355,7,2020-06-20,04:16:55,3099.02,Debit,Completed,,Loan Payment - LN2019110000508,False,,1.08,,Automated,Personal Loan,standard_payment,False,loan_payment_generator,False,
TXNL202000002430,ACC0016035,IND19018047,LN2019110000511,LDO20200000283,7,2020-06-14,04:33:45,798.02,Debit,Completed,,Loan Payment - LN2019110000511,False,,0.86,,Automated,Home Loan,standard_payment,False,loan_payment_generator,False,
TXNL202000002431,ACC0017176,IND19020801,LN2019110000515,LDO20200001356,6,2020-06-07,04:09:55,1126.17,Debit,Completed,,Loan Payment - LN2019110000515,False,,0.54,,Automated,Home Loan,standard_payment,False,loan_payment_generator,False,
TXNL202000002432,ACC0016480,IND19021313,LN2019110000516,LDO20200001357,7,2020-06-12,04:26:26,2308.98,Debit,Completed,,Loan Payment - LN2019110000516,False,,0.85,,Automated,Home Loan,standard_payment,False,loan_payment_generator,False,
TXNL202000002433,ACC0015748,IND19016752,LN2019110000521,LDO20200001358,6,2020-06-03,03:42:13,978.71,Debit,Completed,,Loan Payment - LN2019110000521 - Partial,False,,1.96,,Automated,Home Loan,partial_payment,False,loan_payment_generator,False,
TXNL202000002434,ACC0016356,IND19010573,LN2019110000523,LDO20200001359,7,2020-06-13,04:56:27,8378.13,Debit,Completed,,Loan Payment - LN2019110000523,False,,0.76,,Automated,Personal Loan,standard_payment,False,loan_payment_generator,False,
TXNL202000002435,ACC0016868,IND19019445,LN2019110000529,LDO20200001360,7,2020-06-12,04:16:15,819.99,Debit,Completed,,Loan Payment - LN2019110000529,False,,0.12,,Automated,Home Loan,standard_payment,False,loan_payment_generator,False,
TXNL202000002436,ACC0016401,IND19019771,LN2019110000536,LDO20200001361,6,2020-06-01,02:39:57,1888.06,Debit,Completed,,Loan Payment - LN2019110000536,False,,1.53,,Automated,Home Loan,standard_payment,False,loan_payment_generator,False,
TXNL202000002437,ACC0015874,IND19014142,LN2019110000545,LDO20200001362,7,2020-06-17,04:34:23,2128.88,Debit,Completed,,Loan Payment - LN2019110000545,False,,1.43,,Automated,Personal Loan,standard_payment,False,loan_payment_generator,False,
TXNL202000002438,ACC0016746,IND19021475,LN2019110000546,LDO20200001363,7,2020-06-19,04:35:00,1608.34,Debit,Completed,,Loan Payment - LN2019110000546,False,,1.73,,Automated,Vehicle Loan,standard_payment,False,loan_payment_generator,False,
TXNL202000002439,ACC0015845,IND19008750,LN2019110000551,LDO20200000618,7,2020-06-14,03:51:57,249.25,Debit,Completed,,Loan Payment - LN2019110000551,False,,1.14,,Automated,Home Loan,standard_payment,False,loan_payment_generator,False,
TXNL202000002440,ACC0015544,IND19003478,LN2019110000558,LDO20200001364,6,2020-06-05,04:03:36,346.61,Debit,Completed,,Loan Payment - LN2019110000558,False,,1.02,,Automated,Home Loan,standard_payment,False,loan_payment_generator,False,
TXNL202000002441,ACC0016878,IND19009638,LN2019110000566,LDO20200000619,7,2020-06-09,03:30:58,1490.56,Debit,Completed,,Loan Payment - LN2019110000566,False,,1.97,,Automated,Home Loan,standard_payment,False,loan_payment_generator,False,
TXNL202000002442,ACC0017005,IND19020092,LN2019110000571,LDO20200001365,7,2020-06-30,03:45:27,1865.08,Debit,Completed,,Loan Payment - LN2019110000571,False,,0.86,,Automated,Personal Loan,standard_payment,False,loan_payment_generator,False,
TXNL202000002443,ACC0016051,IND19012890,LN2019110000575,LDO20200001366,7,2020-06-11,03:55:15,2926.14,Debit,Completed,,Loan Payment - LN2019110000575,False,,0.94,,Automated,Personal Loan,standard_payment,False,loan_payment_generator,False,
TXNL202000002444,ACC0016630,IND19016620,LN2019110000578,LDO20200000620,7,2020-06-24,04:38:12,1873.84,Debit,Completed,,Loan Payment - LN2019110000578,False,,1.04,,Automated,Personal Loan,standard_payment,False,loan_payment_generator,False,
TXNL202000002445,ACC0016489,IND19020507,LN2019110000587,LDO20200000621,6,2020-06-12,03:46:45,3095.31,Debit,Completed,,Loan Payment - LN2019110000587,False,,1.53,,Automated,Home Loan,standard_payment,False,loan_payment_generator,False,
TXNL202000002446,ACC0015439,IND19012955,LN2019110000595,LDO20200001367,7,2020-06-14,02:34:50,1108.33,Debit,Completed,,Loan Payment - LN2019110000595,False,,0.26,,Automated,Home Loan,standard_payment,False,loan_payment_generator,False,
TXNL202000002447,ACC0017171,IND19007367,LN2019110000602,LDO20200001368,6,2020-06-05,02:27:00,762.86,Debit,Completed,,Loan Payment - LN2019110000602,False,,0.52,,Automated,Home Loan,standard_payment,False,loan_payment_generator,False,
TXNL202000002448,ACC0016182,IND19003639,LN2019110000604,LDO20200001369,7,2020-06-21,02:09:47,1628.59,Debit,Completed,,Loan Payment - LN2019110000604,False,,1.85,,Automated,Vehicle Loan,standard_payment,False,loan_payment_generator,False,
TXNL202000002449,ACC0016865,IND19004697,LN2019110000605,LDO20200001370,7,2020-06-25,04:54:41,451.24,Debit,Completed,,Loan Payment - LN2019110000605,False,,1.69,,Automated,Personal Loan,standard_payment,False,loan_payment_generator,False,
TXNL202000002450,ACC0015959,IND19015485,LN2019110000608,LDO20200001371,6,2020-06-07,03:14:41,2898.9,Debit,Completed,,Loan Payment - LN2019110000608,False,,1.85,,Automated,Vehicle Loan,standard_payment,False,loan_payment_generator,False,
TXNL202000002451,ACC0016505,IND19011309,LN2019110000626,LDO20200001372,7,2020-06-18,04:01:26,10770.82,Debit,Completed,,Loan Payment - LN2019110000626,False,,0.61,,Automated,Personal Loan,standard_payment,False,loan_payment_generator,False,
TXNL202000002452,ACC0015857,IND19002400,LN2019110000628,LDO20200000047,7,2020-06-17,04:14:25,3133.96,Debit,Completed,,Loan Payment - LN2019110000628,False,,1.51,,Automated,Home Loan,standard_payment,False,loan_payment_generator,False,
TXNL202000002453,ACC0015996,IND19017710,LN2019110000643,LDO20200000284,7,2020-06-19,04:43:39,1304.69,Debit,Failed,mandate_limit,Loan Payment - LN2019110000643,False,,0.14,,Automated,Vehicle Loan,standard_payment,False,loan_payment_generator,False,
TXNL202000002454,ACC0015958,IND19013885,LN2019110000647,LDO20200000622,7,2020-06-16,04:49:46,1426.17,Debit,Completed,,Loan Payment - LN2019110000647,False,,0.74,,Automated,Vehicle Loan,standard_payment,False,loan_payment_generator,False,
TXNL202000002455,ACC0016730,IND19018259,LN2019110000654,LDO20200001373,6,2020-06-02,04:11:03,722.63,Debit,Completed,,Loan Payment - LN2019110000654,False,,1.13,,Automated,Vehicle Loan,standard_payment,False,loan_payment_generator,False,
TXNL202000002456,ACC0015661,IND19000919,LN2019110000659,LDO20200000116,7,2020-06-12,04:01:25,1775.81,Debit,Completed,,Loan Payment - LN2019110000659,False,,1.64,,Automated,Personal Loan,standard_payment,False,loan_payment_generator,False,
TXNL202000002457,ACC0016101,IND19016649,LN2019110000662,LDO20200001374,7,2020-06-23,03:42:53,585.58,Debit,Completed,,Loan Payment - LN2019110000662,False,,1.76,,Automated,Vehicle Loan,standard_payment,False,loan_payment_generator,False,
TXNL202000002458,ACC0017134,IND19003394,LN2019110000664,LDO20200000623,7,2020-06-16,04:26:52,1924.46,Debit,Completed,,Loan Payment - LN2019110000664,False,,1.5,,Automated,Vehicle Loan,standard_payment,False,loan_payment_generator,False,
TXNL202000002459,ACC0016171,IND19015851,LN2019110000670,LDO20200001375,7,2020-06-15,02:02:44,4650.43,Debit,Completed,,Loan Payment - LN2019110000670,False,,1.31,,Automated,Home Loan,standard_payment,False,loan_payment_generator,False,
TXNL202000002460,ACC0016595,IND19008386,LN2019110000672,LDO20200000624,7,2020-06-07,04:01:45,914.37,Debit,Completed,,Loan Payment - LN2019110000672,False,,0.44,,Automated,Home Loan,standard_payment,False,loan_payment_generator,False,
TXNL202000002461,ACC0016943,IND19010634,LN2019110000680,LDO20200000285,7,2020-06-21,03:34:38,2851.37,Debit,Completed,,Loan Payment - LN2019110000680 - Late Fee,False,,0.0,,Automated,Home Loan,late_payment,False,loan_payment_generator,True,amount_rounding_error
TXNL202000002462,ACC0015693,IND19003048,LN2019110000683,LDO20200000625,6,2020-06-02,04:13:08,1296.99,Debit,Completed,,Loan Payment - LN2019110000683 - Extra Principal,False,,0.11,,Automated,Home Loan,extra_payment,False,loan_payment_generator,False,
TXNL202000002463,ACC0016243,IND19003222,LN2019110000686,LDO20200000626,7,2020-06-18,04:29:59,648.87,Debit,Completed,,Loan Payment - LN2019110000686,False,,0.16,,Automated,Home Loan,standard_payment,False,loan_payment_generator,False,
TXNL202000002464,ACC0015763,IND19000944,LN2019110000688,LDO20200000048,7,2020-06-22,03:20:13,2703.99,Debit,Completed,,Loan Payment - LN2019110000688 - Late Fee,False,,0.15,,Automated,Home Loan,late_payment,False,loan_payment_generator,False,
TXNL202000002465,ACC0015834,IND19000307,LN2019110000689,LDO20200001376,7,2020-06-29,04:18:20,1519.33,Debit,Completed,,Loan Payment - LN2019110000689,False,,1.17,,Automated,Vehicle Loan,standard_payment,False,loan_payment_generator,False,
TXNL202000002466,ACC0016918,IND19003793,LN2019110000696,LDO20200000627,7,2020-06-12,04:52:05,17906.09,Debit,Cancelled,customer_stop_instruction,Loan Payment - LN2019110000696,False,,0.07,,Automated,Personal Loan,standard_payment,False,loan_payment_generator,False,
TXNL202000002467,ACC0015441,IND19009828,LN2019110000701,LDO20200001377,7,2020-06-18,04:21:55,2488.76,Debit,Completed,,Loan Payment - LN2019110000701,False,,1.14,,Automated,Vehicle Loan,standard_payment,False,loan_payment_generator,False,
TXNL202000002468,ACC0015895,IND19003790,LN2019110000703,LDO20200001378,7,2020-06-24,04:44:08,12066.24,Debit,Completed,,Loan Payment - LN2019110000703,False,,0.71,,Automated,Personal Loan,standard_payment,False,loan_payment_generator,False,
TXNL202000002469,ACC0016020,IND19017365,LN2019110000704,LDO20200001379,6,2020-06-09,04:08:49,1788.68,Debit,Completed,,Loan Payment - LN2019110000704,False,,0.15,,Automated,Vehicle Loan,standard_payment,False,loan_payment_generator,False,
TXNL202000002470,ACC0015852,IND19018488,LN2019110000710,LDO20200001380,7,2020-06-25,04:26:28,1026.94,Debit,Completed,,Loan Payment - LN2019110000710,False,,1.6,,Automated,Personal Loan,standard_payment,False,loan_payment_generator,False,
TXNL202000002471,ACC0016219,IND19014050,LN2019110000711,LDO20200001381,7,2020-06-30,02:29:43,2598.26,Debit,Failed,invalid_account_details,Loan Payment - LN2019110000711,False,,0.67,,Automated,Personal Loan,standard_payment,False,loan_payment_generator,True,status_inconsistency
TXNL202000002472,ACC0016398,IND19022674,LN2019110000712,LDO20200001382,6,2020-06-03,02:00:31,6440.04,Debit,Completed,,Loan Payment - LN2019110000712,False,,0.77,,Automated,Home Loan,standard_payment,False,loan_payment_generator,False,
TXNL202000002473,ACC0016652,IND19003737,LN2019110000713,LDO20200001383,7,2020-06-15,02:02:35,4140.27,Debit,Completed,,Loan Payment - LN2019110000713,False,,0.5,,Automated,Home Loan,standard_payment,False,loan_payment_generator,False,
TXNL202000002474,ACC0015683,IND19008906,LN2019110000719,LDO20200000628,7,2020-06-17,03:29:08,4386.95,Debit,Completed,,Loan Payment - LN2019110000719,False,,0.73,,Automated,Vehicle Loan,standard_payment,False,loan_payment_generator,False,
TXNL202000002475,ACC0016594,IND19008386,LN2019110000722,LDO20200001384,7,2020-06-12,02:29:02,1285.57,Debit,Completed,,Loan Payment - LN2019110000722,False,,1.66,,Automated,Vehicle Loan,standard_payment,False,loan_payment_generator,False,
TXNL202000002476,ACC0015559,IND19015691,LN2019110000734,LDO20200000117,7,2020-06-16,03:12:24,3339.14,Debit,Completed,,Loan Payment - LN2019110000734,False,,0.25,,Automated,Personal Loan,standard_payment,False,loan_payment_generator,False,
TXNL202000002477,ACC0016301,IND19002405,LN2019110000746,LDO20200001385,7,2020-06-16,04:34:46,397.53,Debit,Completed,,Loan Payment - LN2019110000746,False,,1.32,,Automated,Home Loan,standard_payment,False,loan_payment_generator,False,
TXNL202000002478,ACC0016113,IND19012711,LN2019110000752,LDO20200001386,7,2020-06-27,03:53:05,4317.61,Debit,Completed,,Loan Payment - LN2019110000752,False,,1.96,,Automated,Home Loan,standard_payment,False,loan_payment_generator,False,
TXNL202000002479,ACC0015987,IND19009349,LN2019110000755,LDO20200001387,7,2020-06-23,02:34:08,2904.18,Debit,Completed,,Loan Payment - LN2019110000755,False,,0.23,,Automated,Home Loan,standard_payment,False,loan_payment_generator,False,
TXNL202000002480,ACC0016968,IND19011981,LN2019110000762,LDO20200001388,6,2020-06-07,03:41:58,864.39,Debit,Completed,,Loan Payment - LN2019110000762,False,,0.21,,Automated,Home Loan,standard_payment,False,loan_payment_generator,False,
TXNL202000002481,ACC0016482,IND19012193,LN2019110000763,LDO20200001389,7,2020-06-16,03:40:41,4569.37,Debit,Completed,,Loan Payment - LN2019110000763 - Late Fee,False,,0.5,,Automated,Personal Loan,late_payment,False,loan_payment_generator,False,
TXNL202000002482,ACC0015521,IND19011083,LN2019110000768,LDO20200000629,7,2020-06-19,04:21:50,3439.21,Debit,Completed,,Loan Payment - LN2019110000768 - Extra Principal,False,,1.97,,Automated,Home Loan,extra_payment,False,loan_payment_generator,False,
TXNL202000002483,ACC0016418,IND19022320,LN2019110000778,LDO20200001390,6,2020-06-01,03:50:27,2471.68,Debit,Completed,,Loan Payment - LN2019110000778,False,,1.87,,Automated,Personal Loan,standard_payment,False,loan_payment_generator,False,
TXNL202000002484,ACC0017103,IND19013233,LN2019110000784,LDO20200000286,6,2020-06-01,02:32:05,256.38,Debit,Cancelled,customer_stop_instruction,Loan Payment - LN2019110000784,False,,0.05,,Automated,Home Loan,standard_payment,False,loan_payment_generator,True,amount_rounding_error
TXNL202000002485,ACC0016001,IND19011061,LN2019110000795,LDO20200000118,6,2020-06-06,02:00:10,5255.62,Debit,Completed,,Loan Payment - LN2019110000795,False,,1.67,,Automated,Personal Loan,standard_payment,False,loan_payment_generator,False,
TXNL202000002486,ACC0015561,IND19011642,LN2019110000800,LDO20200000630,7,2020-06-20,02:56:23,4959.25,Debit,Cancelled,customer_stop_instruction,Loan Payment - LN2019110000800,False,,0.51,,Automated,Home Loan,standard_payment,False,loan_payment_generator,False,
TXNL202000002487,ACC0016853,IND19017322,LN2019110000811,LDO20200000631,7,2020-06-17,04:16:35,1872.14,Debit,Completed,,Loan Payment - LN2019110000811,False,,0.15,,Automated,Home Loan,standard_payment,False,loan_payment_generator,False,
TXNL202000002488,ACC0016633,IND19020502,LN2019110000815,LDO20200001391,7,2020-06-19,04:12:13,1831.79,Debit,Completed,,Loan Payment - LN2019110000815,False,,1.02,,Automated,Personal Loan,standard_payment,False,loan_payment_generator,False,
TXNL202000002489,ACC0016361,IND19001413,LN2019110000817,LDO20200000049,7,2020-06-23,02:13:42,1642.48,Debit,Failed,account_blocked,Loan Payment - LN2019110000817,False,,1.98,,Automated,Personal Loan,standard_payment,False,loan_payment_generator,False,
TXNL202000002490,ACC0016609,IND19014852,LN2019110000821,LDO20200001392,7,2020-06-09,03:10:21,6378.55,Debit,Completed,,Loan Payment - LN2019110000821,False,,1.32,,Automated,Home Loan,standard_payment,False,loan_payment_generator,False,
TXNL202000002491,ACC0016227,IND19004473,LN2019110000852,LDO20200000050,7,2020-06-12,04:19:12,4040.57,Debit,Completed,,Loan Payment - LN2019110000852,False,,1.09,,Automated,Vehicle Loan,standard_payment,False,loan_payment_generator,False,
TXNL202000002492,ACC0017180,COM19000029,LN2019110000857,LDO20200001393,6,2020-06-05,04:50:48,20984.7,Debit,Completed,,Loan Payment - LN2019110000857,False,,0.82,,Automated,Business Loan,standard_payment,False,loan_payment_generator,False,
TXNL202000002493,ACC0016013,IND19017089,LN2019110000859,LDO20200001394,7,2020-06-14,04:20:27,3524.87,Debit,Completed,,Loan Payment - LN2019110000859,False,,0.18,,Automated,Personal Loan,standard_payment,False,loan_payment_generator,False,
TXNL202000002494,ACC0015520,IND19007923,LN2019110000863,LDO20200000632,6,2020-06-04,03:29:52,1938.36,Debit,Completed,,Loan Payment - LN2019110000863,False,,0.18,,Automated,Home Loan,standard_payment,False,loan_payment_generator,False,
TXNL202000002495,ACC0016178,IND19006692,LN2019110000865,LDO20200000119,7,2020-06-14,03:22:03,1025.33,Debit,Completed,,Loan Payment - LN2019110000865,False,,0.57,,Automated,Home Loan,standard_payment,False,loan_payment_generator,False,
TXNL202000002496,ACC0016498,IND19019567,LN2019110000878,LDO20200001395,7,2020-06-20,02:53:56,2136.0,Debit,Completed,,Loan Payment - LN2019110000878,False,,1.03,,Automated,Home Loan,standard_payment,False,loan_payment_generator,False,
TXNL202000002497,ACC0016587,IND19001979,LN2019110000881,LDO20200000633,7,2020-06-24,04:54:00,2984.69,Debit,Completed,,Loan Payment - LN2019110000881,False,,0.15,,Automated,Home Loan,standard_payment,False,loan_payment_generator,False,
TXNL202000002498,ACC0016226,IND19014635,LN2019110000891,LDO20200001396,7,2020-06-09,04:54:17,3233.22,Debit,Completed,,Loan Payment - LN2019110000891,False,,0.58,,Automated,Vehicle Loan,standard_payment,False,loan_payment_generator,False,
TXNL202000002499,ACC0016791,IND19017333,LN2019110000896,LDO20200000287,7,2020-06-23,03:44:52,1181.34,Debit,Completed,,Loan Payment - LN2019110000896,False,,1.08,,Automated,Vehicle Loan,standard_payment,False,loan_payment_generator,False,
TXNL202000002500,ACC0015546,IND19014453,LN2019110000903,LDO20200000634,6,2020-06-05,04:17:22,1864.36,Debit,Completed,,Loan Payment - LN2019110000903,False,,0.13,,Automated,Home Loan,standard_payment,False,loan_payment_generator,False,
TXNL202000002501,ACC0016510,IND19014407,LN2019110000904,LDO20200000635,7,2020-06-26,04:42:44,2132.38,Debit,Completed,,Loan Payment - LN2019110000904,False,,0.13,,Automated,Home Loan,standard_payment,False,loan_payment_generator,False,
TXNL202000002502,ACC0017125,IND19001891,LN2019110000911,LDO20200001397,7,2020-06-16,02:53:23,1332.55,Debit,Completed,,Loan Payment - LN2019110000911,False,,1.56,,Automated,Personal Loan,standard_payment,False,loan_payment_generator,False,
TXNL202000002503,ACC0015983,IND19021454,LN2019110000912,LDO20200000636,6,2020-06-03,02:21:06,1224.39,Debit,Completed,,Loan Payment - LN2019110000912,False,,0.48,,Automated,Vehicle Loan,standard_payment,False,loan_payment_generator,False,
TXNL202000002504,ACC0015882,IND19001085,LN2019110000915,LDO20200000288,7,2020-06-14,03:57:48,11283.58,Debit,Completed,,Loan Payment - LN2019110000915,False,,1.0,,Automated,Home Loan,standard_payment,False,loan_payment_generator,False,
TXNL202000002505,ACC0015875,IND19009769,LN2019110000917,LDO20200001398,6,2020-06-08,03:47:44,2710.38,Debit,Completed,,Loan Payment - LN2019110000917,False,,0.19,,Automated,Personal Loan,standard_payment,False,loan_payment_generator,False,
TXNL202000002506,ACC0016555,IND19000992,LN2019110000930,LDO20200001399,7,2020-06-26,04:34:35,7058.8,Debit,Completed,,Loan Payment - LN2019110000930 - Late Fee,False,,1.98,,Automated,Personal Loan,late_payment,False,loan_payment_generator,False,
TXNL202000002507,ACC0015555,IND19009723,LN2019110000938,LDO20200001400,7,2020-06-14,03:22:40,756.78,Debit,Completed,,Loan Payment - LN2019110000938,False,,1.82,,Automated,Vehicle Loan,standard_payment,False,loan_payment_generator,False,
TXNL202000002508,ACC0016547,IND19008923,LN2019110000943,LDO20200000637,7,2020-06-21,04:08:06,436.36,Debit,Completed,,Loan Payment - LN2019110000943,False,,0.41,,Automated,Home Loan,standard_payment,False,loan_payment_generator,False,
TXNL202000002509,ACC0017010,IND19008494,LN2019110000946,LDO20200000289,6,2020-06-01,04:53:04,1660.1,Debit,Completed,,Loan Payment - LN2019110000946,False,,1.23,,Automated,Home Loan,standard_payment,False,loan_payment_generator,False,
TXNL202000002510,ACC0015619,IND19002882,LN2019110000947,LDO20200000120,7,2020-06-16,03:59:03,4047.09,Debit,Completed,,Loan Payment - LN2019110000947,False,,1.15,,Automated,Home Loan,standard_payment,False,loan_payment_generator,False,
TXNL202000002511,ACC0016614,IND19000575,LN2019110000948,LDO20200001401,7,2020-06-10,02:38:15,1376.78,Debit,Completed,,Loan Payment - LN2019110000948,False,,0.69,,Automated,Home Loan,standard_payment,False,loan_payment_generator,False,
TXNL202000002512,ACC0017182,COM19000145,LN2019110000951,LDO20200000638,6,2020-06-02,04:44:53,7297.18,Debit,Completed,,Loan Payment - LN2019110000951,False,,1.34,,Automated,Business Loan,standard_payment,False,loan_payment_generator,False,
TXNL202000002513,ACC0015614,IND19014721,LN2019110000953,LDO20200001402,7,2020-06-15,04:02:23,1874.21,Debit,Completed,,Loan Payment - LN2019110000953,False,,0.82,,Automated,Personal Loan,standard_payment,False,loan_payment_generator,False,
TXNL202000002514,ACC0015655,IND19019746,LN2019110000956,LDO20200000639,7,2020-06-10,03:32:05,5192.45,Debit,Completed,,Loan Payment - LN2019110000956,False,,0.27,,Automated,Vehicle Loan,standard_payment,False,loan_payment_generator,False,
TXNL202000002515,ACC0015639,IND19015264,LN2019110000960,LDO20200000121,7,2020-06-13,02:43:44,714.91,Debit,Completed,,Loan Payment - LN2019110000960,False,,0.48,,Automated,Vehicle Loan,standard_payment,False,loan_payment_generator,False,
TXNL202000002516,ACC0015582,IND19018002,LN2019110000961,LDO20200001403,7,2020-06-20,04:36:41,3002.36,Debit,Completed,,Loan Payment - LN2019110000961,False,,0.22,,Automated,Personal Loan,standard_payment,False,loan_payment_generator,False,
TXNL202000002517,ACC0016874,IND19014924,LN2019110000969,LDO20200000122,7,2020-06-20,04:36:18,213.48,Debit,Completed,,Loan Payment - LN2019110000969 - Partial,False,,1.29,,Automated,Home Loan,partial_payment,False,loan_payment_generator,False,
TXNL202000002518,ACC0015659,IND19021142,LN2019110000973,LDO20200000640,7,2020-06-08,03:21:42,907.46,Debit,Completed,,Loan Payment - LN2019110000973,False,,0.65,,Automated,Home Loan,standard_payment,False,loan_payment_generator,False,
TXNL202000002519,ACC0017169,IND19006873,LN2019110000974,LDO20200001404,6,2020-06-02,02:46:58,1868.99,Debit,Completed,,Loan Payment - LN2019110000974,False,,0.97,,Automated,Home Loan,standard_payment,False,loan_payment_generator,False,
TXNL202000002520,ACC0016315,IND19012459,LN2019110000976,LDO20200000641,6,2020-06-06,03:20:40,4813.04,Debit,Completed,,Loan Payment - LN2019110000976,False,,1.05,,Automated,Home Loan,standard_payment,False,loan_payment_generator,False,
TXNL202000002521,ACC0016742,IND19015859,LN2019110000982,LDO20200001405,7,2020-06-10,03:04:52,5364.94,Debit,Completed,,Loan Payment - LN2019110000982,False,,0.05,,Automated,Vehicle Loan,standard_payment,False,loan_payment_generator,False,
TXNL202000002522,ACC0015538,IND19012007,LN2019110000984,LDO20200001406,7,2020-06-12,02:46:14,4096.38,Debit,Completed,,Loan Payment - LN2019110000984 - Extra Principal,False,,1.23,,Automated,Personal Loan,extra_payment,False,loan_payment_generator,False,
TXNL202000002523,ACC0015734,IND19009569,LN2019110001002,LDO20200001407,6,2020-06-03,04:21:58,1229.23,Debit,Completed,,Loan Payment - LN2019110001002,False,,0.39,,Automated,Vehicle Loan,standard_payment,False,loan_payment_generator,False,
TXNL202000002524,ACC0015777,IND19006356,LN2019110001003,LDO20200000642,6,2020-06-01,04:28:10,2914.76,Debit,Failed,mandate_limit,Loan Payment - LN2019110001003,False,,0.21,,Automated,Home Loan,standard_payment,False,loan_payment_generator,True,status_inconsistency
TXNL202000002525,ACC0016647,IND19013551,LN2019110001005,LDO20200000643,7,2020-06-10,03:26:19,2253.64,Debit,Completed,,Loan Payment - LN2019110001005,False,,1.82,,Automated,Vehicle Loan,standard_payment,False,loan_payment_generator,False,
TXNL202000002526,ACC0015667,IND19018619,LN2019110001013,LDO20200000644,7,2020-06-10,04:55:36,5055.86,Debit,Completed,,Loan Payment - LN2019110001013,False,,1.49,,Automated,Vehicle Loan,standard_payment,False,loan_payment_generator,False,
TXNL202000002527,ACC0016137,IND19013890,LN2019110001014,LDO20200001408,7,2020-06-13,02:23:16,1539.62,Debit,Completed,,Loan Payment - LN2019110001014,False,,0.59,,Automated,Personal Loan,standard_payment,False,loan_payment_generator,False,
TXNL202000002528,ACC0016033,IND19019937,LN2019110001019,,7,2020-06-22,04:56:16,17479.94,Debit,Completed,,Loan Payment - LN2019110001019,False,,2.5,,Automated,Personal Loan,standard_payment,False,loan_payment_generator,False,
TXNL202000002529,ACC0016982,IND19008088,LN2019110001030,LDO20200001409,6,2020-06-03,02:59:54,3457.22,Debit,Completed,,Loan Payment - LN2019110001030,False,,1.73,,Automated,Personal Loan,standard_payment,False,loan_payment_generator,False,
TXNL202000002530,ACC0015455,IND19019498,LN2019110001033,LDO20200000645,7,2020-06-30,03:10:55,1479.26,Debit,Completed,,Loan Payment - LN2019110001033,False,,0.42,,Automated,Home Loan,standard_payment,False,loan_payment_generator,False,
TXNL202000002531,ACC0017151,IND19019885,LN2019110001040,LDO20200000646,7,2020-06-25,04:27:02,4286.1,Debit,Completed,,Loan Payment - LN2019110001040,False,,0.13,,Automated,Home Loan,standard_payment,False,loan_payment_generator,False,
TXNL202000002532,ACC0016644,IND19016358,LN2019110001042,LDO20200000051,7,2020-06-27,04:06:54,4622.03,Debit,Completed,,Loan Payment - LN2019110001042,False,,1.38,,Automated,Vehicle Loan,standard_payment,False,loan_payment_generator,False,
TXNL202000002533,ACC0015528,IND19001951,LN2019110001049,LDO20200000647,6,2020-06-07,03:16:01,911.68,Debit,Completed,,Loan Payment - LN2019110001049,False,,0.63,,Automated,Personal Loan,standard_payment,False,loan_payment_generator,False,
TXNL202000002534,ACC0016089,IND19011202,LN2019110001067,LDO20200000123,6,2020-06-04,04:34:25,724.19,Debit,Completed,,Loan Payment - LN2019110001067,False,,0.8,,Automated,Home Loan,standard_payment,False,loan_payment_generator,False,
TXNL202000002535,ACC0016130,IND19017368,LN2019110001072,LDO20200000290,7,2020-06-14,04:49:23,3877.4,Debit,Completed,,Loan Payment - LN2019110001072,False,,0.1,,Automated,Home Loan,standard_payment,False,loan_payment_generator,False,
TXNL202000002536,ACC0016599,IND19019673,LN2019110001079,LDO20200001410,6,2020-06-01,04:37:47,715.74,Debit,Completed,,Loan Payment - LN2019110001079,False,,0.57,,Automated,Home Loan,standard_payment,False,loan_payment_generator,False,
TXNL202000002537,ACC0016417,IND19000879,LN2019110001091,LDO20200001411,7,2020-06-17,03:35:27,3786.52,Debit,Failed,account_blocked,Loan Payment - LN2019110001091,False,,1.19,,Automated,Personal Loan,standard_payment,False,loan_payment_generator,False,
TXNL202000002538,ACC0016216,IND19005917,LN2019110001094,LDO20200000648,7,2020-06-11,02:42:17,478.72,Debit,Completed,,Loan Payment - LN2019110001094,False,,1.19,,Automated,Home Loan,standard_payment,False,loan_payment_generator,False,
TXNL202000002539,ACC0015549,IND19019725,LN2019110001098,LDO20200000649,6,2020-06-03,02:54:47,494.33,Debit,Completed,,Loan Payment - LN2019110001098,False,,1.27,,Automated,Home Loan,standard_payment,False,loan_payment_generator,False,
TXNL202000002540,ACC0016305,IND19020162,LN2019110001100,LDO20200001412,7,2020-06-18,04:13:04,2607.87,Debit,Completed,,Loan Payment - LN2019110001100,False,,0.9,,Automated,Vehicle Loan,standard_payment,False,loan_payment_generator,False,
TXNL202000002541,ACC0016345,IND19003681,LN2019110001102,LDO20200001413,6,2020-06-03,02:22:28,846.69,Debit,Completed,,Loan Payment - LN2019110001102,False,,0.67,,Automated,Vehicle Loan,standard_payment,False,loan_payment_generator,False,
TXNL202000002542,ACC0016048,IND19004958,LN2019110001104,LDO20200000650,7,2020-06-17,04:45:38,3897.52,Debit,Completed,,Loan Payment - LN2019110001104,False,,0.64,,Automated,Home Loan,standard_payment,False,loan_payment_generator,False,
TXNL202000002543,ACC0016616,IND19005217,LN2019110001116,LDO20200001414,7,2020-06-16,02:12:00,1618.8,Debit,Completed,,Loan Payment - LN2019110001116,False,,0.12,,Automated,Vehicle Loan,standard_payment,False,loan_payment_generator,False,
TXNL202000002544,ACC0016830,IND19020394,LN2019110001144,LDO20200001415,7,2020-06-13,03:09:12,949.51,Debit,Completed,,Loan Payment - LN2019110001144,False,,1.7,,Automated,Vehicle Loan,standard_payment,False,loan_payment_generator,False,
TXNL202000002545,ACC0015604,IND19016220,LN2019110001160,LDO20200001416,7,2020-06-09,04:59:59,3762.95,Debit,Completed,,Loan Payment - LN2019110001160,False,,1.15,,Automated,Personal Loan,standard_payment,False,loan_payment_generator,False,
TXNL202000002546,ACC0016320,IND19018963,LN2019110001162,LDO20200000052,7,2020-06-14,02:08:11,6263.64,Debit,Completed,,Loan Payment - LN2019110001162,False,,0.17,,Automated,Personal Loan,standard_payment,False,loan_payment_generator,False,
TXNL202000002547,ACC0016390,IND19006599,LN2019110001174,LDO20200000124,7,2020-06-13,04:01:42,932.72,Debit,Cancelled,customer_stop_instruction,Loan Payment - LN2019110001174,False,,2.0,,Automated,Home Loan,standard_payment,False,loan_payment_generator,False,
TXNL202000002548,ACC0016192,IND19015939,LN2019110001197,LDO20200001417,7,2020-06-16,04:33:36,1884.6,Debit,Completed,,Loan Payment - LN2019110001197 - Partial,False,,1.79,,Automated,Home Loan,partial_payment,False,loan_payment_generator,False,
TXNL202000002549,ACC0016531,IND19006919,LN2019110001200,LDO20200001418,7,2020-06-18,04:14:18,1305.94,Debit,Completed,,Loan Payment - LN2019110001200,False,,0.04,,Automated,Home Loan,standard_payment,False,loan_payment_generator,False,
TXNL202000002550,ACC0015547,IND19001437,LN2019110001201,LDO20200001419,7,2020-06-23,04:43:33,1158.85,Debit,Completed,,Loan Payment - LN2019110001201,False,,0.94,,Automated,Home Loan,standard_payment,False,loan_payment_generator,False,
TXNL202000002551,ACC0016972,IND19008735,LN2019110001207,LDO20200000651,7,2020-06-16,03:45:00,1293.83,Debit,Completed,,Loan Payment - LN2019110001207,False,,1.32,,Automated,Home Loan,standard_payment,False,loan_payment_generator,False,
TXNL202000002552,ACC0015472,IND19019475,LN2019110001212,LDO20200000652,7,2020-06-12,02:32:50,1300.68,Debit,Completed,,Loan Payment - LN2019110001212,False,,0.47,,Automated,Home Loan,standard_payment,False,loan_payment_generator,False,
TXNL202000002553,ACC0016286,IND19002898,LN2019110001221,LDO20200000053,7,2020-06-16,02:37:26,1882.82,Debit,Failed,insufficient_funds,Loan Payment - LN2019110001221,False,,0.81,,Automated,Vehicle Loan,standard_payment,False,loan_payment_generator,False,
TXNL202000002554,ACC0016069,IND19016331,LN2019110001226,LDO20200000291,7,2020-06-22,04:17:22,478.88,Debit,Completed,,Loan Payment - LN2019110001226,False,,1.71,,Automated,Vehicle Loan,standard_payment,False,loan_payment_generator,False,
TXNL202000002555,ACC0016621,IND19001748,LN2019110001232,LDO20200000653,7,2020-06-27,02:30:51,8144.62,Debit,Completed,,Loan Payment - LN2019110001232,False,,1.53,,Automated,Personal Loan,standard_payment,False,loan_payment_generator,False,
TXNL202000002556,ACC0016577,IND19007401,LN2019110001235,LDO20200001420,7,2020-06-20,07:00:00,3123.85,Debit,Completed,,Loan Payment - LN2019110001235,False,,1.0,,Automated,Home Loan,standard_payment,False,loan_payment_generator,True,timestamp_shift
TXNL202000002557,ACC0016049,IND19007167,LN2019110001244,LDO20200000654,7,2020-06-07,04:51:40,4130.98,Debit,Completed,,Loan Payment - LN2019110001244,False,,0.37,,Automated,Personal Loan,standard_payment,False,loan_payment_generator,False,
TXNL202000002558,ACC0016413,IND19002225,LN2019110001252,LDO20200000655,7,2020-06-22,03:01:11,1650.01,Debit,Completed,,Loan Payment - LN2019110001252,False,,1.64,,Automated,Home Loan,standard_payment,False,loan_payment_generator,False,
TXNL202000002559,ACC0016456,IND19001967,LN2019110001273,LDO20200001421,7,2020-06-30,02:59:14,3320.6,Debit,Completed,,Loan Payment - LN2019110001273,False,,0.24,,Automated,Personal Loan,standard_payment,False,loan_payment_generator,False,
TXNL202000002560,ACC0017192,COM19000135,LN2019110001276,LDO20200001422,7,2020-06-12,03:38:28,13601.44,Debit,Completed,,Loan Payment - LN2019110001276,False,,0.13,,Automated,Business Loan,standard_payment,False,loan_payment_generator,False,
TXNL202000002561,ACC0016265,IND19008818,LN2019110001279,LDO20200001423,6,2020-06-07,04:00:56,1882.63,Debit,Completed,,Loan Payment - LN2019110001279,False,,1.55,,Automated,Personal Loan,standard_payment,False,loan_payment_generator,False,
TXNL202000002562,ACC0015839,IND19018402,LN2019110001281,LDO20200001424,7,2020-06-25,04:17:16,1152.39,Debit,Cancelled,customer_stop_instruction,Loan Payment - LN2019110001281,False,,1.41,,Automated,Home Loan,standard_payment,False,loan_payment_generator,False,
TXNL202000002563,ACC0016960,IND19002996,LN2019110001282,LDO20200000125,6,2020-06-04,04:04:17,11569.01,Debit,Completed,,Loan Payment - LN2019110001282,False,,1.49,,Automated,Personal Loan,standard_payment,False,loan_payment_generator,False,
TXNL202000002564,ACC0015978,IND19018141,LN2019110001294,LDO20200000292,6,2020-06-06,03:34:01,5299.81,Debit,Completed,,Loan Payment - LN20191100...,False,,1.93,,Automated,Personal Loan,standard_payment,False,loan_payment_generator,True,truncated_description
TXNL202000002565,ACC0016969,IND19008863,LN2019110001296,LDO20200000656,7,2020-06-22,02:40:12,1998.68,Debit,Completed,,Loan Payment - LN2019110001296,False,,1.38,,Automated,Vehicle Loan,standard_payment,False,loan_payment_generator,False,
TXNL202000002566,ACC0017073,IND19005237,LN2019110001298,LDO20200001425,7,2020-06-30,03:31:18,1930.29,Debit,Completed,,Loan Payment - LN2019110001298 - Extra Principal,False,,1.2,,Automated,Personal Loan,extra_payment,False,loan_payment_generator,False,
TXNL202000002567,ACC0015849,IND19012343,LN2019110001299,LDO20200000293,7,2020-06-15,04:11:22,12045.09,Debit,Completed,,Loan Payment - LN2019110001299,False,,1.46,,Automated,Personal Loan,standard_payment,False,loan_payment_generator,False,
TXNL202000002568,ACC0017018,IND19011695,LN2019110001303,LDO20200000657,7,2020-06-09,04:43:06,1631.79,Debit,Completed,,Loan Payment - LN2019110001303,False,,1.42,,Automated,Home Loan,standard_payment,False,loan_payment_generator,False,
TXNL202000002569,ACC0016430,IND19009973,LN2019110001306,LDO20200001426,7,2020-06-26,02:14:07,1067.36,Debit,Completed,,Loan Payment - LN2019110001306,False,,1.08,,Automated,Home Loan,standard_payment,False,loan_payment_generator,False,
TXNL202000002570,ACC0016357,IND19014919,LN2019110001316,LDO20200001427,7,2020-06-25,03:17:33,1110.19,Debit,Completed,,Loan Payment - LN2019110001316,False,,0.52,,Automated,Personal Loan,standard_payment,False,loan_payment_generator,False,
TXNL202000002571,ACC0016434,IND19012839,LN2019110001322,LDO20200001428,6,2020-06-04,04:27:56,1539.89,Debit,Completed,,Loan Payment - LN2019110001322,False,,1.78,,Automated,Home Loan,standard_payment,False,loan_payment_generator,False,
TXNL202000002572,ACC0016507,IND19019784,LN2019110001323,LDO20200001429,7,2020-06-12,04:38:08,4051.3,Debit,Completed,,Loan Payment - LN2019110001323,False,,1.64,,Automated,Personal Loan,standard_payment,False,loan_payment_generator,False,
TXNL202000002573,ACC0016509,IND19014407,LN2019110001339,LDO20200001430,7,2020-06-30,03:07:07,2837.96,Debit,Completed,,Loan Payment - LN2019110001339,False,,0.47,,Automated,Vehicle Loan,standard_payment,False,loan_payment_generator,False,
TXNL202000002574,ACC0015940,IND19011555,LN2019110001341,LDO20200001431,6,2020-06-08,02:10:49,2736.12,Debit,Completed,,Loan Payment - LN2019110001341,False,,1.6,,Automated,Home Loan,standard_payment,False,loan_payment_generator,False,
TXNL202000002575,ACC0015605,IND19000631,LN2019110001345,LDO20200001432,7,2020-06-25,02:50:01,13231.42,Debit,Completed,,Loan Payment - LN2019110001345 - Late Fee,False,,1.72,,Automated,Personal Loan,late_payment,False,loan_payment_generator,False,
TXNL202000002576,ACC0016172,IND19011955,LN2019110001364,LDO20200001433,7,2020-06-14,04:54:40,1265.93,Debit,Completed,,Loan Payment - LN2019110001364,False,,0.59,,Automated,Vehicle Loan,standard_payment,False,loan_payment_generator,False,
TXNL202000002577,ACC0016464,IND19019122,LN2019110001372,LDO20200000658,7,2020-06-27,02:43:16,1600.82,Debit,Completed,,Loan Payment - LN2019110001372,False,,1.77,,Automated,Vehicle Loan,standard_payment,False,loan_payment_generator,False,
TXNL202000002578,ACC0016699,IND19017199,LN2019110001379,LDO20200001434,7,2020-06-15,03:24:22,4627.85,Debit,Completed,,Loan Payment - LN2019110001379,False,,1.23,,Automated,Home Loan,standard_payment,False,loan_payment_generator,False,
TXNL202000002579,ACC0016524,IND19015767,LN2019110001382,LDO20200001435,7,2020-06-10,04:07:24,6809.02,Debit,Completed,,Loan Payment - LN2019110001382,False,,0.99,,Automated,Home Loan,standard_payment,False,loan_payment_generator,False,
TXNL202000002580,ACC0015666,IND19013677,LN2019110001391,LDO20200000294,7,2020-06-11,03:59:29,763.27,Debit,Completed,,Loan Payment - LN2019110001391,False,,0.3,,Automated,Home Loan,standard_payment,False,loan_payment_generator,False,
TXNL202000002581,ACC0015486,IND19005043,LN2019110001393,LDO20200000659,7,2020-06-24,02:41:25,1171.97,Debit,Completed,,Loan Payment - LN2019110001393,False,,0.17,,Automated,Home Loan,standard_payment,False,loan_payment_generator,False,
TXNL202000002582,ACC0015870,IND19009118,LN2019110001419,LDO20200001436,6,2020-06-01,04:56:29,2290.66,Debit,Failed,account_blocked,Loan Payment - LN2019110001419,False,,0.16,,Automated,Vehicle Loan,standard_payment,False,loan_payment_generator,False,
TXNL202000002583,ACC0016808,IND19013840,LN2019110001426,LDO20200000295,7,2020-06-07,03:50:58,1552.09,Debit,Completed,,Loan Payment - LN2019110001426,False,,1.31,,Automated,Vehicle Loan,standard_payment,False,loan_payment_generator,False,
TXNL202000002584,ACC0016712,IND19019376,LN2019110001429,LDO20200000126,7,2020-06-17,04:56:08,1231.49,Debit,Completed,,Loan Payment - LN2019110001429,False,,1.5,,Automated,Home Loan,standard_payment,False,loan_payment_generator,False,
TXNL202000002585,ACC0015583,IND19018002,LN2019110001432,LDO20200000660,7,2020-06-21,04:44:42,3166.1,Debit,Failed,mandate_limit,Loan Payment - LN2019110001432,False,,1.1,,Automated,Personal Loan,standard_payment,False,loan_payment_generator,False,
TXNL202000002586,ACC0016196,IND19007874,LN2019110001452,LDO20200000296,7,2020-06-19,04:06:17,2316.86,Debit,Completed,,Loan Payment - LN2019110001452,False,,0.58,,Automated,Personal Loan,standard_payment,False,loan_payment_generator,False,
TXNL202000002587,ACC0015515,IND19017646,LN2019110001454,LDO20200001437,7,2020-06-25,02:13:11,5444.84,Debit,Completed,,Loan Payment - LN2019110001454,False,,1.66,,Automated,Personal Loan,standard_payment,False,loan_payment_generator,False,
TXNL202000002588,ACC0017186,COM19000088,LN2019110001455,LDO20200001438,7,2020-06-28,04:05:53,12369.55,Debit,Completed,,Loan Payment - LN2019110001455,False,,1.96,,Automated,Business Loan,standard_payment,False,loan_payment_generator,False,
TXNL202000002589,ACC0016539,IND19002916,LN2019110001462,LDO20200000661,6,2020-06-10,03:51:51,340.67,Debit,Completed,,Loan Payment - LN2019110001462,False,,1.81,,Automated,Home Loan,standard_payment,False,loan_payment_generator,False,
TXNL202000002590,ACC0016432,IND19018512,LN2019110001463,LDO20200000662,6,2020-06-02,03:37:56,2027.33,Debit,Completed,,Loan Payment - LN2019110001463,False,,0.81,,Automated,Home Loan,standard_payment,False,loan_payment_generator,False,
TXNL202000002591,ACC0015797,IND19012818,LN2019110001467,LDO20200001439,7,2020-06-25,03:54:48,10735.57,Debit,Completed,,Loan Payment - LN2019110001467,False,,1.45,,Automated,Personal Loan,standard_payment,False,loan_payment_generator,False,
TXNL202000002592,ACC0016948,IND19007143,LN2019110001468,LDO20200000663,7,2020-06-13,02:21:02,990.43,Debit,Completed,,Loan Payment - LN2019110001468,False,,1.49,,Automated,Home Loan,standard_payment,False,loan_payment_generator,False,
TXNL202000002593,ACC0016059,IND19021104,LN2019110001485,LDO20200001440,7,2020-06-17,04:51:20,4826.15,Debit,Completed,,Loan Payment - LN2019110001485,False,,1.43,,Automated,Home Loan,standard_payment,False,loan_payment_generator,False,
TXNL202000002594,ACC0016787,IND19003053,LN2019110001486,LDO20200000664,7,2020-06-17,04:32:33,2932.45,Debit,Completed,,Loan Payment - LN2019110001486,False,,1.38,,Automated,Home Loan,standard_payment,False,loan_payment_generator,False,
TXNL202000002595,ACC0016519,IND19007596,LN2019110001489,LDO20200000127,7,2020-06-30,02:15:21,2142.74,Debit,Completed,,Loan Payment - LN2019110001489,False,,1.99,,Automated,Personal Loan,standard_payment,False,loan_payment_generator,False,
TXNL202000002596,ACC0016766,IND19021165,LN2019110001495,LDO20200001441,7,2020-06-24,03:59:47,1433.43,Debit,Completed,,Loan Payment - LN2019110001495,False,,1.13,,Automated,Vehicle Loan,standard_payment,False,loan_payment_generator,False,
TXNL202000002597,ACC0015938,IND19006180,LN2019110001505,LDO20200001442,7,2020-06-28,04:12:25,2558.66,Debit,Completed,,Loan Payment - LN2019110001505,False,,0.4,,Automated,Vehicle Loan,standard_payment,False,loan_payment_generator,False,
TXNL202000002598,ACC0017138,IND19015922,LN2019110001517,LDO20200000665,7,2020-06-30,03:48:02,3179.96,Debit,Completed,,Loan Payment - LN2019110001517,False,,0.04,,Automated,Personal Loan,standard_payment,False,loan_payment_generator,False,
TXNL202000002599,ACC0016904,IND19002385,LN2019110001528,LDO20200001443,7,2020-06-29,03:01:47,916.09,Debit,Completed,,Loan Payment - LN2019110001528,False,,1.53,,Automated,Personal Loan,standard_payment,False,loan_payment_generator,False,
TXNL202000002600,ACC0015622,IND19017961,LN2019110001530,LDO20200000297,7,2020-06-13,04:33:47,5980.97,Debit,Completed,,Loan Payment - LN2019110001530,False,,1.51,,Automated,Home Loan,standard_payment,False,loan_payment_generator,False,
TXNL202000002601,ACC0016613,IND19002306,LN2019110001535,LDO20200000666,7,2020-06-11,04:08:34,740.36,Debit,Completed,,Loan Payment - LN2019110001535 - Late Fee,False,,1.33,,Automated,Home Loan,late_payment,False,loan_payment_generator,False,
TXNL202000002602,ACC0015677,IND19004003,LN2019110001541,LDO20200001444,6,2020-06-03,02:56:53,1798.47,Debit,Completed,,Loan Payment - LN2019110001541,False,,1.74,,Automated,Home Loan,standard_payment,False,loan_payment_generator,False,
TXNL202000002603,ACC0016264,IND19019281,LN2019110001548,LDO20200000667,7,2020-06-23,03:12:20,9162.3,Debit,Completed,,Loan Payment - LN2019110001548,False,,1.47,,Automated,Personal Loan,standard_payment,False,loan_payment_generator,True,amount_rounding_error
TXNL202000002604,ACC0016350,IND19008564,LN2019110001557,LDO20200001445,7,2020-06-23,02:02:32,6986.77,Debit,Completed,,Loan Payment - LN2019110001557,False,,0.64,,Automated,Personal Loan,standard_payment,False,loan_payment_generator,False,
TXNL202000002605,ACC0016053,IND19018755,LN2019110001558,LDO20200000668,7,2020-06-29,04:00:44,1809.84,Debit,Completed,,Loan Payment - LN2019110001558,False,,0.66,,Automated,Personal Loan,standard_payment,False,loan_payment_generator,False,
TXNL202000002606,ACC0016014,IND19017089,LN2019110001577,LDO20200001446,7,2020-06-23,03:22:31,1976.96,Debit,Completed,,Loan Payment - LN2019110001577,False,,1.93,,Automated,Home Loan,standard_payment,False,loan_payment_generator,False,
TXNL202000002607,ACC0015425,IND19007086,LN2019110001579,LDO20200001447,7,2020-06-26,04:52:41,5170.59,Debit,Completed,,Loan Payment - LN2019110001579,False,,0.45,,Automated,Home Loan,standard_payment,False,loan_payment_generator,False,
TXNL202000002608,ACC0015687,IND19021383,LN2019110001584,LDO20200001448,7,2020-06-16,03:37:07,1231.88,Debit,Completed,,Loan Payment - LN2019110001584,False,,0.81,,Automated,Vehicle Loan,standard_payment,False,loan_payment_generator,False,
TXNL202000002609,ACC0015762,IND19000944,LN2019110001594,LDO20200000669,7,2020-06-26,02:09:07,3101.76,Debit,Completed,,Loan Payment - LN2019110001594,False,,1.01,,Automated,Home Loan,standard_payment,False,loan_payment_generator,False,
TXNL202000002610,ACC0015701,IND19001383,LN2019110001612,LDO20200001449,7,2020-06-11,04:27:47,2223.48,Debit,Completed,,Loan Payment - LN2019110001612,False,,1.91,,Automated,Personal Loan,standard_payment,False,loan_payment_generator,False,
TXNL202000002611,ACC0017021,IND19005782,LN2019110001616,LDO20200001450,7,2020-06-28,02:24:15,2570.11,Debit,Completed,,Loan Payment - LN20191100...,False,,1.31,,Automated,Personal Loan,standard_payment,False,loan_payment_generator,True,truncated_description
TXNL202000002612,ACC0016354,IND19010183,LN2019110001617,LDO20200001451,6,2020-06-07,03:43:29,1621.31,Debit,Completed,,Loan Payment - LN2019110001617,False,,1.2,,Automated,Home Loan,standard_payment,False,loan_payment_generator,False,
TXNL202000002613,ACC0016862,IND19019662,LN2019110001622,LDO20200001452,7,2020-06-13,04:24:09,4379.8,Debit,Completed,,Loan Payment - LN2019110001622,False,,1.3,,Automated,Home Loan,standard_payment,False,loan_payment_generator,False,
TXNL202000002614,ACC0016300,IND19004530,LN2019110001631,LDO20200000298,7,2020-06-29,02:27:53,1559.35,Debit,Completed,,Loan Payment - LN2019110001631,False,,0.67,,Automated,Home Loan,standard_payment,False,loan_payment_generator,False,
TXNL202000002615,ACC0015556,IND19008769,LN2019110001638,LDO20200001453,7,2020-06-11,02:02:02,3208.32,Debit,Failed,insufficient_funds,Loan Payment - LN2019110001638 - Late Fee,False,,1.0,,Automated,Home Loan,late_payment,False,loan_payment_generator,True,status_inconsistency
TXNL202000002616,ACC0016568,IND19014465,LN2019110001650,LDO20200001454,7,2020-06-15,02:20:46,940.19,Debit,Completed,,Loan Payment - LN2019110001650,False,,0.55,,Automated,Vehicle Loan,standard_payment,False,loan_payment_generator,False,
TXNL202000002617,ACC0015872,IND19022275,LN2019110001651,LDO20200001455,6,2020-06-02,02:25:36,4141.62,Debit,Completed,,Loan Payment - LN2019110001651,False,,1.87,,Automated,Home Loan,standard_payment,False,loan_payment_generator,False,
TXNL202000002618,ACC0016145,IND19016516,LN2019110001653,LDO20200000670,7,2020-06-16,02:21:17,2266.33,Debit,Completed,,Loan Payment - LN2019110001653,False,,0.05,,Automated,Vehicle Loan,standard_payment,False,loan_payment_generator,False,
TXNL202000002619,ACC0016019,IND19000655,LN2019110001663,LDO20200001456,7,2020-06-26,04:38:54,1440.24,Debit,Completed,,Loan Payment - LN2019110001663,False,,1.07,,Automated,Vehicle Loan,standard_payment,False,loan_payment_generator,False,
TXNL202000002620,ACC0016985,IND19017526,LN2019110001664,LDO20200001457,6,2020-06-03,03:55:10,1413.99,Debit,Completed,,Loan Payment - LN2019110001664,False,,0.84,,Automated,Personal Loan,standard_payment,False,loan_payment_generator,False,
TXNL202000002621,ACC0016477,IND19000053,LN2019110001676,LDO20200001458,7,2020-06-10,03:32:08,810.3,Debit,Completed,,Loan Payment - LN2019110001676,False,,0.51,,Automated,Home Loan,standard_payment,False,loan_payment_generator,False,
TXNL202000002622,ACC0016691,IND19021518,LN2019110001677,LDO20200001459,7,2020-06-27,02:47:48,2765.46,Debit,Completed,,Loan Payment - LN2019110001677,False,,1.23,,Automated,Personal Loan,standard_payment,False,loan_payment_generator,False,
TXNL202000002623,ACC0015828,IND19001557,LN2019110001681,LDO20200000054,6,2020-06-04,02:42:14,1335.63,Debit,Completed,,Loan Payment - LN2019110001681,False,,1.3,,Automated,Home Loan,standard_payment,False,loan_payment_generator,False,
TXNL202000002624,ACC0016245,IND19006966,LN2019110001683,LDO20200000299,7,2020-06-18,03:41:04,910.37,Debit,Completed,,Loan Payment - LN2019110001683,False,,1.17,,Automated,Personal Loan,standard_payment,False,loan_payment_generator,False,
TXNL202000002625,ACC0017220,IND19006006,LN2019120000007,LDO20200001460,5,2020-06-02,03:08:06,3714.91,Debit,Completed,,Loan Payment - LN20191200...,False,,0.58,,Automated,Vehicle Loan,standard_payment,False,loan_payment_generator,True,truncated_description
TXNL202000002626,ACC0017348,IND19002742,LN2019120000011,LDO20200000128,6,2020-06-30,02:33:22,11748.5,Debit,Completed,,Loan Payment - LN2019120000011,False,,0.14,,Automated,Personal Loan,standard_payment,False,loan_payment_generator,False,
TXNL202000002627,ACC0018245,IND19001340,LN2019120000021,LDO20200000671,6,2020-06-19,02:06:00,2002.58,Debit,Completed,,Loan Payment - LN2019120000021,False,,1.81,,Automated,Vehicle Loan,standard_payment,False,loan_payment_generator,False,
TXNL202000002628,ACC0018155,IND19001906,LN2019120000025,LDO20200000300,6,2020-06-30,04:50:19,502.51,Debit,Completed,,Loan Payment - LN2019120000025,False,,0.97,,Automated,Home Loan,standard_payment,False,loan_payment_generator,False,
TXNL202000002629,ACC0018078,IND19013011,LN2019120000036,LDO20200000055,5,2020-06-02,03:42:31,1570.62,Debit,Completed,,Loan Payment - LN2019120000036 - Late Fee,False,,0.87,,Automated,Personal Loan,late_payment,False,loan_payment_generator,True,amount_rounding_error
TXNL202000002630,ACC0017796,IND19000091,LN2019120000039,LDO20200001461,6,2020-06-21,02:44:59,1963.82,Debit,Completed,,Loan Payment - LN2019120000039,False,,1.75,,Automated,Vehicle Loan,standard_payment,False,loan_payment_generator,False,
TXNL202000002631,ACC0018008,IND19015657,LN2019120000041,LDO20200001462,6,2020-06-23,04:17:01,1721.57,Debit,Completed,,Loan Payment - LN2019120000041,False,,1.31,,Automated,Vehicle Loan,standard_payment,False,loan_payment_generator,False,
TXNL202000002632,ACC0017862,IND19015672,LN2019120000042,LDO20200001463,6,2020-06-16,03:27:23,3423.55,Debit,Completed,,Loan Payment - LN2019120000042,False,,0.25,,Automated,Home Loan,standard_payment,False,loan_payment_generator,False,
TXNL202000002633,ACC0018324,COM19000142,LN2019120000063,LDO20200001464,6,2020-06-24,03:48:07,7222.43,Debit,Completed,,Loan Payment - LN2019120000063,False,,0.24,,Automated,Business Loan,standard_payment,False,loan_payment_generator,False,
TXNL202000002634,ACC0018134,IND19009787,LN2019120000071,LDO20200000672,6,2020-06-21,02:27:54,2034.6,Debit,Completed,,Loan Payment - LN2019120000071,False,,0.25,,Automated,Vehicle Loan,standard_payment,False,loan_payment_generator,False,
TXNL202000002635,ACC0017490,IND19003410,LN2019120000084,LDO20200001465,6,2020-06-21,03:19:14,458.43,Debit,Completed,,Loan Payment - LN2019120000084,False,,0.57,,Automated,Vehicle Loan,standard_payment,False,loan_payment_generator,False,
TXNL202000002636,ACC0017386,IND19012291,LN2019120000087,LDO20200001466,6,2020-06-25,02:44:31,881.13,Debit,Completed,,Loan Payment - LN2019120000087,False,,0.42,,Automated,Vehicle Loan,standard_payment,False,loan_payment_generator,False,
TXNL202000002637,ACC0017446,IND19013286,LN2019120000094,LDO20200001467,5,2020-06-03,04:59:17,248.58,Debit,Completed,,Loan Payment - LN2019120000094,False,,1.12,,Automated,Home Loan,standard_payment,False,loan_payment_generator,False,
 TXNL202000002638 ,ACC0017853,IND19015746,LN2019120000096,LDO20200000673,5,2020-06-06,02:51:13,916.54,Debit,Completed,,Loan Payment - LN2019120000096,False,,1.59,,Automated,Home Loan,standard_payment,False,loan_payment_generator,True,whitespace_in_id
 TXNL202000002639 ,ACC0017858,IND19013271,LN2019120000102,LDO20200001468,6,2020-06-19,03:08:27,4224.82,Debit,Completed,,Loan Payment - LN2019120000102,False,,1.34,,Automated,Home Loan,standard_payment,False,loan_payment_generator,True,whitespace_in_id
TXNL202000002640,ACC0017213,IND19014377,LN2019120000113,LDO20200001469,5,2020-06-01,04:03:26,2900.1,Debit,Completed,,Loan Payment - LN2019120000113,False,,1.34,,Automated,Home Loan,standard_payment,False,loan_payment_generator,False,
TXNL202000002641,ACC0018129,IND19009471,LN2019120000115,LDO20200001470,6,2020-06-15,03:27:34,1177.99,Debit,Completed,,Loan Payment - LN2019120000115,False,,0.07,,Automated,Vehicle Loan,standard_payment,False,loan_payment_generator,False,
TXNL202000002642,ACC0018033,IND19013869,LN2019120000120,LDO20200000674,6,2020-06-17,04:00:18,436.83,Debit,Completed,,Loan Payment - LN2019120000120,False,,1.34,,Automated,Home Loan,standard_payment,False,loan_payment_generator,False,
TXNL202000002643,ACC0017308,IND19007237,LN2019120000128,LDO20200001471,5,2020-06-06,04:54:40,6207.25,Debit,Completed,,Loan Payment - LN2019120000128,False,,1.88,,Automated,Vehicle Loan,standard_payment,False,loan_payment_generator,False,
TXNL202000002644,ACC0017242,IND19011983,LN2019120000130,LDO20200001472,6,2020-06-23,04:50:17,2335.31,Debit,Completed,,Loan Payment - LN2019120000130,False,,0.28,,Automated,Home Loan,standard_payment,False,loan_payment_generator,False,
TXNL202000002645,ACC0017565,IND19007651,LN2019120000134,LDO20200000675,6,2020-06-11,02:54:22,1701.15,Debit,Cancelled,customer_stop_instruction,Loan Payment - LN2019120000134,False,,1.43,,Automated,Personal Loan,standard_payment,False,loan_payment_generator,False,
TXNL202000002646,ACC0017564,IND19013110,LN2019120000145,LDO20200000676,6,2020-06-13,02:08:34,384.34,Debit,Completed,,Loan Payment - LN2019120000145 - Partial,False,,1.83,,Automated,Personal Loan,partial_payment,False,loan_payment_generator,False,
TXNL202000002647,ACC0018252,IND19006462,LN2019120000160,LDO20200000677,6,2020-06-10,02:47:23,383.52,Debit,Completed,,Loan Payment - LN2019120000160,False,,1.5,,Automated,Home Loan,standard_payment,False,loan_payment_generator,False,
TXNL202000002648,ACC0018146,IND19011252,LN2019120000168,LDO20200000678,6,2020-06-18,02:34:24,1810.24,Debit,Completed,,Loan Payment - LN2019120000168,False,,0.92,,Automated,Home Loan,standard_payment,False,loan_payment_generator,False,
TXNL202000002649,ACC0018114,IND19005881,LN2019120000171,LDO20200001473,6,2020-06-18,02:18:02,2667.02,Debit,Completed,,Loan Payment - LN2019120000171,False,,1.04,,Automated,Home Loan,standard_payment,False,loan_payment_generator,False,
TXNL202000002650,ACC0018117,IND19011221,LN2019120000176,LDO20200001474,6,2020-06-28,04:48:46,3678.22,Debit,Completed,,Loan Payment - LN2019120000176 - Extra Principal,False,,0.85,,Automated,Vehicle Loan,extra_payment,False,loan_payment_generator,False,
TXNL202000002651,ACC0017451,IND19009152,LN2019120000186,LDO20200000679,5,2020-06-01,04:11:29,396.5,Debit,Failed,account_blocked,Loan Payment - LN2019120000186,False,,1.21,,Automated,Home Loan,standard_payment,False,loan_payment_generator,False,
TXNL202000002652,ACC0017736,IND19012919,LN2019120000201,LDO20200001475,6,2020-06-20,02:05:44,14301.08,Debit,Completed,,Loan Payment - LN2019120000201,False,,1.14,,Automated,Personal Loan,standard_payment,False,loan_payment_generator,False,
TXNL202000002653,ACC0018201,IND19005623,LN2019120000217,LDO20200001476,6,2020-06-16,04:53:17,2492.35,Debit,Completed,,Loan Payment - LN2019120000217,False,,1.0,,Automated,Vehicle Loan,standard_payment,False,loan_payment_generator,False,
TXNL202000002654,ACC0017369,IND19015280,LN2019120000222,LDO20200001477,6,2020-06-14,02:30:13,2602.46,Debit,Completed,,Loan Payment - LN2019120000222,False,,1.59,,Automated,Home Loan,standard_payment,False,loan_payment_generator,False,
TXNL202000002655,ACC0017900,IND19015599,LN2019120000223,LDO20200001478,6,2020-06-11,03:15:42,1764.26,Debit,Completed,,Loan Payment - LN2019120000223,False,,0.28,,Automated,Vehicle Loan,standard_payment,False,loan_payment_generator,False,
TXNL202000002656,ACC0017450,IND19002178,LN2019120000231,LDO20200000680,5,2020-06-06,03:28:49,216.86,Debit,Completed,,Loan Payment - LN2019120000231,False,,0.52,,Automated,Home Loan,standard_payment,False,loan_payment_generator,False,
TXNL202000002657,ACC0017883,IND19014767,LN2019120000239,LDO20200000681,6,2020-06-18,03:43:43,1614.83,Debit,Completed,,Loan Payment - LN2019120000239,False,,1.38,,Automated,Home Loan,standard_payment,False,loan_payment_generator,False,
TXNL202000002658,ACC0017346,IND19008124,LN2019120000247,LDO20200001479,6,2020-06-26,02:36:51,1955.82,Debit,Completed,,Loan Payment - LN2019120000247,False,,0.31,,Automated,Home Loan,standard_payment,False,loan_payment_generator,False,
TXNL202000002659,ACC0017362,IND19001879,LN2019120000249,LDO20200001480,5,2020-06-03,02:54:30,2652.39,Debit,Completed,,Loan Payment - LN2019120000249,False,,1.98,,Automated,Vehicle Loan,standard_payment,False,loan_payment_generator,False,
TXNL202000002660,ACC0017684,IND19014040,LN2019120000252,LDO20200001481,6,2020-06-27,04:21:30,1059.91,Debit,Completed,,Loan Payment - LN2019120000252,False,,0.08,,Automated,Vehicle Loan,standard_payment,False,loan_payment_generator,False,
TXNL202000002661,ACC0018213,IND19015513,LN2019120000262,LDO20200001482,6,2020-06-20,04:09:57,1820.93,Debit,Completed,,Loan Payment - LN2019120000262,False,,0.61,,Automated,Home Loan,standard_payment,False,loan_payment_generator,False,
TXNL202000002662,ACC0018042,IND19000060,LN2019120000265,LDO20200001483,6,2020-06-26,02:00:07,1017.66,Debit,Completed,,Loan Payment - LN2019120000265,False,,0.87,,Automated,Personal Loan,standard_payment,False,loan_payment_generator,False,
TXNL202000002663,ACC0018269,IND19005231,LN2019120000269,LDO20200001484,6,2020-06-28,04:41:51,4532.84,Debit,Completed,,Loan Payment - LN2019120000269,False,,0.27,,Automated,Home Loan,standard_payment,False,loan_payment_generator,False,
TXNL202000002664,ACC0017441,IND19013798,LN2019120000274,LDO20200000682,6,2020-06-25,04:09:37,505.35,Debit,Completed,,Loan Payment - LN2019120000274,False,,1.5,,Automated,Home Loan,standard_payment,False,loan_payment_generator,False,
TXNL202000002665,ACC0017407,IND19008902,LN2019120000279,LDO20200000301,6,2020-06-09,02:19:37,460.5,Debit,Completed,,Loan Payment - LN2019120000279,False,,0.2,,Automated,Home Loan,standard_payment,False,loan_payment_generator,False,
TXNL202000002666,ACC0018195,IND19013848,LN2019120000295,LDO20200001485,6,2020-06-29,02:17:18,896.98,Debit,Completed,,Loan Payment - LN2019120000295,False,,1.62,,Automated,Vehicle Loan,standard_payment,False,loan_payment_generator,False,
TXNL202000002667,ACC0018120,IND19015966,LN2019120000304,LDO20200000026,6,2020-06-20,04:55:45,3162.87,Debit,Completed,,Loan Payment - LN2019120000304,False,,0.71,,Automated,Personal Loan,standard_payment,False,loan_payment_generator,False,
TXNL202000002668,ACC0017986,IND19011000,LN2019120000309,LDO20200001486,6,2020-06-13,04:42:21,2986.73,Debit,Completed,,Loan Payment - LN2019120000309,False,,0.29,,Automated,Home Loan,standard_payment,False,loan_payment_generator,False,
TXNL202000002669,ACC0017358,IND19002502,LN2019120000314,LDO20200001487,5,2020-06-03,02:54:03,1939.6,Debit,Completed,,Loan Payment - LN2019120000314,False,,1.2,,Automated,Personal Loan,standard_payment,False,loan_payment_generator,False,
TXNL202000002670,ACC0017797,IND19007712,LN2019120000315,LDO20200000683,6,2020-06-11,02:51:23,5637.81,Debit,Completed,,Loan Payment - LN2019120000315,False,,0.75,,Automated,Personal Loan,standard_payment,False,loan_payment_generator,False,
TXNL202000002671,ACC0018301,IND19006178,LN2019120000339,LDO20200000684,6,2020-06-25,04:40:37,3619.56,Debit,Completed,,Loan Payment - LN2019120000339,False,,0.76,,Automated,Home Loan,standard_payment,False,loan_payment_generator,False,
TXNL202000002672,ACC0017569,IND19006167,LN2019120000346,LDO20200001488,6,2020-06-24,04:21:45,2596.35,Debit,Completed,,Loan Payment - LN2019120000346,False,,0.8,,Automated,Home Loan,standard_payment,False,loan_payment_generator,False,
TXNL202000002673,ACC0017514,IND19006377,LN2019120000347,LDO20200000685,6,2020-06-21,02:14:04,324.93,Debit,Completed,,Loan Payment - LN2019120000347,False,,0.47,,Automated,Home Loan,standard_payment,False,loan_payment_generator,False,
TXNL202000002674,ACC0017271,IND19006231,LN2019120000349,LDO20200000686,6,2020-06-09,02:53:16,1896.7,Debit,Completed,,Loan Payment - LN2019120000349,False,,1.86,,Automated,Home Loan,standard_payment,False,loan_payment_generator,False,
TXNL202000002675,ACC0017270,IND19007398,LN2019120000358,LDO20200001489,5,2020-06-02,03:24:12,625.83,Debit,Completed,,Loan Payment - LN2019120000358,False,,0.28,,Automated,Home Loan,standard_payment,False,loan_payment_generator,False,
TXNL202000002676,ACC0017775,IND19008766,LN2019120000366,LDO20200001490,5,2020-06-08,02:00:06,2935.12,Debit,Completed,,Loan Payment - LN2019120000366,False,,0.1,,Automated,Home Loan,standard_payment,False,loan_payment_generator,False,
TXNL202000002677,ACC0017231,IND19002015,LN2019120000372,LDO20200001491,5,2020-06-03,02:50:35,1757.71,Debit,Completed,,Loan Payment - LN2019120000372,False,,0.31,,Automated,Home Loan,standard_payment,False,loan_payment_generator,False,
TXNL202000002678,ACC0017533,IND19014872,LN2019120000380,LDO20200001492,6,2020-06-17,04:12:01,752.69,Debit,Completed,,Loan Payment - LN2019120000380,False,,1.74,,Automated,Vehicle Loan,standard_payment,False,loan_payment_generator,False,
TXNL202000002679,ACC0017430,IND19011616,LN2019120000382,LDO20200000687,6,2020-06-20,04:01:26,1562.82,Debit,Completed,,Loan Payment - LN2019120000382,False,,1.25,,Automated,Home Loan,standard_payment,False,loan_payment_generator,False,
TXNL202000002680,ACC0017801,IND19002184,LN2019120000383,LDO20200001493,6,2020-06-22,02:54:28,2842.62,Debit,Completed,,Loan Payment - LN2019120000383,False,,1.83,,Automated,Personal Loan,standard_payment,False,loan_payment_generator,False,
TXNL202000002681,ACC0017318,IND19014168,LN2019120000392,LDO20200000302,5,2020-06-02,02:11:18,1662.61,Debit,Completed,,Loan Payment - LN20191200...,False,,0.15,,Automated,Home Loan,standard_payment,False,loan_payment_generator,True,truncated_description
TXNL202000002682,ACC0017513,IND19008301,LN2019120000397,LDO20200001494,5,2020-06-02,02:15:58,1192.86,Debit,Failed,bank_timeout,Loan Payment - LN2019120000397,False,,1.96,,Automated,Vehicle Loan,standard_payment,False,loan_payment_generator,False,
TXNL202000002683,ACC0017553,IND19016737,LN2019120000407,LDO20200001495,6,2020-06-21,04:53:33,2519.11,Debit,Completed,,Loan Payment - LN2019120000407,False,,1.53,,Automated,Vehicle Loan,standard_payment,False,loan_payment_generator,False,
TXNL202000002684,ACC0017672,IND19015694,LN2019120000411,LDO20200000688,6,2020-06-14,02:37:53,533.42,Debit,Completed,,Loan Payment - LN2019120000411,False,,1.51,,Automated,Vehicle Loan,standard_payment,False,loan_payment_generator,False,
TXNL202000002685,ACC0017633,IND19014142,LN2019120000414,LDO20200000689,5,2020-06-08,03:01:07,788.45,Debit,Completed,,Loan Payment - LN2019120000414,False,,0.08,,Automated,Home Loan,standard_payment,False,loan_payment_generator,False,
TXNL202000002686,ACC0017847,IND19003113,LN2019120000427,LDO20200000129,6,2020-06-30,03:58:18,530.38,Debit,Failed,insufficient_funds,Loan Payment - LN2019120000427,False,,1.39,,Automated,Personal Loan,standard_payment,False,loan_payment_generator,False,
TXNL202000002687,ACC0017979,IND19004903,LN2019120000429,LDO20200001496,6,2020-06-11,02:16:27,934.61,Debit,Completed,,Loan Payment - LN2019120000429,False,,1.19,,Automated,Home Loan,standard_payment,False,loan_payment_generator,False,
TXNL202000002688,ACC0017820,IND19010213,LN2019120000432,LDO20200000303,6,2020-06-16,04:42:38,7356.03,Debit,Completed,,Loan Payment - LN2019120000432,False,,1.52,,Automated,Home Loan,standard_payment,False,loan_payment_generator,False,
TXNL202000002689,ACC0017964,IND19006852,LN2019120000454,LDO20200000690,6,2020-06-19,04:31:50,1210.93,Debit,Completed,,Loan Payment - LN2019120000454,False,,0.69,,Automated,Home Loan,standard_payment,False,loan_payment_generator,False,
TXNL202000002690,ACC0018237,IND19002780,LN2019120000458,LDO20200001497,5,2020-06-06,03:27:50,2751.58,Debit,Completed,,Loan Payment - LN20191200...,False,,1.74,,Automated,Personal Loan,standard_payment,False,loan_payment_generator,True,truncated_description
TXNL202000002691,ACC0017614,IND19003811,LN2019120000477,LDO20200001498,5,2020-06-04,03:43:33,1211.67,Debit,Completed,,Loan Payment - LN2019120000477,False,,0.7,,Automated,Personal Loan,standard_payment,False,loan_payment_generator,False,
TXNL202000002692,ACC0017876,IND19006146,LN2019120000478,LDO20200000056,5,2020-06-04,03:26:47,2721.52,Debit,Failed,bank_timeout,Loan Payment - LN2019120000478,False,,0.25,,Automated,Home Loan,standard_payment,False,loan_payment_generator,False,
TXNL202000002693,ACC0017209,IND19000760,LN2019120000479,LDO20200000691,6,2020-06-11,04:28:40,6029.62,Debit,Completed,,Loan Payment - LN2019120000479,False,,1.27,,Automated,Home Loan,standard_payment,False,loan_payment_generator,False,
TXNL202000002694,ACC0017605,IND19011936,LN2019120000489,LDO20200000304,6,2020-06-16,03:01:58,6163.57,Debit,Completed,,Loan Payment - LN2019120000489 - Extra Principal,False,,1.68,,Automated,Vehicle Loan,extra_payment,False,loan_payment_generator,False,
TXNL202000002695,ACC0018055,IND19012918,LN2019120000515,LDO20200001499,5,2020-06-07,02:34:34,1409.98,Debit,Completed,,Loan Payment - LN2019120000515,False,,1.36,,Automated,Personal Loan,standard_payment,False,loan_payment_generator,False,
TXNL202000002696,ACC0017902,IND19001134,LN2019120000517,LDO20200000692,6,2020-06-26,03:51:09,4154.83,Debit,Completed,,Loan Payment - LN2019120000517,False,,1.34,,Automated,Personal Loan,standard_payment,False,loan_payment_generator,False,
TXNL202000002697,ACC0018268,IND19012057,LN2019120000534,LDO20200001500,6,2020-06-18,02:40:29,4501.31,Debit,Completed,,Loan Payment - LN2019120000534,False,,1.27,,Automated,Vehicle Loan,standard_payment,False,loan_payment_generator,False,
TXNL202000002698,ACC0018211,IND19013390,LN2019120000543,LDO20200001501,6,2020-06-22,03:53:26,2109.65,Debit,Completed,,Loan Payment - LN2019120000543,False,,1.48,,Automated,Personal Loan,standard_payment,False,loan_payment_generator,False,
TXNL202000002699,ACC0017685,IND19008907,LN2019120000551,LDO20200000693,5,2020-06-04,04:02:20,6582.76,Debit,Completed,,Loan Payment - LN2019120000551,False,,1.4,,Automated,Personal Loan,standard_payment,False,loan_payment_generator,False,
TXNL202000002700,ACC0017767,IND19005408,LN2019120000552,LDO20200000130,5,2020-06-01,02:47:40,446.12,Debit,Completed,,Loan Payment - LN2019120000552,False,,0.2,,Automated,Home Loan,standard_payment,False,loan_payment_generator,False,
TXNL202000002701,ACC0017693,IND19010524,LN2019120000566,LDO20200001502,6,2020-06-20,04:35:48,1956.55,Debit,Completed,,Loan Payment - LN2019120000566,False,,1.17,,Automated,Personal Loan,standard_payment,False,loan_payment_generator,False,
TXNL202000002702,ACC0018052,IND19011725,LN2019120000574,LDO20200001503,6,2020-06-18,03:30:28,2070.05,Debit,Completed,,Loan Payment - LN2019120000574,False,,0.53,,Automated,Vehicle Loan,standard_payment,False,loan_payment_generator,False,
TXNL202000002703,ACC0017835,IND19006727,LN2019120000576,LDO20200001504,5,2020-06-05,06:19:14,2315.14,Debit,Cancelled,customer_stop_instruction,Loan Payment - LN2019120000576,False,,1.81,,Automated,Home Loan,standard_payment,False,loan_payment_generator,True,timestamp_shift
TXNL202000002704,ACC0018143,IND19004466,LN2019120000583,LDO20200000131,6,2020-06-19,03:57:49,1245.25,Debit,Completed,,Loan Payment - LN2019120000583,False,,0.04,,Automated,Home Loan,standard_payment,False,loan_payment_generator,False,
TXNL202000002705,ACC0018319,IND19009350,LN2019120000597,LDO20200000694,5,2020-06-01,04:58:07,1056.75,Debit,Completed,,Loan Payment - LN2019120000597,False,,0.83,,Automated,Personal Loan,standard_payment,False,loan_payment_generator,False,
TXNL202000002706,ACC0017495,IND19001310,LN2019120000604,LDO20200001505,5,2020-06-08,04:53:49,372.29,Debit,Completed,,Loan Payment - LN2019120000604 - Recovery,False,,1.63,,Automated,Vehicle Loan,recovery_payment,True,loan_payment_generator,False,
TXNL202000002707,ACC0018038,IND19009488,LN2019120000605,LDO20200001506,5,2020-06-04,04:13:36,1569.42,Debit,Completed,,Loan Payment - LN2019120000605,False,,1.31,,Automated,Personal Loan,standard_payment,False,loan_payment_generator,False,
TXNL202000002708,ACC0017761,IND19016050,LN2019120000606,LDO20200000695,6,2020-06-13,03:27:44,3357.39,Debit,Completed,,Loan Payment - LN2019120000606,False,,0.37,,Automated,Vehicle Loan,standard_payment,False,loan_payment_generator,False,
TXNL202000002709,ACC0017628,IND19016677,LN2019120000616,LDO20200000132,6,2020-06-18,04:35:10,4180.67,Debit,Completed,,Loan Payment - LN2019120000616 - Late Fee,False,,0.08,,Automated,Home Loan,late_payment,False,loan_payment_generator,False,
TXNL202000002710,ACC0017806,IND19012506,LN2019120000620,LDO20200001507,6,2020-06-18,02:51:13,6101.27,Debit,Completed,,Loan Payment - LN2019120000620,False,,0.67,,Automated,Personal Loan,standard_payment,False,loan_payment_generator,False,
TXNL202000002711,ACC0018332,COM19000105,LN2019120000624,LDO20200000305,5,2020-06-07,04:03:50,9463.95,Debit,Completed,,Loan Payment - LN2019120000624,False,,1.56,,Automated,Business Loan,standard_payment,False,loan_payment_generator,False,
TXNL202000002712,ACC0017580,IND19004330,LN2019120000627,LDO20200000306,6,2020-06-15,02:44:37,385.07,Debit,Failed,mandate_limit,Loan Payment - LN2019120000627,False,,0.97,,Automated,Personal Loan,standard_payment,False,loan_payment_generator,False,
TXNL202000002713,ACC0018221,IND19009920,LN2019120000633,LDO20200001508,6,2020-06-21,03:07:19,1034.72,Debit,Completed,,Loan Payment - LN2019120000633,False,,0.88,,Automated,Home Loan,standard_payment,False,loan_payment_generator,False,
TXNL202000002714,ACC0017419,IND19009432,LN2019120000635,LDO20200001509,5,2020-06-05,02:33:27,1812.31,Debit,Completed,,Loan Payment - LN2019120000635,False,,1.95,,Automated,Vehicle Loan,standard_payment,False,loan_payment_generator,False,
TXNL202000002715,ACC0018039,IND19003915,LN2019120000640,LDO20200000696,5,2020-06-03,03:35:16,6929.24,Debit,Completed,,Loan Payment - LN2019120000640,False,,1.34,,Automated,Home Loan,standard_payment,False,loan_payment_generator,False,
TXNL202000002716,ACC0018082,IND19008148,LN2019120000654,LDO20200001510,6,2020-06-21,03:52:41,2371.67,Debit,Completed,,Loan Payment - LN2019120000654,False,,1.46,,Automated,Home Loan,standard_payment,False,loan_payment_generator,False,
TXNL202000002717,ACC0017762,IND19016050,LN2019120000658,LDO20200001511,6,2020-06-29,04:14:49,1275.6,Debit,Completed,,Loan Payment - LN2019120000658,False,,0.5,,Automated,Home Loan,standard_payment,False,loan_payment_generator,False,
TXNL202000002718,ACC0017571,IND19014161,LN2019120000680,LDO20200000697,6,2020-06-25,02:09:42,4409.2,Debit,Completed,,Loan Payment - LN2019120000680,False,,1.39,,Automated,Personal Loan,standard_payment,False,loan_payment_generator,False,
TXNL202000002719,ACC0018270,IND19013156,LN2019120000681,LDO20200001512,6,2020-06-23,03:00:24,1473.78,Debit,Completed,,Loan Payment - LN2019120000681,False,,1.99,,Automated,Personal Loan,standard_payment,False,loan_payment_generator,False,
TXNL202000002720,ACC0018145,IND19011252,LN2019120000691,LDO20200000698,6,2020-06-29,03:04:57,3644.3,Debit,Completed,,Loan Payment - LN2019120000691,False,,1.16,,Automated,Home Loan,standard_payment,False,loan_payment_generator,False,
TXNL202000002721,ACC0017477,IND19015557,LN2019120000694,LDO20200001513,6,2020-06-27,03:13:03,2350.14,Debit,Completed,,Loan Payment - LN2019120000694,False,,0.22,,Automated,Vehicle Loan,standard_payment,False,loan_payment_generator,False,
TXNL202000002722,ACC0017638,IND19006959,LN2019120000700,LDO20200001514,6,2020-06-17,02:49:22,856.9,Debit,Failed,mandate_limit,Loan Payment - LN2019120000700,False,,1.92,,Automated,Home Loan,standard_payment,False,loan_payment_generator,False,
TXNL202000002723,ACC0018003,IND19007768,LN2019120000702,LDO20200001515,6,2020-06-26,03:45:10,1563.27,Debit,Completed,,Loan Payment - LN2019120000702,False,,0.5,,Automated,Vehicle Loan,standard_payment,False,loan_payment_generator,False,
TXNL202000002724,ACC0018126,IND19002669,LN2019120000724,LDO20200000307,6,2020-06-15,04:56:10,3509.09,Debit,Completed,,Loan Payment - LN2019120000724,False,,1.48,,Automated,Home Loan,standard_payment,False,loan_payment_generator,False,
TXNL202000002725,ACC0017412,IND19004362,LN2019120000725,LDO20200001516,5,2020-06-06,02:29:22,8127.19,Debit,Completed,,Loan Payment - LN2019120000725,False,,1.18,,Automated,Personal Loan,standard_payment,False,loan_payment_generator,False,
TXNL202000002726,ACC0018041,IND19010103,LN2019120000732,LDO20200000057,6,2020-06-30,04:43:33,796.54,Debit,Completed,,Loan Payment - LN2019120000732,False,,0.24,,Automated,Home Loan,standard_payment,False,loan_payment_generator,False,
TXNL202000002727,ACC0017510,IND19006204,LN2019120000737,LDO20200001517,6,2020-06-23,04:27:22,3431.04,Debit,Failed,account_blocked,Loan Payment - LN2019120000737,False,,1.19,,Automated,Personal Loan,standard_payment,False,loan_payment_generator,True,timestamp_shift
TXNL202000002728,ACC0018026,IND19010519,LN2019120000751,LDO20200001518,5,2020-06-05,03:59:17,1385.16,Debit,Completed,,Loan Payment - LN2019120000751,False,,1.77,,Automated,Personal Loan,standard_payment,False,loan_payment_generator,False,
TXNL202000002729,ACC0017968,IND19002083,LN2019120000757,LDO20200001519,6,2020-06-25,02:37:50,5695.85,Debit,Completed,,Loan Payment - LN2019120000757,False,,0.91,,Automated,Personal Loan,standard_payment,False,loan_payment_generator,False,
TXNL202000002730,ACC0017367,IND19000270,LN2019120000772,LDO20200000308,6,2020-06-30,03:42:44,1680.33,Debit,Completed,,Loan Payment - LN2019120000772,False,,1.37,,Automated,Home Loan,standard_payment,False,loan_payment_generator,False,
TXNL202000002731,ACC0017310,IND19007739,LN2019120000774,LDO20200001520,6,2020-06-22,02:37:42,1824.53,Debit,Completed,,Loan Payment - LN2019120000774,False,,0.27,,Automated,Personal Loan,standard_payment,False,loan_payment_generator,False,
TXNL202000002732,ACC0017283,IND19005235,LN2019120000795,LDO20200000309,6,2020-06-27,02:24:17,2175.67,Debit,Completed,,Loan Payment - LN2019120000795,False,,1.05,,Automated,Home Loan,standard_payment,False,loan_payment_generator,False,
TXNL202000002733,ACC0018266,IND19011021,LN2019120000798,LDO20200001521,6,2020-06-23,03:13:11,2046.41,Debit,Failed,insufficient_funds,Loan Payment - LN2019120000798 - Partial,False,,0.72,,Automated,Home Loan,partial_payment,False,loan_payment_generator,False,
TXNL202000002734,ACC0017557,IND19012679,LN2019120000812,LDO20200000310,6,2020-06-29,03:06:53,2106.73,Debit,Failed,mandate_limit,Loan Payment - LN2019120000812,False,,1.51,,Automated,Personal Loan,standard_payment,False,loan_payment_generator,False,
TXNL202000002735,ACC0017898,IND19003539,LN2019120000818,LDO20200001522,6,2020-06-22,04:41:27,5310.86,Debit,Completed,,Loan Payment - LN2019120000818 - Late Fee,False,,1.51,,Automated,Home Loan,late_payment,False,loan_payment_generator,False,
TXNL202000002736,ACC0017212,IND19012583,LN2019120000824,LDO20200001523,6,2020-06-21,04:59:00,4852.86,Debit,Completed,,Loan Payment - LN2019120000824,False,,1.75,,Automated,Home Loan,standard_payment,False,loan_payment_generator,False,
TXNL202000002737,ACC0017752,IND19010156,LN2019120000834,LDO20200000133,6,2020-06-22,04:49:18,3238.21,Debit,Completed,,Loan Payment - LN2019120000834,False,,0.47,,Automated,Home Loan,standard_payment,False,loan_payment_generator,False,
TXNL202000002738,ACC0018333,COM19000105,LN2019120000837,LDO20200001524,6,2020-06-21,03:32:37,7107.59,Debit,Completed,,Loan Payment - LN2019120000837,False,,1.29,,Automated,Business Loan,standard_payment,False,loan_payment_generator,False,
TXNL202000002739,ACC0017864,IND19000254,LN2019120000846,LDO20200001525,6,2020-06-27,03:32:09,2405.67,Debit,Completed,,Loan Payment - LN2019120000846,False,,0.62,,Automated,Home Loan,standard_payment,False,loan_payment_generator,False,
TXNL202000002740,ACC0017599,IND19003854,LN2019120000847,LDO20200000699,6,2020-06-15,02:09:26,2320.2,Debit,Completed,,Loan Payment - LN2019120000847,False,,0.12,,Automated,Vehicle Loan,standard_payment,False,loan_payment_generator,False,
TXNL202000002741,ACC0017620,IND19007839,LN2019120000869,LDO20200000700,6,2020-06-19,03:02:49,1148.83,Debit,Completed,,Loan Payment - LN2019120000869,False,,1.96,,Automated,Personal Loan,standard_payment,False,loan_payment_generator,False,
TXNL202000002742,ACC0017387,IND19009637,LN2019120000882,LDO20200001526,6,2020-06-22,03:49:51,469.44,Debit,Completed,,Loan Payment - LN2019120000882,False,,1.49,,Automated,Home Loan,standard_payment,False,loan_payment_generator,False,
TXNL202000002743,ACC0017617,IND19007540,LN2019120000887,LDO20200000311,5,2020-06-10,03:59:12,3065.56,Debit,Completed,,Loan Payment - LN2019120000887,False,,1.73,,Automated,Home Loan,standard_payment,False,loan_payment_generator,False,
TXNL202000002744,ACC0018191,IND19007418,LN2019120000892,LDO20200000312,6,2020-06-18,04:44:30,753.61,Debit,Completed,,Loan Payment - LN2019120000892,False,,1.71,,Automated,Home Loan,standard_payment,False,loan_payment_generator,False,
TXNL202000002745,ACC0017494,IND19008408,LN2019120000893,LDO20200000313,6,2020-06-18,02:57:41,2179.15,Debit,Cancelled,customer_stop_instruction,Loan Payment - LN2019120000893 - Late Fee,False,,0.47,,Automated,Personal Loan,late_payment,False,loan_payment_generator,False,
TXNL202000002746,ACC0017356,IND19012559,LN2019120000898,LDO20200000701,5,2020-06-05,03:42:21,4609.81,Debit,Completed,,Loan Payment - LN2019120000898,False,,1.97,,Automated,Personal Loan,standard_payment,False,loan_payment_generator,False,
TXNL202000002747,ACC0017226,IND19016642,LN2019120000905,LDO20200001527,6,2020-06-23,02:05:23,4868.94,Debit,Completed,,Loan Payment - LN2019120000905,False,,0.32,,Automated,Home Loan,standard_payment,False,loan_payment_generator,False,
TXNL202000002748,ACC0018313,IND19011708,LN2019120000908,LDO20200000314,6,2020-06-13,02:40:55,4826.81,Debit,Completed,,Loan Payment - LN2019120000908,False,,2.0,,Automated,Home Loan,standard_payment,False,loan_payment_generator,False,
TXNL202000002749,ACC0017737,IND19003161,LN2019120000910,LDO20200001528,6,2020-06-25,04:19:30,8687.46,Debit,Completed,,Loan Payment - LN2019120000910,False,,1.03,,Automated,Personal Loan,standard_payment,False,loan_payment_generator,False,
TXNL202000002750,ACC0017210,IND19014389,LN2019120000914,LDO20200000702,6,2020-06-30,04:59:50,3504.07,Debit,Completed,,Loan Payment - LN2019120000914,False,,0.38,,Automated,Home Loan,standard_payment,False,loan_payment_generator,False,
TXNL202000002751,ACC0018174,IND19008032,LN2019120000916,LDO20200000134,5,2020-06-05,04:23:48,4650.6,Debit,Completed,,Loan Payment - LN2019120000916,False,,1.82,,Automated,Home Loan,standard_payment,False,loan_payment_generator,False,
TXNL202000002752,ACC0017589,IND19012454,LN2019120000933,LDO20200000703,6,2020-06-14,03:22:44,1423.1,Debit,Completed,,Loan Payment - LN2019120000933,False,,0.12,,Automated,Home Loan,standard_payment,False,loan_payment_generator,False,
TXNL202000002753,ACC0018267,IND19016700,LN2019120000937,LDO20200001529,6,2020-06-18,02:47:48,6419.58,Debit,Completed,,Loan Payment - LN2019120000937,False,,0.98,,Automated,Personal Loan,standard_payment,False,loan_payment_generator,False,
TXNL202000002754,ACC0018235,IND19012223,LN2019120000942,LDO20200001530,5,2020-06-06,04:56:47,1103.3,Debit,Completed,,Loan Payment - LN2019120000942 - Partial,False,,0.89,,Automated,Home Loan,partial_payment,False,loan_payment_generator,False,
TXNL202000002755,ACC0017475,IND19007484,LN2019120000945,LDO20200000704,6,2020-06-21,04:27:22,2847.43,Debit,Completed,,Loan Payment - LN20191200...,False,,0.38,,Automated,Home Loan,late_payment,False,loan_payment_generator,True,truncated_description
TXNL202000002756,ACC0017645,IND19007865,LN2019120000947,LDO20200000705,5,2020-06-01,04:17:25,2127.63,Debit,Completed,,Loan Payment - LN2019120000947,False,,0.93,,Automated,Home Loan,standard_payment,False,loan_payment_generator,False,
TXNL202000002757,ACC0017851,IND19008887,LN2019120000959,LDO20200001531,5,2020-06-01,03:57:39,716.64,Debit,Completed,,Loan Payment - LN2019120000959 - Late Fee,False,,1.33,,Automated,Home Loan,late_payment,False,loan_payment_generator,False,
TXNL202000002758,ACC0018279,IND19009978,LN2019120000961,LDO20200000706,6,2020-06-24,04:31:22,797.39,Debit,Completed,,Loan Payment - LN2019120000961,False,,1.13,,Automated,Personal Loan,standard_payment,False,loan_payment_generator,False,
TXNL202000002759,ACC0018236,IND19012603,LN2019120000965,LDO20200001532,6,2020-06-27,03:25:29,480.62,Debit,Completed,,Loan Payment - LN2019120000965,False,,1.97,,Automated,Home Loan,standard_payment,False,loan_payment_generator,False,
TXNL202000002760,ACC0018190,IND19012777,LN2019120000971,LDO20200001533,6,2020-06-16,03:23:43,6099.62,Debit,Completed,,Loan Payment - LN2019120000971 - Extra Principal,False,,0.59,,Automated,Personal Loan,extra_payment,False,loan_payment_generator,False,
TXNL202000002761,ACC0017668,IND19006436,LN2019120000977,LDO20200001534,6,2020-06-29,03:12:57,4269.2,Debit,Completed,,Loan Payment - LN2019120000977,False,,1.91,,Automated,Home Loan,standard_payment,False,loan_payment_generator,False,
TXNL202000002762,ACC0017626,IND19001337,LN2019120000982,LDO20200000315,6,2020-06-20,02:42:46,3866.19,Debit,Completed,,Loan Payment - LN2019120000982,False,,0.56,,Automated,Home Loan,standard_payment,False,loan_payment_generator,False,
TXNL202000002763,ACC0017197,IND19005988,LN2019120000993,LDO20200000135,6,2020-06-15,02:58:39,1571.33,Debit,Completed,,Loan Payment - LN2019120000993,False,,0.67,,Automated,Vehicle Loan,standard_payment,False,loan_payment_generator,False,
TXNL202000002764,ACC0018275,IND19008358,LN2019120000996,LDO20200001535,6,2020-06-18,02:05:37,2485.25,Debit,Completed,,Loan Payment - LN2019120000996,False,,1.62,,Automated,Home Loan,standard_payment,False,loan_payment_generator,False,
TXNL202000002765,ACC0017713,IND19007200,LN2019120001003,LDO20200001536,6,2020-06-14,03:38:23,1132.82,Debit,Completed,,Loan Payment - LN2019120001003,False,,0.33,,Automated,Vehicle Loan,standard_payment,False,loan_payment_generator,False,
TXNL202000002766,ACC0017300,IND19000408,LN2019120001006,LDO20200001537,6,2020-06-30,04:39:45,3525.76,Debit,Completed,,Loan Payment - LN2019120001006,False,,1.54,,Automated,Home Loan,standard_payment,False,loan_payment_generator,False,
TXNL202000002767,ACC0017819,IND19010967,LN2019120001017,LDO20200001538,5,2020-06-04,02:59:01,1895.8,Debit,Completed,,Loan Payment - LN2019120001017,False,,0.69,,Automated,Home Loan,standard_payment,False,loan_payment_generator,False,
TXNL202000002768,ACC0017920,IND19007686,LN2019120001020,LDO20200000707,5,2020-06-02,02:44:48,655.6,Debit,Completed,,Loan Payment - LN2019120001020,False,,0.01,,Automated,Home Loan,standard_payment,False,loan_payment_generator,False,
TXNL202000002769,ACC0017763,IND19007695,LN2019120001025,LDO20200000136,5,2020-06-04,02:45:00,3858.22,Debit,Completed,,Loan Payment - LN2019120001025,False,,1.56,,Automated,Personal Loan,standard_payment,False,loan_payment_generator,False,
TXNL202000002770,ACC0017649,IND19002598,LN2019120001034,LDO20200001539,6,2020-06-27,03:24:54,2081.11,Debit,Completed,,Loan Payment - LN2019120001034,False,,1.23,,Automated,Personal Loan,standard_payment,False,loan_payment_generator,False,
TXNL202000002771,ACC0018084,IND19002754,LN2019120001043,LDO20200000316,6,2020-06-26,03:39:47,1306.58,Debit,Completed,,Loan Payment - LN2019120001043,False,,0.74,,Automated,Personal Loan,standard_payment,False,loan_payment_generator,False,
TXNL202000002772,ACC0018222,IND19003116,LN2019120001059,LDO20200001540,6,2020-06-27,03:56:58,7108.32,Debit,Completed,,Loan Payment - LN2019120001059,False,,0.2,,Automated,Vehicle Loan,standard_payment,False,loan_payment_generator,False,
TXNL202000002773,ACC0017331,IND19000388,LN2019120001069,LDO20200001541,5,2020-06-09,04:57:23,1885.13,Debit,Completed,,Loan Payment - LN2019120001069,False,,1.3,,Automated,Home Loan,standard_payment,False,loan_payment_generator,False,
TXNL202000002774,ACC0018281,IND19003543,LN2019120001075,LDO20200000708,5,2020-06-02,03:43:10,2654.67,Debit,Completed,,Loan Payment - LN2019120001075,False,,1.62,,Automated,Personal Loan,standard_payment,False,loan_payment_generator,False,
TXNL202000002775,ACC0018322,COM19000207,LN2019120001076,LDO20200000137,6,2020-06-26,02:39:53,74430.44,Debit,Completed,,Loan Payment - LN2019120001076,False,,1.49,,Automated,Business Loan,standard_payment,False,loan_payment_generator,False,
TXNL202000002776,ACC0018030,IND19004347,LN2019120001078,LDO20200001542,6,2020-06-21,02:01:58,3132.23,Debit,Completed,,Loan Payment - LN2019120001078,False,,0.95,,Automated,Personal Loan,standard_payment,False,loan_payment_generator,False,
TXNL202000002777,ACC0017393,IND19005933,LN2019120001080,LDO20200001543,6,2020-06-10,03:30:25,6749.42,Debit,Completed,,Loan Payment - LN2019120001080,False,,1.9,,Automated,Personal Loan,standard_payment,False,loan_payment_generator,False,
