transaction_id,account_id,customer_id,loan_id,debit_order_id,installment_number,transaction_date,transaction_time,amount,debit_credit,status,failure_reason,description,immediate_payment,receiving_account,transaction_cost,ewallet_number,channel,loan_type,payment_type,is_recovery_attempt,source_system
TXNL201900000001,ACC0001282,IND19007129,LN2019010000002,,11,2019-12-14,03:26:39,1592.74,Debit,Completed,,Loan Payment - LN2019010000002,False,,2.5,,Automated,Home Loan,standard_payment,False,loan_payment_generator
TXNL201900000002,ACC0000071,IND19001466,LN2019010000009,,11,2019-12-31,03:04:54,2024.12,Debit,Completed,,Loan Payment - LN2019010000009,False,,2.5,,Automated,Home Loan,standard_payment,False,loan_payment_generator
TXNL201900000003,ACC0001490,IND19011784,LN2019010000010,,11,2019-12-23,03:23:21,2454.22,Debit,Completed,,Loan Payment - LN2019010000010,False,,2.5,,Automated,Home Loan,standard_payment,False,loan_payment_generator
TXNL201900000004,ACC0000278,IND19005139,LN2019010000015,LDO20190000001,11,2019-12-29,02:06:35,2472.86,Debit,Completed,,Loan Payment - LN2019010000015,False,,0.97,,Automated,Vehicle Loan,standard_payment,False,loan_payment_generator
TXNL201900000005,ACC0000597,IND19000749,LN2019010000017,LDO20190000001,11,2019-12-22,02:07:02,1458.14,Debit,Completed,,Loan Payment - LN2019010000017,False,,0.1,,Automated,Home Loan,standard_payment,False,loan_payment_generator
TXNL201900000006,ACC0000731,IND19012784,LN2019010000018,LDO20190000001,11,2019-12-30,03:41:42,4603.72,Debit,Completed,,Loan Payment - LN2019010000018,False,,1.83,,Automated,Home Loan,standard_payment,False,loan_payment_generator
TXNL201900000007,ACC0000999,IND19000704,LN2019010000021,LDO20190000001,11,2019-12-30,02:52:38,1106.27,Debit,Completed,,Loan Payment - LN2019010000021,False,,1.23,,Automated,Home Loan,standard_payment,False,loan_payment_generator
TXNL201900000008,ACC0000362,IND19010400,LN2019010000034,LDO20190000001,11,2019-12-20,04:06:37,1585.16,Debit,Completed,,Loan Payment - LN2019010000034,False,,1.49,,Automated,Home Loan,standard_payment,False,loan_payment_generator
TXNL201900000009,ACC0000761,IND19003341,LN2019010000037,LDO20190000001,10,2019-12-10,03:13:47,1929.69,Debit,Completed,,Loan Payment - LN2019010000037,False,,0.04,,Automated,Home Loan,standard_payment,False,loan_payment_generator
TXNL201900000010,ACC0000661,IND19013332,LN2019010000040,LDO20190000001,11,2019-12-25,03:04:08,3565.48,Debit,Completed,,Loan Payment - LN2019010000040,False,,0.34,,Automated,Personal Loan,standard_payment,False,loan_payment_generator
TXNL201900000011,ACC0000361,IND19010400,LN2019010000048,LDO20190000001,11,2019-12-30,03:25:48,990.52,Debit,Completed,,Loan Payment - LN2019010000048,False,,1.38,,Automated,Personal Loan,standard_payment,False,loan_payment_generator
TXNL201900000012,ACC0000305,IND19009608,LN2019010000064,LDO20190000001,11,2019-12-15,03:47:11,2594.15,Debit,Completed,,Loan Payment - LN2019010000064,False,,1.4,,Automated,Personal Loan,standard_payment,False,loan_payment_generator
TXNL201900000013,ACC0000093,IND19006568,LN2019010000071,LDO20190000002,11,2019-12-13,03:28:16,1850.78,Debit,Failed,account_blocked,Loan Payment - LN2019010000071,False,,0.63,,Automated,Home Loan,standard_payment,False,loan_payment_generator
TXNL201900000014,ACC0000412,IND19013952,LN2019010000075,LDO20190000001,11,2019-12-31,03:23:22,3629.72,Debit,Completed,,Loan Payment - LN2019010000075,False,,0.59,,Automated,Vehicle Loan,standard_payment,False,loan_payment_generator
TXNL201900000015,ACC0000227,IND19010979,LN2019010000078,LDO20190000002,11,2019-12-13,04:23:15,686.25,Debit,Completed,,Loan Payment - LN2019010000078,False,,0.25,,Automated,Vehicle Loan,standard_payment,False,loan_payment_generator
TXNL201900000016,ACC0000895,IND19014589,LN2019010000089,LDO20190000003,11,2019-12-31,04:40:56,1496.91,Debit,Completed,,Loan Payment - LN2019010000089,False,,1.0,,Automated,Vehicle Loan,standard_payment,False,loan_payment_generator
TXNL201900000017,ACC0000190,IND19004840,LN2019010000090,LDO20190000004,10,2019-12-04,04:35:58,3511.44,Debit,Completed,,Loan Payment - LN2019010000090,False,,0.86,,Automated,Personal Loan,standard_payment,False,loan_payment_generator
TXNL201900000018,ACC0001088,IND19010913,LN2019010000094,LDO20190000001,11,2019-12-20,04:08:13,27702.74,Debit,Completed,,Loan Payment - LN2019010000094,False,,0.14,,Automated,Personal Loan,standard_payment,False,loan_payment_generator
TXNL201900000019,ACC0001439,IND19009694,LN2019010000095,LDO20190000002,11,2019-12-18,02:09:44,1221.56,Debit,Completed,,Loan Payment - LN2019010000095,False,,0.74,,Automated,Vehicle Loan,standard_payment,False,loan_payment_generator
TXNL201900000020,ACC0000263,IND19010479,LN2019010000097,LDO20190000005,11,2019-12-14,02:43:59,5630.01,Debit,Completed,,Loan Payment - LN2019010000097,False,,0.37,,Automated,Home Loan,standard_payment,False,loan_payment_generator
TXNL201900000021,ACC0000410,IND19006375,LN2019010000101,LDO20190000006,11,2019-12-22,03:40:02,907.14,Debit,Completed,,Loan Payment - LN2019010000101,False,,1.62,,Automated,Home Loan,standard_payment,False,loan_payment_generator
TXNL201900000022,ACC0000187,IND19005404,LN2019010000103,LDO20190000003,11,2019-12-29,03:05:17,1397.88,Debit,Completed,,Loan Payment - LN2019010000103,False,,1.25,,Automated,Home Loan,standard_payment,False,loan_payment_generator
TXNL201900000023,ACC0000901,IND19009242,LN2019010000104,LDO20190000004,11,2019-12-28,03:14:21,2070.51,Debit,Completed,,Loan Payment - LN2019010000104,False,,1.76,,Automated,Personal Loan,standard_payment,False,loan_payment_generator
TXNL201900000024,ACC0000365,IND19005374,LN2019010000112,LDO20190000001,11,2019-12-20,03:55:05,9497.71,Debit,Completed,,Loan Payment - LN2019010000112,False,,1.41,,Automated,Home Loan,standard_payment,False,loan_payment_generator
TXNL201900000025,ACC0000066,IND19000708,LN2019010000114,LDO20190000007,11,2019-12-24,02:07:38,3062.01,Debit,Completed,,Loan Payment - LN2019010000114,False,,0.03,,Automated,Vehicle Loan,standard_payment,False,loan_payment_generator
TXNL201900000026,ACC0000041,IND19003405,LN2019010000118,LDO20190000008,11,2019-12-11,02:05:52,1317.23,Debit,Completed,,Loan Payment - LN2019010000118,False,,1.96,,Automated,Vehicle Loan,standard_payment,False,loan_payment_generator
TXNL201900000027,ACC0000146,IND19003418,LN2019010000122,LDO20190000009,10,2019-12-04,02:54:35,1173.8,Debit,Completed,,Loan Payment - LN2019010000122,False,,1.74,,Automated,Personal Loan,standard_payment,False,loan_payment_generator
TXNL201900000028,ACC0000812,IND19000596,LN2019010000123,LDO20190000010,10,2019-12-08,02:38:16,3065.36,Debit,Completed,,Loan Payment - LN2019010000123,False,,0.46,,Automated,Home Loan,standard_payment,False,loan_payment_generator
TXNL201900000029,ACC0000726,IND19012497,LN2019010000124,LDO20190000011,11,2019-12-13,03:40:35,371.99,Debit,Completed,,Loan Payment - LN2019010000124,False,,1.08,,Automated,Home Loan,standard_payment,False,loan_payment_generator
TXNL201900000030,ACC0000959,IND19007081,LN2019010000129,LDO20190000012,11,2019-12-14,04:51:52,1082.28,Debit,Completed,,Loan Payment - LN2019010000129,False,,0.02,,Automated,Vehicle Loan,standard_payment,False,loan_payment_generator
TXNL201900000031,ACC0000635,IND19017267,LN2019010000138,LDO20190000002,10,2019-12-03,03:48:06,5989.53,Debit,Completed,,Loan Payment - LN2019010000138,False,,1.81,,Automated,Vehicle Loan,standard_payment,False,loan_payment_generator
TXNL201900000032,ACC0000642,IND19009914,LN2019010000142,LDO20190000013,11,2019-12-24,02:38:47,740.28,Debit,Completed,,Loan Payment - LN2019010000142,False,,1.83,,Automated,Vehicle Loan,standard_payment,False,loan_payment_generator
TXNL201900000033,ACC0001601,IND19014936,LN2019010000149,LDO20190000005,11,2019-12-13,02:01:18,1342.76,Debit,Completed,,Loan Payment - LN2019010000149,False,,0.24,,Automated,Vehicle Loan,standard_payment,False,loan_payment_generator
TXNL201900000034,ACC0000615,IND19010153,LN2019010000152,LDO20190000014,11,2019-12-20,04:43:48,3016.9,Debit,Completed,,Loan Payment - LN2019010000152,False,,0.27,,Automated,Home Loan,standard_payment,False,loan_payment_generator
TXNL201900000035,ACC0001661,COM19000313,LN2019010000156,LDO20190000006,11,2019-12-14,04:30:55,4855.01,Debit,Completed,,Loan Payment - LN2019010000156,False,,1.82,,Automated,Business Loan,standard_payment,False,loan_payment_generator
TXNL201900000036,ACC0000626,IND19000516,LN2019010000160,LDO20190000003,11,2019-12-27,03:34:02,2189.1,Debit,Completed,,Loan Payment - LN2019010000160,False,,1.06,,Automated,Home Loan,standard_payment,False,loan_payment_generator
TXNL201900000037,ACC0001092,IND19002621,LN2019010000162,LDO20190000015,11,2019-12-27,03:37:23,2109.85,Debit,Completed,,Loan Payment - LN2019010000162 - Extra Principal,False,,1.1,,Automated,Vehicle Loan,extra_payment,False,loan_payment_generator
TXNL201900000038,ACC0001482,IND19001446,LN2019010000169,LDO20190000016,11,2019-12-26,03:23:52,1384.01,Debit,Completed,,Loan Payment - LN2019010000169,False,,1.27,,Automated,Vehicle Loan,standard_payment,False,loan_payment_generator
TXNL201900000039,ACC0000544,IND19004718,LN2019010000182,LDO20190000004,11,2019-12-22,04:29:38,3538.33,Debit,Completed,,Loan Payment - LN2019010000182,False,,0.42,,Automated,Vehicle Loan,standard_payment,False,loan_payment_generator
TXNL201900000040,ACC0001221,IND19011832,LN2019010000190,LDO20190000017,11,2019-12-15,04:58:18,5061.94,Debit,Completed,,Loan Payment - LN2019010000190,False,,0.36,,Automated,Home Loan,standard_payment,False,loan_payment_generator
TXNL201900000041,ACC0000233,IND19001157,LN2019010000192,,11,2019-12-16,04:46:27,3022.14,Debit,Completed,,Loan Payment - LN2019010000192,False,,2.5,,Automated,Vehicle Loan,standard_payment,False,loan_payment_generator
TXNL201900000042,ACC0000224,IND19008065,LN2019010000206,LDO20190000007,11,2019-12-14,03:00:10,1575.25,Debit,Completed,,Loan Payment - LN2019010000206,False,,0.21,,Automated,Vehicle Loan,standard_payment,False,loan_payment_generator
TXNL201900000043,ACC0001568,IND19016231,LN2019010000212,LDO20190000008,11,2019-12-30,02:18:25,2892.9,Debit,Completed,,Loan Payment - LN2019010000212,False,,0.58,,Automated,Personal Loan,standard_payment,False,loan_payment_generator
TXNL201900000044,ACC0000708,IND19015529,LN2019010000217,LDO20190000018,11,2019-12-27,02:04:34,1520.07,Debit,Completed,,Loan Payment - LN2019010000217,False,,0.62,,Automated,Home Loan,standard_payment,False,loan_payment_generator
TXNL201900000045,ACC0000091,IND19012355,LN2019010000228,LDO20190000020,11,2019-12-18,03:25:49,2454.25,Debit,Completed,,Loan Payment - LN2019010000228,False,,1.31,,Automated,Vehicle Loan,standard_payment,False,loan_payment_generator
TXNL201900000046,ACC0001340,IND19008807,LN2019010000234,LDO20190000021,11,2019-12-31,04:12:37,1707.41,Debit,Completed,,Loan Payment - LN2019010000234,False,,1.02,,Automated,Vehicle Loan,standard_payment,False,loan_payment_generator
TXNL201900000047,ACC0001373,IND19006253,LN2019010000235,LDO20190000022,11,2019-12-26,02:24:32,4531.03,Debit,Completed,,Loan Payment - LN2019010000235,False,,1.89,,Automated,Vehicle Loan,standard_payment,False,loan_payment_generator
TXNL201900000048,ACC0001291,IND19005742,LN2019010000238,LDO20190000009,11,2019-12-17,04:43:44,1155.73,Debit,Completed,,Loan Payment - LN2019010000238,False,,0.42,,Automated,Home Loan,standard_payment,False,loan_payment_generator
TXNL201900000049,ACC0000295,IND19012061,LN2019010000258,LDO20190000010,11,2019-12-17,02:37:35,1803.51,Debit,Completed,,Loan Payment - LN2019010000258,False,,0.88,,Automated,Home Loan,standard_payment,False,loan_payment_generator
TXNL201900000050,ACC0000166,IND19004971,LN2019010000260,LDO20190000023,11,2019-12-30,04:09:05,1481.13,Debit,Completed,,Loan Payment - LN2019010000260,False,,0.94,,Automated,Personal Loan,standard_payment,False,loan_payment_generator
TXNL201900000051,ACC0000030,IND19010515,LN2019010000266,LDO20190000011,11,2019-12-25,03:41:50,1516.71,Debit,Completed,,Loan Payment - LN2019010000266,False,,0.52,,Automated,Home Loan,standard_payment,False,loan_payment_generator
TXNL201900000052,ACC0000717,IND19015259,LN2019010000274,LDO20190000024,10,2019-12-10,02:34:33,581.3,Debit,Failed,insufficient_funds,Loan Payment - LN2019010000274 - Recovery,False,,0.06,,Automated,Home Loan,recovery_payment,True,loan_payment_generator
TXNL201900000053,ACC0001416,IND19002948,LN2019010000279,LDO20190000012,11,2019-12-10,04:44:25,4691.89,Debit,Completed,,Loan Payment - LN2019010000279,False,,0.67,,Automated,Personal Loan,standard_payment,False,loan_payment_generator
TXNL201900000054,ACC0000115,IND19013155,LN2019010000284,LDO20190000025,11,2019-12-27,04:42:41,1427.41,Debit,Completed,,Loan Payment - LN2019010000284,False,,1.3,,Automated,Home Loan,standard_payment,False,loan_payment_generator
TXNL201900000055,ACC0001436,IND19002442,LN2019010000293,LDO20190000013,11,2019-12-27,04:19:37,8732.5,Debit,Completed,,Loan Payment - LN2019010000293 - Partial,False,,1.52,,Automated,Personal Loan,partial_payment,False,loan_payment_generator
TXNL201900000056,ACC0000701,IND19016305,LN2019010000299,LDO20190000026,11,2019-12-14,03:04:35,2803.82,Debit,Completed,,Loan Payment - LN2019010000299,False,,0.57,,Automated,Personal Loan,standard_payment,False,loan_payment_generator
TXNL201900000057,ACC0001255,IND19002467,LN2019010000300,LDO20190000005,11,2019-12-18,02:49:39,2816.5,Debit,Completed,,Loan Payment - LN2019010000300,False,,0.77,,Automated,Personal Loan,standard_payment,False,loan_payment_generator
TXNL201900000058,ACC0000938,IND19013886,LN2019010000306,LDO20190000014,11,2019-12-27,02:03:15,2472.35,Debit,Completed,,Loan Payment - LN2019010000306,False,,0.9,,Automated,Personal Loan,standard_payment,False,loan_payment_generator
TXNL201900000059,ACC0000656,IND19013092,LN2019010000312,LDO20190000006,11,2019-12-11,02:27:04,2556.29,Debit,Completed,,Loan Payment - LN2019010000312,False,,1.14,,Automated,Home Loan,standard_payment,False,loan_payment_generator
TXNL201900000060,ACC0000695,IND19002767,LN2019010000321,LDO20190000027,10,2019-12-02,03:43:20,2580.81,Debit,Completed,,Loan Payment - LN2019010000321,False,,1.44,,Automated,Personal Loan,standard_payment,False,loan_payment_generator
TXNL201900000061,ACC0000456,IND19006712,LN2019010000324,LDO20190000003,11,2019-12-28,02:41:19,577.1,Debit,Completed,,Loan Payment - LN2019010000324,False,,0.09,,Automated,Home Loan,standard_payment,False,loan_payment_generator
TXNL201900000062,ACC0001167,IND19004585,LN2019010000343,LDO20190000028,11,2019-12-29,03:16:55,2426.09,Debit,Completed,,Loan Payment - LN2019010000343,False,,0.6,,Automated,Home Loan,standard_payment,False,loan_payment_generator
TXNL201900000063,ACC0000213,IND19003541,LN2019010000347,LDO20190000015,11,2019-12-11,03:08:57,1164.39,Debit,Completed,,Loan Payment - LN2019010000347,False,,1.98,,Automated,Vehicle Loan,standard_payment,False,loan_payment_generator
TXNL201900000064,ACC0000060,IND19004334,LN2019010000350,LDO20190000029,11,2019-12-14,03:03:20,1643.06,Debit,Completed,,Loan Payment - LN2019010000350,False,,0.32,,Automated,Home Loan,standard_payment,False,loan_payment_generator
TXNL201900000065,ACC0000646,IND19017126,LN2019010000351,LDO20190000030,10,2019-12-07,02:31:50,2527.92,Debit,Completed,,Loan Payment - LN2019010000351 - Recovery,False,,1.58,,Automated,Personal Loan,recovery_payment,True,loan_payment_generator
TXNL201900000066,ACC0000457,IND19014286,LN2019010000356,LDO20190000031,10,2019-12-04,02:16:25,1307.42,Debit,Completed,,Loan Payment - LN2019010000356 - Partial,False,,0.33,,Automated,Home Loan,partial_payment,False,loan_payment_generator
TXNL201900000067,ACC0001358,IND19015137,LN2019010000368,LDO20190000032,11,2019-12-17,04:24:49,906.4,Debit,Completed,,Loan Payment - LN2019010000368,False,,0.7,,Automated,Home Loan,standard_payment,False,loan_payment_generator
TXNL201900000068,ACC0000551,IND19010018,LN2019010000378,LDO20190000033,10,2019-12-04,03:58:02,4462.51,Debit,Completed,,Loan Payment - LN2019010000378,False,,0.59,,Automated,Home Loan,standard_payment,False,loan_payment_generator
TXNL201900000069,ACC0000417,IND19009850,LN2019010000380,LDO20190000034,10,2019-12-04,04:52:03,6671.0,Debit,Completed,,Loan Payment - LN2019010000380,False,,1.37,,Automated,Vehicle Loan,standard_payment,False,loan_payment_generator
TXNL201900000070,ACC0000732,IND19013668,LN2019010000386,LDO20190000035,11,2019-12-16,02:37:38,5822.18,Debit,Completed,,Loan Payment - LN2019010000386,False,,0.51,,Automated,Home Loan,standard_payment,False,loan_payment_generator
TXNL201900000071,ACC0000333,IND19016196,LN2019010000387,LDO20190000036,10,2019-12-04,04:27:34,4417.62,Debit,Completed,,Loan Payment - LN2019010000387,False,,1.0,,Automated,Vehicle Loan,standard_payment,False,loan_payment_generator
TXNL201900000072,ACC0001449,IND19011707,LN2019010000388,LDO20190000037,11,2019-12-15,04:59:09,3506.91,Debit,Completed,,Loan Payment - LN2019010000388,False,,1.42,,Automated,Home Loan,standard_payment,False,loan_payment_generator
TXNL201900000073,ACC0001041,IND19014771,LN2019010000390,LDO20190000038,10,2019-12-09,02:11:13,2202.53,Debit,Completed,,Loan Payment - LN2019010000390,False,,1.42,,Automated,Home Loan,standard_payment,False,loan_payment_generator
TXNL201900000074,ACC0001571,IND19015093,LN2019010000404,LDO20190000039,11,2019-12-20,03:36:13,3640.07,Debit,Completed,,Loan Payment - LN2019010000404,False,,1.21,,Automated,Vehicle Loan,standard_payment,False,loan_payment_generator
TXNL201900000075,ACC0000724,IND19005518,LN2019010000406,LDO20190000040,11,2019-12-30,02:06:24,2165.86,Debit,Completed,,Loan Payment - LN2019010000406 - Late Fee,False,,1.53,,Automated,Home Loan,late_payment,False,loan_payment_generator
TXNL201900000076,ACC0000669,IND19015013,LN2019010000408,LDO20190000041,11,2019-12-21,02:18:37,4733.93,Debit,Completed,,Loan Payment - LN2019010000408 - Extra Principal,False,,0.27,,Automated,Personal Loan,extra_payment,False,loan_payment_generator
TXNL201900000077,ACC0000392,IND19006420,LN2019010000422,LDO20190000016,11,2019-12-14,04:55:46,3242.75,Debit,Completed,,Loan Payment - LN2019010000422,False,,0.28,,Automated,Personal Loan,standard_payment,False,loan_payment_generator
TXNL201900000078,ACC0001215,IND19009203,LN2019010000449,LDO20190000004,10,2019-12-03,02:58:01,245.6,Debit,Completed,,Loan Payment - LN2019010000449,False,,1.37,,Automated,Home Loan,standard_payment,False,loan_payment_generator
TXNL201900000079,ACC0000677,IND19014762,LN2019010000450,LDO20190000042,11,2019-12-23,03:26:34,2083.6,Debit,Completed,,Loan Payment - LN2019010000450,False,,0.2,,Automated,Home Loan,standard_payment,False,loan_payment_generator
TXNL201900000080,ACC0001668,COM19000073,LN2019010000455,LDO20190000017,11,2019-12-27,03:27:40,14981.17,Debit,Completed,,Loan Payment - LN2019010000455,False,,1.84,,Automated,Business Loan,standard_payment,False,loan_payment_generator
TXNL201900000081,ACC0000769,IND19003379,LN2019010000462,,11,2019-12-19,04:46:25,1029.76,Debit,Completed,,Loan Payment - LN2019010000462,False,,2.5,,Automated,Home Loan,standard_payment,False,loan_payment_generator
TXNL201900000082,ACC0000639,IND19007802,LN2019010000464,LDO20190000043,11,2019-12-26,03:08:15,2125.65,Debit,Completed,,Loan Payment - LN2019010000464 - Recovery,False,,1.34,,Automated,Home Loan,recovery_payment,True,loan_payment_generator
TXNL201900000083,ACC0000029,IND19014833,LN2019010000478,LDO20190000044,11,2019-12-28,02:38:52,1635.7,Debit,Completed,,Loan Payment - LN2019010000478,False,,0.79,,Automated,Home Loan,standard_payment,False,loan_payment_generator
TXNL201900000084,ACC0001111,IND19004921,LN2019010000485,LDO20190000007,10,2019-12-04,02:07:45,6532.35,Debit,Completed,,Loan Payment - LN2019010000485,False,,0.42,,Automated,Personal Loan,standard_payment,False,loan_payment_generator
TXNL201900000085,ACC0000311,IND19003026,LN2019010000487,LDO20190000008,10,2019-12-09,02:08:27,450.66,Debit,Completed,,Loan Payment - LN2019010000487,False,,0.47,,Automated,Home Loan,standard_payment,False,loan_payment_generator
TXNL201900000086,ACC0000416,IND19005427,LN2019010000496,LDO20190000018,10,2019-12-02,04:38:59,297.43,Debit,Completed,,Loan Payment - LN2019010000496,False,,0.79,,Automated,Home Loan,standard_payment,False,loan_payment_generator
TXNL201900000087,ACC0001365,IND19015299,LN2019010000510,LDO20190000045,11,2019-12-18,03:22:07,305.32,Debit,Completed,,Loan Payment - LN2019010000510,False,,0.83,,Automated,Home Loan,standard_payment,False,loan_payment_generator
TXNL201900000088,ACC0001281,IND19007129,LN2019010000517,LDO20190000046,10,2019-12-02,04:44:06,1723.73,Debit,Completed,,Loan Payment - LN2019010000517,False,,0.47,,Automated,Personal Loan,standard_payment,False,loan_payment_generator
TXNL201900000089,ACC0001214,IND19003792,LN2019010000525,LDO20190000047,10,2019-12-03,04:36:16,788.26,Debit,Completed,,Loan Payment - LN2019010000525,False,,1.28,,Automated,Personal Loan,standard_payment,False,loan_payment_generator
TXNL201900000090,ACC0000964,IND19014388,LN2019010000542,LDO20190000048,11,2019-12-10,03:40:00,2668.1,Debit,Completed,,Loan Payment - LN2019010000542,False,,1.29,,Automated,Home Loan,standard_payment,False,loan_payment_generator
TXNL201900000091,ACC0000932,IND19008584,LN2019010000557,LDO20190000049,11,2019-12-29,03:10:09,3493.79,Debit,Completed,,Loan Payment - LN2019010000557,False,,1.9,,Automated,Home Loan,standard_payment,False,loan_payment_generator
TXNL201900000092,ACC0001001,IND19005012,LN2019010000562,LDO20190000050,11,2019-12-21,04:50:27,1563.13,Debit,Completed,,Loan Payment - LN2019010000562,False,,1.02,,Automated,Home Loan,standard_payment,False,loan_payment_generator
TXNL201900000093,ACC0001173,IND19009154,LN2019010000564,LDO20190000051,11,2019-12-20,03:09:38,1118.46,Debit,Completed,,Loan Payment - LN2019010000564,False,,1.98,,Automated,Personal Loan,standard_payment,False,loan_payment_generator
TXNL201900000094,ACC0001267,IND19012469,LN2019010000566,LDO20190000052,11,2019-12-23,03:30:30,1437.67,Debit,Completed,,Loan Payment - LN2019010000566,False,,1.21,,Automated,Home Loan,standard_payment,False,loan_payment_generator
TXNL201900000095,ACC0001556,IND19015946,LN2019010000568,LDO20190000053,11,2019-12-17,02:23:24,4858.36,Debit,Completed,,Loan Payment - LN2019010000568,False,,0.33,,Automated,Personal Loan,standard_payment,False,loan_payment_generator
TXNL201900000096,ACC0000607,IND19001644,LN2019010000574,LDO20190000054,11,2019-12-10,02:52:29,1656.14,Debit,Completed,,Loan Payment - LN2019010000574,False,,1.16,,Automated,Home Loan,standard_payment,False,loan_payment_generator
TXNL201900000097,ACC0000922,IND19002862,LN2019010000575,LDO20190000055,10,2019-12-02,02:58:34,1134.12,Debit,Completed,,Loan Payment - LN2019010000575,False,,1.11,,Automated,Home Loan,standard_payment,False,loan_payment_generator
TXNL201900000098,ACC0000229,IND19003127,LN2019010000592,LDO20190000020,11,2019-12-23,02:29:02,2575.59,Debit,Completed,,Loan Payment - LN2019010000592 - Partial,False,,0.32,,Automated,Home Loan,partial_payment,False,loan_payment_generator
TXNL201900000099,ACC0000184,IND19000180,LN2019010000593,LDO20190000021,10,2019-12-06,02:06:48,471.84,Debit,Completed,,Loan Payment - LN2019010000593,False,,1.85,,Automated,Home Loan,standard_payment,False,loan_payment_generator
TXNL201900000100,ACC0001644,COM19000369,LN2019010000594,LDO20190000056,11,2019-12-14,02:28:15,2023.43,Debit,Completed,,Loan Payment - LN2019010000594,False,,1.82,,Automated,Business Loan,standard_payment,False,loan_payment_generator
TXNL201900000101,ACC0000975,IND19015550,LN2019010000601,LDO20190000057,11,2019-12-11,03:15:59,1295.89,Debit,Completed,,Loan Payment - LN2019010000601,False,,1.93,,Automated,Vehicle Loan,standard_payment,False,loan_payment_generator
TXNL201900000102,ACC0000593,IND19002980,LN2019010000612,LDO20190000022,11,2019-12-13,03:25:28,1141.67,Debit,Failed,bank_timeout,Loan Payment - LN2019010000612,False,,0.15,,Automated,Vehicle Loan,standard_payment,False,loan_payment_generator
TXNL201900000103,ACC0000428,IND19005094,LN2019010000618,LDO20190000009,10,2019-12-03,04:50:33,1891.89,Debit,Completed,,Loan Payment - LN2019010000618,False,,0.76,,Automated,Home Loan,standard_payment,False,loan_payment_generator
TXNL201900000104,ACC0000793,IND19015483,LN2019010000623,LDO20190000058,10,2019-12-01,02:56:50,1424.0,Debit,Completed,,Loan Payment - LN2019010000623,False,,1.9,,Automated,Home Loan,standard_payment,False,loan_payment_generator
TXNL201900000105,ACC0000500,IND19005407,LN2019010000624,LDO20190000010,10,2019-12-08,03:13:09,634.52,Debit,Completed,,Loan Payment - LN2019010000624,False,,1.4,,Automated,Home Loan,standard_payment,False,loan_payment_generator
TXNL201900000106,ACC0001412,IND19009021,LN2019010000641,LDO20190000059,10,2019-12-03,02:54:53,1955.34,Debit,Completed,,Loan Payment - LN2019010000641,False,,0.38,,Automated,Vehicle Loan,standard_payment,False,loan_payment_generator
TXNL201900000107,ACC0001163,IND19009831,LN2019010000642,LDO20190000060,11,2019-12-19,03:05:16,3065.78,Debit,Completed,,Loan Payment - LN2019010000642,False,,1.94,,Automated,Vehicle Loan,standard_payment,False,loan_payment_generator
TXNL201900000108,ACC0000116,IND19013155,LN2019010000644,LDO20190000061,11,2019-12-17,04:56:35,449.28,Debit,Completed,,Loan Payment - LN2019010000644,False,,1.67,,Automated,Home Loan,standard_payment,False,loan_payment_generator
TXNL201900000109,ACC0001128,IND19005846,LN2019010000646,LDO20190000062,11,2019-12-13,03:37:38,641.97,Debit,Completed,,Loan Payment - LN2019010000646,False,,0.9,,Automated,Home Loan,standard_payment,False,loan_payment_generator
TXNL201900000110,ACC0000739,IND19008202,LN2019010000648,LDO20190000011,11,2019-12-23,02:45:32,2393.26,Debit,Completed,,Loan Payment - LN2019010000648,False,,1.17,,Automated,Vehicle Loan,standard_payment,False,loan_payment_generator
TXNL201900000111,ACC0000774,IND19000369,LN2019010000659,LDO20190000063,11,2019-12-10,03:44:13,2156.62,Debit,Cancelled,customer_stop_instruction,Loan Payment - LN2019010000659,False,,1.92,,Automated,Home Loan,standard_payment,False,loan_payment_generator
TXNL201900000112,ACC0000118,IND19007840,LN2019010000664,LDO20190000024,11,2019-12-19,04:28:08,513.14,Debit,Completed,,Loan Payment - LN2019010000664,False,,1.79,,Automated,Home Loan,standard_payment,False,loan_payment_generator
TXNL201900000113,ACC0000105,IND19015632,LN2019010000674,LDO20190000064,11,2019-12-12,02:44:23,2532.33,Debit,Completed,,Loan Payment - LN2019010000674,False,,0.56,,Automated,Home Loan,standard_payment,False,loan_payment_generator
TXNL201900000114,ACC0000904,IND19010238,LN2019010000678,LDO20190000012,11,2019-12-27,03:03:34,1031.73,Debit,Completed,,Loan Payment - LN2019010000678,False,,0.8,,Automated,Home Loan,standard_payment,False,loan_payment_generator
TXNL201900000115,ACC0000076,IND19009052,LN2019010000679,LDO20190000065,11,2019-12-29,02:52:24,538.09,Debit,Completed,,Loan Payment - LN2019010000679,False,,0.61,,Automated,Home Loan,standard_payment,False,loan_payment_generator
TXNL201900000116,ACC0001613,IND19012778,LN2019010000682,LDO20190000066,11,2019-12-19,02:15:02,8350.74,Debit,Completed,,Loan Payment - LN2019010000682,False,,0.0,,Automated,Personal Loan,standard_payment,False,loan_payment_generator
TXNL201900000117,ACC0001369,IND19008338,LN2019010000686,LDO20190000025,11,2019-12-16,03:57:47,1849.77,Debit,Failed,account_blocked,Loan Payment - LN2019010000686,False,,0.85,,Automated,Vehicle Loan,standard_payment,False,loan_payment_generator
TXNL201900000118,ACC0000268,IND19014141,LN2019010000690,LDO20190000067,11,2019-12-13,04:04:15,1983.74,Debit,Completed,,Loan Payment - LN2019010000690,False,,1.04,,Automated,Vehicle Loan,standard_payment,False,loan_payment_generator
TXNL201900000119,ACC0001013,IND19008033,LN2019010000693,LDO20190000068,11,2019-12-30,04:37:36,1777.39,Debit,Completed,,Loan Payment - LN2019010000693,False,,1.67,,Automated,Vehicle Loan,standard_payment,False,loan_payment_generator
TXNL201900000120,ACC0001012,IND19008033,LN2019010000707,LDO20190000069,11,2019-12-21,03:05:20,4840.02,Debit,Completed,,Loan Payment - LN2019010000707,False,,1.88,,Automated,Home Loan,standard_payment,False,loan_payment_generator
TXNL201900000121,ACC0000813,IND19000596,LN2019010000711,LDO20190000070,10,2019-12-01,04:17:43,1725.59,Debit,Completed,,Loan Payment - LN2019010000711,False,,1.85,,Automated,Home Loan,standard_payment,False,loan_payment_generator
TXNL201900000122,ACC0001516,IND19008680,LN2019010000721,LDO20190000071,11,2019-12-20,04:18:51,2507.04,Debit,Failed,mandate_limit,Loan Payment - LN2019010000721 - Late Fee,False,,0.6,,Automated,Home Loan,late_payment,False,loan_payment_generator
TXNL201900000123,ACC0000821,IND19014965,LN2019010000724,LDO20190000002,11,2019-12-15,04:58:24,1392.1,Debit,Completed,,Loan Payment - LN2019010000724,False,,0.99,,Automated,Vehicle Loan,standard_payment,False,loan_payment_generator
TXNL201900000124,ACC0000588,IND19011813,LN2019010000727,LDO20190000072,11,2019-12-30,03:33:02,1158.89,Debit,Completed,,Loan Payment - LN2019010000727,False,,0.22,,Automated,Home Loan,standard_payment,False,loan_payment_generator
TXNL201900000125,ACC0000766,IND19001627,LN2019010000750,LDO20190000013,11,2019-12-17,04:31:21,5575.99,Debit,Completed,,Loan Payment - LN2019010000750,False,,0.96,,Automated,Home Loan,standard_payment,False,loan_payment_generator
TXNL201900000126,ACC0000757,IND19010588,LN2019010000753,LDO20190000073,10,2019-12-06,02:09:08,684.93,Debit,Completed,,Loan Payment - LN2019010000753,False,,0.59,,Automated,Personal Loan,standard_payment,False,loan_payment_generator
TXNL201900000127,ACC0001371,IND19016093,LN2019010000763,LDO20190000074,11,2019-12-27,02:32:12,4374.62,Debit,Completed,,Loan Payment - LN2019010000763 - Late Fee,False,,1.89,,Automated,Home Loan,late_payment,False,loan_payment_generator
TXNL201900000128,ACC0001554,IND19011219,LN2019010000771,LDO20190000075,10,2019-12-04,04:20:13,3607.53,Debit,Completed,,Loan Payment - LN2019010000771,False,,0.06,,Automated,Vehicle Loan,standard_payment,False,loan_payment_generator
TXNL201900000129,ACC0000608,IND19000251,LN2019010000776,LDO20190000026,11,2019-12-31,03:58:44,534.72,Debit,Completed,,Loan Payment - LN2019010000776,False,,1.94,,Automated,Vehicle Loan,standard_payment,False,loan_payment_generator
TXNL201900000130,ACC0000969,IND19014108,LN2019010000780,LDO20190000005,11,2019-12-30,03:43:58,3896.87,Debit,Completed,,Loan Payment - LN2019010000780,False,,0.5,,Automated,Home Loan,standard_payment,False,loan_payment_generator
TXNL201900000131,ACC0001628,IND19009273,LN2019010000783,LDO20190000076,11,2019-12-26,02:09:22,1559.06,Debit,Completed,,Loan Payment - LN2019010000783,False,,1.63,,Automated,Vehicle Loan,standard_payment,False,loan_payment_generator
TXNL201900000132,ACC0000128,IND19004900,LN2019010000785,LDO20190000077,10,2019-12-01,02:39:26,1346.37,Debit,Completed,,Loan Payment - LN2019010000785,False,,0.54,,Automated,Personal Loan,standard_payment,False,loan_payment_generator
TXNL201900000133,ACC0000393,IND19006420,LN2019010000790,LDO20190000078,10,2019-12-01,04:33:07,1020.55,Debit,Completed,,Loan Payment - LN2019010000790,False,,1.49,,Automated,Home Loan,standard_payment,False,loan_payment_generator
TXNL201900000134,ACC0000160,IND19007622,LN2019010000799,LDO20190000014,10,2019-12-03,02:32:39,3219.2,Debit,Completed,,Loan Payment - LN2019010000799,False,,1.29,,Automated,Personal Loan,standard_payment,False,loan_payment_generator
TXNL201900000135,ACC0001479,IND19015112,LN2019010000807,LDO20190000006,11,2019-12-31,02:49:44,1896.09,Debit,Completed,,Loan Payment - LN2019010000807,False,,1.96,,Automated,Personal Loan,standard_payment,False,loan_payment_generator
TXNL201900000136,ACC0001468,IND19010490,LN2019010000824,LDO20190000079,11,2019-12-15,02:27:28,3560.48,Debit,Completed,,Loan Payment - LN2019010000824,False,,0.88,,Automated,Vehicle Loan,standard_payment,False,loan_payment_generator
TXNL201900000137,ACC0000845,IND19009812,LN2019010000828,LDO20190000080,11,2019-12-21,04:36:29,1634.97,Debit,Completed,,Loan Payment - LN2019010000828 - Late Fee,False,,1.46,,Automated,Home Loan,late_payment,False,loan_payment_generator
TXNL201900000138,ACC0000163,IND19007764,LN2019010000838,LDO20190000027,11,2019-12-23,02:51:17,1379.8,Debit,Completed,,Loan Payment - LN2019010000838,False,,1.22,,Automated,Home Loan,standard_payment,False,loan_payment_generator
TXNL201900000139,ACC0001296,IND19006088,LN2019010000841,LDO20190000003,11,2019-12-22,02:07:24,13864.74,Debit,Completed,,Loan Payment - LN2019010000841,False,,0.48,,Automated,Personal Loan,standard_payment,False,loan_payment_generator
TXNL201900000140,ACC0000145,IND19010296,LN2019010000842,LDO20190000081,11,2019-12-28,02:36:13,1729.34,Debit,Completed,,Loan Payment - LN2019010000842,False,,0.7,,Automated,Personal Loan,standard_payment,False,loan_payment_generator
TXNL201900000141,ACC0001378,IND19007735,LN2019010000853,LDO20190000082,10,2019-12-02,03:39:31,2129.96,Debit,Completed,,Loan Payment - LN2019010000853,False,,0.65,,Automated,Vehicle Loan,standard_payment,False,loan_payment_generator
TXNL201900000142,ACC0001489,IND19006045,LN2019010000856,LDO20190000083,11,2019-12-18,02:46:22,1325.85,Debit,Completed,,Loan Payment - LN2019010000856,False,,0.21,,Automated,Vehicle Loan,standard_payment,False,loan_payment_generator
TXNL201900000143,ACC0000122,IND19013761,LN2019010000859,LDO20190000028,10,2019-12-02,02:02:29,1017.84,Debit,Completed,,Loan Payment - LN2019010000859,False,,1.89,,Automated,Home Loan,standard_payment,False,loan_payment_generator
TXNL201900000144,ACC0001437,IND19003474,LN2019010000866,LDO20190000015,11,2019-12-15,04:48:05,2718.8,Debit,Completed,,Loan Payment - LN2019010000866,False,,0.14,,Automated,Personal Loan,standard_payment,False,loan_payment_generator
TXNL201900000145,ACC0000982,IND19010294,LN2019010000869,LDO20190000029,11,2019-12-22,03:21:05,5173.16,Debit,Completed,,Loan Payment - LN2019010000869,False,,0.08,,Automated,Personal Loan,standard_payment,False,loan_payment_generator
TXNL201900000146,ACC0000520,IND19009308,LN2019010000873,LDO20190000030,11,2019-12-22,03:42:03,1240.5,Debit,Completed,,Loan Payment - LN2019010000873,False,,1.15,,Automated,Home Loan,standard_payment,False,loan_payment_generator
TXNL201900000147,ACC0000711,IND19003817,LN2019010000888,LDO20190000084,11,2019-12-12,04:35:02,356.97,Debit,Completed,,Loan Payment - LN2019010000888,False,,1.26,,Automated,Home Loan,standard_payment,False,loan_payment_generator
TXNL201900000148,ACC0000996,IND19014347,LN2019010000890,LDO20190000031,11,2019-12-30,04:55:08,8593.66,Debit,Completed,,Loan Payment - LN2019010000890,False,,1.5,,Automated,Personal Loan,standard_payment,False,loan_payment_generator
TXNL201900000149,ACC0000386,IND19013498,LN2019010000897,LDO20190000085,11,2019-12-22,04:11:25,4403.12,Debit,Completed,,Loan Payment - LN2019010000897,False,,1.11,,Automated,Home Loan,standard_payment,False,loan_payment_generator
TXNL201900000150,ACC0001660,COM19000038,LN2019010000898,LDO20190000086,11,2019-12-31,02:26:44,5119.57,Debit,Completed,,Loan Payment - LN2019010000898,False,,1.6,,Automated,Business Loan,standard_payment,False,loan_payment_generator
TXNL201900000151,ACC0000600,IND19006065,LN2019010000911,LDO20190000032,11,2019-12-29,03:48:23,1019.47,Debit,Completed,,Loan Payment - LN2019010000911,False,,1.82,,Automated,Vehicle Loan,standard_payment,False,loan_payment_generator
TXNL201900000152,ACC0000220,IND19000552,LN2019010000916,LDO20190000087,11,2019-12-28,02:33:56,1940.6,Debit,Completed,,Loan Payment - LN2019010000916,False,,0.54,,Automated,Vehicle Loan,standard_payment,False,loan_payment_generator
TXNL201900000153,ACC0000330,IND19007194,LN2019010000917,LDO20190000033,11,2019-12-18,04:22:56,606.42,Debit,Failed,account_blocked,Loan Payment - LN2019010000917,False,,1.07,,Automated,Home Loan,standard_payment,False,loan_payment_generator
TXNL201900000154,ACC0000763,IND19016056,LN2019010000919,LDO20190000088,11,2019-12-25,02:12:36,3480.27,Debit,Completed,,Loan Payment - LN2019010000919,False,,0.38,,Automated,Vehicle Loan,standard_payment,False,loan_payment_generator
TXNL201900000155,ACC0000289,IND19016939,LN2019010000932,LDO20190000089,11,2019-12-31,02:57:52,3188.59,Debit,Completed,,Loan Payment - LN2019010000932,False,,0.36,,Automated,Vehicle Loan,standard_payment,False,loan_payment_generator
TXNL201900000156,ACC0001493,IND19010838,LN2019010000934,LDO20190000090,11,2019-12-19,03:31:09,1359.93,Debit,Completed,,Loan Payment - LN2019010000934 - Partial,False,,1.18,,Automated,Home Loan,partial_payment,False,loan_payment_generator
TXNL201900000157,ACC0000391,IND19009645,LN2019010000945,LDO20190000034,11,2019-12-19,02:27:29,3297.79,Debit,Completed,,Loan Payment - LN2019010000945,False,,1.81,,Automated,Personal Loan,standard_payment,False,loan_payment_generator
TXNL201900000158,ACC0000798,IND19013925,LN2019010000952,LDO20190000091,10,2019-12-06,04:57:47,1005.26,Debit,Completed,,Loan Payment - LN2019010000952,False,,0.4,,Automated,Home Loan,standard_payment,False,loan_payment_generator
TXNL201900000159,ACC0000134,IND19012457,LN2019010000957,LDO20190000092,11,2019-12-17,04:16:51,2759.69,Debit,Completed,,Loan Payment - LN2019010000957,False,,0.14,,Automated,Personal Loan,standard_payment,False,loan_payment_generator
TXNL201900000160,ACC0000841,IND19006895,LN2019010000958,LDO20190000093,11,2019-12-10,04:59:43,1128.8,Debit,Completed,,Loan Payment - LN2019010000958,False,,0.01,,Automated,Home Loan,standard_payment,False,loan_payment_generator
TXNL201900000161,ACC0000658,IND19011862,LN2019010000959,LDO20190000094,11,2019-12-29,02:45:39,253.83,Debit,Completed,,Loan Payment - LN2019010000959,False,,1.63,,Automated,Home Loan,standard_payment,False,loan_payment_generator
TXNL201900000162,ACC0000531,IND19010760,LN2019010000970,LDO20190000035,11,2019-12-19,02:43:19,2709.95,Debit,Completed,,Loan Payment - LN2019010000970,False,,1.57,,Automated,Personal Loan,standard_payment,False,loan_payment_generator
TXNL201900000163,ACC0001460,IND19002706,LN2019010000996,LDO20190000036,10,2019-12-06,03:14:53,1220.79,Debit,Completed,,Loan Payment - LN2019010000996,False,,1.62,,Automated,Vehicle Loan,standard_payment,False,loan_payment_generator
TXNL201900000164,ACC0000371,IND19014162,LN2019010001000,LDO20190000037,11,2019-12-09,04:57:21,1534.73,Debit,Completed,,Loan Payment - LN2019010001000,False,,1.03,,Automated,Vehicle Loan,standard_payment,False,loan_payment_generator
TXNL201900000165,ACC0001626,IND19004114,LN2019010001025,LDO20190000038,11,2019-12-19,03:05:03,1604.76,Debit,Completed,,Loan Payment - LN2019010001025,False,,1.87,,Automated,Personal Loan,standard_payment,False,loan_payment_generator
TXNL201900000166,ACC0000879,IND19011453,LN2019010001027,LDO20190000095,10,2019-12-01,02:18:35,2533.38,Debit,Completed,,Loan Payment - LN2019010001027,False,,0.92,,Automated,Home Loan,standard_payment,False,loan_payment_generator
TXNL201900000167,ACC0000973,IND19012041,LN2019010001042,LDO20190000096,11,2019-12-10,03:20:52,2575.46,Debit,Completed,,Loan Payment - LN2019010001042,False,,1.5,,Automated,Home Loan,standard_payment,False,loan_payment_generator
TXNL201900000168,ACC0000684,IND19005459,LN2019010001052,LDO20190000097,11,2019-12-22,03:55:21,1462.52,Debit,Completed,,Loan Payment - LN2019010001052,False,,1.78,,Automated,Personal Loan,standard_payment,False,loan_payment_generator
TXNL201900000169,ACC0000272,IND19000376,LN2019010001058,LDO20190000098,10,2019-12-05,04:01:23,5783.8,Debit,Completed,,Loan Payment - LN2019010001058,False,,1.34,,Automated,Home Loan,standard_payment,False,loan_payment_generator
TXNL201900000170,ACC0000438,IND19012444,LN2019010001066,LDO20190000039,10,2019-12-02,04:35:38,6094.61,Debit,Completed,,Loan Payment - LN2019010001066,False,,0.12,,Automated,Home Loan,standard_payment,False,loan_payment_generator
TXNL201900000171,ACC0000418,IND19014051,LN2019010001070,LDO20190000099,11,2019-12-31,04:26:29,2264.49,Debit,Completed,,Loan Payment - LN2019010001070,False,,0.07,,Automated,Personal Loan,standard_payment,False,loan_payment_generator
TXNL201900000172,ACC0000203,IND19005110,LN2019010001082,LDO20190000100,10,2019-12-02,04:17:56,413.5,Debit,Completed,,Loan Payment - LN2019010001082,False,,1.22,,Automated,Home Loan,standard_payment,False,loan_payment_generator
TXNL201900000173,ACC0001069,IND19001364,LN2019010001084,LDO20190000101,11,2019-12-13,04:21:19,1198.05,Debit,Completed,,Loan Payment - LN2019010001084,False,,1.13,,Automated,Home Loan,standard_payment,False,loan_payment_generator
TXNL201900000174,ACC0001528,IND19005983,LN2019010001092,LDO20190000040,11,2019-12-23,02:03:08,202.89,Debit,Completed,,Loan Payment - LN2019010001092,False,,1.1,,Automated,Home Loan,standard_payment,False,loan_payment_generator
TXNL201900000175,ACC0000637,IND19000666,LN2019010001113,LDO20190000041,11,2019-12-27,02:17:31,1551.58,Debit,Completed,,Loan Payment - LN2019010001113,False,,1.96,,Automated,Home Loan,standard_payment,False,loan_payment_generator
TXNL201900000176,ACC0000542,IND19006210,LN2019010001114,LDO20190000016,11,2019-12-27,02:33:54,3324.12,Debit,Completed,,Loan Payment - LN2019010001114,False,,1.63,,Automated,Vehicle Loan,standard_payment,False,loan_payment_generator
TXNL201900000177,ACC0000072,IND19005479,LN2019010001116,LDO20190000004,11,2019-12-24,03:01:56,905.2,Debit,Completed,,Loan Payment - LN2019010001116,False,,1.94,,Automated,Home Loan,standard_payment,False,loan_payment_generator
TXNL201900000178,ACC0000811,IND19000169,LN2019010001120,LDO20190000042,11,2019-12-29,03:54:47,3254.67,Debit,Completed,,Loan Payment - LN2019010001120,False,,1.05,,Automated,Vehicle Loan,standard_payment,False,loan_payment_generator
TXNL201900000179,ACC0001096,IND19016205,LN2019010001121,LDO20190000017,10,2019-12-03,04:52:58,1608.95,Debit,Completed,,Loan Payment - LN2019010001121,False,,0.97,,Automated,Home Loan,standard_payment,False,loan_payment_generator
TXNL201900000180,ACC0000836,IND19001994,LN2019010001130,,11,2019-12-14,03:56:45,269.6,Debit,Failed,insufficient_funds,Loan Payment - LN2019010001130,False,,2.5,,Automated,Home Loan,standard_payment,False,loan_payment_generator
TXNL201900000181,ACC0000770,IND19003379,LN2019010001133,LDO20190000043,10,2019-12-02,02:51:11,4002.33,Debit,Completed,,Loan Payment - LN2019010001133 - Extra Principal,False,,0.7,,Automated,Home Loan,extra_payment,False,loan_payment_generator
TXNL201900000182,ACC0001363,IND19001188,LN2019010001140,LDO20190000044,11,2019-12-29,04:08:04,824.37,Debit,Completed,,Loan Payment - LN2019010001140,False,,1.06,,Automated,Vehicle Loan,standard_payment,False,loan_payment_generator
TXNL201900000183,ACC0001266,IND19016300,LN2019010001143,LDO20190000102,11,2019-12-19,03:05:40,7659.4,Debit,Cancelled,customer_stop_instruction,Loan Payment - LN2019010001143,False,,0.78,,Automated,Vehicle Loan,standard_payment,False,loan_payment_generator
TXNL201900000184,ACC0000810,IND19014075,LN2019010001146,LDO20190000007,11,2019-12-19,02:51:55,2602.46,Debit,Completed,,Loan Payment - LN2019010001146,False,,1.39,,Automated,Home Loan,standard_payment,False,loan_payment_generator
TXNL201900000185,ACC0000820,IND19016780,LN2019010001149,LDO20190000008,10,2019-12-02,04:16:40,4338.5,Debit,Completed,,Loan Payment - LN2019010001149,False,,0.98,,Automated,Personal Loan,standard_payment,False,loan_payment_generator
TXNL201900000186,ACC0001343,IND19009143,LN2019010001157,LDO20190000103,11,2019-12-16,03:52:22,3027.98,Debit,Completed,,Loan Payment - LN2019010001157,False,,0.48,,Automated,Home Loan,standard_payment,False,loan_payment_generator
TXNL201900000187,ACC0000585,IND19004309,LN2019010001163,LDO20190000104,11,2019-12-17,02:16:43,3194.33,Debit,Completed,,Loan Payment - LN2019010001163,False,,1.96,,Automated,Home Loan,standard_payment,False,loan_payment_generator
TXNL201900000188,ACC0001676,COM19000298,LN2019010001164,LDO20190000018,11,2019-12-21,03:17:57,8795.74,Debit,Completed,,Loan Payment - LN2019010001164,False,,0.47,,Automated,Business Loan,standard_payment,False,loan_payment_generator
TXNL201900000189,ACC0000390,IND19002143,LN2019010001167,LDO20190000105,11,2019-12-15,04:27:15,394.98,Debit,Completed,,Loan Payment - LN2019010001167 - Partial,False,,1.66,,Automated,Personal Loan,partial_payment,False,loan_payment_generator
TXNL201900000190,ACC0001016,IND19007315,LN2019010001180,LDO20190000106,11,2019-12-23,04:13:27,2112.96,Debit,Completed,,Loan Payment - LN2019010001180,False,,0.9,,Automated,Home Loan,standard_payment,False,loan_payment_generator
TXNL201900000191,ACC0000169,IND19015276,LN2019010001182,LDO20190000107,11,2019-12-18,04:38:47,1584.57,Debit,Completed,,Loan Payment - LN2019010001182,False,,1.36,,Automated,Home Loan,standard_payment,False,loan_payment_generator
TXNL201900000192,ACC0000723,IND19010495,LN2019010001185,LDO20190000108,11,2019-12-25,04:55:44,1082.3,Debit,Completed,,Loan Payment - LN2019010001185,False,,0.38,,Automated,Vehicle Loan,standard_payment,False,loan_payment_generator
TXNL201900000193,ACC0001029,IND19009696,LN2019010001192,LDO20190000109,11,2019-12-18,03:01:33,3515.28,Debit,Completed,,Loan Payment - LN2019010001192,False,,0.59,,Automated,Vehicle Loan,standard_payment,False,loan_payment_generator
TXNL201900000194,ACC0000506,IND19003263,LN2019010001197,LDO20190000110,11,2019-12-11,04:25:50,3040.75,Debit,Completed,,Loan Payment - LN2019010001197,False,,0.86,,Automated,Personal Loan,standard_payment,False,loan_payment_generator
TXNL201900000195,ACC0000415,IND19016238,LN2019010001200,LDO20190000019,11,2019-12-15,04:50:27,419.28,Debit,Completed,,Loan Payment - LN2019010001200 - Extra Principal,False,,0.96,,Automated,Home Loan,extra_payment,False,loan_payment_generator
TXNL201900000196,ACC0000086,IND19000654,LN2019010001211,LDO20190000045,11,2019-12-18,04:37:09,894.48,Debit,Completed,,Loan Payment - LN2019010001211,False,,1.25,,Automated,Home Loan,standard_payment,False,loan_payment_generator
TXNL201900000197,ACC0000552,IND19010018,LN2019010001212,LDO20190000111,10,2019-12-02,02:45:19,3438.02,Debit,Completed,,Loan Payment - LN2019010001212,False,,1.75,,Automated,Vehicle Loan,standard_payment,False,loan_payment_generator
TXNL201900000198,ACC0001185,IND19002045,LN2019010001230,LDO20190000112,11,2019-12-11,02:45:23,2425.0,Debit,Completed,,Loan Payment - LN2019010001230,False,,1.86,,Automated,Personal Loan,standard_payment,False,loan_payment_generator
TXNL201900000199,ACC0001486,IND19010904,LN2019010001234,LDO20190000046,10,2019-12-05,03:16:12,3157.23,Debit,Completed,,Loan Payment - LN2019010001234,False,,1.96,,Automated,Home Loan,standard_payment,False,loan_payment_generator
TXNL201900000200,ACC0000515,IND19011906,LN2019010001239,LDO20190000113,10,2019-12-03,04:16:23,1843.66,Debit,Completed,,Loan Payment - LN2019010001239,False,,0.79,,Automated,Home Loan,standard_payment,False,loan_payment_generator
TXNL201900000201,ACC0000604,IND19004880,LN2019010001245,LDO20190000114,11,2019-12-14,03:34:00,3869.28,Debit,Failed,bank_timeout,Loan Payment - LN2019010001245,False,,1.25,,Automated,Home Loan,standard_payment,False,loan_payment_generator
TXNL201900000202,ACC0001152,IND19000150,LN2019010001247,LDO20190000115,10,2019-12-01,02:46:36,1923.18,Debit,Completed,,Loan Payment - LN2019010001247,False,,1.2,,Automated,Home Loan,standard_payment,False,loan_payment_generator
TXNL201900000203,ACC0001298,IND19009380,LN2019010001249,LDO20190000047,10,2019-12-10,02:51:37,3296.05,Debit,Completed,,Loan Payment - LN2019010001249,False,,1.74,,Automated,Home Loan,standard_payment,False,loan_payment_generator
TXNL201900000204,ACC0001164,IND19004303,LN2019010001252,LDO20190000116,10,2019-12-07,04:57:33,262.26,Debit,Completed,,Loan Payment - LN2019010001252,False,,0.77,,Automated,Home Loan,standard_payment,False,loan_payment_generator
TXNL201900000205,ACC0001662,COM19000313,LN2019010001254,LDO20190000117,11,2019-12-29,02:49:26,22797.66,Debit,Completed,,Loan Payment - LN2019010001254,False,,0.48,,Automated,Business Loan,standard_payment,False,loan_payment_generator
TXNL201900000206,ACC0000183,IND19008327,LN2019010001260,LDO20190000118,10,2019-12-02,04:23:27,2644.97,Debit,Completed,,Loan Payment - LN2019010001260 - Late Fee,False,,0.09,,Automated,Home Loan,late_payment,False,loan_payment_generator
TXNL201900000207,ACC0000590,IND19004200,LN2019010001263,LDO20190000048,11,2019-12-29,04:52:03,7273.99,Debit,Completed,,Loan Payment - LN2019010001263,False,,1.46,,Automated,Personal Loan,standard_payment,False,loan_payment_generator
TXNL201900000208,ACC0000210,IND19008013,LN2019010001264,LDO20190000119,10,2019-12-01,02:49:05,898.38,Debit,Completed,,Loan Payment - LN2019010001264,False,,1.38,,Automated,Personal Loan,standard_payment,False,loan_payment_generator
TXNL201900000209,ACC0001018,IND19007141,LN2019010001270,LDO20190000049,11,2019-12-23,04:08:48,2853.41,Debit,Completed,,Loan Payment - LN2019010001270,False,,1.02,,Automated,Home Loan,standard_payment,False,loan_payment_generator
TXNL201900000210,ACC0000550,IND19004219,LN2019010001283,LDO20190000120,11,2019-12-20,02:40:20,2267.43,Debit,Completed,,Loan Payment - LN2019010001283,False,,0.7,,Automated,Personal Loan,standard_payment,False,loan_payment_generator
TXNL201900000211,ACC0000889,IND19001057,LN2019010001302,LDO20190000121,11,2019-12-31,03:06:37,2279.58,Debit,Completed,,Loan Payment - LN2019010001302,False,,1.97,,Automated,Home Loan,standard_payment,False,loan_payment_generator
TXNL201900000212,ACC0001153,IND19015308,LN2019010001309,LDO20190000050,11,2019-12-23,03:33:23,450.35,Debit,Completed,,Loan Payment - LN2019010001309,False,,1.41,,Automated,Home Loan,standard_payment,False,loan_payment_generator
TXNL201900000213,ACC0000049,IND19014761,LN2019010001310,LDO20190000122,11,2019-12-29,03:02:08,2320.46,Debit,Completed,,Loan Payment - LN2019010001310,False,,1.15,,Automated,Vehicle Loan,standard_payment,False,loan_payment_generator
TXNL201900000214,ACC0000189,IND19003338,LN2019010001311,LDO20190000123,11,2019-12-12,04:56:04,1140.95,Debit,Completed,,Loan Payment - LN2019010001311,False,,1.44,,Automated,Home Loan,standard_payment,False,loan_payment_generator
TXNL201900000215,ACC0000404,IND19012958,LN2019010001314,LDO20190000124,11,2019-12-16,02:06:00,1003.52,Debit,Completed,,Loan Payment - LN2019010001314,False,,0.77,,Automated,Personal Loan,standard_payment,False,loan_payment_generator
TXNL201900000216,ACC0001355,IND19009031,LN2019010001315,LDO20190000125,10,2019-12-04,02:49:17,4273.48,Debit,Completed,,Loan Payment - LN2019010001315,False,,1.02,,Automated,Personal Loan,standard_payment,False,loan_payment_generator
TXNL201900000217,ACC0000159,IND19009851,LN2019010001326,LDO20190000126,11,2019-12-28,02:15:15,1772.07,Debit,Completed,,Loan Payment - LN2019010001326,False,,0.63,,Automated,Home Loan,standard_payment,False,loan_payment_generator
TXNL201900000218,ACC0000721,IND19006161,LN2019010001331,LDO20190000127,11,2019-12-20,04:05:04,3202.46,Debit,Completed,,Loan Payment - LN2019010001331,False,,1.56,,Automated,Home Loan,standard_payment,False,loan_payment_generator
TXNL201900000219,ACC0001494,IND19015488,LN2019010001339,LDO20190000128,11,2019-12-20,04:59:55,1182.67,Debit,Completed,,Loan Payment - LN2019010001339,False,,1.73,,Automated,Personal Loan,standard_payment,False,loan_payment_generator
TXNL201900000220,ACC0000460,IND19006127,LN2019010001349,LDO20190000051,10,2019-12-06,04:41:12,1312.58,Debit,Completed,,Loan Payment - LN2019010001349,False,,0.67,,Automated,Home Loan,standard_payment,False,loan_payment_generator
TXNL201900000221,ACC0001046,IND19014386,LN2019010001351,LDO20190000129,10,2019-12-02,03:22:18,1152.7,Debit,Completed,,Loan Payment - LN2019010001351,False,,1.94,,Automated,Home Loan,standard_payment,False,loan_payment_generator
TXNL201900000222,ACC0001374,IND19009678,LN2019010001352,LDO20190000052,11,2019-12-15,03:36:51,988.97,Debit,Completed,,Loan Payment - LN2019010001352,False,,1.77,,Automated,Personal Loan,standard_payment,False,loan_payment_generator
TXNL201900000223,ACC0001036,IND19011001,LN2019010001377,LDO20190000130,10,2019-12-06,04:37:07,2821.71,Debit,Completed,,Loan Payment - LN2019010001377,False,,1.9,,Automated,Personal Loan,standard_payment,False,loan_payment_generator
TXNL201900000224,ACC0001641,COM19000218,LN2019010001380,LDO20190000131,10,2019-12-02,02:46:12,19612.6,Debit,Completed,,Loan Payment - LN2019010001380,False,,0.6,,Automated,Business Loan,standard_payment,False,loan_payment_generator
TXNL201900000225,ACC0001344,IND19009855,LN2019010001385,LDO20190000053,10,2019-12-02,04:56:04,2122.86,Debit,Completed,,Loan Payment - LN2019010001385,False,,0.65,,Automated,Home Loan,standard_payment,False,loan_payment_generator
TXNL201900000226,ACC0001129,IND19005846,LN2019010001386,LDO20190000054,11,2019-12-11,03:42:54,726.09,Debit,Completed,,Loan Payment - LN2019010001386,False,,1.63,,Automated,Home Loan,standard_payment,False,loan_payment_generator
TXNL201900000227,ACC0001335,IND19015197,LN2019010001399,LDO20190000132,11,2019-12-10,02:13:07,2433.11,Debit,Completed,,Loan Payment - LN2019010001399,False,,1.24,,Automated,Personal Loan,standard_payment,False,loan_payment_generator
TXNL201900000228,ACC0000505,IND19012808,LN2019010001412,LDO20190000133,11,2019-12-27,03:56:54,569.56,Debit,Completed,,Loan Payment - LN2019010001412,False,,1.15,,Automated,Personal Loan,standard_payment,False,loan_payment_generator
TXNL201900000229,ACC0000687,IND19005091,LN2019010001414,LDO20190000055,11,2019-12-30,04:31:36,178.15,Debit,Completed,,Loan Payment - LN2019010001414,False,,0.79,,Automated,Home Loan,standard_payment,False,loan_payment_generator
TXNL201900000230,ACC0000234,IND19015431,LN2019010001420,LDO20190000134,10,2019-12-04,02:03:20,3045.32,Debit,Completed,,Loan Payment - LN2019010001420,False,,0.39,,Automated,Home Loan,standard_payment,False,loan_payment_generator
TXNL201900000231,ACC0000702,IND19016305,LN2019010001423,LDO20190000020,11,2019-12-10,04:19:11,3469.0,Debit,Completed,,Loan Payment - LN2019010001423,False,,0.41,,Automated,Home Loan,standard_payment,False,loan_payment_generator
TXNL201900000232,ACC0000276,IND19007519,LN2019010001435,LDO20190000021,11,2019-12-30,04:42:38,2171.77,Debit,Completed,,Loan Payment - LN2019010001435,False,,1.36,,Automated,Vehicle Loan,standard_payment,False,loan_payment_generator
TXNL201900000233,ACC0001187,IND19002773,LN2019010001436,LDO20190000056,11,2019-12-08,03:48:24,2357.2,Debit,Completed,,Loan Payment - LN2019010001436,False,,0.01,,Automated,Vehicle Loan,standard_payment,False,loan_payment_generator
TXNL201900000234,ACC0001320,IND19001004,LN2019010001440,LDO20190000135,11,2019-12-17,03:13:25,1578.2,Debit,Completed,,Loan Payment - LN2019010001440 - Late Fee,False,,0.78,,Automated,Vehicle Loan,late_payment,False,loan_payment_generator
TXNL201900000235,ACC0000003,IND19007744,LN2019010001447,LDO20190000136,11,2019-12-17,04:21:41,2833.94,Debit,Failed,insufficient_funds,Loan Payment - LN2019010001447,False,,1.35,,Automated,Vehicle Loan,standard_payment,False,loan_payment_generator
TXNL201900000236,ACC0000804,IND19003109,LN2019010001449,LDO20190000137,10,2019-12-03,02:27:40,1271.13,Debit,Completed,,Loan Payment - LN2019010001449,False,,0.44,,Automated,Home Loan,standard_payment,False,loan_payment_generator
TXNL201900000237,ACC0000978,IND19008839,LN2019010001451,LDO20190000057,10,2019-12-04,02:19:01,703.77,Debit,Completed,,Loan Payment - LN2019010001451,False,,0.39,,Automated,Home Loan,standard_payment,False,loan_payment_generator
TXNL201900000238,ACC0000463,IND19014060,LN2019010001455,LDO20190000022,10,2019-12-09,03:57:58,1650.2,Debit,Completed,,Loan Payment - LN2019010001455,False,,0.53,,Automated,Home Loan,standard_payment,False,loan_payment_generator
TXNL201900000239,ACC0001594,IND19015422,LN2019010001467,LDO20190000009,11,2019-12-27,04:10:50,832.06,Debit,Completed,,Loan Payment - LN2019010001467,False,,1.22,,Automated,Vehicle Loan,standard_payment,False,loan_payment_generator
TXNL201900000240,ACC0001480,IND19013470,LN2019010001473,LDO20190000138,11,2019-12-18,03:26:34,1598.74,Debit,Failed,bank_timeout,Loan Payment - LN2019010001473,False,,1.93,,Automated,Home Loan,standard_payment,False,loan_payment_generator
TXNL201900000241,ACC0000265,IND19009394,LN2019010001482,LDO20190000058,11,2019-12-23,04:46:56,1152.8,Debit,Completed,,Loan Payment - LN2019010001482,False,,1.23,,Automated,Home Loan,standard_payment,False,loan_payment_generator
TXNL201900000242,ACC0000242,IND19013930,LN2019010001487,LDO20190000139,11,2019-12-23,04:24:34,4323.94,Debit,Completed,,Loan Payment - LN2019010001487,False,,0.2,,Automated,Personal Loan,standard_payment,False,loan_payment_generator
TXNL201900000243,ACC0001381,IND19013372,LN2019010001489,LDO20190000141,11,2019-12-20,04:43:42,915.3,Debit,Completed,,Loan Payment - LN2019010001489,False,,1.32,,Automated,Vehicle Loan,standard_payment,False,loan_payment_generator
TXNL201900000244,ACC0000589,IND19011813,LN2019010001501,LDO20190000142,11,2019-12-19,04:50:48,1104.98,Debit,Failed,bank_timeout,Loan Payment - LN2019010001501,False,,1.02,,Automated,Vehicle Loan,standard_payment,False,loan_payment_generator
TXNL201900000245,ACC0001117,IND19016009,LN2019010001502,LDO20190000143,11,2019-12-10,03:57:16,6045.57,Debit,Completed,,Loan Payment - LN2019010001502 - Late Fee,False,,0.81,,Automated,Home Loan,late_payment,False,loan_payment_generator
TXNL201900000246,ACC0001578,IND19013200,LN2019010001503,LDO20190000010,11,2019-12-30,02:41:02,1411.31,Debit,Completed,,Loan Payment - LN2019010001503,False,,0.17,,Automated,Vehicle Loan,standard_payment,False,loan_payment_generator
TXNL201900000247,ACC0000047,IND19006418,LN2019010001505,LDO20190000023,11,2019-12-31,03:20:09,1048.91,Debit,Completed,,Loan Payment - LN2019010001505,False,,1.95,,Automated,Home Loan,standard_payment,False,loan_payment_generator
TXNL201900000248,ACC0001632,IND19007111,LN2019010001511,LDO20190000144,10,2019-12-03,04:52:05,4609.48,Debit,Completed,,Loan Payment - LN2019010001511 - Extra Principal,False,,0.97,,Automated,Home Loan,extra_payment,False,loan_payment_generator
TXNL201900000249,ACC0000619,IND19013703,LN2019010001517,LDO20190000145,11,2019-12-18,03:13:56,3471.59,Debit,Completed,,Loan Payment - LN2019010001517,False,,1.84,,Automated,Personal Loan,standard_payment,False,loan_payment_generator
TXNL201900000250,ACC0001150,IND19003805,LN2019010001521,LDO20190000146,11,2019-12-28,02:14:25,1383.77,Debit,Completed,,Loan Payment - LN2019010001521,False,,1.67,,Automated,Home Loan,standard_payment,False,loan_payment_generator
TXNL201900000251,ACC0001273,IND19004976,LN2019010001532,LDO20190000147,11,2019-12-29,02:10:25,236.0,Debit,Completed,,Loan Payment - LN2019010001532,False,,1.97,,Automated,Home Loan,standard_payment,False,loan_payment_generator
TXNL201900000252,ACC0000140,IND19000343,LN2019010001537,LDO20190000148,11,2019-12-17,04:35:49,467.12,Debit,Completed,,Loan Payment - LN2019010001537,False,,0.48,,Automated,Personal Loan,standard_payment,False,loan_payment_generator
TXNL201900000253,ACC0001139,IND19002237,LN2019010001545,LDO20190000149,10,2019-12-01,02:16:08,1631.37,Debit,Completed,,Loan Payment - LN2019010001545,False,,0.27,,Automated,Home Loan,standard_payment,False,loan_payment_generator
TXNL201900000254,ACC0000405,IND19005493,LN2019010001575,LDO20190000150,11,2019-12-17,03:32:41,877.05,Debit,Completed,,Loan Payment - LN2019010001575,False,,0.69,,Automated,Personal Loan,standard_payment,False,loan_payment_generator
TXNL201900000255,ACC0001223,IND19005824,LN2019010001580,LDO20190000059,11,2019-12-14,02:12:06,691.46,Debit,Completed,,Loan Payment - LN2019010001580,False,,0.66,,Automated,Home Loan,standard_payment,False,loan_payment_generator
TXNL201900000256,ACC0002719,IND19013176,LN2019020000017,LDO20190000151,9,2019-12-02,04:35:35,2346.2,Debit,Completed,,Loan Payment - LN2019020000017,False,,1.51,,Automated,Personal Loan,standard_payment,False,loan_payment_generator
TXNL201900000257,ACC0001701,IND19000332,LN2019020000021,LDO20190000060,10,2019-12-19,03:34:07,1646.67,Debit,Completed,,Loan Payment - LN2019020000021,False,,1.44,,Automated,Personal Loan,standard_payment,False,loan_payment_generator
TXNL201900000258,ACC0002906,IND19014412,LN2019020000027,LDO20190000061,9,2019-12-01,02:24:34,560.47,Debit,Completed,,Loan Payment - LN2019020000027,False,,0.4,,Automated,Home Loan,standard_payment,False,loan_payment_generator
TXNL201900000259,ACC0001774,IND19001403,LN2019020000030,LDO20190000152,10,2019-12-12,02:44:39,1265.99,Debit,Completed,,Loan Payment - LN2019020000030,False,,1.75,,Automated,Vehicle Loan,standard_payment,False,loan_payment_generator
TXNL201900000260,ACC0001880,IND19004294,LN2019020000032,LDO20190000062,10,2019-12-16,03:05:30,6367.9,Debit,Completed,,Loan Payment - LN2019020000032,False,,0.69,,Automated,Home Loan,standard_payment,False,loan_payment_generator
TXNL201900000261,ACC0002442,IND19011212,LN2019020000038,LDO20190000011,10,2019-12-13,03:24:25,15924.35,Debit,Completed,,Loan Payment - LN2019020000038,False,,0.99,,Automated,Personal Loan,standard_payment,False,loan_payment_generator
TXNL201900000262,ACC0002292,IND19001394,LN2019020000040,LDO20190000063,10,2019-12-20,03:43:16,775.6,Debit,Completed,,Loan Payment - LN2019020000040,False,,1.73,,Automated,Home Loan,standard_payment,False,loan_payment_generator
TXNL201900000263,ACC0002054,IND19008070,LN2019020000047,LDO20190000024,10,2019-12-18,03:35:52,5995.84,Debit,Completed,,Loan Payment - LN2019020000047,False,,0.95,,Automated,Home Loan,standard_payment,False,loan_payment_generator
TXNL201900000264,ACC0001908,IND19016414,LN2019020000068,LDO20190000153,9,2019-12-05,04:00:04,801.28,Debit,Completed,,Loan Payment - LN2019020000068,False,,1.48,,Automated,Vehicle Loan,standard_payment,False,loan_payment_generator
TXNL201900000265,ACC0002698,IND19007039,LN2019020000082,LDO20190000064,9,2019-12-02,04:19:50,2104.71,Debit,Completed,,Loan Payment - LN2019020000082,False,,1.43,,Automated,Vehicle Loan,standard_payment,False,loan_payment_generator
TXNL201900000266,ACC0001902,IND19002096,LN2019020000112,LDO20190000012,10,2019-12-18,04:28:17,553.04,Debit,Completed,,Loan Payment - LN2019020000112,False,,1.75,,Automated,Home Loan,standard_payment,False,loan_payment_generator
TXNL201900000267,ACC0002036,IND19015685,LN2019020000118,LDO20190000065,10,2019-12-23,02:16:56,1396.95,Debit,Completed,,Loan Payment - LN2019020000118,False,,1.46,,Automated,Vehicle Loan,standard_payment,False,loan_payment_generator
TXNL201900000268,ACC0003389,COM19000056,LN2019020000124,LDO20190000066,10,2019-12-11,02:59:07,80692.18,Debit,Completed,,Loan Payment - LN2019020000124,False,,0.29,,Automated,Business Loan,standard_payment,False,loan_payment_generator
TXNL201900000269,ACC0002677,IND19012680,LN2019020000130,LDO20190000025,10,2019-12-21,04:37:13,1995.58,Debit,Completed,,Loan Payment - LN2019020000130,False,,0.8,,Automated,Personal Loan,standard_payment,False,loan_payment_generator
TXNL201900000270,ACC0001916,IND19016327,LN2019020000145,LDO20190000154,10,2019-12-17,03:23:07,3605.14,Debit,Completed,,Loan Payment - LN2019020000145,False,,0.29,,Automated,Home Loan,standard_payment,False,loan_payment_generator
TXNL201900000271,ACC0002899,IND19015417,LN2019020000152,LDO20190000067,10,2019-12-22,03:53:10,2511.95,Debit,Completed,,Loan Payment - LN2019020000152,False,,1.93,,Automated,Personal Loan,standard_payment,False,loan_payment_generator
TXNL201900000272,ACC0002946,IND19016946,LN2019020000156,LDO20190000068,10,2019-12-27,03:10:58,667.59,Debit,Completed,,Loan Payment - LN2019020000156,False,,0.98,,Automated,Home Loan,standard_payment,False,loan_payment_generator
TXNL201900000273,ACC0002447,IND19015613,LN2019020000158,LDO20190000069,10,2019-12-25,02:54:01,2771.89,Debit,Completed,,Loan Payment - LN2019020000158,False,,0.77,,Automated,Personal Loan,standard_payment,False,loan_payment_generator
TXNL201900000274,ACC0002582,IND19016176,LN2019020000174,LDO20190000070,10,2019-12-27,02:37:22,1001.4,Debit,Completed,,Loan Payment - LN2019020000174 - Late Fee,False,,0.85,,Automated,Home Loan,late_payment,False,loan_payment_generator
TXNL201900000275,ACC0002604,IND19013546,LN2019020000189,LDO20190000071,10,2019-12-09,04:27:56,3356.54,Debit,Completed,,Loan Payment - LN2019020000189,False,,1.04,,Automated,Home Loan,standard_payment,False,loan_payment_generator
TXNL201900000276,ACC0001985,IND19002227,LN2019020000196,LDO20190000002,10,2019-12-13,03:27:16,2874.8,Debit,Completed,,Loan Payment - LN2019020000196,False,,0.3,,Automated,Personal Loan,standard_payment,False,loan_payment_generator
TXNL201900000277,ACC0002680,IND19012817,LN2019020000203,LDO20190000155,10,2019-12-16,04:25:56,5034.19,Debit,Completed,,Loan Payment - LN2019020000203,False,,1.0,,Automated,Home Loan,standard_payment,False,loan_payment_generator
TXNL201900000278,ACC0002721,IND19004779,LN2019020000214,LDO20190000072,9,2019-12-08,02:09:18,755.62,Debit,Completed,,Loan Payment - LN2019020000214,False,,0.78,,Automated,Home Loan,standard_payment,False,loan_payment_generator
TXNL201900000279,ACC0001865,IND19005343,LN2019020000222,LDO20190000013,9,2019-12-01,03:55:04,3670.22,Debit,Completed,,Loan Payment - LN2019020000222,False,,1.68,,Automated,Personal Loan,standard_payment,False,loan_payment_generator
TXNL201900000280,ACC0001707,IND19000845,LN2019020000227,LDO20190000156,10,2019-12-27,02:29:42,3229.41,Debit,Completed,,Loan Payment - LN2019020000227,False,,0.54,,Automated,Vehicle Loan,standard_payment,False,loan_payment_generator
TXNL201900000281,ACC0002341,IND19001126,LN2019020000229,LDO20190000073,10,2019-12-13,02:32:06,1789.29,Debit,Completed,,Loan Payment - LN2019020000229,False,,0.67,,Automated,Vehicle Loan,standard_payment,False,loan_payment_generator
TXNL201900000282,ACC0001730,IND19001687,LN2019020000235,LDO20190000074,10,2019-12-15,04:39:10,3285.7,Debit,Completed,,Loan Payment - LN2019020000235,False,,0.01,,Automated,Personal Loan,standard_payment,False,loan_payment_generator
TXNL201900000283,ACC0003242,IND19001412,LN2019020000236,LDO20190000157,10,2019-12-13,04:30:17,3391.28,Debit,Completed,,Loan Payment - LN2019020000236,False,,1.59,,Automated,Vehicle Loan,standard_payment,False,loan_payment_generator
TXNL201900000284,ACC0001680,IND19000900,LN2019020000242,LDO20190000158,10,2019-12-23,02:28:07,684.83,Debit,Completed,,Loan Payment - LN2019020000242,False,,0.78,,Automated,Home Loan,standard_payment,False,loan_payment_generator
TXNL201900000285,ACC0002412,IND19005294,LN2019020000243,LDO20190000075,10,2019-12-14,03:24:15,246.25,Debit,Completed,,Loan Payment - LN2019020000243,False,,1.0,,Automated,Home Loan,standard_payment,False,loan_payment_generator
TXNL201900000286,ACC0001772,IND19009977,LN2019020000244,LDO20190000026,10,2019-12-13,03:10:04,1440.17,Debit,Completed,,Loan Payment - LN2019020000244,False,,1.05,,Automated,Home Loan,standard_payment,False,loan_payment_generator
TXNL201900000287,ACC0002798,IND19016230,LN2019020000246,LDO20190000159,10,2019-12-24,02:37:42,2349.38,Debit,Completed,,Loan Payment - LN2019020000246,False,,1.41,,Automated,Personal Loan,standard_payment,False,loan_payment_generator
TXNL201900000288,ACC0001937,IND19003342,LN2019020000249,LDO20190000160,10,2019-12-25,03:19:43,2809.39,Debit,Completed,,Loan Payment - LN2019020000249,False,,1.93,,Automated,Personal Loan,standard_payment,False,loan_payment_generator
TXNL201900000289,ACC0002618,IND19006444,LN2019020000251,LDO20190000161,10,2019-12-20,03:21:09,896.41,Debit,Completed,,Loan Payment - LN2019020000251,False,,1.52,,Automated,Vehicle Loan,standard_payment,False,loan_payment_generator
TXNL201900000290,ACC0001851,IND19005961,LN2019020000256,LDO20190000162,10,2019-12-11,02:16:41,2637.96,Debit,Completed,,Loan Payment - LN2019020000256,False,,1.52,,Automated,Home Loan,standard_payment,False,loan_payment_generator
TXNL201900000291,ACC0003271,IND19016447,LN2019020000260,LDO20190000163,10,2019-12-18,03:09:30,3362.77,Debit,Completed,,Loan Payment - LN2019020000260,False,,0.21,,Automated,Home Loan,standard_payment,False,loan_payment_generator
TXNL201900000292,ACC0002687,IND19013686,LN2019020000261,LDO20190000005,10,2019-12-12,03:19:25,1652.43,Debit,Completed,,Loan Payment - LN2019020000261,False,,1.11,,Automated,Personal Loan,standard_payment,False,loan_payment_generator
TXNL201900000293,ACC0002321,IND19011152,LN2019020000262,LDO20190000076,9,2019-12-04,03:15:57,291.66,Debit,Completed,,Loan Payment - LN2019020000262,False,,0.38,,Automated,Home Loan,standard_payment,False,loan_payment_generator
TXNL201900000294,ACC0002291,IND19009288,LN2019020000266,LDO20190000164,10,2019-12-11,03:33:01,1011.18,Debit,Completed,,Loan Payment - LN2019020000266,False,,1.19,,Automated,Home Loan,standard_payment,False,loan_payment_generator
TXNL201900000295,ACC0003390,COM19000015,LN2019020000269,LDO20190000165,9,2019-12-04,02:37:04,10726.59,Debit,Completed,,Loan Payment - LN2019020000269,False,,1.58,,Automated,Business Loan,standard_payment,False,loan_payment_generator
TXNL201900000296,ACC0001938,IND19009228,LN2019020000272,LDO20190000166,10,2019-12-11,03:43:25,4337.03,Debit,Completed,,Loan Payment - LN2019020000272,False,,1.4,,Automated,Home Loan,standard_payment,False,loan_payment_generator
TXNL201900000297,ACC0002619,IND19006444,LN2019020000300,LDO20190000077,10,2019-12-20,04:02:05,1839.27,Debit,Completed,,Loan Payment - LN2019020000300,False,,1.7,,Automated,Home Loan,standard_payment,False,loan_payment_generator
TXNL201900000298,ACC0002778,IND19013008,LN2019020000307,LDO20190000078,10,2019-12-21,02:17:34,2912.63,Debit,Completed,,Loan Payment - LN2019020000307,False,,0.91,,Automated,Home Loan,standard_payment,False,loan_payment_generator
TXNL201900000299,ACC0002241,IND19006183,LN2019020000311,LDO20190000014,9,2019-12-06,02:42:01,6282.61,Debit,Completed,,Loan Payment - LN2019020000311,False,,1.23,,Automated,Home Loan,standard_payment,False,loan_payment_generator
TXNL201900000300,ACC0002200,IND19004311,LN2019020000315,LDO20190000167,9,2019-12-01,03:25:58,3425.55,Debit,Completed,,Loan Payment - LN2019020000315,False,,1.35,,Automated,Home Loan,standard_payment,False,loan_payment_generator
TXNL201900000301,ACC0002941,IND19004381,LN2019020000322,LDO20190000168,10,2019-12-11,02:11:28,1904.24,Debit,Completed,,Loan Payment - LN2019020000322,False,,1.21,,Automated,Home Loan,standard_payment,False,loan_payment_generator
TXNL201900000302,ACC0002663,IND19014006,LN2019020000342,LDO20190000169,10,2019-12-28,03:16:45,3126.01,Debit,Completed,,Loan Payment - LN2019020000342,False,,0.58,,Automated,Home Loan,standard_payment,False,loan_payment_generator
TXNL201900000303,ACC0002482,IND19000798,LN2019020000344,LDO20190000006,9,2019-12-01,04:17:17,2943.33,Debit,Completed,,Loan Payment - LN2019020000344,False,,0.47,,Automated,Vehicle Loan,standard_payment,False,loan_payment_generator
TXNL201900000304,ACC0003129,IND19002377,LN2019020000346,LDO20190000079,10,2019-12-19,02:08:04,2810.42,Debit,Completed,,Loan Payment - LN2019020000346,False,,1.11,,Automated,Home Loan,standard_payment,False,loan_payment_generator
TXNL201900000305,ACC0002474,IND19017936,LN2019020000347,LDO20190000170,9,2019-12-03,03:06:36,1927.18,Debit,Completed,,Loan Payment - LN2019020000347,False,,1.35,,Automated,Vehicle Loan,standard_payment,False,loan_payment_generator
TXNL201900000306,ACC0002303,IND19009325,LN2019020000352,LDO20190000080,9,2019-12-07,03:16:09,994.95,Debit,Completed,,Loan Payment - LN2019020000352 - Late Fee,False,,0.43,,Automated,Home Loan,late_payment,False,loan_payment_generator
TXNL201900000307,ACC0001863,IND19014727,LN2019020000360,LDO20190000172,9,2019-12-01,03:36:59,4078.26,Debit,Completed,,Loan Payment - LN2019020000360,False,,0.47,,Automated,Personal Loan,standard_payment,False,loan_payment_generator
TXNL201900000308,ACC0003245,IND19011194,LN2019020000361,LDO20190000173,10,2019-12-15,04:01:15,2184.04,Debit,Completed,,Loan Payment - LN2019020000361,False,,0.75,,Automated,Vehicle Loan,standard_payment,False,loan_payment_generator
TXNL201900000309,ACC0001788,IND19012630,LN2019020000363,LDO20190000174,9,2019-12-07,02:51:06,3406.24,Debit,Completed,,Loan Payment - LN2019020000363 - Late Fee,False,,1.13,,Automated,Vehicle Loan,late_payment,False,loan_payment_generator
TXNL201900000310,ACC0001837,IND19017578,LN2019020000367,LDO20190000027,10,2019-12-28,04:15:20,2920.43,Debit,Completed,,Loan Payment - LN2019020000367,False,,1.54,,Automated,Home Loan,standard_payment,False,loan_payment_generator
TXNL201900000311,ACC0002909,IND19013859,LN2019020000375,LDO20190000003,10,2019-12-25,04:41:41,5497.85,Debit,Completed,,Loan Payment - LN2019020000375,False,,1.21,,Automated,Home Loan,standard_payment,False,loan_payment_generator
TXNL201900000312,ACC0001739,IND19006479,LN2019020000380,LDO20190000175,9,2019-12-10,02:02:55,771.42,Debit,Completed,,Loan Payment - LN2019020000380,False,,1.48,,Automated,Home Loan,standard_payment,False,loan_payment_generator
TXNL201900000313,ACC0002265,IND19017038,LN2019020000381,LDO20190000081,10,2019-12-22,04:07:46,1263.05,Debit,Completed,,Loan Payment - LN2019020000381,False,,0.28,,Automated,Vehicle Loan,standard_payment,False,loan_payment_generator
TXNL201900000314,ACC0002346,IND19002859,LN2019020000391,LDO20190000082,9,2019-12-03,02:08:53,1109.51,Debit,Completed,,Loan Payment - LN2019020000391,False,,1.79,,Automated,Home Loan,standard_payment,False,loan_payment_generator
TXNL201900000315,ACC0002318,IND19015821,LN2019020000406,LDO20190000176,10,2019-12-18,04:20:39,2091.84,Debit,Completed,,Loan Payment - LN2019020000406,False,,0.5,,Automated,Home Loan,standard_payment,False,loan_payment_generator
TXNL201900000316,ACC0003234,IND19003150,LN2019020000415,LDO20190000177,10,2019-12-17,02:20:58,5249.06,Debit,Completed,,Loan Payment - LN2019020000415,False,,0.31,,Automated,Personal Loan,standard_payment,False,loan_payment_generator
TXNL201900000317,ACC0002733,IND19007741,LN2019020000426,LDO20190000178,10,2019-12-05,02:45:01,12286.92,Debit,Completed,,Loan Payment - LN2019020000426,False,,0.27,,Automated,Personal Loan,standard_payment,False,loan_payment_generator
TXNL201900000318,ACC0002248,IND19012631,LN2019020000437,LDO20190000179,10,2019-12-13,02:24:05,533.6,Debit,Completed,,Loan Payment - LN2019020000437,False,,0.94,,Automated,Personal Loan,standard_payment,False,loan_payment_generator
TXNL201900000319,ACC0003383,COM19000130,LN2019020000448,LDO20190000180,10,2019-12-25,04:07:37,17400.47,Debit,Completed,,Loan Payment - LN2019020000448 - Recovery,False,,1.56,,Automated,Business Loan,recovery_payment,True,loan_payment_generator
TXNL201900000320,ACC0002894,IND19017223,LN2019020000451,LDO20190000083,9,2019-12-01,03:16:45,2203.43,Debit,Failed,account_blocked,Loan Payment - LN2019020000451,False,,0.77,,Automated,Vehicle Loan,standard_payment,False,loan_payment_generator
TXNL201900000321,ACC0002632,IND19017768,LN2019020000453,LDO20190000181,10,2019-12-16,03:43:51,4254.75,Debit,Completed,,Loan Payment - LN2019020000453,False,,0.83,,Automated,Home Loan,standard_payment,False,loan_payment_generator
TXNL201900000322,ACC0002083,IND19010755,LN2019020000458,LDO20190000182,10,2019-12-18,04:54:41,2716.74,Debit,Completed,,Loan Payment - LN2019020000458,False,,0.85,,Automated,Vehicle Loan,standard_payment,False,loan_payment_generator
TXNL201900000323,ACC0002623,IND19011260,LN2019020000462,LDO20190000183,10,2019-12-10,02:19:07,2762.93,Debit,Completed,,Loan Payment - LN2019020000462,False,,1.34,,Automated,Home Loan,standard_payment,False,loan_payment_generator
TXNL201900000324,ACC0002601,IND19015358,LN2019020000464,LDO20190000184,10,2019-12-18,03:39:59,990.99,Debit,Completed,,Loan Payment - LN2019020000464,False,,0.81,,Automated,Home Loan,standard_payment,False,loan_payment_generator
TXNL201900000325,ACC0002851,IND19013194,LN2019020000465,LDO20190000185,10,2019-12-26,03:42:23,1127.39,Debit,Completed,,Loan Payment - LN2019020000465,False,,0.07,,Automated,Vehicle Loan,standard_payment,False,loan_payment_generator
TXNL201900000326,ACC0002140,IND19013361,LN2019020000474,LDO20190000028,10,2019-12-20,03:26:08,2999.48,Debit,Completed,,Loan Payment - LN2019020000474 - Partial,False,,1.12,,Automated,Vehicle Loan,partial_payment,False,loan_payment_generator
TXNL201900000327,ACC0002934,IND19011169,LN2019020000488,LDO20190000015,9,2019-12-02,03:48:30,4493.42,Debit,Completed,,Loan Payment - LN2019020000488,False,,1.64,,Automated,Home Loan,standard_payment,False,loan_payment_generator
TXNL201900000328,ACC0003057,IND19010891,LN2019020000491,LDO20190000029,10,2019-12-11,02:03:59,3111.54,Debit,Completed,,Loan Payment - LN2019020000491,False,,1.37,,Automated,Personal Loan,standard_payment,False,loan_payment_generator
TXNL201900000329,ACC0002267,IND19005311,LN2019020000492,LDO20190000186,10,2019-12-22,02:47:58,1843.61,Debit,Completed,,Loan Payment - LN2019020000492,False,,1.59,,Automated,Home Loan,standard_payment,False,loan_payment_generator
TXNL201900000330,ACC0002257,IND19005614,LN2019020000497,LDO20190000187,10,2019-12-12,02:55:19,24221.95,Debit,Completed,,Loan Payment - LN2019020000497,False,,1.09,,Automated,Personal Loan,standard_payment,False,loan_payment_generator
TXNL201900000331,ACC0002521,IND19013128,LN2019020000498,LDO20190000030,10,2019-12-25,03:15:32,1371.17,Debit,Completed,,Loan Payment - LN2019020000498,False,,0.84,,Automated,Home Loan,standard_payment,False,loan_payment_generator
TXNL201900000332,ACC0002503,IND19013977,LN2019020000508,LDO20190000084,9,2019-12-06,02:31:12,7718.79,Debit,Completed,,Loan Payment - LN2019020000508,False,,0.33,,Automated,Home Loan,standard_payment,False,loan_payment_generator
TXNL201900000333,ACC0002846,IND19005704,LN2019020000526,LDO20190000188,9,2019-12-04,02:17:23,210.41,Debit,Failed,insufficient_funds,Loan Payment - LN2019020000526,False,,1.44,,Automated,Home Loan,standard_payment,False,loan_payment_generator
TXNL201900000334,ACC0003084,IND19009670,LN2019020000531,LDO20190000031,10,2019-12-23,03:05:03,3117.38,Debit,Completed,,Loan Payment - LN2019020000531,False,,0.3,,Automated,Vehicle Loan,standard_payment,False,loan_payment_generator
TXNL201900000335,ACC0002397,IND19011058,LN2019020000532,LDO20190000085,10,2019-12-23,04:59:35,798.92,Debit,Completed,,Loan Payment - LN2019020000532,False,,1.67,,Automated,Vehicle Loan,standard_payment,False,loan_payment_generator
TXNL201900000336,ACC0001936,IND19008592,LN2019020000537,LDO20190000086,10,2019-12-12,03:43:37,852.18,Debit,Completed,,Loan Payment - LN2019020000537,False,,1.25,,Automated,Vehicle Loan,standard_payment,False,loan_payment_generator
TXNL201900000337,ACC0003065,IND19007646,LN2019020000546,LDO20190000032,10,2019-12-20,02:33:36,1414.47,Debit,Completed,,Loan Payment - LN2019020000546,False,,0.01,,Automated,Vehicle Loan,standard_payment,False,loan_payment_generator
TXNL201900000338,ACC0003241,IND19001412,LN2019020000549,LDO20190000087,10,2019-12-11,04:37:17,14216.28,Debit,Completed,,Loan Payment - LN2019020000549,False,,1.61,,Automated,Personal Loan,standard_payment,False,loan_payment_generator
TXNL201900000339,ACC0002864,IND19007639,LN2019020000570,LDO20190000033,10,2019-12-11,04:44:38,571.55,Debit,Completed,,Loan Payment - LN2019020000570,False,,0.4,,Automated,Home Loan,standard_payment,False,loan_payment_generator
TXNL201900000340,ACC0001891,IND19010844,LN2019020000573,LDO20190000190,10,2019-12-20,04:32:16,1178.07,Debit,Completed,,Loan Payment - LN2019020000573 - Extra Principal,False,,1.41,,Automated,Home Loan,extra_payment,False,loan_payment_generator
TXNL201900000341,ACC0003213,IND19014004,LN2019020000588,LDO20190000191,10,2019-12-21,03:14:03,1391.12,Debit,Completed,,Loan Payment - LN2019020000588,False,,1.66,,Automated,Home Loan,standard_payment,False,loan_payment_generator
TXNL201900000342,ACC0002630,IND19015606,LN2019020000593,LDO20190000088,10,2019-12-22,03:26:32,7225.68,Debit,Completed,,Loan Payment - LN2019020000593,False,,0.19,,Automated,Home Loan,standard_payment,False,loan_payment_generator
TXNL201900000343,ACC0002093,IND19015493,LN2019020000599,LDO20190000089,9,2019-12-05,02:29:58,713.89,Debit,Completed,,Loan Payment - LN2019020000599,False,,1.74,,Automated,Vehicle Loan,standard_payment,False,loan_payment_generator
TXNL201900000344,ACC0002006,IND19009890,LN2019020000600,LDO20190000192,10,2019-12-26,04:38:01,1225.87,Debit,Completed,,Loan Payment - LN2019020000600,False,,1.73,,Automated,Personal Loan,standard_payment,False,loan_payment_generator
TXNL201900000345,ACC0001714,IND19009033,LN2019020000601,LDO20190000193,9,2019-12-02,03:08:07,1702.97,Debit,Completed,,Loan Payment - LN2019020000601,False,,1.73,,Automated,Personal Loan,standard_payment,False,loan_payment_generator
TXNL201900000346,ACC0002476,IND19015568,LN2019020000612,LDO20190000194,10,2019-12-18,03:52:20,1223.57,Debit,Completed,,Loan Payment - LN2019020000612,False,,1.97,,Automated,Vehicle Loan,standard_payment,False,loan_payment_generator
TXNL201900000347,ACC0002169,IND19003317,LN2019020000613,LDO20190000090,9,2019-12-03,03:16:11,1745.72,Debit,Failed,mandate_limit,Loan Payment - LN2019020000613,False,,0.08,,Automated,Home Loan,standard_payment,False,loan_payment_generator
TXNL201900000348,ACC0002103,IND19013436,LN2019020000622,LDO20190000034,9,2019-12-09,02:08:16,1175.55,Debit,Completed,,Loan Payment - LN2019020000622,False,,1.55,,Automated,Vehicle Loan,standard_payment,False,loan_payment_generator
TXNL201900000349,ACC0002481,IND19000798,LN2019020000642,LDO20190000091,10,2019-12-12,02:32:54,2656.32,Debit,Completed,,Loan Payment - LN2019020000642,False,,1.22,,Automated,Vehicle Loan,standard_payment,False,loan_payment_generator
TXNL201900000350,ACC0001949,IND19008140,LN2019020000651,LDO20190000195,10,2019-12-14,04:57:09,1470.06,Debit,Completed,,Loan Payment - LN2019020000651,False,,1.52,,Automated,Home Loan,standard_payment,False,loan_payment_generator
TXNL201900000351,ACC0001745,IND19009866,LN2019020000660,LDO20190000196,10,2019-12-27,04:58:13,2815.09,Debit,Completed,,Loan Payment - LN2019020000660,False,,1.85,,Automated,Personal Loan,standard_payment,False,loan_payment_generator
TXNL201900000352,ACC0002752,IND19001256,LN2019020000662,LDO20190000197,10,2019-12-13,02:43:48,2926.81,Debit,Completed,,Loan Payment - LN2019020000662,False,,1.61,,Automated,Home Loan,standard_payment,False,loan_payment_generator
TXNL201900000353,ACC0002891,IND19002067,LN2019020000667,LDO20190000092,10,2019-12-24,03:39:03,826.81,Debit,Completed,,Loan Payment - LN2019020000667 - Partial,False,,0.27,,Automated,Home Loan,partial_payment,False,loan_payment_generator
TXNL201900000354,ACC0003164,IND19008580,LN2019020000669,LDO20190000093,9,2019-12-03,02:13:49,568.03,Debit,Completed,,Loan Payment - LN2019020000669,False,,0.61,,Automated,Home Loan,standard_payment,False,loan_payment_generator
TXNL201900000355,ACC0002224,IND19000114,LN2019020000675,LDO20190000198,10,2019-12-21,03:48:20,1024.01,Debit,Completed,,Loan Payment - LN2019020000675,False,,0.6,,Automated,Personal Loan,standard_payment,False,loan_payment_generator
TXNL201900000356,ACC0002801,IND19001180,LN2019020000682,LDO20190000094,10,2019-12-24,04:22:42,2397.97,Debit,Completed,,Loan Payment - LN2019020000682,False,,0.04,,Automated,Personal Loan,standard_payment,False,loan_payment_generator
TXNL201900000357,ACC0001912,IND19007576,LN2019020000683,LDO20190000035,10,2019-12-09,03:01:05,3252.21,Debit,Completed,,Loan Payment - LN2019020000683,False,,0.25,,Automated,Home Loan,standard_payment,False,loan_payment_generator
TXNL201900000358,ACC0003375,COM19000173,LN2019020000694,LDO20190000036,10,2019-12-24,02:27:08,47861.93,Debit,Completed,,Loan Payment - LN2019020000694,False,,1.27,,Automated,Business Loan,standard_payment,False,loan_payment_generator
TXNL201900000359,ACC0002460,IND19001065,LN2019020000697,LDO20190000037,10,2019-12-22,02:23:15,14050.07,Debit,Completed,,Loan Payment - LN2019020000697,False,,1.29,,Automated,Personal Loan,standard_payment,False,loan_payment_generator
TXNL201900000360,ACC0003301,IND19004365,LN2019020000701,LDO20190000199,10,2019-12-14,02:11:06,8336.48,Debit,Completed,,Loan Payment - LN2019020000701,False,,0.77,,Automated,Home Loan,standard_payment,False,loan_payment_generator
TXNL201900000361,ACC0002543,IND19007957,LN2019020000710,LDO20190000200,10,2019-12-27,04:57:19,740.02,Debit,Completed,,Loan Payment - LN2019020000710,False,,1.55,,Automated,Personal Loan,standard_payment,False,loan_payment_generator
TXNL201900000362,ACC0003346,IND19004315,LN2019020000712,LDO20190000038,10,2019-12-13,03:02:54,1064.22,Debit,Completed,,Loan Payment - LN2019020000712,False,,1.6,,Automated,Personal Loan,standard_payment,False,loan_payment_generator
TXNL201900000363,ACC0003374,COM19000173,LN2019020000715,LDO20190000201,10,2019-12-18,03:25:40,6081.28,Debit,Completed,,Loan Payment - LN2019020000715,False,,0.42,,Automated,Business Loan,standard_payment,False,loan_payment_generator
TXNL201900000364,ACC0002749,IND19014623,LN2019020000724,LDO20190000202,9,2019-12-04,04:48:02,1478.55,Debit,Completed,,Loan Payment - LN2019020000724,False,,0.54,,Automated,Vehicle Loan,standard_payment,False,loan_payment_generator
TXNL201900000365,ACC0002323,IND19018302,LN2019020000744,LDO20190000203,10,2019-12-14,02:47:39,2997.53,Debit,Completed,,Loan Payment - LN2019020000744,False,,0.29,,Automated,Vehicle Loan,standard_payment,False,loan_payment_generator
TXNL201900000366,ACC0001941,IND19014505,LN2019020000757,LDO20190000095,10,2019-12-25,04:25:17,1332.59,Debit,Completed,,Loan Payment - LN2019020000757,False,,1.23,,Automated,Home Loan,standard_payment,False,loan_payment_generator
TXNL201900000367,ACC0002853,IND19012294,LN2019020000765,LDO20190000097,9,2019-12-03,03:31:44,768.03,Debit,Completed,,Loan Payment - LN2019020000765,False,,0.47,,Automated,Home Loan,standard_payment,False,loan_payment_generator
TXNL201900000368,ACC0002615,IND19015330,LN2019020000779,LDO20190000204,10,2019-12-25,02:59:30,1587.18,Debit,Completed,,Loan Payment - LN2019020000779,False,,1.71,,Automated,Vehicle Loan,standard_payment,False,loan_payment_generator
TXNL201900000369,ACC0003311,IND19002488,LN2019020000785,LDO20190000205,10,2019-12-14,03:17:25,607.97,Debit,Completed,,Loan Payment - LN2019020000785,False,,0.15,,Automated,Personal Loan,standard_payment,False,loan_payment_generator
TXNL201900000370,ACC0002378,IND19000460,LN2019020000795,LDO20190000098,10,2019-12-08,04:27:27,9850.41,Debit,Completed,,Loan Payment - LN2019020000795,False,,0.25,,Automated,Home Loan,standard_payment,False,loan_payment_generator
TXNL201900000371,ACC0001849,IND19009271,LN2019020000798,LDO20190000206,10,2019-12-21,02:44:46,1732.2,Debit,Completed,,Loan Payment - LN2019020000798,False,,0.22,,Automated,Vehicle Loan,standard_payment,False,loan_payment_generator
TXNL201900000372,ACC0003146,IND19000005,LN2019020000802,LDO20190000207,10,2019-12-19,02:40:42,1563.65,Debit,Completed,,Loan Payment - LN2019020000802,False,,0.73,,Automated,Home Loan,standard_payment,False,loan_payment_generator
TXNL201900000373,ACC0002836,IND19014394,LN2019020000804,LDO20190000208,9,2019-12-04,03:07:06,1086.74,Debit,Completed,,Loan Payment - LN2019020000804,False,,0.17,,Automated,Home Loan,standard_payment,False,loan_payment_generator
TXNL201900000374,ACC0002256,IND19017147,LN2019020000814,LDO20190000039,10,2019-12-23,02:34:22,535.41,Debit,Completed,,Loan Payment - LN2019020000814,False,,1.98,,Automated,Home Loan,standard_payment,False,loan_payment_generator
TXNL201900000375,ACC0002516,IND19011025,LN2019020000819,LDO20190000209,10,2019-12-22,04:44:42,2105.97,Debit,Completed,,Loan Payment - LN2019020000819,False,,1.73,,Automated,Home Loan,standard_payment,False,loan_payment_generator
TXNL201900000376,ACC0002552,IND19001323,LN2019020000826,LDO20190000210,10,2019-12-24,03:31:32,1430.61,Debit,Completed,,Loan Payment - LN2019020000826,False,,0.37,,Automated,Personal Loan,standard_payment,False,loan_payment_generator
TXNL201900000377,ACC0002593,IND19000658,LN2019020000833,LDO20190000211,10,2019-12-17,04:16:20,2127.14,Debit,Completed,,Loan Payment - LN2019020000833,False,,0.55,,Automated,Vehicle Loan,standard_payment,False,loan_payment_generator
TXNL201900000378,ACC0002275,IND19006821,LN2019020000837,LDO20190000099,9,2019-12-04,02:19:58,3151.24,Debit,Completed,,Loan Payment - LN2019020000837,False,,0.0,,Automated,Home Loan,standard_payment,False,loan_payment_generator
TXNL201900000379,ACC0002307,IND19005300,LN2019020000862,LDO20190000212,10,2019-12-21,04:57:08,1399.17,Debit,Completed,,Loan Payment - LN2019020000862,False,,1.46,,Automated,Personal Loan,standard_payment,False,loan_payment_generator
TXNL201900000380,ACC0002829,IND19012622,LN2019020000865,LDO20190000100,10,2019-12-25,02:23:05,4757.06,Debit,Completed,,Loan Payment - LN2019020000865,False,,0.02,,Automated,Home Loan,standard_payment,False,loan_payment_generator
TXNL201900000381,ACC0003073,IND19006240,LN2019020000878,LDO20190000213,9,2019-12-05,04:14:58,1537.76,Debit,Completed,,Loan Payment - LN2019020000878,False,,1.44,,Automated,Home Loan,standard_payment,False,loan_payment_generator
TXNL201900000382,ACC0002311,IND19000946,LN2019020000882,LDO20190000101,10,2019-12-14,02:18:58,3477.54,Debit,Completed,,Loan Payment - LN2019020000882,False,,1.39,,Automated,Home Loan,standard_payment,False,loan_payment_generator
TXNL201900000383,ACC0003363,IND19015447,LN2019020000889,LDO20190000214,10,2019-12-25,02:28:04,1507.65,Debit,Completed,,Loan Payment - LN2019020000889,False,,1.14,,Automated,Vehicle Loan,standard_payment,False,loan_payment_generator
TXNL201900000384,ACC0002945,IND19009436,LN2019020000890,LDO20190000215,10,2019-12-27,03:09:54,1112.44,Debit,Completed,,Loan Payment - LN2019020000890 - Recovery,False,,1.03,,Automated,Vehicle Loan,recovery_payment,True,loan_payment_generator
TXNL201900000385,ACC0002887,IND19008351,LN2019020000892,LDO20190000040,10,2019-12-14,03:11:42,1566.77,Debit,Completed,,Loan Payment - LN2019020000892,False,,1.01,,Automated,Vehicle Loan,standard_payment,False,loan_payment_generator
TXNL201900000386,ACC0002266,IND19017038,LN2019020000905,LDO20190000041,10,2019-12-27,02:04:08,940.77,Debit,Completed,,Loan Payment - LN2019020000905,False,,0.92,,Automated,Vehicle Loan,standard_payment,False,loan_payment_generator
TXNL201900000387,ACC0002950,IND19012612,LN2019020000909,LDO20190000016,9,2019-12-07,03:39:14,1553.66,Debit,Completed,,Loan Payment - LN2019020000909,False,,0.71,,Automated,Vehicle Loan,standard_payment,False,loan_payment_generator
TXNL201900000388,ACC0001724,IND19013608,LN2019020000924,LDO20190000217,9,2019-12-06,02:17:02,1689.27,Debit,Completed,,Loan Payment - LN2019020000924,False,,0.05,,Automated,Home Loan,standard_payment,False,loan_payment_generator
TXNL201900000389,ACC0002938,IND19013981,LN2019020000925,LDO20190000218,9,2019-12-03,04:59:54,4511.02,Debit,Completed,,Loan Payment - LN2019020000925,False,,0.85,,Automated,Vehicle Loan,standard_payment,False,loan_payment_generator
TXNL201900000390,ACC0001935,IND19000364,LN2019020000927,LDO20190000219,10,2019-12-17,04:18:07,4891.37,Debit,Completed,,Loan Payment - LN2019020000927,False,,0.76,,Automated,Home Loan,standard_payment,False,loan_payment_generator
TXNL201900000391,ACC0002850,IND19013194,LN2019020000934,LDO20190000220,10,2019-12-08,02:03:32,4478.19,Debit,Completed,,Loan Payment - LN2019020000934,False,,0.66,,Automated,Home Loan,standard_payment,False,loan_payment_generator
TXNL201900000392,ACC0001833,IND19014374,LN2019020000935,LDO20190000004,10,2019-12-23,04:21:50,3625.0,Debit,Completed,,Loan Payment - LN2019020000935,False,,0.14,,Automated,Personal Loan,standard_payment,False,loan_payment_generator
TXNL201900000393,ACC0002545,IND19010159,LN2019020000936,LDO20190000221,10,2019-12-21,03:32:51,2435.95,Debit,Completed,,Loan Payment - LN2019020000936,False,,0.7,,Automated,Home Loan,standard_payment,False,loan_payment_generator
TXNL201900000394,ACC0002078,IND19001195,LN2019020000937,LDO20190000222,10,2019-12-24,02:42:34,324.51,Debit,Completed,,Loan Payment - LN2019020000937,False,,0.62,,Automated,Home Loan,standard_payment,False,loan_payment_generator
TXNL201900000395,ACC0002351,IND19016075,LN2019020000960,LDO20190000223,10,2019-12-11,03:01:12,1836.24,Debit,Completed,,Loan Payment - LN2019020000960,False,,1.51,,Automated,Vehicle Loan,standard_payment,False,loan_payment_generator
TXNL201900000396,ACC0002105,IND19009176,LN2019020000964,LDO20190000224,10,2019-12-17,04:28:09,2557.52,Debit,Completed,,Loan Payment - LN2019020000964,False,,0.52,,Automated,Home Loan,standard_payment,False,loan_payment_generator
TXNL201900000397,ACC0003026,IND19011008,LN2019020000966,LDO20190000042,10,2019-12-14,03:15:41,4535.52,Debit,Cancelled,customer_stop_instruction,Loan Payment - LN2019020000966,False,,1.79,,Automated,Home Loan,standard_payment,False,loan_payment_generator
TXNL201900000398,ACC0003362,IND19014898,LN2019020000972,LDO20190000017,10,2019-12-25,04:14:54,1767.14,Debit,Completed,,Loan Payment - LN2019020000972,False,,1.61,,Automated,Personal Loan,standard_payment,False,loan_payment_generator
TXNL201900000399,ACC0003052,IND19013959,LN2019020000974,LDO20190000225,9,2019-12-02,03:10:34,1601.82,Debit,Completed,,Loan Payment - LN2019020000974,False,,0.37,,Automated,Vehicle Loan,standard_payment,False,loan_payment_generator
TXNL201900000400,ACC0001979,IND19013869,LN2019020000975,,10,2019-12-25,06:16:54,1940.43,Debit,Completed,,Loan Payment - LN2019020000975,False,,2.5,,Mobile,Home Loan,standard_payment,False,loan_payment_generator
TXNL201900000401,ACC0002392,IND19003391,LN2019020000981,LDO20190000043,10,2019-12-23,02:15:54,4118.64,Debit,Cancelled,customer_stop_instruction,Loan Payment - LN2019020000981,False,,1.7,,Automated,Home Loan,standard_payment,False,loan_payment_generator
TXNL201900000402,ACC0002715,IND19015450,LN2019020000985,LDO20190000226,10,2019-12-17,03:31:11,696.78,Debit,Completed,,Loan Payment - LN2019020000985,False,,0.82,,Automated,Home Loan,standard_payment,False,loan_payment_generator
TXNL201900000403,ACC0002872,IND19004247,LN2019020000990,LDO20190000044,10,2019-12-22,02:26:31,791.46,Debit,Completed,,Loan Payment - LN2019020000990,False,,1.77,,Automated,Home Loan,standard_payment,False,loan_payment_generator
TXNL201900000404,ACC0002357,IND19009146,LN2019020001004,LDO20190000102,10,2019-12-27,02:17:22,283.72,Debit,Completed,,Loan Payment - LN2019020001004,False,,2.0,,Automated,Home Loan,standard_payment,False,loan_payment_generator
TXNL201900000405,ACC0003180,IND19013395,LN2019020001006,LDO20190000227,10,2019-12-20,04:56:09,547.8,Debit,Completed,,Loan Payment - LN2019020001006 - Partial,False,,0.23,,Automated,Vehicle Loan,partial_payment,False,loan_payment_generator
TXNL201900000406,ACC0002603,IND19013546,LN2019020001008,LDO20190000228,9,2019-12-08,04:59:50,1929.87,Debit,Completed,,Loan Payment - LN2019020001008,False,,1.17,,Automated,Vehicle Loan,standard_payment,False,loan_payment_generator
TXNL201900000407,ACC0002360,IND19002649,LN2019020001017,LDO20190000229,10,2019-12-28,02:15:13,616.38,Debit,Completed,,Loan Payment - LN2019020001017,False,,1.15,,Automated,Home Loan,standard_payment,False,loan_payment_generator
TXNL201900000408,ACC0003387,COM19000040,LN2019020001037,LDO20190000230,10,2019-12-11,02:37:52,3782.99,Debit,Completed,,Loan Payment - LN2019020001037,False,,0.34,,Automated,Business Loan,standard_payment,False,loan_payment_generator
TXNL201900000409,ACC0003126,IND19007989,LN2019020001039,LDO20190000007,10,2019-12-25,04:55:52,1798.74,Debit,Completed,,Loan Payment - LN2019020001039,False,,1.32,,Automated,Vehicle Loan,standard_payment,False,loan_payment_generator
TXNL201900000410,ACC0002094,IND19009892,LN2019020001042,LDO20190000008,10,2019-12-21,02:58:50,317.27,Debit,Completed,,Loan Payment - LN2019020001042,False,,0.48,,Automated,Home Loan,standard_payment,False,loan_payment_generator
TXNL201900000411,ACC0002922,IND19017388,LN2019020001066,LDO20190000103,10,2019-12-26,03:04:59,3091.61,Debit,Completed,,Loan Payment - LN2019020001066,False,,0.57,,Automated,Personal Loan,standard_payment,False,loan_payment_generator
TXNL201900000412,ACC0003103,IND19002063,LN2019020001071,LDO20190000104,10,2019-12-28,02:05:07,1847.29,Debit,Completed,,Loan Payment - LN2019020001071,False,,1.67,,Automated,Home Loan,standard_payment,False,loan_payment_generator
TXNL201900000413,ACC0002842,IND19014493,LN2019020001076,LDO20190000018,10,2019-12-26,04:33:22,821.56,Debit,Completed,,Loan Payment - LN2019020001076,False,,0.69,,Automated,Home Loan,standard_payment,False,loan_payment_generator
TXNL201900000414,ACC0002380,IND19009296,LN2019020001080,LDO20190000231,10,2019-12-12,04:48:51,753.89,Debit,Completed,,Loan Payment - LN2019020001080,False,,0.07,,Automated,Home Loan,standard_payment,False,loan_payment_generator
TXNL201900000415,ACC0002532,IND19011247,LN2019020001085,LDO20190000232,9,2019-12-04,02:18:18,6086.03,Debit,Completed,,Loan Payment - LN2019020001085,False,,0.81,,Automated,Vehicle Loan,standard_payment,False,loan_payment_generator
TXNL201900000416,ACC0001696,IND19002701,LN2019020001092,LDO20190000105,10,2019-12-22,04:15:23,3045.49,Debit,Completed,,Loan Payment - LN2019020001092,False,,0.39,,Automated,Home Loan,standard_payment,False,loan_payment_generator
TXNL201900000417,ACC0002035,IND19007323,LN2019020001096,LDO20190000106,10,2019-12-12,03:30:18,2243.88,Debit,Completed,,Loan Payment - LN2019020001096,False,,1.66,,Automated,Personal Loan,standard_payment,False,loan_payment_generator
TXNL201900000418,ACC0002258,IND19014680,LN2019020001105,LDO20190000107,10,2019-12-20,03:42:45,954.34,Debit,Completed,,Loan Payment - LN2019020001105,False,,0.73,,Automated,Home Loan,standard_payment,False,loan_payment_generator
TXNL201900000419,ACC0001973,IND19016866,LN2019020001109,LDO20190000233,9,2019-12-07,03:43:03,174.42,Debit,Completed,,Loan Payment - LN2019020001109,False,,0.77,,Automated,Home Loan,standard_payment,False,loan_payment_generator
TXNL201900000420,ACC0003282,IND19007494,LN2019020001115,LDO20190000234,10,2019-12-25,03:37:51,1527.34,Debit,Completed,,Loan Payment - LN2019020001115,False,,0.69,,Automated,Home Loan,standard_payment,False,loan_payment_generator
TXNL201900000421,ACC0002616,IND19013889,LN2019020001123,LDO20190000108,9,2019-12-10,02:04:41,3074.89,Debit,Completed,,Loan Payment - LN2019020001123,False,,0.65,,Automated,Home Loan,standard_payment,False,loan_payment_generator
TXNL201900000422,ACC0002088,IND19007131,LN2019020001137,LDO20190000235,10,2019-12-21,04:25:51,2386.69,Debit,Failed,bank_timeout,Loan Payment - LN2019020001137,False,,0.98,,Automated,Personal Loan,standard_payment,False,loan_payment_generator
TXNL201900000423,ACC0002746,IND19001135,LN2019020001140,LDO20190000236,10,2019-12-15,04:17:19,444.68,Debit,Completed,,Loan Payment - LN2019020001140,False,,0.37,,Automated,Home Loan,standard_payment,False,loan_payment_generator
TXNL201900000424,ACC0002796,IND19012904,LN2019020001152,LDO20190000109,10,2019-12-20,02:38:18,2746.27,Debit,Completed,,Loan Payment - LN2019020001152,False,,1.56,,Automated,Personal Loan,standard_payment,False,loan_payment_generator
TXNL201900000425,ACC0001931,IND19007273,LN2019020001154,LDO20190000110,10,2019-12-23,02:44:35,5304.28,Debit,Completed,,Loan Payment - LN2019020001154,False,,1.78,,Automated,Home Loan,standard_payment,False,loan_payment_generator
TXNL201900000426,ACC0001963,IND19000852,LN2019020001162,LDO20190000237,9,2019-12-02,02:22:36,2113.68,Debit,Completed,,Loan Payment - LN2019020001162,False,,1.98,,Automated,Vehicle Loan,standard_payment,False,loan_payment_generator
TXNL201900000427,ACC0003255,IND19007580,LN2019020001166,LDO20190000238,9,2019-12-04,03:02:45,4556.35,Debit,Completed,,Loan Payment - LN2019020001166,False,,0.22,,Automated,Personal Loan,standard_payment,False,loan_payment_generator
TXNL201900000428,ACC0002548,IND19009203,LN2019020001173,LDO20190000239,10,2019-12-15,03:33:31,1358.4,Debit,Completed,,Loan Payment - LN2019020001173,False,,1.5,,Automated,Vehicle Loan,standard_payment,False,loan_payment_generator
TXNL201900000429,ACC0002414,IND19014095,LN2019020001175,LDO20190000240,10,2019-12-12,04:58:17,2140.35,Debit,Completed,,Loan Payment - LN2019020001175,False,,0.85,,Automated,Personal Loan,standard_payment,False,loan_payment_generator
TXNL201900000430,ACC0003373,COM19000122,LN2019020001179,LDO20190000019,9,2019-12-03,04:08:15,9892.51,Debit,Completed,,Loan Payment - LN2019020001179,False,,1.57,,Automated,Business Loan,standard_payment,False,loan_payment_generator
TXNL201900000431,ACC0003382,COM19000138,LN2019020001182,LDO20190000241,9,2019-12-07,03:53:51,43341.88,Debit,Completed,,Loan Payment - LN2019020001182,False,,0.82,,Automated,Business Loan,standard_payment,False,loan_payment_generator
TXNL201900000432,ACC0002883,IND19001519,LN2019020001184,LDO20190000045,10,2019-12-19,02:53:38,4495.62,Debit,Completed,,Loan Payment - LN2019020001184,False,,1.42,,Automated,Personal Loan,standard_payment,False,loan_payment_generator
TXNL201900000433,ACC0002914,IND19000645,LN2019020001200,LDO20190000242,10,2019-12-23,03:09:43,1199.23,Debit,Completed,,Loan Payment - LN2019020001200,False,,0.78,,Automated,Personal Loan,standard_payment,False,loan_payment_generator
TXNL201900000434,ACC0002010,IND19014883,LN2019020001206,LDO20190000243,10,2019-12-19,04:22:56,1419.76,Debit,Completed,,Loan Payment - LN2019020001206,False,,1.48,,Automated,Vehicle Loan,standard_payment,False,loan_payment_generator
TXNL201900000435,ACC0002804,IND19008905,LN2019020001208,LDO20190000244,9,2019-12-05,02:38:49,2772.91,Debit,Completed,,Loan Payment - LN2019020001208,False,,1.57,,Automated,Vehicle Loan,standard_payment,False,loan_payment_generator
TXNL201900000436,ACC0003009,IND19000437,LN2019020001218,LDO20190000245,10,2019-12-12,04:52:29,1473.91,Debit,Completed,,Loan Payment - LN2019020001218,False,,1.07,,Automated,Vehicle Loan,standard_payment,False,loan_payment_generator
TXNL201900000437,ACC0002355,IND19008560,LN2019020001219,LDO20190000111,10,2019-12-24,03:24:35,1553.81,Debit,Completed,,Loan Payment - LN2019020001219,False,,0.49,,Automated,Vehicle Loan,standard_payment,False,loan_payment_generator
TXNL201900000438,ACC0002716,IND19017246,LN2019020001222,LDO20190000112,10,2019-12-27,03:00:22,3796.2,Debit,Completed,,Loan Payment - LN2019020001222,False,,1.46,,Automated,Personal Loan,standard_payment,False,loan_payment_generator
TXNL201900000439,ACC0003356,IND19007954,LN2019020001223,LDO20190000246,10,2019-12-25,04:47:01,9523.02,Debit,Completed,,Loan Payment - LN2019020001223,False,,1.51,,Automated,Personal Loan,standard_payment,False,loan_payment_generator
TXNL201900000440,ACC0002600,IND19015358,LN2019020001229,LDO20190000046,10,2019-12-09,04:25:52,491.51,Debit,Completed,,Loan Payment - LN2019020001229,False,,1.45,,Automated,Home Loan,standard_payment,False,loan_payment_generator
TXNL201900000441,ACC0002246,IND19004617,LN2019020001243,LDO20190000113,10,2019-12-25,03:46:39,5200.98,Debit,Completed,,Loan Payment - LN2019020001243,False,,1.82,,Automated,Home Loan,standard_payment,False,loan_payment_generator
TXNL201900000442,ACC0003075,IND19016421,LN2019020001249,LDO20190000114,10,2019-12-16,03:24:42,1810.88,Debit,Completed,,Loan Payment - LN2019020001249,False,,1.45,,Automated,Personal Loan,standard_payment,False,loan_payment_generator
TXNL201900000443,ACC0002427,IND19009616,LN2019020001250,LDO20190000115,9,2019-12-02,02:47:31,3894.08,Debit,Completed,,Loan Payment - LN2019020001250,False,,0.06,,Automated,Personal Loan,standard_payment,False,loan_payment_generator
TXNL201900000444,ACC0001882,IND19006814,LN2019020001256,LDO20190000047,10,2019-12-21,02:44:56,5583.94,Debit,Completed,,Loan Payment - LN2019020001256,False,,0.59,,Automated,Personal Loan,standard_payment,False,loan_payment_generator
TXNL201900000445,ACC0002651,IND19009080,LN2019020001275,LDO20190000116,10,2019-12-21,02:43:08,1804.02,Debit,Completed,,Loan Payment - LN2019020001275,False,,0.81,,Automated,Vehicle Loan,standard_payment,False,loan_payment_generator
TXNL201900000446,ACC0001686,IND19008913,LN2019020001278,LDO20190000117,10,2019-12-23,03:33:25,587.4,Debit,Completed,,Loan Payment - LN2019020001278,False,,1.66,,Automated,Home Loan,standard_payment,False,loan_payment_generator
TXNL201900000447,ACC0002843,IND19009059,LN2019020001279,LDO20190000247,10,2019-12-11,03:33:54,1661.09,Debit,Completed,,Loan Payment - LN2019020001279,False,,1.48,,Automated,Home Loan,standard_payment,False,loan_payment_generator
TXNL201900000448,ACC0003172,IND19000281,LN2019020001280,LDO20190000248,9,2019-12-02,02:50:36,217.27,Debit,Completed,,Loan Payment - LN2019020001280,False,,0.04,,Automated,Home Loan,standard_payment,False,loan_payment_generator
TXNL201900000449,ACC0002219,IND19006312,LN2019020001283,LDO20190000118,9,2019-12-03,03:52:59,2061.08,Debit,Completed,,Loan Payment - LN2019020001283,False,,1.14,,Automated,Home Loan,standard_payment,False,loan_payment_generator
TXNL201900000450,ACC0002854,IND19005459,LN2019020001284,LDO20190000048,9,2019-12-01,03:18:17,2475.14,Debit,Completed,,Loan Payment - LN2019020001284,False,,1.25,,Automated,Vehicle Loan,standard_payment,False,loan_payment_generator
TXNL201900000451,ACC0002285,IND19014584,LN2019020001295,LDO20190000249,10,2019-12-27,04:48:43,3081.3,Debit,Completed,,Loan Payment - LN2019020001295,False,,0.26,,Automated,Personal Loan,standard_payment,False,loan_payment_generator
TXNL201900000452,ACC0002565,IND19014379,LN2019020001297,LDO20190000250,9,2019-12-01,04:16:24,1762.53,Debit,Completed,,Loan Payment - LN2019020001297,False,,0.22,,Automated,Home Loan,standard_payment,False,loan_payment_generator
TXNL201900000453,ACC0002706,IND19008660,LN2019020001302,LDO20190000251,9,2019-12-03,04:06:22,1028.93,Debit,Completed,,Loan Payment - LN2019020001302,False,,0.2,,Automated,Vehicle Loan,standard_payment,False,loan_payment_generator
TXNL201900000454,ACC0002608,IND19002868,LN2019020001303,LDO20190000252,9,2019-12-03,03:13:27,537.81,Debit,Completed,,Loan Payment - LN2019020001303,False,,1.78,,Automated,Vehicle Loan,standard_payment,False,loan_payment_generator
TXNL201900000455,ACC0003229,IND19017654,LN2019020001304,LDO20190000119,9,2019-12-04,02:12:59,1778.22,Debit,Completed,,Loan Payment - LN2019020001304,False,,1.89,,Automated,Vehicle Loan,standard_payment,False,loan_payment_generator
TXNL201900000456,ACC0002126,IND19017584,LN2019020001307,LDO20190000253,10,2019-12-08,03:34:00,560.85,Debit,Completed,,Loan Payment - LN2019020001307,False,,0.76,,Automated,Personal Loan,standard_payment,False,loan_payment_generator
TXNL201900000457,ACC0002865,IND19014744,LN2019020001331,LDO20190000049,10,2019-12-24,02:58:54,2376.76,Debit,Completed,,Loan Payment - LN2019020001331,False,,1.42,,Automated,Home Loan,standard_payment,False,loan_payment_generator
TXNL201900000458,ACC0003085,IND19014153,LN2019020001339,LDO20190000120,10,2019-12-10,04:56:57,3212.38,Debit,Completed,,Loan Payment - LN2019020001339 - Late Fee,False,,0.76,,Automated,Home Loan,late_payment,False,loan_payment_generator
TXNL201900000459,ACC0002844,IND19010577,LN2019020001341,LDO20190000121,10,2019-12-24,03:02:58,458.98,Debit,Completed,,Loan Payment - LN2019020001341,False,,1.05,,Automated,Home Loan,standard_payment,False,loan_payment_generator
TXNL201900000460,ACC0001982,IND19011705,LN2019020001344,LDO20190000050,9,2019-12-02,02:59:28,1430.9,Debit,Completed,,Loan Payment - LN2019020001344,False,,0.55,,Automated,Personal Loan,standard_payment,False,loan_payment_generator
TXNL201900000461,ACC0003348,IND19007382,LN2019020001350,LDO20190000122,9,2019-12-03,04:12:36,432.03,Debit,Completed,,Loan Payment - LN2019020001350,False,,0.79,,Automated,Home Loan,standard_payment,False,loan_payment_generator
TXNL201900000462,ACC0002667,IND19017137,LN2019020001354,LDO20190000254,10,2019-12-08,04:27:41,2323.52,Debit,Completed,,Loan Payment - LN2019020001354,False,,0.45,,Automated,Vehicle Loan,standard_payment,False,loan_payment_generator
TXNL201900000463,ACC0002043,IND19013344,LN2019020001362,LDO20190000123,10,2019-12-27,04:38:24,5082.63,Debit,Completed,,Loan Payment - LN2019020001362,False,,0.68,,Automated,Home Loan,standard_payment,False,loan_payment_generator
TXNL201900000464,ACC0002386,IND19005252,LN2019020001365,LDO20190000124,10,2019-12-27,03:23:19,3006.04,Debit,Completed,,Loan Payment - LN2019020001365,False,,1.55,,Automated,Home Loan,standard_payment,False,loan_payment_generator
TXNL201900000465,ACC0002944,IND19011863,LN2019020001367,LDO20190000125,10,2019-12-26,04:58:53,12053.02,Debit,Completed,,Loan Payment - LN2019020001367,False,,1.62,,Automated,Personal Loan,standard_payment,False,loan_payment_generator
TXNL201900000466,ACC0001839,IND19013991,LN2019020001369,LDO20190000126,10,2019-12-23,04:43:58,1996.53,Debit,Completed,,Loan Payment - LN2019020001369,False,,0.26,,Automated,Home Loan,standard_payment,False,loan_payment_generator
TXNL201900000467,ACC0002465,IND19016811,LN2019020001377,LDO20190000255,9,2019-12-05,02:18:51,1543.7,Debit,Completed,,Loan Payment - LN2019020001377,False,,1.13,,Automated,Personal Loan,standard_payment,False,loan_payment_generator
TXNL201900000468,ACC0001894,IND19004378,LN2019020001378,LDO20190000127,9,2019-12-05,03:45:14,1609.2,Debit,Completed,,Loan Payment - LN2019020001378,False,,0.66,,Automated,Home Loan,standard_payment,False,loan_payment_generator
TXNL201900000469,ACC0003318,IND19006216,LN2019020001380,LDO20190000128,9,2019-12-07,04:39:07,2094.85,Debit,Completed,,Loan Payment - LN2019020001380,False,,0.23,,Automated,Personal Loan,standard_payment,False,loan_payment_generator
TXNL201900000470,ACC0002531,IND19001693,LN2019020001383,LDO20190000256,10,2019-12-12,03:21:09,3180.5,Debit,Completed,,Loan Payment - LN2019020001383,False,,1.02,,Automated,Home Loan,standard_payment,False,loan_payment_generator
TXNL201900000471,ACC0003067,IND19018432,LN2019020001385,LDO20190000257,10,2019-12-17,04:58:39,4889.5,Debit,Completed,,Loan Payment - LN2019020001385,False,,1.87,,Automated,Home Loan,standard_payment,False,loan_payment_generator
TXNL201900000472,ACC0002086,IND19008021,LN2019020001388,LDO20190000258,9,2019-12-02,02:38:29,7694.59,Debit,Completed,,Loan Payment - LN2019020001388 - Partial,False,,1.21,,Automated,Personal Loan,partial_payment,False,loan_payment_generator
TXNL201900000473,ACC0002270,IND19008555,LN2019020001392,LDO20190000051,10,2019-12-19,04:04:49,2802.46,Debit,Completed,,Loan Payment - LN2019020001392,False,,0.91,,Automated,Vehicle Loan,standard_payment,False,loan_payment_generator
TXNL201900000474,ACC0002271,IND19005363,LN2019020001405,LDO20190000129,10,2019-12-18,03:01:31,682.27,Debit,Completed,,Loan Payment - LN2019020001405,False,,0.53,,Automated,Vehicle Loan,standard_payment,False,loan_payment_generator
TXNL201900000475,ACC0002819,IND19016628,LN2019020001421,LDO20190000259,10,2019-12-19,02:35:32,1829.67,Debit,Completed,,Loan Payment - LN2019020001421,False,,0.73,,Automated,Personal Loan,standard_payment,False,loan_payment_generator
TXNL201900000476,ACC0002781,IND19014982,LN2019020001437,LDO20190000052,10,2019-12-21,04:22:29,2580.86,Debit,Failed,mandate_limit,Loan Payment - LN2019020001437,False,,1.6,,Automated,Home Loan,standard_payment,False,loan_payment_generator
TXNL201900000477,ACC0003309,IND19012910,LN2019020001438,LDO20190000260,10,2019-12-18,04:52:04,629.22,Debit,Completed,,Loan Payment - LN2019020001438,False,,1.07,,Automated,Personal Loan,standard_payment,False,loan_payment_generator
TXNL201900000478,ACC0001887,IND19001120,LN2019020001448,LDO20190000261,9,2019-12-06,04:03:57,1710.45,Debit,Completed,,Loan Payment - LN2019020001448,False,,1.92,,Automated,Home Loan,standard_payment,False,loan_payment_generator
TXNL201900000479,ACC0001924,IND19001686,LN2019020001456,LDO20190000130,10,2019-12-15,02:07:29,8307.36,Debit,Completed,,Loan Payment - LN2019020001456,False,,0.66,,Automated,Home Loan,standard_payment,False,loan_payment_generator
TXNL201900000480,ACC0002986,IND19008991,LN2019020001462,LDO20190000262,10,2019-12-27,03:43:34,2225.57,Debit,Completed,,Loan Payment - LN2019020001462,False,,1.67,,Automated,Personal Loan,standard_payment,False,loan_payment_generator
TXNL201900000481,ACC0002313,IND19000581,LN2019020001463,LDO20190000263,9,2019-12-01,03:57:54,1624.82,Debit,Completed,,Loan Payment - LN2019020001463,False,,1.66,,Automated,Home Loan,standard_payment,False,loan_payment_generator
TXNL201900000482,ACC0002541,IND19004970,LN2019020001474,LDO20190000264,10,2019-12-18,03:38:03,1037.6,Debit,Completed,,Loan Payment - LN2019020001474,False,,0.58,,Automated,Home Loan,standard_payment,False,loan_payment_generator
TXNL201900000483,ACC0001943,IND19008817,LN2019020001478,LDO20190000131,10,2019-12-25,02:17:10,2082.42,Debit,Completed,,Loan Payment - LN2019020001478,False,,1.25,,Automated,Vehicle Loan,standard_payment,False,loan_payment_generator
TXNL201900000484,ACC0001683,IND19010211,LN2019020001483,LDO20190000265,10,2019-12-16,04:43:41,2642.7,Debit,Completed,,Loan Payment - LN2019020001483,False,,1.72,,Automated,Vehicle Loan,standard_payment,False,loan_payment_generator
TXNL201900000485,ACC0002525,IND19004722,LN2019020001484,LDO20190000053,10,2019-12-21,02:36:21,2876.27,Debit,Completed,,Loan Payment - LN2019020001484,False,,1.85,,Automated,Personal Loan,standard_payment,False,loan_payment_generator
TXNL201900000486,ACC0002484,IND19004147,LN2019020001508,LDO20190000266,10,2019-12-20,03:52:36,1841.6,Debit,Completed,,Loan Payment - LN2019020001508,False,,0.21,,Automated,Home Loan,standard_payment,False,loan_payment_generator
TXNL201900000487,ACC0003296,IND19010605,LN2019020001509,LDO20190000054,9,2019-12-01,04:47:58,1139.89,Debit,Completed,,Loan Payment - LN2019020001509,False,,1.94,,Automated,Personal Loan,standard_payment,False,loan_payment_generator
TXNL201900000488,ACC0003244,IND19013831,LN2019020001511,LDO20190000267,10,2019-12-11,04:28:55,2369.53,Debit,Completed,,Loan Payment - LN2019020001511,False,,0.2,,Automated,Vehicle Loan,standard_payment,False,loan_payment_generator
TXNL201900000489,ACC0002884,IND19002085,LN2019020001512,LDO20190000132,10,2019-12-22,04:39:36,415.57,Debit,Completed,,Loan Payment - LN2019020001512,False,,1.52,,Automated,Personal Loan,standard_payment,False,loan_payment_generator
TXNL201900000490,ACC0001787,IND19006089,LN2019020001517,LDO20190000133,9,2019-12-05,03:23:10,5200.61,Debit,Completed,,Loan Payment - LN2019020001517,False,,1.79,,Automated,Home Loan,standard_payment,False,loan_payment_generator
TXNL201900000491,ACC0002408,IND19009301,LN2019020001526,LDO20190000268,10,2019-12-16,04:32:57,5924.63,Debit,Completed,,Loan Payment - LN2019020001526,False,,0.13,,Automated,Personal Loan,standard_payment,False,loan_payment_generator
TXNL201900000492,ACC0002325,IND19016171,LN2019020001529,LDO20190000269,10,2019-12-27,02:40:16,1154.7,Debit,Completed,,Loan Payment - LN2019020001529,False,,0.34,,Automated,Vehicle Loan,standard_payment,False,loan_payment_generator
TXNL201900000493,ACC0002031,IND19007650,LN2019020001530,LDO20190000270,10,2019-12-28,03:20:32,2382.84,Debit,Completed,,Loan Payment - LN2019020001530,False,,0.63,,Automated,Vehicle Loan,standard_payment,False,loan_payment_generator
TXNL201900000494,ACC0002674,IND19014651,LN2019020001536,LDO20190000055,10,2019-12-13,03:51:40,1251.24,Debit,Completed,,Loan Payment - LN2019020001536,False,,0.9,,Automated,Home Loan,standard_payment,False,loan_payment_generator
TXNL201900000495,ACC0001964,IND19008409,LN2019020001539,LDO20190000271,10,2019-12-19,02:42:07,1350.81,Debit,Completed,,Loan Payment - LN2019020001539,False,,1.1,,Automated,Vehicle Loan,standard_payment,False,loan_payment_generator
TXNL201900000496,ACC0002771,IND19011631,LN2019020001543,LDO20190000272,9,2019-12-02,03:06:04,2547.21,Debit,Completed,,Loan Payment - LN2019020001543,False,,0.53,,Automated,Vehicle Loan,standard_payment,False,loan_payment_generator
TXNL201900000497,ACC0002828,IND19012622,LN2019020001549,LDO20190000134,10,2019-12-26,02:08:34,4329.31,Debit,Completed,,Loan Payment - LN2019020001549,False,,0.58,,Automated,Home Loan,standard_payment,False,loan_payment_generator
TXNL201900000498,ACC0002736,IND19015711,LN2019020001555,LDO20190000273,9,2019-12-08,03:40:01,7311.86,Debit,Completed,,Loan Payment - LN2019020001555,False,,1.67,,Automated,Home Loan,standard_payment,False,loan_payment_generator
TXNL201900000499,ACC0003106,IND19016907,LN2019020001560,LDO20190000020,9,2019-12-05,03:18:27,2506.76,Debit,Completed,,Loan Payment - LN2019020001560,False,,0.21,,Automated,Home Loan,standard_payment,False,loan_payment_generator
TXNL201900000500,ACC0002358,IND19017857,LN2019020001563,LDO20190000274,9,2019-12-03,02:28:56,4140.97,Debit,Completed,,Loan Payment - LN2019020001563,False,,1.1,,Automated,Personal Loan,standard_payment,False,loan_payment_generator
TXNL201900000501,ACC0003136,IND19002072,LN2019020001570,LDO20190000021,10,2019-12-17,02:56:16,9835.06,Debit,Completed,,Loan Payment - LN2019020001570,False,,0.01,,Automated,Personal Loan,standard_payment,False,loan_payment_generator
TXNL201900000502,ACC0001800,IND19010748,LN2019020001576,LDO20190000275,10,2019-12-22,02:54:23,934.85,Debit,Failed,account_blocked,Loan Payment - LN2019020001576,False,,0.54,,Automated,Home Loan,standard_payment,False,loan_payment_generator
TXNL201900000503,ACC0002118,IND19002552,LN2019020001587,LDO20190000056,10,2019-12-18,04:58:05,1812.57,Debit,Completed,,Loan Payment - LN2019020001587,False,,0.64,,Automated,Home Loan,standard_payment,False,loan_payment_generator
TXNL201900000504,ACC0002418,IND19013797,LN2019020001588,LDO20190000276,10,2019-12-14,02:52:26,3342.99,Debit,Completed,,Loan Payment - LN2019020001588,False,,1.44,,Automated,Vehicle Loan,standard_payment,False,loan_payment_generator
TXNL201900000505,ACC0002407,IND19009301,LN2019020001589,LDO20190000277,9,2019-12-02,03:56:03,867.02,Debit,Completed,,Loan Payment - LN2019020001589,False,,0.35,,Automated,Home Loan,standard_payment,False,loan_payment_generator
TXNL201900000506,ACC0002729,IND19003746,LN2019020001596,LDO20190000278,9,2019-12-04,03:35:43,992.54,Debit,Failed,bank_timeout,Loan Payment - LN2019020001596,False,,0.83,,Automated,Home Loan,standard_payment,False,loan_payment_generator
TXNL201900000507,ACC0003379,COM19000033,LN2019020001598,LDO20190000279,10,2019-12-16,03:27:04,7293.75,Debit,Completed,,Loan Payment - LN2019020001598,False,,1.48,,Automated,Business Loan,standard_payment,False,loan_payment_generator
TXNL201900000508,ACC0002504,IND19013977,LN2019020001601,LDO20190000135,9,2019-12-02,04:28:35,12076.83,Debit,Completed,,Loan Payment - LN2019020001601,False,,0.2,,Automated,Personal Loan,standard_payment,False,loan_payment_generator
TXNL201900000509,ACC0002096,IND19003254,LN2019020001615,LDO20190000136,10,2019-12-26,03:58:03,5224.83,Debit,Completed,,Loan Payment - LN2019020001615,False,,1.46,,Automated,Personal Loan,standard_payment,False,loan_payment_generator
TXNL201900000510,ACC0002510,IND19002274,LN2019020001617,LDO20190000137,10,2019-12-27,04:31:18,2228.21,Debit,Completed,,Loan Payment - LN2019020001617,False,,1.55,,Automated,Home Loan,standard_payment,False,loan_payment_generator
TXNL201900000511,ACC0001705,IND19014082,LN2019020001618,LDO20190000057,10,2019-12-22,02:21:58,1736.23,Debit,Completed,,Loan Payment - LN2019020001618,False,,1.19,,Automated,Home Loan,standard_payment,False,loan_payment_generator
TXNL201900000512,ACC0002822,IND19006281,LN2019020001622,LDO20190000280,9,2019-12-02,03:00:10,4500.29,Debit,Completed,,Loan Payment - LN2019020001622,False,,0.21,,Automated,Vehicle Loan,standard_payment,False,loan_payment_generator
TXNL201900000513,ACC0005214,IND19006678,LN2019030000006,LDO20190000022,9,2019-12-12,04:46:03,3968.84,Debit,Completed,,Loan Payment - LN2019030000006,False,,0.85,,Automated,Home Loan,standard_payment,False,loan_payment_generator
TXNL201900000514,ACC0003560,IND19010424,LN2019030000010,LDO20190000281,9,2019-12-18,02:47:33,1231.21,Debit,Completed,,Loan Payment - LN2019030000010,False,,1.5,,Automated,Home Loan,standard_payment,False,loan_payment_generator
TXNL201900000515,ACC0004191,IND19015053,LN2019030000012,LDO20190000009,9,2019-12-13,02:24:19,670.56,Debit,Completed,,Loan Payment - LN2019030000012,False,,0.37,,Automated,Home Loan,standard_payment,False,loan_payment_generator
TXNL201900000516,ACC0005240,IND19010259,LN2019030000015,LDO20190000282,9,2019-12-14,04:19:51,428.75,Debit,Completed,,Loan Payment - LN2019030000015 - Late Fee,False,,0.88,,Automated,Home Loan,late_payment,False,loan_payment_generator
TXNL201900000517,ACC0004297,IND19005893,LN2019030000018,LDO20190000138,9,2019-12-16,02:41:34,4410.15,Debit,Completed,,Loan Payment - LN2019030000018,False,,1.17,,Automated,Home Loan,standard_payment,False,loan_payment_generator
TXNL201900000518,ACC0004260,IND19001236,LN2019030000027,LDO20190000283,8,2019-12-01,04:46:12,646.24,Debit,Completed,,Loan Payment - LN2019030000027,False,,0.06,,Automated,Home Loan,standard_payment,False,loan_payment_generator
TXNL201900000519,ACC0004727,IND19005207,LN2019030000029,LDO20190000284,9,2019-12-14,04:32:32,4512.25,Debit,Completed,,Loan Payment - LN2019030000029,False,,1.35,,Automated,Home Loan,standard_payment,False,loan_payment_generator
TXNL201900000520,ACC0003650,IND19018294,LN2019030000031,LDO20190000285,9,2019-12-28,02:42:07,2710.55,Debit,Completed,,Loan Payment - LN2019030000031,False,,0.28,,Automated,Personal Loan,standard_payment,False,loan_payment_generator
TXNL201900000521,ACC0004333,IND19009236,LN2019030000032,LDO20190000286,9,2019-12-24,04:37:58,2007.71,Debit,Completed,,Loan Payment - LN2019030000032,False,,0.53,,Automated,Home Loan,standard_payment,False,loan_payment_generator
TXNL201900000522,ACC0004076,IND19009083,LN2019030000034,LDO20190000287,9,2019-12-24,04:13:52,1651.88,Debit,Completed,,Loan Payment - LN2019030000034,False,,0.55,,Automated,Personal Loan,standard_payment,False,loan_payment_generator
TXNL201900000523,ACC0004876,IND19008354,LN2019030000035,LDO20190000058,8,2019-12-07,04:35:32,6265.24,Debit,Completed,,Loan Payment - LN2019030000035,False,,0.27,,Automated,Vehicle Loan,standard_payment,False,loan_payment_generator
TXNL201900000524,ACC0003564,IND19020414,LN2019030000036,LDO20190000139,9,2019-12-23,03:21:52,3232.58,Debit,Completed,,Loan Payment - LN2019030000036,False,,0.02,,Automated,Vehicle Loan,standard_payment,False,loan_payment_generator
TXNL201900000525,ACC0004528,IND19009624,LN2019030000050,LDO20190000289,9,2019-12-26,02:38:03,3461.37,Debit,Completed,,Loan Payment - LN2019030000050,False,,0.74,,Automated,Home Loan,standard_payment,False,loan_payment_generator
TXNL201900000526,ACC0003910,IND19014211,LN2019030000051,LDO20190000140,9,2019-12-28,02:38:41,1157.14,Debit,Completed,,Loan Payment - LN2019030000051,False,,0.02,,Automated,Personal Loan,standard_payment,False,loan_payment_generator
TXNL201900000527,ACC0005435,IND19007350,LN2019030000052,LDO20190000290,9,2019-12-31,02:04:52,4551.3,Debit,Completed,,Loan Payment - LN2019030000052,False,,0.09,,Automated,Home Loan,standard_payment,False,loan_payment_generator
TXNL201900000528,ACC0004853,IND19015189,LN2019030000054,LDO20190000291,9,2019-12-23,02:39:33,5218.47,Debit,Completed,,Loan Payment - LN2019030000054,False,,1.97,,Automated,Home Loan,standard_payment,False,loan_payment_generator
TXNL201900000529,ACC0003436,IND19020844,LN2019030000059,LDO20190000141,9,2019-12-15,03:52:19,4783.25,Debit,Completed,,Loan Payment - LN2019030000059,False,,1.88,,Automated,Personal Loan,standard_payment,False,loan_payment_generator
TXNL201900000530,ACC0005280,IND19003896,LN2019030000063,LDO20190000142,9,2019-12-18,02:53:21,5642.92,Debit,Completed,,Loan Payment - LN2019030000063,False,,1.53,,Automated,Home Loan,standard_payment,False,loan_payment_generator
TXNL201900000531,ACC0003719,IND19005540,LN2019030000068,LDO20190000292,9,2019-12-11,04:08:24,2511.74,Debit,Completed,,Loan Payment - LN2019030000068,False,,0.75,,Automated,Home Loan,standard_payment,False,loan_payment_generator
TXNL201900000532,ACC0005297,IND19006641,LN2019030000078,LDO20190000293,8,2019-12-03,02:00:07,1346.58,Debit,Completed,,Loan Payment - LN2019030000078,False,,0.39,,Automated,Home Loan,standard_payment,False,loan_payment_generator
TXNL201900000533,ACC0005434,IND19003857,LN2019030000087,LDO20190000143,8,2019-12-06,03:59:34,3602.08,Debit,Completed,,Loan Payment - LN2019030000087,False,,1.84,,Automated,Personal Loan,standard_payment,False,loan_payment_generator
TXNL201900000534,ACC0003574,IND19015788,LN2019030000089,LDO20190000010,8,2019-12-10,03:46:48,603.11,Debit,Completed,,Loan Payment - LN2019030000089,False,,1.88,,Automated,Home Loan,standard_payment,False,loan_payment_generator
TXNL201900000535,ACC0003832,IND19007607,LN2019030000092,LDO20190000023,9,2019-12-27,03:30:24,1185.01,Debit,Completed,,Loan Payment - LN2019030000092,False,,0.97,,Automated,Home Loan,standard_payment,False,loan_payment_generator
TXNL201900000536,ACC0003996,IND19020718,LN2019030000102,LDO20190000144,8,2019-12-07,03:10:45,2617.61,Debit,Completed,,Loan Payment - LN2019030000102,False,,0.76,,Automated,Personal Loan,standard_payment,False,loan_payment_generator
TXNL201900000537,ACC0005190,IND19012666,LN2019030000109,LDO20190000294,9,2019-12-21,04:02:25,1260.43,Debit,Completed,,Loan Payment - LN2019030000109,False,,0.95,,Automated,Personal Loan,standard_payment,False,loan_payment_generator
TXNL201900000538,ACC0004198,IND19011595,LN2019030000116,LDO20190000145,8,2019-12-07,03:09:06,5198.23,Debit,Completed,,Loan Payment - LN2019030000116 - Partial,False,,0.8,,Automated,Vehicle Loan,partial_payment,False,loan_payment_generator
TXNL201900000539,ACC0005254,IND19003949,LN2019030000117,LDO20190000295,9,2019-12-24,03:40:12,3264.19,Debit,Completed,,Loan Payment - LN2019030000117,False,,1.75,,Automated,Home Loan,standard_payment,False,loan_payment_generator
TXNL201900000540,ACC0004543,IND19009335,LN2019030000134,LDO20190000146,8,2019-12-07,03:37:04,1932.17,Debit,Completed,,Loan Payment - LN2019030000134,False,,1.43,,Automated,Vehicle Loan,standard_payment,False,loan_payment_generator
TXNL201900000541,ACC0003783,IND19008845,LN2019030000144,LDO20190000147,9,2019-12-29,02:32:07,14083.23,Debit,Completed,,Loan Payment - LN2019030000144,False,,1.4,,Automated,Personal Loan,standard_payment,False,loan_payment_generator
TXNL201900000542,ACC0004243,IND19015877,LN2019030000176,LDO20190000296,9,2019-12-16,04:41:52,2758.64,Debit,Completed,,Loan Payment - LN2019030000176,False,,1.0,,Automated,Personal Loan,standard_payment,False,loan_payment_generator
TXNL201900000543,ACC0004115,IND19003240,LN2019030000182,LDO20190000148,9,2019-12-15,04:33:54,912.65,Debit,Completed,,Loan Payment - LN2019030000182,False,,0.76,,Automated,Home Loan,standard_payment,False,loan_payment_generator
TXNL201900000544,ACC0004317,IND19004320,LN2019030000205,LDO20190000297,9,2019-12-24,02:16:19,3118.87,Debit,Completed,,Loan Payment - LN2019030000205,False,,0.45,,Automated,Home Loan,standard_payment,False,loan_payment_generator
TXNL201900000545,ACC0003889,IND19005638,LN2019030000206,LDO20190000298,9,2019-12-13,04:40:55,2546.03,Debit,Completed,,Loan Payment - LN2019030000206,False,,0.59,,Automated,Home Loan,standard_payment,False,loan_payment_generator
TXNL201900000546,ACC0003504,IND19009407,LN2019030000214,LDO20190000149,8,2019-12-02,04:48:23,793.29,Debit,Completed,,Loan Payment - LN2019030000214,False,,0.62,,Automated,Home Loan,standard_payment,False,loan_payment_generator
TXNL201900000547,ACC0004957,IND19010591,LN2019030000220,LDO20190000150,9,2019-12-20,03:54:12,425.06,Debit,Completed,,Loan Payment - LN2019030000220,False,,0.21,,Automated,Home Loan,standard_payment,False,loan_payment_generator
TXNL201900000548,ACC0004931,IND19015369,LN2019030000222,LDO20190000059,9,2019-12-08,04:04:32,1855.82,Debit,Completed,,Loan Payment - LN2019030000222,False,,2.0,,Automated,Vehicle Loan,standard_payment,False,loan_payment_generator
TXNL201900000549,ACC0005492,COM19000191,LN2019030000225,LDO20190000299,9,2019-12-19,03:38:05,20294.46,Debit,Completed,,Loan Payment - LN2019030000225,False,,0.45,,Automated,Business Loan,standard_payment,False,loan_payment_generator
TXNL201900000550,ACC0004498,IND19007097,LN2019030000226,LDO20190000151,9,2019-12-20,03:49:49,694.36,Debit,Failed,account_blocked,Loan Payment - LN2019030000226,False,,0.23,,Automated,Home Loan,standard_payment,False,loan_payment_generator
TXNL201900000551,ACC0004313,IND19007231,LN2019030000240,LDO20190000300,9,2019-12-30,03:31:51,2440.91,Debit,Completed,,Loan Payment - LN2019030000240,False,,0.6,,Automated,Personal Loan,standard_payment,False,loan_payment_generator
TXNL201900000552,ACC0005176,IND19003245,LN2019030000244,LDO20190000301,8,2019-12-01,03:49:32,961.72,Debit,Completed,,Loan Payment - LN2019030000244,False,,0.74,,Automated,Personal Loan,standard_payment,False,loan_payment_generator
TXNL201900000553,ACC0005322,IND19021056,LN2019030000246,LDO20190000060,9,2019-12-11,04:56:36,389.34,Debit,Completed,,Loan Payment - LN2019030000246,False,,0.73,,Automated,Home Loan,standard_payment,False,loan_payment_generator
TXNL201900000554,ACC0004245,IND19019206,LN2019030000252,LDO20190000302,9,2019-12-31,03:27:14,1053.35,Debit,Failed,mandate_limit,Loan Payment - LN2019030000252,False,,0.19,,Automated,Home Loan,standard_payment,False,loan_payment_generator
TXNL201900000555,ACC0004054,IND19013514,LN2019030000253,LDO20190000061,9,2019-12-14,04:27:06,2341.8,Debit,Completed,,Loan Payment - LN2019030000253,False,,0.15,,Automated,Personal Loan,standard_payment,False,loan_payment_generator
TXNL201900000556,ACC0005457,IND19006688,LN2019030000254,LDO20190000303,8,2019-12-01,02:32:37,3642.53,Debit,Completed,,Loan Payment - LN2019030000254,False,,1.71,,Automated,Home Loan,standard_payment,False,loan_payment_generator
TXNL201900000557,ACC0003512,IND19003923,LN2019030000262,LDO20190000304,9,2019-12-13,03:55:45,1179.33,Debit,Completed,,Loan Payment - LN2019030000262,False,,0.83,,Automated,Home Loan,standard_payment,False,loan_payment_generator
TXNL201900000558,ACC0005494,COM19000146,LN2019030000264,LDO20190000152,9,2019-12-16,04:07:36,3852.3,Debit,Completed,,Loan Payment - LN2019030000264,False,,0.61,,Automated,Business Loan,standard_payment,False,loan_payment_generator
TXNL201900000559,ACC0003703,IND19020177,LN2019030000293,LDO20190000305,8,2019-12-02,04:35:32,12021.31,Debit,Completed,,Loan Payment - LN2019030000293,False,,1.72,,Automated,Personal Loan,standard_payment,False,loan_payment_generator
TXNL201900000560,ACC0004383,IND19004128,LN2019030000294,LDO20190000306,9,2019-12-28,04:07:24,7204.7,Debit,Completed,,Loan Payment - LN2019030000294,False,,1.85,,Automated,Vehicle Loan,standard_payment,False,loan_payment_generator
TXNL201900000561,ACC0004854,IND19020108,LN2019030000298,LDO20190000307,9,2019-12-23,04:24:47,2850.47,Debit,Completed,,Loan Payment - LN2019030000298,False,,0.26,,Automated,Home Loan,standard_payment,False,loan_payment_generator
TXNL201900000562,ACC0003435,IND19000025,LN2019030000305,LDO20190000062,9,2019-12-11,03:48:17,3683.48,Debit,Completed,,Loan Payment - LN2019030000305,False,,1.73,,Automated,Personal Loan,standard_payment,False,loan_payment_generator
TXNL201900000563,ACC0004999,IND19020592,LN2019030000308,LDO20190000308,9,2019-12-29,03:00:16,3832.58,Debit,Failed,bank_timeout,Loan Payment - LN2019030000308,False,,0.85,,Automated,Vehicle Loan,standard_payment,False,loan_payment_generator
TXNL201900000564,ACC0003973,IND19002029,LN2019030000312,LDO20190000309,9,2019-12-13,03:16:39,2329.36,Debit,Completed,,Loan Payment - LN2019030000312,False,,1.38,,Automated,Home Loan,standard_payment,False,loan_payment_generator
TXNL201900000565,ACC0003767,IND19010272,LN2019030000318,LDO20190000310,8,2019-12-05,04:59:55,675.48,Debit,Completed,,Loan Payment - LN2019030000318,False,,1.6,,Automated,Vehicle Loan,standard_payment,False,loan_payment_generator
TXNL201900000566,ACC0003411,IND19008372,LN2019030000339,LDO20190000311,9,2019-12-27,03:18:58,6184.7,Debit,Completed,,Loan Payment - LN2019030000339,False,,0.37,,Automated,Home Loan,standard_payment,False,loan_payment_generator
TXNL201900000567,ACC0004732,IND19004385,LN2019030000342,LDO20190000312,9,2019-12-16,02:55:40,3272.19,Debit,Completed,,Loan Payment - LN2019030000342,False,,1.64,,Automated,Personal Loan,standard_payment,False,loan_payment_generator
TXNL201900000568,ACC0003793,IND19002358,LN2019030000343,LDO20190000313,9,2019-12-28,02:13:31,1665.66,Debit,Completed,,Loan Payment - LN2019030000343,False,,1.22,,Automated,Home Loan,standard_payment,False,loan_payment_generator
TXNL201900000569,ACC0004289,IND19009614,LN2019030000347,LDO20190000011,9,2019-12-25,03:50:41,3425.3,Debit,Completed,,Loan Payment - LN2019030000347 - Extra Principal,False,,1.84,,Automated,Vehicle Loan,extra_payment,False,loan_payment_generator
TXNL201900000570,ACC0003432,IND19001478,LN2019030000356,LDO20190000063,9,2019-12-16,03:24:04,4521.58,Debit,Completed,,Loan Payment - LN2019030000356,False,,1.87,,Automated,Home Loan,standard_payment,False,loan_payment_generator
TXNL201900000571,ACC0004762,IND19013396,LN2019030000360,LDO20190000024,9,2019-12-15,04:52:04,213.26,Debit,Completed,,Loan Payment - LN2019030000360,False,,1.66,,Automated,Home Loan,standard_payment,False,loan_payment_generator
TXNL201900000572,ACC0004160,IND19003283,LN2019030000368,LDO20190000153,9,2019-12-20,03:00:49,1637.76,Debit,Completed,,Loan Payment - LN2019030000368,False,,1.7,,Automated,Home Loan,standard_payment,False,loan_payment_generator
TXNL201900000573,ACC0003795,IND19016035,LN2019030000389,LDO20190000314,8,2019-12-07,04:19:42,1753.46,Debit,Completed,,Loan Payment - LN2019030000389,False,,0.43,,Automated,Vehicle Loan,standard_payment,False,loan_payment_generator
TXNL201900000574,ACC0003732,IND19022003,LN2019030000395,LDO20190000315,9,2019-12-11,04:32:50,3122.53,Debit,Completed,,Loan Payment - LN2019030000395,False,,1.28,,Automated,Vehicle Loan,standard_payment,False,loan_payment_generator
TXNL201900000575,ACC0004759,IND19011023,LN2019030000399,LDO20190000316,9,2019-12-21,04:18:25,3069.35,Debit,Completed,,Loan Payment - LN2019030000399,False,,0.37,,Automated,Home Loan,standard_payment,False,loan_payment_generator
TXNL201900000576,ACC0005107,IND19001030,LN2019030000413,LDO20190000317,8,2019-12-01,04:37:16,1073.05,Debit,Completed,,Loan Payment - LN2019030000413,False,,1.47,,Automated,Home Loan,standard_payment,False,loan_payment_generator
TXNL201900000577,ACC0004831,IND19016980,LN2019030000414,LDO20190000064,8,2019-12-02,03:14:45,377.57,Debit,Completed,,Loan Payment - LN2019030000414,False,,0.54,,Automated,Home Loan,standard_payment,False,loan_payment_generator
TXNL201900000578,ACC0004143,IND19017809,LN2019030000422,LDO20190000318,9,2019-12-14,04:45:52,3694.88,Debit,Completed,,Loan Payment - LN2019030000422,False,,0.21,,Automated,Home Loan,standard_payment,False,loan_payment_generator
TXNL201900000579,ACC0004881,IND19013014,LN2019030000423,LDO20190000319,9,2019-12-31,04:11:08,8207.83,Debit,Completed,,Loan Payment - LN2019030000423,False,,0.04,,Automated,Personal Loan,standard_payment,False,loan_payment_generator
TXNL201900000580,ACC0003542,IND19013270,LN2019030000426,LDO20190000012,9,2019-12-24,03:12:04,2105.9,Debit,Completed,,Loan Payment - LN2019030000426,False,,1.59,,Automated,Home Loan,standard_payment,False,loan_payment_generator
TXNL201900000581,ACC0004035,IND19006264,LN2019030000433,LDO20190000320,9,2019-12-30,04:37:09,3407.66,Debit,Completed,,Loan Payment - LN2019030000433,False,,0.19,,Automated,Home Loan,standard_payment,False,loan_payment_generator
TXNL201900000582,ACC0005171,IND19010534,LN2019030000456,LDO20190000065,9,2019-12-15,04:46:33,3151.81,Debit,Completed,,Loan Payment - LN2019030000456,False,,0.76,,Automated,Home Loan,standard_payment,False,loan_payment_generator
TXNL201900000583,ACC0004100,IND19019312,LN2019030000465,LDO20190000321,9,2019-12-28,04:34:13,2713.08,Debit,Completed,,Loan Payment - LN2019030000465,False,,0.64,,Automated,Home Loan,standard_payment,False,loan_payment_generator
TXNL201900000584,ACC0005123,IND19004145,LN2019030000478,LDO20190000066,9,2019-12-29,02:34:52,3191.8,Debit,Completed,,Loan Payment - LN2019030000478,False,,1.52,,Automated,Vehicle Loan,standard_payment,False,loan_payment_generator
TXNL201900000585,ACC0004905,IND19004211,LN2019030000480,LDO20190000322,9,2019-12-29,02:21:59,811.82,Debit,Completed,,Loan Payment - LN2019030000480,False,,1.42,,Automated,Home Loan,standard_payment,False,loan_payment_generator
TXNL201900000586,ACC0003971,IND19011002,LN2019030000484,LDO20190000025,9,2019-12-15,02:28:54,1780.54,Debit,Completed,,Loan Payment - LN2019030000484,False,,0.33,,Automated,Home Loan,standard_payment,False,loan_payment_generator
TXNL201900000587,ACC0003590,IND19002386,LN2019030000486,LDO20190000323,8,2019-12-01,02:51:46,6097.57,Debit,Completed,,Loan Payment - LN2019030000486,False,,0.07,,Automated,Personal Loan,standard_payment,False,loan_payment_generator
TXNL201900000588,ACC0005367,IND19019184,LN2019030000489,LDO20190000067,9,2019-12-27,02:01:48,5880.12,Debit,Completed,,Loan Payment - LN2019030000489,False,,0.97,,Automated,Home Loan,standard_payment,False,loan_payment_generator
TXNL201900000589,ACC0004563,IND19000327,LN2019030000505,LDO20190000068,8,2019-12-05,04:00:22,408.5,Debit,Completed,,Loan Payment - LN2019030000505,False,,1.26,,Automated,Home Loan,standard_payment,False,loan_payment_generator
TXNL201900000590,ACC0005365,IND19011964,LN2019030000511,LDO20190000324,8,2019-12-06,02:42:28,2125.86,Debit,Completed,,Loan Payment - LN2019030000511,False,,1.06,,Automated,Vehicle Loan,standard_payment,False,loan_payment_generator
TXNL201900000591,ACC0004943,IND19018779,LN2019030000527,LDO20190000069,8,2019-12-05,04:29:59,1896.96,Debit,Completed,,Loan Payment - LN2019030000527,False,,1.5,,Automated,Vehicle Loan,standard_payment,False,loan_payment_generator
TXNL201900000592,ACC0003885,IND19019580,LN2019030000538,LDO20190000070,9,2019-12-17,03:49:54,1024.83,Debit,Completed,,Loan Payment - LN2019030000538,False,,0.49,,Automated,Vehicle Loan,standard_payment,False,loan_payment_generator
TXNL201900000593,ACC0004102,IND19007126,LN2019030000546,LDO20190000325,8,2019-12-11,02:08:59,2355.49,Debit,Completed,,Loan Payment - LN2019030000546,False,,1.15,,Automated,Home Loan,standard_payment,False,loan_payment_generator
TXNL201900000594,ACC0005234,IND19005109,LN2019030000563,LDO20190000326,9,2019-12-23,03:31:59,935.48,Debit,Completed,,Loan Payment - LN2019030000563,False,,0.55,,Automated,Home Loan,standard_payment,False,loan_payment_generator
TXNL201900000595,ACC0003442,IND19005647,LN2019030000593,LDO20190000327,8,2019-12-01,04:52:30,370.02,Debit,Completed,,Loan Payment - LN2019030000593,False,,0.03,,Automated,Home Loan,standard_payment,False,loan_payment_generator
TXNL201900000596,ACC0004163,IND19003743,LN2019030000595,LDO20190000071,9,2019-12-17,04:34:04,4104.03,Debit,Completed,,Loan Payment - LN2019030000595,False,,0.05,,Automated,Home Loan,standard_payment,False,loan_payment_generator
TXNL201900000597,ACC0004850,IND19016373,LN2019030000608,LDO20190000002,9,2019-12-24,04:08:17,3509.24,Debit,Cancelled,customer_stop_instruction,Loan Payment - LN2019030000608,False,,1.27,,Automated,Home Loan,standard_payment,False,loan_payment_generator
TXNL201900000598,ACC0005089,IND19015343,LN2019030000613,LDO20190000155,8,2019-12-06,04:26:52,1443.63,Debit,Completed,,Loan Payment - LN2019030000613,False,,1.47,,Automated,Home Loan,standard_payment,False,loan_payment_generator
TXNL201900000599,ACC0004856,IND19002897,LN2019030000628,LDO20190000072,9,2019-12-21,04:18:56,2410.33,Debit,Completed,,Loan Payment - LN2019030000628,False,,0.69,,Automated,Home Loan,standard_payment,False,loan_payment_generator
TXNL201900000600,ACC0004133,IND19012062,LN2019030000629,LDO20190000328,8,2019-12-04,04:04:46,1136.06,Debit,Completed,,Loan Payment - LN2019030000629,False,,0.15,,Automated,Vehicle Loan,standard_payment,False,loan_payment_generator
TXNL201900000601,ACC0003398,IND19003354,LN2019030000639,LDO20190000013,9,2019-12-14,03:46:58,742.62,Debit,Completed,,Loan Payment - LN2019030000639,False,,0.67,,Automated,Home Loan,standard_payment,False,loan_payment_generator
TXNL201900000602,ACC0004410,IND19002499,LN2019030000650,LDO20190000329,9,2019-12-18,02:29:33,629.65,Debit,Completed,,Loan Payment - LN2019030000650,False,,1.13,,Automated,Home Loan,standard_payment,False,loan_payment_generator
TXNL201900000603,ACC0005331,IND19003950,LN2019030000652,LDO20190000156,9,2019-12-18,04:56:10,1251.31,Debit,Completed,,Loan Payment - LN2019030000652,False,,1.46,,Automated,Home Loan,standard_payment,False,loan_payment_generator
TXNL201900000604,ACC0003458,IND19000548,LN2019030000662,LDO20190000330,9,2019-12-15,04:18:40,534.51,Debit,Completed,,Loan Payment - LN2019030000662 - Late Fee,False,,1.28,,Automated,Home Loan,late_payment,False,loan_payment_generator
TXNL201900000605,ACC0004095,IND19021972,LN2019030000699,LDO20190000331,8,2019-12-11,03:46:58,3452.15,Debit,Completed,,Loan Payment - LN2019030000699,False,,1.28,,Automated,Home Loan,standard_payment,False,loan_payment_generator
TXNL201900000606,ACC0004851,IND19016373,LN2019030000704,LDO20190000332,9,2019-12-15,03:17:16,3630.42,Debit,Completed,,Loan Payment - LN2019030000704,False,,1.46,,Automated,Home Loan,standard_payment,False,loan_payment_generator
TXNL201900000607,ACC0004798,IND19001595,LN2019030000710,LDO20190000333,9,2019-12-19,02:51:55,2364.4,Debit,Completed,,Loan Payment - LN2019030000710,False,,1.85,,Automated,Personal Loan,standard_payment,False,loan_payment_generator
TXNL201900000608,ACC0003886,IND19007018,LN2019030000738,LDO20190000335,9,2019-12-10,04:42:31,2040.92,Debit,Completed,,Loan Payment - LN2019030000738,False,,0.01,,Automated,Home Loan,standard_payment,False,loan_payment_generator
TXNL201900000609,ACC0004739,IND19009716,LN2019030000745,LDO20190000073,9,2019-12-22,02:40:48,8366.42,Debit,Completed,,Loan Payment - LN2019030000745,False,,0.87,,Automated,Personal Loan,standard_payment,False,loan_payment_generator
TXNL201900000610,ACC0004713,IND19001899,LN2019030000749,LDO20190000336,9,2019-12-28,03:22:07,1217.16,Debit,Completed,,Loan Payment - LN2019030000749,False,,0.63,,Automated,Vehicle Loan,standard_payment,False,loan_payment_generator
TXNL201900000611,ACC0003871,IND19011064,LN2019030000751,LDO20190000337,9,2019-12-26,02:36:54,3351.35,Debit,Completed,,Loan Payment - LN2019030000751,False,,0.65,,Automated,Personal Loan,standard_payment,False,loan_payment_generator
TXNL201900000612,ACC0004122,IND19018258,LN2019030000752,LDO20190000338,9,2019-12-27,03:46:25,2018.83,Debit,Completed,,Loan Payment - LN2019030000752,False,,1.67,,Automated,Personal Loan,standard_payment,False,loan_payment_generator
TXNL201900000613,ACC0004315,IND19020579,LN2019030000764,LDO20190000074,9,2019-12-30,02:06:14,4131.26,Debit,Completed,,Loan Payment - LN2019030000764 - Partial,False,,2.0,,Automated,Vehicle Loan,partial_payment,False,loan_payment_generator
TXNL201900000614,ACC0004568,IND19007459,LN2019030000765,LDO20190000339,9,2019-12-17,02:01:54,860.28,Debit,Completed,,Loan Payment - LN2019030000765,False,,1.94,,Automated,Vehicle Loan,standard_payment,False,loan_payment_generator
TXNL201900000615,ACC0004891,IND19011397,LN2019030000770,LDO20190000340,9,2019-12-31,04:26:45,12084.77,Debit,Completed,,Loan Payment - LN2019030000770,False,,1.5,,Automated,Personal Loan,standard_payment,False,loan_payment_generator
TXNL201900000616,ACC0004205,IND19012175,LN2019030000772,LDO20190000341,9,2019-12-30,04:21:15,2903.82,Debit,Completed,,Loan Payment - LN2019030000772,False,,0.7,,Automated,Personal Loan,standard_payment,False,loan_payment_generator
TXNL201900000617,ACC0005053,IND19002529,LN2019030000776,LDO20190000342,9,2019-12-14,02:27:01,14111.31,Debit,Completed,,Loan Payment - LN2019030000776,False,,0.69,,Automated,Personal Loan,standard_payment,False,loan_payment_generator
TXNL201900000618,ACC0004917,IND19005268,LN2019030000803,LDO20190000157,8,2019-12-01,02:14:29,696.08,Debit,Completed,,Loan Payment - LN2019030000803,False,,1.93,,Automated,Home Loan,standard_payment,False,loan_payment_generator
TXNL201900000619,ACC0005328,IND19008718,LN2019030000808,LDO20190000343,9,2019-12-25,02:55:36,4147.8,Debit,Completed,,Loan Payment - LN2019030000808,False,,1.86,,Automated,Personal Loan,standard_payment,False,loan_payment_generator
TXNL201900000620,ACC0003952,IND19009408,LN2019030000819,LDO20190000344,9,2019-12-29,04:15:26,914.67,Debit,Completed,,Loan Payment - LN2019030000819,False,,0.76,,Automated,Personal Loan,standard_payment,False,loan_payment_generator
TXNL201900000621,ACC0004092,IND19016262,LN2019030000827,LDO20190000345,9,2019-12-07,03:17:07,3163.68,Debit,Completed,,Loan Payment - LN2019030000827,False,,0.66,,Automated,Personal Loan,standard_payment,False,loan_payment_generator
TXNL201900000622,ACC0004028,IND19019126,LN2019030000839,LDO20190000158,9,2019-12-31,04:38:16,1660.76,Debit,Completed,,Loan Payment - LN2019030000839,False,,1.21,,Automated,Personal Loan,standard_payment,False,loan_payment_generator
TXNL201900000623,ACC0003412,IND19008372,LN2019030000858,LDO20190000346,9,2019-12-22,04:17:20,5791.54,Debit,Completed,,Loan Payment - LN2019030000858,False,,0.46,,Automated,Home Loan,standard_payment,False,loan_payment_generator
TXNL201900000624,ACC0004006,IND19015397,LN2019030000860,LDO20190000347,9,2019-12-13,03:46:04,2582.91,Debit,Completed,,Loan Payment - LN2019030000860,False,,1.93,,Automated,Home Loan,standard_payment,False,loan_payment_generator
TXNL201900000625,ACC0004770,IND19006156,LN2019030000861,LDO20190000075,9,2019-12-31,03:27:07,2777.34,Debit,Completed,,Loan Payment - LN2019030000861,False,,1.34,,Automated,Home Loan,standard_payment,False,loan_payment_generator
TXNL201900000626,ACC0004127,IND19020564,LN2019030000866,LDO20190000026,9,2019-12-13,02:45:17,2562.37,Debit,Completed,,Loan Payment - LN2019030000866,False,,0.08,,Automated,Home Loan,standard_payment,False,loan_payment_generator
TXNL201900000627,ACC0004449,IND19013613,LN2019030000884,LDO20190000348,9,2019-12-21,03:48:52,13938.2,Debit,Completed,,Loan Payment - LN2019030000884,False,,0.3,,Automated,Personal Loan,standard_payment,False,loan_payment_generator
TXNL201900000628,ACC0003691,IND19004793,LN2019030000885,LDO20190000349,8,2019-12-10,02:16:23,1783.13,Debit,Completed,,Loan Payment - LN2019030000885,False,,1.17,,Automated,Home Loan,standard_payment,False,loan_payment_generator
TXNL201900000629,ACC0005495,COM19000146,LN2019030000888,LDO20190000159,9,2019-12-24,04:01:27,13163.51,Debit,Completed,,Loan Payment - LN2019030000888,False,,0.34,,Automated,Business Loan,standard_payment,False,loan_payment_generator
TXNL201900000630,ACC0004026,IND19017212,LN2019030000890,LDO20190000350,9,2019-12-17,03:51:18,2107.44,Debit,Completed,,Loan Payment - LN2019030000890,False,,1.89,,Automated,Vehicle Loan,standard_payment,False,loan_payment_generator
TXNL201900000631,ACC0003746,IND19003798,LN2019030000894,LDO20190000160,8,2019-12-06,03:17:57,13058.31,Debit,Completed,,Loan Payment - LN2019030000894,False,,1.73,,Automated,Personal Loan,standard_payment,False,loan_payment_generator
TXNL201900000632,ACC0005017,IND19013167,LN2019030000895,LDO20190000351,9,2019-12-14,03:59:20,1365.26,Debit,Completed,,Loan Payment - LN2019030000895,False,,1.83,,Automated,Personal Loan,standard_payment,False,loan_payment_generator
TXNL201900000633,ACC0003894,IND19000111,LN2019030000903,LDO20190000161,9,2019-12-20,02:43:09,1023.99,Debit,Completed,,Loan Payment - LN2019030000903,False,,0.69,,Automated,Home Loan,standard_payment,False,loan_payment_generator
TXNL201900000634,ACC0005195,IND19008590,LN2019030000905,LDO20190000352,9,2019-12-22,03:07:22,2581.86,Debit,Completed,,Loan Payment - LN2019030000905,False,,1.82,,Automated,Home Loan,standard_payment,False,loan_payment_generator
TXNL201900000635,ACC0005228,IND19009249,LN2019030000934,LDO20190000162,8,2019-12-05,04:46:07,3977.71,Debit,Completed,,Loan Payment - LN2019030000934,False,,0.25,,Automated,Personal Loan,standard_payment,False,loan_payment_generator
TXNL201900000636,ACC0004582,IND19020894,LN2019030000940,LDO20190000163,9,2019-12-13,03:49:44,3613.43,Debit,Completed,,Loan Payment - LN2019030000940 - Extra Principal,False,,0.32,,Automated,Home Loan,extra_payment,False,loan_payment_generator
TXNL201900000637,ACC0004050,IND19013628,LN2019030000941,LDO20190000353,9,2019-12-20,03:50:17,777.01,Debit,Completed,,Loan Payment - LN2019030000941,False,,1.44,,Automated,Home Loan,standard_payment,False,loan_payment_generator
TXNL201900000638,ACC0005307,IND19003285,LN2019030000944,LDO20190000005,8,2019-12-07,03:06:59,1684.61,Debit,Failed,bank_timeout,Loan Payment - LN2019030000944,False,,0.04,,Automated,Home Loan,standard_payment,False,loan_payment_generator
TXNL201900000639,ACC0005256,IND19015582,LN2019030000946,LDO20190000354,8,2019-12-05,02:32:50,687.04,Debit,Completed,,Loan Payment - LN2019030000946 - Late Fee,False,,0.36,,Automated,Vehicle Loan,late_payment,False,loan_payment_generator
TXNL201900000640,ACC0004418,IND19003496,LN2019030000947,LDO20190000076,9,2019-12-13,04:02:51,3035.54,Debit,Completed,,Loan Payment - LN2019030000947,False,,1.49,,Automated,Personal Loan,standard_payment,False,loan_payment_generator
TXNL201900000641,ACC0004811,IND19020283,LN2019030000956,LDO20190000164,9,2019-12-26,04:17:48,1640.97,Debit,Completed,,Loan Payment - LN2019030000956,False,,0.84,,Automated,Vehicle Loan,standard_payment,False,loan_payment_generator
TXNL201900000642,ACC0004178,IND19020755,LN2019030000957,LDO20190000165,9,2019-12-24,04:42:06,839.0,Debit,Completed,,Loan Payment - LN2019030000957,False,,0.6,,Automated,Home Loan,standard_payment,False,loan_payment_generator
TXNL201900000643,ACC0003651,IND19018294,LN2019030000958,LDO20190000355,9,2019-12-25,04:06:19,3101.38,Debit,Completed,,Loan Payment - LN2019030000958,False,,0.12,,Automated,Home Loan,standard_payment,False,loan_payment_generator
TXNL201900000644,ACC0003654,IND19019610,LN2019030000959,LDO20190000356,8,2019-12-02,04:33:16,6285.79,Debit,Completed,,Loan Payment - LN2019030000959,False,,1.13,,Automated,Home Loan,standard_payment,False,loan_payment_generator
TXNL201900000645,ACC0004795,IND19017504,LN2019030000960,LDO20190000166,9,2019-12-09,02:57:32,2202.91,Debit,Completed,,Loan Payment - LN2019030000960,False,,0.49,,Automated,Home Loan,standard_payment,False,loan_payment_generator
TXNL201900000646,ACC0004668,IND19013025,LN2019030000978,LDO20190000077,8,2019-12-03,03:58:02,2442.49,Debit,Completed,,Loan Payment - LN2019030000978,False,,0.27,,Automated,Vehicle Loan,standard_payment,False,loan_payment_generator
TXNL201900000647,ACC0004396,IND19014660,LN2019030000994,LDO20190000357,9,2019-12-23,04:00:56,2585.32,Debit,Completed,,Loan Payment - LN2019030000994,False,,1.8,,Automated,Personal Loan,standard_payment,False,loan_payment_generator
TXNL201900000648,ACC0004223,IND19016897,LN2019030000996,LDO20190000078,9,2019-12-27,03:48:25,1345.72,Debit,Completed,,Loan Payment - LN2019030000996,False,,1.68,,Automated,Home Loan,standard_payment,False,loan_payment_generator
TXNL201900000649,ACC0005498,COM19000077,LN2019030000997,LDO20190000014,8,2019-12-04,02:56:49,19443.89,Debit,Completed,,Loan Payment - LN2019030000997,False,,0.35,,Automated,Business Loan,standard_payment,False,loan_payment_generator
TXNL201900000650,ACC0003488,IND19014528,LN2019030001001,LDO20190000358,9,2019-12-29,03:41:31,1618.54,Debit,Completed,,Loan Payment - LN2019030001001,False,,1.16,,Automated,Vehicle Loan,standard_payment,False,loan_payment_generator
TXNL201900000651,ACC0005436,IND19007350,LN2019030001011,LDO20190000359,9,2019-12-27,03:41:30,2069.78,Debit,Completed,,Loan Payment - LN2019030001011,False,,0.56,,Automated,Home Loan,standard_payment,False,loan_payment_generator
TXNL201900000652,ACC0004888,IND19001264,LN2019030001012,LDO20190000360,8,2019-12-04,04:23:29,2386.02,Debit,Completed,,Loan Payment - LN2019030001012,False,,0.3,,Automated,Home Loan,standard_payment,False,loan_payment_generator
TXNL201900000653,ACC0003825,IND19000273,LN2019030001014,LDO20190000167,9,2019-12-11,03:19:58,2669.54,Debit,Completed,,Loan Payment - LN2019030001014,False,,1.15,,Automated,Home Loan,standard_payment,False,loan_payment_generator
TXNL201900000654,ACC0003658,IND19008971,LN2019030001024,LDO20190000361,9,2019-12-17,02:48:11,2398.1,Debit,Completed,,Loan Payment - LN2019030001024,False,,1.88,,Automated,Personal Loan,standard_payment,False,loan_payment_generator
TXNL201900000655,ACC0005479,COM19000224,LN2019030001025,LDO20190000168,9,2019-12-26,04:50:51,9405.96,Debit,Completed,,Loan Payment - LN2019030001025,False,,1.57,,Automated,Business Loan,standard_payment,False,loan_payment_generator
TXNL201900000656,ACC0004837,IND19018237,LN2019030001030,LDO20190000362,9,2019-12-10,03:48:31,2447.63,Debit,Completed,,Loan Payment - LN2019030001030,False,,1.04,,Automated,Vehicle Loan,standard_payment,False,loan_payment_generator
TXNL201900000657,ACC0004032,IND19005748,LN2019030001038,LDO20190000363,9,2019-12-19,02:29:24,2201.51,Debit,Completed,,Loan Payment - LN2019030001038,False,,1.3,,Automated,Vehicle Loan,standard_payment,False,loan_payment_generator
TXNL201900000658,ACC0003506,IND19004000,LN2019030001039,LDO20190000364,9,2019-12-17,04:04:57,2117.79,Debit,Completed,,Loan Payment - LN2019030001039,False,,0.06,,Automated,Vehicle Loan,standard_payment,False,loan_payment_generator
TXNL201900000659,ACC0003924,IND19013108,LN2019030001047,LDO20190000169,9,2019-12-28,02:02:49,2241.41,Debit,Completed,,Loan Payment - LN2019030001047,False,,1.95,,Automated,Home Loan,standard_payment,False,loan_payment_generator
TXNL201900000660,ACC0005067,IND19002630,LN2019030001053,LDO20190000365,8,2019-12-03,04:12:52,854.63,Debit,Completed,,Loan Payment - LN2019030001053,False,,0.03,,Automated,Home Loan,standard_payment,False,loan_payment_generator
TXNL201900000661,ACC0005348,IND19018489,LN2019030001055,LDO20190000006,9,2019-12-31,02:56:06,2933.63,Debit,Completed,,Loan Payment - LN2019030001055,False,,0.38,,Automated,Vehicle Loan,standard_payment,False,loan_payment_generator
TXNL201900000662,ACC0004003,IND19015848,LN2019030001060,LDO20190000079,9,2019-12-24,03:12:17,2423.4,Debit,Completed,,Loan Payment - LN2019030001060,False,,0.85,,Automated,Personal Loan,standard_payment,False,loan_payment_generator
TXNL201900000663,ACC0003782,IND19008982,LN2019030001063,LDO20190000170,9,2019-12-20,04:15:05,1426.22,Debit,Completed,,Loan Payment - LN2019030001063,False,,0.04,,Automated,Home Loan,standard_payment,False,loan_payment_generator
TXNL201900000664,ACC0005392,IND19007343,LN2019030001070,LDO20190000080,8,2019-12-06,02:17:17,1794.37,Debit,Completed,,Loan Payment - LN2019030001070,False,,0.74,,Automated,Personal Loan,standard_payment,False,loan_payment_generator
TXNL201900000665,ACC0003503,IND19015210,LN2019030001084,LDO20190000171,9,2019-12-08,03:17:19,733.59,Debit,Completed,,Loan Payment - LN2019030001084,False,,1.31,,Automated,Vehicle Loan,standard_payment,False,loan_payment_generator
TXNL201900000666,ACC0004507,IND19000891,LN2019030001088,LDO20190000172,9,2019-12-17,04:25:29,758.86,Debit,Completed,,Loan Payment - LN2019030001088,False,,1.28,,Automated,Vehicle Loan,standard_payment,False,loan_payment_generator
TXNL201900000667,ACC0005209,IND19020091,LN2019030001108,LDO20190000366,9,2019-12-15,04:02:47,14316.53,Debit,Completed,,Loan Payment - LN2019030001108,False,,1.55,,Automated,Personal Loan,standard_payment,False,loan_payment_generator
TXNL201900000668,ACC0004500,IND19001291,LN2019030001116,LDO20190000173,9,2019-12-26,04:23:50,11992.29,Debit,Completed,,Loan Payment - LN2019030001116,False,,1.27,,Automated,Personal Loan,standard_payment,False,loan_payment_generator
TXNL201900000669,ACC0005456,IND19012730,LN2019030001117,LDO20190000367,9,2019-12-30,02:34:47,540.41,Debit,Completed,,Loan Payment - LN2019030001117 - Partial,False,,0.25,,Automated,Home Loan,partial_payment,False,loan_payment_generator
TXNL201900000670,ACC0003927,IND19006373,LN2019030001147,LDO20190000368,9,2019-12-28,02:29:08,860.42,Debit,Completed,,Loan Payment - LN2019030001147,False,,1.03,,Automated,Personal Loan,standard_payment,False,loan_payment_generator
TXNL201900000671,ACC0004509,IND19009480,LN2019030001157,LDO20190000174,9,2019-12-11,02:10:50,7671.54,Debit,Completed,,Loan Payment - LN2019030001157 - Partial,False,,0.96,,Automated,Vehicle Loan,partial_payment,False,loan_payment_generator
TXNL201900000672,ACC0003553,IND19015836,LN2019030001159,LDO20190000027,9,2019-12-18,02:38:41,2037.7,Debit,Completed,,Loan Payment - LN2019030001159,False,,0.43,,Automated,Vehicle Loan,standard_payment,False,loan_payment_generator
TXNL201900000673,ACC0003594,IND19010234,LN2019030001176,LDO20190000003,9,2019-12-27,04:49:55,24067.9,Debit,Completed,,Loan Payment - LN2019030001176,False,,0.42,,Automated,Personal Loan,standard_payment,False,loan_payment_generator
TXNL201900000674,ACC0004089,IND19011651,LN2019030001205,LDO20190000175,9,2019-12-06,04:36:42,1327.46,Debit,Completed,,Loan Payment - LN2019030001205,False,,1.2,,Automated,Personal Loan,standard_payment,False,loan_payment_generator
TXNL201900000675,ACC0004676,IND19016261,LN2019030001225,LDO20190000081,8,2019-12-02,04:46:03,15067.53,Debit,Completed,,Loan Payment - LN2019030001225 - Late Fee,False,,0.01,,Automated,Personal Loan,late_payment,False,loan_payment_generator
TXNL201900000676,ACC0004053,IND19002108,LN2019030001229,LDO20190000369,9,2019-12-27,04:06:50,1547.05,Debit,Completed,,Loan Payment - LN2019030001229,False,,0.01,,Automated,Vehicle Loan,standard_payment,False,loan_payment_generator
TXNL201900000677,ACC0005226,IND19006635,LN2019030001233,LDO20190000370,8,2019-12-04,03:47:04,3284.33,Debit,Completed,,Loan Payment - LN2019030001233,False,,0.49,,Automated,Home Loan,standard_payment,False,loan_payment_generator
TXNL201900000678,ACC0005302,IND19008558,LN2019030001234,LDO20190000082,8,2019-12-07,03:52:46,3487.77,Debit,Completed,,Loan Payment - LN2019030001234,False,,1.42,,Automated,Vehicle Loan,standard_payment,False,loan_payment_generator
TXNL201900000679,ACC0003430,IND19018732,LN2019030001237,LDO20190000371,9,2019-12-28,04:37:59,591.56,Debit,Completed,,Loan Payment - LN2019030001237,False,,0.58,,Automated,Home Loan,standard_payment,False,loan_payment_generator
TXNL201900000680,ACC0004157,IND19011584,LN2019030001243,LDO20190000372,8,2019-12-08,03:44:14,1710.23,Debit,Completed,,Loan Payment - LN2019030001243,False,,0.3,,Automated,Home Loan,standard_payment,False,loan_payment_generator
TXNL201900000681,ACC0003918,IND19003745,LN2019030001244,LDO20190000373,8,2019-12-02,02:15:45,727.4,Debit,Completed,,Loan Payment - LN2019030001244,False,,1.09,,Automated,Home Loan,standard_payment,False,loan_payment_generator
TXNL201900000682,ACC0004969,IND19013764,LN2019030001252,LDO20190000374,9,2019-12-17,04:58:03,1139.55,Debit,Completed,,Loan Payment - LN2019030001252,False,,0.5,,Automated,Vehicle Loan,standard_payment,False,loan_payment_generator
TXNL201900000683,ACC0005051,IND19018174,LN2019030001253,LDO20190000176,9,2019-12-14,04:59:19,1739.73,Debit,Completed,,Loan Payment - LN2019030001253,False,,1.93,,Automated,Vehicle Loan,standard_payment,False,loan_payment_generator
TXNL201900000684,ACC0004062,IND19011008,LN2019030001276,LDO20190000177,9,2019-12-19,02:32:06,1325.54,Debit,Completed,,Loan Payment - LN2019030001276,False,,0.56,,Automated,Home Loan,standard_payment,False,loan_payment_generator
TXNL201900000685,ACC0005483,COM19000034,LN2019030001278,LDO20190000375,9,2019-12-24,03:46:09,7300.19,Debit,Completed,,Loan Payment - LN2019030001278,False,,0.88,,Automated,Business Loan,standard_payment,False,loan_payment_generator
TXNL201900000686,ACC0005057,IND19016073,LN2019030001282,LDO20190000376,9,2019-12-30,03:26:03,3423.31,Debit,Completed,,Loan Payment - LN2019030001282,False,,1.92,,Automated,Vehicle Loan,standard_payment,False,loan_payment_generator
TXNL201900000687,ACC0005264,IND19007991,LN2019030001284,LDO20190000377,9,2019-12-19,02:15:07,3451.32,Debit,Completed,,Loan Payment - LN2019030001284,False,,0.37,,Automated,Home Loan,standard_payment,False,loan_payment_generator
TXNL201900000688,ACC0005138,IND19014354,LN2019030001286,LDO20190000378,9,2019-12-23,04:02:02,1705.52,Debit,Completed,,Loan Payment - LN2019030001286,False,,0.53,,Automated,Vehicle Loan,standard_payment,False,loan_payment_generator
TXNL201900000689,ACC0005311,IND19001658,LN2019030001293,LDO20190000178,9,2019-12-21,02:17:38,3464.11,Debit,Completed,,Loan Payment - LN2019030001293,False,,1.45,,Automated,Vehicle Loan,standard_payment,False,loan_payment_generator
TXNL201900000690,ACC0005491,COM19000191,LN2019030001301,LDO20190000179,9,2019-12-13,04:53:40,6238.29,Debit,Completed,,Loan Payment - LN2019030001301,False,,0.46,,Automated,Business Loan,standard_payment,False,loan_payment_generator
TXNL201900000691,ACC0004545,IND19015722,LN2019030001311,LDO20190000180,9,2019-12-28,02:59:09,776.81,Debit,Completed,,Loan Payment - LN2019030001311,False,,1.53,,Automated,Home Loan,standard_payment,False,loan_payment_generator
TXNL201900000692,ACC0005086,IND19001010,LN2019030001317,LDO20190000379,8,2019-12-06,02:01:54,961.42,Debit,Completed,,Loan Payment - LN2019030001317,False,,1.64,,Automated,Home Loan,standard_payment,False,loan_payment_generator
TXNL201900000693,ACC0004065,IND19013815,LN2019030001322,LDO20190000380,9,2019-12-17,02:47:28,527.02,Debit,Completed,,Loan Payment - LN2019030001322 - Late Fee,False,,1.03,,Automated,Personal Loan,late_payment,False,loan_payment_generator
TXNL201900000694,ACC0004624,IND19014388,LN2019030001323,LDO20190000381,8,2019-12-03,03:44:03,765.75,Debit,Completed,,Loan Payment - LN2019030001323 - Late Fee,False,,1.23,,Automated,Home Loan,late_payment,False,loan_payment_generator
TXNL201900000695,ACC0003417,IND19015398,LN2019030001338,LDO20190000382,9,2019-12-25,03:38:25,215.39,Debit,Completed,,Loan Payment - LN2019030001338,False,,1.08,,Automated,Home Loan,standard_payment,False,loan_payment_generator
TXNL201900000696,ACC0004238,IND19006785,LN2019030001349,LDO20190000383,9,2019-12-18,03:47:33,9276.69,Debit,Completed,,Loan Payment - LN2019030001349,False,,0.5,,Automated,Personal Loan,standard_payment,False,loan_payment_generator
TXNL201900000697,ACC0004146,IND19002494,LN2019030001353,LDO20190000384,8,2019-12-02,03:17:18,563.73,Debit,Completed,,Loan Payment - LN2019030001353,False,,1.42,,Automated,Home Loan,standard_payment,False,loan_payment_generator
TXNL201900000698,ACC0005099,IND19008121,LN2019030001369,LDO20190000385,9,2019-12-14,02:07:37,3932.56,Debit,Completed,,Loan Payment - LN2019030001369,False,,1.42,,Automated,Personal Loan,standard_payment,False,loan_payment_generator
TXNL201900000699,ACC0004557,IND19013617,LN2019030001370,LDO20190000083,9,2019-12-11,03:42:47,2785.67,Debit,Cancelled,customer_stop_instruction,Loan Payment - LN2019030001370,False,,0.14,,Automated,Vehicle Loan,standard_payment,False,loan_payment_generator
TXNL201900000700,ACC0003601,IND19021863,LN2019030001383,LDO20190000386,9,2019-12-31,03:21:59,6261.71,Debit,Completed,,Loan Payment - LN2019030001383,False,,0.21,,Automated,Vehicle Loan,standard_payment,False,loan_payment_generator
TXNL201900000701,ACC0005320,IND19021052,LN2019030001386,LDO20190000387,8,2019-12-03,04:30:41,2340.97,Debit,Completed,,Loan Payment - LN2019030001386,False,,1.89,,Automated,Vehicle Loan,standard_payment,False,loan_payment_generator
TXNL201900000702,ACC0005183,IND19007676,LN2019030001415,LDO20190000181,8,2019-12-04,02:00:09,3614.87,Debit,Completed,,Loan Payment - LN2019030001415,False,,0.59,,Automated,Vehicle Loan,standard_payment,False,loan_payment_generator
TXNL201900000703,ACC0004038,IND19020049,LN2019030001419,LDO20190000182,9,2019-12-29,02:24:41,4119.55,Debit,Completed,,Loan Payment - LN2019030001419,False,,1.78,,Automated,Personal Loan,standard_payment,False,loan_payment_generator
TXNL201900000704,ACC0004469,IND19018823,LN2019030001424,LDO20190000388,9,2019-12-21,02:22:47,949.85,Debit,Completed,,Loan Payment - LN2019030001424,False,,1.57,,Automated,Vehicle Loan,standard_payment,False,loan_payment_generator
TXNL201900000705,ACC0004202,IND19021079,LN2019030001426,LDO20190000183,9,2019-12-12,03:30:15,453.48,Debit,Completed,,Loan Payment - LN2019030001426,False,,0.57,,Automated,Home Loan,standard_payment,False,loan_payment_generator
TXNL201900000706,ACC0004626,IND19017413,LN2019030001427,LDO20190000184,9,2019-12-21,03:35:43,5891.75,Debit,Completed,,Loan Payment - LN2019030001427,False,,1.77,,Automated,Vehicle Loan,standard_payment,False,loan_payment_generator
TXNL201900000707,ACC0003669,IND19016372,LN2019030001443,LDO20190000389,8,2019-12-04,04:17:10,1646.68,Debit,Completed,,Loan Payment - LN2019030001443 - Partial,False,,0.26,,Automated,Home Loan,partial_payment,False,loan_payment_generator
TXNL201900000708,ACC0004096,IND19019241,LN2019030001444,LDO20190000185,9,2019-12-25,04:40:09,1128.04,Debit,Completed,,Loan Payment - LN2019030001444,False,,0.59,,Automated,Personal Loan,standard_payment,False,loan_payment_generator
TXNL201900000709,ACC0004254,IND19015408,LN2019030001456,LDO20190000390,9,2019-12-11,02:51:06,739.38,Debit,Completed,,Loan Payment - LN2019030001456,False,,1.12,,Automated,Home Loan,standard_payment,False,loan_payment_generator
TXNL201900000710,ACC0004212,IND19009618,LN2019030001460,LDO20190000391,8,2019-12-04,04:47:13,2327.45,Debit,Completed,,Loan Payment - LN2019030001460,False,,0.16,,Automated,Vehicle Loan,standard_payment,False,loan_payment_generator
TXNL201900000711,ACC0004042,IND19020658,LN2019030001461,LDO20190000392,9,2019-12-18,02:47:50,1273.8,Debit,Completed,,Loan Payment - LN2019030001461,False,,0.36,,Automated,Home Loan,standard_payment,False,loan_payment_generator
TXNL201900000712,ACC0004177,IND19016388,LN2019030001465,LDO20190000028,9,2019-12-22,03:10:26,24390.87,Debit,Completed,,Loan Payment - LN2019030001465,False,,0.27,,Automated,Personal Loan,standard_payment,False,loan_payment_generator
TXNL201900000713,ACC0005493,COM19000214,LN2019030001467,LDO20190000393,9,2019-12-30,02:37:29,21207.16,Debit,Completed,,Loan Payment - LN2019030001467,False,,1.11,,Automated,Business Loan,standard_payment,False,loan_payment_generator
TXNL201900000714,ACC0003649,IND19020728,LN2019030001474,LDO20190000394,9,2019-12-28,04:56:00,1000.67,Debit,Completed,,Loan Payment - LN2019030001474,False,,0.27,,Automated,Vehicle Loan,standard_payment,False,loan_payment_generator
TXNL201900000715,ACC0005188,IND19007920,LN2019030001491,LDO20190000395,9,2019-12-25,04:12:55,1867.54,Debit,Completed,,Loan Payment - LN2019030001491,False,,0.08,,Automated,Home Loan,standard_payment,False,loan_payment_generator
TXNL201900000716,ACC0004822,IND19010352,LN2019030001497,LDO20190000015,9,2019-12-21,04:48:27,650.59,Debit,Completed,,Loan Payment - LN2019030001497,False,,0.28,,Automated,Home Loan,standard_payment,False,loan_payment_generator
TXNL201900000717,ACC0005065,IND19005712,LN2019030001498,LDO20190000396,9,2019-12-16,04:36:04,6699.06,Debit,Completed,,Loan Payment - LN2019030001498,False,,0.06,,Automated,Personal Loan,standard_payment,False,loan_payment_generator
TXNL201900000718,ACC0004119,IND19007997,LN2019030001506,LDO20190000397,9,2019-12-27,04:09:15,2618.24,Debit,Completed,,Loan Payment - LN2019030001506 - Late Fee,False,,0.15,,Automated,Home Loan,late_payment,False,loan_payment_generator
TXNL201900000719,ACC0004219,IND19017929,LN2019030001507,LDO20190000029,9,2019-12-26,04:25:18,17413.57,Debit,Completed,,Loan Payment - LN2019030001507,False,,1.69,,Automated,Personal Loan,standard_payment,False,loan_payment_generator
TXNL201900000720,ACC0005356,IND19021669,LN2019030001515,LDO20190000186,9,2019-12-19,04:18:41,3344.89,Debit,Completed,,Loan Payment - LN2019030001515,False,,1.34,,Automated,Vehicle Loan,standard_payment,False,loan_payment_generator
TXNL201900000721,ACC0003811,IND19019179,LN2019030001522,LDO20190000187,9,2019-12-13,04:51:24,373.2,Debit,Completed,,Loan Payment - LN2019030001522,False,,0.95,,Automated,Home Loan,standard_payment,False,loan_payment_generator
TXNL201900000722,ACC0004667,IND19010993,LN2019030001531,LDO20190000030,9,2019-12-25,03:23:05,2143.91,Debit,Completed,,Loan Payment - LN2019030001531,False,,0.62,,Automated,Personal Loan,standard_payment,False,loan_payment_generator
TXNL201900000723,ACC0003595,IND19010234,LN2019030001532,LDO20190000398,9,2019-12-27,02:56:27,7942.14,Debit,Completed,,Loan Payment - LN2019030001532,False,,1.79,,Automated,Vehicle Loan,standard_payment,False,loan_payment_generator
TXNL201900000724,ACC0004125,IND19014196,LN2019030001544,LDO20190000399,8,2019-12-03,03:42:48,295.88,Debit,Completed,,Loan Payment - LN2019030001544,False,,0.51,,Automated,Home Loan,standard_payment,False,loan_payment_generator
TXNL201900000725,ACC0005396,IND19016920,LN2019030001545,LDO20190000084,8,2019-12-03,02:14:46,2730.13,Debit,Completed,,Loan Payment - LN2019030001545,False,,1.42,,Automated,Home Loan,standard_payment,False,loan_payment_generator
TXNL201900000726,ACC0005285,IND19005948,LN2019030001547,LDO20190000188,9,2019-12-19,02:54:35,10654.54,Debit,Completed,,Loan Payment - LN2019030001547,False,,0.27,,Automated,Personal Loan,standard_payment,False,loan_payment_generator
TXNL201900000727,ACC0004398,IND19004868,LN2019030001551,LDO20190000189,8,2019-12-05,04:38:44,2143.37,Debit,Completed,,Loan Payment - LN2019030001551,False,,1.31,,Automated,Personal Loan,standard_payment,False,loan_payment_generator
TXNL201900000728,ACC0004894,IND19009995,LN2019030001572,LDO20190000031,8,2019-12-05,03:35:21,682.06,Debit,Completed,,Loan Payment - LN2019030001572,False,,0.08,,Automated,Home Loan,standard_payment,False,loan_payment_generator
TXNL201900000729,ACC0003528,IND19006086,LN2019030001573,LDO20190000400,9,2019-12-21,02:55:11,1103.68,Debit,Completed,,Loan Payment - LN2019030001573,False,,0.72,,Automated,Personal Loan,standard_payment,False,loan_payment_generator
TXNL201900000730,ACC0004359,IND19003393,LN2019030001580,LDO20190000085,8,2019-12-02,04:58:13,448.03,Debit,Completed,,Loan Payment - LN2019030001580,False,,0.97,,Automated,Vehicle Loan,standard_payment,False,loan_payment_generator
TXNL201900000731,ACC0004855,IND19002897,LN2019030001585,LDO20190000086,9,2019-12-23,04:25:52,10347.97,Debit,Completed,,Loan Payment - LN2019030001585,False,,0.42,,Automated,Personal Loan,standard_payment,False,loan_payment_generator
TXNL201900000732,ACC0005442,IND19020561,LN2019030001586,LDO20190000401,9,2019-12-18,02:30:06,14001.7,Debit,Completed,,Loan Payment - LN2019030001586,False,,0.11,,Automated,Personal Loan,standard_payment,False,loan_payment_generator
TXNL201900000733,ACC0005095,IND19008638,LN2019030001592,LDO20190000402,9,2019-12-18,04:34:31,2489.62,Debit,Failed,mandate_limit,Loan Payment - LN2019030001592 - Late Fee,False,,1.22,,Automated,Home Loan,late_payment,False,loan_payment_generator
TXNL201900000734,ACC0004987,IND19007860,LN2019030001600,LDO20190000032,9,2019-12-13,04:41:41,490.9,Debit,Completed,,Loan Payment - LN2019030001600,False,,1.61,,Automated,Personal Loan,standard_payment,False,loan_payment_generator
TXNL201900000735,ACC0004799,IND19001595,LN2019030001603,LDO20190000403,9,2019-12-09,03:09:41,2580.97,Debit,Completed,,Loan Payment - LN2019030001603,False,,1.24,,Automated,Home Loan,standard_payment,False,loan_payment_generator
TXNL201900000736,ACC0004833,IND19019479,LN2019030001608,LDO20190000404,8,2019-12-03,04:40:56,447.62,Debit,Completed,,Loan Payment - LN2019030001608 - Late Fee,False,,0.01,,Automated,Home Loan,late_payment,False,loan_payment_generator
TXNL201900000737,ACC0003616,IND19003624,LN2019030001614,LDO20190000087,9,2019-12-31,03:58:09,1358.56,Debit,Completed,,Loan Payment - LN2019030001614,False,,0.94,,Automated,Home Loan,standard_payment,False,loan_payment_generator
TXNL201900000738,ACC0004415,IND19009259,LN2019030001616,LDO20190000033,9,2019-12-19,02:08:11,424.35,Debit,Completed,,Loan Payment - LN2019030001616,False,,1.04,,Automated,Home Loan,standard_payment,False,loan_payment_generator
TXNL201900000739,ACC0005284,IND19004670,LN2019030001624,LDO20190000190,9,2019-12-20,04:31:16,1426.49,Debit,Completed,,Loan Payment - LN2019030001624,False,,0.67,,Automated,Home Loan,standard_payment,False,loan_payment_generator
TXNL201900000740,ACC0004434,IND19018309,LN2019030001627,LDO20190000191,8,2019-12-01,04:09:49,3745.53,Debit,Completed,,Loan Payment - LN2019030001627,False,,1.45,,Automated,Personal Loan,standard_payment,False,loan_payment_generator
TXNL201900000741,ACC0003695,IND19003687,LN2019030001636,LDO20190000088,8,2019-12-06,04:32:12,2021.42,Debit,Completed,,Loan Payment - LN2019030001636,False,,1.67,,Automated,Home Loan,standard_payment,False,loan_payment_generator
TXNL201900000742,ACC0003888,IND19003310,LN2019030001637,LDO20190000405,8,2019-12-05,02:31:30,3229.15,Debit,Completed,,Loan Payment - LN2019030001637,False,,0.01,,Automated,Home Loan,standard_payment,False,loan_payment_generator
TXNL201900000743,ACC0003445,IND19009812,LN2019030001641,LDO20190000406,9,2019-12-26,04:32:53,1176.36,Debit,Completed,,Loan Payment - LN2019030001641,False,,1.05,,Automated,Personal Loan,standard_payment,False,loan_payment_generator
TXNL201900000744,ACC0004983,IND19019958,LN2019030001645,LDO20190000407,9,2019-12-24,02:23:36,2848.26,Debit,Completed,,Loan Payment - LN2019030001645,False,,1.8,,Automated,Home Loan,standard_payment,False,loan_payment_generator
TXNL201900000745,ACC0003428,IND19006653,LN2019030001646,LDO20190000408,9,2019-12-27,03:04:55,12100.66,Debit,Completed,,Loan Payment - LN2019030001646,False,,0.47,,Automated,Personal Loan,standard_payment,False,loan_payment_generator
TXNL201900000746,ACC0004099,IND19019312,LN2019030001648,LDO20190000089,8,2019-12-04,03:08:22,3023.41,Debit,Completed,,Loan Payment - LN2019030001648,False,,1.08,,Automated,Personal Loan,standard_payment,False,loan_payment_generator
TXNL201900000747,ACC0004283,IND19005793,LN2019030001655,LDO20190000192,9,2019-12-25,02:26:41,3088.27,Debit,Completed,,Loan Payment - LN2019030001655,False,,1.97,,Automated,Home Loan,standard_payment,False,loan_payment_generator
TXNL201900000748,ACC0003689,IND19005157,LN2019030001666,LDO20190000193,9,2019-12-30,02:40:31,1827.28,Debit,Completed,,Loan Payment - LN2019030001666,False,,1.14,,Automated,Personal Loan,standard_payment,False,loan_payment_generator
TXNL201900000749,ACC0004186,IND19008047,LN2019030001672,LDO20190000194,9,2019-12-28,02:14:28,393.98,Debit,Completed,,Loan Payment - LN2019030001672,False,,0.54,,Automated,Home Loan,standard_payment,False,loan_payment_generator
TXNL201900000750,ACC0004655,IND19021386,LN2019030001693,LDO20190000409,9,2019-12-27,04:22:04,3023.55,Debit,Completed,,Loan Payment - LN2019030001693,False,,0.2,,Automated,Vehicle Loan,standard_payment,False,loan_payment_generator
TXNL201900000751,ACC0004542,IND19009335,LN2019030001694,LDO20190000410,9,2019-12-22,03:51:33,2430.68,Debit,Completed,,Loan Payment - LN2019030001694,False,,0.78,,Automated,Personal Loan,standard_payment,False,loan_payment_generator
TXNL201900000752,ACC0005120,IND19018125,LN2019030001699,LDO20190000411,9,2019-12-19,04:04:53,1882.58,Debit,Completed,,Loan Payment - LN2019030001699,False,,1.08,,Automated,Home Loan,standard_payment,False,loan_payment_generator
TXNL201900000753,ACC0005430,IND19006421,LN2019030001703,LDO20190000412,9,2019-12-17,02:20:13,12023.44,Debit,Completed,,Loan Payment - LN2019030001703,False,,0.03,,Automated,Personal Loan,standard_payment,False,loan_payment_generator
TXNL201900000754,ACC0004168,IND19003614,LN2019030001705,LDO20190000413,9,2019-12-20,02:57:07,1819.58,Debit,Completed,,Loan Payment - LN2019030001705,False,,0.9,,Automated,Home Loan,standard_payment,False,loan_payment_generator
TXNL201900000755,ACC0003948,IND19007541,LN2019030001707,LDO20190000414,9,2019-12-22,04:27:52,1883.23,Debit,Completed,,Loan Payment - LN2019030001707,False,,1.4,,Automated,Personal Loan,standard_payment,False,loan_payment_generator
TXNL201900000756,ACC0003858,IND19003066,LN2019030001710,LDO20190000090,8,2019-12-01,03:51:05,337.62,Debit,Completed,,Loan Payment - LN2019030001710,False,,1.75,,Automated,Vehicle Loan,standard_payment,False,loan_payment_generator
TXNL201900000757,ACC0004442,IND19016273,LN2019030001714,LDO20190000415,9,2019-12-24,04:05:04,975.51,Debit,Completed,,Loan Payment - LN2019030001714,False,,1.82,,Automated,Home Loan,standard_payment,False,loan_payment_generator
TXNL201900000758,ACC0003976,IND19021208,LN2019030001724,LDO20190000416,8,2019-12-04,02:43:01,4818.68,Debit,Completed,,Loan Payment - LN2019030001724,False,,0.86,,Automated,Home Loan,standard_payment,False,loan_payment_generator
TXNL201900000759,ACC0004636,IND19016753,LN2019030001725,LDO20190000034,8,2019-12-04,04:21:45,3702.12,Debit,Completed,,Loan Payment - LN2019030001725,False,,1.9,,Automated,Home Loan,standard_payment,False,loan_payment_generator
TXNL201900000760,ACC0004169,IND19003504,LN2019030001730,LDO20190000091,8,2019-12-08,03:01:37,1028.86,Debit,Completed,,Loan Payment - LN2019030001730,False,,1.17,,Automated,Home Loan,standard_payment,False,loan_payment_generator
TXNL201900000761,ACC0005308,IND19003285,LN2019030001735,LDO20190000417,8,2019-12-07,02:54:08,1795.63,Debit,Completed,,Loan Payment - LN2019030001735,False,,1.08,,Automated,Vehicle Loan,standard_payment,False,loan_payment_generator
TXNL201900000762,ACC0004113,IND19020848,LN2019030001736,LDO20190000418,8,2019-12-07,02:39:35,719.81,Debit,Completed,,Loan Payment - LN2019030001736,False,,1.83,,Automated,Personal Loan,standard_payment,False,loan_payment_generator
TXNL201900000763,ACC0003912,IND19005008,LN2019030001737,LDO20190000419,8,2019-12-06,03:46:37,1380.09,Debit,Completed,,Loan Payment - LN2019030001737,False,,1.5,,Automated,Vehicle Loan,standard_payment,False,loan_payment_generator
TXNL201900000764,ACC0005395,IND19003143,LN2019030001742,LDO20190000195,9,2019-12-23,03:29:30,816.02,Debit,Cancelled,customer_stop_instruction,Loan Payment - LN2019030001742 - Late Fee,False,,0.56,,Automated,Personal Loan,late_payment,False,loan_payment_generator
TXNL201900000765,ACC0004744,IND19018931,LN2019030001758,LDO20190000196,9,2019-12-26,04:43:48,1333.34,Debit,Completed,,Loan Payment - LN2019030001758 - Partial,False,,1.4,,Automated,Home Loan,partial_payment,False,loan_payment_generator
TXNL201900000766,ACC0004892,IND19010713,LN2019030001760,LDO20190000197,9,2019-12-14,03:53:54,4133.02,Debit,Completed,,Loan Payment - LN2019030001760,False,,0.38,,Automated,Home Loan,standard_payment,False,loan_payment_generator
TXNL201900000767,ACC0004747,IND19000886,LN2019030001761,LDO20190000420,8,2019-12-05,02:12:22,2345.44,Debit,Completed,,Loan Payment - LN2019030001761,False,,0.77,,Automated,Home Loan,standard_payment,False,loan_payment_generator
TXNL201900000768,ACC0004874,IND19017777,LN2019030001762,LDO20190000092,8,2019-12-06,04:54:48,4864.89,Debit,Completed,,Loan Payment - LN2019030001762 - Late Fee,False,,1.12,,Automated,Personal Loan,late_payment,False,loan_payment_generator
TXNL201900000769,ACC0005178,IND19003886,LN2019030001767,LDO20190000421,9,2019-12-20,02:22:26,2240.63,Debit,Completed,,Loan Payment - LN2019030001767,False,,1.16,,Automated,Home Loan,standard_payment,False,loan_payment_generator
TXNL201900000770,ACC0003554,IND19020287,LN2019030001773,LDO20190000422,8,2019-12-08,03:27:30,2571.89,Debit,Completed,,Loan Payment - LN2019030001773 - Extra Principal,False,,1.12,,Automated,Personal Loan,extra_payment,False,loan_payment_generator
TXNL201900000771,ACC0003510,IND19002726,LN2019030001774,LDO20190000093,9,2019-12-18,02:00:20,362.05,Debit,Completed,,Loan Payment - LN2019030001774,False,,0.92,,Automated,Home Loan,standard_payment,False,loan_payment_generator
TXNL201900000772,ACC0005399,IND19012294,LN2019030001781,LDO20190000198,9,2019-12-24,03:49:25,3841.23,Debit,Completed,,Loan Payment - LN2019030001781,False,,1.5,,Automated,Vehicle Loan,standard_payment,False,loan_payment_generator
TXNL201900000773,ACC0003926,IND19017827,LN2019030001782,LDO20190000094,9,2019-12-11,02:37:56,1335.88,Debit,Completed,,Loan Payment - LN2019030001782,False,,1.04,,Automated,Home Loan,standard_payment,False,loan_payment_generator
TXNL201900000774,ACC0004821,IND19014444,LN2019030001787,LDO20190000423,9,2019-12-28,02:37:35,2055.72,Debit,Completed,,Loan Payment - LN2019030001787,False,,0.75,,Automated,Personal Loan,standard_payment,False,loan_payment_generator
TXNL201900000775,ACC0003634,IND19016888,LN2019030001803,LDO20190000424,9,2019-12-23,02:03:55,1486.77,Debit,Completed,,Loan Payment - LN2019030001803 - Partial,False,,0.39,,Automated,Vehicle Loan,partial_payment,False,loan_payment_generator
TXNL201900000776,ACC0003940,IND19016991,LN2019030001804,LDO20190000035,9,2019-12-31,03:05:13,509.89,Debit,Completed,,Loan Payment - LN2019030001804 - Partial,False,,0.79,,Automated,Vehicle Loan,partial_payment,False,loan_payment_generator
TXNL201900000777,ACC0004255,IND19018626,LN2019030001807,LDO20190000425,9,2019-12-10,03:28:37,1007.58,Debit,Completed,,Loan Payment - LN2019030001807,False,,0.47,,Automated,Home Loan,standard_payment,False,loan_payment_generator
TXNL201900000778,ACC0004018,IND19000876,LN2019030001811,LDO20190000426,9,2019-12-22,04:54:09,5090.28,Debit,Completed,,Loan Payment - LN2019030001811,False,,0.76,,Automated,Home Loan,standard_payment,False,loan_payment_generator
TXNL201900000779,ACC0004873,IND19015619,LN2019030001813,LDO20190000036,9,2019-12-17,03:05:16,2364.15,Debit,Completed,,Loan Payment - LN2019030001813,False,,1.99,,Automated,Home Loan,standard_payment,False,loan_payment_generator
TXNL201900000780,ACC0004247,IND19006046,LN2019030001824,LDO20190000427,9,2019-12-11,02:22:51,2462.29,Debit,Completed,,Loan Payment - LN2019030001824,False,,1.16,,Automated,Personal Loan,standard_payment,False,loan_payment_generator
TXNL201900000781,ACC0004639,IND19000056,LN2019030001828,LDO20190000428,9,2019-12-21,03:12:57,365.51,Debit,Completed,,Loan Payment - LN2019030001828,False,,1.01,,Automated,Home Loan,standard_payment,False,loan_payment_generator
TXNL201900000782,ACC0005289,IND19000943,LN2019030001830,LDO20190000429,9,2019-12-12,03:57:55,1455.88,Debit,Completed,,Loan Payment - LN2019030001830,False,,0.43,,Automated,Home Loan,standard_payment,False,loan_payment_generator
TXNL201900000783,ACC0005114,IND19009118,LN2019030001835,LDO20190000430,8,2019-12-01,04:44:22,695.33,Debit,Completed,,Loan Payment - LN2019030001835,False,,1.81,,Automated,Home Loan,standard_payment,False,loan_payment_generator
TXNL201900000784,ACC0005381,IND19009960,LN2019030001839,LDO20190000431,9,2019-12-20,02:17:25,194.31,Debit,Completed,,Loan Payment - LN2019030001839,False,,0.51,,Automated,Home Loan,standard_payment,False,loan_payment_generator
TXNL201900000785,ACC0003394,IND19007294,LN2019030001841,LDO20190000037,9,2019-12-28,04:08:11,3101.76,Debit,Completed,,Loan Payment - LN2019030001841,False,,0.34,,Automated,Vehicle Loan,standard_payment,False,loan_payment_generator
TXNL201900000786,ACC0005271,IND19006038,LN2019030001853,LDO20190000432,9,2019-12-30,03:07:34,5226.6,Debit,Completed,,Loan Payment - LN2019030001853,False,,1.78,,Automated,Personal Loan,standard_payment,False,loan_payment_generator
TXNL201900000787,ACC0005196,IND19016399,LN2019030001861,LDO20190000199,9,2019-12-21,04:28:59,2328.47,Debit,Completed,,Loan Payment - LN2019030001861,False,,1.0,,Automated,Vehicle Loan,standard_payment,False,loan_payment_generator
TXNL201900000788,ACC0005416,IND19005301,LN2019030001863,LDO20190000200,9,2019-12-19,04:22:15,181.68,Debit,Completed,,Loan Payment - LN2019030001863,False,,1.34,,Automated,Home Loan,standard_payment,False,loan_payment_generator
TXNL201900000789,ACC0004334,IND19009236,LN2019030001864,LDO20190000038,9,2019-12-14,04:23:40,1831.11,Debit,Completed,,Loan Payment - LN2019030001864 - Late Fee,False,,0.6,,Automated,Home Loan,late_payment,False,loan_payment_generator
TXNL201900000790,ACC0004879,IND19014188,LN2019030001873,LDO20190000433,9,2019-12-26,02:35:28,24393.25,Debit,Completed,,Loan Payment - LN2019030001873,False,,1.38,,Automated,Personal Loan,standard_payment,False,loan_payment_generator
TXNL201900000791,ACC0004596,IND19009615,LN2019030001875,LDO20190000201,8,2019-12-01,04:29:25,1501.9,Debit,Completed,,Loan Payment - LN2019030001875,False,,0.54,,Automated,Personal Loan,standard_payment,False,loan_payment_generator
TXNL201900000792,ACC0003985,IND19007238,LN2019030001876,LDO20190000434,9,2019-12-22,04:50:59,2228.26,Debit,Completed,,Loan Payment - LN2019030001876,False,,0.42,,Automated,Vehicle Loan,standard_payment,False,loan_payment_generator
TXNL201900000793,ACC0005480,COM19000224,LN2019030001884,LDO20190000202,9,2019-12-17,02:28:37,16555.96,Debit,Completed,,Loan Payment - LN2019030001884,False,,1.0,,Automated,Business Loan,standard_payment,False,loan_payment_generator
TXNL201900000794,ACC0005403,IND19010797,LN2019030001885,LDO20190000435,9,2019-12-09,02:43:52,1068.09,Debit,Completed,,Loan Payment - LN2019030001885,False,,1.93,,Automated,Home Loan,standard_payment,False,loan_payment_generator
TXNL201900000795,ACC0003731,IND19018494,LN2019030001886,LDO20190000436,9,2019-12-30,04:25:26,1480.13,Debit,Failed,insufficient_funds,Loan Payment - LN2019030001886 - Late Fee,False,,1.9,,Automated,Personal Loan,late_payment,False,loan_payment_generator
TXNL201900000796,ACC0005275,IND19006485,LN2019030001888,LDO20190000437,9,2019-12-13,03:42:34,750.08,Debit,Completed,,Loan Payment - LN2019030001888,False,,0.14,,Automated,Home Loan,standard_payment,False,loan_payment_generator
TXNL201900000797,ACC0004785,IND19016995,LN2019030001894,LDO20190000438,9,2019-12-12,04:49:08,255.7,Debit,Completed,,Loan Payment - LN2019030001894,False,,0.49,,Automated,Home Loan,standard_payment,False,loan_payment_generator
TXNL201900000798,ACC0005390,IND19011734,LN2019030001905,LDO20190000439,8,2019-12-07,02:11:02,2518.57,Debit,Completed,,Loan Payment - LN2019030001905,False,,1.69,,Automated,Vehicle Loan,standard_payment,False,loan_payment_generator
TXNL201900000799,ACC0004817,IND19015714,LN2019030001929,LDO20190000203,9,2019-12-13,03:45:13,1517.67,Debit,Completed,,Loan Payment - LN2019030001929,False,,1.98,,Automated,Home Loan,standard_payment,False,loan_payment_generator
TXNL201900000800,ACC0005375,IND19002687,LN2019030001937,LDO20190000440,8,2019-12-01,03:21:50,2534.06,Debit,Completed,,Loan Payment - LN2019030001937,False,,0.1,,Automated,Personal Loan,standard_payment,False,loan_payment_generator
TXNL201900000801,ACC0005098,IND19008121,LN2019030001941,LDO20190000095,8,2019-12-04,04:39:25,743.84,Debit,Completed,,Loan Payment - LN2019030001941,False,,0.8,,Automated,Home Loan,standard_payment,False,loan_payment_generator
TXNL201900000802,ACC0005143,IND19021316,LN2019030001944,LDO20190000441,9,2019-12-24,03:59:50,2807.62,Debit,Completed,,Loan Payment - LN2019030001944,False,,0.31,,Automated,Home Loan,standard_payment,False,loan_payment_generator
TXNL201900000803,ACC0004259,IND19008085,LN2019030001951,LDO20190000096,9,2019-12-30,04:32:45,840.04,Debit,Completed,,Loan Payment - LN2019030001951,False,,0.19,,Automated,Vehicle Loan,standard_payment,False,loan_payment_generator
TXNL201900000804,ACC0004783,IND19019215,LN2019030001959,LDO20190000442,8,2019-12-07,02:28:51,1072.4,Debit,Completed,,Loan Payment - LN2019030001959,False,,0.15,,Automated,Personal Loan,standard_payment,False,loan_payment_generator
TXNL201900000805,ACC0004107,IND19006600,LN2019030001968,LDO20190000443,9,2019-12-22,04:34:09,1077.33,Debit,Completed,,Loan Payment - LN2019030001968,False,,1.15,,Automated,Home Loan,standard_payment,False,loan_payment_generator
TXNL201900000806,ACC0003873,IND19001959,LN2019030001971,LDO20190000097,9,2019-12-22,02:03:05,1605.96,Debit,Completed,,Loan Payment - LN2019030001971,False,,1.72,,Automated,Home Loan,standard_payment,False,loan_payment_generator
TXNL201900000807,ACC0005236,IND19010753,LN2019030001976,LDO20190000444,9,2019-12-28,04:45:29,323.38,Debit,Completed,,Loan Payment - LN2019030001976,False,,0.74,,Automated,Home Loan,standard_payment,False,loan_payment_generator
TXNL201900000808,ACC0004406,IND19000892,LN2019030001990,LDO20190000204,8,2019-12-03,02:46:55,6003.1,Debit,Completed,,Loan Payment - LN2019030001990,False,,1.38,,Automated,Personal Loan,standard_payment,False,loan_payment_generator
TXNL201900000809,ACC0004663,IND19018024,LN2019030001995,LDO20190000445,9,2019-12-07,02:09:20,5699.32,Debit,Completed,,Loan Payment - LN2019030001995,False,,0.09,,Automated,Home Loan,standard_payment,False,loan_payment_generator
TXNL201900000810,ACC0004215,IND19011565,LN2019030002001,LDO20190000446,9,2019-12-23,02:37:40,3816.14,Debit,Completed,,Loan Payment - LN2019030002001,False,,0.19,,Automated,Home Loan,standard_payment,False,loan_payment_generator
TXNL201900000811,ACC0006109,IND19006047,LN2019040000008,LDO20190000447,8,2019-12-10,03:18:32,2609.21,Debit,Completed,,Loan Payment - LN2019040000008,False,,1.16,,Automated,Home Loan,standard_payment,False,loan_payment_generator
TXNL201900000812,ACC0005802,IND19001559,LN2019040000012,LDO20190000448,8,2019-12-13,03:07:06,4328.1,Debit,Completed,,Loan Payment - LN2019040000012,False,,1.49,,Automated,Home Loan,standard_payment,False,loan_payment_generator
TXNL201900000813,ACC0005620,IND19013053,LN2019040000013,LDO20190000449,7,2019-12-04,04:53:00,784.79,Debit,Completed,,Loan Payment - LN2019040000013,False,,1.7,,Automated,Personal Loan,standard_payment,False,loan_payment_generator
TXNL201900000814,ACC0005927,IND19000987,LN2019040000022,LDO20190000450,7,2019-12-05,04:59:50,4009.56,Debit,Completed,,Loan Payment - LN2019040000022,False,,0.31,,Automated,Personal Loan,standard_payment,False,loan_payment_generator
TXNL201900000815,ACC0005741,IND19003833,LN2019040000050,LDO20190000451,8,2019-12-20,04:37:04,1506.87,Debit,Completed,,Loan Payment - LN2019040000050,False,,1.4,,Automated,Vehicle Loan,standard_payment,False,loan_payment_generator
TXNL201900000816,ACC0005870,IND19014876,LN2019040000055,LDO20190000452,8,2019-12-30,03:10:22,4470.55,Debit,Completed,,Loan Payment - LN2019040000055,False,,0.81,,Automated,Vehicle Loan,standard_payment,False,loan_payment_generator
TXNL201900000817,ACC0005578,IND19013915,LN2019040000057,LDO20190000453,8,2019-12-29,03:46:56,5085.03,Debit,Completed,,Loan Payment - LN2019040000057,False,,1.29,,Automated,Personal Loan,standard_payment,False,loan_payment_generator
TXNL201900000818,ACC0005703,IND19009852,LN2019040000062,LDO20190000454,7,2019-12-01,02:54:33,2786.95,Debit,Completed,,Loan Payment - LN2019040000062,False,,0.69,,Automated,Vehicle Loan,standard_payment,False,loan_payment_generator
TXNL201900000819,ACC0006817,IND19002143,LN2019040000068,LDO20190000205,8,2019-12-17,03:26:24,1084.35,Debit,Completed,,Loan Payment - LN2019040000068 - Partial,False,,1.72,,Automated,Vehicle Loan,partial_payment,False,loan_payment_generator
TXNL201900000820,ACC0006364,IND19007513,LN2019040000072,LDO20190000098,8,2019-12-17,03:53:54,3140.34,Debit,Completed,,Loan Payment - LN2019040000072,False,,1.52,,Automated,Home Loan,standard_payment,False,loan_payment_generator
TXNL201900000821,ACC0006897,IND19008709,LN2019040000097,LDO20190000207,7,2019-12-01,04:20:04,1034.76,Debit,Completed,,Loan Payment - LN2019040000097,False,,1.82,,Automated,Home Loan,standard_payment,False,loan_payment_generator
TXNL201900000822,ACC0005932,IND19011112,LN2019040000114,LDO20190000208,8,2019-12-27,03:24:06,1644.9,Debit,Completed,,Loan Payment - LN2019040000114,False,,1.61,,Automated,Home Loan,standard_payment,False,loan_payment_generator
TXNL201900000823,ACC0006052,IND19000197,LN2019040000117,LDO20190000039,8,2019-12-29,04:09:16,4410.75,Debit,Completed,,Loan Payment - LN2019040000117,False,,1.79,,Automated,Home Loan,standard_payment,False,loan_payment_generator
TXNL201900000824,ACC0006692,IND19007934,LN2019040000124,LDO20190000209,8,2019-12-25,04:35:26,3552.68,Debit,Completed,,Loan Payment - LN2019040000124,False,,0.61,,Automated,Home Loan,standard_payment,False,loan_payment_generator
TXNL201900000825,ACC0005792,IND19002285,LN2019040000133,LDO20190000455,8,2019-12-30,02:52:56,756.78,Debit,Completed,,Loan Payment - LN2019040000133,False,,0.43,,Automated,Home Loan,standard_payment,False,loan_payment_generator
TXNL201900000826,ACC0006683,IND19001562,LN2019040000134,LDO20190000210,8,2019-12-12,03:20:24,4238.29,Debit,Completed,,Loan Payment - LN2019040000134,False,,0.98,,Automated,Personal Loan,standard_payment,False,loan_payment_generator
TXNL201900000827,ACC0006861,IND19007260,LN2019040000148,LDO20190000211,8,2019-12-26,03:01:46,926.1,Debit,Completed,,Loan Payment - LN2019040000148,False,,1.93,,Automated,Home Loan,standard_payment,False,loan_payment_generator
TXNL201900000828,ACC0005930,IND19008665,LN2019040000149,LDO20190000456,8,2019-12-12,03:56:28,1441.71,Debit,Completed,,Loan Payment - LN2019040000149,False,,0.28,,Automated,Home Loan,standard_payment,False,loan_payment_generator
TXNL201900000829,ACC0005880,IND19012537,LN2019040000157,LDO20190000099,8,2019-12-17,03:02:32,2809.72,Debit,Completed,,Loan Payment - LN2019040000157,False,,1.09,,Automated,Vehicle Loan,standard_payment,False,loan_payment_generator
TXNL201900000830,ACC0006886,IND19015172,LN2019040000163,LDO20190000212,8,2019-12-09,04:21:55,2847.64,Debit,Completed,,Loan Payment - LN2019040000163,False,,1.93,,Automated,Home Loan,standard_payment,False,loan_payment_generator
TXNL201900000831,ACC0005577,IND19003614,LN2019040000170,LDO20190000457,8,2019-12-12,03:04:05,875.13,Debit,Completed,,Loan Payment - LN2019040000170,False,,0.09,,Automated,Home Loan,standard_payment,False,loan_payment_generator
TXNL201900000832,ACC0006210,IND19009400,LN2019040000172,LDO20190000100,8,2019-12-27,04:48:19,1426.23,Debit,Completed,,Loan Payment - LN2019040000172,False,,0.92,,Automated,Personal Loan,standard_payment,False,loan_payment_generator
TXNL201900000833,ACC0006056,IND19007403,LN2019040000177,LDO20190000458,8,2019-12-16,02:45:39,1714.47,Debit,Completed,,Loan Payment - LN2019040000177,False,,1.67,,Automated,Vehicle Loan,standard_payment,False,loan_payment_generator
TXNL201900000834,ACC0006296,IND19008274,LN2019040000178,LDO20190000213,8,2019-12-18,04:17:35,5006.76,Debit,Completed,,Loan Payment - LN2019040000178,False,,1.47,,Automated,Vehicle Loan,standard_payment,False,loan_payment_generator
TXNL201900000835,ACC0006597,IND19011302,LN2019040000179,LDO20190000101,7,2019-12-01,02:52:58,1082.33,Debit,Completed,,Loan Payment - LN2019040000179,False,,0.62,,Automated,Personal Loan,standard_payment,False,loan_payment_generator
TXNL201900000836,ACC0006805,IND19011392,LN2019040000181,LDO20190000214,8,2019-12-26,03:32:42,555.15,Debit,Completed,,Loan Payment - LN2019040000181,False,,0.7,,Automated,Personal Loan,standard_payment,False,loan_payment_generator
TXNL201900000837,ACC0006731,IND19013531,LN2019040000194,LDO20190000459,8,2019-12-13,03:46:35,2546.38,Debit,Completed,,Loan Payment - LN2019040000194,False,,1.11,,Automated,Home Loan,standard_payment,False,loan_payment_generator
TXNL201900000838,ACC0005679,IND19012651,LN2019040000196,LDO20190000215,7,2019-12-07,02:24:29,2103.92,Debit,Cancelled,customer_stop_instruction,Loan Payment - LN2019040000196,False,,1.13,,Automated,Personal Loan,standard_payment,False,loan_payment_generator
TXNL201900000839,ACC0006111,IND19012335,LN2019040000203,LDO20190000040,8,2019-12-27,02:49:38,774.23,Debit,Completed,,Loan Payment - LN2019040000203,False,,1.96,,Automated,Home Loan,standard_payment,False,loan_payment_generator
TXNL201900000840,ACC0006826,IND19014446,LN2019040000208,LDO20190000460,8,2019-12-15,04:11:06,1080.36,Debit,Failed,insufficient_funds,Loan Payment - LN2019040000208,False,,0.05,,Automated,Home Loan,standard_payment,False,loan_payment_generator
TXNL201900000841,ACC0006272,IND19005714,LN2019040000211,LDO20190000461,8,2019-12-26,04:47:22,3340.83,Debit,Completed,,Loan Payment - LN2019040000211,False,,1.28,,Automated,Vehicle Loan,standard_payment,False,loan_payment_generator
TXNL201900000842,ACC0006413,IND19001698,LN2019040000213,LDO20190000462,8,2019-12-27,04:42:42,18315.2,Debit,Completed,,Loan Payment - LN2019040000213 - Late Fee,False,,1.51,,Automated,Personal Loan,late_payment,False,loan_payment_generator
TXNL201900000843,ACC0006978,COM19000006,LN2019040000217,LDO20190000041,7,2019-12-01,03:29:51,2735.23,Debit,Completed,,Loan Payment - LN2019040000217,False,,1.41,,Automated,Business Loan,standard_payment,False,loan_payment_generator
TXNL201900000844,ACC0006077,IND19014368,LN2019040000219,LDO20190000016,8,2019-12-15,03:54:53,11958.05,Debit,Completed,,Loan Payment - LN2019040000219,False,,0.5,,Automated,Personal Loan,standard_payment,False,loan_payment_generator
TXNL201900000845,ACC0005567,IND19010098,LN2019040000223,LDO20190000216,7,2019-12-06,03:53:39,2988.05,Debit,Completed,,Loan Payment - LN2019040000223,False,,1.27,,Automated,Personal Loan,standard_payment,False,loan_payment_generator
TXNL201900000846,ACC0006693,IND19009434,LN2019040000228,LDO20190000217,8,2019-12-22,04:58:07,2782.21,Debit,Completed,,Loan Payment - LN2019040000228,False,,1.5,,Automated,Personal Loan,standard_payment,False,loan_payment_generator
TXNL201900000847,ACC0006259,IND19003975,LN2019040000231,LDO20190000218,8,2019-12-20,04:53:44,760.29,Debit,Completed,,Loan Payment - LN2019040000231,False,,0.69,,Automated,Vehicle Loan,standard_payment,False,loan_payment_generator
TXNL201900000848,ACC0005639,IND19002056,LN2019040000239,LDO20190000219,8,2019-12-08,02:39:22,2664.15,Debit,Failed,insufficient_funds,Loan Payment - LN2019040000239,False,,0.68,,Automated,Personal Loan,standard_payment,False,loan_payment_generator
TXNL201900000849,ACC0006604,IND19008567,LN2019040000241,LDO20190000463,7,2019-12-03,03:30:29,6395.8,Debit,Completed,,Loan Payment - LN2019040000241 - Late Fee,False,,0.34,,Automated,Home Loan,late_payment,False,loan_payment_generator
TXNL201900000850,ACC0006706,IND19012278,LN2019040000242,LDO20190000464,8,2019-12-15,03:40:08,855.02,Debit,Completed,,Loan Payment - LN2019040000242,False,,1.12,,Automated,Home Loan,standard_payment,False,loan_payment_generator
TXNL201900000851,ACC0006934,IND19009341,LN2019040000253,LDO20190000465,8,2019-12-27,03:13:09,688.68,Debit,Completed,,Loan Payment - LN2019040000253,False,,1.11,,Automated,Vehicle Loan,standard_payment,False,loan_payment_generator
TXNL201900000852,ACC0006530,IND19008453,LN2019040000255,LDO20190000220,8,2019-12-08,02:41:54,3686.95,Debit,Completed,,Loan Payment - LN2019040000255,False,,1.09,,Automated,Vehicle Loan,standard_payment,False,loan_payment_generator
TXNL201900000853,ACC0006297,IND19004165,LN2019040000258,LDO20190000466,8,2019-12-22,04:09:10,1345.63,Debit,Completed,,Loan Payment - LN2019040000258,False,,0.11,,Automated,Vehicle Loan,standard_payment,False,loan_payment_generator
TXNL201900000854,ACC0006759,IND19013371,LN2019040000261,LDO20190000467,7,2019-12-05,03:19:09,2781.27,Debit,Completed,,Loan Payment - LN2019040000261,False,,0.98,,Automated,Home Loan,standard_payment,False,loan_payment_generator
TXNL201900000855,ACC0005806,IND19006693,LN2019040000278,LDO20190000004,8,2019-12-14,02:56:56,2147.78,Debit,Completed,,Loan Payment - LN2019040000278,False,,0.68,,Automated,Home Loan,standard_payment,False,loan_payment_generator
TXNL201900000856,ACC0006498,IND19011306,LN2019040000280,LDO20190000468,8,2019-12-21,04:08:02,1863.5,Debit,Completed,,Loan Payment - LN2019040000280,False,,0.3,,Automated,Personal Loan,standard_payment,False,loan_payment_generator
TXNL201900000857,ACC0005775,IND19005306,LN2019040000284,LDO20190000469,8,2019-12-24,02:01:51,1353.47,Debit,Completed,,Loan Payment - LN2019040000284,False,,0.58,,Automated,Personal Loan,standard_payment,False,loan_payment_generator
TXNL201900000858,ACC0005938,IND19012283,LN2019040000297,LDO20190000470,7,2019-12-02,03:13:22,630.82,Debit,Completed,,Loan Payment - LN2019040000297,False,,1.17,,Automated,Home Loan,standard_payment,False,loan_payment_generator
TXNL201900000859,ACC0005785,IND19004403,LN2019040000299,LDO20190000471,8,2019-12-25,04:33:59,2026.61,Debit,Completed,,Loan Payment - LN2019040000299,False,,1.97,,Automated,Home Loan,standard_payment,False,loan_payment_generator
TXNL201900000860,ACC0006913,IND19010893,LN2019040000302,LDO20190000472,7,2019-12-05,04:34:26,1991.95,Debit,Completed,,Loan Payment - LN2019040000302,False,,1.7,,Automated,Home Loan,standard_payment,False,loan_payment_generator
TXNL201900000861,ACC0006131,IND19010064,LN2019040000303,LDO20190000221,8,2019-12-17,02:48:15,2532.78,Debit,Completed,,Loan Payment - LN2019040000303,False,,1.18,,Automated,Vehicle Loan,standard_payment,False,loan_payment_generator
TXNL201900000862,ACC0006904,IND19012495,LN2019040000306,LDO20190000473,8,2019-12-18,04:52:22,1413.69,Debit,Completed,,Loan Payment - LN2019040000306,False,,0.76,,Automated,Personal Loan,standard_payment,False,loan_payment_generator
TXNL201900000863,ACC0005771,IND19006968,LN2019040000308,LDO20190000222,8,2019-12-23,02:39:00,1252.89,Debit,Completed,,Loan Payment - LN2019040000308,False,,0.49,,Automated,Home Loan,standard_payment,False,loan_payment_generator
TXNL201900000864,ACC0005695,IND19004727,LN2019040000309,LDO20190000474,8,2019-12-17,02:08:10,1385.46,Debit,Completed,,Loan Payment - LN2019040000309,False,,1.56,,Automated,Home Loan,standard_payment,False,loan_payment_generator
TXNL201900000865,ACC0005928,IND19009847,LN2019040000314,LDO20190000475,7,2019-12-07,02:09:14,5193.54,Debit,Completed,,Loan Payment - LN2019040000314,False,,1.18,,Automated,Home Loan,standard_payment,False,loan_payment_generator
TXNL201900000866,ACC0006947,IND19015118,LN2019040000317,LDO20190000476,8,2019-12-29,03:32:59,3097.2,Debit,Completed,,Loan Payment - LN2019040000317 - Late Fee,False,,1.53,,Automated,Home Loan,late_payment,False,loan_payment_generator
TXNL201900000867,ACC0006857,IND19010255,LN2019040000318,LDO20190000477,8,2019-12-05,02:57:09,1486.56,Debit,Completed,,Loan Payment - LN2019040000318,False,,2.0,,Automated,Home Loan,standard_payment,False,loan_payment_generator
TXNL201900000868,ACC0006957,IND19014811,LN2019040000332,LDO20190000478,7,2019-12-05,02:59:08,1172.91,Debit,Completed,,Loan Payment - LN2019040000332,False,,0.45,,Automated,Personal Loan,standard_payment,False,loan_payment_generator
TXNL201900000869,ACC0005514,IND19011127,LN2019040000334,LDO20190000479,7,2019-12-04,04:43:13,1215.23,Debit,Completed,,Loan Payment - LN2019040000334,False,,0.07,,Automated,Home Loan,standard_payment,False,loan_payment_generator
TXNL201900000870,ACC0005603,IND19011571,LN2019040000339,LDO20190000480,7,2019-12-06,03:51:01,1438.72,Debit,Completed,,Loan Payment - LN2019040000339,False,,1.93,,Automated,Home Loan,standard_payment,False,loan_payment_generator
TXNL201900000871,ACC0006317,IND19003634,LN2019040000341,LDO20190000481,8,2019-12-11,04:48:39,176.04,Debit,Completed,,Loan Payment - LN2019040000341,False,,1.29,,Automated,Home Loan,standard_payment,False,loan_payment_generator
TXNL201900000872,ACC0007001,COM19000025,LN2019040000342,LDO20190000223,8,2019-12-16,04:05:40,34329.58,Debit,Completed,,Loan Payment - LN2019040000342,False,,0.54,,Automated,Business Loan,standard_payment,False,loan_payment_generator
TXNL201900000873,ACC0006803,IND19001507,LN2019040000347,LDO20190000224,8,2019-12-20,04:33:29,2701.87,Debit,Completed,,Loan Payment - LN2019040000347,False,,0.1,,Automated,Personal Loan,standard_payment,False,loan_payment_generator
TXNL201900000874,ACC0006453,IND19003544,LN2019040000353,LDO20190000042,8,2019-12-24,02:08:54,775.57,Debit,Completed,,Loan Payment - LN2019040000353 - Partial,False,,0.28,,Automated,Home Loan,partial_payment,False,loan_payment_generator
TXNL201900000875,ACC0006527,IND19000751,LN2019040000354,LDO20190000017,8,2019-12-22,04:42:11,3539.16,Debit,Completed,,Loan Payment - LN2019040000354,False,,0.36,,Automated,Personal Loan,standard_payment,False,loan_payment_generator
TXNL201900000876,ACC0005874,IND19007093,LN2019040000364,LDO20190000225,8,2019-12-10,04:50:16,2763.29,Debit,Completed,,Loan Payment - LN2019040000364,False,,1.39,,Automated,Personal Loan,standard_payment,False,loan_payment_generator
TXNL201900000877,ACC0006991,COM19000195,LN2019040000368,LDO20190000482,8,2019-12-10,03:36:13,28745.2,Debit,Completed,,Loan Payment - LN2019040000368,False,,1.17,,Automated,Business Loan,standard_payment,False,loan_payment_generator
TXNL201900000878,ACC0005612,IND19005962,LN2019040000372,,7,2019-12-03,02:33:24,4137.1,Debit,Completed,,Loan Payment - LN2019040000372,False,,2.5,,Automated,Home Loan,standard_payment,False,loan_payment_generator
TXNL201900000879,ACC0005835,IND19006050,LN2019040000388,LDO20190000043,7,2019-12-01,03:05:24,3029.99,Debit,Completed,,Loan Payment - LN2019040000388,False,,1.03,,Automated,Home Loan,standard_payment,False,loan_payment_generator
TXNL201900000880,ACC0006948,IND19015118,LN2019040000407,LDO20190000226,8,2019-12-20,04:24:28,3846.92,Debit,Completed,,Loan Payment - LN2019040000407,False,,1.28,,Automated,Vehicle Loan,standard_payment,False,loan_payment_generator
TXNL201900000881,ACC0006899,IND19000899,LN2019040000409,LDO20190000044,8,2019-12-27,04:22:12,1590.41,Debit,Completed,,Loan Payment - LN2019040000409,False,,1.58,,Automated,Home Loan,standard_payment,False,loan_payment_generator
TXNL201900000882,ACC0005827,IND19010077,LN2019040000424,LDO20190000102,7,2019-12-02,04:13:47,2521.98,Debit,Completed,,Loan Payment - LN2019040000424 - Late Fee,False,,0.55,,Automated,Personal Loan,late_payment,False,loan_payment_generator
TXNL201900000883,ACC0006600,IND19010541,LN2019040000426,LDO20190000227,8,2019-12-30,04:17:33,1013.25,Debit,Completed,,Loan Payment - LN2019040000426,False,,0.84,,Automated,Home Loan,standard_payment,False,loan_payment_generator
TXNL201900000884,ACC0006975,COM19000211,LN2019040000442,LDO20190000483,8,2019-12-28,03:47:58,10135.19,Debit,Completed,,Loan Payment - LN2019040000442,False,,1.29,,Automated,Business Loan,standard_payment,False,loan_payment_generator
TXNL201900000885,ACC0006609,IND19010646,LN2019040000453,LDO20190000228,8,2019-12-27,02:40:25,5582.9,Debit,Completed,,Loan Payment - LN2019040000453,False,,1.6,,Automated,Home Loan,standard_payment,False,loan_payment_generator
TXNL201900000886,ACC0006009,IND19001618,LN2019040000458,LDO20190000229,8,2019-12-18,03:06:43,1551.08,Debit,Completed,,Loan Payment - LN2019040000458,False,,1.38,,Automated,Home Loan,standard_payment,False,loan_payment_generator
TXNL201900000887,ACC0006508,IND19001701,LN2019040000460,LDO20190000230,7,2019-12-05,03:37:48,3505.4,Debit,Completed,,Loan Payment - LN2019040000460,False,,1.27,,Automated,Home Loan,standard_payment,False,loan_payment_generator
TXNL201900000888,ACC0006244,IND19014006,LN2019040000470,LDO20190000007,7,2019-12-06,04:06:05,7337.68,Debit,Completed,,Loan Payment - LN2019040000470 - Extra Principal,False,,0.49,,Automated,Personal Loan,extra_payment,False,loan_payment_generator
TXNL201900000889,ACC0005740,IND19008836,LN2019040000489,LDO20190000484,8,2019-12-17,04:22:09,942.46,Debit,Completed,,Loan Payment - LN2019040000489,False,,0.2,,Automated,Home Loan,standard_payment,False,loan_payment_generator
TXNL201900000890,ACC0006384,IND19000328,LN2019040000493,LDO20190000485,8,2019-12-20,02:32:15,1714.89,Debit,Completed,,Loan Payment - LN2019040000493,False,,0.52,,Automated,Personal Loan,standard_payment,False,loan_payment_generator
TXNL201900000891,ACC0005972,IND19010087,LN2019040000499,LDO20190000008,8,2019-12-27,03:32:41,3477.34,Debit,Completed,,Loan Payment - LN2019040000499,False,,1.79,,Automated,Vehicle Loan,standard_payment,False,loan_payment_generator
TXNL201900000892,ACC0005763,IND19002384,LN2019040000501,LDO20190000103,7,2019-12-01,02:53:37,906.64,Debit,Completed,,Loan Payment - LN2019040000501,False,,0.97,,Automated,Vehicle Loan,standard_payment,False,loan_payment_generator
TXNL201900000893,ACC0006043,IND19012474,LN2019040000504,LDO20190000104,7,2019-12-02,03:29:43,1182.55,Debit,Completed,,Loan Payment - LN2019040000504,False,,0.21,,Automated,Home Loan,standard_payment,False,loan_payment_generator
TXNL201900000894,ACC0007004,COM19000217,LN2019040000506,LDO20190000486,7,2019-12-04,04:02:39,10556.78,Debit,Completed,,Loan Payment - LN2019040000506,False,,0.39,,Automated,Business Loan,standard_payment,False,loan_payment_generator
TXNL201900000895,ACC0006037,IND19012380,LN2019040000521,LDO20190000487,8,2019-12-29,02:08:25,4410.13,Debit,Completed,,Loan Payment - LN2019040000521,False,,1.09,,Automated,Home Loan,standard_payment,False,loan_payment_generator
TXNL201900000896,ACC0006594,IND19013477,LN2019040000528,LDO20190000488,8,2019-12-23,03:08:08,2360.32,Debit,Completed,,Loan Payment - LN2019040000528,False,,1.5,,Automated,Home Loan,standard_payment,False,loan_payment_generator
TXNL201900000897,ACC0005980,IND19012426,LN2019040000531,LDO20190000489,7,2019-12-10,04:23:07,11866.11,Debit,Completed,,Loan Payment - LN2019040000531,False,,0.05,,Automated,Personal Loan,standard_payment,False,loan_payment_generator
TXNL201900000898,ACC0006095,IND19004821,LN2019040000532,LDO20190000490,8,2019-12-16,04:02:28,1771.47,Debit,Completed,,Loan Payment - LN2019040000532,False,,0.64,,Automated,Vehicle Loan,standard_payment,False,loan_payment_generator
TXNL201900000899,ACC0005777,IND19012806,LN2019040000549,LDO20190000018,8,2019-12-15,04:11:44,3444.9,Debit,Completed,,Loan Payment - LN2019040000549,False,,1.66,,Automated,Home Loan,standard_payment,False,loan_payment_generator
TXNL201900000900,ACC0005652,IND19009011,LN2019040000553,LDO20190000491,8,2019-12-15,03:19:05,3083.33,Debit,Completed,,Loan Payment - LN2019040000553,False,,0.87,,Automated,Home Loan,standard_payment,False,loan_payment_generator
TXNL201900000901,ACC0005618,IND19008561,LN2019040000557,LDO20190000231,8,2019-12-15,02:40:36,4066.44,Debit,Completed,,Loan Payment - LN2019040000557,False,,0.28,,Automated,Home Loan,standard_payment,False,loan_payment_generator
TXNL201900000902,ACC0005549,IND19002733,LN2019040000562,LDO20190000492,8,2019-12-22,04:31:52,1015.02,Debit,Completed,,Loan Payment - LN2019040000562,False,,1.98,,Automated,Home Loan,standard_payment,False,loan_payment_generator
TXNL201900000903,ACC0006705,IND19007997,LN2019040000563,LDO20190000493,8,2019-12-18,04:54:19,2803.85,Debit,Completed,,Loan Payment - LN2019040000563 - Late Fee,False,,0.75,,Automated,Home Loan,late_payment,False,loan_payment_generator
TXNL201900000904,ACC0006845,IND19015246,LN2019040000573,LDO20190000105,8,2019-12-24,03:19:24,7216.33,Debit,Completed,,Loan Payment - LN2019040000573,False,,1.3,,Automated,Vehicle Loan,standard_payment,False,loan_payment_generator
TXNL201900000905,ACC0006149,IND19009401,LN2019040000585,LDO20190000106,8,2019-12-26,02:05:01,1622.39,Debit,Completed,,Loan Payment - LN2019040000585,False,,1.78,,Automated,Home Loan,standard_payment,False,loan_payment_generator
TXNL201900000906,ACC0006098,IND19015404,LN2019040000598,LDO20190000494,8,2019-12-11,04:19:14,9597.56,Debit,Completed,,Loan Payment - LN2019040000598,False,,0.88,,Automated,Personal Loan,standard_payment,False,loan_payment_generator
TXNL201900000907,ACC0005613,IND19005851,LN2019040000601,LDO20190000495,7,2019-12-01,03:56:49,4123.43,Debit,Completed,,Loan Payment - LN2019040000601,False,,0.3,,Automated,Home Loan,standard_payment,False,loan_payment_generator
TXNL201900000908,ACC0006123,IND19005105,LN2019040000616,LDO20190000107,7,2019-12-07,04:45:22,397.09,Debit,Completed,,Loan Payment - LN2019040000616,False,,1.58,,Automated,Home Loan,standard_payment,False,loan_payment_generator
TXNL201900000909,ACC0006557,IND19008107,LN2019040000629,LDO20190000233,7,2019-12-03,02:15:37,2964.23,Debit,Completed,,Loan Payment - LN2019040000629,False,,1.93,,Automated,Home Loan,standard_payment,False,loan_payment_generator
TXNL201900000910,ACC0005969,IND19013685,LN2019040000632,LDO20190000234,8,2019-12-24,02:45:37,3958.91,Debit,Completed,,Loan Payment - LN2019040000632,False,,1.62,,Automated,Home Loan,standard_payment,False,loan_payment_generator
TXNL201900000911,ACC0005909,IND19003965,LN2019040000638,LDO20190000108,8,2019-12-21,03:09:25,1357.5,Debit,Completed,,Loan Payment - LN2019040000638,False,,0.82,,Automated,Home Loan,standard_payment,False,loan_payment_generator
TXNL201900000912,ACC0006153,IND19010755,LN2019040000648,LDO20190000235,8,2019-12-30,03:37:38,3696.44,Debit,Completed,,Loan Payment - LN2019040000648,False,,1.95,,Automated,Home Loan,standard_payment,False,loan_payment_generator
TXNL201900000913,ACC0006126,IND19004181,LN2019040000657,LDO20190000496,8,2019-12-14,04:05:45,995.41,Debit,Completed,,Loan Payment - LN2019040000657,False,,0.77,,Automated,Vehicle Loan,standard_payment,False,loan_payment_generator
TXNL201900000914,ACC0005981,IND19012426,LN2019040000660,LDO20190000497,7,2019-12-05,02:38:04,11876.6,Debit,Completed,,Loan Payment - LN2019040000660,False,,1.74,,Automated,Personal Loan,standard_payment,False,loan_payment_generator
TXNL201900000915,ACC0006487,IND19006187,LN2019040000663,LDO20190000236,7,2019-12-04,02:26:23,1852.93,Debit,Completed,,Loan Payment - LN2019040000663,False,,0.88,,Automated,Personal Loan,standard_payment,False,loan_payment_generator
TXNL201900000916,ACC0005609,IND19010495,LN2019040000664,LDO20190000109,8,2019-12-22,03:16:45,3419.22,Debit,Completed,,Loan Payment - LN2019040000664,False,,0.23,,Automated,Vehicle Loan,standard_payment,False,loan_payment_generator
TXNL201900000917,ACC0006775,IND19005633,LN2019040000666,LDO20190000498,8,2019-12-11,04:00:23,3236.13,Debit,Completed,,Loan Payment - LN2019040000666,False,,1.46,,Automated,Home Loan,standard_payment,False,loan_payment_generator
TXNL201900000918,ACC0006758,IND19013371,LN2019040000674,LDO20190000499,8,2019-12-18,02:17:22,625.8,Debit,Completed,,Loan Payment - LN2019040000674,False,,0.32,,Automated,Home Loan,standard_payment,False,loan_payment_generator
TXNL201900000919,ACC0006933,IND19004476,LN2019040000681,LDO20190000110,8,2019-12-24,02:58:08,5094.02,Debit,Completed,,Loan Payment - LN2019040000681,False,,1.23,,Automated,Personal Loan,standard_payment,False,loan_payment_generator
TXNL201900000920,ACC0006611,IND19010726,LN2019040000684,LDO20190000500,8,2019-12-29,02:32:34,1419.83,Debit,Completed,,Loan Payment - LN2019040000684,False,,0.98,,Automated,Vehicle Loan,standard_payment,False,loan_payment_generator
TXNL201900000921,ACC0006540,IND19011900,LN2019040000690,LDO20190000501,7,2019-12-01,04:41:26,1853.79,Debit,Completed,,Loan Payment - LN2019040000690,False,,0.46,,Automated,Vehicle Loan,standard_payment,False,loan_payment_generator
TXNL201900000922,ACC0006083,IND19013467,LN2019040000691,LDO20190000237,8,2019-12-15,04:59:14,1941.38,Debit,Completed,,Loan Payment - LN2019040000691,False,,0.97,,Automated,Home Loan,standard_payment,False,loan_payment_generator
TXNL201900000923,ACC0006884,IND19015135,LN2019040000696,LDO20190000502,7,2019-12-05,03:41:28,2767.53,Debit,Completed,,Loan Payment - LN2019040000696,False,,1.38,,Automated,Vehicle Loan,standard_payment,False,loan_payment_generator
TXNL201900000924,ACC0005590,IND19007712,LN2019040000699,LDO20190000503,8,2019-12-19,02:58:10,1931.52,Debit,Completed,,Loan Payment - LN2019040000699,False,,0.29,,Automated,Personal Loan,standard_payment,False,loan_payment_generator
TXNL201900000925,ACC0005824,IND19013306,LN2019040000701,LDO20190000238,8,2019-12-19,03:15:53,806.26,Debit,Completed,,Loan Payment - LN2019040000701 - Late Fee,False,,1.46,,Automated,Home Loan,late_payment,False,loan_payment_generator
TXNL201900000926,ACC0006286,IND19014817,LN2019040000708,LDO20190000239,7,2019-12-02,03:26:45,6185.66,Debit,Completed,,Loan Payment - LN2019040000708,False,,0.8,,Automated,Home Loan,standard_payment,False,loan_payment_generator
TXNL201900000927,ACC0006258,IND19014436,LN2019040000711,LDO20190000504,7,2019-12-02,04:10:25,2398.9,Debit,Completed,,Loan Payment - LN2019040000711,False,,0.29,,Automated,Vehicle Loan,standard_payment,False,loan_payment_generator
TXNL201900000928,ACC0006114,IND19000797,LN2019040000713,LDO20190000505,8,2019-12-20,02:23:17,2478.89,Debit,Completed,,Loan Payment - LN2019040000713 - Late Fee,False,,0.7,,Automated,Personal Loan,late_payment,False,loan_payment_generator
TXNL201900000929,ACC0006784,IND19011724,LN2019040000720,LDO20190000506,8,2019-12-23,02:40:58,1450.8,Debit,Completed,,Loan Payment - LN2019040000720,False,,0.54,,Automated,Home Loan,standard_payment,False,loan_payment_generator
TXNL201900000930,ACC0006465,IND19002539,LN2019040000722,LDO20190000507,8,2019-12-30,03:54:00,2178.65,Debit,Completed,,Loan Payment - LN2019040000722,False,,2.0,,Automated,Personal Loan,standard_payment,False,loan_payment_generator
TXNL201900000931,ACC0006875,IND19001044,LN2019040000724,LDO20190000240,8,2019-12-14,02:55:12,6735.95,Debit,Completed,,Loan Payment - LN2019040000724,False,,0.47,,Automated,Home Loan,standard_payment,False,loan_payment_generator
TXNL201900000932,ACC0006439,IND19010454,LN2019040000729,LDO20190000508,8,2019-12-30,04:36:22,1974.92,Debit,Completed,,Loan Payment - LN2019040000729,False,,1.03,,Automated,Vehicle Loan,standard_payment,False,loan_payment_generator
TXNL201900000933,ACC0006535,IND19003432,LN2019040000737,LDO20190000509,8,2019-12-30,03:39:30,1134.9,Debit,Completed,,Loan Payment - LN2019040000737,False,,1.36,,Automated,Home Loan,standard_payment,False,loan_payment_generator
TXNL201900000934,ACC0006501,IND19012993,LN2019040000740,LDO20190000510,8,2019-12-20,03:43:16,366.78,Debit,Completed,,Loan Payment - LN2019040000740,False,,0.57,,Automated,Home Loan,standard_payment,False,loan_payment_generator
TXNL201900000935,ACC0006652,IND19001592,LN2019040000748,LDO20190000019,8,2019-12-21,02:01:15,1845.94,Debit,Completed,,Loan Payment - LN2019040000748,False,,1.45,,Automated,Vehicle Loan,standard_payment,False,loan_payment_generator
TXNL201900000936,ACC0006209,IND19009400,LN2019040000751,LDO20190000241,8,2019-12-22,02:31:47,3069.89,Debit,Completed,,Loan Payment - LN2019040000751,False,,1.46,,Automated,Vehicle Loan,standard_payment,False,loan_payment_generator
TXNL201900000937,ACC0006424,IND19005129,LN2019040000752,LDO20190000511,7,2019-12-04,04:35:22,864.47,Debit,Completed,,Loan Payment - LN2019040000752,False,,0.37,,Automated,Vehicle Loan,standard_payment,False,loan_payment_generator
TXNL201900000938,ACC0005901,IND19005390,LN2019040000757,LDO20190000512,7,2019-12-02,04:59:54,1539.45,Debit,Completed,,Loan Payment - LN2019040000757,False,,1.33,,Automated,Home Loan,standard_payment,False,loan_payment_generator
TXNL201900000939,ACC0006309,IND19003220,LN2019040000759,LDO20190000513,8,2019-12-28,02:29:51,2359.63,Debit,Completed,,Loan Payment - LN2019040000759,False,,0.95,,Automated,Vehicle Loan,standard_payment,False,loan_payment_generator
TXNL201900000940,ACC0006375,IND19011919,LN2019040000761,LDO20190000045,7,2019-12-03,03:08:00,6475.59,Debit,Completed,,Loan Payment - LN2019040000761,False,,0.58,,Automated,Personal Loan,standard_payment,False,loan_payment_generator
TXNL201900000941,ACC0006145,IND19002874,LN2019040000764,LDO20190000242,8,2019-12-19,03:34:33,360.12,Debit,Completed,,Loan Payment - LN2019040000764,False,,1.44,,Automated,Vehicle Loan,standard_payment,False,loan_payment_generator
TXNL201900000942,ACC0006981,COM19000093,LN2019040000766,LDO20190000514,8,2019-12-09,04:30:17,11911.56,Debit,Completed,,Loan Payment - LN2019040000766,False,,0.53,,Automated,Business Loan,standard_payment,False,loan_payment_generator
TXNL201900000943,ACC0005860,IND19014037,LN2019040000773,LDO20190000243,8,2019-12-19,02:02:56,721.37,Debit,Completed,,Loan Payment - LN2019040000773,False,,1.97,,Automated,Home Loan,standard_payment,False,loan_payment_generator
TXNL201900000944,ACC0006542,IND19000673,LN2019040000780,LDO20190000515,8,2019-12-22,03:05:52,3105.75,Debit,Completed,,Loan Payment - LN2019040000780,False,,0.15,,Automated,Home Loan,standard_payment,False,loan_payment_generator
TXNL201900000945,ACC0006266,IND19003941,LN2019040000781,LDO20190000516,8,2019-12-21,02:13:11,2046.48,Debit,Completed,,Loan Payment - LN2019040000781,False,,0.11,,Automated,Personal Loan,standard_payment,False,loan_payment_generator
TXNL201900000946,ACC0006734,IND19005493,LN2019040000790,LDO20190000517,8,2019-12-10,03:26:28,1509.67,Debit,Completed,,Loan Payment - LN2019040000790,False,,0.87,,Automated,Home Loan,standard_payment,False,loan_payment_generator
TXNL201900000947,ACC0005778,IND19015885,LN2019040000791,LDO20190000244,8,2019-12-22,04:56:14,3538.8,Debit,Completed,,Loan Payment - LN2019040000791,False,,1.79,,Automated,Personal Loan,standard_payment,False,loan_payment_generator
TXNL201900000948,ACC0006094,IND19004821,LN2019040000810,LDO20190000518,7,2019-12-07,04:56:29,1564.97,Debit,Completed,,Loan Payment - LN2019040000810 - Extra Principal,False,,0.76,,Automated,Home Loan,extra_payment,False,loan_payment_generator
TXNL201900000949,ACC0006306,IND19004991,LN2019040000811,LDO20190000519,8,2019-12-13,04:48:57,2052.6,Debit,Completed,,Loan Payment - LN2019040000811,False,,0.34,,Automated,Vehicle Loan,standard_payment,False,loan_payment_generator
TXNL201900000950,ACC0006480,IND19014719,LN2019040000819,LDO20190000520,7,2019-12-08,04:14:57,2937.14,Debit,Completed,,Loan Payment - LN2019040000819,False,,1.19,,Automated,Vehicle Loan,standard_payment,False,loan_payment_generator
TXNL201900000951,ACC0006938,IND19009972,LN2019040000822,LDO20190000245,8,2019-12-27,04:58:18,452.77,Debit,Completed,,Loan Payment - LN2019040000822 - Late Fee,False,,1.94,,Automated,Home Loan,late_payment,False,loan_payment_generator
TXNL201900000952,ACC0006992,COM19000195,LN2019040000824,LDO20190000111,8,2019-12-24,02:27:25,17505.64,Debit,Completed,,Loan Payment - LN2019040000824,False,,0.97,,Automated,Business Loan,standard_payment,False,loan_payment_generator
TXNL201900000953,ACC0006580,IND19006422,LN2019040000827,LDO20190000521,8,2019-12-27,02:15:03,3628.44,Debit,Completed,,Loan Payment - LN2019040000827,False,,1.11,,Automated,Personal Loan,standard_payment,False,loan_payment_generator
TXNL201900000954,ACC0005675,IND19000388,LN2019040000832,LDO20190000522,7,2019-12-01,04:50:23,1422.64,Debit,Completed,,Loan Payment - LN2019040000832,False,,1.89,,Automated,Vehicle Loan,standard_payment,False,loan_payment_generator
TXNL201900000955,ACC0006503,IND19002005,LN2019040000833,LDO20190000112,8,2019-12-18,02:58:46,877.07,Debit,Completed,,Loan Payment - LN2019040000833,False,,0.18,,Automated,Vehicle Loan,standard_payment,False,loan_payment_generator
TXNL201900000956,ACC0006342,IND19005955,LN2019040000844,LDO20190000246,8,2019-12-16,02:12:27,762.72,Debit,Completed,,Loan Payment - LN2019040000844,False,,0.7,,Automated,Home Loan,standard_payment,False,loan_payment_generator
TXNL201900000957,ACC0005796,IND19006333,LN2019040000846,LDO20190000046,7,2019-12-02,03:25:50,1041.48,Debit,Completed,,Loan Payment - LN2019040000846,False,,1.24,,Automated,Personal Loan,standard_payment,False,loan_payment_generator
TXNL201900000958,ACC0006324,IND19000214,LN2019040000860,LDO20190000523,8,2019-12-14,03:25:23,482.0,Debit,Completed,,Loan Payment - LN2019040000860,False,,0.48,,Automated,Home Loan,standard_payment,False,loan_payment_generator
TXNL201900000959,ACC0005745,IND19006503,LN2019040000871,LDO20190000113,8,2019-12-11,02:34:37,3135.84,Debit,Completed,,Loan Payment - LN2019040000871,False,,0.37,,Automated,Home Loan,standard_payment,False,loan_payment_generator
TXNL201900000960,ACC0006570,IND19013192,LN2019040000874,LDO20190000114,7,2019-12-03,02:28:13,6296.78,Debit,Completed,,Loan Payment - LN2019040000874,False,,1.48,,Automated,Personal Loan,standard_payment,False,loan_payment_generator
TXNL201900000961,ACC0006687,IND19007346,LN2019040000890,LDO20190000524,7,2019-12-01,04:23:00,3564.64,Debit,Completed,,Loan Payment - LN2019040000890,False,,0.24,,Automated,Personal Loan,standard_payment,False,loan_payment_generator
TXNL201900000962,ACC0007000,COM19000238,LN2019040000904,LDO20190000115,8,2019-12-18,03:50:40,4590.55,Debit,Completed,,Loan Payment - LN2019040000904,False,,1.7,,Automated,Business Loan,standard_payment,False,loan_payment_generator
TXNL201900000963,ACC0006642,IND19010043,LN2019040000907,LDO20190000525,8,2019-12-12,02:59:28,5341.6,Debit,Completed,,Loan Payment - LN2019040000907,False,,1.86,,Automated,Home Loan,standard_payment,False,loan_payment_generator
TXNL201900000964,ACC0006113,IND19003858,LN2019040000908,LDO20190000047,7,2019-12-01,03:58:59,857.42,Debit,Completed,,Loan Payment - LN2019040000908,False,,1.13,,Automated,Home Loan,standard_payment,False,loan_payment_generator
TXNL201900000965,ACC0006157,IND19013899,LN2019040000913,LDO20190000116,8,2019-12-23,02:52:36,1853.27,Debit,Completed,,Loan Payment - LN2019040000913,False,,0.81,,Automated,Vehicle Loan,standard_payment,False,loan_payment_generator
TXNL201900000966,ACC0005543,IND19006755,LN2019040000919,LDO20190000526,8,2019-12-18,03:30:31,559.62,Debit,Completed,,Loan Payment - LN2019040000919,False,,0.97,,Automated,Home Loan,standard_payment,False,loan_payment_generator
TXNL201900000967,ACC0006553,IND19009487,LN2019040000920,LDO20190000117,7,2019-12-03,02:34:24,602.69,Debit,Completed,,Loan Payment - LN2019040000920 - Late Fee,False,,1.22,,Automated,Home Loan,late_payment,False,loan_payment_generator
TXNL201900000968,ACC0006155,IND19014676,LN2019040000923,LDO20190000247,8,2019-12-21,04:49:19,4307.26,Debit,Completed,,Loan Payment - LN2019040000923,False,,0.54,,Automated,Home Loan,standard_payment,False,loan_payment_generator
TXNL201900000969,ACC0006855,IND19009563,LN2019040000928,LDO20190000248,8,2019-12-19,02:30:42,1093.1,Debit,Completed,,Loan Payment - LN2019040000928,False,,0.25,,Automated,Home Loan,standard_payment,False,loan_payment_generator
TXNL201900000970,ACC0005517,IND19002764,LN2019040000929,LDO20190000118,7,2019-12-03,03:08:20,1277.74,Debit,Completed,,Loan Payment - LN2019040000929,False,,0.06,,Automated,Vehicle Loan,standard_payment,False,loan_payment_generator
TXNL201900000971,ACC0006403,IND19012682,LN2019040000933,LDO20190000527,7,2019-12-02,03:44:29,677.4,Debit,Completed,,Loan Payment - LN2019040000933,False,,1.17,,Automated,Personal Loan,standard_payment,False,loan_payment_generator
TXNL201900000972,ACC0006876,IND19000464,LN2019040000937,LDO20190000528,7,2019-12-07,03:02:31,3241.03,Debit,Completed,,Loan Payment - LN2019040000937,False,,1.39,,Automated,Home Loan,standard_payment,False,loan_payment_generator
TXNL201900000973,ACC0005886,IND19013488,LN2019040000941,LDO20190000529,7,2019-12-06,04:10:14,8637.76,Debit,Completed,,Loan Payment - LN2019040000941,False,,0.59,,Automated,Personal Loan,standard_payment,False,loan_payment_generator
TXNL201900000974,ACC0006276,IND19008958,LN2019040000944,LDO20190000048,8,2019-12-13,04:44:20,2924.42,Debit,Completed,,Loan Payment - LN2019040000944,False,,0.25,,Automated,Home Loan,standard_payment,False,loan_payment_generator
TXNL201900000975,ACC0006166,IND19000921,LN2019040000947,LDO20190000249,8,2019-12-29,02:01:57,1728.88,Debit,Completed,,Loan Payment - LN2019040000947,False,,0.8,,Automated,Vehicle Loan,standard_payment,False,loan_payment_generator
TXNL201900000976,ACC0006165,IND19002473,LN2019040000948,LDO20190000530,8,2019-12-29,02:37:31,1826.67,Debit,Completed,,Loan Payment - LN2019040000948,False,,1.65,,Automated,Home Loan,standard_payment,False,loan_payment_generator
TXNL201900000977,ACC0006085,IND19012573,LN2019040000952,LDO20190000531,7,2019-12-06,03:18:00,1668.69,Debit,Completed,,Loan Payment - LN2019040000952,False,,0.83,,Automated,Home Loan,standard_payment,False,loan_payment_generator
TXNL201900000978,ACC0005859,IND19014037,LN2019040000958,LDO20190000532,8,2019-12-23,04:14:59,1660.6,Debit,Completed,,Loan Payment - LN2019040000958,False,,1.37,,Automated,Personal Loan,standard_payment,False,loan_payment_generator
TXNL201900000979,ACC0006278,IND19002340,LN2019040000961,LDO20190000533,7,2019-12-04,04:53:00,2516.11,Debit,Completed,,Loan Payment - LN2019040000961,False,,1.03,,Automated,Personal Loan,standard_payment,False,loan_payment_generator
TXNL201900000980,ACC0006314,IND19010897,LN2019040000962,LDO20190000250,8,2019-12-18,02:28:40,1106.34,Debit,Completed,,Loan Payment - LN2019040000962,False,,0.69,,Automated,Home Loan,standard_payment,False,loan_payment_generator
TXNL201900000981,ACC0006248,IND19005286,LN2019040000964,LDO20190000534,7,2019-12-01,04:25:44,776.63,Debit,Completed,,Loan Payment - LN2019040000964,False,,0.41,,Automated,Home Loan,standard_payment,False,loan_payment_generator
TXNL201900000982,ACC0005908,IND19000620,LN2019040000966,LDO20190000535,8,2019-12-24,04:37:23,3820.9,Debit,Completed,,Loan Payment - LN2019040000966 - Late Fee,False,,1.86,,Automated,Home Loan,late_payment,False,loan_payment_generator
TXNL201900000983,ACC0005701,IND19002057,LN2019040000967,LDO20190000536,7,2019-12-07,04:59:19,1410.87,Debit,Completed,,Loan Payment - LN2019040000967,False,,1.04,,Automated,Personal Loan,standard_payment,False,loan_payment_generator
TXNL201900000984,ACC0005579,IND19010467,LN2019040000974,LDO20190000251,8,2019-12-24,02:44:09,942.9,Debit,Completed,,Loan Payment - LN2019040000974,False,,0.75,,Automated,Home Loan,standard_payment,False,loan_payment_generator
TXNL201900000985,ACC0006222,IND19002180,LN2019040000979,LDO20190000538,8,2019-12-15,04:03:58,2203.19,Debit,Completed,,Loan Payment - LN2019040000979,False,,0.24,,Automated,Personal Loan,standard_payment,False,loan_payment_generator
TXNL201900000986,ACC0006321,IND19010780,LN2019040000981,LDO20190000539,8,2019-12-27,04:23:19,2131.66,Debit,Completed,,Loan Payment - LN2019040000981,False,,1.82,,Automated,Vehicle Loan,standard_payment,False,loan_payment_generator
TXNL201900000987,ACC0005677,IND19011023,LN2019040000983,LDO20190000540,8,2019-12-16,04:41:13,1946.84,Debit,Completed,,Loan Payment - LN2019040000983,False,,1.82,,Automated,Home Loan,standard_payment,False,loan_payment_generator
TXNL201900000988,ACC0006752,IND19007656,LN2019040000987,LDO20190000541,8,2019-12-20,03:33:37,479.84,Debit,Completed,,Loan Payment - LN2019040000987,False,,0.09,,Automated,Vehicle Loan,standard_payment,False,loan_payment_generator
TXNL201900000989,ACC0005637,IND19010526,LN2019040000990,LDO20190000252,8,2019-12-18,03:52:55,904.97,Debit,Completed,,Loan Payment - LN2019040000990,False,,0.47,,Automated,Personal Loan,standard_payment,False,loan_payment_generator
TXNL201900000990,ACC0006178,IND19001792,LN2019040001001,LDO20190000119,8,2019-12-15,02:16:33,1112.95,Debit,Completed,,Loan Payment - LN2019040001001,False,,1.06,,Automated,Home Loan,standard_payment,False,loan_payment_generator
TXNL201900000991,ACC0006862,IND19006218,LN2019040001010,LDO20190000253,8,2019-12-28,03:32:02,2156.02,Debit,Completed,,Loan Payment - LN2019040001010,False,,0.55,,Automated,Vehicle Loan,standard_payment,False,loan_payment_generator
TXNL201900000992,ACC0006066,IND19000926,LN2019040001015,LDO20190000049,8,2019-12-23,04:08:40,3798.43,Debit,Failed,insufficient_funds,Loan Payment - LN2019040001015,False,,1.37,,Automated,Home Loan,standard_payment,False,loan_payment_generator
TXNL201900000993,ACC0005822,IND19009557,LN2019040001017,LDO20190000542,7,2019-12-06,03:06:42,2722.41,Debit,Completed,,Loan Payment - LN2019040001017,False,,0.23,,Automated,Home Loan,standard_payment,False,loan_payment_generator
TXNL201900000994,ACC0006651,IND19004090,LN2019040001020,LDO20190000120,8,2019-12-27,02:14:57,339.26,Debit,Completed,,Loan Payment - LN2019040001020,False,,0.54,,Automated,Home Loan,standard_payment,False,loan_payment_generator
TXNL201900000995,ACC0006924,IND19011913,LN2019040001021,LDO20190000121,8,2019-12-12,04:15:46,1620.24,Debit,Completed,,Loan Payment - LN2019040001021,False,,1.06,,Automated,Home Loan,standard_payment,False,loan_payment_generator
TXNL201900000996,ACC0006331,IND19014814,LN2019040001026,LDO20190000543,8,2019-12-23,02:04:29,1760.13,Debit,Failed,mandate_limit,Loan Payment - LN2019040001026,False,,1.85,,Automated,Vehicle Loan,standard_payment,False,loan_payment_generator
TXNL201900000997,ACC0006295,IND19011761,LN2019040001031,LDO20190000544,8,2019-12-17,02:49:53,374.49,Debit,Completed,,Loan Payment - LN2019040001031 - Late Fee,False,,1.13,,Automated,Home Loan,late_payment,False,loan_payment_generator
TXNL201900000998,ACC0006135,IND19014975,LN2019040001040,LDO20190000050,7,2019-12-01,02:40:16,1171.15,Debit,Completed,,Loan Payment - LN2019040001040,False,,2.0,,Automated,Home Loan,standard_payment,False,loan_payment_generator
TXNL201900000999,ACC0005685,IND19014261,LN2019040001042,LDO20190000545,8,2019-12-22,03:32:57,1784.08,Debit,Completed,,Loan Payment - LN2019040001042,False,,1.11,,Automated,Personal Loan,standard_payment,False,loan_payment_generator
TXNL201900001000,ACC0006338,IND19003909,LN2019040001058,LDO20190000546,8,2019-12-24,02:55:36,2205.0,Debit,Completed,,Loan Payment - LN2019040001058,False,,0.42,,Automated,Home Loan,standard_payment,False,loan_payment_generator
TXNL201900001001,ACC0006808,IND19004647,LN2019040001060,LDO20190000547,8,2019-12-12,02:15:57,7166.4,Debit,Completed,,Loan Payment - LN2019040001060,False,,1.09,,Automated,Personal Loan,standard_payment,False,loan_payment_generator
TXNL201900001002,ACC0005559,IND19011074,LN2019040001081,LDO20190000548,8,2019-12-30,03:44:56,2588.56,Debit,Completed,,Loan Payment - LN2019040001081,False,,1.64,,Automated,Personal Loan,standard_payment,False,loan_payment_generator
TXNL201900001003,ACC0006877,IND19011130,LN2019040001088,LDO20190000122,7,2019-12-08,04:00:12,930.46,Debit,Completed,,Loan Payment - LN2019040001088,False,,1.65,,Automated,Home Loan,standard_payment,False,loan_payment_generator
TXNL201900001004,ACC0005706,IND19001440,LN2019040001097,LDO20190000549,8,2019-12-14,02:34:03,1417.8,Debit,Completed,,Loan Payment - LN2019040001097,False,,0.77,,Automated,Home Loan,standard_payment,False,loan_payment_generator
TXNL201900001005,ACC0006495,IND19014203,LN2019040001101,LDO20190000254,8,2019-12-17,02:31:31,1411.9,Debit,Completed,,Loan Payment - LN2019040001101,False,,0.47,,Automated,Home Loan,standard_payment,False,loan_payment_generator
TXNL201900001006,ACC0006211,IND19012935,LN2019040001103,LDO20190000550,8,2019-12-19,04:44:38,4110.79,Debit,Completed,,Loan Payment - LN2019040001103,False,,0.38,,Automated,Home Loan,standard_payment,False,loan_payment_generator
TXNL201900001007,ACC0006440,IND19003673,LN2019040001104,LDO20190000123,7,2019-12-06,03:04:37,2763.23,Debit,Completed,,Loan Payment - LN2019040001104,False,,0.77,,Automated,Personal Loan,standard_payment,False,loan_payment_generator
TXNL201900001008,ACC0005644,IND19013828,LN2019040001111,LDO20190000124,8,2019-12-27,03:42:59,4443.96,Debit,Completed,,Loan Payment - LN2019040001111,False,,0.53,,Automated,Home Loan,standard_payment,False,loan_payment_generator
TXNL201900001009,ACC0006460,IND19004584,LN2019040001114,LDO20190000125,8,2019-12-22,04:10:12,232.21,Debit,Completed,,Loan Payment - LN2019040001114,False,,0.71,,Automated,Home Loan,standard_payment,False,loan_payment_generator
TXNL201900001010,ACC0006801,IND19010853,LN2019040001118,LDO20190000126,8,2019-12-23,03:23:51,4164.51,Debit,Completed,,Loan Payment - LN2019040001118,False,,1.57,,Automated,Home Loan,standard_payment,False,loan_payment_generator
TXNL201900001011,ACC0006925,IND19004376,LN2019040001126,LDO20190000551,7,2019-12-02,04:09:34,2768.21,Debit,Completed,,Loan Payment - LN2019040001126,False,,1.25,,Automated,Home Loan,standard_payment,False,loan_payment_generator
TXNL201900001012,ACC0005693,IND19008245,LN2019040001127,LDO20190000255,8,2019-12-18,04:08:27,2071.7,Debit,Completed,,Loan Payment - LN2019040001127,False,,0.47,,Automated,Home Loan,standard_payment,False,loan_payment_generator
TXNL201900001013,ACC0006429,IND19010105,LN2019040001137,LDO20190000127,8,2019-12-30,04:44:26,1258.72,Debit,Completed,,Loan Payment - LN2019040001137,False,,0.85,,Automated,Vehicle Loan,standard_payment,False,loan_payment_generator
TXNL201900001014,ACC0006823,IND19008205,LN2019040001143,LDO20190000552,8,2019-12-26,02:16:59,7938.49,Debit,Completed,,Loan Payment - LN2019040001143,False,,1.08,,Automated,Personal Loan,standard_payment,False,loan_payment_generator
TXNL201900001015,ACC0006804,IND19001507,LN2019040001145,LDO20190000553,8,2019-12-15,03:41:34,2581.46,Debit,Completed,,Loan Payment - LN2019040001145,False,,1.63,,Automated,Vehicle Loan,standard_payment,False,loan_payment_generator
TXNL201900001016,ACC0006270,IND19004036,LN2019040001149,LDO20190000554,8,2019-12-29,02:49:10,1268.18,Debit,Completed,,Loan Payment - LN2019040001149,False,,0.16,,Automated,Home Loan,standard_payment,False,loan_payment_generator
TXNL201900001017,ACC0006974,COM19000211,LN2019040001153,LDO20190000555,8,2019-12-28,02:04:12,25848.04,Debit,Completed,,Loan Payment - LN2019040001153,False,,1.21,,Automated,Business Loan,standard_payment,False,loan_payment_generator
TXNL201900001018,ACC0006670,IND19002557,LN2019040001170,LDO20190000128,7,2019-12-01,04:20:07,3186.67,Debit,Failed,account_blocked,Loan Payment - LN2019040001170,False,,1.6,,Automated,Vehicle Loan,standard_payment,False,loan_payment_generator
TXNL201900001019,ACC0006821,IND19000585,LN2019040001174,LDO20190000556,8,2019-12-16,03:40:37,2284.44,Debit,Completed,,Loan Payment - LN2019040001174,False,,0.54,,Automated,Vehicle Loan,standard_payment,False,loan_payment_generator
TXNL201900001020,ACC0006304,IND19005324,LN2019040001177,LDO20190000557,7,2019-12-03,02:06:40,8242.92,Debit,Completed,,Loan Payment - LN2019040001177,False,,0.58,,Automated,Home Loan,standard_payment,False,loan_payment_generator
TXNL201900001021,ACC0006878,IND19012616,LN2019040001188,LDO20190000256,8,2019-12-15,03:25:23,448.91,Debit,Completed,,Loan Payment - LN2019040001188,False,,0.99,,Automated,Home Loan,standard_payment,False,loan_payment_generator
TXNL201900001022,ACC0006657,IND19004292,LN2019040001194,LDO20190000558,7,2019-12-06,04:41:29,2155.91,Debit,Completed,,Loan Payment - LN2019040001194,False,,0.21,,Automated,Vehicle Loan,standard_payment,False,loan_payment_generator
TXNL201900001023,ACC0005662,IND19002676,LN2019040001195,LDO20190000559,8,2019-12-21,03:24:17,1573.62,Debit,Completed,,Loan Payment - LN2019040001195,False,,1.39,,Automated,Home Loan,standard_payment,False,loan_payment_generator
TXNL201900001024,ACC0005718,IND19015281,LN2019040001202,LDO20190000257,8,2019-12-24,04:29:41,5230.93,Debit,Completed,,Loan Payment - LN2019040001202,False,,1.19,,Automated,Vehicle Loan,standard_payment,False,loan_payment_generator
TXNL201900001025,ACC0006088,IND19000806,LN2019040001214,LDO20190000560,8,2019-12-16,02:48:06,2863.06,Debit,Completed,,Loan Payment - LN2019040001214,False,,0.86,,Automated,Vehicle Loan,standard_payment,False,loan_payment_generator
TXNL201900001026,ACC0006562,IND19004995,LN2019040001221,LDO20190000258,8,2019-12-24,03:42:57,1734.11,Debit,Completed,,Loan Payment - LN2019040001221,False,,0.92,,Automated,Home Loan,standard_payment,False,loan_payment_generator
TXNL201900001027,ACC0006023,IND19004235,LN2019040001225,LDO20190000051,8,2019-12-20,03:38:58,1355.75,Debit,Completed,,Loan Payment - LN2019040001225,False,,0.16,,Automated,Personal Loan,standard_payment,False,loan_payment_generator
TXNL201900001028,ACC0006089,IND19009599,LN2019040001226,LDO20190000561,8,2019-12-26,02:29:52,1510.16,Debit,Completed,,Loan Payment - LN2019040001226,False,,1.93,,Automated,Home Loan,standard_payment,False,loan_payment_generator
TXNL201900001029,ACC0006512,IND19000568,LN2019040001228,LDO20190000562,8,2019-12-18,02:34:45,2712.5,Debit,Completed,,Loan Payment - LN2019040001228,False,,0.94,,Automated,Vehicle Loan,standard_payment,False,loan_payment_generator
TXNL201900001030,ACC0006910,IND19013106,LN2019040001229,LDO20190000563,8,2019-12-21,03:27:09,2240.3,Debit,Completed,,Loan Payment - LN2019040001229,False,,0.29,,Automated,Vehicle Loan,standard_payment,False,loan_payment_generator
TXNL201900001031,ACC0005925,IND19014180,LN2019040001230,LDO20190000129,8,2019-12-20,02:57:10,1337.01,Debit,Completed,,Loan Payment - LN2019040001230,False,,1.83,,Automated,Home Loan,standard_payment,False,loan_payment_generator
TXNL201900001032,ACC0005698,IND19009645,LN2019040001234,LDO20190000564,7,2019-12-07,04:42:52,2390.06,Debit,Completed,,Loan Payment - LN2019040001234,False,,0.97,,Automated,Vehicle Loan,standard_payment,False,loan_payment_generator
TXNL201900001033,ACC0006645,IND19012381,LN2019040001240,LDO20190000565,7,2019-12-01,03:49:38,972.95,Debit,Completed,,Loan Payment - LN2019040001240,False,,0.21,,Automated,Home Loan,standard_payment,False,loan_payment_generator
TXNL201900001034,ACC0005668,IND19002786,LN2019040001246,LDO20190000259,8,2019-12-12,02:12:52,1781.69,Debit,Completed,,Loan Payment - LN2019040001246,False,,0.76,,Automated,Home Loan,standard_payment,False,loan_payment_generator
TXNL201900001035,ACC0006271,IND19003428,LN2019040001248,LDO20190000567,8,2019-12-14,03:40:42,4576.12,Debit,Completed,,Loan Payment - LN2019040001248,False,,1.27,,Automated,Vehicle Loan,standard_payment,False,loan_payment_generator
TXNL201900001036,ACC0006349,IND19002368,LN2019040001251,LDO20190000568,7,2019-12-09,02:35:40,2450.06,Debit,Completed,,Loan Payment - LN2019040001251 - Partial,False,,0.96,,Automated,Vehicle Loan,partial_payment,False,loan_payment_generator
TXNL201900001037,ACC0006605,IND19009023,LN2019040001252,LDO20190000569,8,2019-12-12,02:51:00,2372.66,Debit,Completed,,Loan Payment - LN2019040001252,False,,0.74,,Automated,Vehicle Loan,standard_payment,False,loan_payment_generator
TXNL201900001038,ACC0006911,IND19015046,LN2019040001253,LDO20190000570,8,2019-12-26,02:21:02,750.23,Debit,Completed,,Loan Payment - LN2019040001253 - Partial,False,,1.87,,Automated,Home Loan,partial_payment,False,loan_payment_generator
TXNL201900001039,ACC0006046,IND19008170,LN2019040001255,LDO20190000052,8,2019-12-24,02:05:09,626.51,Debit,Completed,,Loan Payment - LN2019040001255,False,,1.18,,Automated,Home Loan,standard_payment,False,loan_payment_generator
TXNL201900001040,ACC0005523,IND19012856,LN2019040001258,LDO20190000260,8,2019-12-29,02:02:42,3786.64,Debit,Completed,,Loan Payment - LN2019040001258,False,,0.29,,Automated,Personal Loan,standard_payment,False,loan_payment_generator
TXNL201900001041,ACC0005711,IND19013021,LN2019040001260,LDO20190000261,8,2019-12-21,04:57:19,4766.6,Debit,Completed,,Loan Payment - LN2019040001260,False,,0.23,,Automated,Personal Loan,standard_payment,False,loan_payment_generator
TXNL201900001042,ACC0006200,IND19013302,LN2019040001261,LDO20190000130,8,2019-12-21,03:18:43,1284.14,Debit,Completed,,Loan Payment - LN2019040001261,False,,1.22,,Automated,Home Loan,standard_payment,False,loan_payment_generator
TXNL201900001043,ACC0006053,IND19008287,LN2019040001268,LDO20190000571,8,2019-12-18,03:24:09,1384.86,Debit,Completed,,Loan Payment - LN2019040001268,False,,1.36,,Automated,Vehicle Loan,standard_payment,False,loan_payment_generator
TXNL201900001044,ACC0006603,IND19003315,LN2019040001277,LDO20190000572,8,2019-12-24,04:33:45,662.56,Debit,Completed,,Loan Payment - LN2019040001277,False,,1.05,,Automated,Personal Loan,standard_payment,False,loan_payment_generator
TXNL201900001045,ACC0006350,IND19014848,LN2019040001292,LDO20190000573,8,2019-12-16,02:42:51,790.65,Debit,Completed,,Loan Payment - LN2019040001292,False,,1.0,,Automated,Home Loan,standard_payment,False,loan_payment_generator
TXNL201900001046,ACC0006313,IND19007722,LN2019040001293,LDO20190000262,8,2019-12-13,04:20:17,277.64,Debit,Failed,account_blocked,Loan Payment - LN2019040001293,False,,1.53,,Automated,Home Loan,standard_payment,False,loan_payment_generator
TXNL201900001047,ACC0006486,IND19003550,LN2019040001295,LDO20190000263,8,2019-12-20,03:32:00,1356.57,Debit,Completed,,Loan Payment - LN2019040001295,False,,1.46,,Automated,Home Loan,standard_payment,False,loan_payment_generator
TXNL201900001048,ACC0005709,IND19002793,LN2019040001306,LDO20190000574,7,2019-12-02,04:45:31,1030.51,Debit,Completed,,Loan Payment - LN2019040001306,False,,0.82,,Automated,Vehicle Loan,standard_payment,False,loan_payment_generator
TXNL201900001049,ACC0005855,IND19002783,LN2019040001307,LDO20190000575,8,2019-12-16,04:55:19,2927.22,Debit,Completed,,Loan Payment - LN2019040001307,False,,1.61,,Automated,Home Loan,standard_payment,False,loan_payment_generator
TXNL201900001050,ACC0006571,IND19003218,LN2019040001312,LDO20190000576,8,2019-12-28,04:30:12,2264.31,Debit,Completed,,Loan Payment - LN2019040001312,False,,0.44,,Automated,Vehicle Loan,standard_payment,False,loan_payment_generator
TXNL201900001051,ACC0006305,IND19009929,LN2019040001313,LDO20190000577,8,2019-12-25,03:49:06,1167.77,Debit,Completed,,Loan Payment - LN2019040001313 - Extra Principal,False,,1.32,,Automated,Home Loan,extra_payment,False,loan_payment_generator
TXNL201900001052,ACC0005616,IND19008087,LN2019040001320,LDO20190000578,7,2019-12-01,03:17:53,2490.65,Debit,Completed,,Loan Payment - LN2019040001320,False,,1.4,,Automated,Home Loan,standard_payment,False,loan_payment_generator
TXNL201900001053,ACC0006407,IND19010627,LN2019040001330,LDO20190000264,8,2019-12-17,04:33:04,3337.88,Debit,Completed,,Loan Payment - LN2019040001330 - Late Fee,False,,0.78,,Automated,Home Loan,late_payment,False,loan_payment_generator
TXNL201900001054,ACC0006146,IND19007765,LN2019040001331,LDO20190000579,8,2019-12-15,03:59:51,2327.02,Debit,Completed,,Loan Payment - LN2019040001331,False,,1.03,,Automated,Home Loan,standard_payment,False,loan_payment_generator
TXNL201900001055,ACC0006069,IND19000365,LN2019040001333,LDO20190000131,8,2019-12-18,04:35:21,3133.58,Debit,Completed,,Loan Payment - LN2019040001333,False,,0.21,,Automated,Personal Loan,standard_payment,False,loan_payment_generator
TXNL201900001056,ACC0006685,IND19007584,LN2019040001336,LDO20190000580,8,2019-12-23,02:46:59,3399.36,Debit,Completed,,Loan Payment - LN2019040001336,False,,1.5,,Automated,Vehicle Loan,standard_payment,False,loan_payment_generator
TXNL201900001057,ACC0005790,IND19005335,LN2019040001349,LDO20190000265,8,2019-12-25,04:13:41,4564.45,Debit,Completed,,Loan Payment - LN2019040001349,False,,1.48,,Automated,Home Loan,standard_payment,False,loan_payment_generator
TXNL201900001058,ACC0006193,IND19012259,LN2019040001356,LDO20190000053,8,2019-12-24,04:26:21,3336.65,Debit,Completed,,Loan Payment - LN2019040001356,False,,1.94,,Automated,Personal Loan,standard_payment,False,loan_payment_generator
TXNL201900001059,ACC0006462,IND19000151,LN2019040001364,LDO20190000266,8,2019-12-29,03:45:59,3053.04,Debit,Completed,,Loan Payment - LN2019040001364,False,,1.93,,Automated,Home Loan,standard_payment,False,loan_payment_generator
TXNL201900001060,ACC0005647,IND19010661,LN2019040001368,LDO20190000581,8,2019-12-20,02:46:11,1119.4,Debit,Completed,,Loan Payment - LN2019040001368,False,,0.15,,Automated,Home Loan,standard_payment,False,loan_payment_generator
TXNL201900001061,ACC0005648,IND19009144,LN2019040001371,LDO20190000582,8,2019-12-13,03:36:33,2541.1,Debit,Completed,,Loan Payment - LN2019040001371,False,,0.06,,Automated,Home Loan,standard_payment,False,loan_payment_generator
TXNL201900001062,ACC0005994,IND19006812,LN2019040001375,LDO20190000583,8,2019-12-21,02:31:55,767.09,Debit,Completed,,Loan Payment - LN2019040001375,False,,0.64,,Automated,Vehicle Loan,standard_payment,False,loan_payment_generator
TXNL201900001063,ACC0006139,IND19002086,LN2019040001376,LDO20190000584,7,2019-12-10,04:08:46,4567.02,Debit,Completed,,Loan Payment - LN2019040001376,False,,0.18,,Automated,Home Loan,standard_payment,False,loan_payment_generator
TXNL201900001064,ACC0006656,IND19012686,LN2019040001377,LDO20190000585,8,2019-12-25,04:54:53,3253.79,Debit,Completed,,Loan Payment - LN2019040001377,False,,1.33,,Automated,Vehicle Loan,standard_payment,False,loan_payment_generator
TXNL201900001065,ACC0005985,IND19012694,LN2019040001383,LDO20190000054,7,2019-12-09,04:45:48,4989.62,Debit,Completed,,Loan Payment - LN2019040001383,False,,0.35,,Automated,Home Loan,standard_payment,False,loan_payment_generator
TXNL201900001066,ACC0006519,IND19014312,LN2019040001384,LDO20190000586,8,2019-12-26,03:16:56,710.2,Debit,Completed,,Loan Payment - LN2019040001384,False,,0.77,,Automated,Home Loan,standard_payment,False,loan_payment_generator
TXNL201900001067,ACC0006182,IND19012327,LN2019040001386,LDO20190000267,7,2019-12-09,04:55:03,1462.39,Debit,Completed,,Loan Payment - LN2019040001386,False,,0.99,,Automated,Home Loan,standard_payment,False,loan_payment_generator
TXNL201900001068,ACC0006753,IND19007656,LN2019040001402,LDO20190000587,7,2019-12-02,02:23:50,275.8,Debit,Completed,,Loan Payment - LN2019040001402,False,,0.35,,Automated,Home Loan,standard_payment,False,loan_payment_generator
TXNL201900001069,ACC0005916,IND19007104,LN2019040001405,LDO20190000588,7,2019-12-08,04:35:56,885.45,Debit,Completed,,Loan Payment - LN2019040001405,False,,0.89,,Automated,Personal Loan,standard_payment,False,loan_payment_generator
TXNL201900001070,ACC0007003,COM19000217,LN2019040001406,LDO20190000132,7,2019-12-05,03:09:46,3771.09,Debit,Completed,,Loan Payment - LN2019040001406,False,,0.01,,Automated,Business Loan,standard_payment,False,loan_payment_generator
TXNL201900001071,ACC0006334,IND19003989,LN2019040001407,LDO20190000133,7,2019-12-10,03:44:27,2373.67,Debit,Completed,,Loan Payment - LN2019040001407,False,,0.8,,Automated,Personal Loan,standard_payment,False,loan_payment_generator
TXNL201900001072,ACC0005705,IND19001440,LN2019040001409,LDO20190000268,7,2019-12-06,03:09:29,2167.45,Debit,Completed,,Loan Payment - LN2019040001409,False,,1.77,,Automated,Personal Loan,standard_payment,False,loan_payment_generator
TXNL201900001073,ACC0007457,IND19007189,LN2019050000003,LDO20190000269,7,2019-12-29,03:20:02,1584.7,Debit,Completed,,Loan Payment - LN2019050000003,False,,0.28,,Automated,Home Loan,standard_payment,False,loan_payment_generator
TXNL201900001074,ACC0008179,IND19006039,LN2019050000007,LDO20190000589,7,2019-12-16,03:15:15,1456.1,Debit,Completed,,Loan Payment - LN2019050000007,False,,0.76,,Automated,Home Loan,standard_payment,False,loan_payment_generator
TXNL201900001075,ACC0007036,IND19002916,LN2019050000011,LDO20190000590,7,2019-12-22,02:32:42,3864.14,Debit,Completed,,Loan Payment - LN2019050000011,False,,0.4,,Automated,Personal Loan,standard_payment,False,loan_payment_generator
TXNL201900001076,ACC0007156,IND19003892,LN2019050000020,LDO20190000591,7,2019-12-29,04:16:53,1611.63,Debit,Completed,,Loan Payment - LN2019050000020,False,,0.65,,Automated,Home Loan,standard_payment,False,loan_payment_generator
TXNL201900001077,ACC0007488,IND19008680,LN2019050000025,LDO20190000270,7,2019-12-16,02:57:49,1965.89,Debit,Completed,,Loan Payment - LN2019050000025,False,,0.21,,Automated,Vehicle Loan,standard_payment,False,loan_payment_generator
TXNL201900001078,ACC0007128,IND19011613,LN2019050000027,LDO20190000055,7,2019-12-14,03:05:11,1199.84,Debit,Completed,,Loan Payment - LN2019050000027,False,,1.03,,Automated,Personal Loan,standard_payment,False,loan_payment_generator
TXNL201900001079,ACC0007955,IND19000140,LN2019050000033,LDO20190000592,7,2019-12-08,03:06:41,2135.79,Debit,Failed,bank_timeout,Loan Payment - LN2019050000033 - Partial,False,,0.66,,Automated,Personal Loan,partial_payment,False,loan_payment_generator
TXNL201900001080,ACC0008045,IND19006260,LN2019050000044,LDO20190000271,6,2019-12-03,02:29:19,1021.96,Debit,Completed,,Loan Payment - LN2019050000044,False,,1.54,,Automated,Personal Loan,standard_payment,False,loan_payment_generator
TXNL201900001081,ACC0007419,IND19013320,LN2019050000051,LDO20190000272,7,2019-12-10,04:49:09,4981.91,Debit,Completed,,Loan Payment - LN2019050000051,False,,0.12,,Automated,Personal Loan,standard_payment,False,loan_payment_generator
TXNL201900001082,ACC0007877,IND19005695,LN2019050000056,LDO20190000593,7,2019-12-28,03:48:20,1406.91,Debit,Failed,mandate_limit,Loan Payment - LN2019050000056,False,,0.39,,Automated,Home Loan,standard_payment,False,loan_payment_generator
TXNL201900001083,ACC0007973,IND19006781,LN2019050000062,LDO20190000594,7,2019-12-18,04:42:59,2545.76,Debit,Completed,,Loan Payment - LN2019050000062,False,,0.1,,Automated,Home Loan,standard_payment,False,loan_payment_generator
TXNL201900001084,ACC0008156,IND19002483,LN2019050000068,LDO20190000595,7,2019-12-16,04:44:01,1375.9,Debit,Completed,,Loan Payment - LN2019050000068,False,,1.68,,Automated,Personal Loan,standard_payment,False,loan_payment_generator
TXNL201900001085,ACC0007381,IND19013359,LN2019050000070,LDO20190000134,7,2019-12-31,03:42:12,2952.88,Debit,Completed,,Loan Payment - LN2019050000070,False,,1.94,,Automated,Home Loan,standard_payment,False,loan_payment_generator
TXNL201900001086,ACC0007899,IND19011117,LN2019050000083,LDO20190000596,6,2019-12-04,02:48:44,1351.39,Debit,Completed,,Loan Payment - LN2019050000083,False,,1.42,,Automated,Personal Loan,standard_payment,False,loan_payment_generator
TXNL201900001087,ACC0007625,IND19000348,LN2019050000087,LDO20190000273,7,2019-12-21,04:34:03,2208.9,Debit,Completed,,Loan Payment - LN2019050000087,False,,1.43,,Automated,Home Loan,standard_payment,False,loan_payment_generator
TXNL201900001088,ACC0008200,IND19013145,LN2019050000096,LDO20190000020,7,2019-12-22,04:45:32,3008.98,Debit,Completed,,Loan Payment - LN2019050000096,False,,1.34,,Automated,Home Loan,standard_payment,False,loan_payment_generator
TXNL201900001089,ACC0007560,IND19012605,LN2019050000106,LDO20190000597,7,2019-12-15,04:23:34,949.6,Debit,Completed,,Loan Payment - LN2019050000106,False,,1.89,,Automated,Home Loan,standard_payment,False,loan_payment_generator
TXNL201900001090,ACC0007260,IND19011125,LN2019050000118,LDO20190000274,7,2019-12-16,03:52:54,1362.93,Debit,Completed,,Loan Payment - LN2019050000118,False,,1.95,,Automated,Personal Loan,standard_payment,False,loan_payment_generator
TXNL201900001091,ACC0007885,IND19010577,LN2019050000119,LDO20190000021,7,2019-12-17,03:02:43,231.71,Debit,Completed,,Loan Payment - LN2019050000119 - Late Fee,False,,0.48,,Automated,Home Loan,late_payment,False,loan_payment_generator
TXNL201900001092,ACC0007883,IND19002182,LN2019050000126,LDO20190000275,6,2019-12-02,04:03:48,1502.16,Debit,Completed,,Loan Payment - LN2019050000126,False,,1.65,,Automated,Vehicle Loan,standard_payment,False,loan_payment_generator
TXNL201900001093,ACC0007788,IND19003730,LN2019050000134,LDO20190000598,7,2019-12-27,03:07:02,1771.25,Debit,Completed,,Loan Payment - LN2019050000134,False,,1.27,,Automated,Personal Loan,standard_payment,False,loan_payment_generator
TXNL201900001094,ACC0008280,IND19006448,LN2019050000141,LDO20190000599,7,2019-12-26,03:12:09,3365.71,Debit,Completed,,Loan Payment - LN2019050000141,False,,0.74,,Automated,Home Loan,standard_payment,False,loan_payment_generator
TXNL201900001095,ACC0007373,IND19010971,LN2019050000143,LDO20190000600,7,2019-12-29,02:09:24,401.04,Debit,Completed,,Loan Payment - LN2019050000143,False,,0.07,,Automated,Home Loan,standard_payment,False,loan_payment_generator
TXNL201900001096,ACC0008288,IND19008344,LN2019050000150,LDO20190000601,7,2019-12-20,03:10:50,14129.2,Debit,Completed,,Loan Payment - LN2019050000150,False,,0.98,,Automated,Personal Loan,standard_payment,False,loan_payment_generator
TXNL201900001097,ACC0007661,IND19011093,LN2019050000151,LDO20190000602,7,2019-12-10,02:13:38,1106.5,Debit,Completed,,Loan Payment - LN2019050000151,False,,1.83,,Automated,Home Loan,standard_payment,False,loan_payment_generator
TXNL201900001098,ACC0007802,IND19005932,LN2019050000155,LDO20190000603,6,2019-12-01,02:50:56,927.52,Debit,Completed,,Loan Payment - LN2019050000155,False,,1.36,,Automated,Home Loan,standard_payment,False,loan_payment_generator
TXNL201900001099,ACC0007680,IND19006794,LN2019050000156,LDO20190000604,7,2019-12-29,02:23:50,1170.87,Debit,Completed,,Loan Payment - LN2019050000156,False,,1.84,,Automated,Vehicle Loan,standard_payment,False,loan_payment_generator
TXNL201900001100,ACC0008276,IND19009923,LN2019050000167,LDO20190000056,7,2019-12-16,04:35:55,4281.54,Debit,Completed,,Loan Payment - LN2019050000167,False,,0.57,,Automated,Vehicle Loan,standard_payment,False,loan_payment_generator
TXNL201900001101,ACC0007580,IND19012833,LN2019050000172,LDO20190000276,7,2019-12-28,04:03:52,685.7,Debit,Completed,,Loan Payment - LN2019050000172,False,,0.09,,Automated,Vehicle Loan,standard_payment,False,loan_payment_generator
TXNL201900001102,ACC0008172,IND19003865,LN2019050000190,LDO20190000605,6,2019-12-07,02:22:05,948.27,Debit,Completed,,Loan Payment - LN2019050000190,False,,0.88,,Automated,Vehicle Loan,standard_payment,False,loan_payment_generator
TXNL201900001103,ACC0007396,IND19001029,LN2019050000192,LDO20190000606,7,2019-12-24,02:06:42,3458.61,Debit,Completed,,Loan Payment - LN2019050000192,False,,0.37,,Automated,Vehicle Loan,standard_payment,False,loan_payment_generator
TXNL201900001104,ACC0007468,IND19009030,LN2019050000199,LDO20190000277,7,2019-12-17,03:40:27,994.86,Debit,Completed,,Loan Payment - LN2019050000199,False,,0.18,,Automated,Home Loan,standard_payment,False,loan_payment_generator
TXNL201900001105,ACC0007471,IND19002781,LN2019050000200,LDO20190000278,7,2019-12-27,03:03:30,3734.92,Debit,Completed,,Loan Payment - LN2019050000200 - Extra Principal,False,,1.4,,Automated,Home Loan,extra_payment,False,loan_payment_generator
TXNL201900001106,ACC0007566,IND19012877,LN2019050000202,LDO20190000279,6,2019-12-06,02:37:29,848.65,Debit,Completed,,Loan Payment - LN2019050000202,False,,0.3,,Automated,Home Loan,standard_payment,False,loan_payment_generator
TXNL201900001107,ACC0007448,IND19010030,LN2019050000218,LDO20190000135,7,2019-12-15,02:08:31,453.79,Debit,Completed,,Loan Payment - LN2019050000218,False,,1.44,,Automated,Home Loan,standard_payment,False,loan_payment_generator
TXNL201900001108,ACC0007302,IND19008633,LN2019050000219,LDO20190000607,7,2019-12-26,02:38:27,3129.5,Debit,Completed,,Loan Payment - LN2019050000219,False,,1.58,,Automated,Home Loan,standard_payment,False,loan_payment_generator
TXNL201900001109,ACC0007101,IND19014986,LN2019050000222,LDO20190000136,7,2019-12-20,02:57:18,3104.1,Debit,Completed,,Loan Payment - LN2019050000222,False,,0.94,,Automated,Vehicle Loan,standard_payment,False,loan_payment_generator
TXNL201900001110,ACC0008311,IND19013961,LN2019050000233,LDO20190000608,6,2019-12-07,03:41:32,1073.12,Debit,Completed,,Loan Payment - LN2019050000233,False,,0.6,,Automated,Personal Loan,standard_payment,False,loan_payment_generator
TXNL201900001111,ACC0008333,COM19000255,LN2019050000236,LDO20190000609,6,2019-12-09,02:31:45,13206.77,Debit,Completed,,Loan Payment - LN2019050000236,False,,0.51,,Automated,Business Loan,standard_payment,False,loan_payment_generator
TXNL201900001112,ACC0008153,IND19000082,LN2019050000250,LDO20190000137,7,2019-12-27,02:54:03,1813.09,Debit,Completed,,Loan Payment - LN2019050000250,False,,0.31,,Automated,Home Loan,standard_payment,False,loan_payment_generator
TXNL201900001113,ACC0007099,IND19007886,LN2019050000272,LDO20190000610,7,2019-12-26,02:41:47,1925.26,Debit,Completed,,Loan Payment - LN2019050000272 - Partial,False,,1.96,,Automated,Vehicle Loan,partial_payment,False,loan_payment_generator
TXNL201900001114,ACC0008317,COM19000239,LN2019050000274,LDO20190000611,7,2019-12-17,03:30:11,2352.91,Debit,Completed,,Loan Payment - LN2019050000274 - Late Fee,False,,1.64,,Automated,Business Loan,late_payment,False,loan_payment_generator
TXNL201900001115,ACC0007862,IND19004110,LN2019050000286,LDO20190000057,7,2019-12-30,03:46:45,2466.61,Debit,Completed,,Loan Payment - LN2019050000286,False,,0.48,,Automated,Home Loan,standard_payment,False,loan_payment_generator
TXNL201900001116,ACC0008287,IND19008344,LN2019050000288,LDO20190000612,7,2019-12-31,04:11:10,6198.22,Debit,Completed,,Loan Payment - LN2019050000288 - Extra Principal,False,,0.19,,Automated,Home Loan,extra_payment,False,loan_payment_generator
TXNL201900001117,ACC0007007,IND19013522,LN2019050000296,LDO20190000280,7,2019-12-15,02:13:18,2007.63,Debit,Completed,,Loan Payment - LN2019050000296,False,,1.29,,Automated,Personal Loan,standard_payment,False,loan_payment_generator
TXNL201900001118,ACC0007484,IND19008913,LN2019050000304,LDO20190000613,7,2019-12-26,04:38:25,5037.66,Debit,Completed,,Loan Payment - LN2019050000304,False,,1.93,,Automated,Home Loan,standard_payment,False,loan_payment_generator
TXNL201900001119,ACC0008330,COM19000126,LN2019050000305,LDO20190000022,7,2019-12-28,04:35:24,7966.16,Debit,Completed,,Loan Payment - LN2019050000305,False,,1.17,,Automated,Business Loan,standard_payment,False,loan_payment_generator
TXNL201900001120,ACC0007521,IND19013922,LN2019050000308,LDO20190000614,6,2019-12-03,04:58:33,3375.28,Debit,Completed,,Loan Payment - LN2019050000308,False,,0.59,,Automated,Vehicle Loan,standard_payment,False,loan_payment_generator
TXNL201900001121,ACC0007703,IND19008542,LN2019050000309,LDO20190000615,7,2019-12-24,02:21:28,324.18,Debit,Completed,,Loan Payment - LN2019050000309,False,,0.04,,Automated,Home Loan,standard_payment,False,loan_payment_generator
TXNL201900001122,ACC0007041,IND19011954,LN2019050000311,LDO20190000281,6,2019-12-06,03:57:36,1656.58,Debit,Completed,,Loan Payment - LN2019050000311,False,,1.69,,Automated,Personal Loan,standard_payment,False,loan_payment_generator
TXNL201900001123,ACC0007264,IND19007195,LN2019050000313,LDO20190000616,7,2019-12-24,03:11:33,4560.65,Debit,Failed,bank_timeout,Loan Payment - LN2019050000313,False,,1.25,,Automated,Personal Loan,standard_payment,False,loan_payment_generator
TXNL201900001124,ACC0007459,IND19001937,LN2019050000315,LDO20190000617,7,2019-12-19,04:37:24,1732.73,Debit,Completed,,Loan Payment - LN2019050000315,False,,1.0,,Automated,Personal Loan,standard_payment,False,loan_payment_generator
TXNL201900001125,ACC0007465,IND19013094,LN2019050000319,LDO20190000618,7,2019-12-31,03:01:49,622.84,Debit,Completed,,Loan Payment - LN2019050000319,False,,0.17,,Automated,Vehicle Loan,standard_payment,False,loan_payment_generator
TXNL201900001126,ACC0007773,IND19011745,LN2019050000324,LDO20190000619,7,2019-12-27,04:24:50,17477.48,Debit,Cancelled,customer_stop_instruction,Loan Payment - LN2019050000324,False,,0.27,,Automated,Personal Loan,standard_payment,False,loan_payment_generator
TXNL201900001127,ACC0008316,COM19000302,LN2019050000326,LDO20190000620,7,2019-12-18,02:37:17,16267.78,Debit,Completed,,Loan Payment - LN2019050000326,False,,1.84,,Automated,Business Loan,standard_payment,False,loan_payment_generator
TXNL201900001128,ACC0007122,IND19013876,LN2019050000327,LDO20190000621,6,2019-12-02,04:40:47,839.06,Debit,Completed,,Loan Payment - LN2019050000327,False,,1.52,,Automated,Personal Loan,standard_payment,False,loan_payment_generator
TXNL201900001129,ACC0007714,IND19005570,LN2019050000329,LDO20190000622,7,2019-12-30,04:11:21,4539.89,Debit,Completed,,Loan Payment - LN2019050000329,False,,1.7,,Automated,Home Loan,standard_payment,False,loan_payment_generator
TXNL201900001130,ACC0007371,IND19003328,LN2019050000332,LDO20190000009,6,2019-12-02,04:52:36,8053.91,Debit,Completed,,Loan Payment - LN2019050000332 - Partial,False,,1.94,,Automated,Personal Loan,partial_payment,False,loan_payment_generator
TXNL201900001131,ACC0008095,IND19003250,LN2019050000347,LDO20190000623,7,2019-12-13,04:23:38,1283.69,Debit,Completed,,Loan Payment - LN2019050000347,False,,1.97,,Automated,Vehicle Loan,standard_payment,False,loan_payment_generator
TXNL201900001132,ACC0007049,IND19000954,LN2019050000350,LDO20190000282,7,2019-12-24,02:26:27,2165.18,Debit,Completed,,Loan Payment - LN2019050000350,False,,0.95,,Automated,Personal Loan,standard_payment,False,loan_payment_generator
TXNL201900001133,ACC0008256,IND19009962,LN2019050000355,LDO20190000138,7,2019-12-30,03:09:30,3198.17,Debit,Completed,,Loan Payment - LN2019050000355,False,,1.1,,Automated,Home Loan,standard_payment,False,loan_payment_generator
TXNL201900001134,ACC0007083,IND19014120,LN2019050000363,LDO20190000283,7,2019-12-30,04:41:16,435.23,Debit,Completed,,Loan Payment - LN2019050000363,False,,0.16,,Automated,Personal Loan,standard_payment,False,loan_payment_generator
TXNL201900001135,ACC0008240,IND19009111,LN2019050000368,LDO20190000284,7,2019-12-30,04:28:26,784.07,Debit,Completed,,Loan Payment - LN2019050000368,False,,1.51,,Automated,Home Loan,standard_payment,False,loan_payment_generator
TXNL201900001136,ACC0007123,IND19000598,LN2019050000369,LDO20190000624,7,2019-12-12,04:28:20,5579.44,Debit,Completed,,Loan Payment - LN2019050000369,False,,1.6,,Automated,Home Loan,standard_payment,False,loan_payment_generator
TXNL201900001137,ACC0008148,IND19007774,LN2019050000371,LDO20190000285,7,2019-12-14,04:33:51,289.69,Debit,Completed,,Loan Payment - LN2019050000371,False,,0.64,,Automated,Home Loan,standard_payment,False,loan_payment_generator
TXNL201900001138,ACC0007610,IND19012889,LN2019050000379,LDO20190000286,7,2019-12-06,03:37:57,1176.96,Debit,Completed,,Loan Payment - LN2019050000379,False,,1.03,,Automated,Home Loan,standard_payment,False,loan_payment_generator
TXNL201900001139,ACC0007332,IND19000676,LN2019050000383,LDO20190000287,7,2019-12-30,03:54:08,1440.79,Debit,Completed,,Loan Payment - LN2019050000383 - Late Fee,False,,0.03,,Automated,Home Loan,late_payment,False,loan_payment_generator
TXNL201900001140,ACC0007552,IND19003264,LN2019050000386,LDO20190000625,6,2019-12-02,04:08:09,2346.56,Debit,Completed,,Loan Payment - LN2019050000386,False,,1.35,,Automated,Home Loan,standard_payment,False,loan_payment_generator
TXNL201900001141,ACC0008242,IND19010040,LN2019050000398,LDO20190000058,7,2019-12-26,04:13:26,1485.61,Debit,Completed,,Loan Payment - LN2019050000398,False,,0.28,,Automated,Home Loan,standard_payment,False,loan_payment_generator
TXNL201900001142,ACC0008195,IND19003326,LN2019050000401,LDO20190000626,7,2019-12-21,03:38:05,336.71,Debit,Completed,,Loan Payment - LN2019050000401,False,,0.58,,Automated,Home Loan,standard_payment,False,loan_payment_generator
TXNL201900001143,ACC0007110,IND19001533,LN2019050000402,LDO20190000627,6,2019-12-05,04:38:58,2384.71,Debit,Completed,,Loan Payment - LN2019050000402,False,,1.21,,Automated,Home Loan,standard_payment,False,loan_payment_generator
TXNL201900001144,ACC0007749,IND19005754,LN2019050000403,LDO20190000628,7,2019-12-31,02:23:35,351.58,Debit,Completed,,Loan Payment - LN2019050000403,False,,0.79,,Automated,Home Loan,standard_payment,False,loan_payment_generator
TXNL201900001145,ACC0008309,IND19008029,LN2019050000406,LDO20190000139,7,2019-12-13,03:43:14,5884.47,Debit,Completed,,Loan Payment - LN2019050000406,False,,0.7,,Automated,Home Loan,standard_payment,False,loan_payment_generator
TXNL201900001146,ACC0007072,IND19004306,LN2019050000416,LDO20190000288,7,2019-12-08,03:57:23,570.39,Debit,Completed,,Loan Payment - LN2019050000416,False,,1.18,,Automated,Home Loan,standard_payment,False,loan_payment_generator
TXNL201900001147,ACC0007850,IND19002647,LN2019050000417,LDO20190000289,7,2019-12-13,03:47:03,3872.32,Debit,Completed,,Loan Payment - LN2019050000417,False,,1.82,,Automated,Home Loan,standard_payment,False,loan_payment_generator
TXNL201900001148,ACC0007870,IND19006244,LN2019050000429,LDO20190000140,7,2019-12-25,03:23:16,5245.99,Debit,Completed,,Loan Payment - LN2019050000429,False,,1.43,,Automated,Personal Loan,standard_payment,False,loan_payment_generator
TXNL201900001149,ACC0007632,IND19001202,LN2019050000440,LDO20190000290,7,2019-12-28,02:19:55,2475.86,Debit,Completed,,Loan Payment - LN2019050000440,False,,0.69,,Automated,Home Loan,standard_payment,False,loan_payment_generator
TXNL201900001150,ACC0007160,IND19009221,LN2019050000448,LDO20190000291,7,2019-12-25,03:39:36,2088.01,Debit,Completed,,Loan Payment - LN2019050000448,False,,1.54,,Automated,Home Loan,standard_payment,False,loan_payment_generator
TXNL201900001151,ACC0007612,IND19009922,LN2019050000462,LDO20190000141,6,2019-12-07,03:05:03,1286.75,Debit,Completed,,Loan Payment - LN2019050000462,False,,0.07,,Automated,Home Loan,standard_payment,False,loan_payment_generator
TXNL201900001152,ACC0007706,IND19001393,LN2019050000465,LDO20190000142,6,2019-12-08,03:46:50,3288.64,Debit,Completed,,Loan Payment - LN2019050000465 - Partial,False,,0.98,,Automated,Home Loan,partial_payment,False,loan_payment_generator
TXNL201900001153,ACC0007734,IND19008292,LN2019050000470,LDO20190000629,7,2019-12-25,03:53:03,4297.17,Debit,Completed,,Loan Payment - LN2019050000470,False,,0.83,,Automated,Home Loan,standard_payment,False,loan_payment_generator
TXNL201900001154,ACC0007832,IND19003688,LN2019050000474,LDO20190000292,7,2019-12-20,03:16:43,883.0,Debit,Completed,,Loan Payment - LN2019050000474,False,,1.81,,Automated,Personal Loan,standard_payment,False,loan_payment_generator
TXNL201900001155,ACC0007327,IND19008297,LN2019050000484,LDO20190000630,7,2019-12-24,04:36:27,13971.2,Debit,Completed,,Loan Payment - LN2019050000484,False,,1.97,,Automated,Personal Loan,standard_payment,False,loan_payment_generator
TXNL201900001156,ACC0007595,IND19014660,LN2019050000488,LDO20190000631,7,2019-12-16,04:07:57,2757.04,Debit,Completed,,Loan Payment - LN2019050000488,False,,0.61,,Automated,Vehicle Loan,standard_payment,False,loan_payment_generator
TXNL201900001157,ACC0007937,IND19005070,LN2019050000495,LDO20190000632,6,2019-12-03,02:51:39,1861.38,Debit,Completed,,Loan Payment - LN2019050000495,False,,1.69,,Automated,Personal Loan,standard_payment,False,loan_payment_generator
TXNL201900001158,ACC0007470,IND19002781,LN2019050000497,LDO20190000633,6,2019-12-07,02:15:58,2122.46,Debit,Completed,,Loan Payment - LN2019050000497,False,,1.43,,Automated,Vehicle Loan,standard_payment,False,loan_payment_generator
TXNL201900001159,ACC0007558,IND19004364,LN2019050000498,LDO20190000293,6,2019-12-05,03:01:53,2454.51,Debit,Completed,,Loan Payment - LN2019050000498,False,,0.09,,Automated,Personal Loan,standard_payment,False,loan_payment_generator
TXNL201900001160,ACC0007463,IND19002379,LN2019050000499,LDO20190000634,6,2019-12-01,02:39:34,3867.18,Debit,Completed,,Loan Payment - LN2019050000499,False,,1.48,,Automated,Home Loan,standard_payment,False,loan_payment_generator
TXNL201900001161,ACC0007541,IND19002750,LN2019050000519,LDO20190000143,7,2019-12-14,03:01:36,2428.59,Debit,Completed,,Loan Payment - LN2019050000519,False,,0.39,,Automated,Personal Loan,standard_payment,False,loan_payment_generator
TXNL201900001162,ACC0007873,IND19011865,LN2019050000522,LDO20190000635,7,2019-12-29,03:36:22,916.38,Debit,Completed,,Loan Payment - LN2019050000522,False,,0.07,,Automated,Vehicle Loan,standard_payment,False,loan_payment_generator
TXNL201900001163,ACC0007208,IND19009185,LN2019050000524,LDO20190000010,7,2019-12-30,02:42:13,2426.39,Debit,Completed,,Loan Payment - LN2019050000524,False,,1.63,,Automated,Vehicle Loan,standard_payment,False,loan_payment_generator
TXNL201900001164,ACC0007173,IND19005976,LN2019050000531,LDO20190000636,6,2019-12-02,03:47:01,1271.3,Debit,Completed,,Loan Payment - LN2019050000531,False,,1.96,,Automated,Home Loan,standard_payment,False,loan_payment_generator
TXNL201900001165,ACC0007587,IND19003305,LN2019050000542,LDO20190000637,7,2019-12-31,04:21:48,484.08,Debit,Completed,,Loan Payment - LN2019050000542,False,,1.55,,Automated,Home Loan,standard_payment,False,loan_payment_generator
TXNL201900001166,ACC0007911,IND19008037,LN2019050000544,LDO20190000638,7,2019-12-16,04:37:15,13912.84,Debit,Completed,,Loan Payment - LN2019050000544,False,,0.71,,Automated,Personal Loan,standard_payment,False,loan_payment_generator
TXNL201900001167,ACC0007127,IND19007655,LN2019050000546,LDO20190000639,7,2019-12-29,02:29:31,2148.95,Debit,Completed,,Loan Payment - LN2019050000546,False,,1.45,,Automated,Home Loan,standard_payment,False,loan_payment_generator
TXNL201900001168,ACC0007349,IND19012296,LN2019050000551,LDO20190000640,7,2019-12-23,02:13:10,2570.79,Debit,Completed,,Loan Payment - LN2019050000551 - Extra Principal,False,,1.65,,Automated,Home Loan,extra_payment,False,loan_payment_generator
TXNL201900001169,ACC0008268,IND19009572,LN2019050000555,LDO20190000023,7,2019-12-19,03:38:30,1534.34,Debit,Completed,,Loan Payment - LN2019050000555,False,,0.75,,Automated,Personal Loan,standard_payment,False,loan_payment_generator
TXNL201900001170,ACC0007364,IND19014235,LN2019050000559,LDO20190000144,7,2019-12-15,02:01:01,821.12,Debit,Completed,,Loan Payment - LN2019050000559,False,,0.73,,Automated,Personal Loan,standard_payment,False,loan_payment_generator
TXNL201900001171,ACC0007952,IND19007543,LN2019050000560,LDO20190000294,7,2019-12-28,04:54:08,1780.15,Debit,Completed,,Loan Payment - LN2019050000560,False,,1.47,,Automated,Personal Loan,standard_payment,False,loan_payment_generator
TXNL201900001172,ACC0007257,IND19002485,LN2019050000564,LDO20190000641,6,2019-12-01,02:39:19,2470.05,Debit,Completed,,Loan Payment - LN2019050000564 - Extra Principal,False,,0.9,,Automated,Home Loan,extra_payment,False,loan_payment_generator
TXNL201900001173,ACC0008320,COM19000046,LN2019050000565,LDO20190000642,6,2019-12-09,02:06:57,33942.28,Debit,Completed,,Loan Payment - LN2019050000565,False,,0.93,,Automated,Business Loan,standard_payment,False,loan_payment_generator
TXNL201900001174,ACC0007656,IND19015059,LN2019050000567,LDO20190000643,6,2019-12-08,03:17:34,2920.81,Debit,Completed,,Loan Payment - LN2019050000567,False,,1.85,,Automated,Home Loan,standard_payment,False,loan_payment_generator
TXNL201900001175,ACC0008252,IND19008232,LN2019050000570,LDO20190000145,7,2019-12-19,02:22:42,4747.94,Debit,Completed,,Loan Payment - LN2019050000570,False,,1.76,,Automated,Home Loan,standard_payment,False,loan_payment_generator
TXNL201900001176,ACC0007770,IND19001785,LN2019050000573,LDO20190000644,7,2019-12-17,03:34:05,12286.92,Debit,Completed,,Loan Payment - LN2019050000573,False,,1.71,,Automated,Personal Loan,standard_payment,False,loan_payment_generator
TXNL201900001177,ACC0007047,IND19011062,LN2019050000576,LDO20190000295,6,2019-12-03,02:36:01,1565.29,Debit,Completed,,Loan Payment - LN2019050000576,False,,1.1,,Automated,Home Loan,standard_payment,False,loan_payment_generator
TXNL201900001178,ACC0007830,IND19002077,LN2019050000589,LDO20190000146,6,2019-12-05,03:57:12,1046.0,Debit,Completed,,Loan Payment - LN2019050000589,False,,1.68,,Automated,Home Loan,standard_payment,False,loan_payment_generator
TXNL201900001179,ACC0008306,IND19000077,LN2019050000592,LDO20190000645,7,2019-12-20,04:35:57,1336.56,Debit,Completed,,Loan Payment - LN2019050000592 - Partial,False,,1.03,,Automated,Home Loan,partial_payment,False,loan_payment_generator
TXNL201900001180,ACC0007600,IND19012971,LN2019050000593,LDO20190000646,6,2019-12-01,03:40:00,1586.62,Debit,Completed,,Loan Payment - LN2019050000593,False,,0.22,,Automated,Home Loan,standard_payment,False,loan_payment_generator
TXNL201900001181,ACC0007086,IND19001913,LN2019050000596,LDO20190000147,7,2019-12-18,04:48:42,5271.24,Debit,Completed,,Loan Payment - LN2019050000596,False,,0.36,,Automated,Personal Loan,standard_payment,False,loan_payment_generator
TXNL201900001182,ACC0008044,IND19006154,LN2019050000602,LDO20190000296,7,2019-12-14,03:57:02,3454.41,Debit,Cancelled,customer_stop_instruction,Loan Payment - LN2019050000602,False,,0.77,,Automated,Vehicle Loan,standard_payment,False,loan_payment_generator
TXNL201900001183,ACC0007359,IND19001265,LN2019050000604,LDO20190000647,7,2019-12-17,03:06:14,5298.61,Debit,Completed,,Loan Payment - LN2019050000604,False,,1.17,,Automated,Home Loan,standard_payment,False,loan_payment_generator
TXNL201900001184,ACC0007515,IND19001293,LN2019050000612,LDO20190000148,7,2019-12-18,03:54:16,2216.06,Debit,Completed,,Loan Payment - LN2019050000612,False,,1.36,,Automated,Personal Loan,standard_payment,False,loan_payment_generator
TXNL201900001185,ACC0008310,IND19002172,LN2019050000614,LDO20190000297,7,2019-12-30,03:43:12,1359.81,Debit,Completed,,Loan Payment - LN2019050000614,False,,0.35,,Automated,Vehicle Loan,standard_payment,False,loan_payment_generator
TXNL201900001186,ACC0007550,IND19011981,LN2019050000617,LDO20190000648,6,2019-12-05,03:16:55,4182.4,Debit,Completed,,Loan Payment - LN2019050000617,False,,0.19,,Automated,Vehicle Loan,standard_payment,False,loan_payment_generator
TXNL201900001187,ACC0007279,IND19007959,LN2019050000625,LDO20190000649,7,2019-12-15,04:30:59,14360.35,Debit,Completed,,Loan Payment - LN2019050000625,False,,0.83,,Automated,Personal Loan,standard_payment,False,loan_payment_generator
TXNL201900001188,ACC0008170,IND19000930,LN2019050000629,LDO20190000298,7,2019-12-25,04:48:06,2744.71,Debit,Completed,,Loan Payment - LN2019050000629,False,,0.76,,Automated,Personal Loan,standard_payment,False,loan_payment_generator
TXNL201900001189,ACC0007505,IND19014487,LN2019050000638,LDO20190000149,7,2019-12-23,02:13:00,5463.36,Debit,Completed,,Loan Payment - LN2019050000638,False,,1.01,,Automated,Home Loan,standard_payment,False,loan_payment_generator
TXNL201900001190,ACC0007258,IND19003721,LN2019050000641,LDO20190000650,7,2019-12-21,02:57:59,2216.59,Debit,Completed,,Loan Payment - LN2019050000641,False,,0.36,,Automated,Home Loan,standard_payment,False,loan_payment_generator
TXNL201900001191,ACC0007142,IND19000833,LN2019050000642,LDO20190000651,7,2019-12-09,02:51:45,3754.93,Debit,Completed,,Loan Payment - LN2019050000642,False,,0.2,,Automated,Home Loan,standard_payment,False,loan_payment_generator
TXNL201900001192,ACC0007987,IND19014897,LN2019050000661,LDO20190000150,7,2019-12-17,02:16:47,3656.62,Debit,Completed,,Loan Payment - LN2019050000661,False,,1.5,,Automated,Personal Loan,standard_payment,False,loan_payment_generator
TXNL201900001193,ACC0007297,IND19011570,LN2019050000667,LDO20190000059,7,2019-12-29,04:44:31,1683.69,Debit,Completed,,Loan Payment - LN2019050000667 - Late Fee,False,,0.73,,Automated,Home Loan,late_payment,False,loan_payment_generator
TXNL201900001194,ACC0007091,IND19003068,LN2019050000669,LDO20190000299,6,2019-12-02,03:49:37,1637.44,Debit,Completed,,Loan Payment - LN2019050000669,False,,1.66,,Automated,Home Loan,standard_payment,False,loan_payment_generator
TXNL201900001195,ACC0007449,IND19009805,LN2019050000676,LDO20190000151,7,2019-12-14,04:20:51,11955.42,Debit,Completed,,Loan Payment - LN2019050000676,False,,1.4,,Automated,Personal Loan,standard_payment,False,loan_payment_generator
TXNL201900001196,ACC0007702,IND19001060,LN2019050000679,LDO20190000300,7,2019-12-17,04:21:27,393.49,Debit,Completed,,Loan Payment - LN2019050000679,False,,0.34,,Automated,Home Loan,standard_payment,False,loan_payment_generator
TXNL201900001197,ACC0007753,IND19009261,LN2019050000701,LDO20190000652,7,2019-12-16,04:49:06,2355.29,Debit,Completed,,Loan Payment - LN2019050000701,False,,1.85,,Automated,Vehicle Loan,standard_payment,False,loan_payment_generator
TXNL201900001198,ACC0007493,IND19003510,LN2019050000716,LDO20190000301,6,2019-12-04,03:59:30,2838.85,Debit,Completed,,Loan Payment - LN2019050000716,False,,1.02,,Automated,Home Loan,standard_payment,False,loan_payment_generator
TXNL201900001199,ACC0007046,IND19011062,LN2019050000722,LDO20190000060,7,2019-12-20,02:55:05,996.07,Debit,Completed,,Loan Payment - LN2019050000722,False,,1.02,,Automated,Home Loan,standard_payment,False,loan_payment_generator
TXNL201900001200,ACC0007693,IND19011927,LN2019050000727,LDO20190000653,6,2019-12-05,03:22:40,2855.29,Debit,Completed,,Loan Payment - LN2019050000727,False,,1.72,,Automated,Home Loan,standard_payment,False,loan_payment_generator
TXNL201900001201,ACC0008087,IND19002086,LN2019050000735,LDO20190000302,6,2019-12-02,04:40:11,2454.62,Debit,Completed,,Loan Payment - LN2019050000735,False,,0.89,,Automated,Vehicle Loan,standard_payment,False,loan_payment_generator
TXNL201900001202,ACC0007024,IND19003964,LN2019050000736,LDO20190000654,7,2019-12-20,02:18:00,5269.15,Debit,Completed,,Loan Payment - LN2019050000736,False,,1.11,,Automated,Home Loan,standard_payment,False,loan_payment_generator
TXNL201900001203,ACC0007485,IND19010218,LN2019050000737,LDO20190000061,7,2019-12-17,02:19:58,860.49,Debit,Completed,,Loan Payment - LN2019050000737,False,,1.91,,Automated,Personal Loan,standard_payment,False,loan_payment_generator
TXNL201900001204,ACC0007384,IND19011144,LN2019050000741,LDO20190000655,7,2019-12-16,03:25:44,1874.2,Debit,Completed,,Loan Payment - LN2019050000741,False,,1.21,,Automated,Home Loan,standard_payment,False,loan_payment_generator
TXNL201900001205,ACC0007923,IND19000687,LN2019050000750,LDO20190000303,7,2019-12-20,03:26:05,2563.93,Debit,Completed,,Loan Payment - LN2019050000750,False,,0.68,,Automated,Home Loan,standard_payment,False,loan_payment_generator
TXNL201900001206,ACC0007785,IND19000642,LN2019050000753,LDO20190000656,7,2019-12-15,04:37:19,1618.42,Debit,Completed,,Loan Payment - LN2019050000753,False,,1.42,,Automated,Vehicle Loan,standard_payment,False,loan_payment_generator
TXNL201900001207,ACC0007250,IND19001815,LN2019050000759,LDO20190000657,7,2019-12-22,02:02:33,3335.04,Debit,Completed,,Loan Payment - LN2019050000759,False,,0.46,,Automated,Home Loan,standard_payment,False,loan_payment_generator
TXNL201900001208,ACC0007214,IND19007943,LN2019050000760,LDO20190000658,7,2019-12-28,03:53:22,661.78,Debit,Completed,,Loan Payment - LN2019050000760,False,,0.47,,Automated,Home Loan,standard_payment,False,loan_payment_generator
TXNL201900001209,ACC0007180,IND19006123,LN2019050000771,LDO20190000304,6,2019-12-01,02:56:44,1292.03,Debit,Completed,,Loan Payment - LN2019050000771,False,,1.77,,Automated,Home Loan,standard_payment,False,loan_payment_generator
TXNL201900001210,ACC0007721,IND19002326,LN2019050000791,LDO20190000152,7,2019-12-25,03:36:33,550.83,Debit,Completed,,Loan Payment - LN2019050000791 - Partial,False,,0.41,,Automated,Personal Loan,partial_payment,False,loan_payment_generator
TXNL201900001211,ACC0008116,IND19005842,LN2019050000793,LDO20190000305,7,2019-12-20,03:28:36,11267.85,Debit,Completed,,Loan Payment - LN2019050000793,False,,1.78,,Automated,Personal Loan,standard_payment,False,loan_payment_generator
TXNL201900001212,ACC0008212,IND19014961,LN2019050000795,LDO20190000659,7,2019-12-25,04:13:17,3593.13,Debit,Completed,,Loan Payment - LN2019050000795,False,,0.93,,Automated,Home Loan,standard_payment,False,loan_payment_generator
TXNL201900001213,ACC0008101,IND19004006,LN2019050000797,LDO20190000660,7,2019-12-29,04:16:12,3784.97,Debit,Completed,,Loan Payment - LN2019050000797,False,,1.4,,Automated,Personal Loan,standard_payment,False,loan_payment_generator
TXNL201900001214,ACC0007571,IND19014352,LN2019050000799,LDO20190000661,7,2019-12-25,02:22:59,826.91,Debit,Completed,,Loan Payment - LN2019050000799,False,,1.61,,Automated,Home Loan,standard_payment,False,loan_payment_generator
TXNL201900001215,ACC0007507,IND19001122,LN2019050000814,LDO20190000662,7,2019-12-30,03:57:29,2419.67,Debit,Completed,,Loan Payment - LN2019050000814,False,,0.62,,Automated,Home Loan,standard_payment,False,loan_payment_generator
TXNL201900001216,ACC0008234,IND19002363,LN2019050000828,LDO20190000663,7,2019-12-11,04:21:54,711.07,Debit,Completed,,Loan Payment - LN2019050000828,False,,1.22,,Automated,Personal Loan,standard_payment,False,loan_payment_generator
TXNL201900001217,ACC0007650,IND19001079,LN2019050000841,LDO20190000306,7,2019-12-21,03:24:52,3652.77,Debit,Completed,,Loan Payment - LN2019050000841,False,,1.44,,Automated,Home Loan,standard_payment,False,loan_payment_generator
TXNL201900001218,ACC0007691,IND19012805,LN2019050000844,LDO20190000307,6,2019-12-01,02:46:49,3591.94,Debit,Completed,,Loan Payment - LN2019050000844,False,,0.82,,Automated,Home Loan,standard_payment,False,loan_payment_generator
TXNL201900001219,ACC0007064,IND19006642,LN2019050000849,LDO20190000664,7,2019-12-26,02:31:07,2317.32,Debit,Completed,,Loan Payment - LN2019050000849,False,,0.52,,Automated,Home Loan,standard_payment,False,loan_payment_generator
TXNL201900001220,ACC0007179,IND19000434,LN2019050000855,LDO20190000665,7,2019-12-31,02:42:19,5992.0,Debit,Completed,,Loan Payment - LN2019050000855,False,,1.68,,Automated,Vehicle Loan,standard_payment,False,loan_payment_generator
TXNL201900001221,ACC0007215,IND19007154,LN2019050000858,LDO20190000062,6,2019-12-02,04:53:37,6541.9,Debit,Completed,,Loan Payment - LN2019050000858,False,,0.54,,Automated,Home Loan,standard_payment,False,loan_payment_generator
TXNL201900001222,ACC0008119,IND19007986,LN2019050000889,LDO20190000666,7,2019-12-20,02:29:15,1472.1,Debit,Completed,,Loan Payment - LN2019050000889,False,,1.49,,Automated,Home Loan,standard_payment,False,loan_payment_generator
TXNL201900001223,ACC0008110,IND19002294,LN2019050000897,LDO20190000308,7,2019-12-14,04:26:05,2869.96,Debit,Completed,,Loan Payment - LN2019050000897,False,,0.79,,Automated,Home Loan,standard_payment,False,loan_payment_generator
TXNL201900001224,ACC0008154,IND19012320,LN2019050000898,LDO20190000309,7,2019-12-26,02:28:01,710.82,Debit,Completed,,Loan Payment - LN2019050000898,False,,0.08,,Automated,Home Loan,standard_payment,False,loan_payment_generator
TXNL201900001225,ACC0007375,IND19005931,LN2019050000918,LDO20190000667,6,2019-12-06,03:49:11,3118.44,Debit,Completed,,Loan Payment - LN2019050000918,False,,1.68,,Automated,Home Loan,standard_payment,False,loan_payment_generator
TXNL201900001226,ACC0007040,IND19011954,LN2019050000921,LDO20190000668,6,2019-12-06,04:36:06,2943.32,Debit,Completed,,Loan Payment - LN2019050000921,False,,1.61,,Automated,Personal Loan,standard_payment,False,loan_payment_generator
TXNL201900001227,ACC0008295,IND19013855,LN2019050000922,LDO20190000669,7,2019-12-12,02:26:59,1486.61,Debit,Completed,,Loan Payment - LN2019050000922,False,,0.1,,Automated,Vehicle Loan,standard_payment,False,loan_payment_generator
TXNL201900001228,ACC0008078,IND19003714,LN2019050000934,LDO20190000670,7,2019-12-12,03:56:31,2772.54,Debit,Completed,,Loan Payment - LN2019050000934,False,,0.22,,Automated,Personal Loan,standard_payment,False,loan_payment_generator
TXNL201900001229,ACC0008171,IND19012983,LN2019050000935,LDO20190000671,6,2019-12-09,04:48:17,565.87,Debit,Completed,,Loan Payment - LN2019050000935 - Late Fee,False,,0.05,,Automated,Home Loan,late_payment,False,loan_payment_generator
TXNL201900001230,ACC0007529,IND19010684,LN2019050000938,LDO20190000310,6,2019-12-09,04:43:34,820.45,Debit,Completed,,Loan Payment - LN2019050000938,False,,1.69,,Automated,Home Loan,standard_payment,False,loan_payment_generator
TXNL201900001231,ACC0007628,IND19005196,LN2019050000939,LDO20190000672,6,2019-12-08,02:28:24,1878.07,Debit,Completed,,Loan Payment - LN2019050000939,False,,0.64,,Automated,Home Loan,standard_payment,False,loan_payment_generator
TXNL201900001232,ACC0007969,IND19010055,LN2019050000944,LDO20190000673,6,2019-12-07,03:37:46,2110.51,Debit,Completed,,Loan Payment - LN2019050000944,False,,1.1,,Automated,Vehicle Loan,standard_payment,False,loan_payment_generator
TXNL201900001233,ACC0007641,IND19007826,LN2019050000947,LDO20190000674,6,2019-12-07,02:39:23,508.24,Debit,Completed,,Loan Payment - LN2019050000947,False,,1.68,,Automated,Home Loan,standard_payment,False,loan_payment_generator
TXNL201900001234,ACC0008158,IND19010986,LN2019050000952,LDO20190000311,7,2019-12-17,04:02:56,564.21,Debit,Completed,,Loan Payment - LN2019050000952,False,,1.31,,Automated,Personal Loan,standard_payment,False,loan_payment_generator
TXNL201900001235,ACC0008313,COM19000237,LN2019050000954,LDO20190000675,6,2019-12-09,03:16:32,3667.45,Debit,Completed,,Loan Payment - LN2019050000954,False,,0.08,,Automated,Business Loan,standard_payment,False,loan_payment_generator
TXNL201900001236,ACC0008071,IND19003837,LN2019050000958,LDO20190000312,7,2019-12-16,02:25:07,1185.66,Debit,Completed,,Loan Payment - LN2019050000958,False,,0.32,,Automated,Personal Loan,standard_payment,False,loan_payment_generator
TXNL201900001237,ACC0007237,IND19000234,LN2019050000960,LDO20190000313,7,2019-12-28,03:19:09,1455.71,Debit,Completed,,Loan Payment - LN2019050000960,False,,0.85,,Automated,Home Loan,standard_payment,False,loan_payment_generator
TXNL201900001238,ACC0007929,IND19013749,LN2019050000961,LDO20190000676,7,2019-12-30,04:25:46,1518.47,Debit,Completed,,Loan Payment - LN2019050000961,False,,1.83,,Automated,Vehicle Loan,standard_payment,False,loan_payment_generator
TXNL201900001239,ACC0007527,IND19004757,LN2019050000962,LDO20190000677,7,2019-12-18,04:32:09,266.81,Debit,Completed,,Loan Payment - LN2019050000962,False,,0.99,,Automated,Home Loan,standard_payment,False,loan_payment_generator
TXNL201900001240,ACC0007338,IND19001523,LN2019050000966,LDO20190000011,7,2019-12-31,04:07:15,2213.54,Debit,Completed,,Loan Payment - LN2019050000966 - Late Fee,False,,1.57,,Automated,Home Loan,late_payment,False,loan_payment_generator
TXNL201900001241,ACC0007755,IND19009883,LN2019050000971,LDO20190000678,7,2019-12-07,04:52:34,1833.69,Debit,Completed,,Loan Payment - LN2019050000971,False,,1.51,,Automated,Home Loan,standard_payment,False,loan_payment_generator
TXNL201900001242,ACC0007607,IND19005046,LN2019050000978,LDO20190000063,6,2019-12-07,02:53:35,1592.65,Debit,Completed,,Loan Payment - LN2019050000978,False,,1.64,,Automated,Home Loan,standard_payment,False,loan_payment_generator
TXNL201900001243,ACC0008111,IND19001387,LN2019050000980,LDO20190000024,7,2019-12-27,03:40:19,857.39,Debit,Completed,,Loan Payment - LN2019050000980,False,,0.73,,Automated,Home Loan,standard_payment,False,loan_payment_generator
TXNL201900001244,ACC0008014,IND19005111,LN2019050000984,LDO20190000679,7,2019-12-17,03:06:27,5323.0,Debit,Completed,,Loan Payment - LN2019050000984,False,,0.05,,Automated,Vehicle Loan,standard_payment,False,loan_payment_generator
TXNL201900001245,ACC0008030,IND19003118,LN2019050001000,LDO20190000680,6,2019-12-06,04:03:19,803.31,Debit,Completed,,Loan Payment - LN2019050001000,False,,1.97,,Automated,Home Loan,standard_payment,False,loan_payment_generator
TXNL201900001246,ACC0007966,IND19005148,LN2019050001001,LDO20190000153,6,2019-12-08,03:26:05,2377.92,Debit,Completed,,Loan Payment - LN2019050001001,False,,1.9,,Automated,Personal Loan,standard_payment,False,loan_payment_generator
TXNL201900001247,ACC0007777,IND19005035,LN2019050001021,LDO20190000314,6,2019-12-05,04:11:34,3387.53,Debit,Completed,,Loan Payment - LN2019050001021,False,,0.04,,Automated,Home Loan,standard_payment,False,loan_payment_generator
TXNL201900001248,ACC0007379,IND19012374,LN2019050001024,LDO20190000681,7,2019-12-14,03:08:31,820.23,Debit,Completed,,Loan Payment - LN2019050001024,False,,1.01,,Automated,Home Loan,standard_payment,False,loan_payment_generator
TXNL201900001249,ACC0007906,IND19004263,LN2019050001033,LDO20190000315,6,2019-12-02,03:18:45,260.1,Debit,Completed,,Loan Payment - LN2019050001033,False,,1.78,,Automated,Home Loan,standard_payment,False,loan_payment_generator
TXNL201900001250,ACC0008274,IND19006833,LN2019050001047,LDO20190000682,7,2019-12-16,03:57:57,3754.64,Debit,Completed,,Loan Payment - LN2019050001047,False,,1.22,,Automated,Vehicle Loan,standard_payment,False,loan_payment_generator
TXNL201900001251,ACC0007009,IND19002813,LN2019050001051,LDO20190000683,7,2019-12-30,03:50:03,4006.59,Debit,Completed,,Loan Payment - LN2019050001051,False,,0.73,,Automated,Vehicle Loan,standard_payment,False,loan_payment_generator
TXNL201900001252,ACC0008219,IND19011636,LN2019050001070,LDO20190000316,6,2019-12-03,04:48:16,2223.33,Debit,Completed,,Loan Payment - LN2019050001070,False,,0.39,,Automated,Vehicle Loan,standard_payment,False,loan_payment_generator
TXNL201900001253,ACC0008068,IND19006737,LN2019050001082,LDO20190000317,7,2019-12-21,03:12:45,2230.23,Debit,Completed,,Loan Payment - LN2019050001082,False,,1.51,,Automated,Vehicle Loan,standard_payment,False,loan_payment_generator
TXNL201900001254,ACC0007738,IND19008930,LN2019050001085,LDO20190000064,6,2019-12-01,02:02:43,1089.84,Debit,Completed,,Loan Payment - LN2019050001085,False,,0.91,,Automated,Home Loan,standard_payment,False,loan_payment_generator
TXNL201900001255,ACC0007383,IND19014104,LN2019050001092,LDO20190000684,7,2019-12-18,04:43:46,2227.4,Debit,Completed,,Loan Payment - LN2019050001092,False,,0.33,,Automated,Personal Loan,standard_payment,False,loan_payment_generator
TXNL201900001256,ACC0007199,IND19008957,LN2019050001095,LDO20190000318,7,2019-12-21,02:51:38,1645.37,Debit,Completed,,Loan Payment - LN2019050001095,False,,0.84,,Automated,Home Loan,standard_payment,False,loan_payment_generator
TXNL201900001257,ACC0007649,IND19012283,LN2019050001102,LDO20190000685,6,2019-12-03,03:00:00,2145.91,Debit,Completed,,Loan Payment - LN2019050001102,False,,0.36,,Automated,Personal Loan,standard_payment,False,loan_payment_generator
TXNL201900001258,ACC0007540,IND19005556,LN2019050001113,LDO20190000319,7,2019-12-26,02:56:04,1998.44,Debit,Completed,,Loan Payment - LN2019050001113 - Late Fee,False,,1.98,,Automated,Home Loan,late_payment,False,loan_payment_generator
TXNL201900001259,ACC0007524,IND19003271,LN2019050001116,LDO20190000686,7,2019-12-27,02:30:40,1308.81,Debit,Completed,,Loan Payment - LN2019050001116,False,,1.13,,Automated,Personal Loan,standard_payment,False,loan_payment_generator
TXNL201900001260,ACC0007705,IND19001393,LN2019050001120,LDO20190000687,7,2019-12-21,03:12:27,4592.55,Debit,Completed,,Loan Payment - LN2019050001120,False,,1.64,,Automated,Home Loan,standard_payment,False,loan_payment_generator
TXNL201900001261,ACC0007553,IND19009011,LN2019050001121,LDO20190000012,7,2019-12-25,02:16:32,943.48,Debit,Completed,,Loan Payment - LN2019050001121,False,,1.47,,Automated,Home Loan,standard_payment,False,loan_payment_generator
TXNL201900001262,ACC0008049,IND19003801,LN2019050001137,LDO20190000688,7,2019-12-10,04:03:40,5055.02,Debit,Completed,,Loan Payment - LN2019050001137,False,,1.48,,Automated,Home Loan,standard_payment,False,loan_payment_generator
TXNL201900001263,ACC0007476,IND19013953,LN2019050001152,LDO20190000690,7,2019-12-23,04:38:25,1573.0,Debit,Completed,,Loan Payment - LN2019050001152 - Late Fee,False,,1.75,,Automated,Home Loan,late_payment,False,loan_payment_generator
TXNL201900001264,ACC0007475,IND19013953,LN2019050001155,LDO20190000320,6,2019-12-06,03:18:24,1712.2,Debit,Completed,,Loan Payment - LN2019050001155,False,,1.17,,Automated,Vehicle Loan,standard_payment,False,loan_payment_generator
TXNL201900001265,ACC0007353,IND19005472,LN2019050001160,LDO20190000691,7,2019-12-17,04:00:20,1115.42,Debit,Completed,,Loan Payment - LN2019050001160,False,,1.79,,Automated,Home Loan,standard_payment,False,loan_payment_generator
TXNL201900001266,ACC0007015,IND19007961,LN2019050001170,LDO20190000065,7,2019-12-21,03:41:56,1047.02,Debit,Completed,,Loan Payment - LN2019050001170,False,,1.18,,Automated,Vehicle Loan,standard_payment,False,loan_payment_generator
TXNL201900001267,ACC0007275,IND19010245,LN2019050001175,LDO20190000692,6,2019-12-07,03:18:45,1993.06,Debit,Completed,,Loan Payment - LN2019050001175,False,,1.02,,Automated,Personal Loan,standard_payment,False,loan_payment_generator
TXNL201900001268,ACC0007351,IND19001380,LN2019050001183,LDO20190000321,7,2019-12-20,02:38:35,5197.06,Debit,Completed,,Loan Payment - LN2019050001183,False,,1.09,,Automated,Home Loan,standard_payment,False,loan_payment_generator
TXNL201900001269,ACC0007907,IND19002878,LN2019050001186,LDO20190000693,7,2019-12-29,03:37:06,1883.64,Debit,Completed,,Loan Payment - LN2019050001186,False,,1.51,,Automated,Home Loan,standard_payment,False,loan_payment_generator
TXNL201900001270,ACC0008264,IND19014371,LN2019050001194,LDO20190000694,7,2019-12-16,02:07:27,2083.71,Debit,Completed,,Loan Payment - LN2019050001194,False,,1.07,,Automated,Home Loan,standard_payment,False,loan_payment_generator
TXNL201900001271,ACC0007291,IND19005668,LN2019050001199,LDO20190000066,7,2019-12-14,02:48:46,1866.41,Debit,Completed,,Loan Payment - LN2019050001199,False,,1.48,,Automated,Vehicle Loan,standard_payment,False,loan_payment_generator
TXNL201900001272,ACC0007296,IND19011570,LN2019050001202,LDO20190000695,7,2019-12-30,02:50:55,369.53,Debit,Completed,,Loan Payment - LN2019050001202 - Partial,False,,1.95,,Automated,Home Loan,partial_payment,False,loan_payment_generator
TXNL201900001273,ACC0007636,IND19008434,LN2019050001205,LDO20190000696,7,2019-12-27,02:50:41,681.94,Debit,Completed,,Loan Payment - LN2019050001205,False,,0.16,,Automated,Home Loan,standard_payment,False,loan_payment_generator
TXNL201900001274,ACC0007107,IND19000145,LN2019050001207,LDO20190000322,7,2019-12-17,04:50:08,1817.61,Debit,Completed,,Loan Payment - LN2019050001207,False,,1.51,,Automated,Home Loan,standard_payment,False,loan_payment_generator
TXNL201900001275,ACC0007676,IND19007028,LN2019050001208,LDO20190000025,7,2019-12-31,04:14:11,1280.42,Debit,Completed,,Loan Payment - LN2019050001208,False,,1.99,,Automated,Home Loan,standard_payment,False,loan_payment_generator
TXNL201900001276,ACC0007608,IND19007170,LN2019050001231,LDO20190000323,7,2019-12-09,03:56:46,173.27,Debit,Completed,,Loan Payment - LN2019050001231,False,,0.95,,Automated,Home Loan,standard_payment,False,loan_payment_generator
TXNL201900001277,ACC0007455,IND19009143,LN2019050001232,LDO20190000697,7,2019-12-18,02:39:52,1524.4,Debit,Completed,,Loan Payment - LN2019050001232,False,,0.02,,Automated,Vehicle Loan,standard_payment,False,loan_payment_generator
TXNL201900001278,ACC0007842,IND19009173,LN2019050001247,LDO20190000698,7,2019-12-10,02:05:56,4310.95,Debit,Completed,,Loan Payment - LN2019050001247,False,,0.91,,Automated,Personal Loan,standard_payment,False,loan_payment_generator
TXNL201900001279,ACC0009554,IND19008376,LN2019060000003,LDO20190000154,5,2019-12-04,03:31:39,1215.95,Debit,Completed,,Loan Payment - LN2019060000003,False,,0.91,,Automated,Home Loan,standard_payment,False,loan_payment_generator
TXNL201900001280,ACC0009001,IND19001656,LN2019060000026,LDO20190000699,6,2019-12-12,02:02:52,2079.02,Debit,Completed,,Loan Payment - LN2019060000026,False,,1.92,,Automated,Home Loan,standard_payment,False,loan_payment_generator
TXNL201900001281,ACC0008614,IND19003868,LN2019060000036,LDO20190000700,6,2019-12-09,04:54:01,2422.21,Debit,Cancelled,customer_stop_instruction,Loan Payment - LN2019060000036,False,,0.77,,Automated,Personal Loan,standard_payment,False,loan_payment_generator
TXNL201900001282,ACC0009436,IND19003637,LN2019060000051,LDO20190000067,6,2019-12-21,03:49:45,3205.5,Debit,Completed,,Loan Payment - LN2019060000051,False,,1.35,,Automated,Home Loan,standard_payment,False,loan_payment_generator
TXNL201900001283,ACC0009208,IND19014920,LN2019060000056,LDO20190000701,6,2019-12-25,02:25:24,3476.1,Debit,Completed,,Loan Payment - LN2019060000056,False,,1.49,,Automated,Home Loan,standard_payment,False,loan_payment_generator
TXNL201900001284,ACC0009416,IND19003355,LN2019060000058,LDO20190000702,6,2019-12-30,02:49:37,438.48,Debit,Completed,,Loan Payment - LN2019060000058,False,,0.65,,Automated,Home Loan,standard_payment,False,loan_payment_generator
TXNL201900001285,ACC0009698,IND19010951,LN2019060000063,LDO20190000703,5,2019-12-11,04:19:02,1449.79,Debit,Completed,,Loan Payment - LN2019060000063,False,,0.83,,Automated,Home Loan,standard_payment,False,loan_payment_generator
TXNL201900001286,ACC0008723,IND19009629,LN2019060000070,LDO20190000704,6,2019-12-13,03:35:12,1515.04,Debit,Completed,,Loan Payment - LN2019060000070,False,,1.05,,Automated,Personal Loan,standard_payment,False,loan_payment_generator
TXNL201900001287,ACC0009008,IND19011347,LN2019060000071,LDO20190000068,6,2019-12-24,02:16:01,993.27,Debit,Completed,,Loan Payment - LN2019060000071,False,,0.71,,Automated,Home Loan,standard_payment,False,loan_payment_generator
TXNL201900001288,ACC0009533,IND19006651,LN2019060000074,LDO20190000324,5,2019-12-03,03:25:33,870.84,Debit,Completed,,Loan Payment - LN2019060000074,False,,1.2,,Automated,Home Loan,standard_payment,False,loan_payment_generator
TXNL201900001289,ACC0008345,IND19000257,LN2019060000075,LDO20190000705,6,2019-12-28,04:28:48,8989.14,Debit,Completed,,Loan Payment - LN2019060000075,False,,1.62,,Automated,Personal Loan,standard_payment,False,loan_payment_generator
TXNL201900001290,ACC0009344,IND19007445,LN2019060000077,LDO20190000069,6,2019-12-23,03:39:10,5551.79,Debit,Completed,,Loan Payment - LN2019060000077,False,,1.05,,Automated,Personal Loan,standard_payment,False,loan_payment_generator
TXNL201900001291,ACC0009307,IND19006577,LN2019060000079,LDO20190000706,6,2019-12-23,04:26:44,4187.72,Debit,Completed,,Loan Payment - LN2019060000079,False,,0.88,,Automated,Personal Loan,standard_payment,False,loan_payment_generator
TXNL201900001292,ACC0009216,IND19015579,LN2019060000083,LDO20190000070,5,2019-12-09,03:26:02,4726.66,Debit,Completed,,Loan Payment - LN2019060000083,False,,0.9,,Automated,Personal Loan,standard_payment,False,loan_payment_generator
TXNL201900001293,ACC0009824,IND19005414,LN2019060000085,LDO20190000325,5,2019-12-04,02:04:53,1691.47,Debit,Completed,,Loan Payment - LN2019060000085,False,,0.68,,Automated,Home Loan,standard_payment,False,loan_payment_generator
TXNL201900001294,ACC0009105,IND19010363,LN2019060000088,LDO20190000326,6,2019-12-23,04:54:19,7074.24,Debit,Completed,,Loan Payment - LN2019060000088,False,,0.98,,Automated,Vehicle Loan,standard_payment,False,loan_payment_generator
TXNL201900001295,ACC0009210,IND19017004,LN2019060000099,LDO20190000327,5,2019-12-07,02:01:13,1523.31,Debit,Completed,,Loan Payment - LN2019060000099,False,,1.53,,Automated,Home Loan,standard_payment,False,loan_payment_generator
TXNL201900001296,ACC0009718,IND19015416,LN2019060000105,LDO20190000071,6,2019-12-18,02:05:24,2174.17,Debit,Completed,,Loan Payment - LN2019060000105,False,,1.11,,Automated,Personal Loan,standard_payment,False,loan_payment_generator
TXNL201900001297,ACC0008979,IND19010430,LN2019060000111,LDO20190000707,5,2019-12-03,04:24:08,3761.75,Debit,Completed,,Loan Payment - LN2019060000111,False,,0.97,,Automated,Personal Loan,standard_payment,False,loan_payment_generator
TXNL201900001298,ACC0008530,IND19001113,LN2019060000112,LDO20190000708,5,2019-12-06,04:30:21,4120.99,Debit,Completed,,Loan Payment - LN2019060000112,False,,0.72,,Automated,Home Loan,standard_payment,False,loan_payment_generator
TXNL201900001299,ACC0009514,IND19011384,LN2019060000118,LDO20190000709,6,2019-12-29,03:01:21,1695.32,Debit,Completed,,Loan Payment - LN2019060000118,False,,1.73,,Automated,Home Loan,standard_payment,False,loan_payment_generator
TXNL201900001300,ACC0009853,COM19000322,LN2019060000119,LDO20190000710,5,2019-12-05,02:08:54,4596.63,Debit,Completed,,Loan Payment - LN2019060000119,False,,0.01,,Automated,Business Loan,standard_payment,False,loan_payment_generator
TXNL201900001301,ACC0008818,IND19015397,LN2019060000121,LDO20190000002,6,2019-12-13,02:54:55,9367.57,Debit,Completed,,Loan Payment - LN2019060000121,False,,1.45,,Automated,Personal Loan,standard_payment,False,loan_payment_generator
TXNL201900001302,ACC0008467,IND19009375,LN2019060000125,LDO20190000155,5,2019-12-02,04:52:51,1433.44,Debit,Completed,,Loan Payment - LN2019060000125,False,,1.92,,Automated,Vehicle Loan,standard_payment,False,loan_payment_generator
TXNL201900001303,ACC0008475,IND19010377,LN2019060000136,LDO20190000072,6,2019-12-15,03:57:16,4542.65,Debit,Completed,,Loan Payment - LN2019060000136,False,,1.55,,Automated,Vehicle Loan,standard_payment,False,loan_payment_generator
TXNL201900001304,ACC0008630,IND19006926,LN2019060000140,LDO20190000711,5,2019-12-09,03:58:47,336.09,Debit,Completed,,Loan Payment - LN2019060000140,False,,1.74,,Automated,Vehicle Loan,standard_payment,False,loan_payment_generator
TXNL201900001305,ACC0009470,IND19009457,LN2019060000143,LDO20190000328,6,2019-12-24,04:08:53,1279.53,Debit,Completed,,Loan Payment - LN2019060000143,False,,1.33,,Automated,Home Loan,standard_payment,False,loan_payment_generator
TXNL201900001306,ACC0009728,IND19005969,LN2019060000154,LDO20190000712,6,2019-12-16,04:46:20,2903.01,Debit,Completed,,Loan Payment - LN2019060000154,False,,0.81,,Automated,Personal Loan,standard_payment,False,loan_payment_generator
TXNL201900001307,ACC0009573,IND19007410,LN2019060000169,LDO20190000013,6,2019-12-22,04:37:58,388.8,Debit,Completed,,Loan Payment - LN2019060000169,False,,0.05,,Automated,Vehicle Loan,standard_payment,False,loan_payment_generator
TXNL201900001308,ACC0008899,IND19011169,LN2019060000175,LDO20190000329,6,2019-12-28,03:38:18,2863.26,Debit,Completed,,Loan Payment - LN2019060000175,False,,1.63,,Automated,Vehicle Loan,standard_payment,False,loan_payment_generator
TXNL201900001309,ACC0008567,IND19016930,LN2019060000181,LDO20190000156,6,2019-12-14,02:50:55,3620.0,Debit,Completed,,Loan Payment - LN2019060000181,False,,0.71,,Automated,Home Loan,standard_payment,False,loan_payment_generator
TXNL201900001310,ACC0009844,COM19000096,LN2019060000185,LDO20190000713,6,2019-12-27,04:44:28,8206.68,Debit,Completed,,Loan Payment - LN2019060000185,False,,0.77,,Automated,Business Loan,standard_payment,False,loan_payment_generator
TXNL201900001311,ACC0009040,IND19009244,LN2019060000190,LDO20190000330,6,2019-12-18,04:36:21,2300.78,Debit,Completed,,Loan Payment - LN2019060000190,False,,1.66,,Automated,Vehicle Loan,standard_payment,False,loan_payment_generator
TXNL201900001312,ACC0009873,COM19000220,LN2019060000193,LDO20190000714,6,2019-12-15,04:48:51,12588.24,Debit,Completed,,Loan Payment - LN2019060000193,False,,1.12,,Automated,Business Loan,standard_payment,False,loan_payment_generator
TXNL201900001313,ACC0009758,IND19016938,LN2019060000196,LDO20190000331,5,2019-12-03,03:28:10,1389.57,Debit,Completed,,Loan Payment - LN2019060000196,False,,1.89,,Automated,Vehicle Loan,standard_payment,False,loan_payment_generator
TXNL201900001314,ACC0009614,IND19017281,LN2019060000199,LDO20190000715,5,2019-12-07,03:52:17,1730.5,Debit,Completed,,Loan Payment - LN2019060000199,False,,1.85,,Automated,Home Loan,standard_payment,False,loan_payment_generator
TXNL201900001315,ACC0008782,IND19012132,LN2019060000202,LDO20190000332,5,2019-12-01,02:48:12,1920.72,Debit,Completed,,Loan Payment - LN2019060000202,False,,0.42,,Automated,Vehicle Loan,standard_payment,False,loan_payment_generator
TXNL201900001316,ACC0009672,IND19016838,LN2019060000205,LDO20190000333,5,2019-12-04,02:20:12,2921.76,Debit,Completed,,Loan Payment - LN2019060000205,False,,1.62,,Automated,Home Loan,standard_payment,False,loan_payment_generator
TXNL201900001317,ACC0009571,IND19008258,LN2019060000206,LDO20190000716,6,2019-12-11,03:39:10,1332.31,Debit,Completed,,Loan Payment - LN2019060000206,False,,1.31,,Automated,Home Loan,standard_payment,False,loan_payment_generator
TXNL201900001318,ACC0009341,IND19015334,LN2019060000210,LDO20190000717,6,2019-12-16,02:48:27,3545.33,Debit,Completed,,Loan Payment - LN2019060000210,False,,1.38,,Automated,Vehicle Loan,standard_payment,False,loan_payment_generator
TXNL201900001319,ACC0009506,IND19008495,LN2019060000212,LDO20190000334,6,2019-12-23,04:58:08,2238.62,Debit,Completed,,Loan Payment - LN2019060000212,False,,0.22,,Automated,Home Loan,standard_payment,False,loan_payment_generator
TXNL201900001320,ACC0008525,IND19014248,LN2019060000214,LDO20190000335,6,2019-12-17,02:09:12,6032.73,Debit,Completed,,Loan Payment - LN2019060000214,False,,1.07,,Automated,Vehicle Loan,standard_payment,False,loan_payment_generator
TXNL201900001321,ACC0008456,IND19001450,LN2019060000217,LDO20190000073,6,2019-12-27,03:02:46,3273.24,Debit,Completed,,Loan Payment - LN2019060000217,False,,1.74,,Automated,Personal Loan,standard_payment,False,loan_payment_generator
TXNL201900001322,ACC0008718,IND19013926,LN2019060000227,LDO20190000718,6,2019-12-17,02:21:03,2140.04,Debit,Completed,,Loan Payment - LN2019060000227 - Late Fee,False,,0.32,,Automated,Vehicle Loan,late_payment,False,loan_payment_generator
TXNL201900001323,ACC0009633,IND19004935,LN2019060000228,LDO20190000719,6,2019-12-28,02:06:12,1986.09,Debit,Completed,,Loan Payment - LN2019060000228,False,,0.66,,Automated,Home Loan,standard_payment,False,loan_payment_generator
TXNL201900001324,ACC0009190,IND19012029,LN2019060000230,LDO20190000336,6,2019-12-18,02:52:12,2326.1,Debit,Completed,,Loan Payment - LN2019060000230,False,,0.38,,Automated,Vehicle Loan,standard_payment,False,loan_payment_generator
TXNL201900001325,ACC0009487,IND19007401,LN2019060000233,LDO20190000720,6,2019-12-30,02:08:03,6112.05,Debit,Completed,,Loan Payment - LN2019060000233,False,,0.64,,Automated,Vehicle Loan,standard_payment,False,loan_payment_generator
TXNL201900001326,ACC0009866,COM19000090,LN2019060000240,LDO20190000721,6,2019-12-26,03:23:13,36981.06,Debit,Completed,,Loan Payment - LN2019060000240,False,,1.79,,Automated,Business Loan,standard_payment,False,loan_payment_generator
TXNL201900001327,ACC0009656,IND19008180,LN2019060000244,LDO20190000337,6,2019-12-19,03:51:18,983.14,Debit,Completed,,Loan Payment - LN2019060000244,False,,1.64,,Automated,Personal Loan,standard_payment,False,loan_payment_generator
TXNL201900001328,ACC0008840,IND19011953,LN2019060000247,LDO20190000722,5,2019-12-05,04:56:25,875.62,Debit,Completed,,Loan Payment - LN2019060000247,False,,1.92,,Automated,Home Loan,standard_payment,False,loan_payment_generator
TXNL201900001329,ACC0008749,IND19007392,LN2019060000263,LDO20190000723,6,2019-12-29,03:39:47,986.18,Debit,Completed,,Loan Payment - LN2019060000263,False,,1.3,,Automated,Home Loan,standard_payment,False,loan_payment_generator
TXNL201900001330,ACC0009553,IND19013623,LN2019060000267,LDO20190000724,6,2019-12-21,02:45:09,1776.48,Debit,Completed,,Loan Payment - LN2019060000267,False,,0.73,,Automated,Home Loan,standard_payment,False,loan_payment_generator
TXNL201900001331,ACC0009259,IND19001862,LN2019060000280,LDO20190000725,6,2019-12-25,03:58:26,1520.75,Debit,Completed,,Loan Payment - LN2019060000280,False,,1.45,,Automated,Personal Loan,standard_payment,False,loan_payment_generator
TXNL201900001332,ACC0009271,IND19015803,LN2019060000296,LDO20190000338,5,2019-12-01,04:11:44,2111.07,Debit,Completed,,Loan Payment - LN2019060000296,False,,0.08,,Automated,Home Loan,standard_payment,False,loan_payment_generator
TXNL201900001333,ACC0008755,IND19006330,LN2019060000297,LDO20190000074,5,2019-12-03,04:27:39,1124.43,Debit,Completed,,Loan Payment - LN2019060000297,False,,0.9,,Automated,Vehicle Loan,standard_payment,False,loan_payment_generator
TXNL201900001334,ACC0009156,IND19010093,LN2019060000298,LDO20190000726,6,2019-12-21,02:25:39,1863.63,Debit,Completed,,Loan Payment - LN2019060000298,False,,1.11,,Automated,Personal Loan,standard_payment,False,loan_payment_generator
TXNL201900001335,ACC0009102,IND19013392,LN2019060000302,LDO20190000727,5,2019-12-05,03:06:38,633.19,Debit,Completed,,Loan Payment - LN2019060000302,False,,0.1,,Automated,Vehicle Loan,standard_payment,False,loan_payment_generator
TXNL201900001336,ACC0009057,IND19018197,LN2019060000316,LDO20190000339,6,2019-12-14,02:45:08,3448.95,Debit,Completed,,Loan Payment - LN2019060000316,False,,1.08,,Automated,Personal Loan,standard_payment,False,loan_payment_generator
TXNL201900001337,ACC0009163,IND19005213,LN2019060000322,LDO20190000728,6,2019-12-17,02:38:12,2564.82,Debit,Completed,,Loan Payment - LN2019060000322,False,,0.73,,Automated,Personal Loan,standard_payment,False,loan_payment_generator
TXNL201900001338,ACC0009852,COM19000118,LN2019060000327,LDO20190000340,6,2019-12-30,03:59:54,11424.39,Debit,Completed,,Loan Payment - LN2019060000327,False,,1.93,,Automated,Business Loan,standard_payment,False,loan_payment_generator
TXNL201900001339,ACC0009868,COM19000104,LN2019060000329,LDO20190000729,6,2019-12-20,02:12:44,15123.13,Debit,Completed,,Loan Payment - LN2019060000329,False,,0.18,,Automated,Business Loan,standard_payment,False,loan_payment_generator
TXNL201900001340,ACC0009825,IND19017768,LN2019060000332,LDO20190000730,5,2019-12-06,02:15:23,2942.77,Debit,Completed,,Loan Payment - LN2019060000332,False,,1.42,,Automated,Vehicle Loan,standard_payment,False,loan_payment_generator
TXNL201900001341,ACC0008597,IND19003386,LN2019060000338,LDO20190000731,5,2019-12-06,03:56:51,1979.44,Debit,Completed,,Loan Payment - LN2019060000338,False,,1.93,,Automated,Vehicle Loan,standard_payment,False,loan_payment_generator
TXNL201900001342,ACC0009626,IND19009544,LN2019060000340,LDO20190000341,6,2019-12-17,03:45:47,427.4,Debit,Completed,,Loan Payment - LN2019060000340,False,,1.18,,Automated,Home Loan,standard_payment,False,loan_payment_generator
TXNL201900001343,ACC0008711,IND19016560,LN2019060000351,LDO20190000342,6,2019-12-28,03:02:45,671.37,Debit,Completed,,Loan Payment - LN2019060000351,False,,0.95,,Automated,Home Loan,standard_payment,False,loan_payment_generator
TXNL201900001344,ACC0009673,IND19009993,LN2019060000357,LDO20190000157,6,2019-12-27,04:00:56,2441.91,Debit,Completed,,Loan Payment - LN2019060000357,False,,0.55,,Automated,Personal Loan,standard_payment,False,loan_payment_generator
TXNL201900001345,ACC0009256,IND19010370,LN2019060000358,LDO20190000732,6,2019-12-20,04:13:59,2728.72,Debit,Completed,,Loan Payment - LN2019060000358,False,,1.69,,Automated,Home Loan,standard_payment,False,loan_payment_generator
TXNL201900001346,ACC0009050,IND19006126,LN2019060000371,LDO20190000343,5,2019-12-05,03:10:23,1526.18,Debit,Completed,,Loan Payment - LN2019060000371,False,,0.43,,Automated,Home Loan,standard_payment,False,loan_payment_generator
TXNL201900001347,ACC0009224,IND19007532,LN2019060000373,LDO20190000344,6,2019-12-25,02:23:44,1382.86,Debit,Completed,,Loan Payment - LN2019060000373,False,,1.96,,Automated,Personal Loan,standard_payment,False,loan_payment_generator
TXNL201900001348,ACC0009227,IND19007921,LN2019060000384,LDO20190000733,5,2019-12-05,03:00:57,2534.72,Debit,Completed,,Loan Payment - LN2019060000384,False,,0.23,,Automated,Personal Loan,standard_payment,False,loan_payment_generator
TXNL201900001349,ACC0009619,IND19010866,LN2019060000389,LDO20190000734,6,2019-12-26,04:46:30,14298.5,Debit,Completed,,Loan Payment - LN2019060000389,False,,1.96,,Automated,Personal Loan,standard_payment,False,loan_payment_generator
TXNL201900001350,ACC0009577,IND19014395,LN2019060000392,LDO20190000345,6,2019-12-27,04:38:52,1270.2,Debit,Completed,,Loan Payment - LN2019060000392,False,,1.6,,Automated,Vehicle Loan,standard_payment,False,loan_payment_generator
TXNL201900001351,ACC0008907,IND19008512,LN2019060000394,LDO20190000158,6,2019-12-14,03:20:00,3633.65,Debit,Completed,,Loan Payment - LN2019060000394,False,,0.06,,Automated,Vehicle Loan,standard_payment,False,loan_payment_generator
TXNL201900001352,ACC0008731,IND19002059,LN2019060000400,LDO20190000735,6,2019-12-22,03:18:53,768.05,Debit,Completed,,Loan Payment - LN2019060000400,False,,1.25,,Automated,Vehicle Loan,standard_payment,False,loan_payment_generator
TXNL201900001353,ACC0008433,IND19008662,LN2019060000408,LDO20190000736,6,2019-12-24,03:18:25,1151.91,Debit,Completed,,Loan Payment - LN2019060000408,False,,0.97,,Automated,Home Loan,standard_payment,False,loan_payment_generator
TXNL201900001354,ACC0008473,IND19002141,LN2019060000411,LDO20190000737,6,2019-12-18,02:28:07,1410.26,Debit,Completed,,Loan Payment - LN2019060000411,False,,1.08,,Automated,Vehicle Loan,standard_payment,False,loan_payment_generator
TXNL201900001355,ACC0008409,IND19009601,LN2019060000419,LDO20190000738,6,2019-12-27,02:22:40,279.29,Debit,Completed,,Loan Payment - LN2019060000419,False,,1.89,,Automated,Home Loan,standard_payment,False,loan_payment_generator
TXNL201900001356,ACC0009399,IND19004604,LN2019060000422,LDO20190000739,6,2019-12-15,02:08:38,1473.8,Debit,Completed,,Loan Payment - LN2019060000422,False,,0.5,,Automated,Home Loan,standard_payment,False,loan_payment_generator
TXNL201900001357,ACC0008598,IND19010988,LN2019060000427,LDO20190000740,6,2019-12-18,02:33:26,6591.06,Debit,Completed,,Loan Payment - LN2019060000427 - Late Fee,False,,0.27,,Automated,Personal Loan,late_payment,False,loan_payment_generator
TXNL201900001358,ACC0008696,IND19000326,LN2019060000454,LDO20190000741,5,2019-12-01,03:37:34,2340.96,Debit,Completed,,Loan Payment - LN2019060000454,False,,0.43,,Automated,Vehicle Loan,standard_payment,False,loan_payment_generator
TXNL201900001359,ACC0009301,IND19009701,LN2019060000455,LDO20190000742,6,2019-12-22,02:33:18,1953.44,Debit,Completed,,Loan Payment - LN2019060000455,False,,1.59,,Automated,Vehicle Loan,standard_payment,False,loan_payment_generator
TXNL201900001360,ACC0009335,IND19012989,LN2019060000456,LDO20190000743,5,2019-12-04,03:47:11,2408.16,Debit,Completed,,Loan Payment - LN2019060000456,False,,1.3,,Automated,Home Loan,standard_payment,False,loan_payment_generator
TXNL201900001361,ACC0009552,IND19015536,LN2019060000461,LDO20190000346,6,2019-12-26,04:47:01,2626.39,Debit,Completed,,Loan Payment - LN2019060000461,False,,0.61,,Automated,Vehicle Loan,standard_payment,False,loan_payment_generator
TXNL201900001362,ACC0008883,IND19008126,LN2019060000469,LDO20190000744,5,2019-12-01,03:57:57,4080.28,Debit,Completed,,Loan Payment - LN2019060000469,False,,0.25,,Automated,Vehicle Loan,standard_payment,False,loan_payment_generator
TXNL201900001363,ACC0009504,IND19001754,LN2019060000472,LDO20190000745,5,2019-12-08,02:05:23,3102.17,Debit,Completed,,Loan Payment - LN2019060000472,False,,1.97,,Automated,Vehicle Loan,standard_payment,False,loan_payment_generator
TXNL201900001364,ACC0009137,IND19015949,LN2019060000476,LDO20190000746,6,2019-12-13,02:41:57,1197.83,Debit,Completed,,Loan Payment - LN2019060000476,False,,0.27,,Automated,Home Loan,standard_payment,False,loan_payment_generator
TXNL201900001365,ACC0008384,IND19009055,LN2019060000483,LDO20190000347,6,2019-12-26,02:31:48,2894.57,Debit,Completed,,Loan Payment - LN2019060000483,False,,0.19,,Automated,Home Loan,standard_payment,False,loan_payment_generator
TXNL201900001366,ACC0009854,COM19000322,LN2019060000484,LDO20190000075,5,2019-12-05,03:33:28,13747.95,Debit,Completed,,Loan Payment - LN2019060000484,False,,0.2,,Automated,Business Loan,standard_payment,False,loan_payment_generator
TXNL201900001367,ACC0009164,IND19003896,LN2019060000499,LDO20190000026,5,2019-12-08,02:50:32,1309.59,Debit,Completed,,Loan Payment - LN2019060000499,False,,1.9,,Automated,Home Loan,standard_payment,False,loan_payment_generator
TXNL201900001368,ACC0008375,IND19003179,LN2019060000517,LDO20190000747,5,2019-12-08,02:09:19,1095.51,Debit,Completed,,Loan Payment - LN2019060000517,False,,1.59,,Automated,Home Loan,standard_payment,False,loan_payment_generator
TXNL201900001369,ACC0008767,IND19008285,LN2019060000521,LDO20190000348,6,2019-12-20,02:52:17,2918.6,Debit,Completed,,Loan Payment - LN2019060000521,False,,0.13,,Automated,Personal Loan,standard_payment,False,loan_payment_generator
TXNL201900001370,ACC0009192,IND19014229,LN2019060000522,LDO20190000748,6,2019-12-20,03:36:11,1062.18,Debit,Cancelled,customer_stop_instruction,Loan Payment - LN2019060000522,False,,0.5,,Automated,Home Loan,standard_payment,False,loan_payment_generator
TXNL201900001371,ACC0008800,IND19005792,LN2019060000532,LDO20190000349,6,2019-12-24,03:10:27,2370.0,Debit,Completed,,Loan Payment - LN2019060000532,False,,0.35,,Automated,Personal Loan,standard_payment,False,loan_payment_generator
TXNL201900001372,ACC0009843,COM19000096,LN2019060000535,LDO20190000749,6,2019-12-17,03:07:18,44563.69,Debit,Completed,,Loan Payment - LN2019060000535,False,,1.13,,Automated,Business Loan,standard_payment,False,loan_payment_generator
TXNL201900001373,ACC0009370,IND19002893,LN2019060000543,LDO20190000750,6,2019-12-29,02:39:13,2292.04,Debit,Completed,,Loan Payment - LN2019060000543 - Partial,False,,0.51,,Automated,Vehicle Loan,partial_payment,False,loan_payment_generator
TXNL201900001374,ACC0008867,IND19003343,LN2019060000544,LDO20190000159,6,2019-12-22,02:16:49,2359.94,Debit,Cancelled,customer_stop_instruction,Loan Payment - LN2019060000544,False,,0.39,,Automated,Vehicle Loan,standard_payment,False,loan_payment_generator
TXNL201900001375,ACC0008873,IND19003100,LN2019060000549,LDO20190000751,6,2019-12-19,04:03:39,2213.16,Debit,Completed,,Loan Payment - LN2019060000549,False,,1.73,,Automated,Home Loan,standard_payment,False,loan_payment_generator
TXNL201900001376,ACC0008900,IND19007746,LN2019060000551,LDO20190000350,6,2019-12-23,02:50:58,3375.28,Debit,Completed,,Loan Payment - LN2019060000551,False,,1.26,,Automated,Home Loan,standard_payment,False,loan_payment_generator
TXNL201900001377,ACC0008368,IND19001827,LN2019060000552,LDO20190000752,6,2019-12-28,02:26:33,2065.95,Debit,Completed,,Loan Payment - LN2019060000552,False,,0.44,,Automated,Home Loan,standard_payment,False,loan_payment_generator
TXNL201900001378,ACC0009794,IND19012747,LN2019060000572,LDO20190000753,6,2019-12-30,04:02:05,890.44,Debit,Completed,,Loan Payment - LN2019060000572 - Extra Principal,False,,1.9,,Automated,Home Loan,extra_payment,False,loan_payment_generator
TXNL201900001379,ACC0009213,IND19000700,LN2019060000574,LDO20190000754,6,2019-12-20,03:50:39,981.64,Debit,Completed,,Loan Payment - LN2019060000574,False,,0.72,,Automated,Home Loan,standard_payment,False,loan_payment_generator
TXNL201900001380,ACC0009388,IND19001269,LN2019060000575,LDO20190000160,5,2019-12-01,02:51:24,5641.24,Debit,Completed,,Loan Payment - LN2019060000575 - Late Fee,False,,0.6,,Automated,Home Loan,late_payment,False,loan_payment_generator
TXNL201900001381,ACC0008447,IND19014110,LN2019060000577,LDO20190000755,6,2019-12-18,02:51:00,1639.17,Debit,Completed,,Loan Payment - LN2019060000577 - Partial,False,,1.54,,Automated,Personal Loan,partial_payment,False,loan_payment_generator
TXNL201900001382,ACC0009561,IND19009379,LN2019060000581,LDO20190000351,6,2019-12-24,04:56:01,7180.37,Debit,Completed,,Loan Payment - LN2019060000581,False,,1.13,,Automated,Vehicle Loan,standard_payment,False,loan_payment_generator
TXNL201900001383,ACC0008875,IND19005222,LN2019060000582,LDO20190000161,6,2019-12-26,03:03:23,1440.17,Debit,Completed,,Loan Payment - LN2019060000582,False,,1.67,,Automated,Home Loan,standard_payment,False,loan_payment_generator
TXNL201900001384,ACC0009194,IND19001245,LN2019060000596,LDO20190000756,6,2019-12-19,03:06:41,2674.06,Debit,Completed,,Loan Payment - LN2019060000596 - Late Fee,False,,1.9,,Automated,Vehicle Loan,late_payment,False,loan_payment_generator
TXNL201900001385,ACC0008779,IND19018337,LN2019060000609,LDO20190000352,6,2019-12-16,03:26:06,3172.16,Debit,Completed,,Loan Payment - LN2019060000609,False,,0.49,,Automated,Personal Loan,standard_payment,False,loan_payment_generator
TXNL201900001386,ACC0008815,IND19009525,LN2019060000614,LDO20190000757,6,2019-12-28,04:39:48,567.62,Debit,Completed,,Loan Payment - LN2019060000614,False,,1.7,,Automated,Vehicle Loan,standard_payment,False,loan_payment_generator
TXNL201900001387,ACC0009030,IND19001320,LN2019060000636,LDO20190000758,6,2019-12-19,04:56:08,7107.64,Debit,Completed,,Loan Payment - LN2019060000636,False,,1.85,,Automated,Home Loan,standard_payment,False,loan_payment_generator
TXNL201900001388,ACC0009631,IND19003016,LN2019060000637,LDO20190000759,5,2019-12-05,02:42:58,3170.7,Debit,Completed,,Loan Payment - LN2019060000637,False,,1.9,,Automated,Home Loan,standard_payment,False,loan_payment_generator
TXNL201900001389,ACC0009398,IND19017640,LN2019060000650,LDO20190000760,6,2019-12-22,04:22:42,3803.07,Debit,Failed,mandate_limit,Loan Payment - LN2019060000650,False,,0.84,,Automated,Home Loan,standard_payment,False,loan_payment_generator
TXNL201900001390,ACC0008603,IND19001610,LN2019060000653,LDO20190000761,6,2019-12-14,03:48:56,1475.75,Debit,Completed,,Loan Payment - LN2019060000653,False,,0.62,,Automated,Home Loan,standard_payment,False,loan_payment_generator
TXNL201900001391,ACC0008599,IND19005041,LN2019060000667,LDO20190000762,6,2019-12-30,03:38:09,8208.38,Debit,Completed,,Loan Payment - LN2019060000667,False,,0.23,,Automated,Personal Loan,standard_payment,False,loan_payment_generator
TXNL201900001392,ACC0008796,IND19011873,LN2019060000668,LDO20190000763,6,2019-12-26,04:37:07,2325.86,Debit,Completed,,Loan Payment - LN2019060000668,False,,1.93,,Automated,Personal Loan,standard_payment,False,loan_payment_generator
TXNL201900001393,ACC0009145,IND19016906,LN2019060000669,LDO20190000764,6,2019-12-24,02:01:25,2038.75,Debit,Completed,,Loan Payment - LN2019060000669,False,,1.37,,Automated,Vehicle Loan,standard_payment,False,loan_payment_generator
TXNL201900001394,ACC0008920,IND19002726,LN2019060000673,LDO20190000765,5,2019-12-04,02:53:13,6403.37,Debit,Completed,,Loan Payment - LN2019060000673,False,,0.28,,Automated,Personal Loan,standard_payment,False,loan_payment_generator
TXNL201900001395,ACC0009223,IND19001935,LN2019060000680,LDO20190000766,6,2019-12-29,04:32:01,5113.51,Debit,Completed,,Loan Payment - LN2019060000680,False,,0.75,,Automated,Home Loan,standard_payment,False,loan_payment_generator
TXNL201900001396,ACC0008470,IND19006205,LN2019060000686,LDO20190000767,6,2019-12-29,03:03:30,17391.49,Debit,Completed,,Loan Payment - LN2019060000686,False,,1.44,,Automated,Personal Loan,standard_payment,False,loan_payment_generator
TXNL201900001397,ACC0009209,IND19017865,LN2019060000691,LDO20190000162,6,2019-12-21,02:20:39,2822.47,Debit,Completed,,Loan Payment - LN2019060000691,False,,1.06,,Automated,Home Loan,standard_payment,False,loan_payment_generator
TXNL201900001398,ACC0009641,IND19012150,LN2019060000697,LDO20190000163,5,2019-12-04,04:49:22,2357.78,Debit,Completed,,Loan Payment - LN2019060000697,False,,1.06,,Automated,Personal Loan,standard_payment,False,loan_payment_generator
TXNL201900001399,ACC0008989,IND19001630,LN2019060000698,LDO20190000353,6,2019-12-26,03:13:20,1165.3,Debit,Completed,,Loan Payment - LN2019060000698,False,,1.56,,Automated,Home Loan,standard_payment,False,loan_payment_generator
TXNL201900001400,ACC0009161,IND19003750,LN2019060000722,LDO20190000005,5,2019-12-09,03:27:50,3759.8,Debit,Completed,,Loan Payment - LN2019060000722 - Late Fee,False,,0.77,,Automated,Personal Loan,late_payment,False,loan_payment_generator
TXNL201900001401,ACC0008641,IND19000825,LN2019060000725,LDO20190000354,6,2019-12-16,04:47:58,1536.25,Debit,Completed,,Loan Payment - LN2019060000725,False,,0.14,,Automated,Home Loan,standard_payment,False,loan_payment_generator
TXNL201900001402,ACC0009032,IND19009032,LN2019060000727,LDO20190000076,5,2019-12-06,04:13:24,1279.76,Debit,Completed,,Loan Payment - LN2019060000727,False,,0.15,,Automated,Home Loan,standard_payment,False,loan_payment_generator
TXNL201900001403,ACC0009396,IND19000153,LN2019060000741,LDO20190000768,5,2019-12-02,02:00:53,2669.94,Debit,Completed,,Loan Payment - LN2019060000741,False,,0.3,,Automated,Vehicle Loan,standard_payment,False,loan_payment_generator
TXNL201900001404,ACC0008937,IND19008259,LN2019060000750,LDO20190000164,5,2019-12-02,03:33:35,3722.29,Debit,Completed,,Loan Payment - LN2019060000750,False,,0.73,,Automated,Home Loan,standard_payment,False,loan_payment_generator
TXNL201900001405,ACC0009716,IND19014329,LN2019060000773,LDO20190000769,6,2019-12-26,03:57:52,1042.07,Debit,Completed,,Loan Payment - LN2019060000773 - Partial,False,,1.9,,Automated,Home Loan,partial_payment,False,loan_payment_generator
TXNL201900001406,ACC0009087,IND19005120,LN2019060000776,LDO20190000165,6,2019-12-23,04:48:36,747.98,Debit,Completed,,Loan Payment - LN2019060000776 - Extra Principal,False,,0.18,,Automated,Home Loan,extra_payment,False,loan_payment_generator
TXNL201900001407,ACC0009084,IND19007080,LN2019060000778,LDO20190000770,6,2019-12-20,02:56:37,3237.17,Debit,Failed,mandate_limit,Loan Payment - LN2019060000778 - Late Fee,False,,1.88,,Automated,Home Loan,late_payment,False,loan_payment_generator
TXNL201900001408,ACC0009839,IND19002691,LN2019060000784,LDO20190000771,6,2019-12-28,02:57:56,1248.78,Debit,Completed,,Loan Payment - LN2019060000784,False,,1.98,,Automated,Vehicle Loan,standard_payment,False,loan_payment_generator
TXNL201900001409,ACC0008410,IND19004332,LN2019060000793,LDO20190000355,6,2019-12-14,02:01:24,1554.18,Debit,Completed,,Loan Payment - LN2019060000793,False,,0.54,,Automated,Home Loan,standard_payment,False,loan_payment_generator
TXNL201900001410,ACC0009748,IND19007544,LN2019060000799,LDO20190000772,5,2019-12-04,03:02:24,603.12,Debit,Completed,,Loan Payment - LN2019060000799,False,,1.57,,Automated,Home Loan,standard_payment,False,loan_payment_generator
TXNL201900001411,ACC0008969,IND19008111,LN2019060000805,LDO20190000773,6,2019-12-09,04:07:16,2578.88,Debit,Completed,,Loan Payment - LN2019060000805,False,,1.98,,Automated,Personal Loan,standard_payment,False,loan_payment_generator
TXNL201900001412,ACC0008793,IND19008017,LN2019060000806,LDO20190000774,6,2019-12-28,03:15:12,225.01,Debit,Completed,,Loan Payment - LN2019060000806,False,,0.26,,Automated,Home Loan,standard_payment,False,loan_payment_generator
TXNL201900001413,ACC0009343,IND19012867,LN2019060000810,LDO20190000356,5,2019-12-04,04:02:12,329.45,Debit,Completed,,Loan Payment - LN2019060000810,False,,1.39,,Automated,Home Loan,standard_payment,False,loan_payment_generator
TXNL201900001414,ACC0009757,IND19000312,LN2019060000827,LDO20190000166,6,2019-12-28,03:13:10,2630.46,Debit,Completed,,Loan Payment - LN2019060000827,False,,1.26,,Automated,Home Loan,standard_payment,False,loan_payment_generator
TXNL201900001415,ACC0009142,IND19017297,LN2019060000831,LDO20190000775,6,2019-12-25,04:43:49,731.48,Debit,Completed,,Loan Payment - LN2019060000831,False,,1.26,,Automated,Home Loan,standard_payment,False,loan_payment_generator
TXNL201900001416,ACC0009400,IND19016913,LN2019060000836,LDO20190000077,6,2019-12-14,02:57:04,904.43,Debit,Completed,,Loan Payment - LN2019060000836,False,,1.18,,Automated,Vehicle Loan,standard_payment,False,loan_payment_generator
TXNL201900001417,ACC0009855,COM19000246,LN2019060000845,LDO20190000776,6,2019-12-10,04:21:57,5841.69,Debit,Completed,,Loan Payment - LN2019060000845,False,,1.11,,Automated,Business Loan,standard_payment,False,loan_payment_generator
TXNL201900001418,ACC0008827,IND19010355,LN2019060000850,LDO20190000357,6,2019-12-27,02:38:40,2027.13,Debit,Failed,bank_timeout,Loan Payment - LN2019060000850,False,,1.25,,Automated,Vehicle Loan,standard_payment,False,loan_payment_generator
TXNL201900001419,ACC0009731,IND19002518,LN2019060000860,LDO20190000078,6,2019-12-21,03:14:48,6046.17,Debit,Completed,,Loan Payment - LN2019060000860,False,,1.38,,Automated,Personal Loan,standard_payment,False,loan_payment_generator
TXNL201900001420,ACC0009601,IND19003617,LN2019060000862,LDO20190000777,6,2019-12-25,03:59:01,1560.14,Debit,Completed,,Loan Payment - LN2019060000862,False,,0.04,,Automated,Home Loan,standard_payment,False,loan_payment_generator
TXNL201900001421,ACC0009371,IND19015806,LN2019060000863,LDO20190000014,6,2019-12-22,03:06:50,6260.75,Debit,Completed,,Loan Payment - LN2019060000863,False,,1.57,,Automated,Personal Loan,standard_payment,False,loan_payment_generator
TXNL201900001422,ACC0008958,IND19004520,LN2019060000864,LDO20190000778,6,2019-12-25,04:43:06,1349.41,Debit,Completed,,Loan Payment - LN2019060000864,False,,1.29,,Automated,Vehicle Loan,standard_payment,False,loan_payment_generator
TXNL201900001423,ACC0008976,IND19003578,LN2019060000868,LDO20190000358,6,2019-12-14,04:20:58,4451.79,Debit,Completed,,Loan Payment - LN2019060000868 - Extra Principal,False,,1.5,,Automated,Home Loan,extra_payment,False,loan_payment_generator
TXNL201900001424,ACC0008803,IND19010499,LN2019060000873,LDO20190000779,6,2019-12-27,02:54:11,1999.29,Debit,Completed,,Loan Payment - LN2019060000873,False,,0.1,,Automated,Vehicle Loan,standard_payment,False,loan_payment_generator
TXNL201900001425,ACC0008593,IND19001836,LN2019060000878,LDO20190000780,5,2019-12-04,02:18:15,4707.32,Debit,Completed,,Loan Payment - LN2019060000878,False,,1.57,,Automated,Personal Loan,standard_payment,False,loan_payment_generator
TXNL201900001426,ACC0008511,IND19018038,LN2019060000879,LDO20190000781,5,2019-12-06,02:27:21,3268.63,Debit,Completed,,Loan Payment - LN2019060000879,False,,1.69,,Automated,Personal Loan,standard_payment,False,loan_payment_generator
TXNL201900001427,ACC0009408,IND19015381,LN2019060000881,LDO20190000782,6,2019-12-13,04:36:07,332.74,Debit,Completed,,Loan Payment - LN2019060000881,False,,1.66,,Automated,Home Loan,standard_payment,False,loan_payment_generator
TXNL201900001428,ACC0009211,IND19016817,LN2019060000883,LDO20190000783,6,2019-12-18,03:10:46,741.97,Debit,Completed,,Loan Payment - LN2019060000883,False,,0.83,,Automated,Home Loan,standard_payment,False,loan_payment_generator
TXNL201900001429,ACC0009623,IND19009069,LN2019060000900,LDO20190000784,6,2019-12-08,02:02:35,2821.57,Debit,Completed,,Loan Payment - LN2019060000900,False,,1.07,,Automated,Home Loan,standard_payment,False,loan_payment_generator
TXNL201900001430,ACC0009328,IND19010758,LN2019060000904,LDO20190000785,6,2019-12-15,03:04:54,1795.88,Debit,Completed,,Loan Payment - LN2019060000904,False,,0.85,,Automated,Vehicle Loan,standard_payment,False,loan_payment_generator
TXNL201900001431,ACC0009027,IND19009484,LN2019060000906,LDO20190000359,6,2019-12-21,04:03:53,2084.79,Debit,Completed,,Loan Payment - LN2019060000906,False,,0.63,,Automated,Home Loan,standard_payment,False,loan_payment_generator
TXNL201900001432,ACC0009850,COM19000321,LN2019060000917,LDO20190000360,6,2019-12-20,02:02:18,3551.57,Debit,Completed,,Loan Payment - LN2019060000917,False,,0.0,,Automated,Business Loan,standard_payment,False,loan_payment_generator
TXNL201900001433,ACC0009713,IND19010198,LN2019060000918,LDO20190000786,6,2019-12-23,03:10:51,476.28,Debit,Completed,,Loan Payment - LN2019060000918,False,,1.25,,Automated,Home Loan,standard_payment,False,loan_payment_generator
TXNL201900001434,ACC0008572,IND19014873,LN2019060000920,LDO20190000787,6,2019-12-13,02:56:10,2779.8,Debit,Completed,,Loan Payment - LN2019060000920,False,,0.12,,Automated,Personal Loan,standard_payment,False,loan_payment_generator
TXNL201900001435,ACC0008776,IND19004547,LN2019060000929,LDO20190000167,6,2019-12-08,03:36:53,5199.1,Debit,Completed,,Loan Payment - LN2019060000929,False,,1.3,,Automated,Vehicle Loan,standard_payment,False,loan_payment_generator
TXNL201900001436,ACC0008821,IND19013443,LN2019060000935,LDO20190000788,6,2019-12-27,04:39:56,2001.0,Debit,Completed,,Loan Payment - LN2019060000935,False,,1.85,,Automated,Home Loan,standard_payment,False,loan_payment_generator
TXNL201900001437,ACC0009515,IND19012916,LN2019060000939,LDO20190000789,6,2019-12-25,04:43:39,2480.2,Debit,Completed,,Loan Payment - LN2019060000939,False,,1.34,,Automated,Home Loan,standard_payment,False,loan_payment_generator
TXNL201900001438,ACC0009546,IND19007827,LN2019060000940,LDO20190000361,5,2019-12-04,02:46:00,2386.08,Debit,Completed,,Loan Payment - LN2019060000940,False,,0.46,,Automated,Vehicle Loan,standard_payment,False,loan_payment_generator
TXNL201900001439,ACC0009512,IND19008009,LN2019060000941,LDO20190000790,5,2019-12-04,02:52:14,1709.79,Debit,Completed,,Loan Payment - LN2019060000941,False,,1.72,,Automated,Vehicle Loan,standard_payment,False,loan_payment_generator
TXNL201900001440,ACC0009481,IND19002659,LN2019060000955,LDO20190000168,6,2019-12-14,04:57:27,885.78,Debit,Completed,,Loan Payment - LN2019060000955,False,,0.97,,Automated,Home Loan,standard_payment,False,loan_payment_generator
TXNL201900001441,ACC0008936,IND19008259,LN2019060000959,LDO20190000791,6,2019-12-30,03:37:08,5904.42,Debit,Failed,account_blocked,Loan Payment - LN2019060000959,False,,0.83,,Automated,Home Loan,standard_payment,False,loan_payment_generator
TXNL201900001442,ACC0008817,IND19014131,LN2019060000961,LDO20190000362,6,2019-12-17,03:14:24,2254.28,Debit,Completed,,Loan Payment - LN2019060000961,False,,0.23,,Automated,Vehicle Loan,standard_payment,False,loan_payment_generator
TXNL201900001443,ACC0008542,IND19011467,LN2019060000973,LDO20190000363,6,2019-12-24,02:12:36,2200.15,Debit,Completed,,Loan Payment - LN2019060000973,False,,1.39,,Automated,Personal Loan,standard_payment,False,loan_payment_generator
TXNL201900001444,ACC0009684,IND19018010,LN2019060000975,LDO20190000792,6,2019-12-25,04:15:53,2275.2,Debit,Failed,account_blocked,Loan Payment - LN2019060000975,False,,0.99,,Automated,Home Loan,standard_payment,False,loan_payment_generator
TXNL201900001445,ACC0009110,IND19004574,LN2019060000996,LDO20190000793,5,2019-12-09,04:38:52,3565.36,Debit,Failed,bank_timeout,Loan Payment - LN2019060000996 - Late Fee,False,,0.01,,Automated,Home Loan,late_payment,False,loan_payment_generator
TXNL201900001446,ACC0008991,IND19011653,LN2019060000999,LDO20190000364,6,2019-12-16,02:30:39,548.58,Debit,Completed,,Loan Payment - LN2019060000999,False,,0.95,,Automated,Vehicle Loan,standard_payment,False,loan_payment_generator
TXNL201900001447,ACC0008990,IND19004746,LN2019060001000,LDO20190000169,6,2019-12-16,04:18:14,1734.24,Debit,Completed,,Loan Payment - LN2019060001000,False,,0.69,,Automated,Home Loan,standard_payment,False,loan_payment_generator
TXNL201900001448,ACC0008714,IND19014922,LN2019060001008,LDO20190000794,6,2019-12-14,02:58:53,3367.35,Debit,Completed,,Loan Payment - LN2019060001008,False,,0.17,,Automated,Personal Loan,standard_payment,False,loan_payment_generator
TXNL201900001449,ACC0009058,IND19014396,LN2019060001012,LDO20190000795,6,2019-12-17,02:41:30,958.28,Debit,Completed,,Loan Payment - LN2019060001012,False,,0.88,,Automated,Home Loan,standard_payment,False,loan_payment_generator
TXNL201900001450,ACC0009148,IND19017284,LN2019060001015,LDO20190000796,5,2019-12-04,03:17:19,2694.96,Debit,Completed,,Loan Payment - LN2019060001015,False,,0.35,,Automated,Vehicle Loan,standard_payment,False,loan_payment_generator
TXNL201900001451,ACC0009847,COM19000235,LN2019060001036,LDO20190000797,6,2019-12-10,02:14:53,12573.7,Debit,Completed,,Loan Payment - LN2019060001036,False,,1.49,,Automated,Business Loan,standard_payment,False,loan_payment_generator
TXNL201900001452,ACC0008656,IND19004261,LN2019060001037,LDO20190000365,6,2019-12-10,03:22:28,17568.64,Debit,Completed,,Loan Payment - LN2019060001037,False,,0.02,,Automated,Personal Loan,standard_payment,False,loan_payment_generator
TXNL201900001453,ACC0009665,IND19011286,LN2019060001040,LDO20190000006,6,2019-12-27,04:31:27,2212.01,Debit,Completed,,Loan Payment - LN2019060001040,False,,1.37,,Automated,Vehicle Loan,standard_payment,False,loan_payment_generator
TXNL201900001454,ACC0009042,IND19002747,LN2019060001043,LDO20190000798,6,2019-12-11,02:51:38,2575.31,Debit,Completed,,Loan Payment - LN2019060001043,False,,0.38,,Automated,Home Loan,standard_payment,False,loan_payment_generator
TXNL201900001455,ACC0008636,IND19005072,LN2019060001046,LDO20190000799,6,2019-12-29,04:58:33,2783.47,Debit,Completed,,Loan Payment - LN2019060001046,False,,0.09,,Automated,Vehicle Loan,standard_payment,False,loan_payment_generator
TXNL201900001456,ACC0008710,IND19012960,LN2019060001049,LDO20190000800,6,2019-12-30,02:41:04,307.93,Debit,Completed,,Loan Payment - LN2019060001049 - Extra Principal,False,,0.23,,Automated,Home Loan,extra_payment,False,loan_payment_generator
TXNL201900001457,ACC0009444,IND19013712,LN2019060001063,LDO20190000801,6,2019-12-16,04:52:55,2046.23,Debit,Completed,,Loan Payment - LN2019060001063,False,,1.93,,Automated,Vehicle Loan,standard_payment,False,loan_payment_generator
TXNL201900001458,ACC0008503,IND19002989,LN2019060001085,LDO20190000079,5,2019-12-02,02:43:10,671.4,Debit,Completed,,Loan Payment - LN2019060001085,False,,0.01,,Automated,Home Loan,standard_payment,False,loan_payment_generator
TXNL201900001459,ACC0009066,IND19001825,LN2019060001088,LDO20190000802,6,2019-12-26,03:44:20,3381.1,Debit,Completed,,Loan Payment - LN2019060001088,False,,1.53,,Automated,Home Loan,standard_payment,False,loan_payment_generator
TXNL201900001460,ACC0009499,IND19001400,LN2019060001093,LDO20190000170,5,2019-12-05,02:21:05,1090.26,Debit,Completed,,Loan Payment - LN2019060001093,False,,1.48,,Automated,Vehicle Loan,standard_payment,False,loan_payment_generator
TXNL201900001461,ACC0008770,IND19013077,LN2019060001097,LDO20190000080,6,2019-12-17,03:52:40,366.99,Debit,Completed,,Loan Payment - LN2019060001097,False,,0.08,,Automated,Vehicle Loan,standard_payment,False,loan_payment_generator
TXNL201900001462,ACC0009065,IND19001825,LN2019060001105,LDO20190000803,6,2019-12-18,04:48:36,2504.99,Debit,Completed,,Loan Payment - LN2019060001105,False,,0.4,,Automated,Personal Loan,standard_payment,False,loan_payment_generator
TXNL201900001463,ACC0009830,IND19007707,LN2019060001116,LDO20190000171,5,2019-12-05,04:00:10,9173.23,Debit,Completed,,Loan Payment - LN2019060001116,False,,0.23,,Automated,Personal Loan,standard_payment,False,loan_payment_generator
TXNL201900001464,ACC0009584,IND19015163,LN2019060001121,LDO20190000804,6,2019-12-19,03:44:53,1376.88,Debit,Completed,,Loan Payment - LN2019060001121,False,,0.28,,Automated,Personal Loan,standard_payment,False,loan_payment_generator
TXNL201900001465,ACC0009699,IND19000761,LN2019060001124,LDO20190000805,6,2019-12-10,04:42:39,17384.13,Debit,Completed,,Loan Payment - LN2019060001124,False,,1.64,,Automated,Personal Loan,standard_payment,False,loan_payment_generator
TXNL201900001466,ACC0008721,IND19007514,LN2019060001129,LDO20190000806,6,2019-12-25,04:54:43,1934.75,Debit,Completed,,Loan Payment - LN2019060001129,False,,1.18,,Automated,Vehicle Loan,standard_payment,False,loan_payment_generator
TXNL201900001467,ACC0009108,IND19015050,LN2019060001130,LDO20190000807,6,2019-12-20,04:49:52,1692.21,Debit,Completed,,Loan Payment - LN2019060001130,False,,0.56,,Automated,Personal Loan,standard_payment,False,loan_payment_generator
TXNL201900001468,ACC0009351,IND19013891,LN2019060001139,LDO20190000808,6,2019-12-16,04:35:18,1938.77,Debit,Completed,,Loan Payment - LN2019060001139,False,,0.16,,Automated,Vehicle Loan,standard_payment,False,loan_payment_generator
TXNL201900001469,ACC0009477,IND19005919,LN2019060001150,LDO20190000809,6,2019-12-25,02:43:35,3568.69,Debit,Completed,,Loan Payment - LN2019060001150,False,,0.98,,Automated,Vehicle Loan,standard_payment,False,loan_payment_generator
TXNL201900001470,ACC0008558,IND19015819,LN2019060001166,LDO20190000810,6,2019-12-10,02:24:35,7588.29,Debit,Completed,,Loan Payment - LN2019060001166,False,,1.48,,Automated,Vehicle Loan,standard_payment,False,loan_payment_generator
TXNL201900001471,ACC0009260,IND19000979,LN2019060001169,LDO20190000811,6,2019-12-30,02:40:57,17578.52,Debit,Completed,,Loan Payment - LN2019060001169,False,,1.67,,Automated,Personal Loan,standard_payment,False,loan_payment_generator
TXNL201900001472,ACC0008773,IND19008498,LN2019060001173,LDO20190000172,6,2019-12-22,02:56:09,655.59,Debit,Completed,,Loan Payment - LN2019060001173,False,,0.88,,Automated,Home Loan,standard_payment,False,loan_payment_generator
TXNL201900001473,ACC0009254,IND19001905,LN2019060001193,LDO20190000812,6,2019-12-11,02:56:07,2315.42,Debit,Completed,,Loan Payment - LN2019060001193,False,,1.8,,Automated,Personal Loan,standard_payment,False,loan_payment_generator
TXNL201900001474,ACC0008431,IND19003397,LN2019060001196,LDO20190000813,6,2019-12-15,04:56:48,1157.7,Debit,Completed,,Loan Payment - LN2019060001196,False,,0.01,,Automated,Personal Loan,standard_payment,False,loan_payment_generator
TXNL201900001475,ACC0009243,IND19016435,LN2019060001199,LDO20190000814,6,2019-12-14,04:58:44,1247.59,Debit,Completed,,Loan Payment - LN2019060001199,False,,1.59,,Automated,Home Loan,standard_payment,False,loan_payment_generator
TXNL201900001476,ACC0009595,IND19008595,LN2019060001202,LDO20190000815,6,2019-12-24,03:27:07,3943.48,Debit,Completed,,Loan Payment - LN2019060001202,False,,0.99,,Automated,Vehicle Loan,standard_payment,False,loan_payment_generator
TXNL201900001477,ACC0008421,IND19002733,LN2019060001210,LDO20190000816,6,2019-12-26,02:09:57,5576.2,Debit,Completed,,Loan Payment - LN2019060001210,False,,0.67,,Automated,Vehicle Loan,standard_payment,False,loan_payment_generator
TXNL201900001478,ACC0008839,IND19014890,LN2019060001215,LDO20190000817,6,2019-12-21,03:18:55,2018.47,Debit,Completed,,Loan Payment - LN2019060001215 - Late Fee,False,,0.28,,Automated,Personal Loan,late_payment,False,loan_payment_generator
TXNL201900001479,ACC0009800,IND19011990,LN2019060001222,LDO20190000366,6,2019-12-29,04:00:14,8040.54,Debit,Completed,,Loan Payment - LN2019060001222,False,,1.95,,Automated,Personal Loan,standard_payment,False,loan_payment_generator
TXNL201900001480,ACC0009389,IND19017085,LN2019060001243,LDO20190000818,5,2019-12-04,02:19:44,3133.86,Debit,Completed,,Loan Payment - LN2019060001243,False,,1.43,,Automated,Home Loan,standard_payment,False,loan_payment_generator
TXNL201900001481,ACC0009578,IND19014351,LN2019060001251,LDO20190000819,6,2019-12-29,02:16:37,613.23,Debit,Completed,,Loan Payment - LN2019060001251,False,,1.65,,Automated,Personal Loan,standard_payment,False,loan_payment_generator
TXNL201900001482,ACC0009350,IND19017205,LN2019060001253,LDO20190000820,5,2019-12-03,02:16:43,4418.14,Debit,Completed,,Loan Payment - LN2019060001253,False,,0.09,,Automated,Home Loan,standard_payment,False,loan_payment_generator
TXNL201900001483,ACC0009120,IND19001492,LN2019060001254,LDO20190000821,6,2019-12-13,02:44:42,4253.69,Debit,Completed,,Loan Payment - LN2019060001254,False,,1.62,,Automated,Vehicle Loan,standard_payment,False,loan_payment_generator
TXNL201900001484,ACC0008429,IND19011989,LN2019060001256,LDO20190000822,5,2019-12-02,02:39:37,1714.08,Debit,Completed,,Loan Payment - LN2019060001256,False,,1.89,,Automated,Home Loan,standard_payment,False,loan_payment_generator
TXNL201900001485,ACC0009013,IND19005800,LN2019060001258,LDO20190000823,5,2019-12-03,03:06:43,1019.71,Debit,Completed,,Loan Payment - LN2019060001258,False,,0.93,,Automated,Home Loan,standard_payment,False,loan_payment_generator
TXNL201900001486,ACC0008848,IND19016618,LN2019060001261,LDO20190000173,5,2019-12-05,02:53:48,7505.93,Debit,Completed,,Loan Payment - LN2019060001261,False,,1.85,,Automated,Home Loan,standard_payment,False,loan_payment_generator
TXNL201900001487,ACC0009793,IND19005101,LN2019060001265,LDO20190000367,6,2019-12-19,04:54:59,1373.34,Debit,Completed,,Loan Payment - LN2019060001265,False,,1.46,,Automated,Personal Loan,standard_payment,False,loan_payment_generator
TXNL201900001488,ACC0008509,IND19006891,LN2019060001271,LDO20190000368,5,2019-12-05,03:28:25,762.61,Debit,Completed,,Loan Payment - LN2019060001271,False,,1.54,,Automated,Home Loan,standard_payment,False,loan_payment_generator
TXNL201900001489,ACC0009750,IND19011527,LN2019060001272,LDO20190000824,5,2019-12-04,03:30:29,5798.11,Debit,Completed,,Loan Payment - LN2019060001272,False,,1.69,,Automated,Personal Loan,standard_payment,False,loan_payment_generator
TXNL201900001490,ACC0009588,IND19005992,LN2019060001275,LDO20190000825,6,2019-12-11,04:40:44,1719.42,Debit,Completed,,Loan Payment - LN2019060001275,False,,1.43,,Automated,Home Loan,standard_payment,False,loan_payment_generator
TXNL201900001491,ACC0009435,IND19009724,LN2019060001288,LDO20190000826,5,2019-12-05,03:30:56,1290.41,Debit,Failed,account_blocked,Loan Payment - LN2019060001288,False,,0.79,,Automated,Home Loan,standard_payment,False,loan_payment_generator
TXNL201900001492,ACC0009784,IND19004593,LN2019060001289,LDO20190000174,6,2019-12-18,04:07:04,895.53,Debit,Completed,,Loan Payment - LN2019060001289,False,,0.58,,Automated,Home Loan,standard_payment,False,loan_payment_generator
TXNL201900001493,ACC0008847,IND19016618,LN2019060001293,LDO20190000827,5,2019-12-06,03:11:51,3987.72,Debit,Completed,,Loan Payment - LN2019060001293,False,,0.1,,Automated,Home Loan,standard_payment,False,loan_payment_generator
TXNL201900001494,ACC0009878,COM19000156,LN2019060001295,LDO20190000828,6,2019-12-23,02:52:58,3805.79,Debit,Completed,,Loan Payment - LN2019060001295,False,,1.23,,Automated,Business Loan,standard_payment,False,loan_payment_generator
TXNL201900001495,ACC0008539,IND19011613,LN2019060001297,LDO20190000829,6,2019-12-17,03:26:44,121.86,Debit,Completed,,Loan Payment - LN2019060001297 - Partial,False,,1.09,,Automated,Home Loan,partial_payment,False,loan_payment_generator
TXNL201900001496,ACC0008517,IND19011991,LN2019060001300,LDO20190000830,6,2019-12-14,04:02:25,5184.46,Debit,Completed,,Loan Payment - LN2019060001300,False,,0.06,,Automated,Home Loan,standard_payment,False,loan_payment_generator
TXNL201900001497,ACC0008633,IND19012853,LN2019060001311,LDO20190000027,6,2019-12-25,04:15:30,1454.15,Debit,Completed,,Loan Payment - LN2019060001311,False,,0.55,,Automated,Home Loan,standard_payment,False,loan_payment_generator
TXNL201900001498,ACC0008777,IND19004547,LN2019060001319,LDO20190000003,6,2019-12-28,03:56:41,3298.26,Debit,Completed,,Loan Payment - LN2019060001319,False,,0.09,,Automated,Vehicle Loan,standard_payment,False,loan_payment_generator
TXNL201900001499,ACC0008591,IND19004250,LN2019060001324,LDO20190000175,6,2019-12-20,04:45:19,3066.19,Debit,Completed,,Loan Payment - LN2019060001324,False,,0.67,,Automated,Home Loan,standard_payment,False,loan_payment_generator
TXNL201900001500,ACC0009323,IND19000379,LN2019060001333,LDO20190000081,6,2019-12-28,03:03:10,4317.19,Debit,Completed,,Loan Payment - LN2019060001333 - Extra Principal,False,,0.27,,Automated,Personal Loan,extra_payment,False,loan_payment_generator
TXNL201900001501,ACC0008801,IND19011682,LN2019060001340,LDO20190000369,6,2019-12-23,02:28:18,7025.73,Debit,Completed,,Loan Payment - LN2019060001340,False,,0.6,,Automated,Personal Loan,standard_payment,False,loan_payment_generator
TXNL201900001502,ACC0009005,IND19016600,LN2019060001346,LDO20190000831,6,2019-12-26,04:40:45,920.24,Debit,Completed,,Loan Payment - LN2019060001346,False,,1.59,,Automated,Personal Loan,standard_payment,False,loan_payment_generator
TXNL201900001503,ACC0008364,IND19001972,LN2019060001350,LDO20190000832,6,2019-12-20,04:41:39,378.02,Debit,Failed,account_blocked,Loan Payment - LN2019060001350,False,,0.39,,Automated,Home Loan,standard_payment,False,loan_payment_generator
TXNL201900001504,ACC0009537,IND19000621,LN2019060001354,LDO20190000833,6,2019-12-27,04:37:56,2460.46,Debit,Failed,bank_timeout,Loan Payment - LN2019060001354,False,,0.36,,Automated,Vehicle Loan,standard_payment,False,loan_payment_generator
TXNL201900001505,ACC0009864,COM19000031,LN2019060001355,LDO20190000834,5,2019-12-05,03:33:47,34385.63,Debit,Completed,,Loan Payment - LN2019060001355,False,,1.02,,Automated,Business Loan,standard_payment,False,loan_payment_generator
TXNL201900001506,ACC0009876,COM19000179,LN2019060001358,LDO20190000835,6,2019-12-13,04:06:12,4222.03,Debit,Failed,account_blocked,Loan Payment - LN2019060001358 - Partial,False,,0.9,,Automated,Business Loan,partial_payment,False,loan_payment_generator
TXNL201900001507,ACC0008363,IND19001972,LN2019060001360,LDO20190000370,6,2019-12-08,03:05:16,2349.9,Debit,Completed,,Loan Payment - LN2019060001360,False,,0.03,,Automated,Home Loan,standard_payment,False,loan_payment_generator
TXNL201900001508,ACC0009765,IND19008546,LN2019060001366,LDO20190000836,5,2019-12-03,03:19:58,1144.62,Debit,Completed,,Loan Payment - LN2019060001366,False,,0.59,,Automated,Vehicle Loan,standard_payment,False,loan_payment_generator
TXNL201900001509,ACC0008582,IND19004596,LN2019060001367,LDO20190000837,6,2019-12-11,02:52:32,1178.15,Debit,Completed,,Loan Payment - LN2019060001367 - Partial,False,,1.96,,Automated,Home Loan,partial_payment,False,loan_payment_generator
TXNL201900001510,ACC0008970,IND19006621,LN2019060001371,LDO20190000838,6,2019-12-09,04:51:31,833.72,Debit,Completed,,Loan Payment - LN2019060001371,False,,0.61,,Automated,Home Loan,standard_payment,False,loan_payment_generator
TXNL201900001511,ACC0008677,IND19008421,LN2019060001372,LDO20190000839,6,2019-12-24,03:58:25,1099.02,Debit,Completed,,Loan Payment - LN2019060001372,False,,0.28,,Automated,Home Loan,standard_payment,False,loan_payment_generator
TXNL201900001512,ACC0008927,IND19017680,LN2019060001381,LDO20190000840,6,2019-12-09,02:17:19,1146.57,Debit,Completed,,Loan Payment - LN2019060001381,False,,0.47,,Automated,Home Loan,standard_payment,False,loan_payment_generator
TXNL201900001513,ACC0009482,IND19001690,LN2019060001390,LDO20190000841,6,2019-12-10,03:33:49,1377.27,Debit,Completed,,Loan Payment - LN2019060001390,False,,0.75,,Automated,Vehicle Loan,standard_payment,False,loan_payment_generator
TXNL201900001514,ACC0009835,IND19003483,LN2019060001391,LDO20190000082,6,2019-12-26,04:53:09,2311.75,Debit,Completed,,Loan Payment - LN2019060001391,False,,1.08,,Automated,Home Loan,standard_payment,False,loan_payment_generator
TXNL201900001515,ACC0008624,IND19014911,LN2019060001394,LDO20190000371,5,2019-12-03,04:29:23,4255.51,Debit,Completed,,Loan Payment - LN2019060001394,False,,1.74,,Automated,Vehicle Loan,standard_payment,False,loan_payment_generator
TXNL201900001516,ACC0009391,IND19010476,LN2019060001395,LDO20190000372,6,2019-12-18,04:04:45,2167.07,Debit,Completed,,Loan Payment - LN2019060001395,False,,0.54,,Automated,Vehicle Loan,standard_payment,False,loan_payment_generator
TXNL201900001517,ACC0009768,IND19015618,LN2019060001398,LDO20190000373,6,2019-12-17,02:29:46,2302.97,Debit,Completed,,Loan Payment - LN2019060001398,False,,1.61,,Automated,Vehicle Loan,standard_payment,False,loan_payment_generator
TXNL201900001518,ACC0009780,IND19017567,LN2019060001410,LDO20190000374,6,2019-12-13,04:40:31,1098.68,Debit,Completed,,Loan Payment - LN2019060001410,False,,0.1,,Automated,Personal Loan,standard_payment,False,loan_payment_generator
TXNL201900001519,ACC0009669,IND19008837,LN2019060001411,LDO20190000842,6,2019-12-25,04:30:01,1040.19,Debit,Failed,mandate_limit,Loan Payment - LN2019060001411,False,,1.02,,Automated,Personal Loan,standard_payment,False,loan_payment_generator
TXNL201900001520,ACC0008449,IND19013817,LN2019060001415,LDO20190000176,6,2019-12-08,03:59:57,2647.0,Debit,Completed,,Loan Payment - LN2019060001415,False,,1.18,,Automated,Vehicle Loan,standard_payment,False,loan_payment_generator
TXNL201900001521,ACC0009879,COM19000006,LN2019060001419,LDO20190000843,6,2019-12-22,04:19:45,2299.96,Debit,Completed,,Loan Payment - LN2019060001419,False,,0.95,,Automated,Business Loan,standard_payment,False,loan_payment_generator
TXNL201900001522,ACC0008785,IND19001088,LN2019060001423,LDO20190000844,6,2019-12-28,02:14:42,3799.02,Debit,Completed,,Loan Payment - LN2019060001423,False,,0.88,,Automated,Personal Loan,standard_payment,False,loan_payment_generator
TXNL201900001523,ACC0008765,IND19008734,LN2019060001424,LDO20190000177,6,2019-12-13,03:47:22,1009.25,Debit,Completed,,Loan Payment - LN2019060001424,False,,1.97,,Automated,Vehicle Loan,standard_payment,False,loan_payment_generator
TXNL201900001524,ACC0009063,IND19004975,LN2019060001425,LDO20190000845,6,2019-12-18,02:47:18,1509.18,Debit,Failed,mandate_limit,Loan Payment - LN2019060001425,False,,1.8,,Automated,Home Loan,standard_payment,False,loan_payment_generator
TXNL201900001525,ACC0009052,IND19009382,LN2019060001426,LDO20190000846,6,2019-12-22,04:24:09,1872.56,Debit,Completed,,Loan Payment - LN2019060001426,False,,1.56,,Automated,Personal Loan,standard_payment,False,loan_payment_generator
TXNL201900001526,ACC0008695,IND19002789,LN2019060001430,LDO20190000375,5,2019-12-01,03:16:36,1801.01,Debit,Completed,,Loan Payment - LN2019060001430,False,,1.29,,Automated,Personal Loan,standard_payment,False,loan_payment_generator
TXNL201900001527,ACC0009157,IND19010093,LN2019060001436,LDO20190000847,5,2019-12-04,03:10:15,2681.87,Debit,Completed,,Loan Payment - LN2019060001436 - Extra Principal,False,,0.87,,Automated,Personal Loan,extra_payment,False,loan_payment_generator
TXNL201900001528,ACC0009693,IND19006845,LN2019060001437,LDO20190000376,6,2019-12-18,03:58:05,1450.94,Debit,Completed,,Loan Payment - LN2019060001437,False,,0.96,,Automated,Home Loan,standard_payment,False,loan_payment_generator
TXNL201900001529,ACC0009051,IND19013867,LN2019060001441,LDO20190000377,6,2019-12-25,02:22:03,1508.2,Debit,Completed,,Loan Payment - LN2019060001441,False,,0.63,,Automated,Home Loan,standard_payment,False,loan_payment_generator
TXNL201900001530,ACC0008946,IND19005810,LN2019060001444,LDO20190000378,6,2019-12-27,04:34:11,1048.99,Debit,Completed,,Loan Payment - LN2019060001444,False,,1.84,,Automated,Personal Loan,standard_payment,False,loan_payment_generator
TXNL201900001531,ACC0009564,IND19012500,LN2019060001455,LDO20190000848,6,2019-12-16,03:06:05,953.18,Debit,Completed,,Loan Payment - LN2019060001455,False,,1.24,,Automated,Vehicle Loan,standard_payment,False,loan_payment_generator
TXNL201900001532,ACC0008713,IND19006436,LN2019060001456,LDO20190000178,5,2019-12-05,03:13:23,1958.38,Debit,Completed,,Loan Payment - LN2019060001456,False,,1.23,,Automated,Home Loan,standard_payment,False,loan_payment_generator
TXNL201900001533,ACC0010154,IND19001032,LN2019070000001,LDO20190000849,4,2019-12-06,04:50:34,8720.33,Debit,Cancelled,customer_stop_instruction,Loan Payment - LN2019070000001,False,,1.21,,Automated,Personal Loan,standard_payment,False,loan_payment_generator
TXNL201900001534,ACC0010306,IND19001943,LN2019070000006,LDO20190000179,5,2019-12-17,02:14:49,4981.67,Debit,Completed,,Loan Payment - LN2019070000006 - Late Fee,False,,1.23,,Automated,Personal Loan,late_payment,False,loan_payment_generator
TXNL201900001535,ACC0011256,IND19009318,LN2019070000014,LDO20190000850,4,2019-12-01,04:31:07,1122.6,Debit,Completed,,Loan Payment - LN2019070000014,False,,1.64,,Automated,Home Loan,standard_payment,False,loan_payment_generator
TXNL201900001536,ACC0011282,COM19000216,LN2019070000017,LDO20190000180,5,2019-12-27,03:41:42,6732.44,Debit,Completed,,Loan Payment - LN2019070000017,False,,1.2,,Automated,Business Loan,standard_payment,False,loan_payment_generator
TXNL201900001537,ACC0010031,IND19005333,LN2019070000018,LDO20190000379,5,2019-12-20,02:45:42,2264.07,Debit,Completed,,Loan Payment - LN2019070000018,False,,0.19,,Automated,Home Loan,standard_payment,False,loan_payment_generator
TXNL201900001538,ACC0010436,IND19011436,LN2019070000020,LDO20190000851,4,2019-12-01,03:23:42,1075.23,Debit,Completed,,Loan Payment - LN2019070000020,False,,0.58,,Automated,Home Loan,standard_payment,False,loan_payment_generator
TXNL201900001539,ACC0010358,IND19012978,LN2019070000022,LDO20190000852,5,2019-12-11,02:05:50,2305.82,Debit,Completed,,Loan Payment - LN2019070000022,False,,1.43,,Automated,Home Loan,standard_payment,False,loan_payment_generator
TXNL201900001540,ACC0010269,IND19007616,LN2019070000030,LDO20190000853,5,2019-12-16,02:36:48,1585.79,Debit,Completed,,Loan Payment - LN2019070000030,False,,0.23,,Automated,Home Loan,standard_payment,False,loan_payment_generator
TXNL201900001541,ACC0011194,IND19005453,LN2019070000042,LDO20190000380,5,2019-12-22,04:40:20,1110.91,Debit,Completed,,Loan Payment - LN2019070000042,False,,0.3,,Automated,Home Loan,standard_payment,False,loan_payment_generator
TXNL201900001542,ACC0010189,IND19001952,LN2019070000048,LDO20190000381,5,2019-12-27,03:57:12,2675.67,Debit,Completed,,Loan Payment - LN2019070000048 - Late Fee,False,,1.26,,Automated,Vehicle Loan,late_payment,False,loan_payment_generator
TXNL201900001543,ACC0010720,IND19011255,LN2019070000052,LDO20190000382,5,2019-12-26,04:20:28,2608.22,Debit,Completed,,Loan Payment - LN2019070000052,False,,0.38,,Automated,Home Loan,standard_payment,False,loan_payment_generator
TXNL201900001544,ACC0010698,IND19004302,LN2019070000056,LDO20190000383,5,2019-12-30,03:25:21,1969.95,Debit,Completed,,Loan Payment - LN2019070000056,False,,1.8,,Automated,Home Loan,standard_payment,False,loan_payment_generator
TXNL201900001545,ACC0010922,IND19012101,LN2019070000058,LDO20190000384,5,2019-12-22,03:15:24,14396.5,Debit,Completed,,Loan Payment - LN2019070000058,False,,1.84,,Automated,Personal Loan,standard_payment,False,loan_payment_generator
TXNL201900001546,ACC0010859,IND19011750,LN2019070000063,LDO20190000385,5,2019-12-21,03:48:54,2767.01,Debit,Completed,,Loan Payment - LN2019070000063,False,,0.33,,Automated,Personal Loan,standard_payment,False,loan_payment_generator
TXNL201900001547,ACC0009912,IND19015470,LN2019070000068,LDO20190000083,5,2019-12-24,03:12:57,1533.12,Debit,Completed,,Loan Payment - LN2019070000068,False,,1.8,,Automated,Vehicle Loan,standard_payment,False,loan_payment_generator
TXNL201900001548,ACC0010198,IND19004108,LN2019070000069,LDO20190000854,4,2019-12-08,03:11:23,4788.8,Debit,Completed,,Loan Payment - LN2019070000069,False,,1.14,,Automated,Personal Loan,standard_payment,False,loan_payment_generator
TXNL201900001549,ACC0010951,IND19014995,LN2019070000073,LDO20190000855,5,2019-12-10,02:56:25,2312.5,Debit,Completed,,Loan Payment - LN2019070000073,False,,1.18,,Automated,Home Loan,standard_payment,False,loan_payment_generator
TXNL201900001550,ACC0010067,IND19014341,LN2019070000077,LDO20190000386,5,2019-12-31,02:07:56,2755.88,Debit,Completed,,Loan Payment - LN2019070000077 - Extra Principal,False,,0.27,,Automated,Home Loan,extra_payment,False,loan_payment_generator
TXNL201900001551,ACC0010330,IND19011323,LN2019070000085,LDO20190000856,5,2019-12-25,03:10:24,3481.21,Debit,Completed,,Loan Payment - LN2019070000085,False,,1.77,,Automated,Home Loan,standard_payment,False,loan_payment_generator
TXNL201900001552,ACC0011113,IND19013275,LN2019070000093,LDO20190000857,5,2019-12-20,03:09:26,2566.39,Debit,Completed,,Loan Payment - LN2019070000093,False,,1.87,,Automated,Home Loan,standard_payment,False,loan_payment_generator
TXNL201900001553,ACC0010368,IND19006224,LN2019070000096,LDO20190000858,4,2019-12-08,03:39:17,3116.98,Debit,Completed,,Loan Payment - LN2019070000096,False,,1.11,,Automated,Home Loan,standard_payment,False,loan_payment_generator
TXNL201900001554,ACC0011073,IND19006699,LN2019070000097,LDO20190000859,5,2019-12-23,02:58:58,6388.78,Debit,Completed,,Loan Payment - LN2019070000097,False,,0.73,,Automated,Home Loan,standard_payment,False,loan_payment_generator
TXNL201900001555,ACC0010211,IND19004468,LN2019070000101,LDO20190000860,4,2019-12-08,02:57:02,1528.65,Debit,Completed,,Loan Payment - LN2019070000101,False,,0.67,,Automated,Home Loan,standard_payment,False,loan_payment_generator
TXNL201900001556,ACC0010800,IND19004493,LN2019070000107,LDO20190000387,5,2019-12-20,03:51:11,2165.05,Debit,Completed,,Loan Payment - LN2019070000107,False,,1.1,,Automated,Vehicle Loan,standard_payment,False,loan_payment_generator
TXNL201900001557,ACC0010571,IND19012333,LN2019070000108,LDO20190000181,5,2019-12-30,02:53:22,1284.49,Debit,Completed,,Loan Payment - LN2019070000108,False,,0.21,,Automated,Vehicle Loan,standard_payment,False,loan_payment_generator
TXNL201900001558,ACC0010173,IND19001965,LN2019070000109,LDO20190000182,4,2019-12-02,03:36:56,1852.26,Debit,Cancelled,customer_stop_instruction,Loan Payment - LN2019070000109,False,,1.06,,Automated,Personal Loan,standard_payment,False,loan_payment_generator
TXNL201900001559,ACC0011233,IND19015868,LN2019070000128,LDO20190000861,5,2019-12-27,03:40:42,1929.98,Debit,Completed,,Loan Payment - LN2019070000128,False,,1.52,,Automated,Personal Loan,standard_payment,False,loan_payment_generator
TXNL201900001560,ACC0010186,IND19003972,LN2019070000130,LDO20190000862,5,2019-12-08,02:39:05,3281.58,Debit,Completed,,Loan Payment - LN2019070000130,False,,0.83,,Automated,Vehicle Loan,standard_payment,False,loan_payment_generator
TXNL201900001561,ACC0011036,IND19008491,LN2019070000135,LDO20190000388,4,2019-12-02,04:32:33,1173.95,Debit,Completed,,Loan Payment - LN2019070000135,False,,1.41,,Automated,Personal Loan,standard_payment,False,loan_payment_generator
TXNL201900001562,ACC0010601,IND19015607,LN2019070000140,LDO20190000183,5,2019-12-13,04:22:39,2706.85,Debit,Completed,,Loan Payment - LN2019070000140,False,,1.45,,Automated,Vehicle Loan,standard_payment,False,loan_payment_generator
TXNL201900001563,ACC0009957,IND19008489,LN2019070000144,LDO20190000184,5,2019-12-18,03:11:25,3464.44,Debit,Completed,,Loan Payment - LN2019070000144,False,,0.48,,Automated,Home Loan,standard_payment,False,loan_payment_generator
TXNL201900001564,ACC0010548,IND19016283,LN2019070000149,LDO20190000863,4,2019-12-02,02:09:16,1801.32,Debit,Completed,,Loan Payment - LN2019070000149,False,,0.36,,Automated,Vehicle Loan,standard_payment,False,loan_payment_generator
TXNL201900001565,ACC0010320,IND19011114,LN2019070000150,LDO20190000864,5,2019-12-30,03:12:54,3166.99,Debit,Cancelled,customer_stop_instruction,Loan Payment - LN2019070000150 - Late Fee,False,,1.01,,Automated,Vehicle Loan,late_payment,False,loan_payment_generator
TXNL201900001566,ACC0011014,IND19006060,LN2019070000157,LDO20190000389,4,2019-12-05,04:31:54,3321.48,Debit,Completed,,Loan Payment - LN2019070000157,False,,1.72,,Automated,Personal Loan,standard_payment,False,loan_payment_generator
TXNL201900001567,ACC0011050,IND19012644,LN2019070000164,LDO20190000865,5,2019-12-29,04:09:46,14785.53,Debit,Completed,,Loan Payment - LN2019070000164,False,,1.3,,Automated,Personal Loan,standard_payment,False,loan_payment_generator
TXNL201900001568,ACC0010906,IND19001776,LN2019070000165,LDO20190000866,4,2019-12-03,03:44:17,1175.49,Debit,Failed,mandate_limit,Loan Payment - LN2019070000165,False,,1.2,,Automated,Home Loan,standard_payment,False,loan_payment_generator
TXNL201900001569,ACC0010685,IND19015099,LN2019070000166,LDO20190000185,4,2019-12-05,03:39:57,3592.47,Debit,Completed,,Loan Payment - LN2019070000166,False,,0.2,,Automated,Vehicle Loan,standard_payment,False,loan_payment_generator
TXNL201900001570,ACC0010261,IND19005180,LN2019070000167,LDO20190000390,5,2019-12-25,02:54:59,5479.03,Debit,Completed,,Loan Payment - LN2019070000167,False,,0.31,,Automated,Personal Loan,standard_payment,False,loan_payment_generator
TXNL201900001571,ACC0010636,IND19009538,LN2019070000171,LDO20190000391,5,2019-12-16,04:17:59,2211.21,Debit,Completed,,Loan Payment - LN2019070000171,False,,0.97,,Automated,Home Loan,standard_payment,False,loan_payment_generator
TXNL201900001572,ACC0010143,IND19005667,LN2019070000174,LDO20190000392,4,2019-12-04,03:34:45,1608.76,Debit,Completed,,Loan Payment - LN2019070000174,False,,1.08,,Automated,Home Loan,standard_payment,False,loan_payment_generator
TXNL201900001573,ACC0010904,IND19005848,LN2019070000181,LDO20190000028,5,2019-12-30,02:59:25,2472.71,Debit,Completed,,Loan Payment - LN2019070000181,False,,0.73,,Automated,Vehicle Loan,standard_payment,False,loan_payment_generator
TXNL201900001574,ACC0010134,IND19007321,LN2019070000189,LDO20190000393,5,2019-12-27,03:38:10,3214.85,Debit,Completed,,Loan Payment - LN2019070000189,False,,1.11,,Automated,Personal Loan,standard_payment,False,loan_payment_generator
TXNL201900001575,ACC0010291,IND19007161,LN2019070000206,LDO20190000394,5,2019-12-16,02:57:41,441.54,Debit,Completed,,Loan Payment - LN2019070000206,False,,1.87,,Automated,Home Loan,standard_payment,False,loan_payment_generator
TXNL201900001576,ACC0010850,IND19010480,LN2019070000208,LDO20190000395,5,2019-12-14,02:35:35,7959.86,Debit,Completed,,Loan Payment - LN2019070000208,False,,0.03,,Automated,Personal Loan,standard_payment,False,loan_payment_generator
TXNL201900001577,ACC0011165,IND19012521,LN2019070000214,LDO20190000868,4,2019-12-08,03:31:46,5442.49,Debit,Completed,,Loan Payment - LN2019070000214,False,,0.5,,Automated,Personal Loan,standard_payment,False,loan_payment_generator
TXNL201900001578,ACC0011235,IND19001576,LN2019070000215,LDO20190000015,5,2019-12-11,02:58:23,2330.37,Debit,Completed,,Loan Payment - LN2019070000215,False,,0.78,,Automated,Home Loan,standard_payment,False,loan_payment_generator
TXNL201900001579,ACC0011226,IND19010790,LN2019070000221,LDO20190000869,5,2019-12-07,04:52:34,2287.06,Debit,Completed,,Loan Payment - LN2019070000221,False,,0.72,,Automated,Vehicle Loan,standard_payment,False,loan_payment_generator
TXNL201900001580,ACC0011061,IND19012586,LN2019070000228,LDO20190000870,4,2019-12-01,02:27:53,14052.62,Debit,Completed,,Loan Payment - LN2019070000228,False,,1.53,,Automated,Personal Loan,standard_payment,False,loan_payment_generator
TXNL201900001581,ACC0011126,IND19006577,LN2019070000242,LDO20190000871,5,2019-12-16,02:07:49,3285.63,Debit,Completed,,Loan Payment - LN2019070000242,False,,1.37,,Automated,Vehicle Loan,standard_payment,False,loan_payment_generator
TXNL201900001582,ACC0010845,IND19008329,LN2019070000250,LDO20190000396,5,2019-12-28,02:47:18,6885.73,Debit,Completed,,Loan Payment - LN2019070000250,False,,0.65,,Automated,Personal Loan,standard_payment,False,loan_payment_generator
TXNL201900001583,ACC0010705,IND19012417,LN2019070000251,LDO20190000872,5,2019-12-26,02:04:36,3615.13,Debit,Completed,,Loan Payment - LN2019070000251,False,,0.42,,Automated,Vehicle Loan,standard_payment,False,loan_payment_generator
TXNL201900001584,ACC0010300,IND19004941,LN2019070000261,LDO20190000397,5,2019-12-29,03:28:36,1225.67,Debit,Completed,,Loan Payment - LN2019070000261 - Partial,False,,0.62,,Automated,Home Loan,partial_payment,False,loan_payment_generator
TXNL201900001585,ACC0010842,IND19008456,LN2019070000269,LDO20190000029,4,2019-12-05,04:20:20,3501.44,Debit,Completed,,Loan Payment - LN2019070000269,False,,0.53,,Automated,Home Loan,standard_payment,False,loan_payment_generator
TXNL201900001586,ACC0011117,IND19014269,LN2019070000276,LDO20190000873,5,2019-12-23,04:57:37,2602.15,Debit,Completed,,Loan Payment - LN2019070000276,False,,0.04,,Automated,Home Loan,standard_payment,False,loan_payment_generator
TXNL201900001587,ACC0010857,IND19015399,LN2019070000286,LDO20190000874,5,2019-12-19,04:02:03,2165.59,Debit,Completed,,Loan Payment - LN2019070000286,False,,0.9,,Automated,Personal Loan,standard_payment,False,loan_payment_generator
TXNL201900001588,ACC0009886,IND19007818,LN2019070000294,LDO20190000186,4,2019-12-03,03:17:24,4006.73,Debit,Completed,,Loan Payment - LN2019070000294,False,,0.96,,Automated,Home Loan,standard_payment,False,loan_payment_generator
TXNL201900001589,ACC0010026,IND19011639,LN2019070000296,LDO20190000187,5,2019-12-21,02:17:28,2072.92,Debit,Failed,mandate_limit,Loan Payment - LN2019070000296,False,,1.6,,Automated,Home Loan,standard_payment,False,loan_payment_generator
TXNL201900001590,ACC0010641,IND19007872,LN2019070000310,LDO20190000875,5,2019-12-27,02:15:33,1326.84,Debit,Completed,,Loan Payment - LN2019070000310,False,,1.37,,Automated,Personal Loan,standard_payment,False,loan_payment_generator
TXNL201900001591,ACC0010483,IND19000691,LN2019070000312,LDO20190000030,4,2019-12-04,04:19:22,908.22,Debit,Completed,,Loan Payment - LN2019070000312,False,,0.14,,Automated,Home Loan,standard_payment,False,loan_payment_generator
TXNL201900001592,ACC0011145,IND19001902,LN2019070000316,LDO20190000398,5,2019-12-29,03:11:07,1275.63,Debit,Completed,,Loan Payment - LN2019070000316,False,,1.96,,Automated,Home Loan,standard_payment,False,loan_payment_generator
TXNL201900001593,ACC0010595,IND19012613,LN2019070000317,LDO20190000399,5,2019-12-28,04:29:38,2808.24,Debit,Completed,,Loan Payment - LN2019070000317,False,,1.29,,Automated,Vehicle Loan,standard_payment,False,loan_payment_generator
TXNL201900001594,ACC0010374,IND19014496,LN2019070000318,LDO20190000876,5,2019-12-19,04:17:48,3958.48,Debit,Completed,,Loan Payment - LN2019070000318,False,,0.92,,Automated,Home Loan,standard_payment,False,loan_payment_generator
TXNL201900001595,ACC0011204,IND19012969,LN2019070000319,LDO20190000877,5,2019-12-04,04:12:02,6210.7,Debit,Completed,,Loan Payment - LN2019070000319,False,,0.31,,Automated,Home Loan,standard_payment,False,loan_payment_generator
TXNL201900001596,ACC0010127,IND19010478,LN2019070000320,LDO20190000878,5,2019-12-22,04:00:01,756.74,Debit,Completed,,Loan Payment - LN2019070000320,False,,1.53,,Automated,Home Loan,standard_payment,False,loan_payment_generator
TXNL201900001597,ACC0011039,IND19000778,LN2019070000321,LDO20190000084,4,2019-12-07,04:29:54,3413.89,Debit,Completed,,Loan Payment - LN2019070000321,False,,1.38,,Automated,Home Loan,standard_payment,False,loan_payment_generator
TXNL201900001598,ACC0010990,IND19014332,LN2019070000323,LDO20190000879,5,2019-12-17,02:54:11,1197.48,Debit,Completed,,Loan Payment - LN2019070000323,False,,0.18,,Automated,Personal Loan,standard_payment,False,loan_payment_generator
TXNL201900001599,ACC0010537,IND19003127,LN2019070000332,LDO20190000188,5,2019-12-30,02:16:35,692.73,Debit,Completed,,Loan Payment - LN2019070000332,False,,1.09,,Automated,Home Loan,standard_payment,False,loan_payment_generator
TXNL201900001600,ACC0010831,IND19003672,LN2019070000333,LDO20190000880,5,2019-12-28,03:09:43,1869.07,Debit,Completed,,Loan Payment - LN2019070000333,False,,0.87,,Automated,Vehicle Loan,standard_payment,False,loan_payment_generator
TXNL201900001601,ACC0010099,IND19003327,LN2019070000340,LDO20190000881,5,2019-12-30,04:40:44,319.37,Debit,Completed,,Loan Payment - LN2019070000340 - Partial,False,,1.64,,Automated,Personal Loan,partial_payment,False,loan_payment_generator
TXNL201900001602,ACC0010942,IND19014294,LN2019070000342,LDO20190000189,5,2019-12-30,02:03:08,6123.56,Debit,Completed,,Loan Payment - LN2019070000342,False,,1.16,,Automated,Personal Loan,standard_payment,False,loan_payment_generator
TXNL201900001603,ACC0011198,IND19003048,LN2019070000353,LDO20190000882,5,2019-12-13,03:24:35,2588.64,Debit,Completed,,Loan Payment - LN2019070000353,False,,1.46,,Automated,Home Loan,standard_payment,False,loan_payment_generator
TXNL201900001604,ACC0010275,IND19007011,LN2019070000354,LDO20190000031,5,2019-12-15,02:55:22,1583.04,Debit,Completed,,Loan Payment - LN2019070000354,False,,0.55,,Automated,Home Loan,standard_payment,False,loan_payment_generator
TXNL201900001605,ACC0009926,IND19008368,LN2019070000371,LDO20190000883,5,2019-12-16,04:51:37,2584.02,Debit,Completed,,Loan Payment - LN2019070000371,False,,0.33,,Automated,Vehicle Loan,standard_payment,False,loan_payment_generator
TXNL201900001606,ACC0010840,IND19007896,LN2019070000375,LDO20190000400,5,2019-12-21,03:44:33,4321.06,Debit,Completed,,Loan Payment - LN2019070000375,False,,0.13,,Automated,Vehicle Loan,standard_payment,False,loan_payment_generator
TXNL201900001607,ACC0010120,IND19001278,LN2019070000383,LDO20190000085,5,2019-12-19,04:14:55,2110.51,Debit,Completed,,Loan Payment - LN2019070000383,False,,1.48,,Automated,Personal Loan,standard_payment,False,loan_payment_generator
TXNL201900001608,ACC0009906,IND19002371,LN2019070000390,LDO20190000086,5,2019-12-28,03:56:14,2484.17,Debit,Completed,,Loan Payment - LN2019070000390,False,,0.62,,Automated,Personal Loan,standard_payment,False,loan_payment_generator
TXNL201900001609,ACC0010745,IND19011691,LN2019070000414,LDO20190000884,5,2019-12-24,04:45:20,1547.71,Debit,Completed,,Loan Payment - LN2019070000414 - Late Fee,False,,0.79,,Automated,Vehicle Loan,late_payment,False,loan_payment_generator
TXNL201900001610,ACC0010115,IND19016405,LN2019070000424,LDO20190000885,5,2019-12-18,03:08:32,3538.61,Debit,Completed,,Loan Payment - LN2019070000424,False,,0.15,,Automated,Home Loan,standard_payment,False,loan_payment_generator
TXNL201900001611,ACC0010811,IND19002604,LN2019070000434,LDO20190000886,5,2019-12-10,02:33:27,1102.58,Debit,Completed,,Loan Payment - LN2019070000434,False,,0.7,,Automated,Home Loan,standard_payment,False,loan_payment_generator
TXNL201900001612,ACC0010479,IND19000504,LN2019070000437,LDO20190000887,4,2019-12-02,02:41:00,1221.45,Debit,Completed,,Loan Payment - LN2019070000437,False,,1.9,,Automated,Home Loan,standard_payment,False,loan_payment_generator
TXNL201900001613,ACC0009924,IND19009777,LN2019070000439,LDO20190000888,5,2019-12-13,02:25:09,3834.75,Debit,Completed,,Loan Payment - LN2019070000439,False,,0.54,,Automated,Personal Loan,standard_payment,False,loan_payment_generator
TXNL201900001614,ACC0010719,IND19011255,LN2019070000442,LDO20190000401,4,2019-12-01,03:50:44,1026.34,Debit,Completed,,Loan Payment - LN2019070000442,False,,0.43,,Automated,Home Loan,standard_payment,False,loan_payment_generator
TXNL201900001615,ACC0010510,IND19012405,LN2019070000452,LDO20190000889,5,2019-12-29,02:11:36,1687.52,Debit,Completed,,Loan Payment - LN2019070000452,False,,0.52,,Automated,Personal Loan,standard_payment,False,loan_payment_generator
TXNL201900001616,ACC0011281,COM19000182,LN2019070000453,LDO20190000890,5,2019-12-28,03:16:00,3756.72,Debit,Completed,,Loan Payment - LN2019070000453,False,,1.26,,Automated,Business Loan,standard_payment,False,loan_payment_generator
TXNL201900001617,ACC0010570,IND19011798,LN2019070000459,LDO20190000891,4,2019-12-05,04:04:37,3805.33,Debit,Completed,,Loan Payment - LN2019070000459 - Extra Principal,False,,0.04,,Automated,Vehicle Loan,extra_payment,False,loan_payment_generator
TXNL201900001618,ACC0010160,IND19012728,LN2019070000467,LDO20190000892,5,2019-12-21,02:56:50,6526.81,Debit,Completed,,Loan Payment - LN2019070000467,False,,0.52,,Automated,Personal Loan,standard_payment,False,loan_payment_generator
TXNL201900001619,ACC0010073,IND19013534,LN2019070000468,LDO20190000893,5,2019-12-20,02:41:16,1630.92,Debit,Completed,,Loan Payment - LN2019070000468,False,,1.07,,Automated,Home Loan,standard_payment,False,loan_payment_generator
TXNL201900001620,ACC0010790,IND19005032,LN2019070000469,LDO20190000894,5,2019-12-19,04:14:14,2997.81,Debit,Completed,,Loan Payment - LN2019070000469,False,,0.19,,Automated,Home Loan,standard_payment,False,loan_payment_generator
TXNL201900001621,ACC0011251,IND19004940,LN2019070000470,LDO20190000895,5,2019-12-15,03:23:16,957.16,Debit,Completed,,Loan Payment - LN2019070000470,False,,0.73,,Automated,Vehicle Loan,standard_payment,False,loan_payment_generator
TXNL201900001622,ACC0010181,IND19008409,LN2019070000477,LDO20190000402,5,2019-12-24,03:51:52,1167.13,Debit,Completed,,Loan Payment - LN2019070000477,False,,0.66,,Automated,Personal Loan,standard_payment,False,loan_payment_generator
TXNL201900001623,ACC0009991,IND19005253,LN2019070000479,LDO20190000896,5,2019-12-24,03:52:47,550.59,Debit,Completed,,Loan Payment - LN2019070000479,False,,1.42,,Automated,Home Loan,standard_payment,False,loan_payment_generator
TXNL201900001624,ACC0011013,IND19003821,LN2019070000490,LDO20190000032,5,2019-12-18,04:56:28,2718.21,Debit,Completed,,Loan Payment - LN2019070000490,False,,0.75,,Automated,Home Loan,standard_payment,False,loan_payment_generator
TXNL201900001625,ACC0011102,IND19009068,LN2019070000492,LDO20190000403,5,2019-12-23,02:47:31,3946.15,Debit,Completed,,Loan Payment - LN2019070000492,False,,1.06,,Automated,Home Loan,standard_payment,False,loan_payment_generator
TXNL201900001626,ACC0011245,IND19008983,LN2019070000500,LDO20190000404,4,2019-12-09,02:34:22,874.89,Debit,Completed,,Loan Payment - LN2019070000500,False,,1.49,,Automated,Home Loan,standard_payment,False,loan_payment_generator
TXNL201900001627,ACC0010522,IND19004142,LN2019070000501,LDO20190000087,5,2019-12-22,03:57:55,427.18,Debit,Completed,,Loan Payment - LN2019070000501,False,,1.72,,Automated,Home Loan,standard_payment,False,loan_payment_generator
TXNL201900001628,ACC0010923,IND19002816,LN2019070000506,LDO20190000897,4,2019-12-04,02:20:30,267.87,Debit,Completed,,Loan Payment - LN2019070000506,False,,1.53,,Automated,Home Loan,standard_payment,False,loan_payment_generator
TXNL201900001629,ACC0010405,IND19004977,LN2019070000510,LDO20190000033,4,2019-12-06,03:14:47,2150.85,Debit,Completed,,Loan Payment - LN2019070000510,False,,0.34,,Automated,Home Loan,standard_payment,False,loan_payment_generator
TXNL201900001630,ACC0010379,IND19009202,LN2019070000517,LDO20190000898,5,2019-12-27,04:43:52,1127.97,Debit,Completed,,Loan Payment - LN2019070000517,False,,0.58,,Automated,Personal Loan,standard_payment,False,loan_payment_generator
TXNL201900001631,ACC0011221,IND19004841,LN2019070000536,LDO20190000899,5,2019-12-23,02:28:05,2105.42,Debit,Completed,,Loan Payment - LN2019070000536,False,,0.45,,Automated,Vehicle Loan,standard_payment,False,loan_payment_generator
TXNL201900001632,ACC0010473,IND19002485,LN2019070000537,LDO20190000190,5,2019-12-14,03:00:39,4027.99,Debit,Completed,,Loan Payment - LN2019070000537,False,,0.41,,Automated,Personal Loan,standard_payment,False,loan_payment_generator
TXNL201900001633,ACC0010843,IND19008456,LN2019070000545,LDO20190000191,5,2019-12-25,03:51:01,1778.97,Debit,Completed,,Loan Payment - LN2019070000545 - Late Fee,False,,0.87,,Automated,Personal Loan,late_payment,False,loan_payment_generator
TXNL201900001634,ACC0010159,IND19000901,LN2019070000546,LDO20190000900,5,2019-12-17,02:29:30,339.96,Debit,Failed,insufficient_funds,Loan Payment - LN2019070000546 - Extra Principal,False,,0.52,,Automated,Home Loan,extra_payment,False,loan_payment_generator
TXNL201900001635,ACC0010225,IND19015856,LN2019070000552,LDO20190000901,5,2019-12-21,03:08:53,4791.75,Debit,Completed,,Loan Payment - LN2019070000552,False,,1.31,,Automated,Personal Loan,standard_payment,False,loan_payment_generator
TXNL201900001636,ACC0010617,IND19010181,LN2019070000571,LDO20190000088,5,2019-12-29,02:24:32,836.49,Debit,Completed,,Loan Payment - LN2019070000571,False,,0.54,,Automated,Home Loan,standard_payment,False,loan_payment_generator
TXNL201900001637,ACC0010830,IND19003672,LN2019070000575,LDO20190000902,5,2019-12-30,02:01:41,1310.65,Debit,Completed,,Loan Payment - LN2019070000575,False,,1.82,,Automated,Home Loan,standard_payment,False,loan_payment_generator
TXNL201900001638,ACC0010085,IND19004379,LN2019070000582,LDO20190000405,5,2019-12-10,03:23:18,801.74,Debit,Completed,,Loan Payment - LN2019070000582,False,,1.73,,Automated,Personal Loan,standard_payment,False,loan_payment_generator
TXNL201900001639,ACC0010049,IND19001533,LN2019070000589,LDO20190000903,5,2019-12-28,03:42:48,2595.76,Debit,Completed,,Loan Payment - LN2019070000589,False,,1.55,,Automated,Personal Loan,standard_payment,False,loan_payment_generator
TXNL201900001640,ACC0010978,IND19010934,LN2019070000591,LDO20190000904,4,2019-12-06,04:00:43,897.37,Debit,Completed,,Loan Payment - LN2019070000591,False,,0.1,,Automated,Home Loan,standard_payment,False,loan_payment_generator
TXNL201900001641,ACC0011269,COM19000047,LN2019070000624,LDO20190000406,5,2019-12-16,02:51:05,11045.05,Debit,Completed,,Loan Payment - LN2019070000624,False,,0.55,,Automated,Business Loan,standard_payment,False,loan_payment_generator
TXNL201900001642,ACC0010810,IND19000039,LN2019070000628,LDO20190000905,5,2019-12-29,03:23:57,1619.59,Debit,Completed,,Loan Payment - LN2019070000628,False,,1.28,,Automated,Vehicle Loan,standard_payment,False,loan_payment_generator
TXNL201900001643,ACC0010808,IND19005422,LN2019070000630,LDO20190000906,4,2019-12-07,04:41:33,1421.66,Debit,Completed,,Loan Payment - LN2019070000630,False,,1.67,,Automated,Personal Loan,standard_payment,False,loan_payment_generator
TXNL201900001644,ACC0010507,IND19002027,LN2019070000631,LDO20190000407,4,2019-12-08,02:33:33,2231.02,Debit,Completed,,Loan Payment - LN2019070000631,False,,0.85,,Automated,Home Loan,standard_payment,False,loan_payment_generator
TXNL201900001645,ACC0011078,IND19012587,LN2019070000637,LDO20190000907,4,2019-12-03,03:38:52,1441.7,Debit,Completed,,Loan Payment - LN2019070000637,False,,0.78,,Automated,Vehicle Loan,standard_payment,False,loan_payment_generator
TXNL201900001646,ACC0011178,IND19004500,LN2019070000639,LDO20190000408,4,2019-12-08,04:14:32,1789.98,Debit,Completed,,Loan Payment - LN2019070000639,False,,1.73,,Automated,Vehicle Loan,standard_payment,False,loan_payment_generator
TXNL201900001647,ACC0010821,IND19014353,LN2019070000642,LDO20190000089,5,2019-12-17,04:34:45,360.07,Debit,Completed,,Loan Payment - LN2019070000642,False,,0.03,,Automated,Home Loan,standard_payment,False,loan_payment_generator
TXNL201900001648,ACC0010911,IND19004857,LN2019070000648,LDO20190000908,5,2019-12-19,03:18:52,578.49,Debit,Completed,,Loan Payment - LN2019070000648,False,,1.31,,Automated,Home Loan,standard_payment,False,loan_payment_generator
TXNL201900001649,ACC0010805,IND19001742,LN2019070000656,LDO20190000909,5,2019-12-15,04:29:46,1517.4,Debit,Completed,,Loan Payment - LN2019070000656,False,,1.59,,Automated,Home Loan,standard_payment,False,loan_payment_generator
TXNL201900001650,ACC0011128,IND19014232,LN2019070000660,LDO20190000910,5,2019-12-19,02:17:52,2029.7,Debit,Completed,,Loan Payment - LN2019070000660,False,,1.19,,Automated,Vehicle Loan,standard_payment,False,loan_payment_generator
TXNL201900001651,ACC0009994,IND19014863,LN2019070000662,LDO20190000192,5,2019-12-21,04:24:44,1005.77,Debit,Completed,,Loan Payment - LN2019070000662,False,,1.81,,Automated,Home Loan,standard_payment,False,loan_payment_generator
TXNL201900001652,ACC0010801,IND19002300,LN2019070000665,LDO20190000911,5,2019-12-14,04:56:49,501.77,Debit,Completed,,Loan Payment - LN2019070000665,False,,0.2,,Automated,Home Loan,standard_payment,False,loan_payment_generator
TXNL201900001653,ACC0010290,IND19013881,LN2019070000667,LDO20190000193,5,2019-12-25,04:00:48,3396.26,Debit,Completed,,Loan Payment - LN2019070000667,False,,1.72,,Automated,Vehicle Loan,standard_payment,False,loan_payment_generator
TXNL201900001654,ACC0010303,IND19007636,LN2019070000709,LDO20190000194,5,2019-12-10,04:16:51,12042.45,Debit,Completed,,Loan Payment - LN2019070000709,False,,0.15,,Automated,Personal Loan,standard_payment,False,loan_payment_generator
TXNL201900001655,ACC0010015,IND19004209,LN2019070000718,LDO20190000912,5,2019-12-24,02:27:19,2114.44,Debit,Completed,,Loan Payment - LN2019070000718 - Extra Principal,False,,0.18,,Automated,Home Loan,extra_payment,False,loan_payment_generator
TXNL201900001656,ACC0011151,IND19004809,LN2019070000719,LDO20190000913,5,2019-12-12,02:26:13,1174.72,Debit,Completed,,Loan Payment - LN2019070000719,False,,1.15,,Automated,Vehicle Loan,standard_payment,False,loan_payment_generator
TXNL201900001657,ACC0009969,IND19015513,LN2019070000720,LDO20190000914,5,2019-12-20,04:34:46,564.84,Debit,Completed,,Loan Payment - LN2019070000720,False,,1.37,,Automated,Personal Loan,standard_payment,False,loan_payment_generator
TXNL201900001658,ACC0010746,IND19011691,LN2019070000722,LDO20190000409,5,2019-12-27,03:22:03,4020.49,Debit,Completed,,Loan Payment - LN2019070000722,False,,1.46,,Automated,Home Loan,standard_payment,False,loan_payment_generator
TXNL201900001659,ACC0010520,IND19001812,LN2019070000723,LDO20190000410,4,2019-12-03,03:37:22,2150.31,Debit,Completed,,Loan Payment - LN2019070000723,False,,1.14,,Automated,Personal Loan,standard_payment,False,loan_payment_generator
TXNL201900001660,ACC0010674,IND19012200,LN2019070000730,LDO20190000915,5,2019-12-15,03:05:52,2091.82,Debit,Completed,,Loan Payment - LN2019070000730,False,,1.14,,Automated,Home Loan,standard_payment,False,loan_payment_generator
TXNL201900001661,ACC0010062,IND19015637,LN2019070000738,LDO20190000411,4,2019-12-02,03:07:14,1226.46,Debit,Completed,,Loan Payment - LN2019070000738,False,,0.77,,Automated,Personal Loan,standard_payment,False,loan_payment_generator
TXNL201900001662,ACC0010512,IND19010988,LN2019070000739,LDO20190000412,5,2019-12-20,03:55:31,13983.9,Debit,Completed,,Loan Payment - LN2019070000739,False,,0.48,,Automated,Personal Loan,standard_payment,False,loan_payment_generator
TXNL201900001663,ACC0009909,IND19012150,LN2019070000748,LDO20190000916,5,2019-12-19,02:19:56,718.11,Debit,Completed,,Loan Payment - LN2019070000748,False,,0.25,,Automated,Home Loan,standard_payment,False,loan_payment_generator
TXNL201900001664,ACC0011276,COM19000029,LN2019070000758,LDO20190000917,5,2019-12-20,04:54:15,11573.7,Debit,Cancelled,customer_stop_instruction,Loan Payment - LN2019070000758 - Late Fee,False,,1.16,,Automated,Business Loan,late_payment,False,loan_payment_generator
TXNL201900001665,ACC0010097,IND19015761,LN2019070000760,LDO20190000413,5,2019-12-19,03:20:57,1538.92,Debit,Completed,,Loan Payment - LN2019070000760,False,,1.15,,Automated,Home Loan,standard_payment,False,loan_payment_generator
TXNL201900001666,ACC0010434,IND19011579,LN2019070000768,LDO20190000414,5,2019-12-25,04:32:00,3275.71,Debit,Completed,,Loan Payment - LN2019070000768,False,,1.5,,Automated,Vehicle Loan,standard_payment,False,loan_payment_generator
TXNL201900001667,ACC0010314,IND19001557,LN2019070000787,LDO20190000918,4,2019-12-03,03:28:40,3146.68,Debit,Completed,,Loan Payment - LN2019070000787,False,,1.99,,Automated,Home Loan,standard_payment,False,loan_payment_generator
TXNL201900001668,ACC0011084,IND19011352,LN2019070000793,LDO20190000090,5,2019-12-18,04:13:00,3928.56,Debit,Completed,,Loan Payment - LN2019070000793,False,,1.93,,Automated,Home Loan,standard_payment,False,loan_payment_generator
TXNL201900001669,ACC0010231,IND19000571,LN2019070000805,LDO20190000415,5,2019-12-15,03:40:55,4133.67,Debit,Completed,,Loan Payment - LN2019070000805,False,,0.55,,Automated,Home Loan,standard_payment,False,loan_payment_generator
TXNL201900001670,ACC0010891,IND19010612,LN2019070000808,LDO20190000416,5,2019-12-18,03:05:26,3199.88,Debit,Completed,,Loan Payment - LN2019070000808,False,,0.86,,Automated,Home Loan,standard_payment,False,loan_payment_generator
TXNL201900001671,ACC0011179,IND19004500,LN2019070000822,LDO20190000034,5,2019-12-19,03:15:23,1861.77,Debit,Completed,,Loan Payment - LN2019070000822,False,,1.18,,Automated,Personal Loan,standard_payment,False,loan_payment_generator
TXNL201900001672,ACC0010446,IND19002125,LN2019070000834,LDO20190000919,5,2019-12-21,02:14:34,12901.27,Debit,Completed,,Loan Payment - LN2019070000834 - Late Fee,False,,1.37,,Automated,Personal Loan,late_payment,False,loan_payment_generator
TXNL201900001673,ACC0010696,IND19007848,LN2019070000840,LDO20190000091,5,2019-12-21,03:55:16,1142.28,Debit,Cancelled,customer_stop_instruction,Loan Payment - LN2019070000840,False,,0.44,,Automated,Home Loan,standard_payment,False,loan_payment_generator
TXNL201900001674,ACC0009954,IND19009083,LN2019070000851,LDO20190000920,5,2019-12-24,04:02:10,684.79,Debit,Completed,,Loan Payment - LN2019070000851,False,,1.8,,Automated,Personal Loan,standard_payment,False,loan_payment_generator
TXNL201900001675,ACC0011163,IND19008839,LN2019070000854,LDO20190000921,5,2019-12-23,03:39:41,2759.97,Debit,Completed,,Loan Payment - LN2019070000854,False,,1.11,,Automated,Home Loan,standard_payment,False,loan_payment_generator
TXNL201900001676,ACC0010702,IND19011568,LN2019070000857,LDO20190000922,5,2019-12-25,02:51:00,503.82,Debit,Completed,,Loan Payment - LN2019070000857,False,,0.97,,Automated,Home Loan,standard_payment,False,loan_payment_generator
TXNL201900001677,ACC0010555,IND19000657,LN2019070000858,LDO20190000923,5,2019-12-09,02:01:05,7462.3,Debit,Completed,,Loan Payment - LN2019070000858 - Extra Principal,False,,0.07,,Automated,Home Loan,extra_payment,False,loan_payment_generator
TXNL201900001678,ACC0010013,IND19004418,LN2019070000866,LDO20190000417,4,2019-12-03,04:30:39,3106.59,Debit,Completed,,Loan Payment - LN2019070000866 - Late Fee,False,,1.08,,Automated,Personal Loan,late_payment,False,loan_payment_generator
TXNL201900001679,ACC0010930,IND19003431,LN2019070000868,LDO20190000924,5,2019-12-23,04:18:14,2453.1,Debit,Completed,,Loan Payment - LN2019070000868,False,,0.03,,Automated,Home Loan,standard_payment,False,loan_payment_generator
TXNL201900001680,ACC0010730,IND19001676,LN2019070000871,LDO20190000925,4,2019-12-03,03:13:01,9358.47,Debit,Completed,,Loan Payment - LN2019070000871 - Late Fee,False,,0.74,,Automated,Personal Loan,late_payment,False,loan_payment_generator
TXNL201900001681,ACC0010191,IND19009073,LN2019070000887,LDO20190000926,4,2019-12-02,02:38:42,4216.45,Debit,Completed,,Loan Payment - LN2019070000887,False,,1.02,,Automated,Vehicle Loan,standard_payment,False,loan_payment_generator
TXNL201900001682,ACC0011227,IND19000442,LN2019070000896,LDO20190000418,5,2019-12-22,02:25:09,2540.61,Debit,Completed,,Loan Payment - LN2019070000896,False,,1.0,,Automated,Vehicle Loan,standard_payment,False,loan_payment_generator
TXNL201900001683,ACC0010543,IND19010120,LN2019070000902,LDO20190000927,5,2019-12-17,02:24:54,1551.75,Debit,Completed,,Loan Payment - LN2019070000902,False,,0.14,,Automated,Home Loan,standard_payment,False,loan_payment_generator
TXNL201900001684,ACC0010394,IND19010621,LN2019070000906,LDO20190000928,5,2019-12-10,03:48:22,281.67,Debit,Completed,,Loan Payment - LN2019070000906,False,,0.45,,Automated,Home Loan,standard_payment,False,loan_payment_generator
TXNL201900001685,ACC0010812,IND19010061,LN2019070000909,LDO20190000929,5,2019-12-30,03:28:37,3463.44,Debit,Completed,,Loan Payment - LN2019070000909 - Late Fee,False,,0.16,,Automated,Personal Loan,late_payment,False,loan_payment_generator
TXNL201900001686,ACC0010485,IND19012707,LN2019070000921,LDO20190000419,5,2019-12-23,04:29:55,1445.87,Debit,Completed,,Loan Payment - LN2019070000921,False,,1.62,,Automated,Home Loan,standard_payment,False,loan_payment_generator
TXNL201900001687,ACC0010992,IND19014740,LN2019070000922,LDO20190000930,5,2019-12-15,02:32:09,3475.15,Debit,Completed,,Loan Payment - LN2019070000922 - Extra Principal,False,,0.79,,Automated,Vehicle Loan,extra_payment,False,loan_payment_generator
TXNL201900001688,ACC0011009,IND19005644,LN2019070000927,LDO20190000195,4,2019-12-10,03:32:46,1435.87,Debit,Completed,,Loan Payment - LN2019070000927,False,,1.75,,Automated,Home Loan,standard_payment,False,loan_payment_generator
TXNL201900001689,ACC0009939,IND19007504,LN2019070000948,LDO20190000196,5,2019-12-21,03:26:36,1585.22,Debit,Completed,,Loan Payment - LN2019070000948,False,,1.81,,Automated,Personal Loan,standard_payment,False,loan_payment_generator
TXNL201900001690,ACC0010255,IND19006122,LN2019070000949,LDO20190000197,5,2019-12-30,04:48:47,621.5,Debit,Completed,,Loan Payment - LN2019070000949,False,,1.83,,Automated,Home Loan,standard_payment,False,loan_payment_generator
TXNL201900001691,ACC0010837,IND19000345,LN2019070000954,LDO20190000931,5,2019-12-24,02:36:55,1639.09,Debit,Completed,,Loan Payment - LN2019070000954,False,,1.08,,Automated,Vehicle Loan,standard_payment,False,loan_payment_generator
TXNL201900001692,ACC0010056,IND19006786,LN2019070000955,LDO20190000420,5,2019-12-15,02:20:49,3602.26,Debit,Completed,,Loan Payment - LN2019070000955,False,,0.95,,Automated,Personal Loan,standard_payment,False,loan_payment_generator
TXNL201900001693,ACC0010877,IND19015524,LN2019070000963,LDO20190000932,4,2019-12-05,03:19:07,11989.66,Debit,Completed,,Loan Payment - LN2019070000963,False,,0.6,,Automated,Personal Loan,standard_payment,False,loan_payment_generator
TXNL201900001694,ACC0010918,IND19012194,LN2019070000975,LDO20190000092,4,2019-12-08,03:24:31,4656.1,Debit,Completed,,Loan Payment - LN2019070000975,False,,1.91,,Automated,Home Loan,standard_payment,False,loan_payment_generator
TXNL201900001695,ACC0010333,IND19002509,LN2019070000976,LDO20190000933,5,2019-12-31,04:56:51,4261.97,Debit,Completed,,Loan Payment - LN2019070000976,False,,1.33,,Automated,Vehicle Loan,standard_payment,False,loan_payment_generator
TXNL201900001696,ACC0011253,IND19009911,LN2019070000977,LDO20190000421,5,2019-12-13,04:23:26,2585.16,Debit,Completed,,Loan Payment - LN2019070000977,False,,1.81,,Automated,Home Loan,standard_payment,False,loan_payment_generator
TXNL201900001697,ACC0010813,IND19009450,LN2019070000982,LDO20190000934,5,2019-12-22,02:00:26,1275.13,Debit,Completed,,Loan Payment - LN2019070000982 - Recovery,False,,1.7,,Automated,Personal Loan,recovery_payment,True,loan_payment_generator
TXNL201900001698,ACC0010639,IND19007461,LN2019070000987,LDO20190000422,5,2019-12-29,04:12:47,7416.81,Debit,Completed,,Loan Payment - LN2019070000987,False,,0.95,,Automated,Home Loan,standard_payment,False,loan_payment_generator
TXNL201900001699,ACC0011277,COM19000015,LN2019070000989,LDO20190000935,5,2019-12-19,03:06:28,5673.21,Debit,Completed,,Loan Payment - LN2019070000989,False,,0.45,,Automated,Business Loan,standard_payment,False,loan_payment_generator
TXNL201900001700,ACC0011028,IND19005775,LN2019070001006,LDO20190000936,5,2019-12-04,02:11:30,3509.11,Debit,Completed,,Loan Payment - LN2019070001006,False,,1.87,,Automated,Personal Loan,standard_payment,False,loan_payment_generator
TXNL201900001701,ACC0010265,IND19008364,LN2019070001012,LDO20190000093,5,2019-12-25,04:48:58,2379.84,Debit,Completed,,Loan Payment - LN2019070001012,False,,0.05,,Automated,Personal Loan,standard_payment,False,loan_payment_generator
TXNL201900001702,ACC0011016,IND19015052,LN2019070001019,LDO20190000937,5,2019-12-20,02:32:45,956.77,Debit,Completed,,Loan Payment - LN2019070001019,False,,0.11,,Automated,Home Loan,standard_payment,False,loan_payment_generator
TXNL201900001703,ACC0010284,IND19006449,LN2019070001024,LDO20190000198,4,2019-12-01,02:19:48,768.98,Debit,Completed,,Loan Payment - LN2019070001024,False,,0.7,,Automated,Home Loan,standard_payment,False,loan_payment_generator
TXNL201900001704,ACC0011279,COM19000225,LN2019070001025,LDO20190000938,4,2019-12-01,03:58:58,2740.97,Debit,Completed,,Loan Payment - LN2019070001025,False,,0.45,,Automated,Business Loan,standard_payment,False,loan_payment_generator
TXNL201900001705,ACC0010598,IND19011039,LN2019070001029,LDO20190000094,5,2019-12-17,03:43:16,6116.6,Debit,Completed,,Loan Payment - LN2019070001029,False,,0.94,,Automated,Home Loan,standard_payment,False,loan_payment_generator
TXNL201900001706,ACC0010788,IND19007228,LN2019070001057,LDO20190000939,4,2019-12-03,04:01:02,3582.5,Debit,Completed,,Loan Payment - LN2019070001057,False,,0.48,,Automated,Home Loan,standard_payment,False,loan_payment_generator
TXNL201900001707,ACC0010336,IND19001312,LN2019070001062,LDO20190000940,5,2019-12-11,04:25:22,4221.79,Debit,Completed,,Loan Payment - LN2019070001062,False,,1.29,,Automated,Personal Loan,standard_payment,False,loan_payment_generator
TXNL201900001708,ACC0010645,IND19009058,LN2019070001063,LDO20190000423,4,2019-12-01,02:44:14,1428.14,Debit,Completed,,Loan Payment - LN2019070001063,False,,0.44,,Automated,Home Loan,standard_payment,False,loan_payment_generator
TXNL201900001709,ACC0010240,IND19016260,LN2019070001082,LDO20190000424,5,2019-12-28,03:39:37,3613.53,Debit,Completed,,Loan Payment - LN2019070001082,False,,0.3,,Automated,Vehicle Loan,standard_payment,False,loan_payment_generator
TXNL201900001710,ACC0010803,IND19004134,LN2019070001086,LDO20190000941,4,2019-12-01,03:21:48,1412.09,Debit,Completed,,Loan Payment - LN2019070001086,False,,1.06,,Automated,Personal Loan,standard_payment,False,loan_payment_generator
TXNL201900001711,ACC0010369,IND19012654,LN2019070001117,LDO20190000942,5,2019-12-23,04:09:56,2317.58,Debit,Completed,,Loan Payment - LN2019070001117,False,,0.74,,Automated,Personal Loan,standard_payment,False,loan_payment_generator
TXNL201900001712,ACC0011173,IND19002918,LN2019070001122,LDO20190000035,5,2019-12-29,04:58:50,1425.74,Debit,Completed,,Loan Payment - LN2019070001122,False,,1.74,,Automated,Personal Loan,standard_payment,False,loan_payment_generator
TXNL201900001713,ACC0011052,IND19004930,LN2019070001127,LDO20190000943,5,2019-12-15,03:06:58,2593.43,Debit,Completed,,Loan Payment - LN2019070001127 - Extra Principal,False,,1.66,,Automated,Vehicle Loan,extra_payment,False,loan_payment_generator
TXNL201900001714,ACC0010295,IND19007893,LN2019070001128,LDO20190000425,4,2019-12-01,04:27:54,1146.94,Debit,Completed,,Loan Payment - LN2019070001128,False,,1.77,,Automated,Home Loan,standard_payment,False,loan_payment_generator
TXNL201900001715,ACC0010477,IND19004600,LN2019070001141,LDO20190000944,5,2019-12-16,03:57:34,3961.55,Debit,Completed,,Loan Payment - LN2019070001141,False,,0.91,,Automated,Personal Loan,standard_payment,False,loan_payment_generator
TXNL201900001716,ACC0011017,IND19010504,LN2019070001142,LDO20190000945,4,2019-12-07,03:47:21,13986.44,Debit,Completed,,Loan Payment - LN2019070001142,False,,0.06,,Automated,Personal Loan,standard_payment,False,loan_payment_generator
TXNL201900001717,ACC0010907,IND19000402,LN2019070001143,LDO20190000426,5,2019-12-19,02:59:21,2422.29,Debit,Completed,,Loan Payment - LN2019070001143,False,,0.78,,Automated,Personal Loan,standard_payment,False,loan_payment_generator
TXNL201900001718,ACC0011160,IND19005174,LN2019070001157,LDO20190000036,4,2019-12-07,04:55:51,1848.64,Debit,Completed,,Loan Payment - LN2019070001157,False,,1.3,,Automated,Home Loan,standard_payment,False,loan_payment_generator
TXNL201900001719,ACC0010751,IND19003812,LN2019070001163,LDO20190000427,5,2019-12-27,04:33:31,1610.3,Debit,Completed,,Loan Payment - LN2019070001163,False,,1.95,,Automated,Home Loan,standard_payment,False,loan_payment_generator
TXNL201900001720,ACC0010731,IND19003563,LN2019070001165,LDO20190000428,5,2019-12-21,04:40:47,1044.81,Debit,Completed,,Loan Payment - LN2019070001165,False,,0.85,,Automated,Vehicle Loan,standard_payment,False,loan_payment_generator
TXNL201900001721,ACC0010438,IND19011807,LN2019070001176,LDO20190000946,4,2019-12-02,02:02:19,13300.87,Debit,Completed,,Loan Payment - LN2019070001176,False,,1.22,,Automated,Personal Loan,standard_payment,False,loan_payment_generator
TXNL201900001722,ACC0010881,IND19001227,LN2019070001206,LDO20190000429,4,2019-12-06,04:38:15,2026.78,Debit,Completed,,Loan Payment - LN2019070001206,False,,1.66,,Automated,Vehicle Loan,standard_payment,False,loan_payment_generator
TXNL201900001723,ACC0010199,IND19004108,LN2019070001208,LDO20190000430,5,2019-12-28,03:19:58,4392.8,Debit,Completed,,Loan Payment - LN2019070001208,False,,0.98,,Automated,Home Loan,standard_payment,False,loan_payment_generator
TXNL201900001724,ACC0010363,IND19010795,LN2019070001213,LDO20190000947,5,2019-12-25,04:34:22,748.07,Debit,Completed,,Loan Payment - LN2019070001213,False,,1.31,,Automated,Home Loan,standard_payment,False,loan_payment_generator
TXNL201900001725,ACC0011207,IND19000522,LN2019070001224,LDO20190000431,5,2019-12-15,04:34:30,4939.82,Debit,Completed,,Loan Payment - LN2019070001224,False,,1.98,,Automated,Vehicle Loan,standard_payment,False,loan_payment_generator
TXNL201900001726,ACC0010157,IND19012944,LN2019070001233,LDO20190000037,5,2019-12-29,04:21:31,3020.77,Debit,Completed,,Loan Payment - LN2019070001233,False,,0.78,,Automated,Vehicle Loan,standard_payment,False,loan_payment_generator
TXNL201900001727,ACC0010232,IND19010044,LN2019070001234,LDO20190000432,5,2019-12-18,03:50:30,1986.94,Debit,Completed,,Loan Payment - LN2019070001234,False,,0.64,,Automated,Personal Loan,standard_payment,False,loan_payment_generator
TXNL201900001728,ACC0010611,IND19013513,LN2019070001238,LDO20190000199,5,2019-12-20,03:57:12,1018.52,Debit,Completed,,Loan Payment - LN2019070001238 - Late Fee,False,,0.01,,Automated,Home Loan,late_payment,False,loan_payment_generator
TXNL201900001729,ACC0010787,IND19007728,LN2019070001244,LDO20190000200,5,2019-12-26,02:59:14,803.1,Debit,Completed,,Loan Payment - LN2019070001244,False,,0.68,,Automated,Home Loan,standard_payment,False,loan_payment_generator
TXNL201900001730,ACC0011096,IND19003534,LN2019070001248,LDO20190000038,5,2019-12-29,02:55:04,907.61,Debit,Completed,,Loan Payment - LN2019070001248,False,,0.45,,Automated,Home Loan,standard_payment,False,loan_payment_generator
TXNL201900001731,ACC0010183,IND19002873,LN2019070001271,LDO20190000433,5,2019-12-09,04:40:23,4761.86,Debit,Completed,,Loan Payment - LN2019070001271,False,,0.81,,Automated,Vehicle Loan,standard_payment,False,loan_payment_generator
TXNL201900001732,ACC0010763,IND19005716,LN2019070001274,LDO20190000201,4,2019-12-03,03:30:23,4173.84,Debit,Completed,,Loan Payment - LN2019070001274,False,,0.99,,Automated,Vehicle Loan,standard_payment,False,loan_payment_generator
TXNL201900001733,ACC0010525,IND19010908,LN2019070001279,LDO20190000434,4,2019-12-02,02:59:29,752.36,Debit,Completed,,Loan Payment - LN2019070001279 - Late Fee,False,,1.66,,Automated,Vehicle Loan,late_payment,False,loan_payment_generator
TXNL201900001734,ACC0010328,IND19008589,LN2019070001282,LDO20190000948,5,2019-12-31,02:35:57,1747.53,Debit,Completed,,Loan Payment - LN2019070001282 - Partial,False,,0.79,,Automated,Vehicle Loan,partial_payment,False,loan_payment_generator
TXNL201900001735,ACC0010910,IND19009481,LN2019070001299,LDO20190000949,4,2019-12-02,02:57:37,911.41,Debit,Completed,,Loan Payment - LN2019070001299,False,,0.84,,Automated,Home Loan,standard_payment,False,loan_payment_generator
TXNL201900001736,ACC0009895,IND19007004,LN2019070001300,LDO20190000950,5,2019-12-25,04:49:44,2662.7,Debit,Completed,,Loan Payment - LN2019070001300,False,,1.41,,Automated,Personal Loan,standard_payment,False,loan_payment_generator
TXNL201900001737,ACC0011248,IND19009344,LN2019070001308,LDO20190000951,4,2019-12-06,03:10:46,3176.04,Debit,Completed,,Loan Payment - LN2019070001308,False,,1.28,,Automated,Vehicle Loan,standard_payment,False,loan_payment_generator
TXNL201900001738,ACC0012829,IND19002487,LN2019080000019,LDO20190000952,4,2019-12-31,04:17:40,943.39,Debit,Completed,,Loan Payment - LN2019080000019,False,,1.81,,Automated,Home Loan,standard_payment,False,loan_payment_generator
TXNL201900001739,ACC0012688,IND19005750,LN2019080000030,LDO20190000953,4,2019-12-21,04:08:00,455.23,Debit,Completed,,Loan Payment - LN2019080000030 - Partial,False,,0.9,,Automated,Home Loan,partial_payment,False,loan_payment_generator
TXNL201900001740,ACC0012779,IND19015603,LN2019080000033,LDO20190000954,3,2019-12-07,04:30:49,1308.56,Debit,Completed,,Loan Payment - LN2019080000033,False,,0.2,,Automated,Home Loan,standard_payment,False,loan_payment_generator
TXNL201900001741,ACC0012597,IND19008158,LN2019080000037,LDO20190000202,4,2019-12-14,04:22:42,2791.11,Debit,Completed,,Loan Payment - LN2019080000037,False,,0.11,,Automated,Personal Loan,standard_payment,False,loan_payment_generator
TXNL201900001742,ACC0011655,IND19015954,LN2019080000039,LDO20190000435,4,2019-12-13,03:58:54,4117.13,Debit,Failed,mandate_limit,Loan Payment - LN2019080000039,False,,1.04,,Automated,Vehicle Loan,standard_payment,False,loan_payment_generator
TXNL201900001743,ACC0011294,IND19016111,LN2019080000053,LDO20190000955,4,2019-12-20,02:50:22,1656.59,Debit,Completed,,Loan Payment - LN2019080000053,False,,1.89,,Automated,Home Loan,standard_payment,False,loan_payment_generator
TXNL201900001744,ACC0012617,IND19010379,LN2019080000064,LDO20190000956,3,2019-12-06,03:49:52,1895.19,Debit,Completed,,Loan Payment - LN2019080000064,False,,1.85,,Automated,Personal Loan,standard_payment,False,loan_payment_generator
TXNL201900001745,ACC0011375,IND19017428,LN2019080000065,LDO20190000436,3,2019-12-05,03:09:01,1618.85,Debit,Completed,,Loan Payment - LN2019080000065 - Extra Principal,False,,1.87,,Automated,Home Loan,extra_payment,False,loan_payment_generator
TXNL201900001746,ACC0011575,IND19001648,LN2019080000082,LDO20190000957,4,2019-12-16,04:35:03,1693.44,Debit,Completed,,Loan Payment - LN2019080000082,False,,0.42,,Automated,Personal Loan,standard_payment,False,loan_payment_generator
TXNL201900001747,ACC0011350,IND19008980,LN2019080000086,LDO20190000958,4,2019-12-20,04:17:50,2259.87,Debit,Completed,,Loan Payment - LN2019080000086,False,,1.41,,Automated,Vehicle Loan,standard_payment,False,loan_payment_generator
TXNL201900001748,ACC0012594,IND19010354,LN2019080000087,LDO20190000437,4,2019-12-16,04:10:48,1982.64,Debit,Completed,,Loan Payment - LN2019080000087,False,,0.91,,Automated,Home Loan,standard_payment,False,loan_payment_generator
TXNL201900001749,ACC0012431,IND19017712,LN2019080000089,LDO20190000959,4,2019-12-31,03:24:53,2631.48,Debit,Completed,,Loan Payment - LN2019080000089,False,,0.07,,Automated,Home Loan,standard_payment,False,loan_payment_generator
TXNL201900001750,ACC0011395,IND19013318,LN2019080000104,LDO20190000438,4,2019-12-28,03:16:21,2687.06,Debit,Completed,,Loan Payment - LN2019080000104,False,,1.81,,Automated,Personal Loan,standard_payment,False,loan_payment_generator
TXNL201900001751,ACC0012169,IND19002223,LN2019080000107,LDO20190000960,4,2019-12-28,02:56:16,899.25,Debit,Completed,,Loan Payment - LN2019080000107,False,,1.92,,Automated,Home Loan,standard_payment,False,loan_payment_generator
TXNL201900001752,ACC0012054,IND19010671,LN2019080000114,LDO20190000961,4,2019-12-19,02:45:27,6834.63,Debit,Completed,,Loan Payment - LN2019080000114 - Late Fee,False,,0.29,,Automated,Personal Loan,late_payment,False,loan_payment_generator
TXNL201900001753,ACC0011666,IND19010630,LN2019080000120,LDO20190000962,4,2019-12-11,02:53:13,4074.25,Debit,Completed,,Loan Payment - LN2019080000120,False,,0.5,,Automated,Personal Loan,standard_payment,False,loan_payment_generator
TXNL201900001754,ACC0011661,IND19009547,LN2019080000122,LDO20190000963,3,2019-12-06,04:34:41,11151.43,Debit,Completed,,Loan Payment - LN2019080000122,False,,1.23,,Automated,Personal Loan,standard_payment,False,loan_payment_generator
TXNL201900001755,ACC0012121,IND19015743,LN2019080000124,LDO20190000964,3,2019-12-02,03:51:01,1227.88,Debit,Completed,,Loan Payment - LN2019080000124,False,,1.54,,Automated,Home Loan,standard_payment,False,loan_payment_generator
TXNL201900001756,ACC0011567,IND19017103,LN2019080000126,LDO20190000965,4,2019-12-15,04:29:30,3020.22,Debit,Completed,,Loan Payment - LN2019080000126,False,,1.87,,Automated,Personal Loan,standard_payment,False,loan_payment_generator
TXNL201900001757,ACC0011716,IND19012549,LN2019080000134,LDO20190000966,3,2019-12-07,04:50:18,1797.06,Debit,Completed,,Loan Payment - LN2019080000134,False,,1.89,,Automated,Personal Loan,standard_payment,False,loan_payment_generator
TXNL201900001758,ACC0011656,IND19014084,LN2019080000138,LDO20190000439,4,2019-12-26,03:41:15,1534.85,Debit,Completed,,Loan Payment - LN2019080000138,False,,0.7,,Automated,Vehicle Loan,standard_payment,False,loan_payment_generator
TXNL201900001759,ACC0012573,IND19004723,LN2019080000139,LDO20190000967,4,2019-12-11,04:07:10,1459.86,Debit,Completed,,Loan Payment - LN2019080000139,False,,0.3,,Automated,Home Loan,standard_payment,False,loan_payment_generator
TXNL201900001760,ACC0011719,IND19005915,LN2019080000142,LDO20190000968,3,2019-12-07,03:22:57,3640.86,Debit,Completed,,Loan Payment - LN2019080000142,False,,1.93,,Automated,Home Loan,standard_payment,False,loan_payment_generator
TXNL201900001761,ACC0011512,IND19010258,LN2019080000145,LDO20190000969,4,2019-12-31,03:34:38,316.58,Debit,Completed,,Loan Payment - LN2019080000145,False,,0.89,,Automated,Home Loan,standard_payment,False,loan_payment_generator
TXNL201900001762,ACC0011511,IND19008078,LN2019080000147,LDO20190000203,4,2019-12-11,04:32:25,2295.61,Debit,Completed,,Loan Payment - LN2019080000147,False,,1.85,,Automated,Vehicle Loan,standard_payment,False,loan_payment_generator
TXNL201900001763,ACC0012384,IND19017813,LN2019080000150,LDO20190000970,4,2019-12-27,02:58:14,254.82,Debit,Completed,,Loan Payment - LN2019080000150 - Partial,False,,1.05,,Automated,Home Loan,partial_payment,False,loan_payment_generator
TXNL201900001764,ACC0011508,IND19006111,LN2019080000158,LDO20190000971,4,2019-12-14,02:51:15,1778.97,Debit,Completed,,Loan Payment - LN2019080000158,False,,0.27,,Automated,Personal Loan,standard_payment,False,loan_payment_generator
TXNL201900001765,ACC0011336,IND19010380,LN2019080000170,LDO20190000972,3,2019-12-07,02:58:09,1288.91,Debit,Completed,,Loan Payment - LN2019080000170,False,,0.03,,Automated,Home Loan,standard_payment,False,loan_payment_generator
TXNL201900001766,ACC0012227,IND19018759,LN2019080000179,LDO20190000440,4,2019-12-16,02:35:28,1334.86,Debit,Completed,,Loan Payment - LN2019080000179,False,,0.07,,Automated,Vehicle Loan,standard_payment,False,loan_payment_generator
TXNL201900001767,ACC0011450,IND19017718,LN2019080000185,LDO20190000973,4,2019-12-20,03:08:09,1843.47,Debit,Completed,,Loan Payment - LN2019080000185,False,,0.81,,Automated,Vehicle Loan,standard_payment,False,loan_payment_generator
TXNL201900001768,ACC0011939,IND19005788,LN2019080000186,LDO20190000974,4,2019-12-11,03:08:04,1443.59,Debit,Completed,,Loan Payment - LN2019080000186,False,,0.11,,Automated,Home Loan,standard_payment,False,loan_payment_generator
TXNL201900001769,ACC0012150,IND19004874,LN2019080000188,LDO20190000975,4,2019-12-31,04:51:54,1715.29,Debit,Failed,bank_timeout,Loan Payment - LN2019080000188,False,,1.04,,Automated,Personal Loan,standard_payment,False,loan_payment_generator
TXNL201900001770,ACC0012070,IND19014786,LN2019080000190,LDO20190000976,4,2019-12-16,04:35:02,2081.82,Debit,Completed,,Loan Payment - LN2019080000190,False,,0.37,,Automated,Vehicle Loan,standard_payment,False,loan_payment_generator
TXNL201900001771,ACC0011524,IND19004328,LN2019080000201,LDO20190000095,4,2019-12-24,04:45:42,7691.1,Debit,Failed,mandate_limit,Loan Payment - LN2019080000201,False,,0.93,,Automated,Home Loan,standard_payment,False,loan_payment_generator
TXNL201900001772,ACC0011461,IND19017490,LN2019080000205,LDO20190000977,4,2019-12-27,02:17:00,990.66,Debit,Completed,,Loan Payment - LN2019080000205,False,,0.18,,Automated,Personal Loan,standard_payment,False,loan_payment_generator
TXNL201900001773,ACC0012050,IND19016322,LN2019080000226,LDO20190000441,4,2019-12-15,02:15:40,1099.32,Debit,Completed,,Loan Payment - LN2019080000226,False,,1.47,,Automated,Home Loan,standard_payment,False,loan_payment_generator
TXNL201900001774,ACC0012873,COM19000059,LN2019080000227,LDO20190000978,4,2019-12-16,02:40:56,3754.91,Debit,Completed,,Loan Payment - LN2019080000227,False,,0.23,,Automated,Business Loan,standard_payment,False,loan_payment_generator
TXNL201900001775,ACC0012840,IND19003141,LN2019080000230,LDO20190000979,4,2019-12-21,03:13:45,5617.05,Debit,Completed,,Loan Payment - LN2019080000230,False,,0.16,,Automated,Personal Loan,standard_payment,False,loan_payment_generator
TXNL201900001776,ACC0011798,IND19011509,LN2019080000240,LDO20190000980,4,2019-12-12,04:34:29,2102.33,Debit,Completed,,Loan Payment - LN2019080000240,False,,0.51,,Automated,Home Loan,standard_payment,False,loan_payment_generator
TXNL201900001777,ACC0011396,IND19013318,LN2019080000246,LDO20190000981,4,2019-12-17,02:04:22,2343.66,Debit,Completed,,Loan Payment - LN2019080000246,False,,0.73,,Automated,Personal Loan,standard_payment,False,loan_payment_generator
TXNL201900001778,ACC0012031,IND19011475,LN2019080000282,LDO20190000096,3,2019-12-04,04:11:17,1198.74,Debit,Completed,,Loan Payment - LN2019080000282 - Extra Principal,False,,0.58,,Automated,Home Loan,extra_payment,False,loan_payment_generator
TXNL201900001779,ACC0012584,IND19008092,LN2019080000286,LDO20190000982,4,2019-12-16,04:19:37,1520.39,Debit,Completed,,Loan Payment - LN2019080000286,False,,1.26,,Automated,Personal Loan,standard_payment,False,loan_payment_generator
TXNL201900001780,ACC0012140,IND19009372,LN2019080000289,LDO20190000442,4,2019-12-30,02:03:11,570.43,Debit,Completed,,Loan Payment - LN2019080000289,False,,1.17,,Automated,Home Loan,standard_payment,False,loan_payment_generator
TXNL201900001781,ACC0011670,IND19007780,LN2019080000293,LDO20190000443,4,2019-12-25,03:52:34,1251.23,Debit,Completed,,Loan Payment - LN2019080000293,False,,0.97,,Automated,Home Loan,standard_payment,False,loan_payment_generator
TXNL201900001782,ACC0011496,IND19008717,LN2019080000305,LDO20190000983,4,2019-12-19,03:15:32,4173.96,Debit,Completed,,Loan Payment - LN2019080000305 - Late Fee,False,,0.59,,Automated,Personal Loan,late_payment,False,loan_payment_generator
TXNL201900001783,ACC0011412,IND19018577,LN2019080000318,LDO20190000984,4,2019-12-24,04:27:38,2816.17,Debit,Completed,,Loan Payment - LN2019080000318,False,,1.32,,Automated,Home Loan,standard_payment,False,loan_payment_generator
TXNL201900001784,ACC0012138,IND19011057,LN2019080000324,LDO20190000985,4,2019-12-22,03:47:05,598.35,Debit,Completed,,Loan Payment - LN2019080000324,False,,1.0,,Automated,Home Loan,standard_payment,False,loan_payment_generator
TXNL201900001785,ACC0012602,IND19006076,LN2019080000325,LDO20190000097,3,2019-12-06,03:32:13,2499.13,Debit,Completed,,Loan Payment - LN2019080000325,False,,0.79,,Automated,Personal Loan,standard_payment,False,loan_payment_generator
TXNL201900001786,ACC0011856,IND19001864,LN2019080000327,LDO20190000986,4,2019-12-24,04:48:43,17450.42,Debit,Completed,,Loan Payment - LN2019080000327,False,,0.88,,Automated,Personal Loan,standard_payment,False,loan_payment_generator
TXNL201900001787,ACC0011622,IND19011558,LN2019080000339,LDO20190000987,4,2019-12-30,02:42:18,5773.38,Debit,Completed,,Loan Payment - LN2019080000339,False,,0.47,,Automated,Personal Loan,standard_payment,False,loan_payment_generator
TXNL201900001788,ACC0012219,IND19008337,LN2019080000340,LDO20190000444,3,2019-12-04,03:12:17,2031.61,Debit,Completed,,Loan Payment - LN2019080000340,False,,0.83,,Automated,Vehicle Loan,standard_payment,False,loan_payment_generator
TXNL201900001789,ACC0011613,IND19010239,LN2019080000345,LDO20190000204,3,2019-12-01,04:11:51,1463.63,Debit,Completed,,Loan Payment - LN2019080000345,False,,0.12,,Automated,Home Loan,standard_payment,False,loan_payment_generator
TXNL201900001790,ACC0012386,IND19016064,LN2019080000351,LDO20190000988,4,2019-12-20,02:08:56,2244.93,Debit,Completed,,Loan Payment - LN2019080000351 - Late Fee,False,,1.53,,Automated,Home Loan,late_payment,False,loan_payment_generator
TXNL201900001791,ACC0011586,IND19010878,LN2019080000353,LDO20190000989,3,2019-12-06,02:44:45,859.11,Debit,Completed,,Loan Payment - LN2019080000353,False,,1.63,,Automated,Vehicle Loan,standard_payment,False,loan_payment_generator
TXNL201900001792,ACC0012580,IND19005241,LN2019080000361,LDO20190000990,4,2019-12-22,03:17:51,1281.5,Debit,Completed,,Loan Payment - LN2019080000361,False,,1.64,,Automated,Home Loan,standard_payment,False,loan_payment_generator
TXNL201900001793,ACC0011404,IND19004632,LN2019080000366,LDO20190000991,4,2019-12-22,02:20:46,1224.26,Debit,Completed,,Loan Payment - LN2019080000366,False,,0.22,,Automated,Vehicle Loan,standard_payment,False,loan_payment_generator
TXNL201900001794,ACC0011682,IND19009113,LN2019080000376,LDO20190000445,4,2019-12-24,02:28:37,232.13,Debit,Completed,,Loan Payment - LN2019080000376,False,,0.68,,Automated,Home Loan,standard_payment,False,loan_payment_generator
TXNL201900001795,ACC0012751,IND19000274,LN2019080000377,LDO20190000446,3,2019-12-08,03:11:38,945.51,Debit,Completed,,Loan Payment - LN2019080000377,False,,1.58,,Automated,Personal Loan,standard_payment,False,loan_payment_generator
TXNL201900001796,ACC0012703,IND19008523,LN2019080000384,LDO20190000447,4,2019-12-26,04:13:26,3201.92,Debit,Completed,,Loan Payment - LN2019080000384,False,,1.29,,Automated,Home Loan,standard_payment,False,loan_payment_generator
TXNL201900001797,ACC0012789,IND19016688,LN2019080000387,LDO20190000448,4,2019-12-15,03:27:27,2315.84,Debit,Completed,,Loan Payment - LN2019080000387,False,,1.0,,Automated,Home Loan,standard_payment,False,loan_payment_generator
TXNL201900001798,ACC0012075,IND19011763,LN2019080000399,LDO20190000449,4,2019-12-27,03:20:54,2155.58,Debit,Completed,,Loan Payment - LN2019080000399,False,,1.18,,Automated,Home Loan,standard_payment,False,loan_payment_generator
TXNL201900001799,ACC0011709,IND19002966,LN2019080000403,LDO20190000992,4,2019-12-23,04:17:19,2410.24,Debit,Completed,,Loan Payment - LN2019080000403,False,,1.55,,Automated,Home Loan,standard_payment,False,loan_payment_generator
TXNL201900001800,ACC0011990,IND19001331,LN2019080000409,LDO20190000993,4,2019-12-21,04:35:34,1850.79,Debit,Completed,,Loan Payment - LN2019080000409,False,,1.09,,Automated,Home Loan,standard_payment,False,loan_payment_generator
TXNL201900001801,ACC0012065,IND19005416,LN2019080000416,LDO20190000450,4,2019-12-14,02:23:59,13961.04,Debit,Completed,,Loan Payment - LN2019080000416,False,,1.37,,Automated,Personal Loan,standard_payment,False,loan_payment_generator
TXNL201900001802,ACC0012562,IND19013202,LN2019080000426,LDO20190000451,4,2019-12-19,04:44:04,602.0,Debit,Completed,,Loan Payment - LN2019080000426,False,,1.58,,Automated,Home Loan,standard_payment,False,loan_payment_generator
TXNL201900001803,ACC0012313,IND19004224,LN2019080000432,LDO20190000452,3,2019-12-01,03:30:50,5183.74,Debit,Completed,,Loan Payment - LN2019080000432,False,,1.0,,Automated,Vehicle Loan,standard_payment,False,loan_payment_generator
TXNL201900001804,ACC0012455,IND19004353,LN2019080000452,LDO20190000453,4,2019-12-28,04:22:29,453.98,Debit,Completed,,Loan Payment - LN2019080000452,False,,0.91,,Automated,Home Loan,standard_payment,False,loan_payment_generator
TXNL201900001805,ACC0012484,IND19017142,LN2019080000460,LDO20190000994,3,2019-12-05,04:32:35,6863.43,Debit,Completed,,Loan Payment - LN2019080000460,False,,0.08,,Automated,Personal Loan,standard_payment,False,loan_payment_generator
TXNL201900001806,ACC0012623,IND19013912,LN2019080000468,LDO20190000995,4,2019-12-26,03:27:04,3720.6,Debit,Completed,,Loan Payment - LN2019080000468,False,,1.19,,Automated,Personal Loan,standard_payment,False,loan_payment_generator
TXNL201900001807,ACC0011341,IND19014324,LN2019080000469,LDO20190000454,3,2019-12-07,04:35:02,2000.9,Debit,Completed,,Loan Payment - LN2019080000469,False,,0.74,,Automated,Personal Loan,standard_payment,False,loan_payment_generator
TXNL201900001808,ACC0011844,IND19010575,LN2019080000471,LDO20190000205,3,2019-12-04,03:05:10,1747.25,Debit,Completed,,Loan Payment - LN2019080000471,False,,1.21,,Automated,Personal Loan,standard_payment,False,loan_payment_generator
TXNL201900001809,ACC0012109,IND19002079,LN2019080000479,LDO20190000098,3,2019-12-02,03:41:11,2001.1,Debit,Completed,,Loan Payment - LN2019080000479,False,,0.02,,Automated,Home Loan,standard_payment,False,loan_payment_generator
TXNL201900001810,ACC0012728,IND19009689,LN2019080000483,LDO20190000206,3,2019-12-01,04:44:59,1054.87,Debit,Completed,,Loan Payment - LN2019080000483,False,,1.88,,Automated,Home Loan,standard_payment,False,loan_payment_generator
TXNL201900001811,ACC0012548,IND19009914,LN2019080000489,LDO20190000207,4,2019-12-19,02:35:12,385.65,Debit,Completed,,Loan Payment - LN2019080000489,False,,0.76,,Automated,Home Loan,standard_payment,False,loan_payment_generator
TXNL201900001812,ACC0012388,IND19007153,LN2019080000490,LDO20190000996,4,2019-12-28,03:20:11,7244.97,Debit,Completed,,Loan Payment - LN2019080000490 - Late Fee,False,,0.8,,Automated,Personal Loan,late_payment,False,loan_payment_generator
TXNL201900001813,ACC0012886,COM19000269,LN2019080000491,LDO20190000208,4,2019-12-18,02:52:34,81401.05,Debit,Completed,,Loan Payment - LN2019080000491,False,,1.73,,Automated,Business Loan,standard_payment,False,loan_payment_generator
TXNL201900001814,ACC0012665,IND19002202,LN2019080000494,LDO20190000039,4,2019-12-12,02:39:06,6291.14,Debit,Completed,,Loan Payment - LN2019080000494,False,,0.39,,Automated,Home Loan,standard_payment,False,loan_payment_generator
TXNL201900001815,ACC0012207,IND19018275,LN2019080000497,LDO20190000997,4,2019-12-21,03:09:12,1403.53,Debit,Completed,,Loan Payment - LN2019080000497,False,,1.51,,Automated,Vehicle Loan,standard_payment,False,loan_payment_generator
TXNL201900001816,ACC0011652,IND19016744,LN2019080000499,LDO20190000998,4,2019-12-10,03:05:51,2766.8,Debit,Completed,,Loan Payment - LN2019080000499,False,,1.6,,Automated,Personal Loan,standard_payment,False,loan_payment_generator
TXNL201900001817,ACC0012824,IND19017661,LN2019080000509,LDO20190000999,4,2019-12-12,03:29:27,1044.23,Debit,Completed,,Loan Payment - LN2019080000509,False,,0.63,,Automated,Home Loan,standard_payment,False,loan_payment_generator
TXNL201900001818,ACC0012470,IND19001172,LN2019080000515,LDO20190001000,4,2019-12-15,04:42:04,827.55,Debit,Completed,,Loan Payment - LN2019080000515,False,,0.6,,Automated,Vehicle Loan,standard_payment,False,loan_payment_generator
TXNL201900001819,ACC0012808,IND19015435,LN2019080000518,LDO20190001001,4,2019-12-24,03:17:40,4821.33,Debit,Completed,,Loan Payment - LN2019080000518,False,,0.35,,Automated,Personal Loan,standard_payment,False,loan_payment_generator
TXNL201900001820,ACC0011786,IND19002805,LN2019080000524,LDO20190000209,4,2019-12-23,03:52:05,2148.89,Debit,Completed,,Loan Payment - LN2019080000524,False,,1.07,,Automated,Home Loan,standard_payment,False,loan_payment_generator
TXNL201900001821,ACC0012197,IND19005331,LN2019080000531,LDO20190001002,3,2019-12-01,03:45:08,3440.19,Debit,Completed,,Loan Payment - LN2019080000531,False,,1.06,,Automated,Home Loan,standard_payment,False,loan_payment_generator
TXNL201900001822,ACC0012782,IND19006349,LN2019080000532,LDO20190001003,4,2019-12-19,02:16:48,452.53,Debit,Completed,,Loan Payment - LN2019080000532,False,,0.58,,Automated,Home Loan,standard_payment,False,loan_payment_generator
TXNL201900001823,ACC0011320,IND19003717,LN2019080000543,LDO20190001004,4,2019-12-24,02:57:39,1165.62,Debit,Completed,,Loan Payment - LN2019080000543,False,,0.61,,Automated,Home Loan,standard_payment,False,loan_payment_generator
TXNL201900001824,ACC0012351,IND19019353,LN2019080000544,LDO20190000455,3,2019-12-05,04:48:16,5553.8,Debit,Completed,,Loan Payment - LN2019080000544,False,,0.56,,Automated,Home Loan,standard_payment,False,loan_payment_generator
TXNL201900001825,ACC0012892,COM19000349,LN2019080000573,LDO20190000210,3,2019-12-04,04:54:22,4060.87,Debit,Completed,,Loan Payment - LN2019080000573,False,,1.61,,Automated,Business Loan,standard_payment,False,loan_payment_generator
TXNL201900001826,ACC0011720,IND19005915,LN2019080000578,LDO20190001005,3,2019-12-02,03:51:28,2926.51,Debit,Completed,,Loan Payment - LN2019080000578,False,,1.75,,Automated,Personal Loan,standard_payment,False,loan_payment_generator
TXNL201900001827,ACC0011976,IND19001534,LN2019080000582,LDO20190001006,4,2019-12-18,04:22:15,870.31,Debit,Completed,,Loan Payment - LN2019080000582 - Recovery,False,,0.62,,Automated,Home Loan,recovery_payment,True,loan_payment_generator
TXNL201900001828,ACC0011545,IND19001828,LN2019080000585,LDO20190001007,3,2019-12-03,02:35:43,2020.45,Debit,Completed,,Loan Payment - LN2019080000585,False,,1.63,,Automated,Personal Loan,standard_payment,False,loan_payment_generator
TXNL201900001829,ACC0012561,IND19003165,LN2019080000587,LDO20190001008,3,2019-12-07,03:20:53,2476.71,Debit,Completed,,Loan Payment - LN2019080000587,False,,0.64,,Automated,Vehicle Loan,standard_payment,False,loan_payment_generator
TXNL201900001830,ACC0012087,IND19002832,LN2019080000596,LDO20190000211,4,2019-12-11,04:42:00,1946.97,Debit,Completed,,Loan Payment - LN2019080000596 - Late Fee,False,,1.59,,Automated,Home Loan,late_payment,False,loan_payment_generator
TXNL201900001831,ACC0012442,IND19012118,LN2019080000608,LDO20190000456,4,2019-12-27,03:49:11,442.97,Debit,Completed,,Loan Payment - LN2019080000608,False,,0.71,,Automated,Home Loan,standard_payment,False,loan_payment_generator
TXNL201900001832,ACC0011827,IND19019306,LN2019080000610,LDO20190001009,4,2019-12-24,04:07:56,5250.85,Debit,Completed,,Loan Payment - LN2019080000610,False,,0.72,,Automated,Home Loan,standard_payment,False,loan_payment_generator
TXNL201900001833,ACC0011851,IND19002526,LN2019080000612,LDO20190000099,4,2019-12-29,04:37:19,1209.32,Debit,Completed,,Loan Payment - LN2019080000612,False,,0.89,,Automated,Vehicle Loan,standard_payment,False,loan_payment_generator
TXNL201900001834,ACC0012459,IND19012342,LN2019080000620,LDO20190001010,4,2019-12-30,03:32:57,802.19,Debit,Completed,,Loan Payment - LN2019080000620 - Partial,False,,1.9,,Automated,Home Loan,partial_payment,False,loan_payment_generator
TXNL201900001835,ACC0011859,IND19006757,LN2019080000621,LDO20190001011,4,2019-12-13,04:46:50,2414.77,Debit,Completed,,Loan Payment - LN2019080000621,False,,0.28,,Automated,Home Loan,standard_payment,False,loan_payment_generator
TXNL201900001836,ACC0011386,IND19003795,LN2019080000623,LDO20190001012,4,2019-12-25,03:50:42,2430.39,Debit,Completed,,Loan Payment - LN2019080000623 - Extra Principal,False,,1.87,,Automated,Vehicle Loan,extra_payment,False,loan_payment_generator
TXNL201900001837,ACC0011295,IND19004695,LN2019080000626,LDO20190000212,3,2019-12-06,03:51:52,1220.21,Debit,Completed,,Loan Payment - LN2019080000626,False,,0.27,,Automated,Vehicle Loan,standard_payment,False,loan_payment_generator
TXNL201900001838,ACC0012498,IND19007077,LN2019080000639,LDO20190001013,4,2019-12-30,03:35:56,4031.93,Debit,Completed,,Loan Payment - LN2019080000639,False,,1.21,,Automated,Home Loan,standard_payment,False,loan_payment_generator
TXNL201900001839,ACC0011428,IND19000865,LN2019080000652,LDO20190000457,3,2019-12-01,04:25:01,2529.76,Debit,Completed,,Loan Payment - LN2019080000652,False,,1.89,,Automated,Vehicle Loan,standard_payment,False,loan_payment_generator
TXNL201900001840,ACC0012711,IND19006279,LN2019080000674,LDO20190000100,4,2019-12-23,04:35:32,4543.81,Debit,Completed,,Loan Payment - LN2019080000674,False,,1.18,,Automated,Home Loan,standard_payment,False,loan_payment_generator
TXNL201900001841,ACC0011883,IND19001987,LN2019080000682,LDO20190001014,4,2019-12-27,02:26:08,953.98,Debit,Completed,,Loan Payment - LN2019080000682,False,,1.42,,Automated,Personal Loan,standard_payment,False,loan_payment_generator
TXNL201900001842,ACC0012756,IND19013754,LN2019080000683,LDO20190000458,4,2019-12-16,03:55:40,471.71,Debit,Completed,,Loan Payment - LN2019080000683,False,,0.88,,Automated,Personal Loan,standard_payment,False,loan_payment_generator
TXNL201900001843,ACC0012151,IND19007839,LN2019080000722,LDO20190000213,4,2019-12-19,03:20:24,1520.82,Debit,Completed,,Loan Payment - LN2019080000722,False,,2.0,,Automated,Home Loan,standard_payment,False,loan_payment_generator
TXNL201900001844,ACC0011551,IND19001572,LN2019080000728,LDO20190001015,4,2019-12-26,04:33:26,1216.92,Debit,Completed,,Loan Payment - LN2019080000728,False,,0.23,,Automated,Home Loan,standard_payment,False,loan_payment_generator
TXNL201900001845,ACC0012884,COM19000303,LN2019080000733,LDO20190000101,4,2019-12-09,02:44:00,38122.9,Debit,Completed,,Loan Payment - LN2019080000733,False,,0.44,,Automated,Business Loan,standard_payment,False,loan_payment_generator
TXNL201900001846,ACC0011616,IND19017642,LN2019080000737,LDO20190001016,4,2019-12-23,03:43:51,6140.26,Debit,Completed,,Loan Payment - LN2019080000737,False,,1.83,,Automated,Personal Loan,standard_payment,False,loan_payment_generator
TXNL201900001847,ACC0011583,IND19013428,LN2019080000758,LDO20190000214,4,2019-12-27,04:42:37,967.65,Debit,Completed,,Loan Payment - LN2019080000758,False,,0.98,,Automated,Personal Loan,standard_payment,False,loan_payment_generator
TXNL201900001848,ACC0011932,IND19016374,LN2019080000761,LDO20190001017,4,2019-12-24,03:23:53,4306.89,Debit,Failed,mandate_limit,Loan Payment - LN2019080000761,False,,1.24,,Automated,Home Loan,standard_payment,False,loan_payment_generator
TXNL201900001849,ACC0011818,IND19002541,LN2019080000766,LDO20190001018,4,2019-12-25,04:03:16,3075.79,Debit,Completed,,Loan Payment - LN2019080000766,False,,1.52,,Automated,Home Loan,standard_payment,False,loan_payment_generator
TXNL201900001850,ACC0012777,IND19003104,LN2019080000767,LDO20190001019,4,2019-12-30,02:10:49,1568.57,Debit,Completed,,Loan Payment - LN2019080000767,False,,1.09,,Automated,Vehicle Loan,standard_payment,False,loan_payment_generator
TXNL201900001851,ACC0011480,IND19001929,LN2019080000773,LDO20190001020,4,2019-12-21,04:07:31,811.55,Debit,Completed,,Loan Payment - LN2019080000773,False,,1.65,,Automated,Home Loan,standard_payment,False,loan_payment_generator
TXNL201900001852,ACC0012512,IND19015680,LN2019080000774,LDO20190001021,3,2019-12-05,04:20:28,2348.32,Debit,Completed,,Loan Payment - LN2019080000774,False,,1.91,,Automated,Vehicle Loan,standard_payment,False,loan_payment_generator
TXNL201900001853,ACC0012554,IND19017928,LN2019080000778,LDO20190000459,3,2019-12-01,03:16:11,2759.92,Debit,Completed,,Loan Payment - LN2019080000778,False,,1.25,,Automated,Personal Loan,standard_payment,False,loan_payment_generator
TXNL201900001854,ACC0012682,IND19009302,LN2019080000790,LDO20190001022,3,2019-12-05,02:20:57,871.66,Debit,Cancelled,customer_stop_instruction,Loan Payment - LN2019080000790,False,,1.49,,Automated,Home Loan,standard_payment,False,loan_payment_generator
TXNL201900001855,ACC0012895,COM19000097,LN2019080000798,LDO20190000215,4,2019-12-27,02:05:57,33747.01,Debit,Completed,,Loan Payment - LN2019080000798,False,,1.2,,Automated,Business Loan,standard_payment,False,loan_payment_generator
TXNL201900001856,ACC0012475,IND19014810,LN2019080000803,LDO20190001023,4,2019-12-18,04:19:54,4608.52,Debit,Completed,,Loan Payment - LN2019080000803,False,,1.91,,Automated,Home Loan,standard_payment,False,loan_payment_generator
TXNL201900001857,ACC0011848,IND19016189,LN2019080000806,LDO20190001024,4,2019-12-15,03:33:43,1725.62,Debit,Completed,,Loan Payment - LN2019080000806,False,,1.25,,Automated,Personal Loan,standard_payment,False,loan_payment_generator
TXNL201900001858,ACC0012732,IND19016318,LN2019080000814,LDO20190001025,4,2019-12-24,03:42:06,1001.65,Debit,Completed,,Loan Payment - LN2019080000814 - Late Fee,False,,0.63,,Automated,Vehicle Loan,late_payment,False,loan_payment_generator
TXNL201900001859,ACC0012275,IND19004402,LN2019080000816,LDO20190000040,4,2019-12-19,04:13:11,527.36,Debit,Completed,,Loan Payment - LN2019080000816,False,,1.68,,Automated,Vehicle Loan,standard_payment,False,loan_payment_generator
TXNL201900001860,ACC0012115,IND19005283,LN2019080000828,LDO20190000460,4,2019-12-16,04:34:27,2330.62,Debit,Failed,insufficient_funds,Loan Payment - LN2019080000828,False,,1.67,,Automated,Home Loan,standard_payment,False,loan_payment_generator
TXNL201900001861,ACC0011330,IND19011635,LN2019080000829,LDO20190000461,3,2019-12-05,02:27:12,3467.56,Debit,Completed,,Loan Payment - LN2019080000829,False,,0.37,,Automated,Home Loan,standard_payment,False,loan_payment_generator
TXNL201900001862,ACC0011529,IND19004634,LN2019080000831,LDO20190000462,4,2019-12-27,03:29:38,3003.75,Debit,Completed,,Loan Payment - LN2019080000831,False,,1.09,,Automated,Home Loan,standard_payment,False,loan_payment_generator
TXNL201900001863,ACC0012224,IND19014262,LN2019080000834,LDO20190000041,4,2019-12-21,04:28:10,7558.23,Debit,Completed,,Loan Payment - LN2019080000834,False,,1.14,,Automated,Home Loan,standard_payment,False,loan_payment_generator
TXNL201900001864,ACC0011900,IND19016824,LN2019080000837,LDO20190000016,3,2019-12-01,03:33:08,191.45,Debit,Completed,,Loan Payment - LN2019080000837,False,,1.04,,Automated,Home Loan,standard_payment,False,loan_payment_generator
TXNL201900001865,ACC0012539,IND19011505,LN2019080000867,LDO20190001026,4,2019-12-13,02:56:43,6098.43,Debit,Completed,,Loan Payment - LN2019080000867,False,,1.47,,Automated,Home Loan,standard_payment,False,loan_payment_generator
TXNL201900001866,ACC0011362,IND19015936,LN2019080000884,LDO20190001027,4,2019-12-19,02:59:53,1505.92,Debit,Completed,,Loan Payment - LN2019080000884,False,,1.61,,Automated,Home Loan,standard_payment,False,loan_payment_generator
TXNL201900001867,ACC0012210,IND19019586,LN2019080000885,LDO20190001028,4,2019-12-23,03:30:00,1958.7,Debit,Completed,,Loan Payment - LN2019080000885,False,,1.82,,Automated,Personal Loan,standard_payment,False,loan_payment_generator
TXNL201900001868,ACC0011659,IND19015490,LN2019080000887,LDO20190000216,3,2019-12-02,04:09:29,6466.09,Debit,Completed,,Loan Payment - LN2019080000887 - Extra Principal,False,,1.78,,Automated,Home Loan,extra_payment,False,loan_payment_generator
TXNL201900001869,ACC0012226,IND19017233,LN2019080000890,LDO20190001029,4,2019-12-24,04:54:11,4797.14,Debit,Completed,,Loan Payment - LN2019080000890,False,,0.65,,Automated,Personal Loan,standard_payment,False,loan_payment_generator
TXNL201900001870,ACC0012851,IND19015798,LN2019080000892,LDO20190001030,4,2019-12-22,04:37:09,1529.05,Debit,Completed,,Loan Payment - LN2019080000892,False,,0.84,,Automated,Vehicle Loan,standard_payment,False,loan_payment_generator
TXNL201900001871,ACC0012266,IND19003573,LN2019080000898,LDO20190000217,3,2019-12-01,03:28:27,1845.53,Debit,Completed,,Loan Payment - LN2019080000898,False,,0.95,,Automated,Vehicle Loan,standard_payment,False,loan_payment_generator
TXNL201900001872,ACC0011951,IND19016239,LN2019080000902,LDO20190000218,4,2019-12-21,04:03:13,2597.0,Debit,Completed,,Loan Payment - LN2019080000902,False,,1.34,,Automated,Home Loan,standard_payment,False,loan_payment_generator
TXNL201900001873,ACC0011792,IND19012021,LN2019080000908,LDO20190000219,4,2019-12-17,04:23:39,3093.11,Debit,Completed,,Loan Payment - LN2019080000908,False,,1.98,,Automated,Vehicle Loan,standard_payment,False,loan_payment_generator
TXNL201900001874,ACC0011822,IND19006466,LN2019080000912,LDO20190000463,4,2019-12-21,02:48:12,2522.16,Debit,Completed,,Loan Payment - LN2019080000912,False,,1.25,,Automated,Vehicle Loan,standard_payment,False,loan_payment_generator
TXNL201900001875,ACC0012373,IND19004144,LN2019080000920,LDO20190000464,4,2019-12-25,04:46:24,2549.04,Debit,Completed,,Loan Payment - LN2019080000920,False,,0.86,,Automated,Vehicle Loan,standard_payment,False,loan_payment_generator
TXNL201900001876,ACC0011553,IND19016071,LN2019080000929,LDO20190000465,4,2019-12-23,04:30:05,877.7,Debit,Completed,,Loan Payment - LN2019080000929 - Late Fee,False,,0.98,,Automated,Personal Loan,late_payment,False,loan_payment_generator
TXNL201900001877,ACC0012212,IND19008741,LN2019080000931,LDO20190000220,4,2019-12-13,04:42:28,2098.07,Debit,Completed,,Loan Payment - LN2019080000931,False,,1.95,,Automated,Vehicle Loan,standard_payment,False,loan_payment_generator
TXNL201900001878,ACC0011662,IND19007783,LN2019080000938,LDO20190001031,4,2019-12-20,04:36:08,14044.98,Debit,Completed,,Loan Payment - LN2019080000938,False,,0.22,,Automated,Personal Loan,standard_payment,False,loan_payment_generator
TXNL201900001879,ACC0012113,IND19011037,LN2019080000941,LDO20190000466,4,2019-12-11,02:19:49,4909.23,Debit,Completed,,Loan Payment - LN2019080000941,False,,0.34,,Automated,Home Loan,standard_payment,False,loan_payment_generator
TXNL201900001880,ACC0012170,IND19002223,LN2019080000942,LDO20190000467,4,2019-12-21,03:27:48,465.59,Debit,Completed,,Loan Payment - LN2019080000942,False,,1.39,,Automated,Vehicle Loan,standard_payment,False,loan_payment_generator
TXNL201900001881,ACC0012092,IND19008449,LN2019080000946,LDO20190001032,4,2019-12-15,03:50:43,2105.91,Debit,Completed,,Loan Payment - LN2019080000946,False,,1.5,,Automated,Home Loan,standard_payment,False,loan_payment_generator
TXNL201900001882,ACC0012767,IND19006341,LN2019080000950,LDO20190000004,4,2019-12-21,03:32:15,1417.45,Debit,Completed,,Loan Payment - LN2019080000950,False,,1.85,,Automated,Home Loan,standard_payment,False,loan_payment_generator
TXNL201900001883,ACC0012614,IND19014627,LN2019080000953,LDO20190001033,3,2019-12-01,04:05:56,2160.22,Debit,Completed,,Loan Payment - LN2019080000953,False,,0.87,,Automated,Vehicle Loan,standard_payment,False,loan_payment_generator
TXNL201900001884,ACC0012204,IND19003136,LN2019080000954,LDO20190001034,3,2019-12-02,03:04:01,753.49,Debit,Completed,,Loan Payment - LN2019080000954,False,,1.33,,Automated,Home Loan,standard_payment,False,loan_payment_generator
TXNL201900001885,ACC0012896,COM19000288,LN2019080000963,LDO20190001035,4,2019-12-29,02:53:46,12620.25,Debit,Completed,,Loan Payment - LN2019080000963 - Extra Principal,False,,0.58,,Automated,Business Loan,extra_payment,False,loan_payment_generator
TXNL201900001886,ACC0012158,IND19016865,LN2019080000989,LDO20190001036,4,2019-12-13,04:10:55,5394.31,Debit,Completed,,Loan Payment - LN2019080000989,False,,0.13,,Automated,Home Loan,standard_payment,False,loan_payment_generator
TXNL201900001887,ACC0012171,IND19019262,LN2019080000993,LDO20190000468,4,2019-12-28,02:24:51,3358.57,Debit,Completed,,Loan Payment - LN2019080000993,False,,1.5,,Automated,Personal Loan,standard_payment,False,loan_payment_generator
TXNL201900001888,ACC0011454,IND19004910,LN2019080000995,LDO20190001037,4,2019-12-20,02:27:43,3405.49,Debit,Completed,,Loan Payment - LN2019080000995,False,,0.06,,Automated,Vehicle Loan,standard_payment,False,loan_payment_generator
TXNL201900001889,ACC0012234,IND19012335,LN2019080000997,LDO20190001038,4,2019-12-24,03:55:49,1074.89,Debit,Completed,,Loan Payment - LN2019080000997,False,,1.68,,Automated,Home Loan,standard_payment,False,loan_payment_generator
TXNL201900001890,ACC0011441,IND19004907,LN2019080000998,LDO20190000469,4,2019-12-25,04:46:44,3100.65,Debit,Completed,,Loan Payment - LN2019080000998,False,,1.81,,Automated,Home Loan,standard_payment,False,loan_payment_generator
TXNL201900001891,ACC0012118,IND19010720,LN2019080000999,LDO20190000470,4,2019-12-15,03:30:06,2914.52,Debit,Completed,,Loan Payment - LN2019080000999,False,,1.83,,Automated,Home Loan,standard_payment,False,loan_payment_generator
TXNL201900001892,ACC0012260,IND19007134,LN2019080001002,LDO20190001039,4,2019-12-16,04:06:17,1093.46,Debit,Completed,,Loan Payment - LN2019080001002,False,,1.43,,Automated,Vehicle Loan,standard_payment,False,loan_payment_generator
TXNL201900001893,ACC0012368,IND19017074,LN2019080001003,LDO20190000471,4,2019-12-28,02:42:05,13920.44,Debit,Completed,,Loan Payment - LN2019080001003,False,,1.55,,Automated,Personal Loan,standard_payment,False,loan_payment_generator
TXNL201900001894,ACC0011570,IND19008030,LN2019080001004,LDO20190001040,4,2019-12-16,03:05:57,11968.58,Debit,Completed,,Loan Payment - LN2019080001004,False,,0.62,,Automated,Personal Loan,standard_payment,False,loan_payment_generator
TXNL201900001895,ACC0012499,IND19014773,LN2019080001010,LDO20190001041,3,2019-12-03,04:35:43,1656.36,Debit,Completed,,Loan Payment - LN2019080001010,False,,0.18,,Automated,Personal Loan,standard_payment,False,loan_payment_generator
TXNL201900001896,ACC0012494,IND19001976,LN2019080001013,LDO20190000472,3,2019-12-04,03:00:22,2311.56,Debit,Completed,,Loan Payment - LN2019080001013,False,,1.82,,Automated,Home Loan,standard_payment,False,loan_payment_generator
TXNL201900001897,ACC0011520,IND19012986,LN2019080001014,LDO20190001042,3,2019-12-03,03:14:27,2298.49,Debit,Completed,,Loan Payment - LN2019080001014,False,,1.6,,Automated,Vehicle Loan,standard_payment,False,loan_payment_generator
TXNL201900001898,ACC0012768,IND19010556,LN2019080001021,LDO20190001043,4,2019-12-14,02:25:29,6373.64,Debit,Completed,,Loan Payment - LN2019080001021 - Extra Principal,False,,1.91,,Automated,Personal Loan,extra_payment,False,loan_payment_generator
TXNL201900001899,ACC0012133,IND19000962,LN2019080001027,LDO20190001044,4,2019-12-29,04:34:04,929.9,Debit,Completed,,Loan Payment - LN2019080001027,False,,0.99,,Automated,Personal Loan,standard_payment,False,loan_payment_generator
TXNL201900001900,ACC0012747,IND19005503,LN2019080001029,LDO20190001045,4,2019-12-29,04:34:17,447.83,Debit,Completed,,Loan Payment - LN2019080001029,False,,1.17,,Automated,Home Loan,standard_payment,False,loan_payment_generator
TXNL201900001901,ACC0011299,IND19013786,LN2019080001033,LDO20190001046,4,2019-12-22,03:26:23,4077.76,Debit,Completed,,Loan Payment - LN2019080001033,False,,0.62,,Automated,Home Loan,standard_payment,False,loan_payment_generator
TXNL201900001902,ACC0011729,IND19009759,LN2019080001034,LDO20190001047,3,2019-12-01,04:08:39,6602.39,Debit,Failed,account_blocked,Loan Payment - LN2019080001034 - Late Fee,False,,1.67,,Automated,Home Loan,late_payment,False,loan_payment_generator
TXNL201900001903,ACC0011740,IND19008521,LN2019080001037,LDO20190001048,3,2019-12-09,04:28:51,10740.24,Debit,Completed,,Loan Payment - LN2019080001037,False,,1.99,,Automated,Personal Loan,standard_payment,False,loan_payment_generator
TXNL201900001904,ACC0012654,IND19004248,LN2019080001042,LDO20190001049,4,2019-12-22,03:07:25,1661.75,Debit,Completed,,Loan Payment - LN2019080001042,False,,0.19,,Automated,Vehicle Loan,standard_payment,False,loan_payment_generator
TXNL201900001905,ACC0012504,IND19000209,LN2019080001043,LDO20190001050,3,2019-12-09,04:31:20,1686.55,Debit,Completed,,Loan Payment - LN2019080001043,False,,0.22,,Automated,Personal Loan,standard_payment,False,loan_payment_generator
TXNL201900001906,ACC0012103,IND19001306,LN2019080001044,LDO20190000221,4,2019-12-31,02:49:30,927.03,Debit,Completed,,Loan Payment - LN2019080001044,False,,0.22,,Automated,Home Loan,standard_payment,False,loan_payment_generator
TXNL201900001907,ACC0012356,IND19014034,LN2019080001051,LDO20190000473,4,2019-12-31,02:21:02,1923.12,Debit,Completed,,Loan Payment - LN2019080001051 - Late Fee,False,,1.49,,Automated,Home Loan,late_payment,False,loan_payment_generator
TXNL201900001908,ACC0012758,IND19006998,LN2019080001059,LDO20190001051,3,2019-12-10,04:59:58,3290.24,Debit,Completed,,Loan Payment - LN2019080001059,False,,1.81,,Automated,Vehicle Loan,standard_payment,False,loan_payment_generator
TXNL201900001909,ACC0012214,IND19014256,LN2019080001062,LDO20190001052,4,2019-12-19,04:54:03,3700.9,Debit,Completed,,Loan Payment - LN2019080001062,False,,0.49,,Automated,Home Loan,standard_payment,False,loan_payment_generator
TXNL201900001910,ACC0012250,IND19013806,LN2019080001067,LDO20190001053,3,2019-12-02,02:15:46,1768.54,Debit,Completed,,Loan Payment - LN2019080001067,False,,0.14,,Automated,Personal Loan,standard_payment,False,loan_payment_generator
TXNL201900001911,ACC0011636,IND19007660,LN2019080001072,LDO20190001054,4,2019-12-27,02:46:12,2269.22,Debit,Completed,,Loan Payment - LN2019080001072,False,,1.48,,Automated,Personal Loan,standard_payment,False,loan_payment_generator
TXNL201900001912,ACC0012027,IND19008927,LN2019080001074,LDO20190001055,3,2019-12-09,02:49:54,1433.59,Debit,Completed,,Loan Payment - LN2019080001074,False,,0.32,,Automated,Home Loan,standard_payment,False,loan_payment_generator
TXNL201900001913,ACC0011688,IND19017736,LN2019080001076,LDO20190001056,4,2019-12-18,03:07:13,1666.79,Debit,Completed,,Loan Payment - LN2019080001076 - Partial,False,,0.75,,Automated,Personal Loan,partial_payment,False,loan_payment_generator
TXNL201900001914,ACC0011814,IND19013409,LN2019080001082,LDO20190000222,4,2019-12-23,02:58:04,3589.0,Debit,Completed,,Loan Payment - LN2019080001082,False,,1.49,,Automated,Home Loan,standard_payment,False,loan_payment_generator
TXNL201900001915,ACC0012076,IND19015931,LN2019080001086,LDO20190001057,4,2019-12-29,02:33:54,1514.97,Debit,Completed,,Loan Payment - LN2019080001086,False,,1.01,,Automated,Vehicle Loan,standard_payment,False,loan_payment_generator
TXNL201900001916,ACC0012385,IND19001495,LN2019080001088,LDO20190000474,3,2019-12-02,04:43:02,952.55,Debit,Completed,,Loan Payment - LN2019080001088,False,,0.56,,Automated,Home Loan,standard_payment,False,loan_payment_generator
TXNL201900001917,ACC0012393,IND19006925,LN2019080001091,LDO20190000475,4,2019-12-21,04:43:39,1732.18,Debit,Completed,,Loan Payment - LN2019080001091,False,,0.13,,Automated,Personal Loan,standard_payment,False,loan_payment_generator
TXNL201900001918,ACC0011558,IND19005048,LN2019080001099,LDO20190000476,4,2019-12-28,03:26:44,3638.6,Debit,Completed,,Loan Payment - LN2019080001099,False,,0.55,,Automated,Vehicle Loan,standard_payment,False,loan_payment_generator
TXNL201900001919,ACC0012513,IND19015680,LN2019080001108,LDO20190001058,4,2019-12-30,04:14:44,1352.59,Debit,Completed,,Loan Payment - LN2019080001108,False,,0.33,,Automated,Vehicle Loan,standard_payment,False,loan_payment_generator
TXNL201900001920,ACC0012107,IND19008635,LN2019080001114,LDO20190001059,4,2019-12-27,04:51:34,2024.88,Debit,Completed,,Loan Payment - LN2019080001114,False,,1.96,,Automated,Vehicle Loan,standard_payment,False,loan_payment_generator
TXNL201900001921,ACC0012739,IND19007446,LN2019080001118,LDO20190001060,3,2019-12-01,03:05:25,1157.72,Debit,Completed,,Loan Payment - LN2019080001118,False,,0.84,,Automated,Personal Loan,standard_payment,False,loan_payment_generator
TXNL201900001922,ACC0012222,IND19019694,LN2019080001126,LDO20190001061,4,2019-12-09,02:04:14,3692.67,Debit,Completed,,Loan Payment - LN2019080001126,False,,1.1,,Automated,Home Loan,standard_payment,False,loan_payment_generator
TXNL201900001923,ACC0011458,IND19008867,LN2019080001131,LDO20190001062,4,2019-12-18,04:21:46,2438.52,Debit,Completed,,Loan Payment - LN2019080001131,False,,1.95,,Automated,Vehicle Loan,standard_payment,False,loan_payment_generator
TXNL201900001924,ACC0011605,IND19007573,LN2019080001139,LDO20190001063,4,2019-12-27,03:17:37,8340.92,Debit,Completed,,Loan Payment - LN2019080001139,False,,1.87,,Automated,Home Loan,standard_payment,False,loan_payment_generator
TXNL201900001925,ACC0012849,IND19005417,LN2019080001142,LDO20190001064,3,2019-12-05,04:48:26,2277.83,Debit,Completed,,Loan Payment - LN2019080001142,False,,0.64,,Automated,Home Loan,standard_payment,False,loan_payment_generator
TXNL201900001926,ACC0012303,IND19009010,LN2019080001143,LDO20190001065,4,2019-12-20,04:41:43,1370.63,Debit,Completed,,Loan Payment - LN2019080001143,False,,1.98,,Automated,Home Loan,standard_payment,False,loan_payment_generator
TXNL201900001927,ACC0012015,IND19003146,LN2019080001148,LDO20190000477,4,2019-12-24,04:28:48,3392.06,Debit,Completed,,Loan Payment - LN2019080001148,False,,1.94,,Automated,Personal Loan,standard_payment,False,loan_payment_generator
TXNL201900001928,ACC0011594,IND19009558,LN2019080001154,LDO20190001066,4,2019-12-14,03:40:54,7344.24,Debit,Completed,,Loan Payment - LN2019080001154,False,,1.2,,Automated,Home Loan,standard_payment,False,loan_payment_generator
TXNL201900001929,ACC0012583,IND19004856,LN2019080001169,LDO20190001067,4,2019-12-23,04:27:13,1508.05,Debit,Completed,,Loan Payment - LN2019080001169,False,,0.22,,Automated,Home Loan,standard_payment,False,loan_payment_generator
TXNL201900001930,ACC0011843,IND19002977,LN2019080001175,LDO20190001068,4,2019-12-29,03:19:21,1117.08,Debit,Completed,,Loan Payment - LN2019080001175,False,,0.41,,Automated,Vehicle Loan,standard_payment,False,loan_payment_generator
TXNL201900001931,ACC0012571,IND19001949,LN2019080001186,LDO20190000478,3,2019-12-03,02:10:55,2279.73,Debit,Completed,,Loan Payment - LN2019080001186,False,,1.73,,Automated,Home Loan,standard_payment,False,loan_payment_generator
TXNL201900001932,ACC0012218,IND19008337,LN2019080001196,LDO20190001069,3,2019-12-02,04:49:38,2775.96,Debit,Completed,,Loan Payment - LN2019080001196,False,,0.31,,Automated,Home Loan,standard_payment,False,loan_payment_generator
TXNL201900001933,ACC0012713,IND19011304,LN2019080001197,LDO20190000479,3,2019-12-10,02:44:43,3582.86,Debit,Completed,,Loan Payment - LN2019080001197,False,,1.25,,Automated,Vehicle Loan,standard_payment,False,loan_payment_generator
TXNL201900001934,ACC0011806,IND19012627,LN2019080001202,LDO20190001070,3,2019-12-10,03:09:30,1614.11,Debit,Completed,,Loan Payment - LN2019080001202,False,,0.9,,Automated,Home Loan,standard_payment,False,loan_payment_generator
TXNL201900001935,ACC0011418,IND19002376,LN2019080001203,LDO20190001071,3,2019-12-02,04:22:14,11952.78,Debit,Completed,,Loan Payment - LN2019080001203,False,,0.19,,Automated,Personal Loan,standard_payment,False,loan_payment_generator
TXNL201900001936,ACC0012240,IND19004835,LN2019080001206,LDO20190001072,4,2019-12-12,03:55:01,3760.2,Debit,Completed,,Loan Payment - LN2019080001206 - Late Fee,False,,0.24,,Automated,Home Loan,late_payment,False,loan_payment_generator
TXNL201900001937,ACC0011803,IND19019137,LN2019080001216,LDO20190001073,4,2019-12-29,03:59:04,7160.2,Debit,Completed,,Loan Payment - LN2019080001216,False,,1.5,,Automated,Personal Loan,standard_payment,False,loan_payment_generator
TXNL201900001938,ACC0012305,IND19010535,LN2019080001230,LDO20190001074,4,2019-12-28,04:20:02,7718.99,Debit,Completed,,Loan Payment - LN2019080001230,False,,0.72,,Automated,Home Loan,standard_payment,False,loan_payment_generator
TXNL201900001939,ACC0011726,IND19014238,LN2019080001235,LDO20190001075,4,2019-12-22,04:40:10,2032.12,Debit,Completed,,Loan Payment - LN2019080001235,False,,0.64,,Automated,Home Loan,standard_payment,False,loan_payment_generator
TXNL201900001940,ACC0011377,IND19012177,LN2019080001240,LDO20190001076,3,2019-12-05,03:44:50,4752.33,Debit,Completed,,Loan Payment - LN2019080001240,False,,0.11,,Automated,Home Loan,standard_payment,False,loan_payment_generator
TXNL201900001941,ACC0011584,IND19012193,LN2019080001246,LDO20190000480,4,2019-12-29,04:48:59,1771.62,Debit,Completed,,Loan Payment - LN2019080001246,False,,1.04,,Automated,Home Loan,standard_payment,False,loan_payment_generator
TXNL201900001942,ACC0012871,COM19000067,LN2019080001247,LDO20190001077,3,2019-12-06,03:30:15,6437.86,Debit,Completed,,Loan Payment - LN2019080001247,False,,1.32,,Automated,Business Loan,standard_payment,False,loan_payment_generator
TXNL201900001943,ACC0011658,IND19019139,LN2019080001248,LDO20190000481,4,2019-12-25,02:25:48,3175.16,Debit,Completed,,Loan Payment - LN2019080001248,False,,0.43,,Automated,Home Loan,standard_payment,False,loan_payment_generator
TXNL201900001944,ACC0011513,IND19008916,LN2019080001249,LDO20190001078,4,2019-12-14,03:47:08,3148.52,Debit,Completed,,Loan Payment - LN2019080001249,False,,0.41,,Automated,Vehicle Loan,standard_payment,False,loan_payment_generator
TXNL201900001945,ACC0012387,IND19019017,LN2019080001254,LDO20190000223,4,2019-12-17,02:54:14,4023.18,Debit,Completed,,Loan Payment - LN2019080001254 - Extra Principal,False,,1.93,,Automated,Home Loan,extra_payment,False,loan_payment_generator
TXNL201900001946,ACC0011994,IND19001228,LN2019080001255,LDO20190000224,4,2019-12-12,04:33:46,1898.25,Debit,Completed,,Loan Payment - LN2019080001255 - Late Fee,False,,0.36,,Automated,Home Loan,late_payment,False,loan_payment_generator
TXNL201900001947,ACC0011382,IND19019008,LN2019080001261,LDO20190001079,4,2019-12-20,03:29:45,4340.55,Debit,Completed,,Loan Payment - LN2019080001261,False,,0.24,,Automated,Vehicle Loan,standard_payment,False,loan_payment_generator
TXNL201900001948,ACC0012190,IND19004395,LN2019080001264,LDO20190000042,4,2019-12-18,03:59:36,1786.59,Debit,Completed,,Loan Payment - LN2019080001264,False,,1.07,,Automated,Home Loan,standard_payment,False,loan_payment_generator
TXNL201900001949,ACC0012332,IND19006771,LN2019080001266,LDO20190001080,4,2019-12-31,04:58:44,602.03,Debit,Completed,,Loan Payment - LN2019080001266,False,,1.3,,Automated,Home Loan,standard_payment,False,loan_payment_generator
TXNL201900001950,ACC0012440,IND19003116,LN2019080001269,LDO20190001081,4,2019-12-21,03:00:44,1257.96,Debit,Completed,,Loan Payment - LN2019080001269,False,,1.49,,Automated,Personal Loan,standard_payment,False,loan_payment_generator
TXNL201900001951,ACC0011442,IND19004907,LN2019080001285,LDO20190001082,3,2019-12-03,04:36:16,17502.09,Debit,Completed,,Loan Payment - LN2019080001285,False,,1.08,,Automated,Personal Loan,standard_payment,False,loan_payment_generator
TXNL201900001952,ACC0011760,IND19014021,LN2019080001300,LDO20190000017,4,2019-12-29,02:27:10,4356.6,Debit,Completed,,Loan Payment - LN2019080001300,False,,1.53,,Automated,Home Loan,standard_payment,False,loan_payment_generator
TXNL201900001953,ACC0012523,IND19017835,LN2019080001321,LDO20190001083,4,2019-12-25,02:42:59,3034.78,Debit,Completed,,Loan Payment - LN2019080001321,False,,0.08,,Automated,Personal Loan,standard_payment,False,loan_payment_generator
TXNL201900001954,ACC0011965,IND19017536,LN2019080001324,LDO20190000225,4,2019-12-23,04:40:46,5397.08,Debit,Completed,,Loan Payment - LN2019080001324,False,,0.4,,Automated,Home Loan,standard_payment,False,loan_payment_generator
TXNL201900001955,ACC0012415,IND19001636,LN2019080001343,LDO20190000482,3,2019-12-01,02:20:46,4574.95,Debit,Completed,,Loan Payment - LN2019080001343,False,,0.32,,Automated,Home Loan,standard_payment,False,loan_payment_generator
TXNL201900001956,ACC0011924,IND19013724,LN2019080001346,,4,2019-12-13,02:20:18,3936.87,Debit,Completed,,Loan Payment - LN2019080001346,False,,2.5,,Automated,Home Loan,standard_payment,False,loan_payment_generator
TXNL201900001957,ACC0012416,IND19017291,LN2019080001356,LDO20190001084,4,2019-12-15,02:45:12,5476.84,Debit,Completed,,Loan Payment - LN2019080001356,False,,0.9,,Automated,Vehicle Loan,standard_payment,False,loan_payment_generator
TXNL201900001958,ACC0012879,COM19000170,LN2019080001357,LDO20190001085,4,2019-12-11,04:29:46,28444.38,Debit,Completed,,Loan Payment - LN2019080001357,False,,0.33,,Automated,Business Loan,standard_payment,False,loan_payment_generator
TXNL201900001959,ACC0012379,IND19017606,LN2019080001358,LDO20190000043,3,2019-12-06,03:02:19,2909.92,Debit,Completed,,Loan Payment - LN2019080001358,False,,0.59,,Automated,Vehicle Loan,standard_payment,False,loan_payment_generator
TXNL201900001960,ACC0012659,IND19017679,LN2019080001361,LDO20190001086,4,2019-12-31,03:32:15,2448.2,Debit,Completed,,Loan Payment - LN2019080001361,False,,1.03,,Automated,Home Loan,standard_payment,False,loan_payment_generator
TXNL201900001961,ACC0011484,IND19005935,LN2019080001368,LDO20190001087,3,2019-12-01,04:50:54,1037.66,Debit,Completed,,Loan Payment - LN2019080001368,False,,0.89,,Automated,Home Loan,standard_payment,False,loan_payment_generator
TXNL201900001962,ACC0011572,IND19002387,LN2019080001372,LDO20190001088,4,2019-12-28,03:55:49,11960.68,Debit,Completed,,Loan Payment - LN2019080001372,False,,0.65,,Automated,Personal Loan,standard_payment,False,loan_payment_generator
TXNL201900001963,ACC0012321,IND19005383,LN2019080001387,LDO20190001089,4,2019-12-17,02:03:33,6868.13,Debit,Cancelled,customer_stop_instruction,Loan Payment - LN2019080001387,False,,0.17,,Automated,Home Loan,standard_payment,False,loan_payment_generator
TXNL201900001964,ACC0012765,IND19002451,LN2019080001392,LDO20190000226,3,2019-12-07,02:26:31,470.9,Debit,Completed,,Loan Payment - LN2019080001392,False,,1.7,,Automated,Home Loan,standard_payment,False,loan_payment_generator
TXNL201900001965,ACC0011437,IND19001286,LN2019080001397,LDO20190001090,4,2019-12-22,02:44:17,3228.92,Debit,Completed,,Loan Payment - LN2019080001397,False,,1.07,,Automated,Vehicle Loan,standard_payment,False,loan_payment_generator
TXNL201900001966,ACC0012519,IND19014696,LN2019080001398,LDO20190000044,4,2019-12-25,03:53:43,4535.95,Debit,Completed,,Loan Payment - LN2019080001398,False,,1.67,,Automated,Home Loan,standard_payment,False,loan_payment_generator
TXNL201900001967,ACC0012090,IND19018545,LN2019080001402,LDO20190000102,4,2019-12-11,02:07:07,2581.48,Debit,Completed,,Loan Payment - LN2019080001402,False,,0.87,,Automated,Home Loan,standard_payment,False,loan_payment_generator
TXNL201900001968,ACC0011724,IND19019660,LN2019080001405,LDO20190000227,4,2019-12-29,02:51:09,1602.76,Debit,Completed,,Loan Payment - LN2019080001405,False,,0.34,,Automated,Vehicle Loan,standard_payment,False,loan_payment_generator
TXNL201900001969,ACC0012211,IND19013107,LN2019080001409,LDO20190000483,4,2019-12-20,04:34:05,1406.88,Debit,Completed,,Loan Payment - LN2019080001409,False,,1.66,,Automated,Personal Loan,standard_payment,False,loan_payment_generator
TXNL201900001970,ACC0012479,IND19009566,LN2019080001426,LDO20190001091,4,2019-12-23,02:00:39,1234.46,Debit,Completed,,Loan Payment - LN2019080001426,False,,1.52,,Automated,Home Loan,standard_payment,False,loan_payment_generator
TXNL201900001971,ACC0012891,COM19000458,LN2019080001430,LDO20190001092,4,2019-12-16,02:52:25,28294.68,Debit,Completed,,Loan Payment - LN2019080001430,False,,0.78,,Automated,Business Loan,standard_payment,False,loan_payment_generator
TXNL201900001972,ACC0012778,IND19018174,LN2019080001438,LDO20190001093,4,2019-12-30,04:10:05,649.08,Debit,Completed,,Loan Payment - LN2019080001438,False,,1.48,,Automated,Home Loan,standard_payment,False,loan_payment_generator
TXNL201900001973,ACC0012002,IND19012286,LN2019080001440,LDO20190000228,4,2019-12-16,04:10:32,4206.19,Debit,Completed,,Loan Payment - LN2019080001440,False,,0.64,,Automated,Home Loan,standard_payment,False,loan_payment_generator
TXNL201900001974,ACC0011629,IND19014617,LN2019080001444,LDO20190001094,4,2019-12-07,04:47:13,1525.13,Debit,Completed,,Loan Payment - LN2019080001444,False,,1.55,,Automated,Personal Loan,standard_payment,False,loan_payment_generator
TXNL201900001975,ACC0012336,IND19014576,LN2019080001449,LDO20190001095,4,2019-12-30,04:59:49,4559.21,Debit,Completed,,Loan Payment - LN2019080001449,False,,1.67,,Automated,Personal Loan,standard_payment,False,loan_payment_generator
TXNL201900001976,ACC0012885,COM19000269,LN2019080001454,LDO20190000229,4,2019-12-15,02:06:50,5019.92,Debit,Completed,,Loan Payment - LN2019080001454,False,,0.65,,Automated,Business Loan,standard_payment,False,loan_payment_generator
TXNL201900001977,ACC0012804,IND19004517,LN2019080001455,LDO20190001096,3,2019-12-01,04:52:50,2705.28,Debit,Completed,,Loan Payment - LN2019080001455,False,,0.85,,Automated,Home Loan,standard_payment,False,loan_payment_generator
TXNL201900001978,ACC0012648,IND19017587,LN2019080001459,LDO20190001097,4,2019-12-28,04:12:39,3220.31,Debit,Completed,,Loan Payment - LN2019080001459,False,,1.13,,Automated,Vehicle Loan,standard_payment,False,loan_payment_generator
TXNL201900001979,ACC0011569,IND19019002,LN2019080001466,LDO20190001098,4,2019-12-17,04:18:53,2300.03,Debit,Completed,,Loan Payment - LN2019080001466,False,,0.27,,Automated,Vehicle Loan,standard_payment,False,loan_payment_generator
TXNL201900001980,ACC0011913,IND19006977,LN2019080001469,LDO20190000230,3,2019-12-05,04:38:56,3576.01,Debit,Completed,,Loan Payment - LN2019080001469,False,,0.85,,Automated,Vehicle Loan,standard_payment,False,loan_payment_generator
TXNL201900001981,ACC0012708,IND19000435,LN2019080001470,LDO20190000007,3,2019-12-01,03:17:06,1292.28,Debit,Completed,,Loan Payment - LN2019080001470,False,,0.98,,Automated,Home Loan,standard_payment,False,loan_payment_generator
TXNL201900001982,ACC0012153,IND19002940,LN2019080001486,LDO20190001099,4,2019-12-16,04:36:26,4361.16,Debit,Completed,,Loan Payment - LN2019080001486,False,,0.58,,Automated,Home Loan,standard_payment,False,loan_payment_generator
TXNL201900001983,ACC0011775,IND19000105,LN2019080001492,LDO20190001100,3,2019-12-06,02:11:52,1386.76,Debit,Completed,,Loan Payment - LN2019080001492,False,,1.84,,Automated,Vehicle Loan,standard_payment,False,loan_payment_generator
TXNL201900001984,ACC0012428,IND19005073,LN2019080001494,LDO20190001101,4,2019-12-18,02:19:53,2752.13,Debit,Completed,,Loan Payment - LN2019080001494,False,,1.58,,Automated,Personal Loan,standard_payment,False,loan_payment_generator
TXNL201900001985,ACC0012631,IND19002290,LN2019080001511,LDO20190000484,4,2019-12-27,02:22:39,1687.16,Debit,Completed,,Loan Payment - LN2019080001511,False,,1.86,,Automated,Personal Loan,standard_payment,False,loan_payment_generator
TXNL201900001986,ACC0011673,IND19006779,LN2019080001513,LDO20190001102,4,2019-12-19,04:44:54,17514.4,Debit,Completed,,Loan Payment - LN2019080001513,False,,1.72,,Automated,Personal Loan,standard_payment,False,loan_payment_generator
TXNL201900001987,ACC0011391,IND19002978,LN2019080001523,LDO20190000485,3,2019-12-01,02:19:44,5099.06,Debit,Completed,,Loan Payment - LN2019080001523,False,,1.44,,Automated,Vehicle Loan,standard_payment,False,loan_payment_generator
TXNL201900001988,ACC0011696,IND19013515,LN2019080001524,LDO20190000008,4,2019-12-25,02:52:57,1813.92,Debit,Completed,,Loan Payment - LN2019080001524,False,,0.56,,Automated,Home Loan,standard_payment,False,loan_payment_generator
TXNL201900001989,ACC0011668,IND19007492,LN2019080001530,LDO20190000103,3,2019-12-09,04:57:37,968.33,Debit,Completed,,Loan Payment - LN2019080001530,False,,0.25,,Automated,Home Loan,standard_payment,False,loan_payment_generator
TXNL201900001990,ACC0014159,IND19013548,LN2019090000004,LDO20190001103,3,2019-12-25,03:24:28,11997.57,Debit,Completed,,Loan Payment - LN2019090000004,False,,1.11,,Automated,Personal Loan,standard_payment,False,loan_payment_generator
TXNL201900001991,ACC0013804,IND19003513,LN2019090000010,LDO20190001104,3,2019-12-27,02:46:34,4099.7,Debit,Completed,,Loan Payment - LN2019090000010,False,,1.49,,Automated,Personal Loan,standard_payment,False,loan_payment_generator
TXNL201900001992,ACC0014325,IND19008844,LN2019090000019,LDO20190000104,3,2019-12-17,03:43:31,2220.72,Debit,Completed,,Loan Payment - LN2019090000019,False,,1.21,,Automated,Personal Loan,standard_payment,False,loan_payment_generator
TXNL201900001993,ACC0014369,IND19005870,LN2019090000038,LDO20190000486,3,2019-12-20,02:14:46,1163.76,Debit,Completed,,Loan Payment - LN2019090000038,False,,1.61,,Automated,Vehicle Loan,standard_payment,False,loan_payment_generator
TXNL201900001994,ACC0013095,IND19016086,LN2019090000040,LDO20190000487,3,2019-12-15,02:49:34,3868.72,Debit,Completed,,Loan Payment - LN2019090000040,False,,1.51,,Automated,Home Loan,standard_payment,False,loan_payment_generator
TXNL201900001995,ACC0014064,IND19003799,LN2019090000042,LDO20190001105,3,2019-12-10,03:00:00,949.08,Debit,Completed,,Loan Payment - LN2019090000042,False,,0.74,,Automated,Home Loan,standard_payment,False,loan_payment_generator
TXNL201900001996,ACC0013191,IND19001166,LN2019090000048,LDO20190000488,3,2019-12-17,03:41:13,625.84,Debit,Completed,,Loan Payment - LN2019090000048,False,,0.75,,Automated,Personal Loan,standard_payment,False,loan_payment_generator
TXNL201900001997,ACC0013320,IND19010616,LN2019090000052,LDO20190001106,2,2019-12-06,02:03:04,2548.97,Debit,Completed,,Loan Payment - LN2019090000052 - Partial,False,,1.01,,Automated,Home Loan,partial_payment,False,loan_payment_generator
TXNL201900001998,ACC0013149,IND19015870,LN2019090000057,LDO20190000489,2,2019-12-09,04:38:58,1351.92,Debit,Completed,,Loan Payment - LN2019090000057,False,,0.89,,Automated,Personal Loan,standard_payment,False,loan_payment_generator
TXNL201900001999,ACC0013821,IND19000439,LN2019090000061,LDO20190001107,3,2019-12-21,03:16:04,1132.81,Debit,Completed,,Loan Payment - LN2019090000061 - Late Fee,False,,0.52,,Automated,Home Loan,late_payment,False,loan_payment_generator
TXNL201900002000,ACC0013550,IND19012164,LN2019090000066,LDO20190000490,2,2019-12-09,02:02:12,289.6,Debit,Completed,,Loan Payment - LN2019090000066,False,,0.53,,Automated,Home Loan,standard_payment,False,loan_payment_generator
TXNL201900002001,ACC0013679,IND19011920,LN2019090000106,LDO20190000018,3,2019-12-24,03:34:23,1893.33,Debit,Completed,,Loan Payment - LN2019090000106,False,,1.16,,Automated,Personal Loan,standard_payment,False,loan_payment_generator
TXNL201900002002,ACC0013406,IND19012984,LN2019090000109,LDO20190000491,2,2019-12-05,04:11:08,1205.84,Debit,Completed,,Loan Payment - LN2019090000109,False,,0.76,,Automated,Home Loan,standard_payment,False,loan_payment_generator
TXNL201900002003,ACC0013678,IND19011920,LN2019090000122,LDO20190000231,3,2019-12-23,04:51:55,857.29,Debit,Completed,,Loan Payment - LN2019090000122,False,,1.62,,Automated,Vehicle Loan,standard_payment,False,loan_payment_generator
TXNL201900002004,ACC0014416,COM19000106,LN2019090000125,LDO20190000492,3,2019-12-24,04:08:28,10939.42,Debit,Completed,,Loan Payment - LN2019090000125,False,,0.01,,Automated,Business Loan,standard_payment,False,loan_payment_generator
TXNL201900002005,ACC0013221,IND19001239,LN2019090000131,LDO20190001108,3,2019-12-29,02:32:24,3131.26,Debit,Failed,mandate_limit,Loan Payment - LN2019090000131,False,,0.0,,Automated,Vehicle Loan,standard_payment,False,loan_payment_generator
TXNL201900002006,ACC0013683,IND19004119,LN2019090000132,LDO20190000493,3,2019-12-18,04:47:39,2833.11,Debit,Failed,insufficient_funds,Loan Payment - LN2019090000132,False,,0.68,,Automated,Personal Loan,standard_payment,False,loan_payment_generator
TXNL201900002007,ACC0013606,IND19009121,LN2019090000133,LDO20190000232,2,2019-12-04,03:18:23,1524.07,Debit,Completed,,Loan Payment - LN2019090000133 - Partial,False,,0.7,,Automated,Home Loan,partial_payment,False,loan_payment_generator
TXNL201900002008,ACC0013082,IND19002681,LN2019090000146,LDO20190001109,3,2019-12-21,03:02:38,2838.84,Debit,Completed,,Loan Payment - LN2019090000146,False,,1.57,,Automated,Personal Loan,standard_payment,False,loan_payment_generator
TXNL201900002009,ACC0013388,IND19009767,LN2019090000150,LDO20190001110,2,2019-12-04,04:58:25,200.98,Debit,Completed,,Loan Payment - LN2019090000150,False,,0.75,,Automated,Home Loan,standard_payment,False,loan_payment_generator
TXNL201900002010,ACC0014248,IND19004828,LN2019090000155,LDO20190000105,2,2019-12-04,04:45:05,2984.59,Debit,Completed,,Loan Payment - LN2019090000155,False,,0.11,,Automated,Home Loan,standard_payment,False,loan_payment_generator
TXNL201900002011,ACC0014137,IND19003973,LN2019090000157,LDO20190001111,3,2019-12-15,02:01:23,1029.53,Debit,Completed,,Loan Payment - LN2019090000157,False,,0.86,,Automated,Home Loan,standard_payment,False,loan_payment_generator
TXNL201900002012,ACC0013491,IND19000450,LN2019090000158,LDO20190000106,3,2019-12-10,03:09:34,4025.0,Debit,Completed,,Loan Payment - LN2019090000158,False,,1.78,,Automated,Home Loan,standard_payment,False,loan_payment_generator
TXNL201900002013,ACC0013561,IND19006814,LN2019090000160,LDO20190001112,3,2019-12-29,02:37:23,2563.51,Debit,Completed,,Loan Payment - LN2019090000160,False,,1.98,,Automated,Home Loan,standard_payment,False,loan_payment_generator
TXNL201900002014,ACC0014173,IND19007802,LN2019090000179,LDO20190000494,3,2019-12-23,03:00:23,4604.55,Debit,Completed,,Loan Payment - LN2019090000179,False,,0.85,,Automated,Home Loan,standard_payment,False,loan_payment_generator
TXNL201900002015,ACC0014350,IND19001727,LN2019090000183,LDO20190001113,3,2019-12-30,02:42:55,2162.09,Debit,Completed,,Loan Payment - LN2019090000183,False,,0.28,,Automated,Vehicle Loan,standard_payment,False,loan_payment_generator
TXNL201900002016,ACC0012972,IND19012652,LN2019090000194,LDO20190001114,2,2019-12-03,03:53:23,24248.08,Debit,Failed,mandate_limit,Loan Payment - LN2019090000194,False,,0.34,,Automated,Personal Loan,standard_payment,False,loan_payment_generator
TXNL201900002017,ACC0014327,IND19003764,LN2019090000196,LDO20190001115,2,2019-12-04,04:16:54,1753.43,Debit,Completed,,Loan Payment - LN2019090000196,False,,0.41,,Automated,Home Loan,standard_payment,False,loan_payment_generator
TXNL201900002018,ACC0013899,IND19006826,LN2019090000197,LDO20190001116,3,2019-12-24,03:47:28,3350.44,Debit,Completed,,Loan Payment - LN2019090000197,False,,1.62,,Automated,Home Loan,standard_payment,False,loan_payment_generator
TXNL201900002019,ACC0014178,IND19009947,LN2019090000199,LDO20190000495,3,2019-12-29,02:40:33,2254.73,Debit,Completed,,Loan Payment - LN2019090000199,False,,0.12,,Automated,Personal Loan,standard_payment,False,loan_payment_generator
TXNL201900002020,ACC0012975,IND19004755,LN2019090000200,LDO20190001117,2,2019-12-06,03:20:54,2863.05,Debit,Completed,,Loan Payment - LN2019090000200,False,,0.01,,Automated,Home Loan,standard_payment,False,loan_payment_generator
TXNL201900002021,ACC0013359,IND19013327,LN2019090000202,LDO20190001118,3,2019-12-17,04:48:26,2669.07,Debit,Completed,,Loan Payment - LN2019090000202,False,,0.45,,Automated,Vehicle Loan,standard_payment,False,loan_payment_generator
TXNL201900002022,ACC0013662,IND19018850,LN2019090000209,LDO20190001119,2,2019-12-04,02:56:42,3424.54,Debit,Completed,,Loan Payment - LN2019090000209,False,,0.19,,Automated,Home Loan,standard_payment,False,loan_payment_generator
TXNL201900002023,ACC0013904,IND19000190,LN2019090000210,LDO20190001120,2,2019-12-04,02:12:18,3468.56,Debit,Completed,,Loan Payment - LN2019090000210,False,,1.05,,Automated,Home Loan,standard_payment,False,loan_payment_generator
TXNL201900002024,ACC0013292,IND19002051,LN2019090000227,LDO20190000107,3,2019-12-17,03:59:05,1105.77,Debit,Completed,,Loan Payment - LN2019090000227,False,,0.53,,Automated,Personal Loan,standard_payment,False,loan_payment_generator
TXNL201900002025,ACC0013538,IND19005305,LN2019090000234,LDO20190001121,2,2019-12-03,04:41:46,3462.49,Debit,Completed,,Loan Payment - LN2019090000234,False,,0.39,,Automated,Home Loan,standard_payment,False,loan_payment_generator
TXNL201900002026,ACC0014390,IND19008748,LN2019090000241,LDO20190001122,2,2019-12-08,02:51:51,745.28,Debit,Completed,,Loan Payment - LN2019090000241,False,,0.33,,Automated,Home Loan,standard_payment,False,loan_payment_generator
TXNL201900002027,ACC0013272,IND19004573,LN2019090000249,LDO20190001123,3,2019-12-25,04:07:03,328.91,Debit,Completed,,Loan Payment - LN2019090000249,False,,1.49,,Automated,Home Loan,standard_payment,False,loan_payment_generator
TXNL201900002028,ACC0013317,IND19008051,LN2019090000250,LDO20190001124,3,2019-12-21,02:15:27,2255.9,Debit,Completed,,Loan Payment - LN2019090000250,False,,0.24,,Automated,Personal Loan,standard_payment,False,loan_payment_generator
TXNL201900002029,ACC0013632,IND19004380,LN2019090000257,LDO20190001125,3,2019-12-29,04:47:47,2591.59,Debit,Completed,,Loan Payment - LN2019090000257,False,,1.44,,Automated,Home Loan,standard_payment,False,loan_payment_generator
TXNL201900002030,ACC0013464,IND19000732,LN2019090000258,LDO20190001126,3,2019-12-30,02:17:04,611.39,Debit,Completed,,Loan Payment - LN2019090000258,False,,0.11,,Automated,Vehicle Loan,standard_payment,False,loan_payment_generator
TXNL201900002031,ACC0014023,IND19011432,LN2019090000268,LDO20190001127,3,2019-12-11,04:15:58,3342.93,Debit,Completed,,Loan Payment - LN2019090000268,False,,1.35,,Automated,Home Loan,standard_payment,False,loan_payment_generator
TXNL201900002032,ACC0013036,IND19005404,LN2019090000271,LDO20190001128,3,2019-12-15,02:28:48,1462.89,Debit,Completed,,Loan Payment - LN2019090000271,False,,1.32,,Automated,Home Loan,standard_payment,False,loan_payment_generator
TXNL201900002033,ACC0013854,IND19007307,LN2019090000277,LDO20190001129,3,2019-12-25,04:10:34,915.45,Debit,Completed,,Loan Payment - LN2019090000277,False,,0.54,,Automated,Home Loan,standard_payment,False,loan_payment_generator
TXNL201900002034,ACC0013439,IND19007328,LN2019090000285,LDO20190001130,2,2019-12-04,02:30:10,1233.14,Debit,Completed,,Loan Payment - LN2019090000285,False,,1.02,,Automated,Vehicle Loan,standard_payment,False,loan_payment_generator
TXNL201900002035,ACC0014053,IND19014350,LN2019090000290,LDO20190000233,2,2019-12-03,03:48:42,2553.64,Debit,Completed,,Loan Payment - LN2019090000290,False,,0.51,,Automated,Personal Loan,standard_payment,False,loan_payment_generator
TXNL201900002036,ACC0014336,IND19002297,LN2019090000300,LDO20190001131,3,2019-12-18,02:47:31,14055.17,Debit,Completed,,Loan Payment - LN2019090000300,False,,1.04,,Automated,Personal Loan,standard_payment,False,loan_payment_generator
TXNL201900002037,ACC0013027,IND19002754,LN2019090000304,LDO20190000234,2,2019-12-06,03:30:55,1407.35,Debit,Completed,,Loan Payment - LN2019090000304,False,,0.63,,Automated,Home Loan,standard_payment,False,loan_payment_generator
TXNL201900002038,ACC0013175,IND19017688,LN2019090000311,LDO20190000108,3,2019-12-20,02:15:44,1695.03,Debit,Completed,,Loan Payment - LN2019090000311,False,,0.79,,Automated,Home Loan,standard_payment,False,loan_payment_generator
TXNL201900002039,ACC0014083,IND19000057,LN2019090000312,LDO20190001132,3,2019-12-28,04:41:03,1982.96,Debit,Completed,,Loan Payment - LN2019090000312,False,,1.57,,Automated,Home Loan,standard_payment,False,loan_payment_generator
TXNL201900002040,ACC0013626,IND19013599,LN2019090000316,LDO20190001133,3,2019-12-27,03:56:47,2335.38,Debit,Completed,,Loan Payment - LN2019090000316 - Late Fee,False,,1.09,,Automated,Home Loan,late_payment,False,loan_payment_generator
TXNL201900002041,ACC0014213,IND19005692,LN2019090000323,LDO20190001134,3,2019-12-24,03:11:09,10109.16,Debit,Completed,,Loan Payment - LN2019090000323,False,,0.47,,Automated,Personal Loan,standard_payment,False,loan_payment_generator
TXNL201900002042,ACC0014039,IND19015009,LN2019090000326,LDO20190001135,2,2019-12-07,04:40:34,3436.63,Debit,Completed,,Loan Payment - LN2019090000326 - Late Fee,False,,1.86,,Automated,Personal Loan,late_payment,False,loan_payment_generator
TXNL201900002043,ACC0013185,IND19009344,LN2019090000327,LDO20190001136,2,2019-12-08,04:49:27,2800.69,Debit,Completed,,Loan Payment - LN2019090000327,False,,1.61,,Automated,Home Loan,standard_payment,False,loan_payment_generator
TXNL201900002044,ACC0014399,IND19000094,LN2019090000332,LDO20190001137,3,2019-12-21,04:28:32,3298.91,Debit,Completed,,Loan Payment - LN2019090000332,False,,1.77,,Automated,Home Loan,standard_payment,False,loan_payment_generator
TXNL201900002045,ACC0013689,IND19018278,LN2019090000336,LDO20190000235,2,2019-12-07,03:53:19,2084.96,Debit,Completed,,Loan Payment - LN2019090000336,False,,0.51,,Automated,Home Loan,standard_payment,False,loan_payment_generator
TXNL201900002046,ACC0013171,IND19017116,LN2019090000338,LDO20190000496,3,2019-12-18,02:33:56,1611.57,Debit,Completed,,Loan Payment - LN2019090000338,False,,0.1,,Automated,Personal Loan,standard_payment,False,loan_payment_generator
TXNL201900002047,ACC0014190,IND19010671,LN2019090000340,LDO20190001138,3,2019-12-14,03:36:07,965.63,Debit,Completed,,Loan Payment - LN2019090000340 - Partial,False,,1.4,,Automated,Personal Loan,partial_payment,False,loan_payment_generator
TXNL201900002048,ACC0014218,IND19008927,LN2019090000343,LDO20190001139,3,2019-12-19,04:40:02,2871.69,Debit,Completed,,Loan Payment - LN2019090000343,False,,1.39,,Automated,Vehicle Loan,standard_payment,False,loan_payment_generator
TXNL201900002049,ACC0014255,IND19008817,LN2019090000355,LDO20190000497,3,2019-12-22,02:06:53,8637.4,Debit,Completed,,Loan Payment - LN2019090000355,False,,1.32,,Automated,Personal Loan,standard_payment,False,loan_payment_generator
TXNL201900002050,ACC0013826,IND19010664,LN2019090000358,LDO20190000236,3,2019-12-12,04:59:21,24312.27,Debit,Completed,,Loan Payment - LN2019090000358,False,,0.73,,Automated,Personal Loan,standard_payment,False,loan_payment_generator
TXNL201900002051,ACC0014001,IND19008545,LN2019090000368,LDO20190000109,3,2019-12-09,03:33:18,5921.15,Debit,Completed,,Loan Payment - LN2019090000368,False,,0.3,,Automated,Personal Loan,standard_payment,False,loan_payment_generator
TXNL201900002052,ACC0013717,IND19008863,LN2019090000377,LDO20190001140,3,2019-12-25,04:37:34,630.38,Debit,Completed,,Loan Payment - LN2019090000377,False,,0.26,,Automated,Home Loan,standard_payment,False,loan_payment_generator
TXNL201900002053,ACC0013294,IND19002035,LN2019090000381,LDO20190001141,3,2019-12-27,02:48:45,1978.0,Debit,Completed,,Loan Payment - LN2019090000381,False,,1.08,,Automated,Home Loan,standard_payment,False,loan_payment_generator
TXNL201900002054,ACC0012910,IND19016198,LN2019090000386,LDO20190001142,3,2019-12-18,03:46:09,1523.2,Debit,Completed,,Loan Payment - LN2019090000386,False,,0.98,,Automated,Home Loan,standard_payment,False,loan_payment_generator
TXNL201900002055,ACC0013511,IND19013517,LN2019090000388,LDO20190001143,3,2019-12-13,03:09:31,843.38,Debit,Completed,,Loan Payment - LN2019090000388,False,,1.59,,Automated,Home Loan,standard_payment,False,loan_payment_generator
TXNL201900002056,ACC0013477,IND19012180,LN2019090000394,LDO20190001144,2,2019-12-06,04:12:22,496.9,Debit,Completed,,Loan Payment - LN2019090000394 - Late Fee,False,,0.52,,Automated,Home Loan,late_payment,False,loan_payment_generator
TXNL201900002057,ACC0013270,IND19017079,LN2019090000399,LDO20190000498,3,2019-12-09,02:21:28,9347.31,Debit,Completed,,Loan Payment - LN2019090000399,False,,0.46,,Automated,Personal Loan,standard_payment,False,loan_payment_generator
TXNL201900002058,ACC0013006,IND19001708,LN2019090000408,LDO20190001145,3,2019-12-27,02:07:01,1697.55,Debit,Completed,,Loan Payment - LN2019090000408,False,,1.01,,Automated,Home Loan,standard_payment,False,loan_payment_generator
TXNL201900002059,ACC0013139,IND19010138,LN2019090000418,LDO20190000499,3,2019-12-24,03:02:48,24435.71,Debit,Completed,,Loan Payment - LN2019090000418,False,,1.5,,Automated,Personal Loan,standard_payment,False,loan_payment_generator
TXNL201900002060,ACC0014349,IND19001725,LN2019090000421,LDO20190001146,2,2019-12-04,03:49:21,1486.22,Debit,Completed,,Loan Payment - LN2019090000421,False,,1.74,,Automated,Home Loan,standard_payment,False,loan_payment_generator
TXNL201900002061,ACC0013230,IND19003993,LN2019090000425,LDO20190000110,3,2019-12-18,04:50:23,1438.8,Debit,Completed,,Loan Payment - LN2019090000425,False,,0.27,,Automated,Personal Loan,standard_payment,False,loan_payment_generator
TXNL201900002062,ACC0013427,IND19014760,LN2019090000428,LDO20190000500,3,2019-12-16,03:59:03,836.4,Debit,Completed,,Loan Payment - LN2019090000428,False,,0.48,,Automated,Vehicle Loan,standard_payment,False,loan_payment_generator
TXNL201900002063,ACC0014089,IND19007601,LN2019090000430,LDO20190001147,3,2019-12-23,02:06:08,2565.71,Debit,Completed,,Loan Payment - LN2019090000430,False,,1.45,,Automated,Home Loan,standard_payment,False,loan_payment_generator
TXNL201900002064,ACC0014346,IND19007843,LN2019090000432,LDO20190001148,2,2019-12-03,02:00:22,1905.99,Debit,Completed,,Loan Payment - LN2019090000432,False,,1.76,,Automated,Vehicle Loan,standard_payment,False,loan_payment_generator
TXNL201900002065,ACC0013321,IND19001123,LN2019090000441,LDO20190001149,3,2019-12-30,04:58:03,1913.41,Debit,Completed,,Loan Payment - LN2019090000441,False,,0.88,,Automated,Personal Loan,standard_payment,False,loan_payment_generator
TXNL201900002066,ACC0014119,IND19007262,LN2019090000461,LDO20190000501,3,2019-12-12,02:27:41,5790.66,Debit,Completed,,Loan Payment - LN2019090000461,False,,0.59,,Automated,Personal Loan,standard_payment,False,loan_payment_generator
TXNL201900002067,ACC0014274,IND19005270,LN2019090000468,LDO20190000237,2,2019-12-02,03:32:37,2671.41,Debit,Completed,,Loan Payment - LN2019090000468,False,,1.46,,Automated,Home Loan,standard_payment,False,loan_payment_generator
TXNL201900002068,ACC0013831,IND19014690,LN2019090000470,LDO20190000502,3,2019-12-27,02:06:55,2704.25,Debit,Completed,,Loan Payment - LN2019090000470,False,,1.12,,Automated,Home Loan,standard_payment,False,loan_payment_generator
TXNL201900002069,ACC0013114,IND19009737,LN2019090000474,LDO20190000503,3,2019-12-28,04:04:43,930.82,Debit,Completed,,Loan Payment - LN2019090000474,False,,0.61,,Automated,Home Loan,standard_payment,False,loan_payment_generator
TXNL201900002070,ACC0013755,IND19016068,LN2019090000478,LDO20190001150,3,2019-12-18,03:50:44,4016.29,Debit,Completed,,Loan Payment - LN2019090000478,False,,0.89,,Automated,Personal Loan,standard_payment,False,loan_payment_generator
TXNL201900002071,ACC0013181,IND19007252,LN2019090000487,LDO20190001151,3,2019-12-18,03:15:38,423.11,Debit,Completed,,Loan Payment - LN2019090000487,False,,0.12,,Automated,Home Loan,standard_payment,False,loan_payment_generator
TXNL201900002072,ACC0013310,IND19000953,LN2019090000488,LDO20190000238,3,2019-12-21,03:44:31,863.62,Debit,Completed,,Loan Payment - LN2019090000488,False,,0.22,,Automated,Home Loan,standard_payment,False,loan_payment_generator
TXNL201900002073,ACC0013132,IND19014562,LN2019090000514,LDO20190001152,3,2019-12-30,04:24:03,3278.96,Debit,Completed,,Loan Payment - LN2019090000514,False,,1.7,,Automated,Vehicle Loan,standard_payment,False,loan_payment_generator
TXNL201900002074,ACC0013383,IND19015039,LN2019090000515,LDO20190001153,3,2019-12-23,03:38:44,674.85,Debit,Completed,,Loan Payment - LN2019090000515,False,,0.96,,Automated,Vehicle Loan,standard_payment,False,loan_payment_generator
TXNL201900002075,ACC0014441,COM19000062,LN2019090000519,LDO20190001154,3,2019-12-26,02:19:37,36123.2,Debit,Completed,,Loan Payment - LN2019090000519,False,,1.03,,Automated,Business Loan,standard_payment,False,loan_payment_generator
TXNL201900002076,ACC0013373,IND19006008,LN2019090000532,LDO20190001155,3,2019-12-16,03:42:29,3762.03,Debit,Completed,,Loan Payment - LN2019090000532,False,,1.05,,Automated,Personal Loan,standard_payment,False,loan_payment_generator
TXNL201900002077,ACC0013021,IND19014257,LN2019090000541,LDO20190001156,3,2019-12-10,02:53:51,1682.95,Debit,Completed,,Loan Payment - LN2019090000541,False,,1.43,,Automated,Vehicle Loan,standard_payment,False,loan_payment_generator
TXNL201900002078,ACC0014383,IND19002213,LN2019090000546,LDO20190000239,3,2019-12-27,04:53:02,1714.25,Debit,Completed,,Loan Payment - LN2019090000546,False,,1.99,,Automated,Personal Loan,standard_payment,False,loan_payment_generator
TXNL201900002079,ACC0013023,IND19000752,LN2019090000559,LDO20190000504,2,2019-12-02,03:25:50,2713.7,Debit,Completed,,Loan Payment - LN2019090000559,False,,1.03,,Automated,Personal Loan,standard_payment,False,loan_payment_generator
TXNL201900002080,ACC0013919,IND19000974,LN2019090000563,LDO20190001157,2,2019-12-11,03:11:23,8732.51,Debit,Completed,,Loan Payment - LN2019090000563 - Extra Principal,False,,0.66,,Automated,Vehicle Loan,extra_payment,False,loan_payment_generator
TXNL201900002081,ACC0013476,IND19017743,LN2019090000571,LDO20190001158,3,2019-12-20,03:05:40,2726.68,Debit,Completed,,Loan Payment - LN2019090000571,False,,1.34,,Automated,Vehicle Loan,standard_payment,False,loan_payment_generator
TXNL201900002082,ACC0013018,IND19003486,LN2019090000584,LDO20190000505,3,2019-12-19,04:30:37,1599.48,Debit,Completed,,Loan Payment - LN2019090000584 - Late Fee,False,,0.02,,Automated,Vehicle Loan,late_payment,False,loan_payment_generator
TXNL201900002083,ACC0013934,IND19005985,LN2019090000593,LDO20190001159,3,2019-12-28,02:27:09,3188.23,Debit,Completed,,Loan Payment - LN2019090000593,False,,0.56,,Automated,Home Loan,standard_payment,False,loan_payment_generator
TXNL201900002084,ACC0014232,IND19011664,LN2019090000597,LDO20190001160,2,2019-12-03,02:11:19,2394.48,Debit,Completed,,Loan Payment - LN2019090000597,False,,1.03,,Automated,Vehicle Loan,standard_payment,False,loan_payment_generator
TXNL201900002085,ACC0013691,IND19016883,LN2019090000608,LDO20190001161,2,2019-12-06,03:53:08,658.85,Debit,Completed,,Loan Payment - LN2019090000608,False,,0.15,,Automated,Home Loan,standard_payment,False,loan_payment_generator
TXNL201900002086,ACC0013501,IND19000162,LN2019090000612,LDO20190000506,3,2019-12-30,03:18:40,2440.7,Debit,Completed,,Loan Payment - LN2019090000612,False,,1.04,,Automated,Vehicle Loan,standard_payment,False,loan_payment_generator
TXNL201900002087,ACC0013390,IND19011164,LN2019090000614,LDO20190001162,3,2019-12-19,02:09:47,18237.88,Debit,Completed,,Loan Payment - LN2019090000614 - Late Fee,False,,1.43,,Automated,Personal Loan,late_payment,False,loan_payment_generator
TXNL201900002088,ACC0013582,IND19011987,LN2019090000617,LDO20190001163,3,2019-12-12,02:10:24,1518.97,Debit,Completed,,Loan Payment - LN2019090000617,False,,1.78,,Automated,Home Loan,standard_payment,False,loan_payment_generator
TXNL201900002089,ACC0013215,IND19012412,LN2019090000620,LDO20190001164,3,2019-12-26,02:19:29,4277.59,Debit,Completed,,Loan Payment - LN2019090000620,False,,1.72,,Automated,Personal Loan,standard_payment,False,loan_payment_generator
TXNL201900002090,ACC0013498,IND19009703,LN2019090000631,LDO20190000507,3,2019-12-30,03:35:50,7052.47,Debit,Completed,,Loan Payment - LN2019090000631,False,,0.97,,Automated,Home Loan,standard_payment,False,loan_payment_generator
TXNL201900002091,ACC0013600,IND19000930,LN2019090000636,LDO20190001165,3,2019-12-16,03:30:59,2448.41,Debit,Completed,,Loan Payment - LN2019090000636,False,,0.1,,Automated,Vehicle Loan,standard_payment,False,loan_payment_generator
TXNL201900002092,ACC0013167,IND19001705,LN2019090000639,LDO20190000240,2,2019-12-08,03:28:28,712.93,Debit,Completed,,Loan Payment - LN2019090000639,False,,1.01,,Automated,Vehicle Loan,standard_payment,False,loan_payment_generator
TXNL201900002093,ACC0013547,IND19019157,LN2019090000643,LDO20190001166,2,2019-12-05,03:17:58,3235.94,Debit,Completed,,Loan Payment - LN2019090000643 - Late Fee,False,,1.1,,Automated,Personal Loan,late_payment,False,loan_payment_generator
TXNL201900002094,ACC0013225,IND19006529,LN2019090000659,LDO20190001167,3,2019-12-12,02:54:40,3364.32,Debit,Completed,,Loan Payment - LN2019090000659,False,,0.62,,Automated,Vehicle Loan,standard_payment,False,loan_payment_generator
TXNL201900002095,ACC0013302,IND19007223,LN2019090000663,LDO20190000508,3,2019-12-27,02:34:54,7665.71,Debit,Completed,,Loan Payment - LN2019090000663,False,,0.76,,Automated,Home Loan,standard_payment,False,loan_payment_generator
TXNL201900002096,ACC0013173,IND19018104,LN2019090000667,LDO20190001168,3,2019-12-15,03:51:12,2151.29,Debit,Completed,,Loan Payment - LN2019090000667,False,,1.04,,Automated,Home Loan,standard_payment,False,loan_payment_generator
TXNL201900002097,ACC0013063,IND19013748,LN2019090000672,LDO20190000509,3,2019-12-20,03:44:03,5145.55,Debit,Completed,,Loan Payment - LN2019090000672,False,,0.53,,Automated,Personal Loan,standard_payment,False,loan_payment_generator
TXNL201900002098,ACC0013493,IND19012128,LN2019090000673,LDO20190001169,3,2019-12-16,04:44:27,1725.12,Debit,Completed,,Loan Payment - LN2019090000673,False,,0.37,,Automated,Personal Loan,standard_payment,False,loan_payment_generator
TXNL201900002099,ACC0014357,IND19005559,LN2019090000676,LDO20190001170,3,2019-12-27,04:55:14,3203.53,Debit,Completed,,Loan Payment - LN2019090000676 - Extra Principal,False,,0.76,,Automated,Home Loan,extra_payment,False,loan_payment_generator
TXNL201900002100,ACC0014333,IND19008114,LN2019090000689,LDO20190001171,3,2019-12-21,02:19:07,3087.65,Debit,Completed,,Loan Payment - LN2019090000689,False,,0.56,,Automated,Home Loan,standard_payment,False,loan_payment_generator
TXNL201900002101,ACC0014424,COM19000194,LN2019090000690,LDO20190001172,3,2019-12-25,02:11:49,9954.32,Debit,Completed,,Loan Payment - LN2019090000690,False,,1.24,,Automated,Business Loan,standard_payment,False,loan_payment_generator
TXNL201900002102,ACC0014253,IND19016488,LN2019090000694,LDO20190000510,3,2019-12-29,04:16:54,1617.59,Debit,Completed,,Loan Payment - LN2019090000694,False,,0.41,,Automated,Vehicle Loan,standard_payment,False,loan_payment_generator
TXNL201900002103,ACC0013123,IND19015436,LN2019090000703,LDO20190000019,3,2019-12-25,04:33:27,5224.76,Debit,Completed,,Loan Payment - LN2019090000703 - Extra Principal,False,,0.26,,Automated,Home Loan,extra_payment,False,loan_payment_generator
TXNL201900002104,ACC0013066,IND19006604,LN2019090000704,LDO20190000241,3,2019-12-15,02:18:41,2780.76,Debit,Completed,,Loan Payment - LN2019090000704,False,,1.32,,Automated,Vehicle Loan,standard_payment,False,loan_payment_generator
TXNL201900002105,ACC0013144,IND19007196,LN2019090000714,LDO20190001173,3,2019-12-24,03:32:09,6961.82,Debit,Completed,,Loan Payment - LN2019090000714,False,,0.82,,Automated,Home Loan,standard_payment,False,loan_payment_generator
TXNL201900002106,ACC0013500,IND19012168,LN2019090000718,LDO20190001174,3,2019-12-19,03:10:16,2922.21,Debit,Completed,,Loan Payment - LN2019090000718,False,,1.45,,Automated,Home Loan,standard_payment,False,loan_payment_generator
TXNL201900002107,ACC0013026,IND19006105,LN2019090000723,LDO20190000511,3,2019-12-16,03:32:42,559.49,Debit,Completed,,Loan Payment - LN2019090000723,False,,0.2,,Automated,Home Loan,standard_payment,False,loan_payment_generator
TXNL201900002108,ACC0014421,COM19000161,LN2019090000725,LDO20190000512,3,2019-12-26,03:18:52,3313.63,Debit,Completed,,Loan Payment - LN2019090000725,False,,0.15,,Automated,Business Loan,standard_payment,False,loan_payment_generator
TXNL201900002109,ACC0012986,IND19003439,LN2019090000736,LDO20190000513,3,2019-12-26,03:35:59,2396.81,Debit,Completed,,Loan Payment - LN2019090000736,False,,1.56,,Automated,Personal Loan,standard_payment,False,loan_payment_generator
TXNL201900002110,ACC0013768,IND19007138,LN2019090000751,LDO20190000045,3,2019-12-24,03:18:53,407.56,Debit,Completed,,Loan Payment - LN2019090000751 - Late Fee,False,,1.09,,Automated,Home Loan,late_payment,False,loan_payment_generator
TXNL201900002111,ACC0014419,COM19000112,LN2019090000753,LDO20190001175,2,2019-12-07,02:23:26,11487.64,Debit,Completed,,Loan Payment - LN2019090000753,False,,0.66,,Automated,Business Loan,standard_payment,False,loan_payment_generator
TXNL201900002112,ACC0014241,IND19000334,LN2019090000755,LDO20190001176,3,2019-12-14,03:27:04,3554.22,Debit,Completed,,Loan Payment - LN2019090000755,False,,0.7,,Automated,Vehicle Loan,standard_payment,False,loan_payment_generator
TXNL201900002113,ACC0013238,IND19002309,LN2019090000770,LDO20190000242,3,2019-12-16,04:55:59,474.85,Debit,Completed,,Loan Payment - LN2019090000770,False,,0.8,,Automated,Home Loan,standard_payment,False,loan_payment_generator
TXNL201900002114,ACC0013568,IND19004909,LN2019090000771,LDO20190000514,3,2019-12-28,02:12:59,11934.37,Debit,Completed,,Loan Payment - LN2019090000771,False,,1.95,,Automated,Personal Loan,standard_payment,False,loan_payment_generator
TXNL201900002115,ACC0014282,IND19015192,LN2019090000773,LDO20190001177,2,2019-12-06,02:20:26,896.7,Debit,Completed,,Loan Payment - LN2019090000773 - Late Fee,False,,0.35,,Automated,Home Loan,late_payment,False,loan_payment_generator
TXNL201900002116,ACC0014006,IND19006396,LN2019090000781,LDO20190000243,3,2019-12-16,04:24:18,2919.77,Debit,Failed,account_blocked,Loan Payment - LN2019090000781,False,,1.71,,Automated,Vehicle Loan,standard_payment,False,loan_payment_generator
TXNL201900002117,ACC0014406,IND19010070,LN2019090000782,LDO20190000515,3,2019-12-24,02:04:27,3535.11,Debit,Completed,,Loan Payment - LN2019090000782,False,,0.47,,Automated,Personal Loan,standard_payment,False,loan_payment_generator
TXNL201900002118,ACC0013278,IND19005320,LN2019090000796,LDO20190001178,3,2019-12-18,02:46:35,1088.07,Debit,Completed,,Loan Payment - LN2019090000796,False,,0.94,,Automated,Personal Loan,standard_payment,False,loan_payment_generator
TXNL201900002119,ACC0013906,IND19001077,LN2019090000810,LDO20190000516,3,2019-12-15,03:53:46,1892.83,Debit,Completed,,Loan Payment - LN2019090000810,False,,0.32,,Automated,Vehicle Loan,standard_payment,False,loan_payment_generator
TXNL201900002120,ACC0014060,IND19018361,LN2019090000811,LDO20190001179,3,2019-12-29,02:21:39,2318.35,Debit,Completed,,Loan Payment - LN2019090000811,False,,1.92,,Automated,Vehicle Loan,standard_payment,False,loan_payment_generator
TXNL201900002121,ACC0013775,IND19011750,LN2019090000812,LDO20190001180,3,2019-12-26,02:08:09,263.55,Debit,Completed,,Loan Payment - LN2019090000812,False,,0.0,,Automated,Home Loan,standard_payment,False,loan_payment_generator
TXNL201900002122,ACC0013255,IND19008764,LN2019090000815,LDO20190000517,3,2019-12-25,04:26:29,1031.89,Debit,Completed,,Loan Payment - LN2019090000815,False,,1.09,,Automated,Personal Loan,standard_payment,False,loan_payment_generator
TXNL201900002123,ACC0014302,IND19016970,LN2019090000826,LDO20190001181,3,2019-12-13,04:56:36,580.91,Debit,Completed,,Loan Payment - LN2019090000826,False,,0.85,,Automated,Vehicle Loan,standard_payment,False,loan_payment_generator
TXNL201900002124,ACC0013618,IND19015672,LN2019090000828,LDO20190000244,3,2019-12-27,02:42:22,801.81,Debit,Completed,,Loan Payment - LN2019090000828,False,,1.15,,Automated,Home Loan,standard_payment,False,loan_payment_generator
TXNL201900002125,ACC0014118,IND19004372,LN2019090000829,LDO20190001182,3,2019-12-17,04:04:11,1094.01,Debit,Completed,,Loan Payment - LN2019090000829,False,,1.09,,Automated,Vehicle Loan,standard_payment,False,loan_payment_generator
TXNL201900002126,ACC0012936,IND19004100,LN2019090000842,LDO20190001183,3,2019-12-15,03:49:41,1957.69,Debit,Completed,,Loan Payment - LN2019090000842,False,,1.06,,Automated,Personal Loan,standard_payment,False,loan_payment_generator
TXNL201900002127,ACC0013846,IND19008864,LN2019090000846,LDO20190001184,3,2019-12-16,02:47:49,636.49,Debit,Completed,,Loan Payment - LN2019090000846,False,,1.41,,Automated,Personal Loan,standard_payment,False,loan_payment_generator
TXNL201900002128,ACC0013155,IND19015963,LN2019090000856,LDO20190001185,3,2019-12-18,03:04:09,2873.9,Debit,Completed,,Loan Payment - LN2019090000856,False,,1.89,,Automated,Home Loan,standard_payment,False,loan_payment_generator
TXNL201900002129,ACC0013165,IND19017265,LN2019090000878,LDO20190000518,3,2019-12-16,02:50:05,1994.47,Debit,Completed,,Loan Payment - LN2019090000878,False,,0.14,,Automated,Personal Loan,standard_payment,False,loan_payment_generator
TXNL201900002130,ACC0013078,IND19003585,LN2019090000879,LDO20190001186,2,2019-12-02,03:42:08,207.75,Debit,Completed,,Loan Payment - LN2019090000879,False,,1.98,,Automated,Home Loan,standard_payment,False,loan_payment_generator
TXNL201900002131,ACC0013973,IND19004276,LN2019090000881,LDO20190000519,3,2019-12-21,02:17:36,2441.72,Debit,Completed,,Loan Payment - LN2019090000881,False,,1.48,,Automated,Vehicle Loan,standard_payment,False,loan_payment_generator
TXNL201900002132,ACC0012988,IND19009072,LN2019090000896,LDO20190000520,3,2019-12-25,02:10:40,1507.94,Debit,Completed,,Loan Payment - LN2019090000896,False,,0.28,,Automated,Vehicle Loan,standard_payment,False,loan_payment_generator
TXNL201900002133,ACC0013924,IND19018539,LN2019090000898,LDO20190000245,3,2019-12-15,02:05:50,6819.4,Debit,Completed,,Loan Payment - LN2019090000898 - Partial,False,,0.56,,Automated,Personal Loan,partial_payment,False,loan_payment_generator
TXNL201900002134,ACC0013892,IND19011911,LN2019090000904,LDO20190001187,2,2019-12-04,02:50:35,3998.57,Debit,Completed,,Loan Payment - LN2019090000904,False,,0.17,,Automated,Home Loan,standard_payment,False,loan_payment_generator
TXNL201900002135,ACC0014354,IND19000121,LN2019090000910,LDO20190000111,3,2019-12-26,04:52:28,1604.4,Debit,Completed,,Loan Payment - LN2019090000910,False,,1.48,,Automated,Home Loan,standard_payment,False,loan_payment_generator
TXNL201900002136,ACC0013309,IND19000953,LN2019090000914,LDO20190000521,3,2019-12-27,03:59:44,5293.76,Debit,Completed,,Loan Payment - LN2019090000914,False,,1.35,,Automated,Personal Loan,standard_payment,False,loan_payment_generator
TXNL201900002137,ACC0013926,IND19010625,LN2019090000927,LDO20190000522,2,2019-12-01,02:34:45,1007.22,Debit,Completed,,Loan Payment - LN2019090000927,False,,1.18,,Automated,Vehicle Loan,standard_payment,False,loan_payment_generator
TXNL201900002138,ACC0013252,IND19013567,LN2019090000931,LDO20190001188,3,2019-12-19,03:52:10,679.74,Debit,Completed,,Loan Payment - LN2019090000931,False,,0.28,,Automated,Personal Loan,standard_payment,False,loan_payment_generator
TXNL201900002139,ACC0013297,IND19004636,LN2019090000942,LDO20190000112,3,2019-12-30,02:57:08,2920.17,Debit,Completed,,Loan Payment - LN2019090000942,False,,0.12,,Automated,Vehicle Loan,standard_payment,False,loan_payment_generator
TXNL201900002140,ACC0014211,IND19001986,LN2019090000946,LDO20190001189,3,2019-12-11,02:25:43,1530.56,Debit,Completed,,Loan Payment - LN2019090000946,False,,1.96,,Automated,Vehicle Loan,standard_payment,False,loan_payment_generator
TXNL201900002141,ACC0014081,IND19000874,LN2019090000947,LDO20190000246,3,2019-12-25,04:51:36,1552.87,Debit,Completed,,Loan Payment - LN2019090000947,False,,0.36,,Automated,Home Loan,standard_payment,False,loan_payment_generator
TXNL201900002142,ACC0013835,IND19014234,LN2019090000951,LDO20190000046,3,2019-12-08,02:39:05,3078.84,Debit,Completed,,Loan Payment - LN2019090000951,False,,1.23,,Automated,Home Loan,standard_payment,False,loan_payment_generator
TXNL201900002143,ACC0014042,IND19002071,LN2019090000954,LDO20190000523,2,2019-12-04,02:22:21,3916.87,Debit,Completed,,Loan Payment - LN2019090000954,False,,1.88,,Automated,Home Loan,standard_payment,False,loan_payment_generator
TXNL201900002144,ACC0014046,IND19010235,LN2019090000955,LDO20190001190,2,2019-12-04,02:33:00,2555.09,Debit,Completed,,Loan Payment - LN2019090000955,False,,0.8,,Automated,Home Loan,standard_payment,False,loan_payment_generator
TXNL201900002145,ACC0014155,IND19006439,LN2019090000957,LDO20190001191,3,2019-12-11,03:16:41,8195.52,Debit,Completed,,Loan Payment - LN2019090000957,False,,1.56,,Automated,Personal Loan,standard_payment,False,loan_payment_generator
TXNL201900002146,ACC0013147,IND19010778,LN2019090000960,LDO20190001192,3,2019-12-23,03:30:08,2250.11,Debit,Completed,,Loan Payment - LN2019090000960,False,,1.11,,Automated,Vehicle Loan,standard_payment,False,loan_payment_generator
TXNL201900002147,ACC0013283,IND19015784,LN2019090000993,LDO20190000113,2,2019-12-03,03:35:44,324.19,Debit,Completed,,Loan Payment - LN2019090000993 - Late Fee,False,,1.95,,Automated,Home Loan,late_payment,False,loan_payment_generator
TXNL201900002148,ACC0013566,IND19013689,LN2019090001000,LDO20190000114,3,2019-12-12,04:44:51,208.91,Debit,Failed,bank_timeout,Loan Payment - LN2019090001000,False,,1.74,,Automated,Home Loan,standard_payment,False,loan_payment_generator
TXNL201900002149,ACC0014044,IND19009292,LN2019090001002,LDO20190001193,3,2019-12-14,03:20:16,2113.4,Debit,Completed,,Loan Payment - LN2019090001002,False,,1.35,,Automated,Vehicle Loan,standard_payment,False,loan_payment_generator
TXNL201900002150,ACC0014230,IND19008095,LN2019090001016,LDO20190001194,2,2019-12-06,04:11:20,4160.03,Debit,Completed,,Loan Payment - LN2019090001016,False,,0.9,,Automated,Home Loan,standard_payment,False,loan_payment_generator
TXNL201900002151,ACC0013646,IND19009529,LN2019090001017,LDO20190001195,3,2019-12-10,03:59:25,405.98,Debit,Completed,,Loan Payment - LN2019090001017,False,,1.96,,Automated,Home Loan,standard_payment,False,loan_payment_generator
TXNL201900002152,ACC0013433,IND19003108,LN2019090001028,LDO20190000524,3,2019-12-23,02:10:43,1381.35,Debit,Completed,,Loan Payment - LN2019090001028,False,,1.8,,Automated,Home Loan,standard_payment,False,loan_payment_generator
TXNL201900002153,ACC0013681,IND19005106,LN2019090001033,LDO20190001196,2,2019-12-07,02:16:29,1688.59,Debit,Completed,,Loan Payment - LN2019090001033,False,,1.54,,Automated,Personal Loan,standard_payment,False,loan_payment_generator
TXNL201900002154,ACC0013228,IND19006101,LN2019090001037,LDO20190000115,2,2019-12-02,02:49:43,5489.22,Debit,Completed,,Loan Payment - LN2019090001037,False,,1.76,,Automated,Vehicle Loan,standard_payment,False,loan_payment_generator
TXNL201900002155,ACC0013299,IND19004426,LN2019090001071,LDO20190000525,3,2019-12-25,03:44:20,3397.73,Debit,Completed,,Loan Payment - LN2019090001071,False,,0.17,,Automated,Home Loan,standard_payment,False,loan_payment_generator
TXNL201900002156,ACC0013072,IND19012584,LN2019090001085,LDO20190001197,2,2019-12-01,02:50:18,797.96,Debit,Completed,,Loan Payment - LN2019090001085,False,,1.36,,Automated,Home Loan,standard_payment,False,loan_payment_generator
TXNL201900002157,ACC0013635,IND19012933,LN2019090001088,LDO20190000047,2,2019-12-05,02:17:12,2768.49,Debit,Completed,,Loan Payment - LN2019090001088,False,,0.05,,Automated,Personal Loan,standard_payment,False,loan_payment_generator
TXNL201900002158,ACC0013572,IND19001360,LN2019090001092,LDO20190000116,3,2019-12-30,03:35:36,658.53,Debit,Completed,,Loan Payment - LN2019090001092,False,,0.18,,Automated,Home Loan,standard_payment,False,loan_payment_generator
TXNL201900002159,ACC0013935,IND19003012,LN2019090001095,LDO20190001198,3,2019-12-18,02:52:35,3471.0,Debit,Completed,,Loan Payment - LN2019090001095,False,,0.86,,Automated,Personal Loan,standard_payment,False,loan_payment_generator
TXNL201900002160,ACC0013345,IND19017011,LN2019090001097,LDO20190000526,3,2019-12-29,03:36:03,2893.81,Debit,Completed,,Loan Payment - LN2019090001097,False,,0.9,,Automated,Personal Loan,standard_payment,False,loan_payment_generator
TXNL201900002161,ACC0013418,IND19008825,LN2019090001100,LDO20190001199,3,2019-12-24,04:40:00,1792.19,Debit,Completed,,Loan Payment - LN2019090001100 - Partial,False,,1.92,,Automated,Home Loan,partial_payment,False,loan_payment_generator
TXNL201900002162,ACC0014430,COM19000070,LN2019090001105,LDO20190001200,3,2019-12-20,04:18:57,9182.43,Debit,Completed,,Loan Payment - LN2019090001105,False,,1.1,,Automated,Business Loan,standard_payment,False,loan_payment_generator
TXNL201900002163,ACC0013960,IND19010654,LN2019090001106,LDO20190000117,3,2019-12-30,04:35:18,2666.87,Debit,Completed,,Loan Payment - LN2019090001106,False,,1.02,,Automated,Home Loan,standard_payment,False,loan_payment_generator
TXNL201900002164,ACC0013605,IND19009121,LN2019090001113,LDO20190000247,3,2019-12-23,03:12:07,1023.91,Debit,Completed,,Loan Payment - LN2019090001113,False,,0.89,,Automated,Home Loan,standard_payment,False,loan_payment_generator
TXNL201900002165,ACC0012990,IND19009602,LN2019090001114,LDO20190001201,3,2019-12-21,02:46:16,2191.82,Debit,Completed,,Loan Payment - LN2019090001114,False,,1.76,,Automated,Home Loan,standard_payment,False,loan_payment_generator
TXNL201900002166,ACC0014153,IND19012116,LN2019090001121,LDO20190000248,3,2019-12-26,04:11:22,7599.46,Debit,Completed,,Loan Payment - LN2019090001121,False,,0.07,,Automated,Personal Loan,standard_payment,False,loan_payment_generator
TXNL201900002167,ACC0013609,IND19012865,LN2019090001134,LDO20190000118,3,2019-12-17,02:54:36,3616.92,Debit,Completed,,Loan Payment - LN2019090001134,False,,1.09,,Automated,Home Loan,standard_payment,False,loan_payment_generator
TXNL201900002168,ACC0014088,IND19007601,LN2019090001137,LDO20190001202,3,2019-12-28,04:27:25,4647.57,Debit,Completed,,Loan Payment - LN2019090001137,False,,1.42,,Automated,Personal Loan,standard_payment,False,loan_payment_generator
TXNL201900002169,ACC0013112,IND19002951,LN2019090001138,LDO20190000527,2,2019-12-01,02:33:51,2351.67,Debit,Completed,,Loan Payment - LN2019090001138,False,,0.01,,Automated,Home Loan,standard_payment,False,loan_payment_generator
TXNL201900002170,ACC0014417,COM19000106,LN2019090001142,LDO20190001203,3,2019-12-17,04:36:57,14297.44,Debit,Completed,,Loan Payment - LN2019090001142,False,,1.26,,Automated,Business Loan,standard_payment,False,loan_payment_generator
TXNL201900002171,ACC0013869,IND19017608,LN2019090001143,LDO20190001204,3,2019-12-17,03:02:14,2766.47,Debit,Completed,,Loan Payment - LN2019090001143,False,,0.17,,Automated,Personal Loan,standard_payment,False,loan_payment_generator
TXNL201900002172,ACC0014041,IND19017473,LN2019090001150,LDO20190001205,3,2019-12-09,03:58:48,2147.84,Debit,Completed,,Loan Payment - LN2019090001150,False,,0.75,,Automated,Vehicle Loan,standard_payment,False,loan_payment_generator
TXNL201900002173,ACC0012989,IND19009602,LN2019090001164,LDO20190001206,3,2019-12-23,02:31:38,2443.02,Debit,Completed,,Loan Payment - LN2019090001164,False,,0.65,,Automated,Home Loan,standard_payment,False,loan_payment_generator
TXNL201900002174,ACC0014223,IND19015574,LN2019090001165,LDO20190001207,3,2019-12-16,04:31:32,852.94,Debit,Completed,,Loan Payment - LN2019090001165,False,,1.86,,Automated,Home Loan,standard_payment,False,loan_payment_generator
TXNL201900002175,ACC0013135,IND19001206,LN2019090001186,LDO20190001208,3,2019-12-29,03:47:18,2516.03,Debit,Failed,mandate_limit,Loan Payment - LN2019090001186,False,,0.79,,Automated,Home Loan,standard_payment,False,loan_payment_generator
TXNL201900002176,ACC0013251,IND19004814,LN2019090001195,LDO20190000528,3,2019-12-16,02:23:23,1329.85,Debit,Completed,,Loan Payment - LN2019090001195,False,,1.41,,Automated,Vehicle Loan,standard_payment,False,loan_payment_generator
TXNL201900002177,ACC0013153,IND19004697,LN2019090001198,LDO20190000529,2,2019-12-02,04:12:10,265.51,Debit,Completed,,Loan Payment - LN2019090001198,False,,0.83,,Automated,Home Loan,standard_payment,False,loan_payment_generator
TXNL201900002178,ACC0012973,IND19012652,LN2019090001200,LDO20190001209,2,2019-12-06,03:58:46,6710.91,Debit,Completed,,Loan Payment - LN2019090001200 - Late Fee,False,,0.74,,Automated,Home Loan,late_payment,False,loan_payment_generator
TXNL201900002179,ACC0012994,IND19011271,LN2019090001210,LDO20190000048,3,2019-12-30,04:16:07,2432.8,Debit,Completed,,Loan Payment - LN2019090001210,False,,0.36,,Automated,Home Loan,standard_payment,False,loan_payment_generator
TXNL201900002180,ACC0012907,IND19011479,LN2019090001217,LDO20190000249,3,2019-12-14,03:54:07,1879.15,Debit,Completed,,Loan Payment - LN2019090001217,False,,0.52,,Automated,Personal Loan,standard_payment,False,loan_payment_generator
TXNL201900002181,ACC0013261,IND19009804,LN2019090001223,LDO20190000530,2,2019-12-05,02:05:28,5118.41,Debit,Completed,,Loan Payment - LN2019090001223,False,,1.84,,Automated,Home Loan,standard_payment,False,loan_payment_generator
TXNL201900002182,ACC0013985,IND19018624,LN2019090001231,LDO20190001210,2,2019-12-06,03:58:00,4693.13,Debit,Completed,,Loan Payment - LN2019090001231,False,,1.77,,Automated,Home Loan,standard_payment,False,loan_payment_generator
TXNL201900002183,ACC0014204,IND19018537,LN2019090001239,LDO20190001211,3,2019-12-11,04:30:50,2885.4,Debit,Completed,,Loan Payment - LN2019090001239,False,,1.79,,Automated,Home Loan,standard_payment,False,loan_payment_generator
TXNL201900002184,ACC0013954,IND19015770,LN2019090001243,LDO20190000531,2,2019-12-02,04:45:47,2688.77,Debit,Completed,,Loan Payment - LN2019090001243,False,,1.83,,Automated,Home Loan,standard_payment,False,loan_payment_generator
TXNL201900002185,ACC0013485,IND19005483,LN2019090001250,LDO20190000532,3,2019-12-23,04:43:05,430.13,Debit,Completed,,Loan Payment - LN2019090001250,False,,0.7,,Automated,Home Loan,standard_payment,False,loan_payment_generator
TXNL201900002186,ACC0013065,IND19004004,LN2019090001252,LDO20190001212,3,2019-12-22,03:59:10,2934.8,Debit,Completed,,Loan Payment - LN2019090001252,False,,0.55,,Automated,Personal Loan,standard_payment,False,loan_payment_generator
TXNL201900002187,ACC0013630,IND19014241,LN2019090001260,LDO20190000533,3,2019-12-21,03:30:06,752.11,Debit,Completed,,Loan Payment - LN2019090001260,False,,0.03,,Automated,Home Loan,standard_payment,False,loan_payment_generator
TXNL201900002188,ACC0013944,IND19015221,LN2019090001268,LDO20190001213,3,2019-12-13,03:36:07,1707.58,Debit,Completed,,Loan Payment - LN2019090001268,False,,1.69,,Automated,Home Loan,standard_payment,False,loan_payment_generator
TXNL201900002189,ACC0013749,IND19000980,LN2019090001287,LDO20190001214,3,2019-12-28,03:45:55,1707.86,Debit,Completed,,Loan Payment - LN2019090001287,False,,1.99,,Automated,Home Loan,standard_payment,False,loan_payment_generator
TXNL201900002190,ACC0013445,IND19012590,LN2019090001291,LDO20190000250,3,2019-12-16,04:11:21,5227.76,Debit,Completed,,Loan Payment - LN2019090001291,False,,0.92,,Automated,Vehicle Loan,standard_payment,False,loan_payment_generator
TXNL201900002191,ACC0014015,IND19017663,LN2019090001302,LDO20190001215,2,2019-12-03,03:51:41,1772.75,Debit,Completed,,Loan Payment - LN2019090001302,False,,0.58,,Automated,Home Loan,standard_payment,False,loan_payment_generator
TXNL201900002192,ACC0013533,IND19004038,LN2019090001310,LDO20190000534,3,2019-12-22,02:15:33,3377.78,Debit,Completed,,Loan Payment - LN2019090001310,False,,0.96,,Automated,Personal Loan,standard_payment,False,loan_payment_generator
TXNL201900002193,ACC0013202,IND19016435,LN2019090001311,LDO20190001216,2,2019-12-03,04:17:07,1855.32,Debit,Completed,,Loan Payment - LN2019090001311,False,,0.53,,Automated,Personal Loan,standard_payment,False,loan_payment_generator
TXNL201900002194,ACC0013105,IND19016748,LN2019090001313,LDO20190000535,3,2019-12-19,03:57:43,1337.86,Debit,Completed,,Loan Payment - LN2019090001313,False,,1.24,,Automated,Personal Loan,standard_payment,False,loan_payment_generator
TXNL201900002195,ACC0013409,IND19003934,LN2019090001315,LDO20190000536,3,2019-12-30,03:50:07,1425.4,Debit,Completed,,Loan Payment - LN2019090001315,False,,1.69,,Automated,Vehicle Loan,standard_payment,False,loan_payment_generator
TXNL201900002196,ACC0013163,IND19009650,LN2019090001324,LDO20190001217,3,2019-12-20,03:15:06,3129.17,Debit,Failed,bank_timeout,Loan Payment - LN2019090001324,False,,1.53,,Automated,Vehicle Loan,standard_payment,False,loan_payment_generator
TXNL201900002197,ACC0014145,IND19000927,LN2019090001327,LDO20190001218,2,2019-12-05,04:54:02,5035.1,Debit,Completed,,Loan Payment - LN2019090001327,False,,0.02,,Automated,Personal Loan,standard_payment,False,loan_payment_generator
TXNL201900002198,ACC0013375,IND19011131,LN2019090001337,LDO20190000251,3,2019-12-14,03:27:16,2236.78,Debit,Completed,,Loan Payment - LN2019090001337 - Late Fee,False,,1.14,,Automated,Home Loan,late_payment,False,loan_payment_generator
TXNL201900002199,ACC0013809,IND19008169,LN2019090001342,LDO20190001219,3,2019-12-13,03:39:48,3021.12,Debit,Completed,,Loan Payment - LN2019090001342,False,,1.11,,Automated,Home Loan,standard_payment,False,loan_payment_generator
TXNL201900002200,ACC0013104,IND19016748,LN2019090001344,LDO20190001220,3,2019-12-18,03:05:25,1459.16,Debit,Completed,,Loan Payment - LN2019090001344,False,,1.59,,Automated,Vehicle Loan,standard_payment,False,loan_payment_generator
TXNL201900002201,ACC0014343,IND19007807,LN2019090001353,LDO20190000537,3,2019-12-25,03:03:14,997.3,Debit,Completed,,Loan Payment - LN2019090001353,False,,1.24,,Automated,Personal Loan,standard_payment,False,loan_payment_generator
TXNL201900002202,ACC0014334,IND19010477,LN2019090001366,LDO20190000538,3,2019-12-26,04:09:18,1236.67,Debit,Completed,,Loan Payment - LN2019090001366,False,,1.35,,Automated,Home Loan,standard_payment,False,loan_payment_generator
TXNL201900002203,ACC0013624,IND19011106,LN2019090001368,LDO20190000539,2,2019-12-05,04:20:33,943.27,Debit,Completed,,Loan Payment - LN2019090001368,False,,1.51,,Automated,Home Loan,standard_payment,False,loan_payment_generator
TXNL201900002204,ACC0013502,IND19007149,LN2019090001381,LDO20190000540,3,2019-12-23,04:05:20,2077.74,Debit,Completed,,Loan Payment - LN2019090001381,False,,1.98,,Automated,Vehicle Loan,standard_payment,False,loan_payment_generator
TXNL201900002205,ACC0014408,IND19015121,LN2019090001391,LDO20190000541,3,2019-12-19,03:21:00,2125.36,Debit,Completed,,Loan Payment - LN2019090001391,False,,0.47,,Automated,Vehicle Loan,standard_payment,False,loan_payment_generator
TXNL201900002206,ACC0014259,IND19014691,LN2019090001392,LDO20190001221,3,2019-12-24,02:35:24,11997.57,Debit,Completed,,Loan Payment - LN2019090001392,False,,0.73,,Automated,Personal Loan,standard_payment,False,loan_payment_generator
TXNL201900002207,ACC0013534,IND19013456,LN2019090001397,LDO20190001222,3,2019-12-25,03:41:45,4365.79,Debit,Completed,,Loan Payment - LN2019090001397,False,,1.19,,Automated,Home Loan,standard_payment,False,loan_payment_generator
TXNL201900002208,ACC0014337,IND19006207,LN2019090001398,LDO20190001223,3,2019-12-25,02:32:18,1483.81,Debit,Completed,,Loan Payment - LN2019090001398,False,,0.89,,Automated,Home Loan,standard_payment,False,loan_payment_generator
TXNL201900002209,ACC0013005,IND19015774,LN2019090001402,LDO20190000252,3,2019-12-16,03:11:17,5178.22,Debit,Completed,,Loan Payment - LN2019090001402,False,,1.38,,Automated,Home Loan,standard_payment,False,loan_payment_generator
TXNL201900002210,ACC0014233,IND19011996,LN2019090001411,LDO20190001224,2,2019-12-02,03:55:10,3105.48,Debit,Completed,,Loan Payment - LN2019090001411,False,,0.06,,Automated,Vehicle Loan,standard_payment,False,loan_payment_generator
TXNL201900002211,ACC0014180,IND19000217,LN2019090001412,LDO20190001225,3,2019-12-19,04:36:40,1473.33,Debit,Completed,,Loan Payment - LN2019090001412,False,,1.54,,Automated,Home Loan,standard_payment,False,loan_payment_generator
TXNL201900002212,ACC0013395,IND19014063,LN2019090001420,LDO20190000119,3,2019-12-15,02:36:51,1443.68,Debit,Cancelled,customer_stop_instruction,Loan Payment - LN2019090001420,False,,1.97,,Automated,Personal Loan,standard_payment,False,loan_payment_generator
TXNL201900002213,ACC0013539,IND19002909,LN2019090001421,LDO20190000253,3,2019-12-29,02:11:47,2417.5,Debit,Completed,,Loan Payment - LN2019090001421,False,,1.1,,Automated,Vehicle Loan,standard_payment,False,loan_payment_generator
TXNL201900002214,ACC0013916,IND19011454,LN2019090001442,LDO20190001226,2,2019-12-02,02:52:47,2043.75,Debit,Completed,,Loan Payment - LN2019090001442 - Late Fee,False,,1.34,,Automated,Vehicle Loan,late_payment,False,loan_payment_generator
TXNL201900002215,ACC0013959,IND19010654,LN2019090001445,LDO20190000049,2,2019-12-02,03:01:47,3834.95,Debit,Completed,,Loan Payment - LN2019090001445,False,,1.18,,Automated,Home Loan,standard_payment,False,loan_payment_generator
TXNL201900002216,ACC0014131,IND19013349,LN2019090001455,LDO20190001227,2,2019-12-08,02:34:59,6940.14,Debit,Completed,,Loan Payment - LN2019090001455,False,,1.77,,Automated,Vehicle Loan,standard_payment,False,loan_payment_generator
TXNL201900002217,ACC0015404,COM19000123,LN2019100000004,LDO20190000542,2,2019-12-26,04:42:17,24862.92,Debit,Completed,,Loan Payment - LN2019100000004,False,,1.89,,Automated,Business Loan,standard_payment,False,loan_payment_generator
TXNL201900002218,ACC0014620,IND19001698,LN2019100000008,LDO20190001228,2,2019-12-08,04:21:39,5104.33,Debit,Completed,,Loan Payment - LN2019100000008,False,,1.28,,Automated,Personal Loan,standard_payment,False,loan_payment_generator
TXNL201900002219,ACC0014476,IND19013009,LN2019100000022,LDO20190001229,2,2019-12-27,03:23:13,3788.19,Debit,Completed,,Loan Payment - LN2019100000022,False,,1.01,,Automated,Home Loan,standard_payment,False,loan_payment_generator
TXNL201900002220,ACC0014771,IND19004724,LN2019100000029,LDO20190000120,1,2019-12-06,04:41:20,179.02,Debit,Completed,,Loan Payment - LN2019100000029,False,,1.79,,Automated,Home Loan,standard_payment,False,loan_payment_generator
TXNL201900002221,ACC0014461,IND19004667,LN2019100000030,LDO20190001230,2,2019-12-28,03:00:14,2021.69,Debit,Completed,,Loan Payment - LN2019100000030,False,,0.15,,Automated,Personal Loan,standard_payment,False,loan_payment_generator
TXNL201900002222,ACC0015121,IND19004735,LN2019100000041,LDO20190000121,2,2019-12-20,02:30:04,552.16,Debit,Completed,,Loan Payment - LN2019100000041,False,,0.85,,Automated,Vehicle Loan,standard_payment,False,loan_payment_generator
TXNL201900002223,ACC0015008,IND19000714,LN2019100000042,LDO20190001231,2,2019-12-26,02:04:21,12066.24,Debit,Completed,,Loan Payment - LN2019100000042,False,,0.85,,Automated,Personal Loan,standard_payment,False,loan_payment_generator
TXNL201900002224,ACC0014862,IND19006489,LN2019100000063,LDO20190000543,1,2019-12-04,03:35:49,1205.48,Debit,Completed,,Loan Payment - LN2019100000063,False,,0.94,,Automated,Home Loan,standard_payment,False,loan_payment_generator
TXNL201900002225,ACC0014805,IND19007792,LN2019100000067,LDO20190000544,2,2019-12-29,04:10:39,12095.36,Debit,Completed,,Loan Payment - LN2019100000067,False,,0.41,,Automated,Personal Loan,standard_payment,False,loan_payment_generator
TXNL201900002226,ACC0014696,IND19005965,LN2019100000069,LDO20190001232,1,2019-12-04,04:52:19,2620.21,Debit,Completed,,Loan Payment - LN2019100000069,False,,0.11,,Automated,Home Loan,standard_payment,False,loan_payment_generator
TXNL201900002227,ACC0015209,IND19001935,LN2019100000078,LDO20190001233,2,2019-12-22,02:26:32,4000.82,Debit,Completed,,Loan Payment - LN2019100000078,False,,1.95,,Automated,Personal Loan,standard_payment,False,loan_payment_generator
TXNL201900002228,ACC0014975,IND19000727,LN2019100000090,LDO20190000050,1,2019-12-03,02:42:35,1159.76,Debit,Completed,,Loan Payment - LN2019100000090 - Partial,False,,1.62,,Automated,Vehicle Loan,partial_payment,False,loan_payment_generator
TXNL201900002229,ACC0015410,COM19000091,LN2019100000094,LDO20190001234,2,2019-12-30,03:22:42,4339.62,Debit,Completed,,Loan Payment - LN2019100000094 - Late Fee,False,,1.34,,Automated,Business Loan,late_payment,False,loan_payment_generator
TXNL201900002230,ACC0014484,IND19007498,LN2019100000096,LDO20190000545,1,2019-12-09,03:34:27,416.96,Debit,Completed,,Loan Payment - LN2019100000096,False,,1.08,,Automated,Home Loan,standard_payment,False,loan_payment_generator
TXNL201900002231,ACC0015032,IND19004061,LN2019100000105,LDO20190001235,2,2019-12-19,02:18:21,1374.65,Debit,Completed,,Loan Payment - LN2019100000105,False,,0.39,,Automated,Home Loan,standard_payment,False,loan_payment_generator
TXNL201900002232,ACC0014759,IND19010704,LN2019100000109,LDO20190000546,2,2019-12-25,02:00:17,5013.82,Debit,Completed,,Loan Payment - LN2019100000109 - Late Fee,False,,1.91,,Automated,Home Loan,late_payment,False,loan_payment_generator
TXNL201900002233,ACC0014993,IND19008314,LN2019100000117,LDO20190000547,2,2019-12-21,04:59:34,2304.04,Debit,Completed,,Loan Payment - LN2019100000117,False,,0.64,,Automated,Home Loan,standard_payment,False,loan_payment_generator
TXNL201900002234,ACC0015064,IND19005733,LN2019100000128,LDO20190000548,2,2019-12-21,03:13:10,1881.05,Debit,Completed,,Loan Payment - LN2019100000128 - Late Fee,False,,0.35,,Automated,Home Loan,late_payment,False,loan_payment_generator
TXNL201900002235,ACC0014577,IND19003480,LN2019100000144,LDO20190000122,2,2019-12-21,04:25:02,905.06,Debit,Completed,,Loan Payment - LN2019100000144,False,,1.9,,Automated,Personal Loan,standard_payment,False,loan_payment_generator
TXNL201900002236,ACC0015239,IND19001304,LN2019100000150,LDO20190001236,2,2019-12-19,03:02:11,2203.26,Debit,Completed,,Loan Payment - LN2019100000150 - Partial,False,,1.25,,Automated,Personal Loan,partial_payment,False,loan_payment_generator
TXNL201900002237,ACC0014575,IND19011995,LN2019100000157,LDO20190000549,2,2019-12-21,04:51:25,3029.54,Debit,Completed,,Loan Payment - LN2019100000157,False,,1.31,,Automated,Home Loan,standard_payment,False,loan_payment_generator
TXNL201900002238,ACC0014919,IND19003502,LN2019100000162,LDO20190000254,2,2019-12-22,03:57:17,1643.46,Debit,Completed,,Loan Payment - LN2019100000162,False,,0.55,,Automated,Home Loan,standard_payment,False,loan_payment_generator
TXNL201900002239,ACC0015320,IND19003730,LN2019100000163,LDO20190000550,2,2019-12-11,02:08:11,1063.55,Debit,Completed,,Loan Payment - LN2019100000163,False,,0.21,,Automated,Personal Loan,standard_payment,False,loan_payment_generator
TXNL201900002240,ACC0014853,IND19000792,LN2019100000167,LDO20190001237,2,2019-12-17,03:06:12,737.02,Debit,Completed,,Loan Payment - LN2019100000167,False,,1.4,,Automated,Vehicle Loan,standard_payment,False,loan_payment_generator
TXNL201900002241,ACC0014588,IND19004745,LN2019100000179,LDO20190000123,2,2019-12-26,02:22:26,7763.85,Debit,Completed,,Loan Payment - LN2019100000179,False,,1.17,,Automated,Personal Loan,standard_payment,False,loan_payment_generator
TXNL201900002242,ACC0014897,IND19000141,LN2019100000212,LDO20190001238,2,2019-12-19,04:15:35,494.18,Debit,Completed,,Loan Payment - LN2019100000212,False,,0.66,,Automated,Home Loan,standard_payment,False,loan_payment_generator
TXNL201900002243,ACC0015397,IND19007257,LN2019100000219,LDO20190000124,2,2019-12-20,02:09:44,3647.58,Debit,Completed,,Loan Payment - LN2019100000219,False,,1.23,,Automated,Home Loan,standard_payment,False,loan_payment_generator
TXNL201900002244,ACC0015197,IND19002857,LN2019100000220,LDO20190000125,2,2019-12-20,02:16:32,3068.23,Debit,Completed,,Loan Payment - LN2019100000220 - Partial,False,,1.05,,Automated,Home Loan,partial_payment,False,loan_payment_generator
TXNL201900002245,ACC0014591,IND19000977,LN2019100000226,LDO20190000126,2,2019-12-21,02:32:35,3521.32,Debit,Completed,,Loan Payment - LN2019100000226,False,,0.56,,Automated,Vehicle Loan,standard_payment,False,loan_payment_generator
TXNL201900002246,ACC0015398,IND19007257,LN2019100000229,LDO20190000551,2,2019-12-30,02:06:14,2657.4,Debit,Completed,,Loan Payment - LN2019100000229,False,,1.97,,Automated,Personal Loan,standard_payment,False,loan_payment_generator
TXNL201900002247,ACC0015360,IND19008035,LN2019100000234,LDO20190001239,1,2019-12-01,03:47:45,3140.81,Debit,Completed,,Loan Payment - LN2019100000234,False,,0.94,,Automated,Home Loan,standard_payment,False,loan_payment_generator
TXNL201900002248,ACC0015381,IND19005223,LN2019100000244,LDO20190001240,2,2019-12-27,04:52:56,1666.15,Debit,Completed,,Loan Payment - LN2019100000244,False,,1.96,,Automated,Home Loan,standard_payment,False,loan_payment_generator
TXNL201900002249,ACC0015199,IND19010299,LN2019100000260,LDO20190001241,2,2019-12-12,03:31:37,1257.06,Debit,Completed,,Loan Payment - LN2019100000260,False,,0.99,,Automated,Personal Loan,standard_payment,False,loan_payment_generator
TXNL201900002250,ACC0015390,IND19000910,LN2019100000263,LDO20190000255,2,2019-12-18,04:02:36,2698.29,Debit,Completed,,Loan Payment - LN2019100000263,False,,1.38,,Automated,Vehicle Loan,standard_payment,False,loan_payment_generator
TXNL201900002251,ACC0015277,IND19000248,LN2019100000267,LDO20190001242,2,2019-12-20,04:51:20,4525.81,Debit,Completed,,Loan Payment - LN2019100000267,False,,0.49,,Automated,Vehicle Loan,standard_payment,False,loan_payment_generator
TXNL201900002252,ACC0014521,IND19008432,LN2019100000270,LDO20190000127,1,2019-12-12,02:04:36,2612.21,Debit,Completed,,Loan Payment - LN2019100000270 - Partial,False,,1.16,,Automated,Personal Loan,partial_payment,False,loan_payment_generator
TXNL201900002253,ACC0015363,IND19012136,LN2019100000274,LDO20190001243,1,2019-12-03,03:41:27,2650.06,Debit,Completed,,Loan Payment - LN2019100000274,False,,0.35,,Automated,Personal Loan,standard_payment,False,loan_payment_generator
TXNL201900002254,ACC0014553,IND19006337,LN2019100000281,LDO20190001244,2,2019-12-27,04:23:20,2665.57,Debit,Completed,,Loan Payment - LN2019100000281,False,,0.28,,Automated,Home Loan,standard_payment,False,loan_payment_generator
TXNL201900002255,ACC0014943,IND19004103,LN2019100000283,LDO20190001245,2,2019-12-23,02:35:05,17731.95,Debit,Completed,,Loan Payment - LN2019100000283,False,,0.69,,Automated,Personal Loan,standard_payment,False,loan_payment_generator
TXNL201900002256,ACC0014912,IND19008232,LN2019100000286,LDO20190000552,2,2019-12-09,04:34:08,2780.66,Debit,Completed,,Loan Payment - LN2019100000286,False,,1.12,,Automated,Personal Loan,standard_payment,False,loan_payment_generator
TXNL201900002257,ACC0015375,IND19001009,LN2019100000292,LDO20190000553,2,2019-12-17,02:20:20,2437.4,Debit,Failed,bank_timeout,Loan Payment - LN2019100000292,False,,1.13,,Automated,Personal Loan,standard_payment,False,loan_payment_generator
TXNL201900002258,ACC0014713,IND19000794,LN2019100000293,LDO20190001246,2,2019-12-21,04:50:27,1283.85,Debit,Completed,,Loan Payment - LN2019100000293,False,,0.27,,Automated,Home Loan,standard_payment,False,loan_payment_generator
TXNL201900002259,ACC0015074,IND19011713,LN2019100000295,LDO20190001247,2,2019-12-13,03:16:49,6762.4,Debit,Completed,,Loan Payment - LN2019100000295,False,,0.73,,Automated,Home Loan,standard_payment,False,loan_payment_generator
TXNL201900002260,ACC0014848,IND19011979,LN2019100000296,LDO20190000554,2,2019-12-29,03:07:42,2984.17,Debit,Completed,,Loan Payment - LN2019100000296,False,,1.77,,Automated,Personal Loan,standard_payment,False,loan_payment_generator
TXNL201900002261,ACC0014690,IND19002470,LN2019100000305,LDO20190001248,2,2019-12-14,04:35:56,296.72,Debit,Completed,,Loan Payment - LN2019100000305,False,,1.43,,Automated,Home Loan,standard_payment,False,loan_payment_generator
TXNL201900002262,ACC0014555,IND19005616,LN2019100000314,LDO20190001249,2,2019-12-19,02:58:30,1858.85,Debit,Completed,,Loan Payment - LN2019100000314,False,,1.86,,Automated,Vehicle Loan,standard_payment,False,loan_payment_generator
TXNL201900002263,ACC0014753,IND19004483,LN2019100000317,LDO20190000555,2,2019-12-20,04:36:46,2046.26,Debit,Completed,,Loan Payment - LN2019100000317,False,,1.5,,Automated,Home Loan,standard_payment,False,loan_payment_generator
TXNL201900002264,ACC0014617,IND19006637,LN2019100000322,LDO20190000128,2,2019-12-18,03:21:16,5309.93,Debit,Completed,,Loan Payment - LN2019100000322,False,,1.07,,Automated,Home Loan,standard_payment,False,loan_payment_generator
TXNL201900002265,ACC0014892,IND19000611,LN2019100000323,LDO20190001250,1,2019-12-04,02:25:44,1398.6,Debit,Completed,,Loan Payment - LN2019100000323,False,,1.11,,Automated,Vehicle Loan,standard_payment,False,loan_payment_generator
TXNL201900002266,ACC0014610,IND19002007,LN2019100000336,LDO20190001251,2,2019-12-29,03:20:13,2886.83,Debit,Completed,,Loan Payment - LN2019100000336,False,,1.59,,Automated,Vehicle Loan,standard_payment,False,loan_payment_generator
TXNL201900002267,ACC0014600,IND19001055,LN2019100000339,LDO20190000556,2,2019-12-26,03:48:46,5214.56,Debit,Completed,,Loan Payment - LN2019100000339,False,,1.25,,Automated,Personal Loan,standard_payment,False,loan_payment_generator
TXNL201900002268,ACC0015248,IND19000054,LN2019100000356,LDO20190000557,2,2019-12-13,04:49:56,400.92,Debit,Completed,,Loan Payment - LN2019100000356,False,,0.78,,Automated,Home Loan,standard_payment,False,loan_payment_generator
TXNL201900002269,ACC0014948,IND19008617,LN2019100000360,LDO20190001252,1,2019-12-08,04:46:31,1658.38,Debit,Completed,,Loan Payment - LN2019100000360,False,,0.36,,Automated,Vehicle Loan,standard_payment,False,loan_payment_generator
TXNL201900002270,ACC0014823,IND19007675,LN2019100000363,LDO20190001253,2,2019-12-28,02:51:58,2021.1,Debit,Completed,,Loan Payment - LN2019100000363,False,,0.58,,Automated,Home Loan,standard_payment,False,loan_payment_generator
TXNL201900002271,ACC0015233,IND19003932,LN2019100000375,LDO20190000256,2,2019-12-22,04:55:04,1019.59,Debit,Completed,,Loan Payment - LN2019100000375,False,,0.77,,Automated,Home Loan,standard_payment,False,loan_payment_generator
TXNL201900002272,ACC0014914,IND19011745,LN2019100000377,LDO20190001254,2,2019-12-09,02:42:59,1842.55,Debit,Completed,,Loan Payment - LN2019100000377,False,,0.88,,Automated,Vehicle Loan,standard_payment,False,loan_payment_generator
TXNL201900002273,ACC0015178,IND19003921,LN2019100000378,LDO20190001255,2,2019-12-23,04:18:20,2416.84,Debit,Completed,,Loan Payment - LN2019100000378,False,,1.12,,Automated,Home Loan,standard_payment,False,loan_payment_generator
TXNL201900002274,ACC0015101,IND19008786,LN2019100000381,LDO20190001256,2,2019-12-15,04:44:42,917.49,Debit,Completed,,Loan Payment - LN2019100000381,False,,1.2,,Automated,Personal Loan,standard_payment,False,loan_payment_generator
TXNL201900002275,ACC0014781,IND19003624,LN2019100000385,LDO20190000558,1,2019-12-11,02:35:12,16466.89,Debit,Completed,,Loan Payment - LN2019100000385,False,,1.59,,Automated,Personal Loan,standard_payment,False,loan_payment_generator
TXNL201900002276,ACC0014563,IND19012662,LN2019100000393,LDO20190001257,2,2019-12-22,03:52:01,2812.15,Debit,Completed,,Loan Payment - LN2019100000393,False,,0.36,,Automated,Vehicle Loan,standard_payment,False,loan_payment_generator
TXNL201900002277,ACC0015268,IND19008367,LN2019100000397,LDO20190001258,2,2019-12-15,02:41:31,1017.67,Debit,Completed,,Loan Payment - LN2019100000397 - Late Fee,False,,1.42,,Automated,Home Loan,late_payment,False,loan_payment_generator
TXNL201900002278,ACC0014459,IND19003876,LN2019100000402,LDO20190000559,2,2019-12-09,04:41:08,421.37,Debit,Completed,,Loan Payment - LN2019100000402,False,,0.93,,Automated,Home Loan,standard_payment,False,loan_payment_generator
TXNL201900002279,ACC0014761,IND19007965,LN2019100000404,LDO20190001259,2,2019-12-21,03:08:43,1166.04,Debit,Completed,,Loan Payment - LN2019100000404,False,,0.46,,Automated,Home Loan,standard_payment,False,loan_payment_generator
TXNL201900002280,ACC0015297,IND19009160,LN2019100000408,LDO20190001260,1,2019-12-05,02:18:50,3705.16,Debit,Completed,,Loan Payment - LN2019100000408,False,,1.44,,Automated,Home Loan,standard_payment,False,loan_payment_generator
TXNL201900002281,ACC0014808,IND19003893,LN2019100000412,LDO20190000257,1,2019-12-08,03:29:54,281.07,Debit,Completed,,Loan Payment - LN2019100000412,False,,1.2,,Automated,Home Loan,standard_payment,False,loan_payment_generator
TXNL201900002282,ACC0015414,COM19000136,LN2019100000415,LDO20190000560,2,2019-12-31,02:30:34,8026.67,Debit,Completed,,Loan Payment - LN2019100000415,False,,0.55,,Automated,Business Loan,standard_payment,False,loan_payment_generator
TXNL201900002283,ACC0014945,IND19009190,LN2019100000423,LDO20190001261,2,2019-12-10,04:39:43,1177.46,Debit,Completed,,Loan Payment - LN2019100000423,False,,1.03,,Automated,Vehicle Loan,standard_payment,False,loan_payment_generator
TXNL201900002284,ACC0014839,IND19005416,LN2019100000426,LDO20190001262,2,2019-12-24,02:39:17,673.89,Debit,Completed,,Loan Payment - LN2019100000426,False,,1.56,,Automated,Home Loan,standard_payment,False,loan_payment_generator
TXNL201900002285,ACC0014647,IND19005372,LN2019100000430,LDO20190000258,2,2019-12-11,04:11:48,1342.13,Debit,Completed,,Loan Payment - LN2019100000430,False,,0.44,,Automated,Vehicle Loan,standard_payment,False,loan_payment_generator
TXNL201900002286,ACC0015194,IND19010344,LN2019100000433,LDO20190001263,2,2019-12-27,04:31:17,12023.96,Debit,Completed,,Loan Payment - LN2019100000433,False,,1.46,,Automated,Personal Loan,standard_payment,False,loan_payment_generator
TXNL201900002287,ACC0015238,IND19009294,LN2019100000438,LDO20190000051,1,2019-12-07,04:41:58,3159.93,Debit,Completed,,Loan Payment - LN2019100000438,False,,1.17,,Automated,Home Loan,standard_payment,False,loan_payment_generator
TXNL201900002288,ACC0015024,IND19002690,LN2019100000440,LDO20190001264,2,2019-12-17,02:05:27,2930.76,Debit,Completed,,Loan Payment - LN2019100000440,False,,1.07,,Automated,Vehicle Loan,standard_payment,False,loan_payment_generator
TXNL201900002289,ACC0015012,IND19011895,LN2019100000447,LDO20190000561,2,2019-12-28,02:59:24,2313.19,Debit,Completed,,Loan Payment - LN2019100000447,False,,0.18,,Automated,Vehicle Loan,standard_payment,False,loan_payment_generator
TXNL201900002290,ACC0014685,IND19002525,LN2019100000449,LDO20190001265,2,2019-12-11,03:11:56,775.59,Debit,Completed,,Loan Payment - LN2019100000449,False,,1.16,,Automated,Home Loan,standard_payment,False,loan_payment_generator
TXNL201900002291,ACC0015275,IND19012019,LN2019100000460,LDO20190000562,2,2019-12-21,04:44:22,2352.3,Debit,Completed,,Loan Payment - LN2019100000460 - Late Fee,False,,0.6,,Automated,Home Loan,late_payment,False,loan_payment_generator
TXNL201900002292,ACC0014719,IND19003231,LN2019100000462,LDO20190001266,2,2019-12-31,04:42:49,1869.41,Debit,Completed,,Loan Payment - LN2019100000462,False,,1.07,,Automated,Vehicle Loan,standard_payment,False,loan_payment_generator
TXNL201900002293,ACC0014817,IND19001689,LN2019100000477,LDO20190001267,2,2019-12-27,04:55:41,635.91,Debit,Completed,,Loan Payment - LN2019100000477,False,,1.27,,Automated,Home Loan,standard_payment,False,loan_payment_generator
TXNL201900002294,ACC0015340,IND19000316,LN2019100000484,LDO20190001268,2,2019-12-19,03:01:50,623.58,Debit,Completed,,Loan Payment - LN2019100000484,False,,0.05,,Automated,Home Loan,standard_payment,False,loan_payment_generator
TXNL201900002295,ACC0015393,IND19001531,LN2019100000490,LDO20190000563,1,2019-12-05,04:04:22,2655.62,Debit,Completed,,Loan Payment - LN2019100000490,False,,1.71,,Automated,Personal Loan,standard_payment,False,loan_payment_generator
TXNL201900002296,ACC0015112,IND19010963,LN2019100000495,LDO20190001269,2,2019-12-25,04:53:18,1428.49,Debit,Completed,,Loan Payment - LN2019100000495,False,,1.11,,Automated,Vehicle Loan,standard_payment,False,loan_payment_generator
TXNL201900002297,ACC0014798,IND19002178,LN2019100000499,LDO20190001270,1,2019-12-08,04:05:48,2278.13,Debit,Completed,,Loan Payment - LN2019100000499,False,,1.44,,Automated,Home Loan,standard_payment,False,loan_payment_generator
TXNL201900002298,ACC0014955,IND19011341,LN2019100000523,LDO20190000129,2,2019-12-31,03:19:26,894.9,Debit,Completed,,Loan Payment - LN2019100000523,False,,1.28,,Automated,Personal Loan,standard_payment,False,loan_payment_generator
TXNL201900002299,ACC0014499,IND19002981,LN2019100000525,LDO20190001271,2,2019-12-29,02:31:32,980.31,Debit,Completed,,Loan Payment - LN2019100000525,False,,0.58,,Automated,Personal Loan,standard_payment,False,loan_payment_generator
TXNL201900002300,ACC0015010,IND19010286,LN2019100000533,LDO20190000564,2,2019-12-20,03:50:58,4041.73,Debit,Completed,,Loan Payment - LN2019100000533,False,,1.45,,Automated,Home Loan,standard_payment,False,loan_payment_generator
TXNL201900002301,ACC0015015,IND19010155,LN2019100000540,LDO20190001272,2,2019-12-21,02:12:05,2721.36,Debit,Completed,,Loan Payment - LN2019100000540,False,,1.92,,Automated,Personal Loan,standard_payment,False,loan_payment_generator
TXNL201900002302,ACC0014495,IND19002896,LN2019100000544,LDO20190000565,2,2019-12-18,04:14:59,1890.79,Debit,Completed,,Loan Payment - LN2019100000544,False,,1.41,,Automated,Vehicle Loan,standard_payment,False,loan_payment_generator
TXNL201900002303,ACC0014999,IND19006679,LN2019100000546,LDO20190000566,2,2019-12-28,03:55:07,1562.36,Debit,Completed,,Loan Payment - LN2019100000546,False,,1.05,,Automated,Vehicle Loan,standard_payment,False,loan_payment_generator
TXNL201900002304,ACC0015084,IND19000776,LN2019100000547,LDO20190000259,1,2019-12-03,02:31:11,1118.97,Debit,Completed,,Loan Payment - LN2019100000547,False,,0.38,,Automated,Home Loan,standard_payment,False,loan_payment_generator
TXNL201900002305,ACC0015335,IND19012650,LN2019100000567,LDO20190001273,2,2019-12-19,03:51:51,3671.69,Debit,Completed,,Loan Payment - LN2019100000567,False,,0.69,,Automated,Vehicle Loan,standard_payment,False,loan_payment_generator
TXNL201900002306,ACC0015386,IND19006234,LN2019100000572,LDO20190000567,1,2019-12-08,04:14:11,3724.87,Debit,Completed,,Loan Payment - LN2019100000572,False,,0.85,,Automated,Home Loan,standard_payment,False,loan_payment_generator
TXNL201900002307,ACC0014790,IND19002667,LN2019100000583,LDO20190000568,2,2019-12-31,03:59:52,3070.1,Debit,Completed,,Loan Payment - LN2019100000583 - Late Fee,False,,0.81,,Automated,Vehicle Loan,late_payment,False,loan_payment_generator
TXNL201900002308,ACC0014775,IND19004605,LN2019100000591,LDO20190001274,2,2019-12-30,04:13:44,2717.15,Debit,Completed,,Loan Payment - LN2019100000591,False,,1.5,,Automated,Home Loan,standard_payment,False,loan_payment_generator
TXNL201900002309,ACC0014745,IND19000578,LN2019100000616,LDO20190000569,2,2019-12-31,04:20:19,656.71,Debit,Completed,,Loan Payment - LN2019100000616,False,,0.6,,Automated,Home Loan,standard_payment,False,loan_payment_generator
TXNL201900002310,ACC0014560,IND19002699,LN2019100000629,LDO20190000570,1,2019-12-06,03:43:59,6048.07,Debit,Completed,,Loan Payment - LN2019100000629,False,,1.84,,Automated,Personal Loan,standard_payment,False,loan_payment_generator
TXNL201900002311,ACC0014991,IND19010123,LN2019100000633,LDO20190000052,2,2019-12-14,03:09:16,1484.07,Debit,Completed,,Loan Payment - LN2019100000633,False,,0.57,,Automated,Home Loan,standard_payment,False,loan_payment_generator
TXNL201900002312,ACC0015318,IND19000461,LN2019100000636,LDO20190001275,1,2019-12-01,02:48:44,2991.4,Debit,Completed,,Loan Payment - LN2019100000636,False,,0.06,,Automated,Personal Loan,standard_payment,False,loan_payment_generator
TXNL201900002313,ACC0014533,IND19011563,LN2019100000645,LDO20190001276,2,2019-12-29,03:51:57,2051.01,Debit,Completed,,Loan Payment - LN2019100000645,False,,1.92,,Automated,Personal Loan,standard_payment,False,loan_payment_generator
TXNL201900002314,ACC0015376,IND19009495,LN2019100000646,LDO20190000260,1,2019-12-03,03:18:39,2023.45,Debit,Completed,,Loan Payment - LN2019100000646,False,,0.19,,Automated,Vehicle Loan,standard_payment,False,loan_payment_generator
TXNL201900002315,ACC0014444,IND19003062,LN2019100000651,LDO20190001277,2,2019-12-25,03:27:53,2796.96,Debit,Completed,,Loan Payment - LN2019100000651 - Partial,False,,1.19,,Automated,Vehicle Loan,partial_payment,False,loan_payment_generator
TXNL201900002316,ACC0015372,IND19006768,LN2019100000656,LDO20190001278,2,2019-12-28,02:22:25,1815.4,Debit,Completed,,Loan Payment - LN2019100000656,False,,0.27,,Automated,Home Loan,standard_payment,False,loan_payment_generator
TXNL201900002317,ACC0014883,IND19009439,LN2019100000659,LDO20190000261,1,2019-12-05,04:17:24,1825.33,Debit,Completed,,Loan Payment - LN2019100000659,False,,1.75,,Automated,Vehicle Loan,standard_payment,False,loan_payment_generator
TXNL201900002318,ACC0014543,IND19012350,LN2019100000661,LDO20190000130,2,2019-12-16,04:24:45,2884.01,Debit,Failed,bank_timeout,Loan Payment - LN2019100000661,False,,0.23,,Automated,Vehicle Loan,standard_payment,False,loan_payment_generator
TXNL201900002319,ACC0014526,IND19013003,LN2019100000663,LDO20190001279,2,2019-12-11,03:26:22,5561.36,Debit,Completed,,Loan Payment - LN2019100000663,False,,1.1,,Automated,Personal Loan,standard_payment,False,loan_payment_generator
TXNL201900002320,ACC0014597,IND19007125,LN2019100000664,LDO20190001280,2,2019-12-29,04:10:38,12757.45,Debit,Completed,,Loan Payment - LN2019100000664,False,,1.79,,Automated,Personal Loan,standard_payment,False,loan_payment_generator
TXNL201900002321,ACC0014665,IND19010618,LN2019100000669,LDO20190001281,2,2019-12-11,03:16:06,1964.27,Debit,Completed,,Loan Payment - LN2019100000669,False,,0.37,,Automated,Personal Loan,standard_payment,False,loan_payment_generator
TXNL201900002322,ACC0015130,IND19000483,LN2019100000679,LDO20190000571,1,2019-12-03,02:01:45,7071.33,Debit,Completed,,Loan Payment - LN2019100000679,False,,0.79,,Automated,Personal Loan,standard_payment,False,loan_payment_generator
TXNL201900002323,ACC0015291,IND19003619,LN2019100000681,LDO20190001282,1,2019-12-06,02:22:24,1395.87,Debit,Completed,,Loan Payment - LN2019100000681,False,,1.43,,Automated,Home Loan,standard_payment,False,loan_payment_generator
TXNL201900002324,ACC0015361,IND19005519,LN2019100000683,LDO20190000572,2,2019-12-18,04:12:42,9536.0,Debit,Completed,,Loan Payment - LN2019100000683 - Extra Principal,False,,1.75,,Automated,Vehicle Loan,extra_payment,False,loan_payment_generator
TXNL201900002325,ACC0014837,IND19000859,LN2019100000686,LDO20190000573,2,2019-12-16,03:46:03,8825.13,Debit,Completed,,Loan Payment - LN2019100000686,False,,0.46,,Automated,Home Loan,standard_payment,False,loan_payment_generator
TXNL201900002326,ACC0014779,IND19008707,LN2019100000687,LDO20190001283,2,2019-12-21,02:08:40,3607.3,Debit,Completed,,Loan Payment - LN2019100000687,False,,1.78,,Automated,Home Loan,standard_payment,False,loan_payment_generator
TXNL201900002327,ACC0014633,IND19005402,LN2019100000688,LDO20190000262,2,2019-12-19,04:31:46,3544.07,Debit,Completed,,Loan Payment - LN2019100000688 - Partial,False,,0.71,,Automated,Home Loan,partial_payment,False,loan_payment_generator
TXNL201900002328,ACC0014541,IND19006710,LN2019100000696,LDO20190001284,1,2019-12-01,02:24:39,1319.47,Debit,Completed,,Loan Payment - LN2019100000696,False,,1.95,,Automated,Home Loan,standard_payment,False,loan_payment_generator
TXNL201900002329,ACC0015023,IND19008027,LN2019100000700,LDO20190001285,2,2019-12-25,02:32:02,1372.37,Debit,Completed,,Loan Payment - LN2019100000700,False,,1.86,,Automated,Vehicle Loan,standard_payment,False,loan_payment_generator
TXNL201900002330,ACC0014815,IND19007574,LN2019100000705,LDO20190001286,2,2019-12-22,02:31:48,2235.88,Debit,Completed,,Loan Payment - LN2019100000705,False,,0.72,,Automated,Personal Loan,standard_payment,False,loan_payment_generator
TXNL201900002331,ACC0014807,IND19006003,LN2019100000709,LDO20190001287,1,2019-12-08,02:54:22,3498.21,Debit,Completed,,Loan Payment - LN2019100000709,False,,1.24,,Automated,Personal Loan,standard_payment,False,loan_payment_generator
TXNL201900002332,ACC0014630,IND19003716,LN2019100000713,LDO20190001288,2,2019-12-17,04:20:02,3439.6,Debit,Completed,,Loan Payment - LN2019100000713,False,,1.07,,Automated,Vehicle Loan,standard_payment,False,loan_payment_generator
TXNL201900002333,ACC0014870,IND19009382,LN2019100000716,LDO20190000263,2,2019-12-30,03:37:02,3141.86,Debit,Completed,,Loan Payment - LN2019100000716,False,,1.6,,Automated,Home Loan,standard_payment,False,loan_payment_generator
TXNL201900002334,ACC0014852,IND19000792,LN2019100000718,LDO20190000574,2,2019-12-17,03:16:48,1378.97,Debit,Completed,,Loan Payment - LN2019100000718,False,,1.76,,Automated,Home Loan,standard_payment,False,loan_payment_generator
TXNL201900002335,ACC0015067,IND19010471,LN2019100000719,LDO20190001289,1,2019-12-10,04:34:30,913.23,Debit,Completed,,Loan Payment - LN2019100000719,False,,1.18,,Automated,Home Loan,standard_payment,False,loan_payment_generator
TXNL201900002336,ACC0014741,IND19004022,LN2019100000723,LDO20190001290,2,2019-12-11,04:10:06,1859.99,Debit,Completed,,Loan Payment - LN2019100000723,False,,0.02,,Automated,Home Loan,standard_payment,False,loan_payment_generator
TXNL201900002337,ACC0014900,IND19006459,LN2019100000726,LDO20190000575,2,2019-12-22,02:14:10,1846.83,Debit,Completed,,Loan Payment - LN2019100000726,False,,1.83,,Automated,Home Loan,standard_payment,False,loan_payment_generator
TXNL201900002338,ACC0014513,IND19002157,LN2019100000730,LDO20190000576,1,2019-12-02,03:39:07,732.33,Debit,Completed,,Loan Payment - LN2019100000730,False,,1.77,,Automated,Vehicle Loan,standard_payment,False,loan_payment_generator
TXNL201900002339,ACC0014987,IND19010799,LN2019100000753,LDO20190000577,2,2019-12-18,04:22:38,3502.54,Debit,Completed,,Loan Payment - LN2019100000753,False,,0.41,,Automated,Vehicle Loan,standard_payment,False,loan_payment_generator
TXNL201900002340,ACC0015296,IND19006283,LN2019100000770,LDO20190000578,1,2019-12-04,04:31:52,2441.52,Debit,Completed,,Loan Payment - LN2019100000770,False,,0.49,,Automated,Vehicle Loan,standard_payment,False,loan_payment_generator
TXNL201900002341,ACC0014624,IND19001280,LN2019100000773,LDO20190000264,2,2019-12-28,02:16:26,2380.1,Debit,Completed,,Loan Payment - LN2019100000773,False,,1.69,,Automated,Home Loan,standard_payment,False,loan_payment_generator
TXNL201900002342,ACC0014875,IND19003311,LN2019100000790,LDO20190000579,2,2019-12-21,03:29:18,4174.33,Debit,Completed,,Loan Payment - LN2019100000790,False,,1.15,,Automated,Home Loan,standard_payment,False,loan_payment_generator
TXNL201900002343,ACC0014905,IND19005898,LN2019100000795,LDO20190000131,2,2019-12-30,02:17:14,499.46,Debit,Completed,,Loan Payment - LN2019100000795,False,,1.63,,Automated,Personal Loan,standard_payment,False,loan_payment_generator
TXNL201900002344,ACC0014455,IND19002201,LN2019100000797,LDO20190000580,2,2019-12-08,04:16:02,3816.48,Debit,Completed,,Loan Payment - LN2019100000797,False,,0.71,,Automated,Home Loan,standard_payment,False,loan_payment_generator
TXNL201900002345,ACC0014641,IND19001922,LN2019100000798,LDO20190000265,2,2019-12-14,04:42:05,2539.5,Debit,Completed,,Loan Payment - LN2019100000798,False,,0.96,,Automated,Home Loan,standard_payment,False,loan_payment_generator
TXNL201900002346,ACC0015408,COM19000084,LN2019100000799,LDO20190000053,2,2019-12-29,03:25:24,9460.39,Debit,Completed,,Loan Payment - LN2019100000799,False,,0.56,,Automated,Business Loan,standard_payment,False,loan_payment_generator
TXNL201900002347,ACC0014445,IND19007288,LN2019100000805,LDO20190001291,2,2019-12-08,02:07:53,4366.74,Debit,Completed,,Loan Payment - LN2019100000805 - Extra Principal,False,,1.66,,Automated,Home Loan,extra_payment,False,loan_payment_generator
TXNL201900002348,ACC0015234,IND19008629,LN2019100000807,LDO20190001292,2,2019-12-28,02:21:57,909.32,Debit,Completed,,Loan Payment - LN2019100000807 - Extra Principal,False,,1.69,,Automated,Home Loan,extra_payment,False,loan_payment_generator
TXNL201900002349,ACC0015317,IND19000559,LN2019100000808,LDO20190001293,2,2019-12-30,03:14:38,1128.23,Debit,Completed,,Loan Payment - LN2019100000808,False,,0.08,,Automated,Home Loan,standard_payment,False,loan_payment_generator
TXNL201900002350,ACC0015321,IND19000882,LN2019100000838,LDO20190000266,2,2019-12-29,04:07:01,3101.83,Debit,Completed,,Loan Payment - LN2019100000838,False,,1.79,,Automated,Personal Loan,standard_payment,False,loan_payment_generator
TXNL201900002351,ACC0014576,IND19006736,LN2019100000839,LDO20190000581,2,2019-12-10,02:00:11,945.91,Debit,Completed,,Loan Payment - LN2019100000839,False,,1.38,,Automated,Home Loan,standard_payment,False,loan_payment_generator
TXNL201900002352,ACC0015087,IND19006417,LN2019100000846,LDO20190001294,2,2019-12-17,04:48:50,7463.82,Debit,Completed,,Loan Payment - LN2019100000846,False,,0.76,,Automated,Personal Loan,standard_payment,False,loan_payment_generator
TXNL201900002353,ACC0014754,IND19004483,LN2019100000848,LDO20190001295,2,2019-12-21,02:43:36,1686.24,Debit,Completed,,Loan Payment - LN2019100000848,False,,0.6,,Automated,Home Loan,standard_payment,False,loan_payment_generator
TXNL201900002354,ACC0014887,IND19011390,LN2019100000849,LDO20190001296,2,2019-12-21,03:29:29,3437.66,Debit,Completed,,Loan Payment - LN2019100000849,False,,0.36,,Automated,Home Loan,standard_payment,False,loan_payment_generator
TXNL201900002355,ACC0015066,IND19003685,LN2019100000857,LDO20190000582,1,2019-12-02,03:30:34,4834.51,Debit,Completed,,Loan Payment - LN2019100000857,False,,0.83,,Automated,Home Loan,standard_payment,False,loan_payment_generator
TXNL201900002356,ACC0014796,IND19001357,LN2019100000859,LDO20190001297,1,2019-12-03,04:49:50,2456.4,Debit,Completed,,Loan Payment - LN2019100000859,False,,1.47,,Automated,Home Loan,standard_payment,False,loan_payment_generator
TXNL201900002357,ACC0014795,IND19001357,LN2019100000860,LDO20190000583,1,2019-12-05,03:37:03,3996.55,Debit,Completed,,Loan Payment - LN2019100000860,False,,1.23,,Automated,Home Loan,standard_payment,False,loan_payment_generator
TXNL201900002358,ACC0014657,IND19010193,LN2019100000868,LDO20190000584,1,2019-12-01,04:26:50,4369.25,Debit,Completed,,Loan Payment - LN2019100000868,False,,0.76,,Automated,Personal Loan,standard_payment,False,loan_payment_generator
TXNL201900002359,ACC0014651,IND19001368,LN2019100000869,LDO20190000585,2,2019-12-27,02:20:00,1090.59,Debit,Completed,,Loan Payment - LN2019100000869 - Extra Principal,False,,1.37,,Automated,Home Loan,extra_payment,False,loan_payment_generator
TXNL201900002360,ACC0014734,IND19006261,LN2019100000874,LDO20190001298,2,2019-12-26,04:52:59,3319.36,Debit,Completed,,Loan Payment - LN2019100000874,False,,1.2,,Automated,Home Loan,standard_payment,False,loan_payment_generator
TXNL201900002361,ACC0014710,IND19005052,LN2019100000876,LDO20190001299,1,2019-12-02,04:45:19,1991.24,Debit,Cancelled,customer_stop_instruction,Loan Payment - LN2019100000876,False,,0.86,,Automated,Home Loan,standard_payment,False,loan_payment_generator
TXNL201900002362,ACC0015071,IND19011567,LN2019100000889,LDO20190001300,2,2019-12-29,03:06:45,814.01,Debit,Completed,,Loan Payment - LN2019100000889,False,,0.34,,Automated,Home Loan,standard_payment,False,loan_payment_generator
TXNL201900002363,ACC0014891,IND19001714,LN2019100000893,LDO20190001301,2,2019-12-26,03:09:38,1563.62,Debit,Failed,insufficient_funds,Loan Payment - LN2019100000893,False,,0.87,,Automated,Vehicle Loan,standard_payment,False,loan_payment_generator
TXNL201900002364,ACC0015038,IND19006520,LN2019100000905,LDO20190001302,1,2019-12-02,03:26:16,1699.21,Debit,Completed,,Loan Payment - LN2019100000905,False,,0.12,,Automated,Vehicle Loan,standard_payment,False,loan_payment_generator
TXNL201900002365,ACC0015090,IND19002759,LN2019100000909,LDO20190000054,1,2019-12-06,03:17:23,2026.36,Debit,Completed,,Loan Payment - LN2019100000909,False,,1.49,,Automated,Vehicle Loan,standard_payment,False,loan_payment_generator
TXNL201900002366,ACC0014736,IND19011898,LN2019100000911,LDO20190000586,2,2019-12-13,03:39:15,830.59,Debit,Completed,,Loan Payment - LN2019100000911,False,,1.89,,Automated,Vehicle Loan,standard_payment,False,loan_payment_generator
TXNL201900002367,ACC0015193,IND19006535,LN2019100000929,LDO20190001303,2,2019-12-29,02:28:22,320.52,Debit,Completed,,Loan Payment - LN2019100000929,False,,1.12,,Automated,Home Loan,standard_payment,False,loan_payment_generator
TXNL201900002368,ACC0016752,IND19005524,LN2019110000032,LDO20190000267,1,2019-12-18,02:11:04,5468.9,Debit,Completed,,Loan Payment - LN2019110000032,False,,0.2,,Automated,Home Loan,standard_payment,False,loan_payment_generator
TXNL201900002369,ACC0015824,IND19011426,LN2019110000072,LDO20190000132,1,2019-12-20,03:59:41,2933.18,Debit,Cancelled,customer_stop_instruction,Loan Payment - LN2019110000072,False,,0.58,,Automated,Home Loan,standard_payment,False,loan_payment_generator
TXNL201900002370,ACC0016225,IND19015916,LN2019110000076,LDO20190000133,1,2019-12-07,03:09:31,3840.69,Debit,Completed,,Loan Payment - LN2019110000076,False,,1.49,,Automated,Personal Loan,standard_payment,False,loan_payment_generator
TXNL201900002371,ACC0016503,IND19017799,LN2019110000082,LDO20190001304,1,2019-12-16,04:07:12,1500.42,Debit,Completed,,Loan Payment - LN2019110000082,False,,1.34,,Automated,Home Loan,standard_payment,False,loan_payment_generator
TXNL201900002372,ACC0016747,IND19011048,LN2019110000089,LDO20190001305,1,2019-12-25,02:09:06,1281.22,Debit,Completed,,Loan Payment - LN2019110000089,False,,0.6,,Automated,Vehicle Loan,standard_payment,False,loan_payment_generator
TXNL201900002373,ACC0015713,IND19018942,LN2019110000093,LDO20190001306,1,2019-12-13,03:34:51,7335.1,Debit,Completed,,Loan Payment - LN2019110000093,False,,1.33,,Automated,Vehicle Loan,standard_payment,False,loan_payment_generator
TXNL201900002374,ACC0015438,IND19005791,LN2019110000094,LDO20190001307,1,2019-12-14,03:22:10,985.23,Debit,Completed,,Loan Payment - LN2019110000094,False,,1.44,,Automated,Home Loan,standard_payment,False,loan_payment_generator
TXNL201900002375,ACC0016453,IND19019950,LN2019110000097,LDO20190000269,1,2019-12-26,04:49:21,2852.46,Debit,Completed,,Loan Payment - LN2019110000097,False,,0.76,,Automated,Personal Loan,standard_payment,False,loan_payment_generator
TXNL201900002376,ACC0016428,IND19000873,LN2019110000108,LDO20190000590,1,2019-12-27,03:14:26,3589.35,Debit,Completed,,Loan Payment - LN2019110000108,False,,0.46,,Automated,Home Loan,standard_payment,False,loan_payment_generator
TXNL201900002377,ACC0016002,IND19011061,LN2019110000109,LDO20190001308,1,2019-12-29,03:08:10,8866.88,Debit,Completed,,Loan Payment - LN2019110000109,False,,0.41,,Automated,Personal Loan,standard_payment,False,loan_payment_generator
TXNL201900002378,ACC0015851,IND19018488,LN2019110000112,LDO20190001309,1,2019-12-29,04:05:49,1906.94,Debit,Completed,,Loan Payment - LN2019110000112,False,,1.27,,Automated,Vehicle Loan,standard_payment,False,loan_payment_generator
TXNL201900002379,ACC0016627,IND19008440,LN2019110000116,LDO20190000591,1,2019-12-25,04:42:24,2256.48,Debit,Completed,,Loan Payment - LN2019110000116 - Late Fee,False,,0.63,,Automated,Home Loan,late_payment,False,loan_payment_generator
TXNL201900002380,ACC0016207,IND19019353,LN2019110000130,LDO20190001310,1,2019-12-26,03:57:08,3396.28,Debit,Completed,,Loan Payment - LN2019110000130,False,,1.86,,Automated,Home Loan,standard_payment,False,loan_payment_generator
TXNL201900002381,ACC0015481,IND19008253,LN2019110000131,LDO20190000270,1,2019-12-25,03:22:44,2231.59,Debit,Completed,,Loan Payment - LN2019110000131,False,,1.03,,Automated,Home Loan,standard_payment,False,loan_payment_generator
TXNL201900002382,ACC0015519,IND19009246,LN2019110000133,LDO20190000592,1,2019-12-19,03:35:44,1695.74,Debit,Completed,,Loan Payment - LN2019110000133,False,,0.68,,Automated,Home Loan,standard_payment,False,loan_payment_generator
TXNL201900002383,ACC0016660,IND19007917,LN2019110000141,LDO20190000271,1,2019-12-24,03:45:49,3401.92,Debit,Completed,,Loan Payment - LN2019110000141,False,,1.11,,Automated,Home Loan,standard_payment,False,loan_payment_generator
TXNL201900002384,ACC0016425,IND19020432,LN2019110000146,LDO20190000272,1,2019-12-15,02:16:28,2152.32,Debit,Completed,,Loan Payment - LN2019110000146,False,,0.48,,Automated,Home Loan,standard_payment,False,loan_payment_generator
TXNL201900002385,ACC0015812,IND19011944,LN2019110000156,LDO20190001312,1,2019-12-21,03:24:04,2609.75,Debit,Completed,,Loan Payment - LN2019110000156,False,,1.55,,Automated,Vehicle Loan,standard_payment,False,loan_payment_generator
TXNL201900002386,ACC0016702,IND19006765,LN2019110000169,LDO20190001313,1,2019-12-19,04:35:10,269.59,Debit,Completed,,Loan Payment - LN2019110000169,False,,0.54,,Automated,Home Loan,standard_payment,False,loan_payment_generator
TXNL201900002387,ACC0016796,IND19006171,LN2019110000171,LDO20190001314,1,2019-12-12,03:19:33,6782.42,Debit,Completed,,Loan Payment - LN2019110000171,False,,0.13,,Automated,Personal Loan,standard_payment,False,loan_payment_generator
TXNL201900002388,ACC0016000,IND19012493,LN2019110000176,LDO20190000594,1,2019-12-26,02:13:39,2444.58,Debit,Completed,,Loan Payment - LN2019110000176,False,,1.95,,Automated,Home Loan,standard_payment,False,loan_payment_generator
TXNL201900002389,ACC0016174,IND19016734,LN2019110000189,LDO20190001315,1,2019-12-24,04:03:41,1258.22,Debit,Completed,,Loan Payment - LN2019110000189,False,,0.41,,Automated,Personal Loan,standard_payment,False,loan_payment_generator
TXNL201900002390,ACC0016076,IND19010695,LN2019110000203,LDO20190000595,1,2019-12-16,03:35:39,3118.12,Debit,Completed,,Loan Payment - LN2019110000203 - Partial,False,,1.79,,Automated,Personal Loan,partial_payment,False,loan_payment_generator
TXNL201900002391,ACC0016107,IND19022517,LN2019110000204,LDO20190000134,1,2019-12-16,02:58:35,3631.98,Debit,Completed,,Loan Payment - LN2019110000204,False,,0.88,,Automated,Home Loan,standard_payment,False,loan_payment_generator
TXNL201900002392,ACC0016504,IND19014042,LN2019110000207,LDO20190000596,1,2019-12-08,02:48:22,2735.46,Debit,Completed,,Loan Payment - LN2019110000207,False,,0.88,,Automated,Home Loan,standard_payment,False,loan_payment_generator
TXNL201900002393,ACC0017148,IND19005202,LN2019110000218,LDO20190001316,1,2019-12-27,04:56:28,2770.86,Debit,Completed,,Loan Payment - LN2019110000218,False,,1.66,,Automated,Vehicle Loan,standard_payment,False,loan_payment_generator
TXNL201900002394,ACC0016554,IND19000992,LN2019110000222,LDO20190001317,1,2019-12-26,04:02:28,1476.93,Debit,Completed,,Loan Payment - LN2019110000222,False,,1.8,,Automated,Home Loan,standard_payment,False,loan_payment_generator
TXNL201900002395,ACC0016777,IND19014116,LN2019110000229,LDO20190000273,1,2019-12-29,04:36:25,1844.62,Debit,Completed,,Loan Payment - LN2019110000229,False,,0.32,,Automated,Vehicle Loan,standard_payment,False,loan_payment_generator
TXNL201900002396,ACC0016095,IND19008630,LN2019110000232,LDO20190001318,1,2019-12-25,02:28:54,3740.49,Debit,Completed,,Loan Payment - LN2019110000232 - Extra Principal,False,,1.54,,Automated,Home Loan,extra_payment,False,loan_payment_generator
TXNL201900002397,ACC0016293,IND19019129,LN2019110000244,LDO20190000020,1,2019-12-25,04:39:33,4360.32,Debit,Completed,,Loan Payment - LN2019110000244,False,,1.04,,Automated,Personal Loan,standard_payment,False,loan_payment_generator
TXNL201900002398,ACC0015859,IND19009036,LN2019110000252,LDO20190001319,1,2019-12-11,03:35:49,2125.0,Debit,Completed,,Loan Payment - LN2019110000252,False,,1.75,,Automated,Home Loan,standard_payment,False,loan_payment_generator
TXNL201900002399,ACC0016521,IND19022672,LN2019110000256,LDO20190000597,1,2019-12-28,03:29:00,1601.81,Debit,Completed,,Loan Payment - LN2019110000256,False,,1.26,,Automated,Home Loan,standard_payment,False,loan_payment_generator
TXNL201900002400,ACC0016109,IND19014220,LN2019110000262,LDO20190001320,1,2019-12-16,04:05:11,6452.17,Debit,Completed,,Loan Payment - LN2019110000262,False,,0.15,,Automated,Personal Loan,standard_payment,False,loan_payment_generator
TXNL201900002401,ACC0016564,IND19005051,LN2019110000263,LDO20190001321,1,2019-12-21,03:14:27,1579.37,Debit,Completed,,Loan Payment - LN2019110000263,False,,1.14,,Automated,Personal Loan,standard_payment,False,loan_payment_generator
TXNL201900002402,ACC0016534,IND19010117,LN2019110000273,LDO20190000274,1,2019-12-14,04:10:17,4805.31,Debit,Completed,,Loan Payment - LN2019110000273,False,,0.25,,Automated,Home Loan,standard_payment,False,loan_payment_generator
TXNL201900002403,ACC0016441,IND19011531,LN2019110000281,LDO20190000021,1,2019-12-13,02:20:58,1197.23,Debit,Completed,,Loan Payment - LN2019110000281,False,,1.71,,Automated,Vehicle Loan,standard_payment,False,loan_payment_generator
TXNL201900002404,ACC0016962,IND19020006,LN2019110000309,LDO20190001326,1,2019-12-30,04:38:34,2360.81,Debit,Completed,,Loan Payment - LN2019110000309,False,,0.61,,Automated,Vehicle Loan,standard_payment,False,loan_payment_generator
TXNL201900002405,ACC0017049,IND19001097,LN2019110000310,LDO20190001327,1,2019-12-13,02:04:17,4207.91,Debit,Completed,,Loan Payment - LN2019110000310,False,,0.31,,Automated,Vehicle Loan,standard_payment,False,loan_payment_generator
TXNL201900002406,ACC0016825,IND19021555,LN2019110000333,LDO20190000275,1,2019-12-14,03:59:49,2058.23,Debit,Completed,,Loan Payment - LN2019110000333,False,,0.82,,Automated,Vehicle Loan,standard_payment,False,loan_payment_generator
TXNL201900002407,ACC0016719,IND19019618,LN2019110000337,LDO20190001328,1,2019-12-27,03:54:14,3093.01,Debit,Completed,,Loan Payment - LN2019110000337,False,,1.91,,Automated,Vehicle Loan,standard_payment,False,loan_payment_generator
TXNL201900002408,ACC0016257,IND19002620,LN2019110000339,LDO20190000598,1,2019-12-23,03:29:57,459.55,Debit,Completed,,Loan Payment - LN2019110000339,False,,0.68,,Automated,Home Loan,standard_payment,False,loan_payment_generator
TXNL201900002409,ACC0015585,IND19022752,LN2019110000345,LDO20190000600,1,2019-12-29,03:17:18,3052.83,Debit,Completed,,Loan Payment - LN2019110000345,False,,0.21,,Automated,Home Loan,standard_payment,False,loan_payment_generator
TXNL201900002410,ACC0015703,IND19011233,LN2019110000350,LDO20190001330,1,2019-12-29,04:30:47,4839.7,Debit,Completed,,Loan Payment - LN2019110000350,False,,1.7,,Automated,Home Loan,standard_payment,False,loan_payment_generator
TXNL201900002411,ACC0015647,IND19013303,LN2019110000369,LDO20190001332,1,2019-12-14,04:10:48,11821.6,Debit,Completed,,Loan Payment - LN2019110000369,False,,0.35,,Automated,Personal Loan,standard_payment,False,loan_payment_generator
TXNL201900002412,ACC0016895,IND19009396,LN2019110000378,LDO20190001333,1,2019-12-29,02:13:43,2849.02,Debit,Cancelled,customer_stop_instruction,Loan Payment - LN2019110000378,False,,1.41,,Automated,Personal Loan,standard_payment,False,loan_payment_generator
TXNL201900002413,ACC0016922,IND19019961,LN2019110000395,LDO20190001335,1,2019-12-17,03:58:48,1835.37,Debit,Completed,,Loan Payment - LN2019110000395,False,,0.84,,Automated,Vehicle Loan,standard_payment,False,loan_payment_generator
TXNL201900002414,ACC0016704,IND19017422,LN2019110000398,LDO20190001336,1,2019-12-25,04:47:35,6055.71,Debit,Completed,,Loan Payment - LN2019110000398,False,,0.66,,Automated,Home Loan,standard_payment,False,loan_payment_generator
TXNL201900002415,ACC0016734,IND19021090,LN2019110000399,LDO20190001337,1,2019-12-24,02:28:00,336.75,Debit,Completed,,Loan Payment - LN2019110000399,False,,1.12,,Automated,Home Loan,standard_payment,False,loan_payment_generator
TXNL201900002416,ACC0015800,IND19012589,LN2019110000408,LDO20190001338,1,2019-12-30,03:43:57,2408.9,Debit,Completed,,Loan Payment - LN2019110000408,False,,1.49,,Automated,Home Loan,standard_payment,False,loan_payment_generator
TXNL201900002417,ACC0016475,IND19022156,LN2019110000411,LDO20190001339,1,2019-12-14,04:11:59,6496.87,Debit,Completed,,Loan Payment - LN2019110000411,False,,0.72,,Automated,Personal Loan,standard_payment,False,loan_payment_generator
TXNL201900002418,ACC0015485,IND19005788,LN2019110000412,LDO20190001340,1,2019-12-23,04:02:08,2058.94,Debit,Completed,,Loan Payment - LN2019110000412,False,,0.01,,Automated,Home Loan,standard_payment,False,loan_payment_generator
TXNL201900002419,ACC0015915,IND19019141,LN2019110000413,LDO20190000602,1,2019-12-20,03:38:00,12092.71,Debit,Completed,,Loan Payment - LN2019110000413,False,,0.29,,Automated,Personal Loan,standard_payment,False,loan_payment_generator
TXNL201900002420,ACC0016050,IND19014779,LN2019110000437,LDO20190000603,1,2019-12-29,04:29:56,1680.25,Debit,Completed,,Loan Payment - LN2019110000437,False,,1.9,,Automated,Vehicle Loan,standard_payment,False,loan_payment_generator
TXNL201900002421,ACC0016075,IND19010695,LN2019110000461,LDO20190000604,1,2019-12-25,02:25:28,583.34,Debit,Completed,,Loan Payment - LN2019110000461,False,,1.76,,Automated,Home Loan,standard_payment,False,loan_payment_generator
TXNL201900002422,ACC0016490,IND19022225,LN2019110000465,LDO20190001343,1,2019-12-21,03:24:42,3227.22,Debit,Completed,,Loan Payment - LN2019110000465 - Extra Principal,False,,1.55,,Automated,Home Loan,extra_payment,False,loan_payment_generator
TXNL201900002423,ACC0015477,IND19012830,LN2019110000472,LDO20190001345,1,2019-12-23,02:50:43,794.93,Debit,Completed,,Loan Payment - LN2019110000472,False,,1.84,,Automated,Home Loan,standard_payment,False,loan_payment_generator
TXNL201900002424,ACC0016443,IND19011227,LN2019110000477,LDO20190000056,1,2019-12-22,03:57:04,2980.37,Debit,Completed,,Loan Payment - LN2019110000477,False,,1.88,,Automated,Personal Loan,standard_payment,False,loan_payment_generator
TXNL201900002425,ACC0016143,IND19009170,LN2019110000478,LDO20190000276,1,2019-12-29,02:19:58,1797.49,Debit,Completed,,Loan Payment - LN2019110000478,False,,0.31,,Automated,Vehicle Loan,standard_payment,False,loan_payment_generator
TXNL201900002426,ACC0016452,IND19004664,LN2019110000490,LDO20190001346,1,2019-12-18,02:18:55,2584.0,Debit,Completed,,Loan Payment - LN2019110000490,False,,1.17,,Automated,Personal Loan,standard_payment,False,loan_payment_generator
TXNL201900002427,ACC0015512,IND19012072,LN2019110000495,LDO20190001347,1,2019-12-14,03:05:36,1187.75,Debit,Completed,,Loan Payment - LN2019110000495 - Partial,False,,0.05,,Automated,Vehicle Loan,partial_payment,False,loan_payment_generator
TXNL201900002428,ACC0016740,IND19005768,LN2019110000498,LDO20190000605,1,2019-12-26,02:43:00,5634.99,Debit,Completed,,Loan Payment - LN2019110000498,False,,1.59,,Automated,Home Loan,standard_payment,False,loan_payment_generator
TXNL201900002429,ACC0016720,IND19019088,LN2019110000507,LDO20190001349,1,2019-12-22,03:58:27,138.58,Debit,Completed,,Loan Payment - LN2019110000507 - Partial,False,,0.58,,Automated,Home Loan,partial_payment,False,loan_payment_generator
TXNL201900002430,ACC0016949,IND19009984,LN2019110000508,LDO20190001350,1,2019-12-20,02:52:42,3099.02,Debit,Completed,,Loan Payment - LN2019110000508,False,,1.99,,Automated,Personal Loan,standard_payment,False,loan_payment_generator
TXNL201900002431,ACC0016035,IND19018047,LN2019110000511,LDO20190001351,1,2019-12-14,02:04:22,798.02,Debit,Completed,,Loan Payment - LN2019110000511,False,,1.99,,Automated,Home Loan,standard_payment,False,loan_payment_generator
TXNL201900002432,ACC0016480,IND19021313,LN2019110000516,LDO20190001353,1,2019-12-12,02:24:05,2308.98,Debit,Completed,,Loan Payment - LN2019110000516,False,,1.96,,Automated,Home Loan,standard_payment,False,loan_payment_generator
TXNL201900002433,ACC0016356,IND19010573,LN2019110000523,LDO20190001355,1,2019-12-13,03:14:53,8378.13,Debit,Completed,,Loan Payment - LN2019110000523,False,,1.8,,Automated,Personal Loan,standard_payment,False,loan_payment_generator
TXNL201900002434,ACC0016868,IND19019445,LN2019110000529,LDO20190001356,1,2019-12-12,04:43:27,860.99,Debit,Completed,,Loan Payment - LN2019110000529 - Late Fee,False,,0.23,,Automated,Home Loan,late_payment,False,loan_payment_generator
TXNL201900002435,ACC0015874,IND19014142,LN2019110000545,LDO20190000277,1,2019-12-17,03:20:31,2128.88,Debit,Completed,,Loan Payment - LN2019110000545,False,,0.64,,Automated,Personal Loan,standard_payment,False,loan_payment_generator
TXNL201900002436,ACC0016746,IND19021475,LN2019110000546,LDO20190001357,1,2019-12-19,03:14:10,1608.34,Debit,Completed,,Loan Payment - LN2019110000546,False,,1.7,,Automated,Vehicle Loan,standard_payment,False,loan_payment_generator
TXNL201900002437,ACC0015845,IND19008750,LN2019110000551,LDO20190000278,1,2019-12-14,04:29:35,249.25,Debit,Completed,,Loan Payment - LN2019110000551,False,,1.25,,Automated,Home Loan,standard_payment,False,loan_payment_generator
TXNL201900002438,ACC0016878,IND19009638,LN2019110000566,LDO20190001359,1,2019-12-09,03:11:04,2487.57,Debit,Completed,,Loan Payment - LN2019110000566 - Extra Principal,False,,0.03,,Automated,Home Loan,extra_payment,False,loan_payment_generator
TXNL201900002439,ACC0017005,IND19020092,LN2019110000571,LDO20190000279,1,2019-12-30,02:42:24,1865.08,Debit,Failed,bank_timeout,Loan Payment - LN2019110000571,False,,0.82,,Automated,Personal Loan,standard_payment,False,loan_payment_generator
TXNL201900002440,ACC0016051,IND19012890,LN2019110000575,LDO20190001360,1,2019-12-11,03:13:13,2926.14,Debit,Completed,,Loan Payment - LN2019110000575,False,,1.59,,Automated,Personal Loan,standard_payment,False,loan_payment_generator
TXNL201900002441,ACC0016630,IND19016620,LN2019110000578,LDO20190001361,1,2019-12-24,03:30:54,1873.84,Debit,Completed,,Loan Payment - LN2019110000578,False,,1.16,,Automated,Personal Loan,standard_payment,False,loan_payment_generator
TXNL201900002442,ACC0015439,IND19012955,LN2019110000595,LDO20190001362,1,2019-12-14,04:55:19,1108.33,Debit,Completed,,Loan Payment - LN2019110000595,False,,0.26,,Automated,Home Loan,standard_payment,False,loan_payment_generator
TXNL201900002443,ACC0016182,IND19003639,LN2019110000604,LDO20190000607,1,2019-12-21,03:06:31,1628.59,Debit,Completed,,Loan Payment - LN2019110000604,False,,0.93,,Automated,Vehicle Loan,standard_payment,False,loan_payment_generator
TXNL201900002444,ACC0016865,IND19004697,LN2019110000605,LDO20190001364,1,2019-12-25,03:13:56,451.24,Debit,Failed,mandate_limit,Loan Payment - LN2019110000605,False,,0.13,,Automated,Personal Loan,standard_payment,False,loan_payment_generator
TXNL201900002445,ACC0016505,IND19011309,LN2019110000626,LDO20190000608,1,2019-12-18,02:51:06,10770.82,Debit,Completed,,Loan Payment - LN2019110000626,False,,0.4,,Automated,Personal Loan,standard_payment,False,loan_payment_generator
TXNL201900002446,ACC0015857,IND19002400,LN2019110000628,LDO20190001365,1,2019-12-17,03:47:42,3133.96,Debit,Completed,,Loan Payment - LN2019110000628,False,,0.51,,Automated,Home Loan,standard_payment,False,loan_payment_generator
TXNL201900002447,ACC0015996,IND19017710,LN2019110000643,LDO20190000609,1,2019-12-19,04:27:12,1304.69,Debit,Completed,,Loan Payment - LN2019110000643,False,,1.92,,Automated,Vehicle Loan,standard_payment,False,loan_payment_generator
TXNL201900002448,ACC0015958,IND19013885,LN2019110000647,LDO20190001366,1,2019-12-16,04:55:04,1426.17,Debit,Completed,,Loan Payment - LN2019110000647,False,,0.71,,Automated,Vehicle Loan,standard_payment,False,loan_payment_generator
TXNL201900002449,ACC0015661,IND19000919,LN2019110000659,LDO20190001367,1,2019-12-12,04:49:07,1775.81,Debit,Completed,,Loan Payment - LN2019110000659,False,,0.95,,Automated,Personal Loan,standard_payment,False,loan_payment_generator
TXNL201900002450,ACC0016101,IND19016649,LN2019110000662,LDO20190000610,1,2019-12-23,04:04:55,585.58,Debit,Completed,,Loan Payment - LN2019110000662,False,,0.33,,Automated,Vehicle Loan,standard_payment,False,loan_payment_generator
TXNL201900002451,ACC0017134,IND19003394,LN2019110000664,LDO20190001368,1,2019-12-16,04:03:49,1924.46,Debit,Completed,,Loan Payment - LN2019110000664,False,,0.37,,Automated,Vehicle Loan,standard_payment,False,loan_payment_generator
TXNL201900002452,ACC0016171,IND19015851,LN2019110000670,LDO20190001369,1,2019-12-15,02:31:28,4650.43,Debit,Completed,,Loan Payment - LN2019110000670,False,,0.14,,Automated,Home Loan,standard_payment,False,loan_payment_generator
TXNL201900002453,ACC0016595,IND19008386,LN2019110000672,LDO20190000611,1,2019-12-07,03:53:40,914.37,Debit,Failed,bank_timeout,Loan Payment - LN2019110000672,False,,1.13,,Automated,Home Loan,standard_payment,False,loan_payment_generator
TXNL201900002454,ACC0016943,IND19010634,LN2019110000680,LDO20190001370,1,2019-12-21,03:06:20,2715.6,Debit,Completed,,Loan Payment - LN2019110000680,False,,0.36,,Automated,Home Loan,standard_payment,False,loan_payment_generator
TXNL201900002455,ACC0016243,IND19003222,LN2019110000686,LDO20190000057,1,2019-12-18,02:27:08,648.87,Debit,Completed,,Loan Payment - LN2019110000686,False,,0.95,,Automated,Home Loan,standard_payment,False,loan_payment_generator
TXNL201900002456,ACC0015763,IND19000944,LN2019110000688,LDO20190000612,1,2019-12-22,03:57:09,2575.23,Debit,Completed,,Loan Payment - LN2019110000688,False,,1.64,,Automated,Home Loan,standard_payment,False,loan_payment_generator
TXNL201900002457,ACC0015834,IND19000307,LN2019110000689,LDO20190000280,1,2019-12-29,02:37:55,1519.33,Debit,Completed,,Loan Payment - LN2019110000689,False,,0.09,,Automated,Vehicle Loan,standard_payment,False,loan_payment_generator
TXNL201900002458,ACC0016918,IND19003793,LN2019110000696,LDO20190000613,1,2019-12-12,03:37:48,17906.09,Debit,Completed,,Loan Payment - LN2019110000696,False,,0.61,,Automated,Personal Loan,standard_payment,False,loan_payment_generator
TXNL201900002459,ACC0015441,IND19009828,LN2019110000701,LDO20190000022,1,2019-12-18,04:40:49,2488.76,Debit,Completed,,Loan Payment - LN2019110000701,False,,0.27,,Automated,Vehicle Loan,standard_payment,False,loan_payment_generator
TXNL201900002460,ACC0015895,IND19003790,LN2019110000703,LDO20190000614,1,2019-12-24,02:01:07,12066.24,Debit,Completed,,Loan Payment - LN2019110000703,False,,1.45,,Automated,Personal Loan,standard_payment,False,loan_payment_generator
TXNL201900002461,ACC0015852,IND19018488,LN2019110000710,LDO20190000615,1,2019-12-25,03:46:16,1026.94,Debit,Completed,,Loan Payment - LN2019110000710,False,,1.97,,Automated,Personal Loan,standard_payment,False,loan_payment_generator
TXNL201900002462,ACC0016219,IND19014050,LN2019110000711,LDO20190000281,1,2019-12-30,04:19:42,2728.17,Debit,Completed,,Loan Payment - LN2019110000711 - Late Fee,False,,1.83,,Automated,Personal Loan,late_payment,False,loan_payment_generator
TXNL201900002463,ACC0016652,IND19003737,LN2019110000713,LDO20190001373,1,2019-12-15,03:35:51,4140.27,Debit,Completed,,Loan Payment - LN2019110000713,False,,0.94,,Automated,Home Loan,standard_payment,False,loan_payment_generator
TXNL201900002464,ACC0015683,IND19008906,LN2019110000719,LDO20190001374,1,2019-12-17,02:54:20,4386.95,Debit,Completed,,Loan Payment - LN2019110000719,False,,1.55,,Automated,Vehicle Loan,standard_payment,False,loan_payment_generator
TXNL201900002465,ACC0016594,IND19008386,LN2019110000722,LDO20190001375,1,2019-12-12,04:36:26,1285.57,Debit,Completed,,Loan Payment - LN2019110000722,False,,1.88,,Automated,Vehicle Loan,standard_payment,False,loan_payment_generator
TXNL201900002466,ACC0015559,IND19015691,LN2019110000734,LDO20190001376,1,2019-12-16,04:24:09,3339.14,Debit,Completed,,Loan Payment - LN2019110000734,False,,1.69,,Automated,Personal Loan,standard_payment,False,loan_payment_generator
TXNL201900002467,ACC0016301,IND19002405,LN2019110000746,LDO20190001377,1,2019-12-16,03:13:30,397.53,Debit,Completed,,Loan Payment - LN2019110000746,False,,0.43,,Automated,Home Loan,standard_payment,False,loan_payment_generator
TXNL201900002468,ACC0016113,IND19012711,LN2019110000752,LDO20190000617,1,2019-12-27,02:01:25,4317.61,Debit,Completed,,Loan Payment - LN2019110000752,False,,1.62,,Automated,Home Loan,standard_payment,False,loan_payment_generator
TXNL201900002469,ACC0015987,IND19009349,LN2019110000755,LDO20190001378,1,2019-12-23,03:14:55,2904.18,Debit,Completed,,Loan Payment - LN2019110000755,False,,1.86,,Automated,Home Loan,standard_payment,False,loan_payment_generator
TXNL201900002470,ACC0016482,IND19012193,LN2019110000763,LDO20190001380,1,2019-12-16,04:10:49,4351.78,Debit,Completed,,Loan Payment - LN2019110000763,False,,1.65,,Automated,Personal Loan,standard_payment,False,loan_payment_generator
TXNL201900002471,ACC0015521,IND19011083,LN2019110000768,LDO20190001381,1,2019-12-19,03:07:50,2085.55,Debit,Completed,,Loan Payment - LN2019110000768,False,,0.21,,Automated,Home Loan,standard_payment,False,loan_payment_generator
TXNL201900002472,ACC0015561,IND19011642,LN2019110000800,LDO20190000618,1,2019-12-20,03:18:46,4959.25,Debit,Completed,,Loan Payment - LN2019110000800,False,,1.71,,Automated,Home Loan,standard_payment,False,loan_payment_generator
TXNL201900002473,ACC0016853,IND19017322,LN2019110000811,LDO20190001385,1,2019-12-17,03:52:49,1872.14,Debit,Completed,,Loan Payment - LN2019110000811,False,,0.34,,Automated,Home Loan,standard_payment,False,loan_payment_generator
TXNL201900002474,ACC0016633,IND19020502,LN2019110000815,LDO20190000619,1,2019-12-19,04:30:40,1831.79,Debit,Completed,,Loan Payment - LN2019110000815,False,,1.02,,Automated,Personal Loan,standard_payment,False,loan_payment_generator
TXNL201900002475,ACC0016361,IND19001413,LN2019110000817,LDO20190000620,1,2019-12-23,03:19:32,1642.48,Debit,Completed,,Loan Payment - LN2019110000817,False,,0.0,,Automated,Personal Loan,standard_payment,False,loan_payment_generator
TXNL201900002476,ACC0016609,IND19014852,LN2019110000821,LDO20190000621,1,2019-12-09,04:19:56,6378.55,Debit,Completed,,Loan Payment - LN2019110000821,False,,0.56,,Automated,Home Loan,standard_payment,False,loan_payment_generator
TXNL201900002477,ACC0016227,IND19004473,LN2019110000852,LDO20190000622,1,2019-12-12,03:39:16,4040.57,Debit,Completed,,Loan Payment - LN2019110000852,False,,1.18,,Automated,Vehicle Loan,standard_payment,False,loan_payment_generator
TXNL201900002478,ACC0016013,IND19017089,LN2019110000859,LDO20190001386,1,2019-12-14,02:31:20,3524.87,Debit,Completed,,Loan Payment - LN2019110000859,False,,0.81,,Automated,Personal Loan,standard_payment,False,loan_payment_generator
TXNL201900002479,ACC0016178,IND19006692,LN2019110000865,LDO20190001388,1,2019-12-14,02:44:18,1025.33,Debit,Completed,,Loan Payment - LN2019110000865,False,,0.2,,Automated,Home Loan,standard_payment,False,loan_payment_generator
TXNL201900002480,ACC0016498,IND19019567,LN2019110000878,LDO20190001389,1,2019-12-20,03:26:33,2136.0,Debit,Completed,,Loan Payment - LN2019110000878,False,,1.99,,Automated,Home Loan,standard_payment,False,loan_payment_generator
TXNL201900002481,ACC0016587,IND19001979,LN2019110000881,LDO20190001390,1,2019-12-24,04:16:13,2984.69,Debit,Completed,,Loan Payment - LN2019110000881,False,,0.52,,Automated,Home Loan,standard_payment,False,loan_payment_generator
TXNL201900002482,ACC0016226,IND19014635,LN2019110000891,LDO20190000623,1,2019-12-09,04:53:44,3233.22,Debit,Completed,,Loan Payment - LN2019110000891,False,,1.23,,Automated,Vehicle Loan,standard_payment,False,loan_payment_generator
TXNL201900002483,ACC0016791,IND19017333,LN2019110000896,LDO20190001391,1,2019-12-23,03:13:58,1181.34,Debit,Completed,,Loan Payment - LN2019110000896,False,,0.51,,Automated,Vehicle Loan,standard_payment,False,loan_payment_generator
TXNL201900002484,ACC0016510,IND19014407,LN2019110000904,LDO20190000138,1,2019-12-26,03:36:41,2132.38,Debit,Completed,,Loan Payment - LN2019110000904,False,,0.15,,Automated,Home Loan,standard_payment,False,loan_payment_generator
TXNL201900002485,ACC0017125,IND19001891,LN2019110000911,LDO20190001392,1,2019-12-16,04:56:39,1332.55,Debit,Completed,,Loan Payment - LN2019110000911,False,,1.12,,Automated,Personal Loan,standard_payment,False,loan_payment_generator
TXNL201900002486,ACC0015882,IND19001085,LN2019110000915,LDO20190001394,1,2019-12-14,02:04:30,11283.58,Debit,Completed,,Loan Payment - LN2019110000915,False,,0.45,,Automated,Home Loan,standard_payment,False,loan_payment_generator
TXNL201900002487,ACC0016555,IND19000992,LN2019110000930,LDO20190000284,1,2019-12-26,02:09:34,6722.67,Debit,Completed,,Loan Payment - LN2019110000930,False,,1.18,,Automated,Personal Loan,standard_payment,False,loan_payment_generator
TXNL201900002488,ACC0015555,IND19009723,LN2019110000938,LDO20190001395,1,2019-12-14,02:08:10,756.78,Debit,Completed,,Loan Payment - LN2019110000938,False,,1.94,,Automated,Vehicle Loan,standard_payment,False,loan_payment_generator
TXNL201900002489,ACC0016547,IND19008923,LN2019110000943,LDO20190001396,1,2019-12-21,03:50:27,436.36,Debit,Completed,,Loan Payment - LN2019110000943,False,,1.66,,Automated,Home Loan,standard_payment,False,loan_payment_generator
TXNL201900002490,ACC0015619,IND19002882,LN2019110000947,LDO20190001397,1,2019-12-16,04:25:20,4047.09,Debit,Completed,,Loan Payment - LN2019110000947,False,,0.9,,Automated,Home Loan,standard_payment,False,loan_payment_generator
TXNL201900002491,ACC0016614,IND19000575,LN2019110000948,LDO20190001398,1,2019-12-10,03:54:30,1445.62,Debit,Completed,,Loan Payment - LN2019110000948 - Late Fee,False,,0.82,,Automated,Home Loan,late_payment,False,loan_payment_generator
TXNL201900002492,ACC0015614,IND19014721,LN2019110000953,LDO20190000286,1,2019-12-15,03:55:07,1874.21,Debit,Completed,,Loan Payment - LN2019110000953,False,,0.7,,Automated,Personal Loan,standard_payment,False,loan_payment_generator
TXNL201900002493,ACC0015655,IND19019746,LN2019110000956,LDO20190001399,1,2019-12-10,04:53:37,5192.45,Debit,Completed,,Loan Payment - LN2019110000956,False,,0.56,,Automated,Vehicle Loan,standard_payment,False,loan_payment_generator
TXNL201900002494,ACC0015639,IND19015264,LN2019110000960,LDO20190001400,1,2019-12-13,02:46:59,714.91,Debit,Completed,,Loan Payment - LN2019110000960,False,,1.29,,Automated,Vehicle Loan,standard_payment,False,loan_payment_generator
TXNL201900002495,ACC0015582,IND19018002,LN2019110000961,LDO20190000287,1,2019-12-20,04:04:57,3002.36,Debit,Completed,,Loan Payment - LN2019110000961,False,,0.85,,Automated,Personal Loan,standard_payment,False,loan_payment_generator
TXNL201900002496,ACC0016874,IND19014924,LN2019110000969,LDO20190001401,1,2019-12-20,02:00:33,425.33,Debit,Completed,,Loan Payment - LN2019110000969,False,,1.58,,Automated,Home Loan,standard_payment,False,loan_payment_generator
TXNL201900002497,ACC0015659,IND19021142,LN2019110000973,LDO20190001402,1,2019-12-08,03:10:48,907.46,Debit,Completed,,Loan Payment - LN2019110000973,False,,1.03,,Automated,Home Loan,standard_payment,False,loan_payment_generator
TXNL201900002498,ACC0016742,IND19015859,LN2019110000982,LDO20190001405,1,2019-12-10,04:20:48,5364.94,Debit,Cancelled,customer_stop_instruction,Loan Payment - LN2019110000982,False,,0.6,,Automated,Vehicle Loan,standard_payment,False,loan_payment_generator
TXNL201900002499,ACC0015538,IND19012007,LN2019110000984,LDO20190001406,1,2019-12-12,02:57:31,3460.99,Debit,Completed,,Loan Payment - LN2019110000984,False,,1.78,,Automated,Personal Loan,standard_payment,False,loan_payment_generator
TXNL201900002500,ACC0016647,IND19013551,LN2019110001005,LDO20190001407,1,2019-12-10,03:30:54,2253.64,Debit,Completed,,Loan Payment - LN2019110001005,False,,0.97,,Automated,Vehicle Loan,standard_payment,False,loan_payment_generator
TXNL201900002501,ACC0015667,IND19018619,LN2019110001013,LDO20190001408,1,2019-12-10,04:58:00,5055.86,Debit,Completed,,Loan Payment - LN2019110001013,False,,1.31,,Automated,Vehicle Loan,standard_payment,False,loan_payment_generator
TXNL201900002502,ACC0016137,IND19013890,LN2019110001014,LDO20190001409,1,2019-12-13,04:50:52,1539.62,Debit,Completed,,Loan Payment - LN2019110001014,False,,1.8,,Automated,Personal Loan,standard_payment,False,loan_payment_generator
TXNL201900002503,ACC0016033,IND19019937,LN2019110001019,LDO20190001410,1,2019-12-22,04:55:22,17479.94,Debit,Completed,,Loan Payment - LN2019110001019,False,,0.42,,Automated,Personal Loan,standard_payment,False,loan_payment_generator
TXNL201900002504,ACC0015455,IND19019498,LN2019110001033,LDO20190000627,1,2019-12-30,02:37:50,1479.26,Debit,Completed,,Loan Payment - LN2019110001033,False,,1.23,,Automated,Home Loan,standard_payment,False,loan_payment_generator
TXNL201900002505,ACC0017151,IND19019885,LN2019110001040,LDO20190001411,1,2019-12-25,02:05:43,4286.1,Debit,Completed,,Loan Payment - LN2019110001040,False,,0.77,,Automated,Home Loan,standard_payment,False,loan_payment_generator
TXNL201900002506,ACC0016644,IND19016358,LN2019110001042,LDO20190001412,1,2019-12-27,03:42:06,4622.03,Debit,Completed,,Loan Payment - LN2019110001042,False,,1.21,,Automated,Vehicle Loan,standard_payment,False,loan_payment_generator
TXNL201900002507,ACC0016130,IND19017368,LN2019110001072,LDO20190001413,1,2019-12-14,04:31:16,3877.4,Debit,Completed,,Loan Payment - LN2019110001072,False,,0.52,,Automated,Home Loan,standard_payment,False,loan_payment_generator
TXNL201900002508,ACC0016417,IND19000879,LN2019110001091,LDO20190001414,1,2019-12-17,02:51:48,3786.52,Debit,Completed,,Loan Payment - LN2019110001091,False,,1.19,,Automated,Personal Loan,standard_payment,False,loan_payment_generator
TXNL201900002509,ACC0016216,IND19005917,LN2019110001094,LDO20190001415,1,2019-12-11,03:19:30,478.72,Debit,Completed,,Loan Payment - LN2019110001094,False,,1.82,,Automated,Home Loan,standard_payment,False,loan_payment_generator
TXNL201900002510,ACC0016305,IND19020162,LN2019110001100,LDO20190001417,1,2019-12-18,02:48:18,2607.87,Debit,Completed,,Loan Payment - LN2019110001100,False,,0.24,,Automated,Vehicle Loan,standard_payment,False,loan_payment_generator
TXNL201900002511,ACC0016048,IND19004958,LN2019110001104,LDO20190000140,1,2019-12-17,03:55:09,3897.52,Debit,Completed,,Loan Payment - LN2019110001104,False,,0.55,,Automated,Home Loan,standard_payment,False,loan_payment_generator
TXNL201900002512,ACC0016616,IND19005217,LN2019110001116,LDO20190000290,1,2019-12-16,02:46:17,1618.8,Debit,Completed,,Loan Payment - LN2019110001116,False,,0.01,,Automated,Vehicle Loan,standard_payment,False,loan_payment_generator
TXNL201900002513,ACC0016830,IND19020394,LN2019110001144,LDO20190000291,1,2019-12-13,02:19:01,949.51,Debit,Completed,,Loan Payment - LN2019110001144,False,,1.31,,Automated,Vehicle Loan,standard_payment,False,loan_payment_generator
TXNL201900002514,ACC0015604,IND19016220,LN2019110001160,LDO20190001418,1,2019-12-09,02:51:53,3762.95,Debit,Completed,,Loan Payment - LN2019110001160,False,,1.38,,Automated,Personal Loan,standard_payment,False,loan_payment_generator
TXNL201900002515,ACC0016320,IND19018963,LN2019110001162,LDO20190001419,1,2019-12-14,03:22:16,6576.82,Debit,Completed,,Loan Payment - LN2019110001162 - Late Fee,False,,0.35,,Automated,Personal Loan,late_payment,False,loan_payment_generator
TXNL201900002516,ACC0016390,IND19006599,LN2019110001174,LDO20190000141,1,2019-12-13,02:42:46,932.72,Debit,Completed,,Loan Payment - LN2019110001174,False,,1.64,,Automated,Home Loan,standard_payment,False,loan_payment_generator
TXNL201900002517,ACC0016192,IND19015939,LN2019110001197,LDO20190001420,1,2019-12-16,02:36:07,2343.81,Debit,Completed,,Loan Payment - LN2019110001197,False,,1.27,,Automated,Home Loan,standard_payment,False,loan_payment_generator
TXNL201900002518,ACC0016531,IND19006919,LN2019110001200,LDO20190001421,1,2019-12-18,02:47:15,1305.94,Debit,Completed,,Loan Payment - LN2019110001200,False,,1.71,,Automated,Home Loan,standard_payment,False,loan_payment_generator
TXNL201900002519,ACC0015547,IND19001437,LN2019110001201,LDO20190000142,1,2019-12-23,04:05:55,1158.85,Debit,Completed,,Loan Payment - LN2019110001201,False,,1.1,,Automated,Home Loan,standard_payment,False,loan_payment_generator
TXNL201900002520,ACC0016972,IND19008735,LN2019110001207,LDO20190001422,1,2019-12-16,02:29:33,1293.83,Debit,Completed,,Loan Payment - LN2019110001207,False,,0.08,,Automated,Home Loan,standard_payment,False,loan_payment_generator
TXNL201900002521,ACC0015472,IND19019475,LN2019110001212,LDO20190000629,1,2019-12-12,03:37:11,2266.76,Debit,Completed,,Loan Payment - LN2019110001212 - Extra Principal,False,,1.57,,Automated,Home Loan,extra_payment,False,loan_payment_generator
TXNL201900002522,ACC0016286,IND19002898,LN2019110001221,LDO20190001423,1,2019-12-16,02:42:21,1882.82,Debit,Completed,,Loan Payment - LN2019110001221,False,,1.21,,Automated,Vehicle Loan,standard_payment,False,loan_payment_generator
TXNL201900002523,ACC0016069,IND19016331,LN2019110001226,LDO20190001424,1,2019-12-22,04:40:14,478.88,Debit,Completed,,Loan Payment - LN2019110001226,False,,1.24,,Automated,Vehicle Loan,standard_payment,False,loan_payment_generator
TXNL201900002524,ACC0016621,IND19001748,LN2019110001232,LDO20190001425,1,2019-12-27,04:38:51,8144.62,Debit,Completed,,Loan Payment - LN2019110001232,False,,1.06,,Automated,Personal Loan,standard_payment,False,loan_payment_generator
TXNL201900002525,ACC0016577,IND19007401,LN2019110001235,LDO20190000292,1,2019-12-20,03:32:12,3123.85,Debit,Completed,,Loan Payment - LN2019110001235,False,,1.12,,Automated,Home Loan,standard_payment,False,loan_payment_generator
TXNL201900002526,ACC0016049,IND19007167,LN2019110001244,LDO20190001426,1,2019-12-07,03:29:45,4130.98,Debit,Completed,,Loan Payment - LN2019110001244,False,,1.33,,Automated,Personal Loan,standard_payment,False,loan_payment_generator
TXNL201900002527,ACC0016413,IND19002225,LN2019110001252,LDO20190001427,1,2019-12-22,03:33:04,1650.01,Debit,Completed,,Loan Payment - LN2019110001252,False,,0.25,,Automated,Home Loan,standard_payment,False,loan_payment_generator
TXNL201900002528,ACC0016456,IND19001967,LN2019110001273,LDO20190001428,1,2019-12-30,03:21:09,3320.6,Debit,Completed,,Loan Payment - LN2019110001273,False,,1.88,,Automated,Personal Loan,standard_payment,False,loan_payment_generator
TXNL201900002529,ACC0017192,COM19000135,LN2019110001276,LDO20190000630,1,2019-12-12,02:43:15,13601.44,Debit,Completed,,Loan Payment - LN2019110001276,False,,1.51,,Automated,Business Loan,standard_payment,False,loan_payment_generator
TXNL201900002530,ACC0015839,IND19018402,LN2019110001281,LDO20190001430,1,2019-12-25,03:43:09,1152.39,Debit,Completed,,Loan Payment - LN2019110001281,False,,0.08,,Automated,Home Loan,standard_payment,False,loan_payment_generator
TXNL201900002531,ACC0016969,IND19008863,LN2019110001296,LDO20190001431,1,2019-12-22,02:08:34,1998.68,Debit,Completed,,Loan Payment - LN2019110001296,False,,1.61,,Automated,Vehicle Loan,standard_payment,False,loan_payment_generator
TXNL201900002532,ACC0017073,IND19005237,LN2019110001298,LDO20190001432,1,2019-12-30,04:06:53,1164.49,Debit,Completed,,Loan Payment - LN2019110001298,False,,0.43,,Automated,Personal Loan,standard_payment,False,loan_payment_generator
TXNL201900002533,ACC0015849,IND19012343,LN2019110001299,LDO20190000633,1,2019-12-15,04:48:01,12045.09,Debit,Completed,,Loan Payment - LN2019110001299,False,,1.17,,Automated,Personal Loan,standard_payment,False,loan_payment_generator
TXNL201900002534,ACC0017018,IND19011695,LN2019110001303,LDO20190000293,1,2019-12-09,04:12:42,1631.79,Debit,Completed,,Loan Payment - LN2019110001303,False,,1.23,,Automated,Home Loan,standard_payment,False,loan_payment_generator
TXNL201900002535,ACC0016430,IND19009973,LN2019110001306,LDO20190001433,1,2019-12-26,03:34:12,1067.36,Debit,Completed,,Loan Payment - LN2019110001306,False,,0.86,,Automated,Home Loan,standard_payment,False,loan_payment_generator
TXNL201900002536,ACC0016357,IND19014919,LN2019110001316,LDO20190000634,1,2019-12-25,04:56:23,1110.19,Debit,Completed,,Loan Payment - LN2019110001316,False,,0.13,,Automated,Personal Loan,standard_payment,False,loan_payment_generator
TXNL201900002537,ACC0016507,IND19019784,LN2019110001323,LDO20190001434,1,2019-12-12,04:37:59,4051.3,Debit,Completed,,Loan Payment - LN2019110001323,False,,1.17,,Automated,Personal Loan,standard_payment,False,loan_payment_generator
TXNL201900002538,ACC0016509,IND19014407,LN2019110001339,LDO20190000635,1,2019-12-30,02:53:52,2837.96,Debit,Completed,,Loan Payment - LN2019110001339,False,,0.03,,Automated,Vehicle Loan,standard_payment,False,loan_payment_generator
TXNL201900002539,ACC0015605,IND19000631,LN2019110001345,LDO20190001436,1,2019-12-25,02:18:09,12601.35,Debit,Completed,,Loan Payment - LN2019110001345,False,,1.11,,Automated,Personal Loan,standard_payment,False,loan_payment_generator
TXNL201900002540,ACC0016172,IND19011955,LN2019110001364,LDO20190000010,1,2019-12-14,02:54:24,1265.93,Debit,Completed,,Loan Payment - LN2019110001364,False,,1.02,,Automated,Vehicle Loan,standard_payment,False,loan_payment_generator
TXNL201900002541,ACC0016464,IND19019122,LN2019110001372,LDO20190001437,1,2019-12-27,03:08:31,1600.82,Debit,Completed,,Loan Payment - LN2019110001372,False,,1.2,,Automated,Vehicle Loan,standard_payment,False,loan_payment_generator
TXNL201900002542,ACC0016699,IND19017199,LN2019110001379,LDO20190001438,1,2019-12-15,04:52:04,4627.85,Debit,Completed,,Loan Payment - LN2019110001379,False,,0.29,,Automated,Home Loan,standard_payment,False,loan_payment_generator
TXNL201900002543,ACC0016524,IND19015767,LN2019110001382,LDO20190001439,1,2019-12-10,02:23:53,6809.02,Debit,Completed,,Loan Payment - LN2019110001382,False,,1.54,,Automated,Home Loan,standard_payment,False,loan_payment_generator
TXNL201900002544,ACC0015666,IND19013677,LN2019110001391,LDO20190000636,1,2019-12-11,03:09:29,801.43,Debit,Completed,,Loan Payment - LN2019110001391 - Late Fee,False,,1.33,,Automated,Home Loan,late_payment,False,loan_payment_generator
TXNL201900002545,ACC0015486,IND19005043,LN2019110001393,LDO20190000637,1,2019-12-24,03:55:56,1171.97,Debit,Completed,,Loan Payment - LN2019110001393,False,,1.5,,Automated,Home Loan,standard_payment,False,loan_payment_generator
TXNL201900002546,ACC0016808,IND19013840,LN2019110001426,LDO20190001441,1,2019-12-07,02:36:47,1552.09,Debit,Completed,,Loan Payment - LN2019110001426,False,,0.47,,Automated,Vehicle Loan,standard_payment,False,loan_payment_generator
TXNL201900002547,ACC0016712,IND19019376,LN2019110001429,LDO20190001442,1,2019-12-17,02:16:04,1231.49,Debit,Completed,,Loan Payment - LN2019110001429,False,,1.89,,Automated,Home Loan,standard_payment,False,loan_payment_generator
TXNL201900002548,ACC0015583,IND19018002,LN2019110001432,LDO20190000638,1,2019-12-21,04:22:10,3166.1,Debit,Completed,,Loan Payment - LN2019110001432,False,,0.36,,Automated,Personal Loan,standard_payment,False,loan_payment_generator
TXNL201900002549,ACC0016196,IND19007874,LN2019110001452,LDO20190000639,1,2019-12-19,02:52:33,2316.86,Debit,Completed,,Loan Payment - LN2019110001452,False,,1.55,,Automated,Personal Loan,standard_payment,False,loan_payment_generator
TXNL201900002550,ACC0015515,IND19017646,LN2019110001454,LDO20190001443,1,2019-12-25,03:13:52,5444.84,Debit,Completed,,Loan Payment - LN2019110001454,False,,1.41,,Automated,Personal Loan,standard_payment,False,loan_payment_generator
TXNL201900002551,ACC0017186,COM19000088,LN2019110001455,LDO20190000640,1,2019-12-28,03:26:16,12369.55,Debit,Completed,,Loan Payment - LN2019110001455,False,,1.52,,Automated,Business Loan,standard_payment,False,loan_payment_generator
TXNL201900002552,ACC0015797,IND19012818,LN2019110001467,LDO20190000023,1,2019-12-25,03:29:17,10735.57,Debit,Completed,,Loan Payment - LN2019110001467,False,,0.21,,Automated,Personal Loan,standard_payment,False,loan_payment_generator
TXNL201900002553,ACC0016948,IND19007143,LN2019110001468,LDO20190001446,1,2019-12-13,02:06:55,990.43,Debit,Completed,,Loan Payment - LN2019110001468,False,,1.01,,Automated,Home Loan,standard_payment,False,loan_payment_generator
TXNL201900002554,ACC0016059,IND19021104,LN2019110001485,LDO20190001447,1,2019-12-17,04:10:19,4826.15,Debit,Completed,,Loan Payment - LN2019110001485,False,,1.76,,Automated,Home Loan,standard_payment,False,loan_payment_generator
TXNL201900002555,ACC0016787,IND19003053,LN2019110001486,LDO20190001448,1,2019-12-17,04:41:19,2325.84,Debit,Completed,,Loan Payment - LN2019110001486 - Partial,False,,1.66,,Automated,Home Loan,partial_payment,False,loan_payment_generator
TXNL201900002556,ACC0016519,IND19007596,LN2019110001489,LDO20190000144,1,2019-12-30,02:57:46,2142.74,Debit,Completed,,Loan Payment - LN2019110001489,False,,1.45,,Automated,Personal Loan,standard_payment,False,loan_payment_generator
TXNL201900002557,ACC0016766,IND19021165,LN2019110001495,LDO20190000294,1,2019-12-24,04:45:36,1505.1,Debit,Completed,,Loan Payment - LN2019110001495 - Late Fee,False,,1.32,,Automated,Vehicle Loan,late_payment,False,loan_payment_generator
TXNL201900002558,ACC0015938,IND19006180,LN2019110001505,LDO20190000641,1,2019-12-28,04:06:44,2558.66,Debit,Completed,,Loan Payment - LN2019110001505,False,,1.19,,Automated,Vehicle Loan,standard_payment,False,loan_payment_generator
TXNL201900002559,ACC0017138,IND19015922,LN2019110001517,LDO20190001449,1,2019-12-30,02:52:25,3179.96,Debit,Completed,,Loan Payment - LN2019110001517,False,,1.37,,Automated,Personal Loan,standard_payment,False,loan_payment_generator
TXNL201900002560,ACC0016904,IND19002385,LN2019110001528,LDO20190001450,1,2019-12-29,04:13:53,916.09,Debit,Completed,,Loan Payment - LN2019110001528,False,,1.38,,Automated,Personal Loan,standard_payment,False,loan_payment_generator
TXNL201900002561,ACC0015622,IND19017961,LN2019110001530,LDO20190000642,1,2019-12-13,02:48:48,6280.02,Debit,Completed,,Loan Payment - LN2019110001530 - Late Fee,False,,0.45,,Automated,Home Loan,late_payment,False,loan_payment_generator
TXNL201900002562,ACC0016613,IND19002306,LN2019110001535,LDO20190001451,1,2019-12-11,02:39:32,705.1,Debit,Completed,,Loan Payment - LN2019110001535,False,,0.02,,Automated,Home Loan,standard_payment,False,loan_payment_generator
TXNL201900002563,ACC0016264,IND19019281,LN2019110001548,LDO20190001453,1,2019-12-23,04:35:37,9162.31,Debit,Completed,,Loan Payment - LN2019110001548,False,,1.11,,Automated,Personal Loan,standard_payment,False,loan_payment_generator
TXNL201900002564,ACC0016350,IND19008564,LN2019110001557,LDO20190000643,1,2019-12-23,03:01:53,6986.77,Debit,Completed,,Loan Payment - LN2019110001557,False,,1.52,,Automated,Personal Loan,standard_payment,False,loan_payment_generator
TXNL201900002565,ACC0016053,IND19018755,LN2019110001558,LDO20190001454,1,2019-12-29,02:55:32,1809.84,Debit,Failed,mandate_limit,Loan Payment - LN2019110001558,False,,1.88,,Automated,Personal Loan,standard_payment,False,loan_payment_generator
TXNL201900002566,ACC0016014,IND19017089,LN2019110001577,LDO20190001455,1,2019-12-23,02:15:39,1976.96,Debit,Completed,,Loan Payment - LN2019110001577,False,,0.29,,Automated,Home Loan,standard_payment,False,loan_payment_generator
TXNL201900002567,ACC0015425,IND19007086,LN2019110001579,LDO20190000145,1,2019-12-26,02:31:33,5170.59,Debit,Completed,,Loan Payment - LN2019110001579,False,,0.56,,Automated,Home Loan,standard_payment,False,loan_payment_generator
TXNL201900002568,ACC0015687,IND19021383,LN2019110001584,LDO20190001456,1,2019-12-16,02:29:15,1231.88,Debit,Completed,,Loan Payment - LN2019110001584,False,,1.41,,Automated,Vehicle Loan,standard_payment,False,loan_payment_generator
TXNL201900002569,ACC0015762,IND19000944,LN2019110001594,LDO20190001457,1,2019-12-26,03:36:37,3256.85,Debit,Completed,,Loan Payment - LN2019110001594 - Late Fee,False,,1.84,,Automated,Home Loan,late_payment,False,loan_payment_generator
TXNL201900002570,ACC0015701,IND19001383,LN2019110001612,LDO20190000644,1,2019-12-11,04:41:45,2223.48,Debit,Completed,,Loan Payment - LN2019110001612,False,,1.03,,Automated,Personal Loan,standard_payment,False,loan_payment_generator
TXNL201900002571,ACC0017021,IND19005782,LN2019110001616,LDO20190000295,1,2019-12-28,02:28:23,2570.11,Debit,Completed,,Loan Payment - LN2019110001616,False,,0.61,,Automated,Personal Loan,standard_payment,False,loan_payment_generator
TXNL201900002572,ACC0016862,IND19019662,LN2019110001622,LDO20190000146,1,2019-12-13,02:21:24,4379.8,Debit,Completed,,Loan Payment - LN2019110001622,False,,1.05,,Automated,Home Loan,standard_payment,False,loan_payment_generator
TXNL201900002573,ACC0016300,IND19004530,LN2019110001631,LDO20190001459,1,2019-12-29,03:05:53,1559.35,Debit,Completed,,Loan Payment - LN2019110001631,False,,0.86,,Automated,Home Loan,standard_payment,False,loan_payment_generator
TXNL201900002574,ACC0015556,IND19008769,LN2019110001638,LDO20190001460,1,2019-12-11,04:39:36,3055.54,Debit,Completed,,Loan Payment - LN2019110001638,False,,1.5,,Automated,Home Loan,standard_payment,False,loan_payment_generator
TXNL201900002575,ACC0016568,IND19014465,LN2019110001650,LDO20190000645,1,2019-12-15,03:51:23,940.19,Debit,Completed,,Loan Payment - LN2019110001650,False,,1.51,,Automated,Vehicle Loan,standard_payment,False,loan_payment_generator
TXNL201900002576,ACC0016145,IND19016516,LN2019110001653,LDO20190000147,1,2019-12-16,03:15:45,2266.33,Debit,Completed,,Loan Payment - LN2019110001653,False,,0.43,,Automated,Vehicle Loan,standard_payment,False,loan_payment_generator
TXNL201900002577,ACC0016019,IND19000655,LN2019110001663,LDO20190001461,1,2019-12-26,04:53:45,1440.24,Debit,Completed,,Loan Payment - LN2019110001663,False,,1.47,,Automated,Vehicle Loan,standard_payment,False,loan_payment_generator
TXNL201900002578,ACC0016477,IND19000053,LN2019110001676,LDO20190001463,1,2019-12-10,03:51:58,606.97,Debit,Completed,,Loan Payment - LN2019110001676 - Partial,False,,0.95,,Automated,Home Loan,partial_payment,False,loan_payment_generator
TXNL201900002579,ACC0016691,IND19021518,LN2019110001677,LDO20190000296,1,2019-12-27,02:55:03,2765.46,Debit,Completed,,Loan Payment - LN2019110001677,False,,0.04,,Automated,Personal Loan,standard_payment,False,loan_payment_generator
TXNL201900002580,ACC0016245,IND19006966,LN2019110001683,LDO20190000148,1,2019-12-18,04:40:17,910.37,Debit,Completed,,Loan Payment - LN2019110001683,False,,0.77,,Automated,Personal Loan,standard_payment,False,loan_payment_generator
