comm_id,account_id,customer_id,channel,direction,timestamp,subject,body,sentiment,linked_news_title,linked_event_date,is_complaint,complaint_category
COMM-202210-000001,ACC0034905,IND21002314,branch_visit,inbound,18/10/2022 14:00,Why did my debit order fail?,"My debit order did not go through and I need to know whether it was insufficient funds, a retry problem or a bank processing issue. The account should not be charged twice.",negative,,,True,failed_transaction
COMM-202210-000002,ACC0049690,IND22019463,sms,outbound,2022-10-24T10:40:06+02:00,Suspicious transaction alert,We detected activity that may require confirmation. Please reply or contact the bank if this transaction was not yours.,positive,,,False,
COMM-202210-000003,ACC0049956,IND22001046,app_message,inbound,2022-10-29T19:15:02+02:00,Home Loan rate increase question,I am worried my home loan instalment may change. Please confirm whether my repayment will be repriced and from which date. I saw the article 'Banking analytics agenda: five signals to watch this month' and wanted to check how it affects my account.,positive,Banking analytics agenda: five signals to watch this month,,False,
COMM-202210-000004,ACC0027120,IND21006430,app_message,inbound,2022-10-17T00:00:58+02:00,Home Loan rate increase question,I am worried my home loan instalment may change. Please confirm whether my repayment will be repriced and from which date. I saw the article 'Banks watch debit-order strain as households adjust spending' and wanted to check how it affects my account.,negative,Banks watch debit-order strain as households adjust spending,,True,fee_dispute
COMM-202210-000005,ACC0003430,IND19018732,phone_call,inbound,23/10/2022 13:48,Home Loan rate increase question,I am worried my home loan instalment may change. Please confirm whether my repayment will be repriced and from which date. I saw the article 'Digital channels reshape banking workloads as customer growth continues' and wanted to check how it affects my account.,neutral,Digital channels reshape banking workloads as customer growth continues,,False,
COMM-202210-000006,ACC0031061,IND21013545,branch_visit,inbound,20/10/2022 11:30,Branch appointment request,I would like to book time at the branch to sort out my account and get printed documents for my records.,negative,,,True,service_delay
COMM-202210-000007,ACC0048459,IND22019343,sms,outbound,2022-10-27T04:07:38+02:00,Your loan repayment failed due to insufficient funds,Your scheduled loan repayment was not successful. Please fund your account or contact us to discuss payment options.,negative,,,True,digital_issue
COMM-202210-000008,ACC0011375,IND19017428,branch_visit,inbound,06/10/2022 08:05,Home Loan rate increase question,I am worried my home loan instalment may change. Please confirm whether my repayment will be repriced and from which date. I saw the article 'Banks watch debit-order strain as households adjust spending' and wanted to check how it affects my account.,neutral,Banks watch debit-order strain as households adjust spending,,False,
COMM-202210-000009,ACC0036947,COM21000107,branch_visit,inbound,02/10/2022 09:45,Why did my debit order fail?,"My debit order did not go through and I need to know whether it was insufficient funds, a retry problem or a bank processing issue. The account should not be charged twice.",negative,,,True,failed_transaction
COMM-202210-000010,ACC0023277,IND21004862,email,inbound,2022-10-28 14:11:16,Account enquiry,Please assist with my banking enquiry.,positive,,,False,
COMM-202210-000011,ACC0020873,IND20001428,phone_call,inbound,20/10/2022 17:53,Home Loan rate increase question,"Eish, I am worried my home loan instalment may change. Please confirm whether my repayment will be repriced and from which date. I saw the article 'Retail banks sharpen arrears analytics as payment stress persists' and wanted to check how it affects my account.",neutral,Retail banks sharpen arrears analytics as payment stress persists,,False,
COMM-202210-000012,ACC0028516,COM21000329,app_message,inbound,2022-10-14T16:11:23+02:00,Home Loan rate increase question,I am worried my home loan instalment may change. Please confirm whether my repayment will be repriced and from which date. I saw the article 'Retail banks sharpen arrears analytics as payment stress persists' and wanted to check how it affects my account.,negative,Retail banks sharpen arrears analytics as payment stress persists,,True,fee_dispute
COMM-202210-000013,ACC0004334,IND19009236,phone_call,inbound,05/10/2022 11:38,Home Loan rate increase question,I am worried my home loan instalment may change. Please confirm whether my repayment will be repriced and from which date.,negative,,,True,failed_transaction
COMM-202210-000014,ACC0009537,IND19000621,branch_visit,inbound,03/10/2022 12:15,Card blocked at ATM,My card was blocked at the ATM and I need access restored or a replacement card arranged. I have an urgent payment to make.,neutral,,,False,
COMM-202210-000015,ACC0023721,IND21009391,phone_call,inbound,26/10/2022 15:15,Home Loan rate increase question,I am worried my home loan instalment may change. Please confirm whether my repayment will be repriced and from which date. I saw the article 'Statement delays add noise to month-end finance controls' and wanted to check how it affects my account.,neutral,Statement delays add noise to month-end finance controls,,False,
COMM-202210-000016,ACC0028254,IND21002904,email,inbound,2022-10-13 19:38:23,Home Loan rate increase question,I am worried my home loan instalment may change. Please confirm whether my repayment will be repriced and from which date. I saw the article 'Banks watch debit-order strain as households adjust spending' and wanted to check how it affects my account.,neutral,Banks watch debit-order strain as households adjust spending,,False,
COMM-202210-000017,ACC0040882,IND22012133,phone_call,inbound,07/10/2022 17:48,Home Loan rate increase question,I am worried my home loan instalment may change. Please confirm whether my repayment will be repriced and from which date.,positive,,,False,
COMM-202210-000018,ACC0013072,IND19012584,sms,outbound,2022-10-04T06:37:31+02:00,Your loan repayment failed due to insufficient funds,Your scheduled loan repayment was not successful. Please fund your account or contact us to discuss payment options.,negative,,,True,digital_issue
COMM-202210-000019,ACC0028008,IND21005036,sms,outbound,2022-10-20T12:03:26+02:00,Branch holiday hours,Please note adjusted branch hours this month. Digital channels remain available for balance checks and transfers.,negative,,,True,incorrect_charge
COMM-202210-000020,ACC0002275,IND19006821,branch_visit,inbound,26/10/2022 14:30,Cash deposit issue,I made a cash deposit but the amount is not showing correctly. Please investigate the branch or ATM record.,neutral,,,False,
COMM-202210-000021,ACC0006948,IND19015118,app_message,inbound,2022-10-22T17:01:37+02:00,Digital wallet setup help,I need help setting up the digital wallet and linking it to the right account. The app keeps asking me to try again later.,negative,,,True,failed_transaction
COMM-202210-000022,ACC0024906,IND21004196,app_message,outbound,2022-10-23T07:24:43+02:00,New statement available,"Your latest account statement is available. Please review the charges, interest and debit order activity.",neutral,,,False,
COMM-202210-000023,ACC0002801,IND19001180,sms,outbound,2022-10-24T19:05:25+02:00,Suspicious transaction alert,We detected activity that may require confirmation. Please reply or contact the bank if this transaction was not yours.,neutral,,,False,
COMM-202210-000024,ACC0029068,IND21010675,sms,outbound,2022-10-25T09:20:09+02:00,Branch holiday hours,Please note adjusted branch hours this month. Digital channels remain available for balance checks and transfers.,neutral,,,False,
COMM-202210-000025,ACC0029269,IND21001049,phone_call,inbound,26/10/2022 15:44,Card blocked at ATM,"Howzit, My card was blocked at the ATM and I need access restored or a replacement card arranged. I have an urgent payment to make.",neutral,,,False,
COMM-202210-000026,ACC0024605,IND21005005,app_message,inbound,2022-10-29T16:19:21+02:00,Home Loan rate increase question,I am worried my home loan instalment may change. Please confirm whether my repayment will be repriced and from which date. I saw the article 'Banks watch debit-order strain as households adjust spending' and wanted to check how it affects my account.,negative,Banks watch debit-order strain as households adjust spending,,True,service_delay
COMM-202210-000027,ACC0049311,IND22012323,branch_visit,inbound,19/10/2022 15:30,Card blocked at ATM,My card was blocked at the ATM and I need access restored or a replacement card arranged. I have an urgent payment to make.,neutral,,,False,
COMM-202210-000028,ACC0040324,IND22020454,app_message,inbound,2022-10-29T18:19:09+02:00,Transfer not reflecting,I made a transfer and it is still not reflecting. Please check whether the payment is delayed in your system.,neutral,,,False,
COMM-202210-000029,ACC0031008,IND21002744,branch_visit,inbound,24/10/2022 11:20,Home Loan rate increase question,I am worried my home loan instalment may change. Please confirm whether my repayment will be repriced and from which date. I saw the article 'Conduct teams press for clearer evidence on fees and failed payments' and wanted to check how it affects my account.,neutral,Conduct teams press for clearer evidence on fees and failed payments,,False,
COMM-202210-000030,ACC0050614,IND22004810,phone_call,inbound,17/10/2022 09:42,Unauthorised bank charge enquiry,Please explain the latest bank charge on my statement. I cannot see why this fee was taken and I want it reversed if it was incorrect.,neutral,,,False,
COMM-202210-000031,ACC0034393,IND21004134,sms,outbound,2022-10-14T11:56:19+02:00,Branch holiday hours,Please note adjusted branch hours this month. Digital channels remain available for balance checks and transfers.,negative,,,False,
COMM-202210-000032,ACC0014282,IND19015192,sms,outbound,2022-10-31T09:14:33+02:00,Branch holiday hours,Please note adjusted branch hours this month. Digital channels remain available for balance checks and transfers.,neutral,,,False,
COMM-202210-000033,ACC0039307,IND22008276,branch_visit,inbound,28/10/2022 15:05,Home Loan rate increase question,I am worried my home loan instalment may change. Please confirm whether my repayment will be repriced and from which date. I saw the article 'Digital channels reshape banking workloads as customer growth continues' and wanted to check how it affects my account.,neutral,Digital channels reshape banking workloads as customer growth continues,,False,
COMM-202210-000034,ACC0026462,IND21003072,email,inbound,2022-10-01 15:56:47,Suggestion for bank app,I have feedback on the app experience and would like the product team to review it.,neutral,,,False,
COMM-202210-000035,ACC0028888,IND21002347,phone_call,inbound,12/10/2022 09:28,Home Loan rate increase question,I am worried my home loan instalment may change. Please confirm whether my repayment will be repriced and from which date.,neutral,,,False,
COMM-202210-000036,ACC0021861,IND21000095,app_message,inbound,2022-10-26T17:44:13+02:00,Why did my debit order fail?,"My debit order did not go through and I need to know whether it was insufficient funds, a retry problem or a bank processing issue. The account should not be charged twice.",negative,,,True,failed_transaction
COMM-202210-000037,ACC0044863,IND22003235,app_message,inbound,2022-10-30T15:10:30+02:00,Home Loan rate increase question,I am worried my home loan instalment may change. Please confirm whether my repayment will be repriced and from which date. I saw the article 'Operational resilience returns to the agenda after payment interruptions' and wanted to check how it affects my account.,negative,Operational resilience returns to the agenda after payment interruptions,,True,service_delay
COMM-202210-000038,ACC0049656,IND22014590,email,inbound,2022-10-12 11:45:28,Account enquiry,Please assist with my banking enquiry.,positive,,,False,
COMM-202210-000039,ACC0006687,IND19007346,email,inbound,2022-10-02 10:44:26,App login problem,The app is not behaving properly and I cannot complete what should be a simple transaction. Please check whether there is an issue on my profile.,negative,,,False,
COMM-202210-000040,ACC0022745,IND21004176,phone_call,inbound,16/10/2022 11:21,Unauthorised bank charge enquiry,Please explain the latest bank charge on my statement. I cannot see why this fee was taken and I want it reversed if it was incorrect.,neutral,,,False,
COMM-202210-000041,ACC0047495,IND22013572,phone_call,inbound,20/10/2022 18:48,Why did my debit order fail?,"My debit order did not go through and I need to know whether it was insufficient funds, a retry problem or a bank processing issue. The account should not be charged twice.",negative,,,True,incorrect_charge
COMM-202210-000042,ACC0037033,IND22012714,phone_call,inbound,25/10/2022 14:09,Home Loan rate increase question,I am worried my home loan instalment may change. Please confirm whether my repayment will be repriced and from which date. I saw the article 'Operational resilience returns to the agenda after payment interruptions' and wanted to check how it affects my account.,negative,Operational resilience returns to the agenda after payment interruptions,,True,fee_dispute
COMM-202210-000043,ACC0002719,IND19013176,sms,outbound,2022-10-23T16:05:01+02:00,New statement available,"Your latest account statement is available. Please review the charges, interest and debit order activity.",neutral,,,False,
COMM-202210-000044,ACC0036998,IND22021854,sms,outbound,2022-10-17T08:17:17+02:00,Your loan repayment failed due to insufficient funds,Your scheduled loan repayment was not successful. Please fund your account or contact us to discuss payment options.,neutral,,,False,
COMM-202210-000045,ACC0022379,IND21007662,sms,outbound,2022-10-27T07:51:08+02:00,New statement available,"Your latest account statement is available. Please review the charges, interest and debit order activity.",neutral,Operational resilience returns to the agenda after payment interruptions,,False,
COMM-202210-000046,ACC0033159,IND21004181,email,inbound,2022-10-27 20:30:26,Unauthorised bank charge enquiry,Please explain the latest bank charge on my statement. I cannot see why this fee was taken and I want it reversed if it was incorrect.,positive,,,False,
COMM-202210-000047,ACC0001891,IND19010844,email,inbound,2022-10-17 16:31:02,Home Loan rate increase question,I am worried my home loan instalment may change. Please confirm whether my repayment will be repriced and from which date. I saw the article 'Conduct teams press for clearer evidence on fees and failed payments' and wanted to check how it affects my account.,negative,Conduct teams press for clearer evidence on fees and failed payments,,True,failed_transaction
COMM-202210-000048,ACC0016555,IND19000992,phone_call,inbound,29/10/2022 15:32,Home Loan rate increase question,I am worried my home loan instalment may change. Please confirm whether my repayment will be repriced and from which date.,negative,,,True,fee_dispute
COMM-202210-000049,ACC0010922,IND19012101,email,inbound,2022-10-17 21:32:20,Statement copy request,Please send me a copy of my latest statement and confirm the closing balance used for the month-end calculation.,negative,,,True,failed_transaction
COMM-202210-000050,ACC0018145,IND19011252,app_message,inbound,2022-10-01T08:09:21+02:00,Transfer not reflecting,I made a transfer and it is still not reflecting. Please check whether the payment is delayed in your system.,negative,,,False,
COMM-202210-000051,ACC0000975,IND19015550,app_message,inbound,2022-10-23T07:26:09+02:00,Why did my debit order fail?,"My debit order did not go through and I need to know whether it was insufficient funds, a retry problem or a bank processing issue. The account should not be charged twice.",negative,,,True,service_delay
COMM-202210-000052,ACC0013018,IND19003486,phone_call,inbound,30/10/2022 13:12,Why did my debit order fail?,"My debit order did not go through and I need to know whether it was insufficient funds, a retry problem or a bank processing issue. The account should not be charged twice.",neutral,,,False,
COMM-202210-000053,ACC0002035,IND19007323,sms,outbound,2022-10-23T18:18:27+02:00,Branch holiday hours,Please note adjusted branch hours this month. Digital channels remain available for balance checks and transfers.,neutral,,,False,
COMM-202210-000054,ACC0006109,IND19006047,email,inbound,2022-10-20 21:08:56,Statement copy request,Please send me a copy of my latest statement and confirm the closing balance used for the month-end calculation.,positive,,,False,
COMM-202210-000055,ACC0015233,IND19003932,email,inbound,2022-10-05 12:37:38,Account enquiry,Please assist with my banking enquiry.,positive,,,False,
COMM-202210-000056,ACC0029172,IND21014823,branch_visit,inbound,29/10/2022 15:20,Branch appointment request,I would like to book time at the branch to sort out my account and get printed documents for my records.,neutral,,,False,
COMM-202210-000057,ACC0048618,IND22011381,phone_call,inbound,19/10/2022 15:23,Why did my debit order fail?,"My debit order did not go through and I need to know whether it was insufficient funds, a retry problem or a bank processing issue. The account should not be charged twice.",neutral,,,False,
COMM-202210-000058,ACC0001185,IND19002045,branch_visit,inbound,04/10/2022 10:10,Statement copy request,Please send me a copy of my latest statement and confirm the closing balance used for the month-end calculation.,neutral,,,False,
COMM-202210-000059,ACC0014741,IND19004022,branch_visit,inbound,06/10/2022 08:00,Complaint about service,The service delay is frustrating. I have followed up more than once and still do not have a proper answer.,negative,,,True,digital_issue
COMM-202210-000060,ACC0049687,IND22014800,phone_call,inbound,07/10/2022 15:39,Why did my debit order fail?,"My debit order did not go through and I need to know whether it was insufficient funds, a retry problem or a bank processing issue. The account should not be charged twice.",neutral,,,False,
COMM-202210-000061,ACC0023721,IND21009391,sms,outbound,2022-10-13T08:58:20+02:00,Your loan repayment failed due to insufficient funds,Your scheduled loan repayment was not successful. Please fund your account or contact us to discuss payment options.,negative,,,True,failed_transaction
COMM-202210-000062,ACC0042198,IND22007274,sms,outbound,2022-10-28T18:27:05+02:00,Branch holiday hours,Please note adjusted branch hours this month. Digital channels remain available for balance checks and transfers.,neutral,,,False,
COMM-202210-000063,ACC0008803,IND19010499,branch_visit,inbound,24/10/2022 11:20,Complaint about service,The service delay is frustrating. I have followed up more than once and still do not have a proper answer.,negative,,,True,digital_issue
COMM-202210-000064,ACC0016243,IND19003222,phone_call,inbound,09/10/2022 11:40,Home Loan rate increase question,I am worried my home loan instalment may change. Please confirm whether my repayment will be repriced and from which date. I saw the article 'Statement delays add noise to month-end finance controls' and wanted to check how it affects my account.,neutral,Statement delays add noise to month-end finance controls,,False,
COMM-202210-000065,ACC0004449,IND19013613,sms,outbound,2022-10-18T17:47:46+02:00,Branch holiday hours,Please note adjusted branch hours this month. Digital channels remain available for balance checks and transfers.,negative,,,False,
COMM-202210-000066,ACC0027058,IND21008723,app_message,outbound,2022-10-24T11:56:20+02:00,New statement available,"Your latest account statement is available. Please review the charges, interest and debit order activity.",neutral,,,False,
COMM-202210-000067,ACC0025305,IND21013368,phone_call,inbound,17/10/2022 18:10,Why did my debit order fail?,"My debit order did not go through and I need to know whether it was insufficient funds, a retry problem or a bank processing issue. The account should not be charged twice.",negative,,,True,other
COMM-202210-000068,ACC0020000,IND20002309,email,inbound,2022-10-19 07:05:49,App login problem,The app is not behaving properly and I cannot complete what should be a simple transaction. Please check whether there is an issue on my profile.,negative,,,True,failed_transaction
COMM-202210-000069,ACC0042365,IND22000300,phone_call,inbound,26/10/2022 16:25,Home Loan rate increase question,I am worried my home loan instalment may change. Please confirm whether my repayment will be repriced and from which date. I saw the article 'Operational resilience returns to the agenda after payment interruptions' and wanted to check how it affects my account.,negative,Operational resilience returns to the agenda after payment interruptions,,True,fee_dispute
COMM-202210-000070,ACC0009656,IND19008180,email,inbound,2022-10-13 15:47:20,Statement copy request,Please send me a copy of my latest statement and confirm the closing balance used for the month-end calculation.,neutral,,,False,
COMM-202210-000071,ACC0022175,IND21000871,phone_call,inbound,04/10/2022 17:38,Branch appointment request,I would like to book time at the branch to sort out my account and get printed documents for my records.,neutral,,,False,
COMM-202210-000072,ACC0005785,IND19004403,app_message,inbound,2022-10-07T00:17:09+02:00,Balance check,Please confirm my available balance and whether any debit orders are still pending.,negative,,,True,service_delay
COMM-202210-000073,ACC0033487,IND21011073,app_message,inbound,2022-10-27T11:36:53+02:00,Unauthorised bank charge enquiry,Please explain the latest bank charge on my statement. I cannot see why this fee was taken and I want it reversed if it was incorrect.,negative,,,True,statement_error
COMM-202210-000074,ACC0041133,IND22010526,app_message,inbound,2022-10-17T13:13:43+02:00,Digital wallet setup help,I need help setting up the digital wallet and linking it to the right account. The app keeps asking me to try again later.,negative,,,True,digital_issue
COMM-202210-000075,ACC0010295,IND19007893,phone_call,inbound,19/10/2022 12:44,Unauthorised bank charge enquiry,Please explain the latest bank charge on my statement. I cannot see why this fee was taken and I want it reversed if it was incorrect.,negative,,,False,
COMM-202210-000076,ACC0043445,IND22009610,phone_call,inbound,28/10/2022 18:49,Home Loan rate increase question,I am worried my home loan instalment may change. Please confirm whether my repayment will be repriced and from which date.,negative,,,True,service_delay
COMM-202210-000077,ACC0023338,IND21006791,phone_call,inbound,01/10/2022 15:27,Unauthorised bank charge enquiry,Please explain the latest bank charge on my statement. I cannot see why this fee was taken and I want it reversed if it was incorrect.,neutral,,,False,
COMM-202210-000078,ACC0016878,IND19009638,sms,outbound,2022-10-01T15:02:18+02:00,New statement available,"Your latest account statement is available. Please review the charges, interest and debit order activity.",negative,,,True,fee_dispute
COMM-202210-000079,ACC0044844,IND22016477,app_message,inbound,2022-10-08T17:35:30+02:00,Digital wallet setup help,I need help setting up the digital wallet and linking it to the right account. The app keeps asking me to try again later.,neutral,,,False,
COMM-202210-000080,ACC0011709,IND19002966,phone_call,inbound,31/10/2022 17:39,Home Loan rate increase question,I am worried my home loan instalment may change. Please confirm whether my repayment will be repriced and from which date.,neutral,,,False,
COMM-202210-000081,ACC0020766,IND20002717,sms,outbound,2022-10-26T11:27:59+02:00,Branch holiday hours,Please note adjusted branch hours this month. Digital channels remain available for balance checks and transfers.,neutral,,,False,
COMM-202210-000082,ACC0036229,IND21010889,phone_call,inbound,24/10/2022 16:17,Unauthorised bank charge enquiry,Please explain the latest bank charge on my statement. I cannot see why this fee was taken and I want it reversed if it was incorrect.,negative,,,True,fee_dispute
COMM-202210-000083,ACC0008158,IND19010986,app_message,inbound,2022-10-06T15:28:10+02:00,Digital wallet setup help,I need help setting up the digital wallet and linking it to the right account. The app keeps asking me to try again later.,neutral,,,False,
COMM-202210-000084,ACC0028624,IND21014884,app_message,inbound,2022-10-09T10:31:06+02:00,Why did my debit order fail?,"My debit order did not go through and I need to know whether it was insufficient funds, a retry problem or a bank processing issue. The account should not be charged twice.",negative,,,True,failed_transaction
COMM-202210-000085,ACC0025329,IND21006301,email,inbound,2022-10-15 10:15:52,Suggestion for bank app,I have feedback on the app experience and would like the product team to review it.,neutral,,,False,
COMM-202210-000086,ACC0042501,IND22010398,email,inbound,2022-10-06 11:27:16,Statement copy request,Please send me a copy of my latest statement and confirm the closing balance used for the month-end calculation.,positive,,,False,
COMM-202210-000087,ACC0028038,IND21000703,phone_call,inbound,11/10/2022 16:08,Home Loan rate increase question,I am worried my home loan instalment may change. Please confirm whether my repayment will be repriced and from which date.,neutral,,,False,
COMM-202210-000088,ACC0041896,IND22009494,email,inbound,2022-10-15 13:00:38,Why did my debit order fail?,"My debit order did not go through and I need to know whether it was insufficient funds, a retry problem or a bank processing issue. The account should not be charged twice.",negative,,,True,fraud_concern
COMM-202210-000089,ACC0025859,IND21014442,sms,outbound,2022-10-01T08:36:31+02:00,Your loan repayment failed due to insufficient funds,Your scheduled loan repayment was not successful. Please fund your account or contact us to discuss payment options.,neutral,,,False,
COMM-202210-000090,ACC0043587,IND22009577,sms,outbound,2022-10-29T21:46:31+02:00,New statement available,"Your latest account statement is available. Please review the charges, interest and debit order activity.",negative,Banking analytics agenda: five signals to watch this month,,False,
COMM-202210-000091,ACC0031326,COM21000139,branch_visit,inbound,08/10/2022 13:30,Branch appointment request,I would like to book time at the branch to sort out my account and get printed documents for my records.,neutral,,,False,
COMM-202210-000092,ACC0032462,IND21001861,branch_visit,inbound,08/10/2022 14:30,Statement copy request,Please send me a copy of my latest statement and confirm the closing balance used for the month-end calculation.,neutral,,,False,
COMM-202210-000093,ACC0034116,IND21002633,sms,outbound,2022-10-26T11:33:39+02:00,New statement available,"Your latest account statement is available. Please review the charges, interest and debit order activity.",negative,Operational resilience returns to the agenda after payment interruptions,,True,fee_dispute
COMM-202210-000094,ACC0013561,IND19006814,phone_call,inbound,13/10/2022 08:13,Home Loan rate increase question,I am worried my home loan instalment may change. Please confirm whether my repayment will be repriced and from which date. I saw the article 'Retail banks sharpen arrears analytics as payment stress persists' and wanted to check how it affects my account.,negative,Retail banks sharpen arrears analytics as payment stress persists,,True,service_delay
COMM-202210-000095,ACC0020879,IND20000236,sms,outbound,2022-10-06T17:21:39+02:00,Your loan repayment failed due to insufficient funds,Your scheduled loan repayment was not successful. Please fund your account or contact us to discuss payment options.,negative,,,True,service_delay
COMM-202210-000096,ACC0016878,IND19009638,app_message,inbound,2022-10-31T18:04:39+02:00,Digital wallet setup help,I need help setting up the digital wallet and linking it to the right account. The app keeps asking me to try again later.,negative,,,True,digital_issue
COMM-202210-000097,ACC0046665,IND22007591,app_message,outbound,2022-10-15T17:41:58+02:00,New statement available,"Your latest account statement is available. Please review the charges, interest and debit order activity.",negative,,,False,
COMM-202210-000098,ACC0010911,IND19004857,sms,outbound,2022-10-28T15:22:09+02:00,Your loan repayment failed due to insufficient funds,Your scheduled loan repayment was not successful. Please fund your account or contact us to discuss payment options.,positive,,,False,
COMM-202210-000099,ACC0040281,IND22018288,branch_visit,inbound,27/10/2022 11:50,Why did my debit order fail?,"My debit order did not go through and I need to know whether it was insufficient funds, a retry problem or a bank processing issue. The account should not be charged twice.",negative,,,True,digital_issue
COMM-202210-000100,ACC0043657,IND22012757,branch_visit,inbound,22/10/2022 08:10,Why did my debit order fail?,"My debit order did not go through and I need to know whether it was insufficient funds, a retry problem or a bank processing issue. The account should not be charged twice.",negative,,,True,statement_error
COMM-202210-000101,ACC0046508,IND22011153,sms,outbound,2022-10-20T19:32:42+02:00,Branch holiday hours,Please note adjusted branch hours this month. Digital channels remain available for balance checks and transfers.,neutral,,,False,
COMM-202210-000102,ACC0031316,COM21000294,app_message,outbound,2022-10-15T17:55:16+02:00,New statement available,"Your latest account statement is available. Please review the charges, interest and debit order activity.",negative,,,False,
COMM-202210-000103,ACC0021679,IND21006652,app_message,inbound,2022-10-24T10:00:32+02:00,Home Loan rate increase question,I am worried my home loan instalment may change. Please confirm whether my repayment will be repriced and from which date. I saw the article 'Statement delays add noise to month-end finance controls' and wanted to check how it affects my account.,positive,Statement delays add noise to month-end finance controls,,False,
COMM-202210-000104,ACC0025128,COM21000053,email,inbound,2022-10-05 17:11:35,Suggestion for bank app,I have feedback on the app experience and would like the product team to review it.,negative,,,True,other
COMM-202210-000105,ACC0005176,IND19003245,sms,outbound,2022-10-12T13:14:16+02:00,New statement available,"Your latest account statement is available. Please review the charges, interest and debit order activity.",neutral,Statement delays add noise to month-end finance controls,,False,
COMM-202210-000106,ACC0031193,IND21015143,phone_call,inbound,13/10/2022 15:13,Home Loan rate increase question,I am worried my home loan instalment may change. Please confirm whether my repayment will be repriced and from which date. I saw the article 'Statement delays add noise to month-end finance controls' and wanted to check how it affects my account.,neutral,Statement delays add noise to month-end finance controls,,False,
COMM-202210-000107,ACC0039660,IND22017203,sms,inbound,2022-10-28T18:00:02+02:00,Why did my debit order fail?,"My debit order did not go through and I need to know whether it was insufficient funds, a retry problem or a bank processing issue. The account should not be charged twice.",negative,,,True,service_delay
COMM-202210-000108,ACC0033599,IND21009658,sms,outbound,2022-10-20T10:19:17+02:00,Suspicious transaction alert,We detected activity that may require confirmation. Please reply or contact the bank if this transaction was not yours.,positive,,,False,
COMM-202210-000109,ACC0051054,IND22003997,email,inbound,2022-10-20 10:11:22,Suggestion for bank app,I have feedback on the app experience and would like the product team to review it.,neutral,,,False,
COMM-202210-000110,ACC0021385,COM20000039,branch_visit,inbound,19/10/2022 11:10,Complaint about service,The service delay is frustrating. I have followed up more than once and still do not have a proper answer.,negative,,,True,staff_behavior
COMM-202210-000111,ACC0002719,IND19013176,email,outbound,2022-10-03 11:45:39,New statement available,"Your latest account statement is available. Please review the charges, interest and debit order activity.",positive,,,False,
COMM-202210-000112,ACC0034238,IND21004233,sms,inbound,2022-10-05T05:06:57+02:00,Why did my debit order fail?,"My debit order did not go through and I need to know whether it was insufficient funds, a retry problem or a bank processing issue. The account should not be charged twice.",negative,,,True,failed_transaction
COMM-202210-000113,ACC0048579,IND22009650,phone_call,inbound,30/10/2022 14:13,Home Loan rate increase question,I am worried my home loan instalment may change. Please confirm whether my repayment will be repriced and from which date. I saw the article 'Banks watch debit-order strain as households adjust spending' and wanted to check how it affects my account.,neutral,Banks watch debit-order strain as households adjust spending,,False,
COMM-202210-000114,ACC0009210,IND19017004,sms,outbound,2022-10-21T05:57:59+02:00,New statement available,"Your latest account statement is available. Please review the charges, interest and debit order activity.",negative,Banks watch debit-order strain as households adjust spending,,False,
COMM-202210-000115,ACC0046995,IND22003995,sms,outbound,2022-10-20T04:50:50+02:00,Suspicious transaction alert,We detected activity that may require confirmation. Please reply or contact the bank if this transaction was not yours.,negative,,,True,fraud_concern
COMM-202210-000116,ACC0035001,IND21020066,sms,outbound,2022-10-03T11:19:23+02:00,Suspicious transaction alert,We detected activity that may require confirmation. Please reply or contact the bank if this transaction was not yours.,negative,,,True,fraud_concern
COMM-202210-000117,ACC0041864,IND22009310,phone_call,inbound,25/10/2022 10:45,Home Loan rate increase question,I am worried my home loan instalment may change. Please confirm whether my repayment will be repriced and from which date. I saw the article 'Banking analytics agenda: five signals to watch this month' and wanted to check how it affects my account.,positive,Banking analytics agenda: five signals to watch this month,,False,
COMM-202210-000118,ACC0024472,IND21000233,app_message,inbound,2022-10-21T15:11:53+02:00,Home Loan rate increase question,I am worried my home loan instalment may change. Please confirm whether my repayment will be repriced and from which date. I saw the article 'Digital channels reshape banking workloads as customer growth continues' and wanted to check how it affects my account.,neutral,Digital channels reshape banking workloads as customer growth continues,,False,
COMM-202210-000119,ACC0049070,IND22006561,email,outbound,2022-10-12 19:33:02,New statement available,"Your latest account statement is available. Please review the charges, interest and debit order activity.",neutral,Statement delays add noise to month-end finance controls,,False,
COMM-202210-000120,ACC0042015,IND22007380,app_message,inbound,2022-10-24T11:24:17+02:00,Why did my debit order fail?,"My debit order did not go through and I need to know whether it was insufficient funds, a retry problem or a bank processing issue. The account should not be charged twice.",negative,,,True,digital_issue
COMM-202210-000121,ACC0029882,IND21015448,app_message,inbound,2022-10-06T14:26:58+02:00,Unauthorised bank charge enquiry,Please explain the latest bank charge on my statement. I cannot see why this fee was taken and I want it reversed if it was incorrect.,positive,,,False,
COMM-202210-000122,ACC0028272,IND21016369,phone_call,inbound,19/10/2022 08:28,Home Loan rate increase question,I am worried my home loan instalment may change. Please confirm whether my repayment will be repriced and from which date.,neutral,,,False,
COMM-202210-000123,ACC0005271,IND19006038,branch_visit,inbound,05/10/2022 10:05,Card blocked at ATM,My card was blocked at the ATM and I need access restored or a replacement card arranged. I have an urgent payment to make.,neutral,,,False,
COMM-202210-000124,ACC0045164,IND22005301,phone_call,inbound,27/10/2022 10:08,Home Loan rate increase question,I am worried my home loan instalment may change. Please confirm whether my repayment will be repriced and from which date. I saw the article 'Statement delays add noise to month-end finance controls' and wanted to check how it affects my account.,negative,Statement delays add noise to month-end finance controls,,True,failed_transaction
COMM-202210-000125,ACC0040358,IND22009263,branch_visit,inbound,26/10/2022 08:50,Complaint about service,The service delay is frustrating. I have followed up more than once and still do not have a proper answer.,neutral,,,False,
COMM-202210-000126,ACC0047171,IND22007737,app_message,inbound,2022-10-01T11:15:04+02:00,Digital wallet setup help,I need help setting up the digital wallet and linking it to the right account. The app keeps asking me to try again later.,neutral,,,False,
COMM-202210-000127,ACC0025839,IND21017936,app_message,inbound,2022-10-18T17:19:10+02:00,Balance check,Please confirm my available balance and whether any debit orders are still pending.,neutral,,,False,
COMM-202210-000128,ACC0010548,IND19016283,branch_visit,inbound,10/10/2022 12:00,Why did my debit order fail?,"My debit order did not go through and I need to know whether it was insufficient funds, a retry problem or a bank processing issue. The account should not be charged twice.",negative,,,True,fee_dispute
COMM-202210-000129,ACC0019905,IND20002392,phone_call,inbound,24/10/2022 18:03,Home Loan rate increase question,I am worried my home loan instalment may change. Please confirm whether my repayment will be repriced and from which date. I saw the article 'Conduct teams press for clearer evidence on fees and failed payments' and wanted to check how it affects my account.,positive,Conduct teams press for clearer evidence on fees and failed payments,,False,
COMM-202210-000130,ACC0038748,IND22000049,phone_call,inbound,30/10/2022 07:04,Why did my debit order fail?,"My debit order did not go through and I need to know whether it was insufficient funds, a retry problem or a bank processing issue. The account should not be charged twice.",neutral,,,False,
COMM-202210-000131,ACC0043249,IND22006575,phone_call,inbound,15/10/2022 08:39,Why did my debit order fail?,"My debit order did not go through and I need to know whether it was insufficient funds, a retry problem or a bank processing issue. The account should not be charged twice.",negative,,,True,failed_transaction
COMM-202210-000132,ACC0022384,IND21007599,branch_visit,inbound,02/10/2022 10:10,Branch appointment request,I would like to book time at the branch to sort out my account and get printed documents for my records.,neutral,,,False,
COMM-202210-000133,ACC0048818,IND22016678,sms,outbound,2022-10-03T03:31:23+02:00,Branch holiday hours,Please note adjusted branch hours this month. Digital channels remain available for balance checks and transfers.,negative,,,False,
COMM-202210-000134,ACC0037538,IND22006334,branch_visit,inbound,24/10/2022 12:30,Home Loan rate increase question,I am worried my home loan instalment may change. Please confirm whether my repayment will be repriced and from which date. I saw the article 'Conduct teams press for clearer evidence on fees and failed payments' and wanted to check how it affects my account.,negative,Conduct teams press for clearer evidence on fees and failed payments,,True,failed_transaction
COMM-202210-000135,ACC0014852,IND19000792,sms,outbound,2022-10-14T04:37:58+02:00,Your loan repayment failed due to insufficient funds,Your scheduled loan repayment was not successful. Please fund your account or contact us to discuss payment options.,negative,,,False,
COMM-202210-000136,ACC0041124,IND22001372,sms,inbound,2022-10-10T07:10:02+02:00,Statement copy request,Please send me a copy of my latest statement and confirm the closing balance used for the month-end calculation.,neutral,,,False,
COMM-202210-000137,ACC0012321,IND19005383,email,inbound,2022-10-17 19:25:21,Unauthorised bank charge enquiry,Please explain the latest bank charge on my statement. I cannot see why this fee was taken and I want it reversed if it was incorrect.,negative,,,True,statement_error
COMM-202210-000138,ACC0048969,IND22005433,sms,outbound,2022-10-25T14:15:32+02:00,Your loan repayment failed due to insufficient funds,Your scheduled loan repayment was not successful. Please fund your account or contact us to discuss payment options.,neutral,,,False,
COMM-202210-000139,ACC0020746,IND20001921,sms,outbound,2022-10-20T16:26:12+02:00,Suspicious transaction alert,We detected activity that may require confirmation. Please reply or contact the bank if this transaction was not yours.,negative,,,False,
COMM-202210-000140,ACC0010645,IND19009058,branch_visit,inbound,22/10/2022 10:00,Home Loan rate increase question,I am worried my home loan instalment may change. Please confirm whether my repayment will be repriced and from which date. I saw the article 'Retail banks sharpen arrears analytics as payment stress persists' and wanted to check how it affects my account.,neutral,Retail banks sharpen arrears analytics as payment stress persists,,False,
COMM-202210-000141,ACC0049666,IND22015535,branch_visit,inbound,14/10/2022 15:15,Cash deposit issue,I made a cash deposit but the amount is not showing correctly. Please investigate the branch or ATM record.,neutral,,,False,
COMM-202210-000142,ACC0049070,IND22006561,app_message,inbound,2022-10-05T15:35:54+02:00,Digital wallet setup help,I need help setting up the digital wallet and linking it to the right account. The app keeps asking me to try again later.,neutral,,,False,
COMM-202210-000143,ACC0039063,IND22021667,app_message,inbound,2022-10-24T14:03:53+02:00,Home Loan rate increase question,I am worried my home loan instalment may change. Please confirm whether my repayment will be repriced and from which date. I saw the article 'Digital channels reshape banking workloads as customer growth continues' and wanted to check how it affects my account.,neutral,Digital channels reshape banking workloads as customer growth continues,,False,
COMM-202210-000144,ACC0008875,IND19005222,phone_call,inbound,27/10/2022 15:30,Home Loan rate increase question,I am worried my home loan instalment may change. Please confirm whether my repayment will be repriced and from which date. I saw the article 'Conduct teams press for clearer evidence on fees and failed payments' and wanted to check how it affects my account.,negative,Conduct teams press for clearer evidence on fees and failed payments,,True,failed_transaction
COMM-202210-000145,ACC0001891,IND19010844,app_message,inbound,2022-10-15T19:12:58+02:00,Why did my debit order fail?,"My debit order did not go through and I need to know whether it was insufficient funds, a retry problem or a bank processing issue. The account should not be charged twice.",negative,,,True,failed_transaction
COMM-202210-000146,ACC0034371,IND21013686,sms,outbound,2022-10-25T06:32:14+02:00,Your loan repayment failed due to insufficient funds,Your scheduled loan repayment was not successful. Please fund your account or contact us to discuss payment options.,neutral,,,False,
COMM-202210-000147,ACC0035091,IND21001424,sms,inbound,2022-10-27T10:00:08+02:00,Why did my debit order fail?,"My debit order did not go through and I need to know whether it was insufficient funds, a retry problem or a bank processing issue. The account should not be charged twice.",negative,,,True,statement_error
COMM-202210-000148,ACC0040000,IND22012742,phone_call,inbound,25/10/2022 16:37,Card blocked at ATM,My card was blocked at the ATM and I need access restored or a replacement card arranged. I have an urgent payment to make.,neutral,,,False,
COMM-202210-000149,ACC0023932,IND21010346,app_message,inbound,2022-10-19T14:56:47+02:00,Home Loan rate increase question,I am worried my home loan instalment may change. Please confirm whether my repayment will be repriced and from which date. I saw the article 'Statement delays add noise to month-end finance controls' and wanted to check how it affects my account.,negative,Statement delays add noise to month-end finance controls,,True,fee_dispute
COMM-202210-000150,ACC0003719,IND19005540,branch_visit,inbound,26/10/2022 09:05,Home Loan rate increase question,I am worried my home loan instalment may change. Please confirm whether my repayment will be repriced and from which date. I saw the article 'Retail banks sharpen arrears analytics as payment stress persists' and wanted to check how it affects my account.,positive,Retail banks sharpen arrears analytics as payment stress persists,,False,
COMM-202210-000151,ACC0013112,IND19002951,app_message,inbound,2022-10-09T19:35:53+02:00,App login problem,The app is not behaving properly and I cannot complete what should be a simple transaction. Please check whether there is an issue on my profile.,negative,,,True,failed_transaction
COMM-202210-000152,ACC0001924,IND19001686,sms,outbound,2022-10-20T09:16:17+02:00,Branch holiday hours,Please note adjusted branch hours this month. Digital channels remain available for balance checks and transfers.,neutral,,,False,
COMM-202210-000153,ACC0024340,IND21006036,app_message,inbound,2022-10-15T21:08:08+02:00,Transfer not reflecting,I made a transfer and it is still not reflecting. Please check whether the payment is delayed in your system.,negative,,,True,digital_issue
COMM-202210-000154,ACC0023762,IND21005707,branch_visit,inbound,05/10/2022 12:20,Statement copy request,Please send me a copy of my latest statement and confirm the closing balance used for the month-end calculation.,neutral,,,False,
COMM-202210-000155,ACC0044378,IND22016598,app_message,outbound,2022-10-06T15:08:27+02:00,New statement available,"Your latest account statement is available. Please review the charges, interest and debit order activity.",negative,,,False,
COMM-202210-000156,ACC0041797,IND22006868,phone_call,inbound,25/10/2022 17:46,Home Loan rate increase question,I am worried my home loan instalment may change. Please confirm whether my repayment will be repriced and from which date. I saw the article 'Operational resilience returns to the agenda after payment interruptions' and wanted to check how it affects my account.,neutral,Operational resilience returns to the agenda after payment interruptions,,False,
COMM-202210-000157,ACC0023336,IND21005478,phone_call,inbound,28/10/2022 11:13,Home Loan rate increase question,I am worried my home loan instalment may change. Please confirm whether my repayment will be repriced and from which date. I saw the article 'Banking analytics agenda: five signals to watch this month' and wanted to check how it affects my account.,negative,Banking analytics agenda: five signals to watch this month,,False,
COMM-202210-000158,ACC0001117,IND19016009,app_message,inbound,2022-10-25T15:59:38+02:00,Home Loan rate increase question,I am worried my home loan instalment may change. Please confirm whether my repayment will be repriced and from which date. I saw the article 'Banking analytics agenda: five signals to watch this month' and wanted to check how it affects my account.,negative,Banking analytics agenda: five signals to watch this month,,True,service_delay
COMM-202210-000159,ACC0046996,IND22003995,phone_call,inbound,19/10/2022 11:14,Card blocked at ATM,My card was blocked at the ATM and I need access restored or a replacement card arranged. I have an urgent payment to make.,neutral,,,False,
COMM-202210-000160,ACC0034116,IND21002633,sms,outbound,2022-10-17T18:42:05+02:00,Your loan repayment failed due to insufficient funds,Your scheduled loan repayment was not successful. Please fund your account or contact us to discuss payment options.,negative,,,True,incorrect_charge
COMM-202210-000161,ACC0001941,IND19014505,app_message,inbound,2022-10-16T12:57:00+02:00,App login problem,The app is not behaving properly and I cannot complete what should be a simple transaction. Please check whether there is an issue on my profile.,neutral,,,False,
COMM-202210-000162,ACC0035871,IND21014800,sms,outbound,2022-10-16T14:33:46+02:00,Suspicious transaction alert,We detected activity that may require confirmation. Please reply or contact the bank if this transaction was not yours.,neutral,,,False,
COMM-202210-000163,ACC0036666,IND21009385,app_message,inbound,2022-10-22T19:53:49+02:00,Home Loan rate increase question,I am worried my home loan instalment may change. Please confirm whether my repayment will be repriced and from which date. I saw the article 'Digital channels reshape banking workloads as customer growth continues' and wanted to check how it affects my account.,negative,Digital channels reshape banking workloads as customer growth continues,,True,fee_dispute
COMM-202210-000164,ACC0038168,IND22017187,app_message,inbound,2022-10-30T21:15:39+02:00,Unauthorised bank charge enquiry,Please explain the latest bank charge on my statement. I cannot see why this fee was taken and I want it reversed if it was incorrect.,negative,,,True,incorrect_charge
COMM-202210-000165,ACC0039125,IND22006810,email,inbound,2022-10-15 07:54:36,Home Loan rate increase question,I am worried my home loan instalment may change. Please confirm whether my repayment will be repriced and from which date. I saw the article 'Statement delays add noise to month-end finance controls' and wanted to check how it affects my account.,neutral,Statement delays add noise to month-end finance controls,,False,
COMM-202210-000166,ACC0005741,IND19003833,email,inbound,2022-10-09 07:07:55,Suggestion for bank app,I have feedback on the app experience and would like the product team to review it.,neutral,,,False,
COMM-202210-000167,ACC0045075,IND22004480,branch_visit,inbound,26/10/2022 10:05,Cash deposit issue,I made a cash deposit but the amount is not showing correctly. Please investigate the branch or ATM record.,negative,,,True,incorrect_charge
COMM-202210-000168,ACC0040722,IND22005607,phone_call,inbound,31/10/2022 10:00,Home Loan rate increase question,I am worried my home loan instalment may change. Please confirm whether my repayment will be repriced and from which date. I saw the article 'Operational resilience returns to the agenda after payment interruptions' and wanted to check how it affects my account.,negative,Operational resilience returns to the agenda after payment interruptions,,True,failed_transaction
COMM-202210-000169,ACC0032127,IND21000118,phone_call,inbound,02/10/2022 10:14,Why did my debit order fail?,"My debit order did not go through and I need to know whether it was insufficient funds, a retry problem or a bank processing issue. The account should not be charged twice.",positive,,,False,
COMM-202210-000170,ACC0051554,IND22002166,branch_visit,inbound,28/10/2022 15:10,Branch appointment request,I would like to book time at the branch to sort out my account and get printed documents for my records.,negative,,,True,failed_transaction
COMM-202210-000171,ACC0012470,IND19001172,email,inbound,2022-10-05 14:39:57,Suggestion for bank app,I have feedback on the app experience and would like the product team to review it.,neutral,,,False,
COMM-202210-000172,ACC0035605,IND21004922,email,inbound,2022-10-17 09:29:12,Unauthorised bank charge enquiry,Please explain the latest bank charge on my statement. I cannot see why this fee was taken and I want it reversed if it was incorrect.,negative,,,False,
COMM-202210-000173,ACC0049206,IND22013286,phone_call,inbound,20/10/2022 11:17,Branch appointment request,I would like to book time at the branch to sort out my account and get printed documents for my records.,negative,,,True,staff_behavior
COMM-202210-000174,ACC0042389,IND22010730,email,inbound,2022-10-05 17:59:11,Unauthorised bank charge enquiry,Please explain the latest bank charge on my statement. I cannot see why this fee was taken and I want it reversed if it was incorrect.,positive,,,False,
COMM-202210-000175,ACC0025104,IND21003506,sms,outbound,2022-10-30T12:02:45+02:00,New statement available,"Your latest account statement is available. Please review the charges, interest and debit order activity.",neutral,Retail banks sharpen arrears analytics as payment stress persists,,False,
COMM-202210-000176,ACC0022164,IND21004714,app_message,inbound,2022-10-27T04:14:16+02:00,Why did my debit order fail?,"My debit order did not go through and I need to know whether it was insufficient funds, a retry problem or a bank processing issue. The account should not be charged twice.",negative,,,True,digital_issue
COMM-202210-000177,ACC0000711,IND19003817,app_message,inbound,2022-10-13T15:14:30+02:00,Unauthorised bank charge enquiry,Please explain the latest bank charge on my statement. I cannot see why this fee was taken and I want it reversed if it was incorrect.,neutral,,,False,
COMM-202210-000178,ACC0044626,IND22016812,sms,outbound,2022-10-14T19:33:05+02:00,Your loan repayment failed due to insufficient funds,Your scheduled loan repayment was not successful. Please fund your account or contact us to discuss payment options.,negative,,,False,
COMM-202210-000179,ACC0029741,IND21015115,phone_call,inbound,20/10/2022 08:26,Home Loan rate increase question,I am worried my home loan instalment may change. Please confirm whether my repayment will be repriced and from which date.,neutral,,,False,
COMM-202210-000180,ACC0003832,IND19007607,sms,outbound,2022-10-23T13:04:11+02:00,New statement available,"Your latest account statement is available. Please review the charges, interest and debit order activity.",neutral,,,False,
COMM-202210-000181,ACC0041356,IND22001052,sms,outbound,2022-10-09T08:11:16+02:00,Branch holiday hours,Please note adjusted branch hours this month. Digital channels remain available for balance checks and transfers.,positive,,,False,
COMM-202210-000182,ACC0034086, IND21012177 ,email,inbound,2022-10-03 11:58:24,Account enquiry,Please assist with my banking enquiry.,negative,,,True,service_delay
COMM-202210-000183,ACC0014282,IND19015192,app_message,inbound,2022-10-23T07:26:08+02:00,Balance check,Please confirm my available balance and whether any debit orders are still pending.,negative,,,True,failed_transaction
COMM-202210-000184,ACC0052109,IND22004262,branch_visit,inbound,20/10/2022 12:45,Home Loan rate increase question,I am worried my home loan instalment may change. Please confirm whether my repayment will be repriced and from which date. I saw the article 'Conduct teams press for clearer evidence on fees and failed payments' and wanted to check how it affects my account.,negative,Conduct teams press for clearer evidence on fees and failed payments,,True,failed_transaction
COMM-202210-000185,ACC0006295,IND19011761,app_message,inbound,2022-10-04T10:48:59+02:00,Balance check,Please confirm my available balance and whether any debit orders are still pending.,negative,,,True,failed_transaction
COMM-202210-000186,ACC0028723,IND21007141,app_message,outbound,2022-10-22T18:25:33+02:00,New statement available,"Your latest account statement is available. Please review the charges, interest and debit order activity.",neutral,Retail banks sharpen arrears analytics as payment stress persists,,False,
COMM-202210-000187,ACC0003554,IND19020287,app_message,inbound,2022-10-20T11:54:04+02:00,Home Loan rate increase question,I am worried my home loan instalment may change. Please confirm whether my repayment will be repriced and from which date. I saw the article 'Retail banks sharpen arrears analytics as payment stress persists' and wanted to check how it affects my account.,negative,Retail banks sharpen arrears analytics as payment stress persists,,True,failed_transaction
COMM-202210-000188,ACC0016456,IND19001967,email,inbound,2022-10-16 20:19:46,Why did my debit order fail?,"My debit order did not go through and I need to know whether it was insufficient funds, a retry problem or a bank processing issue. The account should not be charged twice.",negative,,,True,statement_error
COMM-202210-000189,ACC0004038,IND19020049,sms,outbound,2022-10-31T01:29:27+02:00,Branch holiday hours,Please note adjusted branch hours this month. Digital channels remain available for balance checks and transfers.,neutral,,,False,
COMM-202210-000190,ACC0012092,IND19008449,sms,outbound,2022-10-08T14:58:21+02:00,Branch holiday hours,Please note adjusted branch hours this month. Digital channels remain available for balance checks and transfers.,neutral,,,False,
COMM-202210-000191,ACC0009328,IND19010758,branch_visit,inbound,29/10/2022 14:45,Card blocked at ATM,My card was blocked at the ATM and I need access restored or a replacement card arranged. I have an urgent payment to make.,neutral,,,False,
COMM-202210-000192,ACC0040976,IND22021340,sms,outbound,2022-10-17T12:49:04+02:00,Your loan repayment failed due to insufficient funds,Your scheduled loan repayment was not successful. Please fund your account or contact us to discuss payment options.,positive,,,False,
COMM-202210-000193,ACC0020157,IND20003063,app_message,inbound,2022-10-30T04:09:13+02:00,Unauthorised bank charge enquiry,Please explain the latest bank charge on my statement. I cannot see why this fee was taken and I want it reversed if it was incorrect.,positive,,,False,
COMM-202210-000194,ACC0014484,IND19007498,phone_call,inbound,06/10/2022 13:25,Unauthorised bank charge enquiry,Please explain the latest bank charge on my statement. I cannot see why this fee was taken and I want it reversed if it was incorrect.,neutral,,,False,
COMM-202210-000195,ACC0031954,IND21005532,app_message,outbound,2022-10-10T07:19:21+02:00,New statement available,"Your latest account statement is available. Please review the charges, interest and debit order activity.",negative,,,False,
COMM-202210-000196,ACC0008633,IND19012853,app_message,outbound,2022-10-06T20:57:26+02:00,New statement available,"Your latest account statement is available. Please review the charges, interest and debit order activity.",neutral,,,False,
COMM-202210-000197,ACC0005067,IND19002630,app_message,inbound,2022-10-28T12:49:05+02:00,Home Loan rate increase question,I am worried my home loan instalment may change. Please confirm whether my repayment will be repriced and from which date. I saw the article 'Operational resilience returns to the agenda after payment interruptions' and wanted to check how it affects my account.,positive,Operational resilience returns to the agenda after payment interruptions,,False,
COMM-202210-000198,ACC0001167,IND19004585,app_message,inbound,2022-10-29T11:08:09+02:00,Transfer not reflecting,I made a transfer and it is still not reflecting. Please check whether the payment is delayed in your system.,neutral,,,False,
COMM-202210-000199,ACC0010143,IND19005667,email,inbound,2022-10-18 14:46:06,Statement copy request,Please send me a copy of my latest statement and confirm the closing balance used for the month-end calculation.,negative,,,True,service_delay
COMM-202210-000200,ACC0049835,IND22003767,sms,outbound,2022-10-16T08:18:30+02:00,New statement available,"Your latest account statement is available. Please review the charges, interest and debit order activity.",negative,Statement delays add noise to month-end finance controls,,True,service_delay
COMM-202210-000201,ACC0043374,IND22010643,app_message,inbound,2022-10-18T21:42:50+02:00,Transfer not reflecting,I made a transfer and it is still not reflecting. Please check whether the payment is delayed in your system.,negative,,,True,service_delay
COMM-202210-000202,ACC0040842,IND22003686,sms,outbound,2022-10-13T16:20:05+02:00,Suspicious transaction alert,We detected activity that may require confirmation. Please reply or contact the bank if this transaction was not yours.,negative,,,True,fraud_concern
COMM-202210-000203,ACC0028767,IND21002996,phone_call,inbound,30/10/2022 14:26,Why did my debit order fail?,"My debit order did not go through and I need to know whether it was insufficient funds, a retry problem or a bank processing issue. The account should not be charged twice.",negative,,,False,
COMM-202210-000204,ACC0024418, IND21001156 ,app_message,inbound,2022-10-27T00:00:51+02:00,Home Loan rate increase question,I am worried my home loan instalment may change. Please confirm whether my repayment will be repriced and from which date. I saw the article 'Operational resilience returns to the agenda after payment interruptions' and wanted to check how it affects my account.,neutral,Operational resilience returns to the agenda after payment interruptions,,False,
COMM-202210-000205,ACC0008170,IND19000930,sms,outbound,2022-10-31T21:12:12+02:00,Branch holiday hours,Please note adjusted branch hours this month. Digital channels remain available for balance checks and transfers.,neutral,,,False,
COMM-202210-000206,ACC0038020,IND22003181,sms,outbound,2022-10-21T15:07:53+02:00,New statement available,"Your latest account statement is available. Please review the charges, interest and debit order activity.",neutral,,,False,
COMM-202210-000207,ACC0042957,IND22005468,phone_call,inbound,20/10/2022 16:20,Home Loan rate increase question,I am worried my home loan instalment may change. Please confirm whether my repayment will be repriced and from which date. I saw the article 'Statement delays add noise to month-end finance controls' and wanted to check how it affects my account.,neutral,Statement delays add noise to month-end finance controls,,False,
COMM-202210-000208,ACC0023488,IND21009759,app_message,inbound,2022-10-12T13:00:43+02:00,Balance check,Please confirm my available balance and whether any debit orders are still pending.,positive,,,False,
COMM-202210-000209,ACC0044288,IND22000248,phone_call,inbound,17/10/2022 13:49,Unauthorised bank charge enquiry,"Howzit, Please explain the latest bank charge on my statement. I cannot see why this fee was taken and I want it reversed if it was incorrect.",neutral,,,False,
COMM-202210-000210,ACC0043773,IND22010285,email,inbound,2022-10-08 07:22:50,Unauthorised bank charge enquiry,Please explain the latest bank charge on my statement. I cannot see why this fee was taken and I want it reversed if it was incorrect.,positive,,,False,
COMM-202210-000211,ACC0032606,IND21006066,branch_visit,inbound,03/10/2022 14:15,Why did my debit order fail?,"My debit order did not go through and I need to know whether it was insufficient funds, a retry problem or a bank processing issue. The account should not be charged twice.",negative,,,True,failed_transaction
COMM-202210-000212,ACC0020539,IND20001185,phone_call,inbound,01/10/2022 10:50,Why did my debit order fail?,"Eish, My debit order did not go through and I need to know whether it was insufficient funds, a retry problem or a bank processing issue. The account should not be charged twice.",negative,,,True,staff_behavior
COMM-202210-000213,ACC0027695,IND21012732,branch_visit,inbound,16/10/2022 11:30,Branch appointment request,I would like to book time at the branch to sort out my account and get printed documents for my records.,neutral,,,False,
COMM-202210-000214,ACC0025837,IND21009439,sms,outbound,2022-10-29T18:43:05+02:00,Branch holiday hours,Please note adjusted branch hours this month. Digital channels remain available for balance checks and transfers.,negative,,,False,
COMM-202210-000215,ACC0026369,IND21011813,phone_call,inbound,04/10/2022 09:10,Home Loan rate increase question,I am worried my home loan instalment may change. Please confirm whether my repayment will be repriced and from which date.,neutral,,,False,
COMM-202210-000216,ACC0042797,COM22000444,app_message,outbound,2022-10-23T13:05:48+02:00,New statement available,"Your latest account statement is available. Please review the charges, interest and debit order activity.",neutral,Statement delays add noise to month-end finance controls,,False,
COMM-202210-000217,ACC0027148,IND21000468,branch_visit,inbound,25/10/2022 12:20,Home Loan rate increase question,I am worried my home loan instalment may change. Please confirm whether my repayment will be repriced and from which date. I saw the article 'Banking analytics agenda: five signals to watch this month' and wanted to check how it affects my account.,neutral,Banking analytics agenda: five signals to watch this month,,False,
COMM-202210-000218,ACC0020087,IND20000915,branch_visit,inbound,15/10/2022 08:45,Complaint about service,The service delay is frustrating. I have followed up more than once and still do not have a proper answer.,neutral,,,False,
COMM-202210-000219,ACC0033539,IND21009408,sms,outbound,2022-10-01T11:03:50+02:00,Your loan repayment failed due to insufficient funds,Your scheduled loan repayment was not successful. Please fund your account or contact us to discuss payment options.,negative,,,True,digital_issue
COMM-202210-000220,ACC0010611,IND19013513,phone_call,inbound,18/10/2022 09:19,Branch appointment request,I would like to book time at the branch to sort out my account and get printed documents for my records.,neutral,,,False,
COMM-202210-000221,ACC0014039,IND19015009,email,inbound,2022-10-05 14:54:08,Account enquiry,Please assist with my banking enquiry.,neutral,,,False,
COMM-202210-000222,ACC0013251,IND19004814,phone_call,inbound,27/10/2022 15:48,Unauthorised bank charge enquiry,Please explain the latest bank charge on my statement. I cannot see why this fee was taken and I want it reversed if it was incorrect.,neutral,,,False,
COMM-202210-000223,ACC0048270,IND22005662,app_message,inbound,2022-10-08T14:37:50+02:00,Balance check,Please confirm my available balance and whether any debit orders are still pending.,neutral,,,False,
COMM-202210-000224,ACC0008409,IND19009601,app_message,outbound,2022-10-05T13:41:15+02:00,New statement available,"Your latest account statement is available. Please review the charges, interest and debit order activity.",positive,,,False,
COMM-202210-000225,ACC0037133,IND22004394,app_message,inbound,2022-10-07T15:39:08+02:00,Why did my debit order fail?,"My debit order did not go through and I need to know whether it was insufficient funds, a retry problem or a bank processing issue. The account should not be charged twice.",negative,,,True,failed_transaction
COMM-202210-000226,ACC0039253,IND22022090,sms,outbound,2022-10-06T14:22:07+02:00,Branch holiday hours,Please note adjusted branch hours this month. Digital channels remain available for balance checks and transfers.,neutral,,,False,
COMM-202210-000227,ACC0010085,IND19004379,phone_call,inbound,25/10/2022 15:02,Why did my debit order fail?,"My debit order did not go through and I need to know whether it was insufficient funds, a retry problem or a bank processing issue. The account should not be charged twice.",positive,,,False,
COMM-202210-000228,ACC0052313,IND22002777,branch_visit,inbound,24/10/2022 09:05,Why did my debit order fail?,"My debit order did not go through and I need to know whether it was insufficient funds, a retry problem or a bank processing issue. The account should not be charged twice.",negative,,,True,statement_error
COMM-202210-000229,ACC0033706,IND21001714,email,outbound,2022-10-27 13:23:38,New statement available,"Your latest account statement is available. Please review the charges, interest and debit order activity.",neutral,Operational resilience returns to the agenda after payment interruptions,,False,
COMM-202210-000230,ACC0021000,IND20000525,app_message,outbound,2022-10-18T02:25:50+02:00,New statement available,"Your latest account statement is available. Please review the charges, interest and debit order activity.",neutral,,,False,
COMM-202210-000231,ACC0003213,IND19014004,sms,outbound,2022-10-10T15:07:29+02:00,Your loan repayment failed due to insufficient funds,Your scheduled loan repayment was not successful. Please fund your account or contact us to discuss payment options.,negative,,,True,digital_issue
COMM-202210-000232,ACC0033622,IND21012011,sms,inbound,2022-10-15T01:37:58+02:00,Statement copy request,Please send me a copy of my latest statement and confirm the closing balance used for the month-end calculation.,positive,,,False,
COMM-202210-000233,ACC0033357,IND21007547,email,inbound,2022-10-25 18:40:22,Home Loan rate increase question,I am worried my home loan instalment may change. Please confirm whether my repayment will be repriced and from which date. I saw the article 'Banking analytics agenda: five signals to watch this month' and wanted to check how it affects my account.,negative,Banking analytics agenda: five signals to watch this month,,False,
COMM-202210-000234,ACC0013251,IND19004814,branch_visit,inbound,09/10/2022 10:50,Why did my debit order fail?,"My debit order did not go through and I need to know whether it was insufficient funds, a retry problem or a bank processing issue. The account should not be charged twice.",negative,,,True,fee_dispute
COMM-202210-000235,ACC0032042,IND21005736,email,outbound,2022-10-07 13:48:54,New statement available,"Your latest account statement is available. Please review the charges, interest and debit order activity.",neutral,,,False,
COMM-202210-000236,ACC0029057,IND21008042,phone_call,inbound,25/10/2022 18:15,Home Loan rate increase question,I am worried my home loan instalment may change. Please confirm whether my repayment will be repriced and from which date. I saw the article 'Conduct teams press for clearer evidence on fees and failed payments' and wanted to check how it affects my account.,positive,Conduct teams press for clearer evidence on fees and failed payments,,False,
COMM-202210-000237,ACC0015874,IND19014142,app_message,outbound,2022-10-07T14:13:43+02:00,New statement available,"Your latest account statement is available. Please review the charges, interest and debit order activity.",neutral,,,False,
COMM-202210-000238,ACC0039039,COM22000092,branch_visit,inbound,25/10/2022 12:50,Card blocked at ATM,My card was blocked at the ATM and I need access restored or a replacement card arranged. I have an urgent payment to make.,negative,,,True,fee_dispute
COMM-202210-000239,ACC0042476,IND22012145,app_message,inbound,2022-10-11T18:10:54+02:00,Transfer not reflecting,I made a transfer and it is still not reflecting. Please check whether the payment is delayed in your system.,negative,,,True,service_delay
COMM-202210-000240,ACC0052003,IND22006570,phone_call,inbound,17/10/2022 18:57,Home Loan rate increase question,I am worried my home loan instalment may change. Please confirm whether my repayment will be repriced and from which date.,negative,,,True,fee_dispute
COMM-202210-000241,ACC0000717,IND19015259,app_message,inbound,2022-10-06T09:25:35+02:00,Why did my debit order fail?,"My debit order did not go through and I need to know whether it was insufficient funds, a retry problem or a bank processing issue. The account should not be charged twice.",negative,,,True,digital_issue
COMM-202210-000242,ACC0051548,IND22014332,app_message,inbound,2022-10-03T06:34:23+02:00,Balance check,Please confirm my available balance and whether any debit orders are still pending.,positive,,,False,
COMM-202210-000243,ACC0028103,IND21015914,branch_visit,inbound,17/10/2022 08:00,Complaint about service,The service delay is frustrating. I have followed up more than once and still do not have a proper answer.,negative,,,True,fee_dispute
COMM-202210-000244,ACC0021385,COM20000039,phone_call,inbound,07/10/2022 12:44,Card blocked at ATM,"Eish, My card was blocked at the ATM and I need access restored or a replacement card arranged. I have an urgent payment to make.",neutral,,,False,
COMM-202210-000245,ACC0012070,IND19014786,app_message,inbound,2022-10-19T15:50:26+02:00,Home Loan rate increase question,I am worried my home loan instalment may change. Please confirm whether my repayment will be repriced and from which date. I saw the article 'Statement delays add noise to month-end finance controls' and wanted to check how it affects my account.,neutral,Statement delays add noise to month-end finance controls,,False,
COMM-202210-000246,ACC0027106,IND21006963,app_message,inbound,2022-10-19T13:07:22+02:00,Why did my debit order fail?,"My debit order did not go through and I need to know whether it was insufficient funds, a retry problem or a bank processing issue. The account should not be charged twice.",negative,,,True,service_delay
COMM-202210-000247,ACC0018313,IND19011708,phone_call,inbound,22/10/2022 17:05,Why did my debit order fail?,"Hi there, My debit order did not go through and I need to know whether it was insufficient funds, a retry problem or a bank processing issue. The account should not be charged twice.",negative,,,True,digital_issue
COMM-202210-000248,ACC0011221,IND19004841,branch_visit,inbound,30/10/2022 14:00,Why did my debit order fail?,"My debit order did not go through and I need to know whether it was insufficient funds, a retry problem or a bank processing issue. The account should not be charged twice.",negative,,,True,other
COMM-202210-000249,ACC0030390,IND21002825,branch_visit,inbound,29/10/2022 14:10,Why did my debit order fail?,"My debit order did not go through and I need to know whether it was insufficient funds, a retry problem or a bank processing issue. The account should not be charged twice.",negative,,,True,other
COMM-202210-000250,ACC0048008,IND22016810,email,inbound,2022-10-14 09:55:55,Unauthorised bank charge enquiry,Please explain the latest bank charge on my statement. I cannot see why this fee was taken and I want it reversed if it was incorrect.,negative,,,True,incorrect_charge
COMM-202210-000251,ACC0032182,IND21009946,phone_call,inbound,30/10/2022 18:39,Home Loan rate increase question,I am worried my home loan instalment may change. Please confirm whether my repayment will be repriced and from which date.,negative,,,True,failed_transaction
COMM-202210-000252,ACC0023398,IND21003471,phone_call,inbound,05/10/2022 11:46,Why did my debit order fail?,"My debit order did not go through and I need to know whether it was insufficient funds, a retry problem or a bank processing issue. The account should not be charged twice.",negative,,,True,staff_behavior
COMM-202210-000253,ACC0001029,IND19009696,branch_visit,inbound,15/10/2022 12:30,Home Loan rate increase question,I am worried my home loan instalment may change. Please confirm whether my repayment will be repriced and from which date. I saw the article 'Banks watch debit-order strain as households adjust spending' and wanted to check how it affects my account.,neutral,Banks watch debit-order strain as households adjust spending,,False,
COMM-202210-000254,ACC0041545,IND22014070,phone_call,inbound,01/10/2022 10:35,Branch appointment request,I would like to book time at the branch to sort out my account and get printed documents for my records.,neutral,,,False,
COMM-202210-000255,ACC0052216,IND22015581,app_message,inbound,2022-10-15T21:12:35+02:00,Transfer not reflecting,I made a transfer and it is still not reflecting. Please check whether the payment is delayed in your system.,neutral,,,False,
COMM-202210-000256,ACC0044632,IND22009238,phone_call,inbound,14/10/2022 09:03,Branch appointment request,I would like to book time at the branch to sort out my account and get printed documents for my records.,neutral,,,False,
COMM-202210-000257,ACC0030479,IND21000306,app_message,outbound,2022-10-24T14:02:38+02:00,New statement available,"Your latest account statement is available. Please review the charges, interest and debit order activity.",neutral,,,False,
COMM-202210-000258,ACC0000412,IND19013952,app_message,inbound,2022-10-11T20:48:45+02:00,Transfer not reflecting,I made a transfer and it is still not reflecting. Please check whether the payment is delayed in your system.,negative,,,True,digital_issue
COMM-202210-000259,ACC0015559,IND19015691,app_message,inbound,2022-10-17T14:28:59+02:00,Why did my debit order fail?,"My debit order did not go through and I need to know whether it was insufficient funds, a retry problem or a bank processing issue. The account should not be charged twice.",negative,,,True,service_delay
COMM-202210-000260,ACC0006317,IND19003634,phone_call,inbound,18/10/2022 17:39,Home Loan rate increase question,I am worried my home loan instalment may change. Please confirm whether my repayment will be repriced and from which date.,neutral,,,False,
COMM-202210-000261,ACC0040091,IND22011534,sms,outbound,2022-10-25T10:26:22+02:00,New statement available,"Your latest account statement is available. Please review the charges, interest and debit order activity.",positive,,,False,
COMM-202210-000262,ACC0042030,IND22009327,app_message,inbound,2022-10-26T09:40:59+02:00,Home Loan rate increase question,I am worried my home loan instalment may change. Please confirm whether my repayment will be repriced and from which date. I saw the article 'Banking analytics agenda: five signals to watch this month' and wanted to check how it affects my account.,negative,Banking analytics agenda: five signals to watch this month,,True,fee_dispute
COMM-202210-000263,ACC0022437,IND21011233,email,inbound,2022-10-18 11:19:58,Home Loan rate increase question,I am worried my home loan instalment may change. Please confirm whether my repayment will be repriced and from which date. I saw the article 'Statement delays add noise to month-end finance controls' and wanted to check how it affects my account.,neutral,Statement delays add noise to month-end finance controls,,False,
COMM-202210-000264,ACC0024001,IND21003553,sms,outbound,2022-10-08T18:28:45+02:00,Branch holiday hours,Please note adjusted branch hours this month. Digital channels remain available for balance checks and transfers.,neutral,,,False,
COMM-202210-000265,ACC0003871,IND19011064,branch_visit,inbound,19/10/2022 12:30,Branch appointment request,I would like to book time at the branch to sort out my account and get printed documents for my records.,neutral,,,False,
COMM-202210-000266,ACC0005901,IND19005390,phone_call,inbound,04/10/2022 14:36,Unauthorised bank charge enquiry,Please explain the latest bank charge on my statement. I cannot see why this fee was taken and I want it reversed if it was incorrect.,neutral,,,False,
COMM-202210-000267,ACC0023627,IND21014138,phone_call,inbound,30/10/2022 12:12,Branch appointment request,I would like to book time at the branch to sort out my account and get printed documents for my records.,negative,,,True,fee_dispute
COMM-202210-000268,ACC0047825,IND22004189,app_message,inbound,2022-10-13T21:08:38+02:00,Unauthorised bank charge enquiry,Please explain the latest bank charge on my statement. I cannot see why this fee was taken and I want it reversed if it was incorrect.,neutral,,,False,
COMM-202210-000269,ACC0035880,IND21003620,branch_visit,inbound,15/10/2022 12:05,Cash deposit issue,I made a cash deposit but the amount is not showing correctly. Please investigate the branch or ATM record.,positive,,,False,
COMM-202210-000270,ACC0002721,IND19004779,phone_call,inbound,12/10/2022 14:49,Home Loan rate increase question,I am worried my home loan instalment may change. Please confirm whether my repayment will be repriced and from which date. I saw the article 'Retail banks sharpen arrears analytics as payment stress persists' and wanted to check how it affects my account.,neutral,Retail banks sharpen arrears analytics as payment stress persists,,False,
COMM-202210-000271,ACC0005297,IND19006641,branch_visit,inbound,20/10/2022 10:10,Home Loan rate increase question,I am worried my home loan instalment may change. Please confirm whether my repayment will be repriced and from which date. I saw the article 'Retail banks sharpen arrears analytics as payment stress persists' and wanted to check how it affects my account.,neutral,Retail banks sharpen arrears analytics as payment stress persists,,False,
COMM-202210-000272,ACC0026637,IND21000643,phone_call,inbound,22/10/2022 18:48,Branch appointment request,I would like to book time at the branch to sort out my account and get printed documents for my records.,negative,,,True,failed_transaction
COMM-202210-000273,ACC0003886,IND19007018,email,outbound,2022-10-17 13:32:24,New statement available,"Your latest account statement is available. Please review the charges, interest and debit order activity.",neutral,,,False,
COMM-202210-000274,ACC0050827,IND22017923,app_message,inbound,2022-10-21T17:52:56+02:00,App login problem,The app is not behaving properly and I cannot complete what should be a simple transaction. Please check whether there is an issue on my profile.,neutral,,,False,
COMM-202210-000275,ACC0029898,IND21002190,branch_visit,inbound,08/10/2022 14:20,Statement copy request,Please send me a copy of my latest statement and confirm the closing balance used for the month-end calculation.,negative,,,True,fee_dispute
COMM-202210-000276,ACC0000975,IND19015550,email,inbound,2022-10-25 19:31:24,Why did my debit order fail?,"My debit order did not go through and I need to know whether it was insufficient funds, a retry problem or a bank processing issue. The account should not be charged twice.",negative,,,True,other
COMM-202210-000277,ACC0013926,IND19010625,branch_visit,inbound,26/10/2022 12:50,Home Loan rate increase question,I am worried my home loan instalment may change. Please confirm whether my repayment will be repriced and from which date. I saw the article 'Banks watch debit-order strain as households adjust spending' and wanted to check how it affects my account.,negative,Banks watch debit-order strain as households adjust spending,,True,service_delay
COMM-202210-000278,ACC0017310,IND19007739,phone_call,inbound,09/10/2022 09:36,Branch appointment request,I would like to book time at the branch to sort out my account and get printed documents for my records.,negative,,,True,failed_transaction
COMM-202210-000279,ACC0003783,IND19008845,branch_visit,inbound,03/10/2022 09:45,Statement copy request,Please send me a copy of my latest statement and confirm the closing balance used for the month-end calculation.,neutral,,,False,
COMM-202210-000280,ACC0024552,IND21007843,app_message,inbound,2022-10-14T11:44:30+02:00,Balance check,Please confirm my available balance and whether any debit orders are still pending.,negative,,,False,
COMM-202210-000281,ACC0018324,COM19000142,phone_call,inbound,09/10/2022 09:44,Why did my debit order fail?,"My debit order did not go through and I need to know whether it was insufficient funds, a retry problem or a bank processing issue. The account should not be charged twice.",negative,,,True,service_delay
COMM-202210-000282,ACC0047527,IND22019401,sms,outbound,2022-10-05T06:43:42+02:00,Your loan repayment failed due to insufficient funds,Your scheduled loan repayment was not successful. Please fund your account or contact us to discuss payment options.,neutral,,,False,
COMM-202210-000283,ACC0039035,COM22000269,sms,outbound,2022-10-15T11:49:13+02:00,New statement available,"Your latest account statement is available. Please review the charges, interest and debit order activity.",positive,,,False,
COMM-202210-000284,ACC0024834,IND21008139,branch_visit,inbound,15/10/2022 10:45,Statement copy request,Please send me a copy of my latest statement and confirm the closing balance used for the month-end calculation.,negative,,,False,
COMM-202210-000285,ACC0028945,IND21014117,phone_call,inbound,30/10/2022 09:20,Branch appointment request,I would like to book time at the branch to sort out my account and get printed documents for my records.,neutral,,,False,
COMM-202210-000286,ACC0026026,IND21008801,branch_visit,inbound,25/10/2022 10:15,Home Loan rate increase question,I am worried my home loan instalment may change. Please confirm whether my repayment will be repriced and from which date. I saw the article 'Banks watch debit-order strain as households adjust spending' and wanted to check how it affects my account.,neutral,Banks watch debit-order strain as households adjust spending,,False,
COMM-202210-000287,ACC0004655,IND19021386,branch_visit,inbound,16/10/2022 10:30,Why did my debit order fail?,"My debit order did not go through and I need to know whether it was insufficient funds, a retry problem or a bank processing issue. The account should not be charged twice.",negative,,,True,incorrect_charge
COMM-202210-000288,ACC0008848,IND19016618,app_message,outbound,2022-10-15T11:57:55+02:00,New statement available,"Your latest account statement is available. Please review the charges, interest and debit order activity.",positive,Retail banks sharpen arrears analytics as payment stress persists,,False,
COMM-202210-000289,ACC0040526,IND22010696,branch_visit,inbound,07/10/2022 09:30,Branch appointment request,I would like to book time at the branch to sort out my account and get printed documents for my records.,negative,,,True,staff_behavior
COMM-202210-000290,ACC0037683,IND22018316,sms,inbound,2022-10-05T06:03:14+02:00,Suspicious transaction alert,There is activity on my account that I do not recognise. Please block the card if needed and tell me what evidence you require for the dispute.,neutral,,,False,
COMM-202210-000291,ACC0036343,IND21010111,sms,inbound,2022-10-18T06:51:43+02:00,Suspicious transaction alert,There is activity on my account that I do not recognise. Please block the card if needed and tell me what evidence you require for the dispute.,positive,,,False,
COMM-202210-000292,ACC0007907,IND19002878,app_message,inbound,2022-10-10T08:08:07+02:00,Digital wallet setup help,I need help setting up the digital wallet and linking it to the right account. The app keeps asking me to try again later.,positive,,,False,
COMM-202210-000293,ACC0046665,IND22007591,branch_visit,inbound,30/10/2022 09:50,Card blocked at ATM,My card was blocked at the ATM and I need access restored or a replacement card arranged. I have an urgent payment to make.,negative,,,True,statement_error
COMM-202210-000294,ACC0040650,IND22009635,email,inbound,2022-10-06 19:13:04,Unauthorised bank charge enquiry,Please explain the latest bank charge on my statement. I cannot see why this fee was taken and I want it reversed if it was incorrect.,neutral,,,False,
COMM-202210-000295,ACC0040621,IND22018154,app_message,outbound,2022-10-19T11:33:00+02:00,New statement available,"Your latest account statement is available. Please review the charges, interest and debit order activity.",negative,,,False,
COMM-202210-000296,ACC0028531,COM21000102,app_message,inbound,2022-10-25T12:18:32+02:00,Transfer not reflecting,I made a transfer and it is still not reflecting. Please check whether the payment is delayed in your system.,neutral,,,False,
COMM-202210-000297,ACC0043418,IND22013119,email,outbound,2022-10-18 21:46:51,New statement available,"Your latest account statement is available. Please review the charges, interest and debit order activity.",neutral,,,False,
COMM-202210-000298,ACC0050789,IND22005421,phone_call,inbound,02/10/2022 07:01,Unauthorised bank charge enquiry,Please explain the latest bank charge on my statement. I cannot see why this fee was taken and I want it reversed if it was incorrect.,neutral,,,False,
COMM-202210-000299,ACC0027162,IND21000782,app_message,inbound,2022-10-12T06:52:26+02:00,Balance check,Please confirm my available balance and whether any debit orders are still pending.,negative,,,True,digital_issue
COMM-202210-000300,ACC0023504,IND21009194,phone_call,inbound,21/10/2022 13:17,Branch appointment request,I would like to book time at the branch to sort out my account and get printed documents for my records.,neutral,,,False,
COMM-202210-000301,ACC0021147,COM20000045,sms,outbound,2022-10-03T13:49:20+02:00,Your loan repayment failed due to insufficient funds,Your scheduled loan repayment was not successful. Please fund your account or contact us to discuss payment options.,neutral,,,False,
COMM-202210-000302,ACC0047631,IND22017432,app_message,inbound,2022-10-22T11:26:45+02:00,App login problem,The app is not behaving properly and I cannot complete what should be a simple transaction. Please check whether there is an issue on my profile.,neutral,,,False,
COMM-202210-000303,ACC0002503,IND19013977,app_message,inbound,2022-10-09T12:28:52+02:00,App login problem,The app is not behaving properly and I cannot complete what should be a simple transaction. Please check whether there is an issue on my profile.,neutral,,,False,
COMM-202210-000304,ACC0030357,IND21003963,email,inbound,2022-10-06 16:35:10,Home Loan rate increase question,I am worried my home loan instalment may change. Please confirm whether my repayment will be repriced and from which date. I saw the article 'Statement delays add noise to month-end finance controls' and wanted to check how it affects my account.,neutral,Statement delays add noise to month-end finance controls,,False,
COMM-202210-000305,ACC0036275,IND21004995,phone_call,inbound,19/10/2022 10:07,Card blocked at ATM,My card was blocked at the ATM and I need access restored or a replacement card arranged. I have an urgent payment to make.,neutral,,,False,
COMM-202210-000306,ACC0015839,IND19018402,app_message,outbound,2022-10-24T13:06:13+02:00,New statement available,"Your latest account statement is available. Please review the charges, interest and debit order activity.",negative,,,False,
COMM-202210-000307,ACC0024899,IND21006843,sms,outbound,2022-10-15T17:45:54+02:00,Your loan repayment failed due to insufficient funds,Your scheduled loan repayment was not successful. Please fund your account or contact us to discuss payment options.,negative,,,True,service_delay
COMM-202210-000308,ACC0009470,IND19009457,phone_call,inbound,06/10/2022 12:14,Unauthorised bank charge enquiry,Please explain the latest bank charge on my statement. I cannot see why this fee was taken and I want it reversed if it was incorrect.,neutral,,,False,
COMM-202210-000309,ACC0037621,IND22006131,phone_call,inbound,03/10/2022 15:47,Why did my debit order fail?,"My debit order did not go through and I need to know whether it was insufficient funds, a retry problem or a bank processing issue. The account should not be charged twice.",negative,,,True,fraud_concern
COMM-202210-000310,ACC0016752,IND19005524,sms,outbound,2022-10-26T08:19:05+02:00,New statement available,"Your latest account statement is available. Please review the charges, interest and debit order activity.",neutral,,,False,
COMM-202210-000311,ACC0021599,IND21008534,phone_call,inbound,24/10/2022 14:14,Home Loan rate increase question,I am worried my home loan instalment may change. Please confirm whether my repayment will be repriced and from which date.,negative,,,True,service_delay
COMM-202210-000312,ACC0010911,IND19004857,phone_call,inbound,17/10/2022 18:12,Why did my debit order fail?,"My debit order did not go through and I need to know whether it was insufficient funds, a retry problem or a bank processing issue. The account should not be charged twice.",negative,,,True,failed_transaction
COMM-202210-000313,ACC0036171,IND21004186,email,inbound,2022-10-08 12:14:16,Unauthorised bank charge enquiry,Please explain the latest bank charge on my statement. I cannot see why this fee was taken and I want it reversed if it was incorrect.,neutral,,,False,
COMM-202210-000314,ACC0037150,IND22018421,phone_call,inbound,06/10/2022 07:39,Card blocked at ATM,My card was blocked at the ATM and I need access restored or a replacement card arranged. I have an urgent payment to make.,neutral,,,False,
COMM-202210-000315,ACC0007419,IND19013320,app_message,outbound,2022-10-01T14:26:11+02:00,New statement available,"Your latest account statement is available. Please review the charges, interest and debit order activity.",neutral,,,False,
COMM-202210-000316,ACC0021381,COM20000093,phone_call,inbound,01/10/2022 07:15,Branch appointment request,I would like to book time at the branch to sort out my account and get printed documents for my records.,neutral,,,False,
COMM-202210-000317,ACC0002267,IND19005311,phone_call,inbound,07/10/2022 09:39,Why did my debit order fail?,"My debit order did not go through and I need to know whether it was insufficient funds, a retry problem or a bank processing issue. The account should not be charged twice.",neutral,,,False,
COMM-202210-000318,ACC0043606,IND22005311,sms,outbound,2022-10-18T09:15:57+02:00,New statement available,"Your latest account statement is available. Please review the charges, interest and debit order activity.",neutral,Retail banks sharpen arrears analytics as payment stress persists,,False,
COMM-202210-000319,ACC0049906,IND22011815,branch_visit,inbound,07/10/2022 13:50,Why did my debit order fail?,"My debit order did not go through and I need to know whether it was insufficient funds, a retry problem or a bank processing issue. The account should not be charged twice.",negative,,,True,failed_transaction
COMM-202210-000320,ACC0035504,IND21016441,branch_visit,inbound,01/10/2022 15:30,Branch appointment request,I would like to book time at the branch to sort out my account and get printed documents for my records.,neutral,,,False,
COMM-202210-000321,ACC0039906,IND22023177,phone_call,inbound,09/10/2022 14:32,Why did my debit order fail?,"My debit order did not go through and I need to know whether it was insufficient funds, a retry problem or a bank processing issue. The account should not be charged twice.",neutral,,,False,
COMM-202210-000322,ACC0041884,IND22007802,app_message,inbound,2022-10-12T20:09:28+02:00,Transfer not reflecting,I made a transfer and it is still not reflecting. Please check whether the payment is delayed in your system.,negative,,,True,failed_transaction
COMM-202210-000323,ACC0001982,IND19011705,phone_call,inbound,10/10/2022 11:07,Card blocked at ATM,My card was blocked at the ATM and I need access restored or a replacement card arranged. I have an urgent payment to make.,neutral,,,False,
COMM-202210-000324,ACC0016053,IND19018755,phone_call,inbound,15/10/2022 11:12,Home Loan rate increase question,"Howzit, I am worried my home loan instalment may change. Please confirm whether my repayment will be repriced and from which date. I saw the article 'Banks watch debit-order strain as households adjust spending' and wanted to check how it affects my account.",neutral,Banks watch debit-order strain as households adjust spending,,False,
COMM-202210-000325,ACC0023568,IND21002794,phone_call,inbound,12/10/2022 12:32,Why did my debit order fail?,"My debit order did not go through and I need to know whether it was insufficient funds, a retry problem or a bank processing issue. The account should not be charged twice.",negative,,,True,fraud_concern
COMM-202210-000326,ACC0020022,IND20002181,phone_call,inbound,21/10/2022 08:19,Why did my debit order fail?,"My debit order did not go through and I need to know whether it was insufficient funds, a retry problem or a bank processing issue. The account should not be charged twice.",neutral,,,False,
COMM-202210-000327,ACC0027913,IND21004051,phone_call,inbound,24/10/2022 07:01,Branch appointment request,I would like to book time at the branch to sort out my account and get printed documents for my records.,positive,,,False,
COMM-202210-000328,ACC0051961,IND22012047,phone_call,inbound,25/10/2022 18:23,Unauthorised bank charge enquiry,Please explain the latest bank charge on my statement. I cannot see why this fee was taken and I want it reversed if it was incorrect.,neutral,,,False,
COMM-202210-000329,ACC0045630,IND22011028,branch_visit,inbound,26/10/2022 12:10,Home Loan rate increase question,I am worried my home loan instalment may change. Please confirm whether my repayment will be repriced and from which date. I saw the article 'Operational resilience returns to the agenda after payment interruptions' and wanted to check how it affects my account.,negative,Operational resilience returns to the agenda after payment interruptions,,True,fee_dispute
COMM-202210-000330,ACC0028394,IND21011422,app_message,inbound,2022-10-31T14:14:21+02:00,Unauthorised bank charge enquiry,Please explain the latest bank charge on my statement. I cannot see why this fee was taken and I want it reversed if it was incorrect.,neutral,,,False,
COMM-202210-000331,ACC0007468,IND19009030,email,inbound,2022-10-02 16:30:21,Suggestion for bank app,I have feedback on the app experience and would like the product team to review it.,neutral,,,False,
COMM-202210-000332,ACC0011233,IND19015868,phone_call,inbound,03/10/2022 12:10,Why did my debit order fail?,"My debit order did not go through and I need to know whether it was insufficient funds, a retry problem or a bank processing issue. The account should not be charged twice.",negative,,,True,failed_transaction
COMM-202210-000333,ACC0038130,IND22013319,phone_call,inbound,15/10/2022 11:52,Why did my debit order fail?,"My debit order did not go through and I need to know whether it was insufficient funds, a retry problem or a bank processing issue. The account should not be charged twice.",negative,,,False,
COMM-202210-000334,ACC0032671,IND21004101,phone_call,inbound,26/10/2022 07:45,Home Loan rate increase question,I am worried my home loan instalment may change. Please confirm whether my repayment will be repriced and from which date.,neutral,,,False,
COMM-202210-000335,ACC0022209,IND21009623,phone_call,inbound,31/10/2022 12:57,Home Loan rate increase question,I am worried my home loan instalment may change. Please confirm whether my repayment will be repriced and from which date. I saw the article 'Banking analytics agenda: five signals to watch this month' and wanted to check how it affects my account.,negative,Banking analytics agenda: five signals to watch this month,,True,fee_dispute
COMM-202210-000336,ACC0023901,IND21000939,phone_call,inbound,27/10/2022 16:48,Home Loan rate increase question,I am worried my home loan instalment may change. Please confirm whether my repayment will be repriced and from which date. I saw the article 'Operational resilience returns to the agenda after payment interruptions' and wanted to check how it affects my account.,negative,Operational resilience returns to the agenda after payment interruptions,,True,failed_transaction
COMM-202210-000337,ACC0008368,IND19001827,email,inbound,2022-10-31 21:18:02,Unauthorised bank charge enquiry,Please explain the latest bank charge on my statement. I cannot see why this fee was taken and I want it reversed if it was incorrect.,neutral,,,False,
COMM-202210-000338,ACC0015661,IND19000919,app_message,outbound,2022-10-20T16:49:38+02:00,New statement available,"Your latest account statement is available. Please review the charges, interest and debit order activity.",neutral,,,False,
COMM-202210-000339,ACC0033447,IND21003842,phone_call,inbound,07/10/2022 08:55,Why did my debit order fail?,"My debit order did not go through and I need to know whether it was insufficient funds, a retry problem or a bank processing issue. The account should not be charged twice.",negative,,,True,fraud_concern
COMM-202210-000340,ACC0017900,IND19015599,branch_visit,inbound,03/10/2022 12:50,Branch appointment request,I would like to book time at the branch to sort out my account and get printed documents for my records.,negative,,,True,failed_transaction
COMM-202210-000341,ACC0041905,IND22014124,email,inbound,2022-10-18 11:19:52,Why did my debit order fail?,"My debit order did not go through and I need to know whether it was insufficient funds, a retry problem or a bank processing issue. The account should not be charged twice.",negative,,,True,staff_behavior
COMM-202210-000342,ACC0017477,IND19015557,phone_call,inbound,24/10/2022 09:51,Home Loan rate increase question,I am worried my home loan instalment may change. Please confirm whether my repayment will be repriced and from which date.,neutral,,,False,
COMM-202210-000343,ACC0022864,IND21001643,email,inbound,2022-10-25 09:33:37,Home Loan rate increase question,I am worried my home loan instalment may change. Please confirm whether my repayment will be repriced and from which date. I saw the article 'Operational resilience returns to the agenda after payment interruptions' and wanted to check how it affects my account.,negative,Operational resilience returns to the agenda after payment interruptions,,True,service_delay
COMM-202210-000344,ACC0004317,IND19004320,phone_call,inbound,04/10/2022 18:18,Home Loan rate increase question,I am worried my home loan instalment may change. Please confirm whether my repayment will be repriced and from which date.,neutral,,,False,
COMM-202210-000345,ACC0018275,IND19008358,phone_call,inbound,18/10/2022 13:54,Home Loan rate increase question,"Eish, I am worried my home loan instalment may change. Please confirm whether my repayment will be repriced and from which date. I saw the article 'Digital channels reshape banking workloads as customer growth continues' and wanted to check how it affects my account.",negative,Digital channels reshape banking workloads as customer growth continues,,True,fee_dispute
COMM-202210-000346,ACC0045174,IND22005796,sms,outbound,2022-10-25T11:43:25+02:00,Branch holiday hours,Please note adjusted branch hours this month. Digital channels remain available for balance checks and transfers.,negative,,,True,service_delay
COMM-202210-000347,ACC0038914,IND22016234,app_message,inbound,2022-10-01T12:17:20+02:00,Why did my debit order fail?,"My debit order did not go through and I need to know whether it was insufficient funds, a retry problem or a bank processing issue. The account should not be charged twice.",negative,,,True,digital_issue
COMM-202210-000348,ACC0028059,IND21000553,phone_call,inbound,07/10/2022 17:05,Home Loan rate increase question,I am worried my home loan instalment may change. Please confirm whether my repayment will be repriced and from which date. I saw the article 'Banks watch debit-order strain as households adjust spending' and wanted to check how it affects my account.,positive,Banks watch debit-order strain as households adjust spending,,False,
COMM-202210-000349,ACC0012990,IND19009602,branch_visit,inbound,14/10/2022 12:05,Cash deposit issue,I made a cash deposit but the amount is not showing correctly. Please investigate the branch or ATM record.,negative,,,False,
COMM-202210-000350,ACC0046905,IND22013480,app_message,inbound,2022-10-10T17:35:21+02:00,Why did my debit order fail?,"My debit order did not go through and I need to know whether it was insufficient funds, a retry problem or a bank processing issue. The account should not be charged twice.",negative,,,True,failed_transaction
COMM-202210-000351,ACC0038700,IND22009912,email,inbound,2022-10-04 21:32:26,Unauthorised bank charge enquiry,Please explain the latest bank charge on my statement. I cannot see why this fee was taken and I want it reversed if it was incorrect.,neutral,,,False,
COMM-202210-000352,ACC0044424,IND22013066,phone_call,inbound,19/10/2022 07:29,Home Loan rate increase question,I am worried my home loan instalment may change. Please confirm whether my repayment will be repriced and from which date.,positive,,,False,
COMM-202210-000353,ACC0006453,IND19003544,app_message,inbound,2022-10-28T02:12:34+02:00,Home Loan rate increase question,I am worried my home loan instalment may change. Please confirm whether my repayment will be repriced and from which date. I saw the article 'Digital channels reshape banking workloads as customer growth continues' and wanted to check how it affects my account.,positive,Digital channels reshape banking workloads as customer growth continues,,False,
COMM-202210-000354,ACC0000311,IND19003026,branch_visit,inbound,15/10/2022 13:45,Cash deposit issue,I made a cash deposit but the amount is not showing correctly. Please investigate the branch or ATM record.,negative,,,True,staff_behavior
COMM-202210-000355,ACC0046995,IND22003995,sms,outbound,2022-10-17T11:59:36+02:00,Your loan repayment failed due to insufficient funds,Your scheduled loan repayment was not successful. Please fund your account or contact us to discuss payment options.,negative,,,True,fee_dispute
COMM-202210-000356,ACC0032543,IND21008695,branch_visit,inbound,13/10/2022 12:20,Card blocked at ATM,My card was blocked at the ATM and I need access restored or a replacement card arranged. I have an urgent payment to make.,neutral,,,False,
COMM-202210-000357,ACC0020384,IND20002103,sms,outbound,2022-10-25T19:53:26+02:00,Branch holiday hours,Please note adjusted branch hours this month. Digital channels remain available for balance checks and transfers.,negative,,,True,other
COMM-202210-000358,ACC0050471,IND22005758,branch_visit,inbound,27/10/2022 14:30,Cash deposit issue,I made a cash deposit but the amount is not showing correctly. Please investigate the branch or ATM record.,positive,,,False,
COMM-202210-000359,ACC0020205,IND20000791,sms,inbound,2022-10-26T06:12:36+02:00,Home Loan rate increase question,I am worried my home loan instalment may change. Please confirm whether my repayment will be repriced and from which date. I saw the article 'Banking analytics agenda: five signals to watch this month' and wanted to check how it affects my account.,positive,Banking analytics agenda: five signals to watch this month,,False,
COMM-202210-000360,ACC0005706,IND19001440,sms,outbound,2022-10-28T16:44:02+02:00,New statement available,"Your latest account statement is available. Please review the charges, interest and debit order activity.",negative,,,True,other
COMM-202210-000361,ACC0012266,IND19003573,app_message,outbound,2022-10-24T15:04:44+02:00,New statement available,"Your latest account statement is available. Please review the charges, interest and debit order activity.",neutral,,,False,
COMM-202210-000362,ACC0025232,IND21001948,phone_call,inbound,15/10/2022 09:09,Why did my debit order fail?,"My debit order did not go through and I need to know whether it was insufficient funds, a retry problem or a bank processing issue. The account should not be charged twice.",negative,,,True,incorrect_charge
COMM-202210-000363,ACC0045575,IND22006920,branch_visit,inbound,14/10/2022 14:15,Cash deposit issue,I made a cash deposit but the amount is not showing correctly. Please investigate the branch or ATM record.,negative,,,True,service_delay
