transaction_id,account_id,customer_id,loan_id,debit_order_id,installment_number,transaction_date,transaction_time,amount,debit_credit,status,failure_reason,description,immediate_payment,receiving_account,transaction_cost,ewallet_number,channel,loan_type,payment_type,is_recovery_attempt,source_system,has_data_error,data_error_types
TXNL202100000001,ACC0001282,IND19007129,LN2019010000002,,24,2021-01-14,03:41:58,1592.74,Debit,Completed,,Loan Payment - LN2019010000002,False,,2.5,,Automated,Home Loan,standard_payment,False,loan_payment_generator,False,
TXNL202100000002,ACC0000071,IND19001466,LN2019010000009,,24,2021-01-31,04:59:56,2024.12,Debit,Completed,,Loan Payment - LN2019010000009,False,,2.5,,Automated,Home Loan,standard_payment,False,loan_payment_generator,False,
TXNL202100000003,ACC0001490,IND19011784,LN2019010000010,LDO20210000001,24,2021-01-23,02:17:45,2454.22,Debit,Cancelled,customer_stop_instruction,Loan Payment - LN2019010000010,False,,0.55,,Automated,Home Loan,standard_payment,False,loan_payment_generator,False,
TXNL202100000004,ACC0000278,IND19005139,LN2019010000015,LDO20210000002,24,2021-01-29,03:55:42,2472.86,Debit,Failed,insufficient_funds,Loan Payment - LN2019010000015,False,,1.38,,Automated,Vehicle Loan,standard_payment,False,loan_payment_generator,False,
TXNL202100000005,ACC0000597,IND19000749,LN2019010000017,,24,2021-01-22,02:42:26,1458.14,Debit,Completed,,Loan Payment - LN2019010000017,False,,2.5,,Automated,Home Loan,standard_payment,False,loan_payment_generator,False,
TXNL202100000006,ACC0000731,IND19012784,LN2019010000018,,24,2021-01-30,03:14:59,4603.72,Debit,Completed,,Loan Payment - LN2019010000018,False,,2.5,,Automated,Home Loan,standard_payment,False,loan_payment_generator,False,
TXNL202100000007,ACC0000999,IND19000704,LN2019010000021,LDO20210000003,24,2021-01-30,03:40:15,701.5,Debit,Completed,,Loan Payment - LN2019010000021 - Partial,False,,1.22,,Automated,Home Loan,partial_payment,False,loan_payment_generator,False,
TXNL202100000008,ACC0000362,IND19010400,LN2019010000034,LDO20210000004,24,2021-01-20,03:57:07,1585.16,Debit,Completed,,Loan Payment - LN2019010000034,False,,0.39,,Automated,Home Loan,standard_payment,False,loan_payment_generator,False,
TXNL202100000009,ACC0000761,IND19003341,LN2019010000037,LDO20210000005,23,2021-01-10,03:55:16,1929.69,Debit,Failed,account_blocked,Loan Payment - LN2019010000037,False,,1.48,,Automated,Home Loan,standard_payment,False,loan_payment_generator,False,
TXNL202100000010,ACC0000661,IND19013332,LN2019010000040,LDO20210000006,24,2021-01-25,02:10:02,3565.48,Debit,Completed,,Loan Payment - LN2019010000040,False,,0.76,,Automated,Personal Loan,standard_payment,False,loan_payment_generator,False,
TXNL202100000011,ACC0000361,IND19010400,LN2019010000048,,24,2021-01-30,02:30:13,990.52,Debit,Completed,,Loan Payment - LN2019010000048,False,,2.5,,Automated,Personal Loan,standard_payment,False,loan_payment_generator,False,
TXNL202100000012,ACC0000305,IND19009608,LN2019010000064,LDO20210000007,24,2021-01-15,02:29:14,2594.15,Debit,Completed,,Loan Payment - LN2019010000064,False,,1.55,,Automated,Personal Loan,standard_payment,False,loan_payment_generator,False,
TXNL202100000013,ACC0000093,IND19006568,LN2019010000071,,24,2021-01-13,04:29:21,1850.78,Debit,Failed,bank_timeout,Loan Payment - LN2019010000071,False,,2.5,,Automated,Home Loan,standard_payment,False,loan_payment_generator,False,
TXNL202100000014,ACC0000412,IND19013952,LN2019010000075,,24,2021-01-31,03:51:09,3629.72,Debit,Completed,,Loan Payment - LN2019010000075,False,,2.5,,Automated,Vehicle Loan,standard_payment,False,loan_payment_generator,False,
TXNL202100000015,ACC0000227,IND19010979,LN2019010000078,,24,2021-01-13,02:00:23,686.25,Debit,Completed,,Loan Payment - LN2019010000078,False,,2.5,,Automated,Vehicle Loan,standard_payment,False,loan_payment_generator,False,
TXNL202100000016,ACC0000895,IND19014589,LN2019010000089,LDO20210000008,24,2021-01-31,03:00:38,1496.91,Debit,Completed,,Loan Payment - LN2019010000089,False,,1.95,,Automated,Vehicle Loan,standard_payment,False,loan_payment_generator,False,
TXNL202100000017,ACC0000190,IND19004840,LN2019010000090,LDO20210000009,23,2021-01-04,03:13:20,3511.44,Debit,Completed,,Loan Payment - LN2019010000090,False,,0.49,,Automated,Personal Loan,standard_payment,False,loan_payment_generator,False,
TXNL202100000018,ACC0001439,IND19009694,LN2019010000095,LDO20210000010,24,2021-01-18,04:51:43,1221.56,Debit,Completed,,Loan Payment - LN2019010000095,False,,0.37,,Automated,Vehicle Loan,standard_payment,False,loan_payment_generator,False,
TXNL202100000019,ACC0000263,IND19010479,LN2019010000097,LDO20210000011,24,2021-01-14,04:37:20,5630.01,Debit,Completed,,Loan Payment - LN2019010000097,False,,1.26,,Automated,Home Loan,standard_payment,False,loan_payment_generator,False,
TXNL202100000020,ACC0000410,IND19006375,LN2019010000101,,24,2021-01-22,02:15:24,907.14,Debit,Completed,,Loan Payment - LN2019010000101,False,,2.5,,Automated,Home Loan,standard_payment,False,loan_payment_generator,False,
TXNL202100000021,ACC0000187,IND19005404,LN2019010000103,LDO20210000012,24,2021-01-29,04:15:50,1397.88,Debit,Completed,,Loan Payment - LN2019010000103,False,,1.03,,Automated,Home Loan,standard_payment,False,loan_payment_generator,False,
TXNL202100000022,ACC0000901,IND19009242,LN2019010000104,,24,2021-01-28,04:27:58,2070.51,Debit,Completed,,Loan Payment - LN2019010000104,False,,2.5,,Automated,Personal Loan,standard_payment,False,loan_payment_generator,False,
TXNL202100000023,ACC0000365,IND19005374,LN2019010000112,,24,2021-01-20,04:28:16,9497.71,Debit,Completed,,Loan Payment - LN2019010000112,False,,2.5,,Automated,Home Loan,standard_payment,False,loan_payment_generator,False,
TXNL202100000024,ACC0000066,IND19000708,LN2019010000114,LDO20210000013,24,2021-01-24,04:55:18,4239.6,Debit,Completed,,Loan Payment - LN2019010000114 - Extra Principal,False,,1.15,,Automated,Vehicle Loan,extra_payment,False,loan_payment_generator,False,
TXNL202100000025,ACC0000041,IND19003405,LN2019010000118,LDO20210000014,24,2021-01-11,02:37:37,1317.23,Debit,Completed,,Loan Payment - LN2019010000118,False,,0.43,,Automated,Vehicle Loan,standard_payment,False,loan_payment_generator,False,
TXNL202100000026,ACC0000146,IND19003418,LN2019010000122,LDO20210000015,23,2021-01-04,02:15:12,1173.8,Debit,Completed,,Loan Payment - LN2019010000122,False,,0.96,,Automated,Personal Loan,standard_payment,False,loan_payment_generator,False,
TXNL202100000027,ACC0000812,IND19000596,LN2019010000123,LDO20210000016,23,2021-01-08,04:14:56,3065.36,Debit,Completed,,Loan Payment - LN2019010000123,False,,1.85,,Automated,Home Loan,standard_payment,False,loan_payment_generator,False,
TXNL202100000028,ACC0000726,IND19012497,LN2019010000124,LDO20210000017,24,2021-01-13,02:51:08,371.99,Debit,Completed,,Loan Payment - LN2019010000124,False,,1.01,,Automated,Home Loan,standard_payment,False,loan_payment_generator,False,
TXNL202100000029,ACC0000959,IND19007081,LN2019010000129,LDO20210000018,24,2021-01-14,04:30:30,1082.28,Debit,Failed,mandate_limit,Loan Payment - LN2019010000129,False,,1.55,,Automated,Vehicle Loan,standard_payment,False,loan_payment_generator,False,
TXNL202100000030,ACC0000635,IND19017267,LN2019010000138,,23,2021-01-03,02:10:41,5989.53,Debit,Completed,,Loan Payment - LN2019010000138,False,,2.5,,Automated,Vehicle Loan,standard_payment,False,loan_payment_generator,False,
TXNL202100000031,ACC0000642,IND19009914,LN2019010000142,LDO20210000019,24,2021-01-24,02:44:51,740.28,Debit,Completed,,Loan Payment - LN2019010000142,False,,0.14,,Automated,Vehicle Loan,standard_payment,False,loan_payment_generator,False,
TXNL202100000032,ACC0001601,IND19014936,LN2019010000149,LDO20210000020,24,2021-01-13,04:47:12,1342.76,Debit,Completed,,Loan Payment - LN2019010000149,False,,1.28,,Automated,Vehicle Loan,standard_payment,False,loan_payment_generator,False,
TXNL202100000033,ACC0000615,IND19010153,LN2019010000152,LDO20210000021,24,2021-01-20,03:41:34,3016.9,Debit,Completed,,Loan Payment - LN2019010000152,False,,0.89,,Automated,Home Loan,standard_payment,False,loan_payment_generator,False,
TXNL202100000034,ACC0001661,COM19000313,LN2019010000156,LDO20210000022,24,2021-01-14,04:59:07,4855.01,Debit,Completed,,Loan Payment - LN2019010000156,False,,1.95,,Automated,Business Loan,standard_payment,False,loan_payment_generator,False,
TXNL202100000035,ACC0000626,IND19000516,LN2019010000160,LDO20210000023,24,2021-01-27,04:52:22,2189.1,Debit,Completed,,Loan Payment - LN2019010000160,False,,0.54,,Automated,Home Loan,standard_payment,False,loan_payment_generator,False,
TXNL202100000036,ACC0001092,IND19002621,LN2019010000162,LDO20210000024,24,2021-01-27,03:38:22,1579.38,Debit,Completed,,Loan Payment - LN2019010000162,False,,0.24,,Automated,Vehicle Loan,standard_payment,False,loan_payment_generator,False,
TXNL202100000037,ACC0001482,IND19001446,LN2019010000169,LDO20210000025,24,2021-01-26,02:12:38,1384.01,Debit,Completed,,Loan Payment - LN2019010000169,False,,0.92,,Automated,Vehicle Loan,standard_payment,False,loan_payment_generator,False,
TXNL202100000038,ACC0000544,IND19004718,LN2019010000182,LDO20210000026,24,2021-01-22,02:17:14,3538.33,Debit,Completed,,Loan Payment - LN2019010000182,False,,0.29,,Automated,Vehicle Loan,standard_payment,False,loan_payment_generator,False,
TXNL202100000039,ACC0001221,IND19011832,LN2019010000190,,24,2021-01-15,03:24:36,5061.94,Debit,Completed,,Loan Payment - LN2019010000190,False,,2.5,,Automated,Home Loan,standard_payment,False,loan_payment_generator,False,
TXNL202100000040,ACC0000233,IND19001157,LN2019010000192,LDO20210000027,24,2021-01-16,04:56:00,3022.14,Debit,Completed,,Loan Payment - LN2019010000192,False,,1.99,,Automated,Vehicle Loan,standard_payment,False,loan_payment_generator,False,
TXNL202100000041,ACC0000224,IND19008065,LN2019010000206,LDO20210000028,24,2021-01-14,03:05:37,1575.25,Debit,Completed,,Loan Payment - LN2019010000206,False,,1.25,,Automated,Vehicle Loan,standard_payment,False,loan_payment_generator,False,
TXNL202100000042,ACC0001568,IND19016231,LN2019010000212,,24,2021-01-30,04:53:01,2892.9,Debit,Completed,,Loan Payment - LN2019010000212,False,,2.5,,Automated,Personal Loan,standard_payment,False,loan_payment_generator,False,
TXNL202100000043,ACC0000708,IND19015529,LN2019010000217,LDO20210000029,24,2021-01-27,04:36:33,1520.07,Debit,Completed,,Loan Payment - LN2019010000217,False,,1.55,,Automated,Home Loan,standard_payment,False,loan_payment_generator,False,
TXNL202100000044,ACC0001510,IND19016623,LN2019010000221,,24,2021-01-19,03:45:46,4093.97,Debit,Completed,,Loan Payment - LN2019010000221,False,,2.5,,Automated,Home Loan,standard_payment,False,loan_payment_generator,False,
TXNL202100000045,ACC0000091,IND19012355,LN2019010000228,LDO20210000030,24,2021-01-18,04:36:38,2454.25,Debit,Completed,,Loan Payment - LN2019010000228,False,,1.05,,Automated,Vehicle Loan,standard_payment,False,loan_payment_generator,False,
TXNL202100000046,ACC0001340,IND19008807,LN2019010000234,,24,2021-01-31,03:59:10,1707.41,Debit,Completed,,Loan Payment - LN2019010000234,False,,2.5,,Automated,Vehicle Loan,standard_payment,False,loan_payment_generator,False,
TXNL202100000047,ACC0001373,IND19006253,LN2019010000235,LDO20210000031,24,2021-01-26,03:36:08,4531.03,Debit,Completed,,Loan Payment - LN2019010000235,False,,1.74,,Automated,Vehicle Loan,standard_payment,False,loan_payment_generator,False,
TXNL202100000048,ACC0001291,IND19005742,LN2019010000238,LDO20210000032,24,2021-01-17,02:33:29,1155.73,Debit,Completed,,Loan Payment - LN2019010000238,False,,0.38,,Automated,Home Loan,standard_payment,False,loan_payment_generator,False,
TXNL202100000049,ACC0000295,IND19012061,LN2019010000258,LDO20210000033,24,2021-01-17,03:16:31,1803.51,Debit,Completed,,Loan Payment - LN2019010000258,False,,0.53,,Automated,Home Loan,standard_payment,False,loan_payment_generator,False,
TXNL202100000050,ACC0000166,IND19004971,LN2019010000260,,24,2021-01-30,04:19:20,1481.13,Debit,Completed,,Loan Payment - LN2019010000260,False,,2.5,,Automated,Personal Loan,standard_payment,False,loan_payment_generator,False,
TXNL202100000051,ACC0000030,IND19010515,LN2019010000266,,24,2021-01-25,02:26:29,1592.55,Debit,Completed,,Loan Payment - LN2019010000266 - Late Fee,False,,2.5,,Automated,Home Loan,late_payment,False,loan_payment_generator,False,
TXNL202100000052,ACC0000717,IND19015259,LN2019010000274,,23,2021-01-10,03:52:18,916.67,Debit,Completed,,Loan Payment - LN2019010000274,False,,2.5,,Automated,Home Loan,standard_payment,False,loan_payment_generator,False,
TXNL202100000053,ACC0001416,IND19002948,LN2019010000279,,24,2021-01-10,03:31:31,4691.89,Debit,Completed,,Loan Payment - LN2019010000279,False,,2.5,,Automated,Personal Loan,standard_payment,False,loan_payment_generator,False,
TXNL202100000054,ACC0000115,IND19013155,LN2019010000284,,24,2021-01-27,02:47:57,1427.41,Debit,Completed,,Loan Payment - LN2019010000284,False,,2.5,,Automated,Home Loan,standard_payment,False,loan_payment_generator,False,
TXNL202100000055,ACC0001420,IND19005575,LN2019010000292,LDO20210000034,24,2021-01-15,02:09:50,17242.21,Debit,Completed,,Loan Payment - LN2019010000292,False,,1.28,,Automated,Personal Loan,standard_payment,False,loan_payment_generator,False,
TXNL202100000056,ACC0001436,IND19002442,LN2019010000293,LDO20210000035,24,2021-01-27,02:41:15,10757.66,Debit,Completed,,Loan Payment - LN2019010000293,False,,0.99,,Automated,Personal Loan,standard_payment,False,loan_payment_generator,False,
TXNL202100000057,ACC0000701,IND19016305,LN2019010000299,LDO20210000036,24,2021-01-14,04:19:09,2803.82,Debit,Completed,,Loan Payment - LN2019010000299,False,,1.94,,Automated,Personal Loan,standard_payment,False,loan_payment_generator,False,
TXNL202100000058,ACC0001255,IND19002467,LN2019010000300,LDO20210000037,24,2021-01-18,04:22:15,2816.5,Debit,Completed,,Loan Payment - LN2019010000300,False,,0.88,,Automated,Personal Loan,standard_payment,False,loan_payment_generator,False,
TXNL202100000059,ACC0000938,IND19013886,LN2019010000306,,24,2021-01-27,04:41:39,2472.35,Debit,Completed,,Loan Payment - LN2019010000306,False,,2.5,,Automated,Personal Loan,standard_payment,False,loan_payment_generator,False,
TXNL202100000060,ACC0000656,IND19013092,LN2019010000312,,24,2021-01-11,03:08:09,2556.29,Debit,Completed,,Loan Payment - LN2019010000312,False,,2.5,,Automated,Home Loan,standard_payment,False,loan_payment_generator,False,
TXNL202100000061,ACC0000695,IND19002767,LN2019010000321,,23,2021-01-02,07:39:29,2580.81,Debit,Completed,,Loan Payment - LN2019010000321,False,,2.5,,Mobile,Personal Loan,standard_payment,False,loan_payment_generator,False,
TXNL202100000062,ACC0000456,IND19006712,LN2019010000324,LDO20210000038,24,2021-01-28,03:56:54,577.1,Debit,Completed,,Loan Payment - LN2019010000324,False,,1.0,,Automated,Home Loan,standard_payment,False,loan_payment_generator,False,
TXNL202100000063,ACC0001167,IND19004585,LN2019010000343,LDO20210000039,24,2021-01-29,04:34:57,2426.09,Debit,Completed,,Loan Payment - LN2019010000343,False,,1.86,,Automated,Home Loan,standard_payment,False,loan_payment_generator,False,
TXNL202100000064,ACC0000213,IND19003541,LN2019010000347,,24,2021-01-11,04:12:34,1164.39,Debit,Failed,mandate_limit,Loan Payment - LN2019010000347,False,,2.5,,Automated,Vehicle Loan,standard_payment,False,loan_payment_generator,False,
TXNL202100000065,ACC0000060,IND19004334,LN2019010000350,LDO20210000040,24,2021-01-14,04:08:25,666.27,Debit,Completed,,Loan Payment - LN2019010000350 - Recovery,False,,1.91,,Automated,Home Loan,recovery_payment,True,loan_payment_generator,False,
TXNL202100000066,ACC0000646,IND19017126,LN2019010000351,,23,2021-01-07,03:30:13,6034.41,Debit,Completed,,Loan Payment - LN2019010000351,False,,2.5,,Automated,Personal Loan,standard_payment,False,loan_payment_generator,False,
TXNL202100000067,ACC0000457,IND19014286,LN2019010000356,LDO20210000041,23,2021-01-04,04:37:33,1686.44,Debit,Completed,,Loan Payment - LN2019010000356,False,,1.17,,Automated,Home Loan,standard_payment,False,loan_payment_generator,False,
TXNL202100000068,ACC0001358,IND19015137,LN2019010000368,,24,2021-01-17,03:17:44,906.4,Debit,Completed,,Loan Payment - LN2019010000368,False,,2.5,,Automated,Home Loan,standard_payment,False,loan_payment_generator,False,
TXNL202100000069,ACC0000551,IND19010018,LN2019010000378,LDO20210000042,23,2021-01-04,02:11:25,4685.64,Debit,Completed,,Loan Payment - LN2019010000378 - Late Fee,False,,1.84,,Automated,Home Loan,late_payment,False,loan_payment_generator,False,
TXNL202100000070,ACC0000417,IND19009850,LN2019010000380,,23,2021-01-04,02:28:28,6671.0,Debit,Completed,,Loan Payment - LN2019010000380,False,,2.5,,Automated,Vehicle Loan,standard_payment,False,loan_payment_generator,False,
TXNL202100000071,ACC0000732,IND19013668,LN2019010000386,,24,2021-01-16,02:41:18,6113.29,Debit,Completed,,Loan Payment - LN2019010000386 - Late Fee,False,,2.5,,Automated,Home Loan,late_payment,False,loan_payment_generator,False,
TXNL202100000072,ACC0000333,IND19016196,LN2019010000387,LDO20210000043,23,2021-01-04,02:47:53,4417.62,Debit,Completed,,Loan Payment - LN2019010000387,False,,0.44,,Automated,Vehicle Loan,standard_payment,False,loan_payment_generator,False,
TXNL202100000073,ACC0001449,IND19011707,LN2019010000388,LDO20210000044,24,2021-01-15,04:33:53,3506.91,Debit,Failed,bank_timeout,Loan Payment - LN2019010000388,False,,0.72,,Automated,Home Loan,standard_payment,False,loan_payment_generator,False,
TXNL202100000074,ACC0001041,IND19014771,LN2019010000390,,23,2021-01-09,03:44:28,2202.53,Debit,Completed,,Loan Payment - LN2019010000390,False,,2.5,,Automated,Home Loan,standard_payment,False,loan_payment_generator,False,
TXNL202100000075,ACC0001571,IND19015093,LN2019010000404,LDO20210000045,24,2021-01-20,02:14:24,3640.07,Debit,Completed,,Loan Payment - LN2019010000404,False,,0.03,,Automated,Vehicle Loan,standard_payment,False,loan_payment_generator,False,
TXNL202100000076,ACC0000724,IND19005518,LN2019010000406,LDO20210000046,24,2021-01-30,03:04:42,2062.72,Debit,Completed,,Loan Payment - LN2019010000406,False,,1.93,,Automated,Home Loan,standard_payment,False,loan_payment_generator,False,
TXNL202100000077,ACC0000669,IND19015013,LN2019010000408,LDO20210000047,24,2021-01-21,03:09:31,4235.65,Debit,Completed,,Loan Payment - LN2019010000408,False,,1.26,,Automated,Personal Loan,standard_payment,False,loan_payment_generator,False,
TXNL202100000078,ACC0000392,IND19006420,LN2019010000422,,24,2021-01-14,04:21:54,3242.75,Debit,Completed,,Loan Payment - LN2019010000422,False,,2.5,,Automated,Personal Loan,standard_payment,False,loan_payment_generator,False,
TXNL202100000079,ACC0001215,IND19009203,LN2019010000449,LDO20210000048,23,2021-01-03,02:42:43,245.6,Debit,Completed,,Loan Payment - LN2019010000449,False,,1.47,,Automated,Home Loan,standard_payment,False,loan_payment_generator,False,
TXNL202100000080,ACC0000677,IND19014762,LN2019010000450,LDO20210000049,24,2021-01-23,03:35:14,2083.6,Debit,Completed,,Loan Payment - LN2019010000450,False,,0.33,,Automated,Home Loan,standard_payment,False,loan_payment_generator,False,
TXNL202100000081,ACC0001668,COM19000073,LN2019010000455,,24,2021-01-27,04:39:20,14981.17,Debit,Completed,,Loan Payment - LN2019010000455,False,,2.5,,Automated,Business Loan,standard_payment,False,loan_payment_generator,False,
TXNL202100000082,ACC0000769,IND19003379,LN2019010000462,LDO20210000050,24,2021-01-19,02:15:20,1029.76,Debit,Completed,,Loan Payment - LN2019010000462,False,,1.39,,Automated,Home Loan,standard_payment,False,loan_payment_generator,False,
TXNL202100000083,ACC0000639,IND19007802,LN2019010000464,,24,2021-01-26,03:26:45,2991.38,Debit,Completed,,Loan Payment - LN2019010000464,False,,2.5,,Automated,Home Loan,standard_payment,False,loan_payment_generator,False,
TXNL202100000084,ACC0000029,IND19014833,LN2019010000478,LDO20210000051,24,2021-01-28,03:29:21,1635.7,Debit,Completed,,Loan Payment - LN2019010000478,False,,1.2,,Automated,Home Loan,standard_payment,False,loan_payment_generator,False,
TXNL202100000085,ACC0001111,IND19004921,LN2019010000485,,23,2021-01-04,04:50:32,6532.35,Debit,Completed,,Loan Payment - LN2019010000485,False,,2.5,,Automated,Personal Loan,standard_payment,False,loan_payment_generator,False,
TXNL202100000086,ACC0000311,IND19003026,LN2019010000487,,23,2021-01-09,02:47:12,450.66,Debit,Completed,,Loan Payment - LN2019010000487,False,,2.5,,Automated,Home Loan,standard_payment,False,loan_payment_generator,False,
TXNL202100000087,ACC0000416,IND19005427,LN2019010000496,LDO20210000052,23,2021-01-02,03:45:51,297.43,Debit,Completed,,Loan Payment - LN2019010000496,False,,1.85,,Automated,Home Loan,standard_payment,False,loan_payment_generator,False,
TXNL202100000088,ACC0000155,IND19004807,LN2019010000506,,24,2021-01-22,04:22:01,1750.32,Debit,Completed,,Loan Payment - LN2019010000506,False,,2.5,,Automated,Personal Loan,standard_payment,False,loan_payment_generator,False,
TXNL202100000089,ACC0001365,IND19015299,LN2019010000510,LDO20210000053,24,2021-01-18,02:42:34,305.32,Debit,Completed,,Loan Payment - LN2019010000510,False,,1.4,,Automated,Home Loan,standard_payment,False,loan_payment_generator,False,
TXNL202100000090,ACC0001281,IND19007129,LN2019010000517,LDO20210000054,23,2021-01-02,03:27:27,1723.73,Debit,Completed,,Loan Payment - LN2019010000517,False,,1.77,,Automated,Personal Loan,standard_payment,False,loan_payment_generator,False,
TXNL202100000091,ACC0001214,IND19003792,LN2019010000525,LDO20210000055,23,2021-01-03,04:14:23,788.26,Debit,Completed,,Loan Payment - LN2019010000525,False,,1.67,,Automated,Personal Loan,standard_payment,False,loan_payment_generator,False,
TXNL202100000092,ACC0000964,IND19014388,LN2019010000542,LDO20210000056,24,2021-01-10,03:38:40,2668.1,Debit,Completed,,Loan Payment - LN2019010000542,False,,1.6,,Automated,Home Loan,standard_payment,False,loan_payment_generator,False,
TXNL202100000093,ACC0000932,IND19008584,LN2019010000557,,24,2021-01-29,02:10:54,3493.79,Debit,Completed,,Loan Payment - LN2019010000557,False,,2.5,,Automated,Home Loan,standard_payment,False,loan_payment_generator,False,
TXNL202100000094,ACC0001001,IND19005012,LN2019010000562,LDO20210000057,24,2021-01-21,03:23:24,1563.13,Debit,Completed,,Loan Payment - LN2019010000562,False,,1.23,,Automated,Home Loan,standard_payment,False,loan_payment_generator,False,
TXNL202100000095,ACC0001173,IND19009154,LN2019010000564,LDO20210000058,24,2021-01-20,04:05:21,1118.46,Debit,Completed,,Loan Payment - LN2019010000564,False,,1.22,,Automated,Personal Loan,standard_payment,False,loan_payment_generator,False,
TXNL202100000096,ACC0001267,IND19012469,LN2019010000566,,24,2021-01-23,05:19:04,1437.67,Debit,Completed,,Loan Payment - LN2019010000566,False,,2.5,,Online,Home Loan,standard_payment,False,loan_payment_generator,False,
TXNL202100000097,ACC0001556,IND19015946,LN2019010000568,LDO20210000059,24,2021-01-17,03:40:02,4858.36,Debit,Completed,,Loan Payment - LN2019010000568,False,,1.44,,Automated,Personal Loan,standard_payment,False,loan_payment_generator,False,
TXNL202100000098,ACC0000607,IND19001644,LN2019010000574,LDO20210000060,24,2021-01-10,03:11:17,1656.14,Debit,Completed,,Loan Payment - LN2019010000574,False,,1.9,,Automated,Home Loan,standard_payment,False,loan_payment_generator,False,
TXNL202100000099,ACC0000922,IND19002862,LN2019010000575,,23,2021-01-02,04:18:58,1134.12,Debit,Completed,,Loan Payment - LN2019010000575,False,,2.5,,Automated,Home Loan,standard_payment,False,loan_payment_generator,False,
TXNL202100000100,ACC0000229,IND19003127,LN2019010000592,,24,2021-01-23,02:37:33,3882.22,Debit,Completed,,Loan Payment - LN2019010000592,False,,2.5,,Automated,Home Loan,standard_payment,False,loan_payment_generator,False,
TXNL202100000101,ACC0000184,IND19000180,LN2019010000593,LDO20210000061,23,2021-01-06,03:08:49,471.84,Debit,Completed,,Loan Payment - LN2019010000593,False,,1.89,,Automated,Home Loan,standard_payment,False,loan_payment_generator,False,
TXNL202100000102,ACC0001644,COM19000369,LN2019010000594,LDO20210000062,24,2021-01-14,02:45:57,2023.43,Debit,Completed,,Loan Payment - LN2019010000594,False,,1.12,,Automated,Business Loan,standard_payment,False,loan_payment_generator,False,
TXNL202100000103,ACC0000975,IND19015550,LN2019010000601,LDO20210000063,24,2021-01-11,04:59:06,1295.89,Debit,Completed,,Loan Payment - LN2019010000601,False,,0.44,,Automated,Vehicle Loan,standard_payment,False,loan_payment_generator,False,
TXNL202100000104,ACC0000593,IND19002980,LN2019010000612,LDO20210000064,24,2021-01-13,02:06:51,1141.67,Debit,Completed,,Loan Payment - LN2019010000612,False,,0.4,,Automated,Vehicle Loan,standard_payment,False,loan_payment_generator,False,
TXNL202100000105,ACC0000428,IND19005094,LN2019010000618,LDO20210000065,23,2021-01-03,03:30:54,1307.36,Debit,Completed,,Loan Payment - LN2019010000618 - Partial,False,,0.3,,Automated,Home Loan,partial_payment,False,loan_payment_generator,False,
TXNL202100000106,ACC0000793,IND19015483,LN2019010000623,LDO20210000066,23,2021-01-01,02:42:42,1424.0,Debit,Completed,,Loan Payment - LN2019010000623,False,,1.44,,Automated,Home Loan,standard_payment,False,loan_payment_generator,False,
TXNL202100000107,ACC0000500,IND19005407,LN2019010000624,LDO20210000067,23,2021-01-08,02:28:10,1010.0,Debit,Completed,,Loan Payment - LN2019010000624 - Extra Principal,False,,1.41,,Automated,Home Loan,extra_payment,False,loan_payment_generator,False,
TXNL202100000108,ACC0001156,IND19014489,LN2019010000629,LDO20210000068,24,2021-01-25,03:17:04,2104.45,Debit,Completed,,Loan Payment - LN2019010000629,False,,0.39,,Automated,Personal Loan,standard_payment,False,loan_payment_generator,False,
TXNL202100000109,ACC0001412,IND19009021,LN2019010000641,LDO20210000069,23,2021-01-03,02:31:53,1955.34,Debit,Completed,,Loan Payment - LN2019010000641,False,,0.67,,Automated,Vehicle Loan,standard_payment,False,loan_payment_generator,False,
TXNL202100000110,ACC0001163,IND19009831,LN2019010000642,,24,2021-01-19,03:41:19,3065.78,Debit,Completed,,Loan Payment - LN2019010000642,False,,2.5,,Automated,Vehicle Loan,standard_payment,False,loan_payment_generator,False,
TXNL202100000111,ACC0000116,IND19013155,LN2019010000644,,24,2021-01-17,03:51:09,449.28,Debit,Completed,,Loan Payment - LN2019010000644,False,,2.5,,Automated,Home Loan,standard_payment,False,loan_payment_generator,False,
TXNL202100000112,ACC0001128,IND19005846,LN2019010000646,,24,2021-01-13,07:09:17,641.97,Debit,Completed,,Loan Payment - LN2019010000646,False,,2.5,,Online,Home Loan,standard_payment,False,loan_payment_generator,False,
TXNL202100000113,ACC0000739,IND19008202,LN2019010000648,LDO20210000070,24,2021-01-23,03:02:11,2393.26,Debit,Completed,,Loan Payment - LN2019010000648,False,,0.21,,Automated,Vehicle Loan,standard_payment,False,loan_payment_generator,False,
TXNL202100000114,ACC0000774,IND19000369,LN2019010000659,,24,2021-01-10,03:29:45,2156.62,Debit,Completed,,Loan Payment - LN2019010000659,False,,2.5,,Automated,Home Loan,standard_payment,False,loan_payment_generator,False,
TXNL202100000115,ACC0000118,IND19007840,LN2019010000664,LDO20210000071,24,2021-01-19,04:42:26,513.14,Debit,Completed,,Loan Payment - LN2019010000664,False,,1.91,,Automated,Home Loan,standard_payment,False,loan_payment_generator,False,
TXNL202100000116,ACC0000105,IND19015632,LN2019010000674,LDO20210000072,24,2021-01-12,03:41:24,2532.33,Debit,Completed,,Loan Payment - LN2019010000674,False,,0.06,,Automated,Home Loan,standard_payment,False,loan_payment_generator,False,
TXNL202100000117,ACC0000904,IND19010238,LN2019010000678,,24,2021-01-27,03:48:41,1031.73,Debit,Completed,,Loan Payment - LN2019010000678,False,,2.5,,Automated,Home Loan,standard_payment,False,loan_payment_generator,False,
TXNL202100000118,ACC0000076,IND19009052,LN2019010000679,LDO20210000073,24,2021-01-29,02:51:21,538.09,Debit,Completed,,Loan Payment - LN2019010000679,False,,1.96,,Automated,Home Loan,standard_payment,False,loan_payment_generator,False,
TXNL202100000119,ACC0001613,IND19012778,LN2019010000682,LDO20210000074,24,2021-01-19,04:34:22,8350.74,Debit,Completed,,Loan Payment - LN2019010000682,False,,1.52,,Automated,Personal Loan,standard_payment,False,loan_payment_generator,False,
TXNL202100000120,ACC0001369,IND19008338,LN2019010000686,LDO20210000075,24,2021-01-16,03:17:13,1849.77,Debit,Completed,,Loan Payment - LN2019010000686,False,,1.96,,Automated,Vehicle Loan,standard_payment,False,loan_payment_generator,False,
TXNL202100000121,ACC0000268,IND19014141,LN2019010000690,LDO20210000076,24,2021-01-13,03:46:01,1983.74,Debit,Completed,,Loan Payment - LN2019010000690,False,,0.84,,Automated,Vehicle Loan,standard_payment,False,loan_payment_generator,False,
TXNL202100000122,ACC0001013,IND19008033,LN2019010000693,LDO20210000077,24,2021-01-30,04:23:40,1777.39,Debit,Completed,,Loan Payment - LN2019010000693,False,,0.61,,Automated,Vehicle Loan,standard_payment,False,loan_payment_generator,False,
TXNL202100000123,ACC0001012,IND19008033,LN2019010000707,LDO20210000078,24,2021-01-21,04:32:21,4840.02,Debit,Completed,,Loan Payment - LN2019010000707,False,,1.03,,Automated,Home Loan,standard_payment,False,loan_payment_generator,False,
TXNL202100000124,ACC0000813,IND19000596,LN2019010000711,LDO20210000079,23,2021-01-01,02:19:15,1725.59,Debit,Completed,,Loan Payment - LN2019010000711,False,,0.46,,Automated,Home Loan,standard_payment,False,loan_payment_generator,False,
TXNL202100000125,ACC0001516,IND19008680,LN2019010000721,LDO20210000080,24,2021-01-20,02:33:40,2507.04,Debit,Completed,,Loan Payment - LN2019010000721 - Late Fee,False,,1.37,,Automated,Home Loan,late_payment,False,loan_payment_generator,False,
TXNL202100000126,ACC0000821,IND19014965,LN2019010000724,LDO20210000081,24,2021-01-15,03:48:01,1392.1,Debit,Completed,,Loan Payment - LN2019010000724,False,,0.91,,Automated,Vehicle Loan,standard_payment,False,loan_payment_generator,False,
TXNL202100000127,ACC0000588,IND19011813,LN2019010000727,,24,2021-01-30,02:52:32,1158.89,Debit,Completed,,Loan Payment - LN2019010000727,False,,2.5,,Automated,Home Loan,standard_payment,False,loan_payment_generator,False,
TXNL202100000128,ACC0001371,IND19016093,LN2019010000763,,24,2021-01-27,03:38:31,4166.3,Debit,Completed,,Loan Payment - LN2019010000763,False,,2.5,,Automated,Home Loan,standard_payment,False,loan_payment_generator,False,
TXNL202100000129,ACC0001554,IND19011219,LN2019010000771,LDO20210000082,23,2021-01-04,02:55:06,3607.53,Debit,Completed,,Loan Payment - LN2019010000771,False,,1.76,,Automated,Vehicle Loan,standard_payment,False,loan_payment_generator,False,
TXNL202100000130,ACC0000608,IND19000251,LN2019010000776,,24,2021-01-31,03:12:10,534.72,Debit,Completed,,Loan Payment - LN2019010000776,False,,2.5,,Automated,Vehicle Loan,standard_payment,False,loan_payment_generator,False,
TXNL202100000131,ACC0000969,IND19014108,LN2019010000780,LDO20210000083,24,2021-01-30,03:59:04,3896.87,Debit,Completed,,Loan Payment - LN2019010000780,False,,0.13,,Automated,Home Loan,standard_payment,False,loan_payment_generator,False,
TXNL202100000132,ACC0001628,IND19009273,LN2019010000783,LDO20210000084,24,2021-01-26,03:30:22,1559.06,Debit,Completed,,Loan Payment - LN2019010000783,False,,0.68,,Automated,Vehicle Loan,standard_payment,False,loan_payment_generator,False,
TXNL202100000133,ACC0000128,IND19004900,LN2019010000785,LDO20210000085,23,2021-01-01,04:23:14,1346.37,Debit,Completed,,Loan Payment - LN2019010000785,False,,1.48,,Automated,Personal Loan,standard_payment,False,loan_payment_generator,False,
TXNL202100000134,ACC0000393,IND19006420,LN2019010000790,,23,2021-01-01,02:59:05,688.49,Debit,Completed,,Loan Payment - LN2019010000790 - Partial,True,,10.0,,Mobile,Home Loan,partial_payment,False,loan_payment_generator,False,
TXNL202100000135,ACC0000160,IND19007622,LN2019010000799,,23,2021-01-03,04:15:41,3219.2,Debit,Completed,,Loan Payment - LN2019010000799,False,,2.5,,Automated,Personal Loan,standard_payment,False,loan_payment_generator,False,
TXNL202100000136,ACC0001479,IND19015112,LN2019010000807,,24,2021-01-31,03:54:38,1896.09,Debit,Completed,,Loan Payment - LN2019010000807,False,,2.5,,Automated,Personal Loan,standard_payment,False,loan_payment_generator,False,
TXNL202100000137,ACC0001468,IND19010490,LN2019010000824,,24,2021-01-15,04:57:42,3738.5,Debit,Completed,,Loan Payment - LN2019010000824 - Late Fee,False,,2.5,,Automated,Vehicle Loan,late_payment,False,loan_payment_generator,False,
TXNL202100000138,ACC0000845,IND19009812,LN2019010000828,,24,2021-01-21,04:57:07,1754.03,Debit,Completed,,Loan Payment - LN2019010000828 - Extra Principal,False,,2.5,,Automated,Home Loan,extra_payment,False,loan_payment_generator,False,
TXNL202100000139,ACC0000163,IND19007764,LN2019010000838,LDO20210000086,24,2021-01-23,03:09:26,1379.8,Debit,Completed,,Loan Payment - LN2019010000838,False,,1.34,,Automated,Home Loan,standard_payment,False,loan_payment_generator,False,
TXNL202100000140,ACC0001296,IND19006088,LN2019010000841,,24,2021-01-22,04:23:53,13864.74,Debit,Completed,,Loan Payment - LN2019010000841,False,,2.5,,Automated,Personal Loan,standard_payment,False,loan_payment_generator,False,
TXNL202100000141,ACC0000145,IND19010296,LN2019010000842,LDO20210000087,24,2021-01-28,04:33:16,1729.34,Debit,Completed,,Loan Payment - LN2019010000842,False,,1.28,,Automated,Personal Loan,standard_payment,False,loan_payment_generator,False,
TXNL202100000142,ACC0001378,IND19007735,LN2019010000853,,23,2021-01-02,04:00:04,2129.96,Debit,Completed,,Loan Payment - LN2019010000853,False,,2.5,,Automated,Vehicle Loan,standard_payment,False,loan_payment_generator,False,
TXNL202100000143,ACC0001489,IND19006045,LN2019010000856,LDO20210000088,24,2021-01-18,03:37:47,1325.85,Debit,Completed,,Loan Payment - LN2019010000856,False,,0.41,,Automated,Vehicle Loan,standard_payment,False,loan_payment_generator,False,
TXNL202100000144,ACC0000122,IND19013761,LN2019010000859,LDO20210000089,23,2021-01-02,02:37:34,1017.84,Debit,Completed,,Loan Payment - LN2019010000859,False,,0.49,,Automated,Home Loan,standard_payment,False,loan_payment_generator,False,
TXNL202100000145,ACC0001437,IND19003474,LN2019010000866,,24,2021-01-15,03:53:18,3091.82,Debit,Completed,,Loan Payment - LN2019010000866 - Extra Principal,False,,2.5,,Automated,Personal Loan,extra_payment,False,loan_payment_generator,False,
TXNL202100000146,ACC0000982,IND19010294,LN2019010000869,LDO20210000090,24,2021-01-22,04:46:11,5431.82,Debit,Completed,,Loan Payment - LN2019010000869 - Late Fee,False,,0.27,,Automated,Personal Loan,late_payment,False,loan_payment_generator,False,
TXNL202100000147,ACC0000520,IND19009308,LN2019010000873,,24,2021-01-22,04:27:59,1240.5,Debit,Completed,,Loan Payment - LN2019010000873,False,,2.5,,Online,Home Loan,standard_payment,False,loan_payment_generator,False,
TXNL202100000148,ACC0000711,IND19003817,LN2019010000888,LDO20210000091,24,2021-01-12,03:04:02,356.97,Debit,Completed,,Loan Payment - LN20190100...,False,,0.55,,Automated,Home Loan,standard_payment,False,loan_payment_generator,True,truncated_description
TXNL202100000149,ACC0000996,IND19014347,LN2019010000890,,24,2021-01-30,03:07:56,8593.66,Debit,Completed,,Loan Payment - LN2019010000890,False,,2.5,,Automated,Personal Loan,standard_payment,False,loan_payment_generator,False,
TXNL202100000150,ACC0000386,IND19013498,LN2019010000897,LDO20210000092,24,2021-01-22,02:49:44,4403.12,Debit,Completed,,Loan Payment - LN2019010000897,False,,1.83,,Automated,Home Loan,standard_payment,False,loan_payment_generator,False,
TXNL202100000151,ACC0001660,COM19000038,LN2019010000898,LDO20210000093,24,2021-01-31,02:33:28,5119.57,Debit,Completed,,Loan Payment - LN2019010000898,False,,0.34,,Automated,Business Loan,standard_payment,False,loan_payment_generator,False,
TXNL202100000152,ACC0000600,IND19006065,LN2019010000911,LDO20210000094,24,2021-01-29,03:01:05,1019.47,Debit,Completed,,Loan Payment - LN2019010000911,False,,0.54,,Automated,Vehicle Loan,standard_payment,False,loan_payment_generator,False,
TXNL202100000153,ACC0000220,IND19000552,LN2019010000916,LDO20210000095,24,2021-01-28,03:13:30,1940.6,Debit,Completed,,Loan Payment - LN2019010000916,False,,0.32,,Automated,Vehicle Loan,standard_payment,False,loan_payment_generator,False,
TXNL202100000154,ACC0000330,IND19007194,LN2019010000917,,24,2021-01-18,02:28:21,606.42,Debit,Completed,,Loan Payment - LN2019010000917,False,,2.5,,Automated,Home Loan,standard_payment,False,loan_payment_generator,False,
TXNL202100000155,ACC0000763,IND19016056,LN2019010000919,,24,2021-01-25,03:39:48,3480.27,Debit,Completed,,Loan Payment - LN2019010000919,False,,2.5,,Automated,Vehicle Loan,standard_payment,False,loan_payment_generator,False,
TXNL202100000156,ACC0000289,IND19016939,LN2019010000932,LDO20210000096,24,2021-01-31,04:29:41,1962.67,Debit,Completed,,Loan Payment - LN2019010000932 - Partial,False,,1.66,,Automated,Vehicle Loan,partial_payment,False,loan_payment_generator,False,
TXNL202100000157,ACC0001493,IND19010838,LN2019010000934,LDO20210000097,24,2021-01-19,03:17:55,2297.2,Debit,Completed,,Loan Payment - LN2019010000934,False,,1.83,,Automated,Home Loan,standard_payment,False,loan_payment_generator,False,
TXNL202100000158,ACC0000798,IND19013925,LN2019010000952,,23,2021-01-06,03:24:59,1005.26,Debit,Completed,,Loan Payment - LN2019010000952,False,,2.5,,Automated,Home Loan,standard_payment,False,loan_payment_generator,False,
TXNL202100000159,ACC0000134,IND19012457,LN2019010000957,,24,2021-01-17,02:42:43,2759.69,Debit,Completed,,Loan Payment - LN2019010000957,False,,2.5,,Automated,Personal Loan,standard_payment,False,loan_payment_generator,False,
TXNL202100000160,ACC0000841,IND19006895,LN2019010000958,,24,2021-01-10,03:12:31,1128.8,Debit,Completed,,Loan Payment - LN2019010000958,False,,2.5,,Automated,Home Loan,standard_payment,False,loan_payment_generator,False,
TXNL202100000161,ACC0000531,IND19010760,LN2019010000970,,24,2021-01-19,02:20:34,2709.95,Debit,Completed,,Loan Payment - LN2019010000970,False,,2.5,,Automated,Personal Loan,standard_payment,False,loan_payment_generator,False,
TXNL202100000162,ACC0001460,IND19002706,LN2019010000996,,23,2021-01-06,06:59:15,1220.79,Debit,Completed,,Loan Payment - LN2019010000996,False,,2.5,,Online,Vehicle Loan,standard_payment,False,loan_payment_generator,False,
TXNL202100000163,ACC0000371,IND19014162,LN2019010001000,,24,2021-01-09,03:53:03,1534.73,Debit,Completed,,Loan Payment - LN2019010001000,False,,2.5,,Automated,Vehicle Loan,standard_payment,False,loan_payment_generator,False,
TXNL202100000164,ACC0001626,IND19004114,LN2019010001025,LDO20210000100,24,2021-01-19,03:08:41,1604.76,Debit,Completed,,Loan Payment - LN2019010001025,False,,1.74,,Automated,Personal Loan,standard_payment,False,loan_payment_generator,False,
TXNL202100000165,ACC0000879,IND19011453,LN2019010001027,LDO20210000101,23,2021-01-01,02:26:01,2533.38,Debit,Completed,,Loan Payment - LN2019010001027,False,,1.49,,Automated,Home Loan,standard_payment,False,loan_payment_generator,False,
TXNL202100000166,ACC0000973,IND19012041,LN2019010001042,,24,2021-01-10,04:45:44,2575.46,Debit,Completed,,Loan Payment - LN2019010001042,False,,2.5,,Automated,Home Loan,standard_payment,False,loan_payment_generator,False,
TXNL202100000167,ACC0000684,IND19005459,LN2019010001052,,24,2021-01-22,03:50:53,1462.52,Debit,Completed,,Loan Payment - LN2019010001052,False,,2.5,,Automated,Personal Loan,standard_payment,False,loan_payment_generator,False,
TXNL202100000168,ACC0000272,IND19000376,LN2019010001058,LDO20210000102,23,2021-01-05,02:34:10,5783.8,Debit,Completed,,Loan Payment - LN2019010001058,False,,1.46,,Automated,Home Loan,standard_payment,False,loan_payment_generator,False,
TXNL202100000169,ACC0000438,IND19012444,LN2019010001066,,23,2021-01-02,04:12:17,6094.61,Debit,Cancelled,customer_stop_instruction,Loan Payment - LN2019010001066,True,,10.0,,Mobile,Home Loan,standard_payment,False,loan_payment_generator,False,
TXNL202100000170,ACC0000418,IND19014051,LN2019010001070,,24,2021-01-31,04:43:16,2264.49,Debit,Completed,,Loan Payment - LN2019010001070,False,,2.5,,Automated,Personal Loan,standard_payment,False,loan_payment_generator,False,
TXNL202100000171,ACC0000203,IND19005110,LN2019010001082,LDO20210000103,23,2021-01-02,03:10:44,413.5,Debit,Completed,,Loan Payment - LN2019010001082,False,,1.4,,Automated,Home Loan,standard_payment,False,loan_payment_generator,False,
TXNL202100000172,ACC0001069,IND19001364,LN2019010001084,LDO20210000104,24,2021-01-13,04:37:54,1198.05,Debit,Completed,,Loan Payment - LN2019010001084,False,,1.41,,Automated,Home Loan,standard_payment,False,loan_payment_generator,False,
TXNL202100000173,ACC0001528,IND19005983,LN2019010001092,,24,2021-01-23,02:30:40,202.89,Debit,Completed,,Loan Payment - LN2019010001092,False,,2.5,,Automated,Home Loan,standard_payment,False,loan_payment_generator,False,
TXNL202100000174,ACC0000637,IND19000666,LN2019010001113,LDO20210000105,24,2021-01-27,04:14:40,1551.58,Debit,Completed,,Loan Payment - LN2019010001113,False,,0.24,,Automated,Home Loan,standard_payment,False,loan_payment_generator,False,
TXNL202100000175,ACC0000542,IND19006210,LN2019010001114,,24,2021-01-27,04:39:13,3490.33,Debit,Completed,,Loan Payment - LN2019010001114 - Late Fee,False,,2.5,,Online,Vehicle Loan,late_payment,False,loan_payment_generator,False,
TXNL202100000176,ACC0000072,IND19005479,LN2019010001116,,24,2021-01-24,04:06:40,950.46,Debit,Completed,,Loan Payment - LN2019010001116 - Late Fee,False,,2.5,,Automated,Home Loan,late_payment,False,loan_payment_generator,False,
TXNL202100000177,ACC0000811,IND19000169,LN2019010001120,,24,2021-01-29,03:24:22,3254.67,Debit,Completed,,Loan Payment - LN2019010001120,False,,2.5,,Automated,Vehicle Loan,standard_payment,False,loan_payment_generator,False,
TXNL202100000178,ACC0001096,IND19016205,LN2019010001121,,23,2021-01-03,01:30:23,1608.95,Debit,Failed,mandate_limit,Loan Payment - LN2019010001121,False,,2.5,,Automated,Home Loan,standard_payment,False,loan_payment_generator,True,timestamp_shift
TXNL202100000179,ACC0000836,IND19001994,LN2019010001130,LDO20210000106,24,2021-01-14,02:40:16,269.6,Debit,Completed,,Loan Payment - LN2019010001130,False,,0.36,,Automated,Home Loan,standard_payment,False,loan_payment_generator,False,
TXNL202100000180,ACC0000770,IND19003379,LN2019010001133,,23,2021-01-02,04:46:01,2945.25,Debit,Completed,,Loan Payment - LN2019010001133,False,,2.5,,Automated,Home Loan,standard_payment,False,loan_payment_generator,False,
TXNL202100000181,ACC0001363,IND19001188,LN2019010001140,,24,2021-01-29,03:27:41,824.37,Debit,Completed,,Loan Payment - LN2019010001140,False,,2.5,,Automated,Vehicle Loan,standard_payment,False,loan_payment_generator,False,
TXNL202100000182,ACC0001266,IND19016300,LN2019010001143,,24,2021-01-19,03:21:18,7659.4,Debit,Completed,,Loan Payment - LN2019010001143,False,,2.5,,Automated,Vehicle Loan,standard_payment,False,loan_payment_generator,False,
TXNL202100000183,ACC0000810,IND19014075,LN2019010001146,LDO20210000107,24,2021-01-19,04:52:28,2602.46,Debit,Completed,,Loan Payment - LN2019010001146,False,,1.8,,Automated,Home Loan,standard_payment,False,loan_payment_generator,False,
TXNL202100000184,ACC0000820,IND19016780,LN2019010001149,,23,2021-01-02,02:26:57,4338.5,Debit,Completed,,Loan Payment - LN2019010001149,False,,2.5,,Automated,Personal Loan,standard_payment,False,loan_payment_generator,False,
TXNL202100000185,ACC0001343,IND19009143,LN2019010001157,,24,2021-01-16,04:24:01,3027.98,Debit,Completed,,Loan Payment - LN2019010001157,False,,2.5,,Automated,Home Loan,standard_payment,False,loan_payment_generator,False,
TXNL202100000186,ACC0000585,IND19004309,LN2019010001163,,24,2021-01-17,03:38:42,3194.33,Debit,Completed,,Loan Payment - LN2019010001163,False,,2.5,,Automated,Home Loan,standard_payment,False,loan_payment_generator,False,
TXNL202100000187,ACC0001676,COM19000298,LN2019010001164,LDO20210000108,24,2021-01-21,03:41:21,8795.74,Debit,Completed,,Loan Payment - LN2019010001164,False,,0.22,,Automated,Business Loan,standard_payment,False,loan_payment_generator,False,
TXNL202100000188,ACC0000390,IND19002143,LN2019010001167,,24,2021-01-15,03:03:46,753.48,Debit,Completed,,Loan Payment - LN2019010001167,False,,2.5,,Automated,Personal Loan,standard_payment,False,loan_payment_generator,False,
TXNL202100000189,ACC0001016,IND19007315,LN2019010001180,,24,2021-01-23,02:19:50,2112.96,Debit,Completed,,Loan Payment - LN2019010001180,False,,2.5,,Automated,Home Loan,standard_payment,False,loan_payment_generator,False,
TXNL202100000190,ACC0000169,IND19015276,LN2019010001182,LDO20210000109,24,2021-01-18,02:13:15,1584.57,Debit,Completed,,Loan Payment - LN2019010001182,False,,1.35,,Automated,Home Loan,standard_payment,False,loan_payment_generator,False,
TXNL202100000191,ACC0000723,IND19010495,LN2019010001185,,24,2021-01-25,04:40:08,1082.3,Debit,Completed,,Loan Payment - LN2019010001185,False,,2.5,,Automated,Vehicle Loan,standard_payment,False,loan_payment_generator,False,
TXNL202100000192,ACC0001029,IND19009696,LN2019010001192,LDO20210000110,24,2021-01-18,04:03:09,5373.29,Debit,Completed,,Loan Payment - LN2019010001192 - Extra Principal,False,,1.9,,Automated,Vehicle Loan,extra_payment,False,loan_payment_generator,False,
TXNL202100000193,ACC0000506,IND19003263,LN2019010001197,LDO20210000111,24,2021-01-11,04:39:43,3040.75,Debit,Completed,,Loan Payment - LN2019010001197,False,,0.36,,Automated,Personal Loan,standard_payment,False,loan_payment_generator,False,
TXNL202100000194,ACC0000415,IND19016238,LN2019010001200,,24,2021-01-15,03:20:03,287.51,Debit,Completed,,Loan Payment - LN2019010001200,False,,2.5,,Automated,Home Loan,standard_payment,False,loan_payment_generator,False,
TXNL202100000195,ACC0000086,IND19000654,LN2019010001211,,24,2021-01-18,02:48:32,894.48,Debit,Completed,,Loan Payment - LN2019010001211,False,,2.5,,Online,Home Loan,standard_payment,False,loan_payment_generator,False,
TXNL202100000196,ACC0001185,IND19002045,LN2019010001230,LDO20210000113,24,2021-01-11,04:36:56,2425.0,Debit,Completed,,Loan Payment - LN2019010001230,False,,0.88,,Automated,Personal Loan,standard_payment,False,loan_payment_generator,False,
TXNL202100000197,ACC0001486,IND19010904,LN2019010001234,LDO20210000114,23,2021-01-05,03:34:05,3157.22,Debit,Completed,,Loan Payment - LN2019010001234,False,,0.19,,Automated,Home Loan,standard_payment,False,loan_payment_generator,True,amount_rounding_error
TXNL202100000198,ACC0000515,IND19011906,LN2019010001239,,23,2021-01-03,04:33:51,1843.66,Debit,Completed,,Loan Payment - LN2019010001239,False,,2.5,,Automated,Home Loan,standard_payment,False,loan_payment_generator,False,
TXNL202100000199,ACC0000604,IND19004880,LN2019010001245,,24,2021-01-14,02:49:16,4062.74,Debit,Completed,,Loan Payment - LN2019010001245 - Late Fee,False,,2.5,,Automated,Home Loan,late_payment,False,loan_payment_generator,False,
TXNL202100000200,ACC0001152,IND19000150,LN2019010001247,LDO20210000115,23,2021-01-01,02:28:52,1923.18,Debit,Failed,insufficient_funds,Loan Payment - LN2019010001247,False,,1.17,,Automated,Home Loan,standard_payment,False,loan_payment_generator,False,
TXNL202100000201,ACC0001298,IND19009380,LN2019010001249,LDO20210000116,23,2021-01-10,04:19:33,2406.9,Debit,Completed,,Loan Payment - LN2019010001249 - Partial,False,,0.93,,Automated,Home Loan,partial_payment,False,loan_payment_generator,False,
TXNL202100000202,ACC0001164,IND19004303,LN2019010001252,LDO20210000117,23,2021-01-07,04:39:23,262.26,Debit,Completed,,Loan Payment - LN2019010001252,False,,0.96,,Automated,Home Loan,standard_payment,False,loan_payment_generator,False,
TXNL202100000203,ACC0001662,COM19000313,LN2019010001254,,24,2021-01-29,02:03:18,22797.66,Debit,Completed,,Loan Payment - LN2019010001254,False,,2.5,,Automated,Business Loan,standard_payment,False,loan_payment_generator,False,
TXNL202100000204,ACC0000183,IND19008327,LN2019010001260,,23,2021-01-02,02:26:42,2519.02,Debit,Completed,,Loan Payment - LN2019010001260,False,,2.5,,Automated,Home Loan,standard_payment,False,loan_payment_generator,False,
TXNL202100000205,ACC0000590,IND19004200,LN2019010001263,LDO20210000118,24,2021-01-29,04:56:50,7637.69,Debit,Completed,,Loan Payment - LN2019010001263 - Late Fee,False,,1.45,,Automated,Personal Loan,late_payment,False,loan_payment_generator,False,
TXNL202100000206,ACC0000210,IND19008013,LN2019010001264,,23,2021-01-01,04:55:49,898.38,Debit,Completed,,Loan Payment - LN2019010001264,False,,2.5,,Automated,Personal Loan,standard_payment,False,loan_payment_generator,False,
TXNL202100000207,ACC0001018,IND19007141,LN2019010001270,,24,2021-01-23,06:50:01,2853.41,Debit,Completed,,Loan Payment - LN2019010001270,False,,2.5,,Online,Home Loan,standard_payment,False,loan_payment_generator,False,
TXNL202100000208,ACC0000550,IND19004219,LN2019010001283,LDO20210000119,24,2021-01-20,03:48:18,2267.43,Debit,Completed,,Loan Payment - LN2019010001283,False,,1.31,,Automated,Personal Loan,standard_payment,False,loan_payment_generator,False,
TXNL202100000209,ACC0000889,IND19001057,LN2019010001302,,24,2021-01-31,04:58:49,2279.58,Debit,Completed,,Loan Payment - LN2019010001302,False,,2.5,,Automated,Home Loan,standard_payment,False,loan_payment_generator,False,
TXNL202100000210,ACC0001153,IND19015308,LN2019010001309,LDO20210000120,24,2021-01-23,02:34:16,450.35,Debit,Completed,,Loan Payment - LN2019010001309,False,,0.78,,Automated,Home Loan,standard_payment,False,loan_payment_generator,False,
TXNL202100000211,ACC0000049,IND19014761,LN2019010001310,LDO20210000121,24,2021-01-29,04:16:50,2320.46,Debit,Completed,,Loan Payment - LN2019010001310,False,,1.27,,Automated,Vehicle Loan,standard_payment,False,loan_payment_generator,False,
TXNL202100000212,ACC0000189,IND19003338,LN2019010001311,,24,2021-01-12,02:43:34,1198.0,Debit,Completed,,Loan Payment - LN2019010001311 - Late Fee,False,,2.5,,Automated,Home Loan,late_payment,False,loan_payment_generator,False,
TXNL202100000213,ACC0000404,IND19012958,LN2019010001314,LDO20210000122,24,2021-01-16,02:46:39,1003.52,Debit,Completed,,Loan Payment - LN2019010001314,False,,0.03,,Automated,Personal Loan,standard_payment,False,loan_payment_generator,False,
TXNL202100000214,ACC0001355,IND19009031,LN2019010001315,LDO20210000123,23,2021-01-04,04:07:34,4273.48,Debit,Completed,,Loan Payment - LN2019010001315,False,,1.36,,Automated,Personal Loan,standard_payment,False,loan_payment_generator,False,
TXNL202100000215,ACC0000159,IND19009851,LN2019010001326,LDO20210000124,24,2021-01-28,03:17:15,1772.07,Debit,Completed,,Loan Payment - LN2019010001326,False,,0.18,,Automated,Home Loan,standard_payment,False,loan_payment_generator,False,
TXNL202100000216,ACC0000721,IND19006161,LN2019010001331,,24,2021-01-20,04:08:30,3202.46,Debit,Completed,,Loan Payment - LN2019010001331,False,,2.5,,Automated,Home Loan,standard_payment,False,loan_payment_generator,False,
TXNL202100000217,ACC0001494,IND19015488,LN2019010001339,,24,2021-01-20,03:10:47,1182.67,Debit,Failed,bank_timeout,Loan Payment - LN2019010001339,False,,2.5,,Automated,Personal Loan,standard_payment,False,loan_payment_generator,False,
TXNL202100000218,ACC0000460,IND19006127,LN2019010001349,,23,2021-01-06,01:59:24,1312.58,Debit,Completed,,Loan Payment - LN2019010001349,False,,2.5,,Mobile,Home Loan,standard_payment,False,loan_payment_generator,False,
TXNL202100000219,ACC0001046,IND19014386,LN2019010001351,,23,2021-01-02,04:44:49,1152.7,Debit,Completed,,Loan Payment - LN2019010001351,False,,2.5,,Automated,Home Loan,standard_payment,False,loan_payment_generator,False,
TXNL202100000220,ACC0001374,IND19009678,LN2019010001352,,24,2021-01-15,04:36:43,988.97,Debit,Failed,bank_timeout,Loan Payment - LN2019010001352,False,,2.5,,Online,Personal Loan,standard_payment,False,loan_payment_generator,False,
TXNL202100000221,ACC0001036,IND19011001,LN2019010001377,LDO20210000125,23,2021-01-06,02:38:58,2821.71,Debit,Completed,,Loan Payment - LN2019010001377,False,,0.15,,Automated,Personal Loan,standard_payment,False,loan_payment_generator,False,
TXNL202100000222,ACC0001641,COM19000218,LN2019010001380,,23,2021-01-02,02:25:39,19612.6,Debit,Completed,,Loan Payment - LN2019010001380,False,,2.5,,Automated,Business Loan,standard_payment,False,loan_payment_generator,False,
TXNL202100000223,ACC0001344,IND19009855,LN2019010001385,,23,2021-01-02,03:37:36,2122.86,Debit,Completed,,Loan Payment - LN2019010001385,False,,2.5,,Automated,Home Loan,standard_payment,False,loan_payment_generator,False,
TXNL202100000224,ACC0001129,IND19005846,LN2019010001386,,24,2021-01-11,02:16:14,726.09,Debit,Completed,,Loan Payment - LN2019010001386,False,,2.5,,Automated,Home Loan,standard_payment,False,loan_payment_generator,False,
TXNL202100000225,ACC0001335,IND19015197,LN2019010001399,LDO20210000126,24,2021-01-10,04:03:37,2433.11,Debit,Completed,,Loan Payment - LN2019010001399,False,,1.5,,Automated,Personal Loan,standard_payment,False,loan_payment_generator,False,
TXNL202100000226,ACC0000505,IND19012808,LN2019010001412,,24,2021-01-27,02:50:44,569.56,Debit,Completed,,Loan Payment - LN2019010001412,False,,2.5,,Automated,Personal Loan,standard_payment,False,loan_payment_generator,False,
TXNL202100000227,ACC0000687,IND19005091,LN2019010001414,LDO20210000127,24,2021-01-30,04:06:20,178.15,Debit,Completed,,Loan Payment - LN2019010001414,False,,1.34,,Automated,Home Loan,standard_payment,False,loan_payment_generator,False,
TXNL202100000228,ACC0000234,IND19015431,LN2019010001420,LDO20210000128,23,2021-01-04,04:58:34,3197.59,Debit,Completed,,Loan Payment - LN2019010001420 - Late Fee,False,,1.49,,Automated,Home Loan,late_payment,False,loan_payment_generator,False,
TXNL202100000229,ACC0000702,IND19016305,LN2019010001423,,24,2021-01-10,03:12:39,3469.0,Debit,Completed,,Loan Payment - LN2019010001423,False,,2.5,,Automated,Home Loan,standard_payment,False,loan_payment_generator,False,
TXNL202100000230,ACC0000276,IND19007519,LN2019010001435,,24,2021-01-30,02:07:43,2171.77,Debit,Completed,,Loan Payment - LN2019010001435,False,,2.5,,Automated,Vehicle Loan,standard_payment,False,loan_payment_generator,False,
TXNL202100000231,ACC0001187,IND19002773,LN2019010001436,,24,2021-01-08,03:36:47,2357.2,Debit,Completed,,Loan Payment - LN2019010001436,False,,2.5,,Mobile,Vehicle Loan,standard_payment,False,loan_payment_generator,False,
TXNL202100000232,ACC0001320,IND19001004,LN2019010001440,LDO20210000129,24,2021-01-17,03:07:34,1503.05,Debit,Completed,,Loan Payment - LN2019010001440,False,,0.43,,Automated,Vehicle Loan,standard_payment,False,loan_payment_generator,False,
TXNL202100000233,ACC0000003,IND19007744,LN2019010001447,,24,2021-01-17,02:50:47,2833.94,Debit,Completed,,Loan Payment - LN2019010001447,False,,2.5,,Automated,Vehicle Loan,standard_payment,False,loan_payment_generator,False,
TXNL202100000234,ACC0000804,IND19003109,LN2019010001449,LDO20210000130,23,2021-01-03,02:43:25,1271.13,Debit,Completed,,Loan Payment - LN2019010001449,False,,0.65,,Automated,Home Loan,standard_payment,False,loan_payment_generator,False,
TXNL202100000235,ACC0000978,IND19008839,LN2019010001451,LDO20210000131,23,2021-01-04,02:09:15,703.77,Debit,Completed,,Loan Payment - LN2019010001451,False,,0.53,,Automated,Home Loan,standard_payment,False,loan_payment_generator,False,
TXNL202100000236,ACC0000463,IND19014060,LN2019010001455,,23,2021-01-09,04:40:26,1650.2,Debit,Completed,,Loan Payment - LN2019010001455,False,,2.5,,Automated,Home Loan,standard_payment,False,loan_payment_generator,False,
TXNL202100000237,ACC0001594,IND19015422,LN2019010001467,LDO20210000132,24,2021-01-27,03:07:27,832.06,Debit,Completed,,Loan Payment - LN2019010001467,False,,0.85,,Automated,Vehicle Loan,standard_payment,False,loan_payment_generator,False,
TXNL202100000238,ACC0001480,IND19013470,LN2019010001473,,24,2021-01-18,01:05:24,1598.74,Debit,Completed,,Loan Payment - LN2019010001473,False,,2.5,,Online,Home Loan,standard_payment,False,loan_payment_generator,False,
TXNL202100000239,ACC0000265,IND19009394,LN2019010001482,LDO20210000133,24,2021-01-23,02:49:19,1152.8,Debit,Completed,,Loan Payment - LN2019010001482,False,,1.22,,Automated,Home Loan,standard_payment,False,loan_payment_generator,False,
TXNL202100000240,ACC0000242,IND19013930,LN2019010001487,,24,2021-01-23,04:02:01,4323.94,Debit,Completed,,Loan Payment - LN2019010001487,False,,2.5,,Automated,Personal Loan,standard_payment,False,loan_payment_generator,False,
TXNL202100000241,ACC0000710,IND19010571,LN2019010001488,LDO20210000134,24,2021-01-25,02:46:52,628.95,Debit,Completed,,Loan Payment - LN2019010001488,False,,1.02,,Automated,Home Loan,standard_payment,False,loan_payment_generator,False,
TXNL202100000242,ACC0001381,IND19013372,LN2019010001489,,24,2021-01-20,04:55:15,915.3,Debit,Completed,,Loan Payment - LN2019010001489,False,,2.5,,Automated,Vehicle Loan,standard_payment,False,loan_payment_generator,False,
TXNL202100000243,ACC0000589,IND19011813,LN2019010001501,,24,2021-01-19,04:34:03,1104.98,Debit,Completed,,Loan Payment - LN2019010001501,False,,2.5,,Automated,Vehicle Loan,standard_payment,False,loan_payment_generator,False,
TXNL202100000244,ACC0001117,IND19016009,LN2019010001502,,24,2021-01-10,04:40:05,5757.69,Debit,Completed,,Loan Payment - LN2019010001502,False,,2.5,,Automated,Home Loan,standard_payment,False,loan_payment_generator,False,
TXNL202100000245,ACC0001578,IND19013200,LN2019010001503,LDO20210000135,24,2021-01-30,03:20:30,1411.31,Debit,Completed,,Loan Payment - LN2019010001503,False,,1.65,,Automated,Vehicle Loan,standard_payment,False,loan_payment_generator,False,
TXNL202100000246,ACC0000047,IND19006418,LN2019010001505,LDO20210000136,24,2021-01-31,04:38:51,1048.91,Debit,Completed,,Loan Payment - LN2019010001505,False,,1.82,,Automated,Home Loan,standard_payment,False,loan_payment_generator,False,
TXNL202100000247,ACC0001632,IND19007111,LN2019010001511,LDO20210000137,23,2021-01-03,03:03:06,3857.86,Debit,Completed,,Loan Payment - LN2019010001511,False,,0.05,,Automated,Home Loan,standard_payment,False,loan_payment_generator,False,
TXNL202100000248,ACC0000619,IND19013703,LN2019010001517,,24,2021-01-18,02:22:28,3471.59,Debit,Completed,,Loan Payment - LN2019010001517,False,,2.5,,Automated,Personal Loan,standard_payment,False,loan_payment_generator,False,
TXNL202100000249,ACC0001150,IND19003805,LN2019010001521,,24,2021-01-28,02:55:09,1452.96,Debit,Completed,,Loan Payment - LN2019010001521 - Late Fee,False,,2.5,,Automated,Home Loan,late_payment,False,loan_payment_generator,False,
TXNL202100000250,ACC0001273,IND19004976,LN2019010001532,LDO20210000138,24,2021-01-29,03:20:32,236.0,Debit,Completed,,Loan Payment - LN2019010001532,False,,0.98,,Automated,Home Loan,standard_payment,False,loan_payment_generator,False,
TXNL202100000251,ACC0000140,IND19000343,LN2019010001537,,24,2021-01-17,04:12:30,467.12,Debit,Completed,,Loan Payment - LN2019010001537,False,,2.5,,Automated,Personal Loan,standard_payment,False,loan_payment_generator,False,
TXNL202100000252,ACC0001139,IND19002237,LN2019010001545,LDO20210000139,23,2021-01-01,02:54:41,1631.37,Debit,Completed,,Loan Payment - LN2019010001545,False,,1.33,,Automated,Home Loan,standard_payment,False,loan_payment_generator,False,
TXNL202100000253,ACC0000405,IND19005493,LN2019010001575,LDO20210000140,24,2021-01-17,03:42:39,877.05,Debit,Completed,,Loan Payment - LN2019010001575,False,,0.36,,Automated,Personal Loan,standard_payment,False,loan_payment_generator,False,
TXNL202100000254,ACC0001223,IND19005824,LN2019010001580,,24,2021-01-14,02:47:37,691.46,Debit,Completed,,Loan Payment - LN2019010001580,False,,2.5,,Automated,Home Loan,standard_payment,False,loan_payment_generator,False,
TXNL202100000255,ACC0002719,IND19013176,LN2019020000017,,22,2021-01-02,03:57:26,2346.2,Debit,Completed,,Loan Payment - LN2019020000017,False,,2.5,,Automated,Personal Loan,standard_payment,False,loan_payment_generator,False,
TXNL202100000256,ACC0001701,IND19000332,LN2019020000021,LDO20210000141,23,2021-01-19,03:21:34,1646.67,Debit,Completed,,Loan Payment - LN2019020000021,False,,0.22,,Automated,Personal Loan,standard_payment,False,loan_payment_generator,False,
TXNL202100000257,ACC0002906,IND19014412,LN2019020000027,LDO20210000142,22,2021-01-01,03:07:35,560.47,Debit,Completed,,Loan Payment - LN2019020000027,False,,0.27,,Automated,Home Loan,standard_payment,False,loan_payment_generator,False,
TXNL202100000258,ACC0001774,IND19001403,LN2019020000030,,23,2021-01-12,03:50:15,1265.99,Debit,Completed,,Loan Payment - LN2019020000030,False,,2.5,,Automated,Vehicle Loan,standard_payment,False,loan_payment_generator,False,
TXNL202100000259,ACC0001880,IND19004294,LN2019020000032,,23,2021-01-16,04:53:38,6367.9,Debit,Completed,,Loan Payment - LN2019020000032,False,,2.5,,Automated,Home Loan,standard_payment,False,loan_payment_generator,False,
TXNL202100000260,ACC0002442,IND19011212,LN2019020000038,LDO20210000143,23,2021-01-13,02:25:41,15924.35,Debit,Completed,,Loan Payment - LN2019020000038,False,,0.3,,Automated,Personal Loan,standard_payment,False,loan_payment_generator,False,
TXNL202100000261,ACC0002292,IND19001394,LN2019020000040,,23,2021-01-20,02:49:59,775.6,Debit,Completed,,Loan Payment - LN2019020000040,False,,2.5,,Automated,Home Loan,standard_payment,False,loan_payment_generator,False,
TXNL202100000262,ACC0002054,IND19008070,LN2019020000047,,23,2021-01-18,04:06:56,5995.84,Debit,Completed,,Loan Payment - LN2019020000047,False,,2.5,,Automated,Home Loan,standard_payment,False,loan_payment_generator,False,
TXNL202100000263,ACC0002698,IND19007039,LN2019020000082,LDO20210000145,22,2021-01-02,04:33:39,2104.71,Debit,Completed,,Loan Payment - LN2019020000082,False,,1.21,,Automated,Vehicle Loan,standard_payment,False,loan_payment_generator,False,
TXNL202100000264,ACC0001902,IND19002096,LN2019020000112,,23,2021-01-18,04:05:19,553.04,Debit,Completed,,Loan Payment - LN2019020000112,False,,2.5,,Mobile,Home Loan,standard_payment,False,loan_payment_generator,False,
TXNL202100000265,ACC0002036,IND19015685,LN2019020000118,LDO20210000146,23,2021-01-23,04:33:16,1396.95,Debit,Completed,,Loan Payment - LN2019020000118,False,,0.26,,Automated,Vehicle Loan,standard_payment,False,loan_payment_generator,False,
TXNL202100000266,ACC0002677,IND19012680,LN2019020000130,LDO20210000148,23,2021-01-21,02:57:36,1995.58,Debit,Completed,,Loan Payment - LN2019020000130,False,,0.72,,Automated,Personal Loan,standard_payment,False,loan_payment_generator,False,
TXNL202100000267,ACC0001916,IND19016327,LN2019020000145,,23,2021-01-17,02:08:27,3605.14,Debit,Completed,,Loan Payment - LN2019020000145,False,,2.5,,Automated,Home Loan,standard_payment,False,loan_payment_generator,False,
TXNL202100000268,ACC0002899,IND19015417,LN2019020000152,,23,2021-01-22,03:02:31,2511.95,Debit,Completed,,Loan Payment - LN2019020000152,False,,2.5,,Automated,Personal Loan,standard_payment,False,loan_payment_generator,False,
TXNL202100000269,ACC0002946,IND19016946,LN2019020000156,LDO20210000149,23,2021-01-27,03:56:09,667.59,Debit,Completed,,Loan Payment - LN2019020000156,False,,0.93,,Automated,Home Loan,standard_payment,False,loan_payment_generator,False,
TXNL202100000270,ACC0002447,IND19015613,LN2019020000158,,23,2021-01-25,04:38:33,2771.89,Debit,Completed,,Loan Payment - LN2019020000158,False,,2.5,,Automated,Personal Loan,standard_payment,False,loan_payment_generator,False,
TXNL202100000271,ACC0002582,IND19016176,LN2019020000174,,23,2021-01-27,01:49:30,953.71,Debit,Completed,,Loan Payment - LN2019020000174,False,,2.5,,Online,Home Loan,standard_payment,False,loan_payment_generator,False,
TXNL202100000272,ACC0002604,IND19013546,LN2019020000189,,23,2021-01-09,03:27:26,3356.54,Debit,Completed,,Loan Payment - LN2019020000189,False,,2.5,,Automated,Home Loan,standard_payment,False,loan_payment_generator,False,
TXNL202100000273,ACC0001985,IND19002227,LN2019020000196,,23,2021-01-13,03:59:53,2874.8,Debit,Completed,,Loan Payment - LN2019020000196,False,,2.5,,Automated,Personal Loan,standard_payment,False,loan_payment_generator,False,
TXNL202100000274,ACC0002680,IND19012817,LN2019020000203,,23,2021-01-16,03:45:05,5034.19,Debit,Completed,,Loan Payment - LN2019020000203,False,,2.5,,Automated,Home Loan,standard_payment,False,loan_payment_generator,False,
TXNL202100000275,ACC0002721,IND19004779,LN2019020000214,,22,2021-01-08,03:43:56,755.62,Debit,Cancelled,customer_stop_instruction,Loan Payment - LN2019020000214,False,,2.5,,Automated,Home Loan,standard_payment,False,loan_payment_generator,False,
TXNL202100000276,ACC0001865,IND19005343,LN2019020000222,,22,2021-01-01,02:40:34,1925.91,Debit,Completed,,Loan Payment - LN2019020000222 - Recovery,False,,2.5,,Automated,Personal Loan,recovery_payment,True,loan_payment_generator,False,
TXNL202100000277,ACC0001707,IND19000845,LN2019020000227,,23,2021-01-27,02:06:00,3229.41,Debit,Completed,,Loan Payment - LN2019020000227,False,,2.5,,Automated,Vehicle Loan,standard_payment,False,loan_payment_generator,False,
TXNL202100000278,ACC0001730,IND19001687,LN2019020000235,LDO20210000150,23,2021-01-15,02:12:04,3285.7,Debit,Completed,,Loan Payment - LN2019020000235,False,,0.31,,Automated,Personal Loan,standard_payment,False,loan_payment_generator,False,
TXNL202100000279,ACC0003242,IND19001412,LN2019020000236,,23,2021-01-13,04:47:53,3391.28,Debit,Completed,,Loan Payment - LN2019020000236,False,,2.5,,Automated,Vehicle Loan,standard_payment,False,loan_payment_generator,False,
TXNL202100000280,ACC0001680,IND19000900,LN2019020000242,LDO20210000151,23,2021-01-23,04:04:54,684.83,Debit,Completed,,Loan Payment - LN2019020000242,False,,0.16,,Automated,Home Loan,standard_payment,False,loan_payment_generator,False,
TXNL202100000281,ACC0002412,IND19005294,LN2019020000243,LDO20210000152,23,2021-01-14,04:36:55,246.25,Debit,Completed,,Loan Payment - LN2019020000243,False,,1.05,,Automated,Home Loan,standard_payment,False,loan_payment_generator,False,
TXNL202100000282,ACC0001772,IND19009977,LN2019020000244,LDO20210000153,23,2021-01-13,02:14:54,1440.17,Debit,Completed,,Loan Payment - LN2019020000244,False,,0.58,,Automated,Home Loan,standard_payment,False,loan_payment_generator,False,
TXNL202100000283,ACC0002798,IND19016230,LN2019020000246,,23,2021-01-24,02:45:23,2349.38,Debit,Completed,,Loan Payment - LN2019020000246,False,,2.5,,Automated,Personal Loan,standard_payment,False,loan_payment_generator,False,
TXNL202100000284,ACC0001937,IND19003342,LN2019020000249,,23,2021-01-25,03:44:59,2809.39,Debit,Completed,,Loan Payment - LN2019020000249,False,,2.5,,Automated,Personal Loan,standard_payment,False,loan_payment_generator,False,
TXNL202100000285,ACC0002618,IND19006444,LN2019020000251,LDO20210000154,23,2021-01-20,03:17:32,896.41,Debit,Completed,,Loan Payment - LN2019020000251,False,,1.96,,Automated,Vehicle Loan,standard_payment,False,loan_payment_generator,False,
TXNL202100000286,ACC0001851,IND19005961,LN2019020000256,LDO20210000155,23,2021-01-11,03:13:06,2637.96,Debit,Completed,,Loan Payment - LN2019020000256,False,,1.49,,Automated,Home Loan,standard_payment,False,loan_payment_generator,False,
TXNL202100000287,ACC0003271,IND19016447,LN2019020000260,LDO20210000156,23,2021-01-18,03:49:53,3362.77,Debit,Completed,,Loan Payment - LN2019020000260,False,,1.66,,Automated,Home Loan,standard_payment,False,loan_payment_generator,False,
TXNL202100000288,ACC0002687,IND19013686,LN2019020000261,LDO20210000157,23,2021-01-12,02:13:21,1652.43,Debit,Completed,,Loan Payment - LN2019020000261,False,,0.21,,Automated,Personal Loan,standard_payment,False,loan_payment_generator,False,
TXNL202100000289,ACC0002321,IND19011152,LN2019020000262,LDO20210000158,22,2021-01-04,03:34:32,291.66,Debit,Completed,,Loan Payment - LN2019020000262,False,,1.95,,Automated,Home Loan,standard_payment,False,loan_payment_generator,False,
TXNL202100000290,ACC0002291,IND19009288,LN2019020000266,LDO20210000159,23,2021-01-11,03:57:35,1011.18,Debit,Completed,,Loan Payment - LN2019020000266,False,,0.93,,Automated,Home Loan,standard_payment,False,loan_payment_generator,False,
TXNL202100000291,ACC0003390,COM19000015,LN2019020000269,LDO20210000160,22,2021-01-04,02:45:14,10726.59,Debit,Failed,account_blocked,Loan Payment - LN2019020000269,False,,1.21,,Automated,Business Loan,standard_payment,False,loan_payment_generator,False,
TXNL202100000292,ACC0001938,IND19009228,LN2019020000272,,23,2021-01-11,06:24:46,4337.03,Debit,Completed,,Loan Payment - LN2019020000272,False,,2.5,,Online,Home Loan,standard_payment,False,loan_payment_generator,False,
TXNL202100000293,ACC0002619,IND19006444,LN2019020000300,,23,2021-01-20,07:21:34,1839.27,Debit,Failed,insufficient_funds,Loan Payment - LN2019020000300,False,,2.5,,Online,Home Loan,standard_payment,False,loan_payment_generator,False,
TXNL202100000294,ACC0002778,IND19013008,LN2019020000307,LDO20210000161,23,2021-01-21,02:13:00,2912.63,Debit,Completed,,Loan Payment - LN2019020000307,False,,0.78,,Automated,Home Loan,standard_payment,False,loan_payment_generator,False,
TXNL202100000295,ACC0002241,IND19006183,LN2019020000311,,22,2021-01-06,02:04:48,6282.61,Debit,Completed,,Loan Payment - LN2019020000311,False,,2.5,,Automated,Home Loan,standard_payment,False,loan_payment_generator,False,
TXNL202100000296,ACC0002200,IND19004311,LN2019020000315,,22,2021-01-01,03:18:29,3425.55,Debit,Completed,,Loan Payment - LN2019020000315,False,,2.5,,Automated,Home Loan,standard_payment,False,loan_payment_generator,False,
TXNL202100000297,ACC0002941,IND19004381,LN2019020000322,,23,2021-01-11,02:58:09,1904.24,Debit,Completed,,Loan Payment - LN2019020000322,False,,2.5,,Automated,Home Loan,standard_payment,False,loan_payment_generator,False,
TXNL202100000298,ACC0002663,IND19014006,LN2019020000342,,23,2021-01-28,04:02:29,3126.01,Debit,Completed,,Loan Payment - LN2019020000342,False,,2.5,,Automated,Home Loan,standard_payment,False,loan_payment_generator,False,
TXNL202100000299,ACC0002482,IND19000798,LN2019020000344,,22,2021-01-01,07:35:55,2943.33,Debit,Completed,,Loan Payment - LN2019020000344,False,,2.5,,Online,Vehicle Loan,standard_payment,False,loan_payment_generator,False,
TXNL202100000300,ACC0003129,IND19002377,LN2019020000346,,23,2021-01-19,05:33:46,2810.42,Debit,Completed,,Loan Payment - LN2019020000346,False,,2.5,,Online,Home Loan,standard_payment,False,loan_payment_generator,False,
TXNL202100000301,ACC0002474,IND19017936,LN2019020000347,LDO20210000162,22,2021-01-03,04:58:00,1927.18,Debit,Completed,,Loan Payment - LN2019020000347,False,,0.66,,Automated,Vehicle Loan,standard_payment,False,loan_payment_generator,False,
TXNL202100000302,ACC0002303,IND19009325,LN2019020000352,,22,2021-01-07,04:32:57,947.57,Debit,Completed,,Loan Payment - LN2019020000352,False,,2.5,,Automated,Home Loan,standard_payment,False,loan_payment_generator,False,
TXNL202100000303,ACC0002913,IND19001346,LN2019020000354,LDO20210000163,22,2021-01-02,04:18:44,4076.47,Debit,Completed,,Loan Payment - LN2019020000354,False,,1.14,,Automated,Home Loan,standard_payment,False,loan_payment_generator,False,
TXNL202100000304,ACC0001863,IND19014727,LN2019020000360,LDO20210000164,22,2021-01-01,04:25:08,2210.8,Debit,Completed,,Loan Payment - LN2019020000360 - Partial,False,,0.22,,Automated,Personal Loan,partial_payment,False,loan_payment_generator,False,
TXNL202100000305,ACC0003245,IND19011194,LN2019020000361,LDO20210000165,23,2021-01-15,02:34:01,2184.04,Debit,Completed,,Loan Payment - LN2019020000361,False,,0.35,,Automated,Vehicle Loan,standard_payment,False,loan_payment_generator,False,
TXNL202100000306,ACC0001788,IND19012630,LN2019020000363,,22,2021-01-07,02:11:26,3244.04,Debit,Completed,,Loan Payment - LN2019020000363,False,,2.5,,Automated,Vehicle Loan,standard_payment,False,loan_payment_generator,False,
TXNL202100000307,ACC0001837,IND19017578,LN2019020000367,LDO20210000166,23,2021-01-28,03:56:16,2920.43,Debit,Completed,,Loan Payment - LN2019020000367,False,,0.49,,Automated,Home Loan,standard_payment,False,loan_payment_generator,False,
TXNL202100000308,ACC0002909,IND19013859,LN2019020000375,,23,2021-01-25,03:26:15,3624.7,Debit,Completed,,Loan Payment - LN2019020000375 - Partial,False,,2.5,,Automated,Home Loan,partial_payment,False,loan_payment_generator,False,
TXNL202100000309,ACC0001739,IND19006479,LN2019020000380,LDO20210000167,22,2021-01-10,04:27:14,771.42,Debit,Completed,,Loan Payment - LN2019020000380,False,,1.48,,Automated,Home Loan,standard_payment,False,loan_payment_generator,False,
TXNL202100000310,ACC0002265,IND19017038,LN2019020000381,,23,2021-01-22,03:52:22,1263.05,Debit,Completed,,Loan Payment - LN2019020000381,False,,2.5,,Automated,Vehicle Loan,standard_payment,False,loan_payment_generator,False,
TXNL202100000311,ACC0002346,IND19002859,LN2019020000391,LDO20210000168,22,2021-01-03,02:42:40,1109.51,Debit,Completed,,Loan Payment - LN2019020000391,False,,1.31,,Automated,Home Loan,standard_payment,False,loan_payment_generator,False,
TXNL202100000312,ACC0002318,IND19015821,LN2019020000406,,23,2021-01-18,01:40:20,2091.84,Debit,Failed,bank_timeout,Loan Payment - LN2019020000406,False,,2.5,,Mobile,Home Loan,standard_payment,False,loan_payment_generator,False,
TXNL202100000313,ACC0003234,IND19003150,LN2019020000415,LDO20210000169,23,2021-01-17,02:25:00,5249.06,Debit,Completed,,Loan Payment - LN2019020000415,False,,1.44,,Automated,Personal Loan,standard_payment,False,loan_payment_generator,False,
TXNL202100000314,ACC0002733,IND19007741,LN2019020000426,LDO20210000170,23,2021-01-05,02:02:35,12286.92,Debit,Completed,,Loan Payment - LN2019020000426,False,,1.22,,Automated,Personal Loan,standard_payment,False,loan_payment_generator,False,
TXNL202100000315,ACC0002248,IND19012631,LN2019020000437,,23,2021-01-13,04:58:32,533.6,Debit,Completed,,Loan Payment - LN2019020000437,False,,2.5,,Automated,Personal Loan,standard_payment,False,loan_payment_generator,False,
TXNL202100000316,ACC0003383,COM19000130,LN2019020000448,,23,2021-01-25,03:35:07,37504.81,Debit,Completed,,Loan Payment - LN2019020000448,False,,2.5,,Automated,Business Loan,standard_payment,False,loan_payment_generator,False,
TXNL202100000317,ACC0002894,IND19017223,LN2019020000451,LDO20210000171,22,2021-01-01,04:22:47,1313.65,Debit,Completed,,Loan Payment - LN2019020000451 - Recovery,False,,0.75,,Automated,Vehicle Loan,recovery_payment,True,loan_payment_generator,False,
TXNL202100000318,ACC0002632,IND19017768,LN2019020000453,,23,2021-01-16,02:44:21,4254.75,Debit,Completed,,Loan Payment - LN2019020000453,False,,2.5,,Mobile,Home Loan,standard_payment,False,loan_payment_generator,False,
TXNL202100000319,ACC0002083,IND19010755,LN2019020000458,LDO20210000172,23,2021-01-18,04:05:11,2852.58,Debit,Completed,,Loan Payment - LN2019020000458 - Late Fee,False,,1.27,,Automated,Vehicle Loan,late_payment,False,loan_payment_generator,False,
TXNL202100000320,ACC0002623,IND19011260,LN2019020000462,,23,2021-01-10,04:23:27,2762.93,Debit,Completed,,Loan Payment - LN2019020000462,False,,2.5,,Automated,Home Loan,standard_payment,False,loan_payment_generator,False,
TXNL202100000321,ACC0002601,IND19015358,LN2019020000464,LDO20210000173,23,2021-01-18,03:27:20,990.99,Debit,Completed,,Loan Payment - LN2019020000464,False,,1.75,,Automated,Home Loan,standard_payment,False,loan_payment_generator,False,
TXNL202100000322,ACC0002851,IND19013194,LN2019020000465,LDO20210000174,23,2021-01-26,03:54:33,1127.39,Debit,Completed,,Loan Payment - LN2019020000465,False,,0.11,,Automated,Vehicle Loan,standard_payment,False,loan_payment_generator,False,
TXNL202100000323,ACC0002140,IND19013361,LN2019020000474,LDO20210000175,23,2021-01-20,02:11:45,3995.99,Debit,Completed,,Loan Payment - LN2019020000474,False,,0.71,,Automated,Vehicle Loan,standard_payment,False,loan_payment_generator,False,
TXNL202100000324,ACC0002934,IND19011169,LN2019020000488,LDO20210000176,22,2021-01-02,03:38:06,4493.42,Debit,Failed,insufficient_funds,Loan Payment - LN2019020000488,False,,0.92,,Automated,Home Loan,standard_payment,False,loan_payment_generator,True,status_inconsistency
TXNL202100000325,ACC0003057,IND19010891,LN2019020000491,,23,2021-01-11,02:54:40,3111.54,Debit,Failed,insufficient_funds,Loan Payment - LN2019020000491,False,,2.5,,Automated,Personal Loan,standard_payment,False,loan_payment_generator,False,
TXNL202100000326,ACC0002267,IND19005311,LN2019020000492,LDO20210000177,23,2021-01-22,04:03:29,1843.61,Debit,Completed,,Loan Payment - LN2019020000492,False,,1.34,,Automated,Home Loan,standard_payment,False,loan_payment_generator,False,
TXNL202100000327,ACC0002257,IND19005614,LN2019020000497,LDO20210000178,23,2021-01-12,04:02:39,24221.95,Debit,Completed,,Loan Payment - LN2019020000497,False,,1.56,,Automated,Personal Loan,standard_payment,False,loan_payment_generator,False,
TXNL202100000328,ACC0002521,IND19013128,LN2019020000498,LDO20210000179,23,2021-01-25,03:42:04,1371.17,Debit,Completed,,Loan Payment - LN2019020000498,False,,1.01,,Automated,Home Loan,standard_payment,False,loan_payment_generator,False,
TXNL202100000329,ACC0002503,IND19013977,LN2019020000508,LDO20210000180,22,2021-01-06,02:35:05,7718.79,Debit,Completed,,Loan Payment - LN2019020000508,False,,1.69,,Automated,Home Loan,standard_payment,False,loan_payment_generator,False,
TXNL202100000330,ACC0002846,IND19005704,LN2019020000526,LDO20210000181,22,2021-01-04,03:08:00,117.83,Debit,Completed,,Loan Payment - LN2019020000526 - Partial,False,,0.37,,Automated,Home Loan,partial_payment,False,loan_payment_generator,False,
TXNL202100000331,ACC0002375,IND19009116,LN2019020000529,LDO20210000182,23,2021-01-13,03:33:29,592.92,Debit,Completed,,Loan Payment - LN2019020000529 - Partial,False,,1.64,,Automated,Personal Loan,partial_payment,False,loan_payment_generator,False,
TXNL202100000332,ACC0003084,IND19009670,LN2019020000531,LDO20210000183,23,2021-01-23,04:06:50,3117.38,Debit,Completed,,Loan Payment - LN2019020000531,False,,1.28,,Automated,Vehicle Loan,standard_payment,False,loan_payment_generator,False,
TXNL202100000333,ACC0002397,IND19011058,LN2019020000532,LDO20210000184,23,2021-01-23,03:10:13,798.92,Debit,Completed,,Loan Payment - LN2019020000532,False,,1.35,,Automated,Vehicle Loan,standard_payment,False,loan_payment_generator,False,
TXNL202100000334,ACC0003065,IND19007646,LN2019020000546,LDO20210000185,23,2021-01-20,04:10:12,1414.47,Debit,Completed,,Loan Payment - LN2019020000546,False,,1.64,,Automated,Vehicle Loan,standard_payment,False,loan_payment_generator,False,
TXNL202100000335,ACC0003241,IND19001412,LN2019020000549,LDO20210000186,23,2021-01-11,02:33:09,14216.28,Debit,Completed,,Loan Payment - LN2019020000549,False,,0.71,,Automated,Personal Loan,standard_payment,False,loan_payment_generator,False,
TXNL202100000336,ACC0002864,IND19007639,LN2019020000570,LDO20210000187,23,2021-01-11,03:09:48,571.55,Debit,Completed,,Loan Payment - LN2019020000570,False,,0.49,,Automated,Home Loan,standard_payment,False,loan_payment_generator,False,
TXNL202100000337,ACC0001891,IND19010844,LN2019020000573,LDO20210000188,23,2021-01-20,04:32:07,1060.84,Debit,Completed,,Loan Payment - LN2019020000573 - Extra Principal,False,,0.84,,Automated,Home Loan,extra_payment,False,loan_payment_generator,False,
TXNL202100000338,ACC0003213,IND19014004,LN2019020000588,,23,2021-01-21,02:22:15,1391.12,Debit,Completed,,Loan Payment - LN2019020000588,False,,2.5,,Automated,Home Loan,standard_payment,False,loan_payment_generator,False,
TXNL202100000339,ACC0002630,IND19015606,LN2019020000593,LDO20210000189,23,2021-01-22,04:50:04,7225.68,Debit,Completed,,Loan Payment - LN2019020000593,False,,1.0,,Automated,Home Loan,standard_payment,False,loan_payment_generator,False,
TXNL202100000340,ACC0002093,IND19015493,LN2019020000599,,22,2021-01-05,02:46:02,713.89,Debit,Completed,,Loan Payment - LN2019020000599,False,,2.5,,Automated,Vehicle Loan,standard_payment,False,loan_payment_generator,False,
TXNL202100000341,ACC0002006,IND19009890,LN2019020000600,LDO20210000190,23,2021-01-26,03:04:20,1225.87,Debit,Completed,,Loan Payment - LN2019020000600,False,,1.61,,Automated,Personal Loan,standard_payment,False,loan_payment_generator,False,
TXNL202100000342,ACC0001714,IND19009033,LN2019020000601,,22,2021-01-02,03:32:56,1702.97,Debit,Completed,,Loan Payment - LN2019020000601,False,,2.5,,Automated,Personal Loan,standard_payment,False,loan_payment_generator,False,
TXNL202100000343,ACC0002476,IND19015568,LN2019020000612,,23,2021-01-18,03:10:58,1223.57,Debit,Completed,,Loan Payment - LN2019020000612,False,,2.5,,Automated,Vehicle Loan,standard_payment,False,loan_payment_generator,False,
TXNL202100000344,ACC0002169,IND19003317,LN2019020000613,LDO20210000191,22,2021-01-03,02:03:31,1745.72,Debit,Completed,,Loan Payment - LN2019020000613,False,,0.86,,Automated,Home Loan,standard_payment,False,loan_payment_generator,False,
TXNL202100000345,ACC0002103,IND19013436,LN2019020000622,,22,2021-01-09,03:39:13,1626.3,Debit,Completed,,Loan Payment - LN2019020000622 - Extra Principal,False,,2.5,,Automated,Vehicle Loan,extra_payment,False,loan_payment_generator,False,
TXNL202100000346,ACC0002481,IND19000798,LN2019020000642,LDO20210000192,23,2021-01-12,03:21:13,2656.32,Debit,Completed,,Loan Payment - LN2019020000642,False,,0.45,,Automated,Vehicle Loan,standard_payment,False,loan_payment_generator,False,
TXNL202100000347,ACC0001949,IND19008140,LN2019020000651,LDO20210000193,23,2021-01-14,04:48:19,1803.38,Debit,Completed,,Loan Payment - LN2019020000651 - Extra Principal,False,,1.29,,Automated,Home Loan,extra_payment,False,loan_payment_generator,False,
TXNL202100000348,ACC0001745,IND19009866,LN2019020000660,,23,2021-01-27,04:48:56,2815.09,Debit,Completed,,Loan Payment - LN2019020000660,False,,2.5,,Automated,Personal Loan,standard_payment,False,loan_payment_generator,False,
TXNL202100000349,ACC0002752,IND19001256,LN2019020000662,,23,2021-01-13,04:31:17,3073.15,Debit,Completed,,Loan Payment - LN2019020000662 - Late Fee,False,,2.5,,Automated,Home Loan,late_payment,False,loan_payment_generator,False,
TXNL202100000350,ACC0002891,IND19002067,LN2019020000667,,23,2021-01-24,04:43:18,1220.36,Debit,Completed,,Loan Payment - LN2019020000667,False,,2.5,,Automated,Home Loan,standard_payment,False,loan_payment_generator,False,
TXNL202100000351,ACC0003164,IND19008580,LN2019020000669,LDO20210000194,22,2021-01-03,03:46:13,568.03,Debit,Completed,,Loan Payment - LN2019020000669,False,,1.25,,Automated,Home Loan,standard_payment,False,loan_payment_generator,False,
TXNL202100000352,ACC0002224,IND19000114,LN2019020000675,LDO20210000195,23,2021-01-21,04:43:49,1024.01,Debit,Completed,,Loan Payment - LN2019020000675,False,,1.45,,Automated,Personal Loan,standard_payment,False,loan_payment_generator,False,
TXNL202100000353,ACC0002801,IND19001180,LN2019020000682,,23,2021-01-24,03:53:38,2397.97,Debit,Completed,,Loan Payment - LN2019020000682,False,,2.5,,Automated,Personal Loan,standard_payment,False,loan_payment_generator,False,
TXNL202100000354,ACC0001912,IND19007576,LN2019020000683,,23,2021-01-09,03:30:38,3252.21,Debit,Completed,,Loan Payment - LN2019020000683,False,,2.5,,Automated,Home Loan,standard_payment,False,loan_payment_generator,False,
TXNL202100000355,ACC0003301,IND19004365,LN2019020000701,,23,2021-01-14,02:35:41,8336.48,Debit,Completed,,Loan Payment - LN2019020000701,False,,2.5,,Automated,Home Loan,standard_payment,False,loan_payment_generator,False,
TXNL202100000356,ACC0002543,IND19007957,LN2019020000710,LDO20210000197,23,2021-01-27,04:02:01,740.02,Debit,Completed,,Loan Payment - LN2019020000710,False,,0.54,,Automated,Personal Loan,standard_payment,False,loan_payment_generator,False,
TXNL202100000357,ACC0003346,IND19004315,LN2019020000712,LDO20210000198,23,2021-01-13,02:48:56,1064.22,Debit,Completed,,Loan Payment - LN2019020000712,False,,0.33,,Automated,Personal Loan,standard_payment,False,loan_payment_generator,False,
TXNL202100000358,ACC0003374,COM19000173,LN2019020000715,LDO20210000199,23,2021-01-18,04:13:18,6081.28,Debit,Completed,,Loan Payment - LN2019020000715,False,,0.87,,Automated,Business Loan,standard_payment,False,loan_payment_generator,False,
TXNL202100000359,ACC0002749,IND19014623,LN2019020000724,LDO20210000200,22,2021-01-04,04:08:35,1478.55,Debit,Completed,,Loan Payment - LN2019020000724,False,,1.41,,Automated,Vehicle Loan,standard_payment,False,loan_payment_generator,False,
TXNL202100000360,ACC0002323,IND19018302,LN2019020000744,,23,2021-01-14,03:16:16,2997.53,Debit,Completed,,Loan Payment - LN2019020000744,False,,2.5,,Automated,Vehicle Loan,standard_payment,False,loan_payment_generator,False,
TXNL202100000361,ACC0001941,IND19014505,LN2019020000757,,23,2021-01-25,04:52:10,1332.59,Debit,Completed,,Loan Payment - LN2019020000757,False,,2.5,,Automated,Home Loan,standard_payment,False,loan_payment_generator,False,
TXNL202100000362,ACC0002614,IND19013339,LN2019020000758,LDO20210000201,23,2021-01-13,03:45:56,969.84,Debit,Completed,,Loan Payment - LN2019020000758,False,,0.6,,Automated,Home Loan,standard_payment,False,loan_payment_generator,False,
TXNL202100000363,ACC0002853,IND19012294,LN2019020000765,,22,2021-01-03,03:40:40,768.03,Debit,Completed,,Loan Payment - LN2019020000765,False,,2.5,,Automated,Home Loan,standard_payment,False,loan_payment_generator,False,
TXNL202100000364,ACC0002615,IND19015330,LN2019020000779,LDO20210000202,23,2021-01-25,04:28:00,1587.18,Debit,Completed,,Loan Payment - LN2019020000779,False,,0.55,,Automated,Vehicle Loan,standard_payment,False,loan_payment_generator,False,
TXNL202100000365,ACC0003311,IND19002488,LN2019020000785,LDO20210000203,23,2021-01-14,03:35:40,607.97,Debit,Completed,,Loan Payment - LN2019020000785,False,,0.7,,Automated,Personal Loan,standard_payment,False,loan_payment_generator,False,
TXNL202100000366,ACC0002378,IND19000460,LN2019020000795,,23,2021-01-08,04:11:20,9850.41,Debit,Completed,,Loan Payment - LN2019020000795,False,,2.5,,Automated,Home Loan,standard_payment,False,loan_payment_generator,False,
TXNL202100000367,ACC0001849,IND19009271,LN2019020000798,,23,2021-01-21,07:24:38,1732.2,Debit,Completed,,Loan Payment - LN2019020000798,False,,2.5,,Mobile,Vehicle Loan,standard_payment,False,loan_payment_generator,False,
TXNL202100000368,ACC0003146,IND19000005,LN2019020000802,,23,2021-01-19,04:51:27,1563.65,Debit,Completed,,Loan Payment - LN2019020000802,False,,2.5,,Automated,Home Loan,standard_payment,False,loan_payment_generator,False,
TXNL202100000369,ACC0002836,IND19014394,LN2019020000804,,22,2021-01-04,04:28:41,1086.74,Debit,Completed,,Loan Payment - LN2019020000804,False,,2.5,,Automated,Home Loan,standard_payment,False,loan_payment_generator,False,
TXNL202100000370,ACC0002256,IND19017147,LN2019020000814,,23,2021-01-23,02:19:56,535.41,Debit,Completed,,Loan Payment - LN2019020000814,False,,2.5,,Automated,Home Loan,standard_payment,False,loan_payment_generator,False,
TXNL202100000371,ACC0002516,IND19011025,LN2019020000819,LDO20210000204,23,2021-01-22,02:21:59,2105.97,Debit,Completed,,Loan Payment - LN2019020000819,False,,1.62,,Automated,Home Loan,standard_payment,False,loan_payment_generator,False,
TXNL202100000372,ACC0002552,IND19001323,LN2019020000826,LDO20210000205,23,2021-01-24,02:15:47,1430.61,Debit,Completed,,Loan Payment - LN2019020000826,False,,1.27,,Automated,Personal Loan,standard_payment,False,loan_payment_generator,False,
TXNL202100000373,ACC0002593,IND19000658,LN2019020000833,,23,2021-01-17,02:30:40,2127.14,Debit,Completed,,Loan Payment - LN2019020000833,False,,2.5,,Automated,Vehicle Loan,standard_payment,False,loan_payment_generator,False,
TXNL202100000374,ACC0002275,IND19006821,LN2019020000837,LDO20210000206,22,2021-01-04,03:06:24,3151.24,Debit,Completed,,Loan Payment - LN2019020000837,False,,1.33,,Automated,Home Loan,standard_payment,False,loan_payment_generator,False,
TXNL202100000375,ACC0002307,IND19005300,LN2019020000862,,23,2021-01-21,03:59:33,1399.17,Debit,Completed,,Loan Payment - LN2019020000862,False,,2.5,,Automated,Personal Loan,standard_payment,False,loan_payment_generator,False,
TXNL202100000376,ACC0002829,IND19012622,LN2019020000865,LDO20210000207,23,2021-01-25,04:28:23,4757.06,Debit,Cancelled,customer_stop_instruction,Loan Payment - LN2019020000865,False,,1.11,,Automated,Home Loan,standard_payment,False,loan_payment_generator,False,
TXNL202100000377,ACC0003073,IND19006240,LN2019020000878,LDO20210000208,22,2021-01-05,02:01:48,1537.76,Debit,Completed,,Loan Payment - LN2019020000878,False,,0.95,,Automated,Home Loan,standard_payment,False,loan_payment_generator,False,
TXNL202100000378,ACC0002311,IND19000946,LN2019020000882,LDO20210000209,23,2021-01-14,02:17:04,3477.54,Debit,Completed,,Loan Payment - LN2019020000882,False,,0.73,,Automated,Home Loan,standard_payment,False,loan_payment_generator,False,
TXNL202100000379,ACC0003363,IND19015447,LN2019020000889,,23,2021-01-25,02:21:49,1507.65,Debit,Completed,,Loan Payment - LN2019020000889,False,,2.5,,Automated,Vehicle Loan,standard_payment,False,loan_payment_generator,False,
TXNL202100000380,ACC0002945,IND19009436,LN2019020000890,,23,2021-01-27,03:40:19,1511.21,Debit,Completed,,Loan Payment - LN2019020000890 - Late Fee,False,,2.5,,Automated,Vehicle Loan,late_payment,False,loan_payment_generator,False,
TXNL202100000381,ACC0002887,IND19008351,LN2019020000892,LDO20210000210,23,2021-01-14,03:58:53,1566.77,Debit,Completed,,Loan Payment - LN2019020000892,False,,1.61,,Automated,Vehicle Loan,standard_payment,False,loan_payment_generator,False,
TXNL202100000382,ACC0002266,IND19017038,LN2019020000905,,23,2021-01-27,02:35:15,940.77,Debit,Completed,,Loan Payment - LN2019020000905,False,,2.5,,Automated,Vehicle Loan,standard_payment,False,loan_payment_generator,False,
TXNL202100000383,ACC0002950,IND19012612,LN2019020000909,LDO20210000211,22,2021-01-07,02:34:41,1553.66,Debit,Completed,,Loan Payment - LN2019020000909,False,,1.94,,Automated,Vehicle Loan,standard_payment,False,loan_payment_generator,False,
TXNL202100000384,ACC0002863,IND19012341,LN2019020000920,LDO20210000212,23,2021-01-21,04:46:25,14070.47,Debit,Completed,,Loan Payment - LN2019020000920,False,,0.96,,Automated,Personal Loan,standard_payment,False,loan_payment_generator,False,
TXNL202100000385,ACC0001724,IND19013608,LN2019020000924,,22,2021-01-06,04:01:49,1689.27,Debit,Completed,,Loan Payment - LN2019020000924,False,,2.5,,Automated,Home Loan,standard_payment,False,loan_payment_generator,False,
TXNL202100000386,ACC0002938,IND19013981,LN2019020000925,LDO20210000213,22,2021-01-03,02:03:14,4511.02,Debit,Completed,,Loan Payment - LN2019020000925,False,,0.4,,Automated,Vehicle Loan,standard_payment,False,loan_payment_generator,False,
TXNL202100000387,ACC0001935,IND19000364,LN2019020000927,,23,2021-01-17,03:46:55,4891.37,Debit,Completed,,Loan Payment - LN2019020000927,False,,2.5,,Automated,Home Loan,standard_payment,False,loan_payment_generator,False,
TXNL202100000388,ACC0002850,IND19013194,LN2019020000934,,23,2021-01-08,03:02:55,4478.19,Debit,Completed,,Loan Payment - LN2019020000934,False,,2.5,,Automated,Home Loan,standard_payment,False,loan_payment_generator,False,
TXNL202100000389,ACC0002545,IND19010159,LN2019020000936,,23,2021-01-21,04:10:07,2435.95,Debit,Completed,,Loan Payment - LN2019020000936,False,,2.5,,Automated,Home Loan,standard_payment,False,loan_payment_generator,False,
TXNL202100000390,ACC0002078,IND19001195,LN2019020000937,LDO20210000215,23,2021-01-24,03:45:37,324.51,Debit,Completed,,Loan Payment - LN2019020000937,False,,0.13,,Automated,Home Loan,standard_payment,False,loan_payment_generator,False,
TXNL202100000391,ACC0002351,IND19016075,LN2019020000960,,23,2021-01-11,04:24:21,1836.24,Debit,Completed,,Loan Payment - LN2019020000960,False,,2.5,,Automated,Vehicle Loan,standard_payment,False,loan_payment_generator,False,
TXNL202100000392,ACC0002105,IND19009176,LN2019020000964,,23,2021-01-17,02:15:29,2557.52,Debit,Completed,,Loan Payment - LN2019020000964,False,,2.5,,Automated,Home Loan,standard_payment,False,loan_payment_generator,False,
TXNL202100000393,ACC0003026,IND19011008,LN2019020000966,LDO20210000216,23,2021-01-14,04:58:37,4535.52,Debit,Completed,,Loan Payment - LN2019020000966,False,,1.04,,Automated,Home Loan,standard_payment,False,loan_payment_generator,False,
TXNL202100000394,ACC0003362,IND19014898,LN2019020000972,LDO20210000217,23,2021-01-25,02:07:30,2665.59,Debit,Completed,,Loan Payment - LN2019020000972 - Extra Principal,False,,0.57,,Automated,Personal Loan,extra_payment,False,loan_payment_generator,False,
TXNL202100000395,ACC0003052,IND19013959,LN2019020000974,LDO20210000218,22,2021-01-02,04:30:39,1601.82,Debit,Completed,,Loan Payment - LN2019020000974,False,,1.11,,Automated,Vehicle Loan,standard_payment,False,loan_payment_generator,False,
TXNL202100000396,ACC0001979,IND19013869,LN2019020000975,LDO20210000219,23,2021-01-25,03:47:36,1940.43,Debit,Completed,,Loan Payment - LN2019020000975,False,,0.07,,Automated,Home Loan,standard_payment,False,loan_payment_generator,False,
TXNL202100000397,ACC0002392,IND19003391,LN2019020000981,LDO20210000220,23,2021-01-23,04:37:09,4118.64,Debit,Completed,,Loan Payment - LN2019020000981,False,,1.06,,Automated,Home Loan,standard_payment,False,loan_payment_generator,False,
TXNL202100000398,ACC0002715,IND19015450,LN2019020000985,LDO20210000221,23,2021-01-17,04:03:52,696.78,Debit,Completed,,Loan Payment - LN2019020000985,False,,1.06,,Automated,Home Loan,standard_payment,False,loan_payment_generator,False,
TXNL202100000399,ACC0002872,IND19004247,LN2019020000990,LDO20210000222,23,2021-01-22,04:10:41,791.46,Debit,Completed,,Loan Payment - LN2019020000990,False,,0.95,,Automated,Home Loan,standard_payment,False,loan_payment_generator,False,
TXNL202100000400,ACC0002357,IND19009146,LN2019020001004,LDO20210000223,23,2021-01-27,04:10:42,283.72,Debit,Completed,,Loan Payment - LN2019020001004,False,,1.27,,Automated,Home Loan,standard_payment,False,loan_payment_generator,False,
TXNL202100000401,ACC0003180,IND19013395,LN2019020001006,LDO20210000224,23,2021-01-20,02:27:41,922.11,Debit,Completed,,Loan Payment - LN2019020001006,False,,0.85,,Automated,Vehicle Loan,standard_payment,False,loan_payment_generator,False,
TXNL202100000402,ACC0002603,IND19013546,LN2019020001008,LDO20210000225,22,2021-01-08,03:24:02,1929.87,Debit,Completed,,Loan Payment - LN2019020001008,False,,0.75,,Automated,Vehicle Loan,standard_payment,False,loan_payment_generator,False,
TXNL202100000403,ACC0002360,IND19002649,LN2019020001017,,23,2021-01-28,03:46:23,616.38,Debit,Completed,,Loan Payment - LN2019020001017,False,,2.5,,Automated,Home Loan,standard_payment,False,loan_payment_generator,False,
TXNL202100000404,ACC0003387,COM19000040,LN2019020001037,LDO20210000226,23,2021-01-11,04:08:05,3782.99,Debit,Completed,,Loan Payment - LN2019020001037,False,,0.84,,Automated,Business Loan,standard_payment,False,loan_payment_generator,False,
TXNL202100000405,ACC0003126,IND19007989,LN2019020001039,,23,2021-01-25,01:28:37,1798.74,Debit,Completed,,Loan Payment - LN2019020001039,False,,2.5,,Online,Vehicle Loan,standard_payment,False,loan_payment_generator,False,
TXNL202100000406,ACC0002094,IND19009892,LN2019020001042,,23,2021-01-21,02:46:11,317.27,Debit,Completed,,Loan Payment - LN2019020001042,False,,2.5,,Automated,Home Loan,standard_payment,False,loan_payment_generator,False,
TXNL202100000407,ACC0002922,IND19017388,LN2019020001066,,23,2021-01-26,03:55:11,3091.61,Debit,Completed,,Loan Payment - LN2019020001066,False,,2.5,,Automated,Personal Loan,standard_payment,False,loan_payment_generator,False,
TXNL202100000408,ACC0003103,IND19002063,LN2019020001071,,23,2021-01-28,02:25:44,1847.29,Debit,Completed,,Loan Payment - LN2019020001071,False,,2.5,,Automated,Home Loan,standard_payment,False,loan_payment_generator,False,
TXNL202100000409,ACC0002842,IND19014493,LN2019020001076,,23,2021-01-26,03:03:35,821.56,Debit,Completed,,Loan Payment - LN2019020001076,False,,2.5,,Automated,Home Loan,standard_payment,False,loan_payment_generator,False,
TXNL202100000410,ACC0002380,IND19009296,LN2019020001080,LDO20210000227,23,2021-01-12,02:47:36,753.88,Debit,Completed,,Loan Payment - LN2019020001080,False,,0.25,,Automated,Home Loan,standard_payment,False,loan_payment_generator,True,amount_rounding_error
TXNL202100000411,ACC0002532,IND19011247,LN2019020001085,,22,2021-01-04,02:51:16,6086.03,Debit,Completed,,Loan Payment - LN2019020001085,False,,2.5,,Automated,Vehicle Loan,standard_payment,False,loan_payment_generator,False,
TXNL202100000412,ACC0001696,IND19002701,LN2019020001092,,23,2021-01-22,04:11:57,3045.49,Debit,Completed,,Loan Payment - LN2019020001092,False,,2.5,,Automated,Home Loan,standard_payment,False,loan_payment_generator,False,
TXNL202100000413,ACC0002035,IND19007323,LN2019020001096,LDO20210000228,23,2021-01-12,02:55:44,2243.88,Debit,Completed,,Loan Payment - LN2019020001096,False,,1.22,,Automated,Personal Loan,standard_payment,False,loan_payment_generator,False,
TXNL202100000414,ACC0002258,IND19014680,LN2019020001105,LDO20210000229,23,2021-01-20,03:45:47,954.34,Debit,Completed,,Loan Payment - LN2019020001105,False,,0.82,,Automated,Home Loan,standard_payment,False,loan_payment_generator,False,
TXNL202100000415,ACC0001973,IND19016866,LN2019020001109,LDO20210000230,22,2021-01-07,02:29:37,174.42,Debit,Completed,,Loan Payment - LN2019020001109,False,,1.25,,Automated,Home Loan,standard_payment,False,loan_payment_generator,False,
TXNL202100000416,ACC0003282,IND19007494,LN2019020001115,,23,2021-01-25,07:35:22,1527.34,Debit,Completed,,Loan Payment - LN2019020001115,False,,2.5,,Mobile,Home Loan,standard_payment,False,loan_payment_generator,False,
TXNL202100000417,ACC0002616,IND19013889,LN2019020001123,LDO20210000231,22,2021-01-10,04:18:47,3074.89,Debit,Completed,,Loan Payment - LN2019020001123,False,,0.88,,Automated,Home Loan,standard_payment,False,loan_payment_generator,False,
TXNL202100000418,ACC0002088,IND19007131,LN2019020001137,LDO20210000232,23,2021-01-21,02:23:18,2386.69,Debit,Completed,,Loan Payment - LN2019020001137,False,,1.63,,Automated,Personal Loan,standard_payment,False,loan_payment_generator,False,
TXNL202100000419,ACC0002796,IND19012904,LN2019020001152,,23,2021-01-20,02:57:32,2746.27,Debit,Completed,,Loan Payment - LN2019020001152,False,,2.5,,Automated,Personal Loan,standard_payment,False,loan_payment_generator,False,
TXNL202100000420,ACC0001931,IND19007273,LN2019020001154,LDO20210000234,23,2021-01-23,03:08:45,5304.28,Debit,Completed,,Loan Payment - LN2019020001154,False,,0.43,,Automated,Home Loan,standard_payment,False,loan_payment_generator,False,
TXNL202100000421,ACC0001963,IND19000852,LN2019020001162,LDO20210000235,22,2021-01-02,04:34:51,2113.68,Debit,Completed,,Loan Payment - LN2019020001162,False,,1.49,,Automated,Vehicle Loan,standard_payment,False,loan_payment_generator,False,
TXNL202100000422,ACC0003255,IND19007580,LN2019020001166,,22,2021-01-04,04:39:36,4556.35,Debit,Completed,,Loan Payment - LN2019020001166,False,,2.5,,Automated,Personal Loan,standard_payment,False,loan_payment_generator,False,
TXNL202100000423,ACC0002548,IND19009203,LN2019020001173,LDO20210000236,23,2021-01-15,03:55:24,1358.4,Debit,Completed,,Loan Payment - LN2019020001173,False,,1.03,,Automated,Vehicle Loan,standard_payment,False,loan_payment_generator,False,
TXNL202100000424,ACC0002414,IND19014095,LN2019020001175,LDO20210000237,23,2021-01-12,02:21:45,2140.35,Debit,Completed,,Loan Payment - LN2019020001175,False,,1.36,,Automated,Personal Loan,standard_payment,False,loan_payment_generator,False,
TXNL202100000425,ACC0003373,COM19000122,LN2019020001179,LDO20210000238,22,2021-01-03,02:50:18,10387.14,Debit,Failed,insufficient_funds,Loan Payment - LN2019020001179 - Late Fee,False,,1.75,,Automated,Business Loan,late_payment,False,loan_payment_generator,False,
TXNL202100000426,ACC0002883,IND19001519,LN2019020001184,LDO20210000240,23,2021-01-19,04:26:09,4495.62,Debit,Completed,,Loan Payment - LN2019020001184,False,,0.01,,Automated,Personal Loan,standard_payment,False,loan_payment_generator,False,
TXNL202100000427,ACC0002914,IND19000645,LN2019020001200,,23,2021-01-23,03:44:34,1199.23,Debit,Completed,,Loan Payment - LN2019020001200,False,,2.5,,Automated,Personal Loan,standard_payment,False,loan_payment_generator,False,
TXNL202100000428,ACC0002010,IND19014883,LN2019020001206,LDO20210000241,23,2021-01-19,04:32:37,1419.76,Debit,Completed,,Loan Payment - LN2019020001206,False,,0.65,,Automated,Vehicle Loan,standard_payment,False,loan_payment_generator,False,
TXNL202100000429,ACC0002804,IND19008905,LN2019020001208,LDO20210000242,22,2021-01-05,04:50:40,2772.91,Debit,Completed,,Loan Payment - LN2019020001208,False,,1.27,,Automated,Vehicle Loan,standard_payment,False,loan_payment_generator,False,
TXNL202100000430,ACC0003009,IND19000437,LN2019020001218,,23,2021-01-12,04:05:37,1473.91,Debit,Completed,,Loan Payment - LN2019020001218,False,,2.5,,Automated,Vehicle Loan,standard_payment,False,loan_payment_generator,False,
TXNL202100000431,ACC0002355,IND19008560,LN2019020001219,LDO20210000243,23,2021-01-24,03:38:34,1553.81,Debit,Completed,,Loan Payment - LN2019020001219,False,,0.74,,Automated,Vehicle Loan,standard_payment,False,loan_payment_generator,False,
TXNL202100000432,ACC0002716,IND19017246,LN2019020001222,LDO20210000244,23,2021-01-27,04:54:37,3796.2,Debit,Completed,,Loan Payment - LN2019020001222,False,,0.6,,Automated,Personal Loan,standard_payment,False,loan_payment_generator,False,
TXNL202100000433,ACC0003356,IND19007954,LN2019020001223,LDO20210000245,23,2021-01-25,04:42:25,9523.02,Debit,Completed,,Loan Payment - LN20190200...,False,,0.93,,Automated,Personal Loan,standard_payment,False,loan_payment_generator,True,truncated_description
TXNL202100000434,ACC0002600,IND19015358,LN2019020001229,,23,2021-01-09,02:08:20,491.51,Debit,Completed,,Loan Payment - LN2019020001229,False,,2.5,,Automated,Home Loan,standard_payment,False,loan_payment_generator,False,
TXNL202100000435,ACC0002246,IND19004617,LN2019020001243,,23,2021-01-25,04:50:54,5200.98,Debit,Completed,,Loan Payment - LN2019020001243,False,,2.5,,Automated,Home Loan,standard_payment,False,loan_payment_generator,False,
TXNL202100000436,ACC0002427,IND19009616,LN2019020001250,LDO20210000246,22,2021-01-02,02:04:25,3894.08,Debit,Completed,,Loan Payment - LN2019020001250,False,,0.96,,Automated,Personal Loan,standard_payment,False,loan_payment_generator,False,
TXNL202100000437,ACC0001882,IND19006814,LN2019020001256,LDO20210000247,23,2021-01-21,02:27:11,5583.94,Debit,Completed,,Loan Payment - LN2019020001256,False,,0.51,,Automated,Personal Loan,standard_payment,False,loan_payment_generator,False,
TXNL202100000438,ACC0002651,IND19009080,LN2019020001275,,23,2021-01-21,02:35:38,1804.02,Debit,Completed,,Loan Payment - LN2019020001275,False,,2.5,,Automated,Vehicle Loan,standard_payment,False,loan_payment_generator,False,
TXNL202100000439,ACC0001686,IND19008913,LN2019020001278,,23,2021-01-23,03:21:55,587.4,Debit,Completed,,Loan Payment - LN2019020001278,False,,2.5,,Automated,Home Loan,standard_payment,False,loan_payment_generator,False,
TXNL202100000440,ACC0002843,IND19009059,LN2019020001279,LDO20210000248,23,2021-01-11,02:34:40,1661.09,Debit,Completed,,Loan Payment - LN2019020001279,False,,1.41,,Automated,Home Loan,standard_payment,False,loan_payment_generator,False,
TXNL202100000441,ACC0003172,IND19000281,LN2019020001280,LDO20210000249,22,2021-01-02,03:01:34,217.27,Debit,Completed,,Loan Payment - LN2019020001280,False,,1.35,,Automated,Home Loan,standard_payment,False,loan_payment_generator,False,
TXNL202100000442,ACC0002219,IND19006312,LN2019020001283,,22,2021-01-03,03:42:41,2061.08,Debit,Completed,,Loan Payment - LN2019020001283,False,,2.5,,Automated,Home Loan,standard_payment,False,loan_payment_generator,False,
TXNL202100000443,ACC0002854,IND19005459,LN2019020001284,,22,2021-01-01,04:54:38,2475.14,Debit,Completed,,Loan Payment - LN2019020001284,False,,2.5,,Automated,Vehicle Loan,standard_payment,False,loan_payment_generator,False,
TXNL202100000444,ACC0002285,IND19014584,LN2019020001295,LDO20210000250,23,2021-01-27,03:03:12,3235.37,Debit,Completed,,Loan Payment - LN2019020001295 - Late Fee,False,,0.11,,Automated,Personal Loan,late_payment,False,loan_payment_generator,False,
TXNL202100000445,ACC0002565,IND19014379,LN2019020001297,,22,2021-01-01,02:18:54,1201.14,Debit,Failed,bank_timeout,Loan Payment - LN2019020001297 - Recovery,False,,2.5,,Automated,Home Loan,recovery_payment,True,loan_payment_generator,False,
TXNL202100000446,ACC0002706,IND19008660,LN2019020001302,LDO20210000251,22,2021-01-03,02:28:50,1028.93,Debit,Completed,,Loan Payment - LN2019020001302,False,,1.29,,Automated,Vehicle Loan,standard_payment,False,loan_payment_generator,False,
TXNL202100000447,ACC0002608,IND19002868,LN2019020001303,LDO20210000252,22,2021-01-03,04:12:37,537.81,Debit,Completed,,Loan Payment - LN2019020001303,False,,0.19,,Automated,Vehicle Loan,standard_payment,False,loan_payment_generator,False,
TXNL202100000448,ACC0003229,IND19017654,LN2019020001304,,22,2021-01-04,03:05:23,1778.22,Debit,Completed,,Loan Payment - LN2019020001304,False,,2.5,,Automated,Vehicle Loan,standard_payment,False,loan_payment_generator,False,
TXNL202100000449,ACC0002126,IND19017584,LN2019020001307,,23,2021-01-08,03:05:12,560.85,Debit,Completed,,Loan Payment - LN2019020001307,False,,2.5,,Automated,Personal Loan,standard_payment,False,loan_payment_generator,False,
TXNL202100000450,ACC0002865,IND19014744,LN2019020001331,LDO20210000253,23,2021-01-24,02:36:27,2376.76,Debit,Completed,,Loan Payment - LN2019020001331,False,,0.75,,Automated,Home Loan,standard_payment,False,loan_payment_generator,False,
TXNL202100000451,ACC0003085,IND19014153,LN2019020001339,,23,2021-01-10,03:27:34,3059.41,Debit,Completed,,Loan Payment - LN2019020001339,False,,2.5,,Mobile,Home Loan,standard_payment,False,loan_payment_generator,False,
TXNL202100000452,ACC0002844,IND19010577,LN2019020001341,LDO20210000254,23,2021-01-24,02:40:21,458.98,Debit,Completed,,Loan Payment - LN2019020001341,False,,1.62,,Automated,Home Loan,standard_payment,False,loan_payment_generator,False,
TXNL202100000453,ACC0001982,IND19011705,LN2019020001344,,22,2021-01-02,04:55:50,1430.9,Debit,Completed,,Loan Payment - LN2019020001344,False,,2.5,,Automated,Personal Loan,standard_payment,False,loan_payment_generator,False,
TXNL202100000454,ACC0003348,IND19007382,LN2019020001350,LDO20210000255,22,2021-01-03,07:06:05,432.03,Debit,Completed,,Loan Payment - LN2019020001350,False,,1.29,,Automated,Home Loan,standard_payment,False,loan_payment_generator,True,timestamp_shift
TXNL202100000455,ACC0002667,IND19017137,LN2019020001354,,23,2021-01-08,03:17:59,2323.52,Debit,Completed,,Loan Payment - LN2019020001354,False,,2.5,,Automated,Vehicle Loan,standard_payment,False,loan_payment_generator,False,
TXNL202100000456,ACC0002043,IND19013344,LN2019020001362,LDO20210000256,23,2021-01-27,04:06:31,5082.63,Debit,Completed,,Loan Payment - LN2019020001362,False,,0.92,,Automated,Home Loan,standard_payment,False,loan_payment_generator,False,
TXNL202100000457,ACC0002386,IND19005252,LN2019020001365,,23,2021-01-27,04:45:11,3006.04,Debit,Completed,,Loan Payment - LN2019020001365,False,,2.5,,Automated,Home Loan,standard_payment,False,loan_payment_generator,False,
TXNL202100000458,ACC0002944,IND19011863,LN2019020001367,LDO20210000257,23,2021-01-26,01:44:23,12053.02,Debit,Completed,,Loan Payment - LN2019020001367,False,,1.91,,Automated,Personal Loan,standard_payment,False,loan_payment_generator,True,timestamp_shift
TXNL202100000459,ACC0001839,IND19013991,LN2019020001369,LDO20210000258,23,2021-01-23,03:43:20,1996.53,Debit,Completed,,Loan Payment - LN2019020001369,False,,0.54,,Automated,Home Loan,standard_payment,False,loan_payment_generator,False,
TXNL202100000460,ACC0002465,IND19016811,LN2019020001377,LDO20210000259,22,2021-01-05,02:46:22,1543.7,Debit,Completed,,Loan Payment - LN2019020001377,False,,0.36,,Automated,Personal Loan,standard_payment,False,loan_payment_generator,False,
TXNL202100000461,ACC0001894,IND19004378,LN2019020001378,LDO20210000260,22,2021-01-05,03:53:44,1609.2,Debit,Completed,,Loan Payment - LN2019020001378,False,,1.38,,Automated,Home Loan,standard_payment,False,loan_payment_generator,False,
TXNL202100000462,ACC0003318,IND19006216,LN2019020001380,,22,2021-01-07,03:20:51,2094.85,Debit,Completed,,Loan Payment - LN2019020001380,False,,2.5,,Automated,Personal Loan,standard_payment,False,loan_payment_generator,False,
TXNL202100000463,ACC0002531,IND19001693,LN2019020001383,LDO20210000261,23,2021-01-12,04:50:13,3180.5,Debit,Failed,account_blocked,Loan Payment - LN2019020001383,False,,0.64,,Automated,Home Loan,standard_payment,False,loan_payment_generator,False,
TXNL202100000464,ACC0003067,IND19018432,LN2019020001385,,23,2021-01-17,05:59:24,4889.5,Debit,Completed,,Loan Payment - LN2019020001385,True,,10.0,,Online,Home Loan,standard_payment,False,loan_payment_generator,False,
TXNL202100000465,ACC0002086,IND19008021,LN2019020001388,LDO20210000262,22,2021-01-02,03:39:40,14055.17,Debit,Completed,,Loan Payment - LN2019020001388,False,,1.82,,Automated,Personal Loan,standard_payment,False,loan_payment_generator,False,
TXNL202100000466,ACC0002270,IND19008555,LN2019020001392,LDO20210000263,23,2021-01-19,04:12:43,2802.46,Debit,Completed,,Loan Payment - LN2019020001392,False,,1.68,,Automated,Vehicle Loan,standard_payment,False,loan_payment_generator,False,
TXNL202100000467,ACC0002271,IND19005363,LN2019020001405,,23,2021-01-18,04:31:23,682.27,Debit,Completed,,Loan Payment - LN2019020001405,False,,2.5,,Automated,Vehicle Loan,standard_payment,False,loan_payment_generator,False,
TXNL202100000468,ACC0002781,IND19014982,LN2019020001437,,23,2021-01-21,04:09:46,1692.3,Debit,Completed,,Loan Payment - LN20190200...,False,,2.5,,Automated,Home Loan,recovery_payment,True,loan_payment_generator,True,truncated_description
TXNL202100000469,ACC0003309,IND19012910,LN2019020001438,LDO20210000265,23,2021-01-18,03:32:04,629.22,Debit,Completed,,Loan Payment - LN2019020001438,False,,0.26,,Automated,Personal Loan,standard_payment,False,loan_payment_generator,False,
TXNL202100000470,ACC0001887,IND19001120,LN2019020001448,,22,2021-01-06,02:14:48,1710.45,Debit,Failed,mandate_limit,Loan Payment - LN2019020001448,False,,2.5,,Automated,Home Loan,standard_payment,False,loan_payment_generator,False,
TXNL202100000471,ACC0001924,IND19001686,LN2019020001456,LDO20210000266,23,2021-01-15,02:48:51,8307.36,Debit,Completed,,Loan Payment - LN2019020001456,False,,0.32,,Automated,Home Loan,standard_payment,False,loan_payment_generator,False,
TXNL202100000472,ACC0002986,IND19008991,LN2019020001462,LDO20210000267,23,2021-01-27,04:47:12,2225.57,Debit,Completed,,Loan Payment - LN2019020001462,False,,0.9,,Automated,Personal Loan,standard_payment,False,loan_payment_generator,False,
TXNL202100000473,ACC0002313,IND19000581,LN2019020001463,,22,2021-01-01,03:13:52,1624.82,Debit,Completed,,Loan Payment - LN2019020001463,False,,2.5,,Automated,Home Loan,standard_payment,False,loan_payment_generator,False,
TXNL202100000474,ACC0002541,IND19004970,LN2019020001474,LDO20210000268,23,2021-01-18,04:22:38,1037.6,Debit,Completed,,Loan Payment - LN2019020001474,False,,0.22,,Automated,Home Loan,standard_payment,False,loan_payment_generator,False,
TXNL202100000475,ACC0001943,IND19008817,LN2019020001478,,23,2021-01-25,04:40:30,1720.34,Debit,Completed,,Loan Payment - LN2019020001478 - Partial,False,,2.5,,Automated,Vehicle Loan,partial_payment,False,loan_payment_generator,False,
TXNL202100000476,ACC0001683,IND19010211,LN2019020001483,LDO20210000269,23,2021-01-16,02:52:46,2642.7,Debit,Completed,,Loan Payment - LN2019020001483,False,,0.99,,Automated,Vehicle Loan,standard_payment,False,loan_payment_generator,False,
TXNL202100000477,ACC0002525,IND19004722,LN2019020001484,LDO20210000270,23,2021-01-21,04:33:25,2876.27,Debit,Completed,,Loan Payment - LN2019020001484,False,,1.1,,Automated,Personal Loan,standard_payment,False,loan_payment_generator,False,
TXNL202100000478,ACC0002484,IND19004147,LN2019020001508,LDO20210000271,23,2021-01-20,02:14:07,989.47,Debit,Completed,,Loan Payment - LN2019020001508 - Partial,False,,1.27,,Automated,Home Loan,partial_payment,False,loan_payment_generator,False,
TXNL202100000479,ACC0003296,IND19010605,LN2019020001509,,22,2021-01-01,02:45:15,1665.66,Debit,Completed,,Loan Payment - LN2019020001509 - Extra Principal,False,,2.5,,Automated,Personal Loan,extra_payment,False,loan_payment_generator,False,
TXNL202100000480,ACC0003244,IND19013831,LN2019020001511,,23,2021-01-11,04:54:13,2369.53,Debit,Completed,,Loan Payment - LN2019020001511,False,,2.5,,Automated,Vehicle Loan,standard_payment,False,loan_payment_generator,False,
TXNL202100000481,ACC0002884,IND19002085,LN2019020001512,,23,2021-01-22,03:06:39,345.99,Debit,Completed,,Loan Payment - LN2019020001512 - Partial,False,,2.5,,Automated,Personal Loan,partial_payment,False,loan_payment_generator,False,
TXNL202100000482,ACC0002408,IND19009301,LN2019020001526,LDO20210000273,23,2021-01-16,02:03:23,5924.63,Debit,Completed,,Loan Payment - LN2019020001526,False,,0.62,,Automated,Personal Loan,standard_payment,False,loan_payment_generator,False,
TXNL202100000483,ACC0002325,IND19016171,LN2019020001529,,23,2021-01-27,04:16:32,1154.7,Debit,Completed,,Loan Payment - LN2019020001529,False,,2.5,,Automated,Vehicle Loan,standard_payment,False,loan_payment_generator,False,
TXNL202100000484,ACC0002031,IND19007650,LN2019020001530,LDO20210000274,23,2021-01-28,03:55:35,2382.84,Debit,Completed,,Loan Payment - LN2019020001530,False,,0.32,,Automated,Vehicle Loan,standard_payment,False,loan_payment_generator,False,
TXNL202100000485,ACC0002674,IND19014651,LN2019020001536,,23,2021-01-13,04:16:24,1313.8,Debit,Completed,,Loan Payment - LN2019020001536 - Late Fee,False,,2.5,,Automated,Home Loan,late_payment,False,loan_payment_generator,False,
TXNL202100000486,ACC0001964,IND19008409,LN2019020001539,,23,2021-01-19,04:32:36,1350.81,Debit,Failed,account_blocked,Loan Payment - LN2019020001539,False,,2.5,,Automated,Vehicle Loan,standard_payment,False,loan_payment_generator,False,
TXNL202100000487,ACC0002771,IND19011631,LN2019020001543,LDO20210000275,22,2021-01-02,03:45:08,2547.21,Debit,Completed,,Loan Payment - LN2019020001543,False,,1.47,,Automated,Vehicle Loan,standard_payment,False,loan_payment_generator,False,
TXNL202100000488,ACC0002828,IND19012622,LN2019020001549,,23,2021-01-26,01:13:55,4329.31,Debit,Completed,,Loan Payment - LN2019020001549,False,,2.5,,Online,Home Loan,standard_payment,False,loan_payment_generator,False,
TXNL202100000489,ACC0002736,IND19015711,LN2019020001555,LDO20210000276,22,2021-01-08,02:04:32,7311.86,Debit,Completed,,Loan Payment - LN2019020001555,False,,0.26,,Automated,Home Loan,standard_payment,False,loan_payment_generator,False,
TXNL202100000490,ACC0003106,IND19016907,LN2019020001560,LDO20210000277,22,2021-01-05,03:04:29,1638.35,Debit,Completed,,Loan Payment - LN2019020001560 - Partial,False,,1.47,,Automated,Home Loan,partial_payment,False,loan_payment_generator,False,
TXNL202100000491,ACC0002358,IND19017857,LN2019020001563,,22,2021-01-03,04:04:50,4140.97,Debit,Completed,,Loan Payment - LN2019020001563,False,,2.5,,Automated,Personal Loan,standard_payment,False,loan_payment_generator,False,
TXNL202100000492,ACC0003136,IND19002072,LN2019020001570,LDO20210000278,23,2021-01-17,02:35:42,9835.06,Debit,Completed,,Loan Payment - LN2019020001570,False,,1.87,,Automated,Personal Loan,standard_payment,False,loan_payment_generator,False,
TXNL202100000493,ACC0001800,IND19010748,LN2019020001576,LDO20210000279,23,2021-01-22,04:38:20,934.85,Debit,Completed,,Loan Payment - LN2019020001576,False,,0.37,,Automated,Home Loan,standard_payment,False,loan_payment_generator,False,
TXNL202100000494,ACC0002118,IND19002552,LN2019020001587,LDO20210000280,23,2021-01-18,03:02:55,1812.57,Debit,Completed,,Loan Payment - LN2019020001587,False,,1.55,,Automated,Home Loan,standard_payment,False,loan_payment_generator,False,
TXNL202100000495,ACC0002418,IND19013797,LN2019020001588,LDO20210000281,23,2021-01-14,03:00:16,3510.14,Debit,Completed,,Loan Payment - LN2019020001588 - Late Fee,False,,0.11,,Automated,Vehicle Loan,late_payment,False,loan_payment_generator,False,
TXNL202100000496,ACC0002407,IND19009301,LN2019020001589,LDO20210000282,22,2021-01-02,03:53:51,867.02,Debit,Completed,,Loan Payment - LN2019020001589,False,,0.89,,Automated,Home Loan,standard_payment,False,loan_payment_generator,False,
TXNL202100000497,ACC0002729,IND19003746,LN2019020001596,LDO20210000283,22,2021-01-04,02:42:34,992.54,Debit,Completed,,Loan Payment - LN2019020001596,False,,0.25,,Automated,Home Loan,standard_payment,False,loan_payment_generator,False,
TXNL202100000498,ACC0003379,COM19000033,LN2019020001598,,23,2021-01-16,03:13:40,7293.75,Debit,Completed,,Loan Payment - LN2019020001598,False,,2.5,,Automated,Business Loan,standard_payment,False,loan_payment_generator,False,
TXNL202100000499,ACC0002504,IND19013977,LN2019020001601,,22,2021-01-02,02:19:03,12076.83,Debit,Completed,,Loan Payment - LN2019020001601,False,,2.5,,Automated,Personal Loan,standard_payment,False,loan_payment_generator,False,
TXNL202100000500,ACC0002510,IND19002274,LN2019020001617,,23,2021-01-27,04:01:12,2228.21,Debit,Completed,,Loan Payment - LN2019020001617,False,,2.5,,Automated,Home Loan,standard_payment,False,loan_payment_generator,False,
TXNL202100000501,ACC0001705,IND19014082,LN2019020001618,LDO20210000285,23,2021-01-22,03:00:50,1736.23,Debit,Cancelled,customer_stop_instruction,Loan Payment - LN2019020001618,False,,0.88,,Automated,Home Loan,standard_payment,False,loan_payment_generator,False,
TXNL202100000502,ACC0002822,IND19006281,LN2019020001622,,22,2021-01-02,04:37:26,4500.29,Debit,Completed,,Loan Payment - LN2019020001622,False,,2.5,,Automated,Vehicle Loan,standard_payment,False,loan_payment_generator,False,
TXNL202100000503,ACC0005214,IND19006678,LN2019030000006,,22,2021-01-12,03:49:48,3968.84,Debit,Completed,,Loan Payment - LN2019030000006,False,,2.5,,Automated,Home Loan,standard_payment,False,loan_payment_generator,False,
TXNL202100000504,ACC0003560,IND19010424,LN2019030000010,LDO20210000286,22,2021-01-18,04:44:03,1292.77,Debit,Completed,,Loan Payment - LN2019030000010 - Late Fee,False,,1.19,,Automated,Home Loan,late_payment,False,loan_payment_generator,False,
TXNL202100000505,ACC0004191,IND19015053,LN2019030000012,LDO20210000287,22,2021-01-13,03:29:25,670.56,Debit,Completed,,Loan Payment - LN2019030000012,False,,1.27,,Automated,Home Loan,standard_payment,False,loan_payment_generator,False,
TXNL202100000506,ACC0005240,IND19010259,LN2019030000015,LDO20210000288,22,2021-01-14,03:38:48,408.33,Debit,Completed,,Loan Payment - LN2019030000015,False,,0.85,,Automated,Home Loan,standard_payment,False,loan_payment_generator,False,
TXNL202100000507,ACC0004297,IND19005893,LN2019030000018,,22,2021-01-16,03:20:50,2628.4,Debit,Completed,,Loan Payment - LN2019030000018 - Recovery,False,,2.5,,Automated,Home Loan,recovery_payment,True,loan_payment_generator,False,
TXNL202100000508,ACC0004260,IND19001236,LN2019030000027,,21,2021-01-01,02:10:04,646.24,Debit,Completed,,Loan Payment - LN2019030000027,False,,2.5,,Automated,Home Loan,standard_payment,False,loan_payment_generator,False,
TXNL202100000509,ACC0004727,IND19005207,LN2019030000029,LDO20210000289,22,2021-01-14,03:51:01,4512.24,Debit,Completed,,Loan Payment - LN2019030000029,False,,0.9,,Automated,Home Loan,standard_payment,False,loan_payment_generator,True,amount_rounding_error
TXNL202100000510,ACC0003650,IND19018294,LN2019030000031,,22,2021-01-28,02:56:06,2710.55,Debit,Completed,,Loan Payment - LN2019030000031,False,,2.5,,Automated,Personal Loan,standard_payment,False,loan_payment_generator,False,
TXNL202100000511,ACC0004333,IND19009236,LN2019030000032,LDO20210000290,22,2021-01-24,02:08:43,2007.71,Debit,Completed,,Loan Payment - LN2019030000032,False,,1.59,,Automated,Home Loan,standard_payment,False,loan_payment_generator,False,
TXNL202100000512,ACC0004076,IND19009083,LN2019030000034,LDO20210000291,22,2021-01-24,03:29:27,1651.88,Debit,Completed,,Loan Payment - LN2019030000034,False,,0.32,,Automated,Personal Loan,standard_payment,False,loan_payment_generator,False,
TXNL202100000513,ACC0004876,IND19008354,LN2019030000035,LDO20210000292,21,2021-01-07,04:30:46,6265.24,Debit,Completed,,Loan Payment - LN2019030000035,False,,0.01,,Automated,Vehicle Loan,standard_payment,False,loan_payment_generator,False,
TXNL202100000514,ACC0003564,IND19020414,LN2019030000036,,22,2021-01-23,04:10:27,3232.58,Debit,Completed,,Loan Payment - LN2019030000036,False,,2.5,,Automated,Vehicle Loan,standard_payment,False,loan_payment_generator,False,
TXNL202100000515,ACC0003537,IND19010522,LN2019030000043,LDO20210000293,21,2021-01-13,03:17:30,2859.03,Debit,Completed,,Loan Payment - LN2019030000043,False,,1.31,,Automated,Personal Loan,standard_payment,False,loan_payment_generator,False,
TXNL202100000516,ACC0004528,IND19009624,LN2019030000050,,22,2021-01-26,05:18:03,3461.37,Debit,Completed,,Loan Payment - LN2019030000050,False,,2.5,,Online,Home Loan,standard_payment,False,loan_payment_generator,False,
TXNL202100000517,ACC0003910,IND19014211,LN2019030000051,LDO20210000294,22,2021-01-28,03:14:38,1157.14,Debit,Completed,,Loan Payment - LN2019030000051,False,,1.1,,Automated,Personal Loan,standard_payment,False,loan_payment_generator,False,
TXNL202100000518,ACC0005435,IND19007350,LN2019030000052,LDO20210000295,22,2021-01-31,02:02:38,4551.3,Debit,Completed,,Loan Payment - LN2019030000052,False,,0.48,,Automated,Home Loan,standard_payment,False,loan_payment_generator,False,
TXNL202100000519,ACC0004853,IND19015189,LN2019030000054,LDO20210000296,22,2021-01-23,03:52:51,5218.47,Debit,Completed,,Loan Payment - LN2019030000054,False,,0.13,,Automated,Home Loan,standard_payment,False,loan_payment_generator,False,
TXNL202100000520,ACC0003436,IND19020844,LN2019030000059,,22,2021-01-15,04:17:49,4783.25,Debit,Completed,,Loan Payment - LN2019030000059,False,,2.5,,Automated,Personal Loan,standard_payment,False,loan_payment_generator,False,
TXNL202100000521,ACC0005280,IND19003896,LN2019030000063,,22,2021-01-18,04:45:19,5642.92,Debit,Completed,,Loan Payment - LN2019030000063,False,,2.5,,Automated,Home Loan,standard_payment,False,loan_payment_generator,False,
TXNL202100000522,ACC0003719,IND19005540,LN2019030000068,,22,2021-01-11,02:16:07,2511.74,Debit,Completed,,Loan Payment - LN2019030000068,False,,2.5,,Automated,Home Loan,standard_payment,False,loan_payment_generator,False,
TXNL202100000523,ACC0005297,IND19006641,LN2019030000078,LDO20210000297,21,2021-01-03,03:49:14,1346.58,Debit,Completed,,Loan Payment - LN2019030000078,False,,0.28,,Automated,Home Loan,standard_payment,False,loan_payment_generator,False,
TXNL202100000524,ACC0005434,IND19003857,LN2019030000087,LDO20210000298,21,2021-01-06,04:51:56,3602.08,Debit,Completed,,Loan Payment - LN2019030000087,False,,1.21,,Automated,Personal Loan,standard_payment,False,loan_payment_generator,False,
TXNL202100000525,ACC0003574,IND19015788,LN2019030000089,LDO20210000299,21,2021-01-10,02:34:35,443.54,Debit,Completed,,Loan Payment - LN2019030000089 - Partial,False,,1.0,,Automated,Home Loan,partial_payment,False,loan_payment_generator,False,
TXNL202100000526,ACC0003832,IND19007607,LN2019030000092,,22,2021-01-27,02:23:32,1185.01,Debit,Completed,,Loan Payment - LN2019030000092,False,,2.5,,Automated,Home Loan,standard_payment,False,loan_payment_generator,False,
TXNL202100000527,ACC0003996,IND19020718,LN2019030000102,LDO20210000300,21,2021-01-07,03:29:54,2617.61,Debit,Completed,,Loan Payment - LN2019030000102,False,,1.84,,Automated,Personal Loan,standard_payment,False,loan_payment_generator,False,
TXNL202100000528,ACC0005190,IND19012666,LN2019030000109,,22,2021-01-21,03:20:04,1260.43,Debit,Completed,,Loan Payment - LN2019030000109,False,,2.5,,Automated,Personal Loan,standard_payment,False,loan_payment_generator,False,
TXNL202100000529,ACC0005254,IND19003949,LN2019030000117,LDO20210000301,22,2021-01-24,02:03:36,3264.19,Debit,Completed,,Loan Payment - LN2019030000117,False,,1.08,,Automated,Home Loan,standard_payment,False,loan_payment_generator,False,
TXNL202100000530,ACC0004543,IND19009335,LN2019030000134,LDO20210000302,21,2021-01-07,03:36:32,1932.17,Debit,Completed,,Loan Payment - LN20190300...,False,,0.54,,Automated,Vehicle Loan,standard_payment,False,loan_payment_generator,True,truncated_description
TXNL202100000531,ACC0003783,IND19008845,LN2019030000144,,22,2021-01-29,04:11:24,14083.23,Debit,Completed,,Loan Payment - LN2019030000144,False,,2.5,,Online,Personal Loan,standard_payment,False,loan_payment_generator,False,
TXNL202100000532,ACC0004243,IND19015877,LN2019030000176,LDO20210000303,22,2021-01-16,02:52:14,2758.64,Debit,Failed,account_blocked,Loan Payment - LN2019030000176,False,,1.02,,Automated,Personal Loan,standard_payment,False,loan_payment_generator,False,
TXNL202100000533,ACC0004115,IND19003240,LN2019030000182,,22,2021-01-15,05:29:33,912.65,Debit,Completed,,Loan Payment - LN2019030000182,False,,2.5,,Online,Home Loan,standard_payment,False,loan_payment_generator,False,
TXNL202100000534,ACC0004317,IND19004320,LN2019030000205,,22,2021-01-24,04:06:36,3118.87,Debit,Completed,,Loan Payment - LN2019030000205,False,,2.5,,Automated,Home Loan,standard_payment,False,loan_payment_generator,False,
TXNL202100000535,ACC0003889,IND19005638,LN2019030000206,LDO20210000304,22,2021-01-13,03:22:26,2546.03,Debit,Cancelled,customer_stop_instruction,Loan Payment - LN2019030000206,False,,0.07,,Automated,Home Loan,standard_payment,False,loan_payment_generator,False,
TXNL202100000536,ACC0003504,IND19009407,LN2019030000214,,21,2021-01-02,03:17:11,793.29,Debit,Completed,,Loan Payment - LN2019030000214,False,,2.5,,Automated,Home Loan,standard_payment,False,loan_payment_generator,False,
TXNL202100000537,ACC0004957,IND19010591,LN2019030000220,,22,2021-01-20,03:16:01,425.06,Debit,Completed,,Loan Payment - LN2019030000220,False,,2.5,,Automated,Home Loan,standard_payment,False,loan_payment_generator,False,
TXNL202100000538,ACC0004931,IND19015369,LN2019030000222,LDO20210000305,22,2021-01-08,04:10:08,1855.82,Debit,Completed,,Loan Payment - LN2019030000222,False,,1.46,,Automated,Vehicle Loan,standard_payment,False,loan_payment_generator,False,
TXNL202100000539,ACC0005492,COM19000191,LN2019030000225,,22,2021-01-19,04:17:54,20294.46,Debit,Completed,,Loan Payment - LN2019030000225,False,,2.5,,Automated,Business Loan,standard_payment,False,loan_payment_generator,False,
TXNL202100000540,ACC0004498,IND19007097,LN2019030000226,,22,2021-01-20,04:11:38,943.38,Debit,Completed,,Loan Payment - LN2019030000226 - Extra Principal,False,,2.5,,Automated,Home Loan,extra_payment,False,loan_payment_generator,False,
TXNL202100000541,ACC0004313,IND19007231,LN2019030000240,,22,2021-01-30,03:04:33,2440.91,Debit,Completed,,Loan Payment - LN2019030000240,False,,2.5,,Automated,Personal Loan,standard_payment,False,loan_payment_generator,False,
TXNL202100000542,ACC0005176,IND19003245,LN2019030000244,,21,2021-01-01,03:32:33,961.72,Debit,Completed,,Loan Payment - LN2019030000244,False,,2.5,,Automated,Personal Loan,standard_payment,False,loan_payment_generator,False,
TXNL202100000543,ACC0005322,IND19021056,LN2019030000246,,22,2021-01-11,02:45:14,389.34,Debit,Completed,,Loan Payment - LN2019030000246,False,,2.5,,Automated,Home Loan,standard_payment,False,loan_payment_generator,False,
TXNL202100000544,ACC0004245,IND19019206,LN2019030000252,LDO20210000306,22,2021-01-31,04:57:44,1053.35,Debit,Completed,,Loan Payment - LN2019030000252,False,,0.27,,Automated,Home Loan,standard_payment,False,loan_payment_generator,False,
TXNL202100000545,ACC0004054,IND19013514,LN2019030000253,LDO20210000307,22,2021-01-14,04:52:26,2341.8,Debit,Completed,,Loan Payment - LN2019030000253,False,,0.52,,Automated,Personal Loan,standard_payment,False,loan_payment_generator,False,
TXNL202100000546,ACC0005457,IND19006688,LN2019030000254,,21,2021-01-01,03:22:56,3642.53,Debit,Completed,,Loan Payment - LN2019030000254,False,,2.5,,Automated,Home Loan,standard_payment,False,loan_payment_generator,False,
TXNL202100000547,ACC0003512,IND19003923,LN2019030000262,LDO20210000308,22,2021-01-13,04:24:28,1179.34,Debit,Completed,,Loan Payment - LN2019030000262,False,,0.79,,Automated,Home Loan,standard_payment,False,loan_payment_generator,True,amount_rounding_error
TXNL202100000548,ACC0005494,COM19000146,LN2019030000264,,22,2021-01-16,01:39:57,3852.3,Debit,Completed,,Loan Payment - LN2019030000264,False,,2.5,,Mobile,Business Loan,standard_payment,False,loan_payment_generator,False,
TXNL202100000549,ACC0003703,IND19020177,LN2019030000293,LDO20210000309,21,2021-01-02,04:37:34,12021.31,Debit,Completed,,Loan Payment - LN2019030000293,False,,1.05,,Automated,Personal Loan,standard_payment,False,loan_payment_generator,False,
TXNL202100000550,ACC0004383,IND19004128,LN2019030000294,LDO20210000310,22,2021-01-28,04:33:08,7204.7,Debit,Completed,,Loan Payment - LN2019030000294,False,,0.27,,Automated,Vehicle Loan,standard_payment,False,loan_payment_generator,False,
TXNL202100000551,ACC0004854,IND19020108,LN2019030000298,LDO20210000311,22,2021-01-23,03:07:48,2850.47,Debit,Failed,insufficient_funds,Loan Payment - LN2019030000298,False,,1.46,,Automated,Home Loan,standard_payment,False,loan_payment_generator,False,
TXNL202100000552,ACC0003435,IND19000025,LN2019030000305,,22,2021-01-11,04:59:15,3683.48,Debit,Completed,,Loan Payment - LN2019030000305,False,,2.5,,Automated,Personal Loan,standard_payment,False,loan_payment_generator,False,
TXNL202100000553,ACC0004999,IND19020592,LN2019030000308,,22,2021-01-29,03:06:34,3832.58,Debit,Completed,,Loan Payment - LN2019030000308,False,,2.5,,Automated,Vehicle Loan,standard_payment,False,loan_payment_generator,False,
TXNL202100000554,ACC0003973,IND19002029,LN2019030000312,LDO20210000312,22,2021-01-13,04:40:33,2329.36,Debit,Cancelled,customer_stop_instruction,Loan Payment - LN2019030000312,False,,1.04,,Automated,Home Loan,standard_payment,False,loan_payment_generator,False,
TXNL202100000555,ACC0003767,IND19010272,LN2019030000318,LDO20210000313,21,2021-01-05,03:12:52,675.48,Debit,Completed,,Loan Payment - LN2019030000318,False,,0.31,,Automated,Vehicle Loan,standard_payment,False,loan_payment_generator,False,
TXNL202100000556,ACC0003411,IND19008372,LN2019030000339,LDO20210000314,22,2021-01-27,03:18:47,6184.7,Debit,Completed,,Loan Payment - LN2019030000339,False,,1.81,,Automated,Home Loan,standard_payment,False,loan_payment_generator,False,
TXNL202100000557,ACC0004732,IND19004385,LN2019030000342,LDO20210000315,22,2021-01-16,02:20:02,3272.19,Debit,Completed,,Loan Payment - LN2019030000342,False,,1.48,,Automated,Personal Loan,standard_payment,False,loan_payment_generator,False,
TXNL202100000558,ACC0003793,IND19002358,LN2019030000343,LDO20210000316,22,2021-01-28,04:11:43,1665.66,Debit,Completed,,Loan Payment - LN2019030000343,False,,1.44,,Automated,Home Loan,standard_payment,False,loan_payment_generator,False,
TXNL202100000559,ACC0004289,IND19009614,LN2019030000347,LDO20210000317,22,2021-01-25,03:20:26,1961.73,Debit,Completed,,Loan Payment - LN2019030000347,False,,1.04,,Automated,Vehicle Loan,standard_payment,False,loan_payment_generator,False,
TXNL202100000560,ACC0003432,IND19001478,LN2019030000356,,22,2021-01-16,02:30:15,4521.58,Debit,Completed,,Loan Payment - LN2019030000356,False,,2.5,,Automated,Home Loan,standard_payment,False,loan_payment_generator,False,
TXNL202100000561,ACC0004762,IND19013396,LN2019030000360,,22,2021-01-15,04:41:55,213.26,Debit,Completed,,Loan Payment - LN2019030000360,False,,2.5,,Automated,Home Loan,standard_payment,False,loan_payment_generator,False,
TXNL202100000562,ACC0004160,IND19003283,LN2019030000368,,22,2021-01-20,02:21:32,1637.76,Debit,Completed,,Loan Payment - LN2019030000368,False,,2.5,,Automated,Home Loan,standard_payment,False,loan_payment_generator,False,
TXNL202100000563,ACC0003795,IND19016035,LN2019030000389,LDO20210000318,21,2021-01-07,02:20:28,1753.46,Debit,Completed,,Loan Payment - LN2019030000389,False,,0.11,,Automated,Vehicle Loan,standard_payment,False,loan_payment_generator,False,
TXNL202100000564,ACC0003732,IND19022003,LN2019030000395,LDO20210000319,22,2021-01-11,03:59:09,3122.53,Debit,Completed,,Loan Payment - LN2019030000395,False,,1.1,,Automated,Vehicle Loan,standard_payment,False,loan_payment_generator,False,
TXNL202100000565,ACC0004759,IND19011023,LN2019030000399,,22,2021-01-21,04:04:05,3069.35,Debit,Completed,,Loan Payment - LN2019030000399,False,,2.5,,Automated,Home Loan,standard_payment,False,loan_payment_generator,False,
TXNL202100000566,ACC0005107,IND19001030,LN2019030000413,LDO20210000320,21,2021-01-01,02:47:44,1073.05,Debit,Completed,,Loan Payment - LN2019030000413,False,,0.5,,Automated,Home Loan,standard_payment,False,loan_payment_generator,False,
TXNL202100000567,ACC0004831,IND19016980,LN2019030000414,LDO20210000321,21,2021-01-02,03:14:40,377.57,Debit,Completed,,Loan Payment - LN2019030000414,False,,1.37,,Automated,Home Loan,standard_payment,False,loan_payment_generator,False,
TXNL202100000568,ACC0004143,IND19017809,LN2019030000422,LDO20210000322,22,2021-01-14,02:04:00,3694.88,Debit,Completed,,Loan Payment - LN2019030000422,False,,0.79,,Automated,Home Loan,standard_payment,False,loan_payment_generator,False,
TXNL202100000569,ACC0004881,IND19013014,LN2019030000423,LDO20210000323,22,2021-01-31,02:44:55,8207.83,Debit,Completed,,Loan Payment - LN2019030000423,False,,0.1,,Automated,Personal Loan,standard_payment,False,loan_payment_generator,False,
TXNL202100000570,ACC0003542,IND19013270,LN2019030000426,LDO20210000324,22,2021-01-24,03:42:42,2105.9,Debit,Completed,,Loan Payment - LN2019030000426,False,,1.69,,Automated,Home Loan,standard_payment,False,loan_payment_generator,False,
TXNL202100000571,ACC0005171,IND19010534,LN2019030000456,LDO20210000326,22,2021-01-15,04:04:19,3151.81,Debit,Completed,,Loan Payment - LN2019030000456,False,,0.39,,Automated,Home Loan,standard_payment,False,loan_payment_generator,False,
TXNL202100000572,ACC0004100,IND19019312,LN2019030000465,LDO20210000327,22,2021-01-28,04:13:59,2713.08,Debit,Completed,,Loan Payment - LN2019030000465,False,,1.45,,Automated,Home Loan,standard_payment,False,loan_payment_generator,False,
TXNL202100000573,ACC0005123,IND19004145,LN2019030000478,LDO20210000328,22,2021-01-29,02:53:19,3191.8,Debit,Completed,,Loan Payment - LN2019030000478,False,,1.35,,Automated,Vehicle Loan,standard_payment,False,loan_payment_generator,False,
TXNL202100000574,ACC0004905,IND19004211,LN2019030000480,LDO20210000329,22,2021-01-29,04:58:04,811.82,Debit,Completed,,Loan Payment - LN2019030000480,False,,1.8,,Automated,Home Loan,standard_payment,False,loan_payment_generator,False,
TXNL202100000575,ACC0003971,IND19011002,LN2019030000484,LDO20210000330,22,2021-01-15,02:26:09,1780.54,Debit,Completed,,Loan Payment - LN2019030000484,False,,1.77,,Automated,Home Loan,standard_payment,False,loan_payment_generator,False,
TXNL202100000576,ACC0003590,IND19002386,LN2019030000486,,21,2021-01-01,04:04:22,6097.57,Debit,Completed,,Loan Payment - LN2019030000486,False,,2.5,,Automated,Personal Loan,standard_payment,False,loan_payment_generator,False,
TXNL202100000577,ACC0004485,IND19003032,LN2019030000487,,22,2021-01-18,04:37:37,3234.71,Debit,Completed,,Loan Payment - LN2019030000487 - Late Fee,False,,2.5,,Automated,Vehicle Loan,late_payment,False,loan_payment_generator,False,
TXNL202100000578,ACC0005367,IND19019184,LN2019030000489,LDO20210000331,22,2021-01-27,03:37:37,5880.12,Debit,Completed,,Loan Payment - LN2019030000489,False,,0.0,,Automated,Home Loan,standard_payment,False,loan_payment_generator,False,
TXNL202100000579,ACC0004563,IND19000327,LN2019030000505,,21,2021-01-05,04:22:51,408.5,Debit,Completed,,Loan Payment - LN2019030000505,False,,2.5,,Automated,Home Loan,standard_payment,False,loan_payment_generator,False,
TXNL202100000580,ACC0005365,IND19011964,LN2019030000511,LDO20210000332,21,2021-01-06,03:48:29,2125.86,Debit,Completed,,Loan Payment - LN2019030000511,False,,1.38,,Automated,Vehicle Loan,standard_payment,False,loan_payment_generator,False,
TXNL202100000581,ACC0004943,IND19018779,LN2019030000527,LDO20210000333,21,2021-01-05,02:06:21,1991.81,Debit,Completed,,Loan Payment - LN2019030000527 - Late Fee,False,,0.04,,Automated,Vehicle Loan,late_payment,False,loan_payment_generator,False,
TXNL202100000582,ACC0003885,IND19019580,LN2019030000538,LDO20210000334,22,2021-01-17,03:53:23,1024.83,Debit,Failed,account_blocked,Loan Payment - LN2019030000538,False,,0.53,,Automated,Vehicle Loan,standard_payment,False,loan_payment_generator,False,
TXNL202100000583,ACC0004102,IND19007126,LN2019030000546,LDO20210000335,21,2021-01-11,02:34:15,2355.49,Debit,Completed,,Loan Payment - LN2019030000546,False,,0.95,,Automated,Home Loan,standard_payment,False,loan_payment_generator,False,
TXNL202100000584,ACC0005234,IND19005109,LN2019030000563,,22,2021-01-23,03:30:01,935.48,Debit,Completed,,Loan Payment - LN2019030000563,False,,2.5,,Automated,Home Loan,standard_payment,False,loan_payment_generator,False,
TXNL202100000585,ACC0003442,IND19005647,LN2019030000593,LDO20210000336,21,2021-01-01,03:35:18,370.02,Debit,Completed,,Loan Payment - LN2019030000593,False,,1.02,,Automated,Home Loan,standard_payment,False,loan_payment_generator,False,
TXNL202100000586,ACC0004163,IND19003743,LN2019030000595,,22,2021-01-17,03:39:51,4104.03,Debit,Completed,,Loan Payment - LN2019030000595,False,,2.5,,Online,Home Loan,standard_payment,False,loan_payment_generator,False,
TXNL202100000587,ACC0004850,IND19016373,LN2019030000608,LDO20210000337,22,2021-01-24,03:47:30,3509.24,Debit,Completed,,Loan Payment - LN2019030000608,False,,1.68,,Automated,Home Loan,standard_payment,False,loan_payment_generator,False,
TXNL202100000588,ACC0005089,IND19015343,LN2019030000613,LDO20210000338,21,2021-01-06,02:20:40,1443.63,Debit,Completed,,Loan Payment - LN2019030000613,False,,0.72,,Automated,Home Loan,standard_payment,False,loan_payment_generator,False,
TXNL202100000589,ACC0004856,IND19002897,LN2019030000628,LDO20210000339,22,2021-01-21,04:55:45,2410.33,Debit,Completed,,Loan Payment - LN2019030000628,False,,0.83,,Automated,Home Loan,standard_payment,False,loan_payment_generator,False,
TXNL202100000590,ACC0004133,IND19012062,LN2019030000629,LDO20210000340,21,2021-01-04,04:17:56,655.22,Debit,Completed,,Loan Payment - LN2019030000629 - Partial,False,,1.04,,Automated,Vehicle Loan,partial_payment,False,loan_payment_generator,False,
TXNL202100000591,ACC0003398,IND19003354,LN2019030000639,LDO20210000341,22,2021-01-14,04:26:38,742.62,Debit,Completed,,Loan Payment - LN2019030000639,False,,0.62,,Automated,Home Loan,standard_payment,False,loan_payment_generator,False,
TXNL202100000592,ACC0004410,IND19002499,LN2019030000650,,22,2021-01-18,04:29:12,629.65,Debit,Completed,,Loan Payment - LN2019030000650,False,,2.5,,Automated,Home Loan,standard_payment,False,loan_payment_generator,False,
TXNL202100000593,ACC0005331,IND19003950,LN2019030000652,LDO20210000342,22,2021-01-18,04:00:38,1251.31,Debit,Completed,,Loan Payment - LN2019030000652,False,,1.12,,Automated,Home Loan,standard_payment,False,loan_payment_generator,False,
TXNL202100000594,ACC0003458,IND19000548,LN2019030000662,,22,2021-01-15,06:33:46,509.06,Debit,Completed,,Loan Payment - LN2019030000662,False,,2.5,,Online,Home Loan,standard_payment,False,loan_payment_generator,False,
TXNL202100000595,ACC0004095,IND19021972,LN2019030000699,,21,2021-01-11,04:55:30,3452.15,Debit,Completed,,Loan Payment - LN2019030000699,False,,2.5,,Automated,Home Loan,standard_payment,False,loan_payment_generator,False,
TXNL202100000596,ACC0004851,IND19016373,LN2019030000704,,22,2021-01-15,02:55:25,3630.42,Debit,Completed,,Loan Payment - LN2019030000704,False,,2.5,,Automated,Home Loan,standard_payment,False,loan_payment_generator,False,
TXNL202100000597,ACC0004798,IND19001595,LN2019030000710,LDO20210000343,22,2021-01-19,02:44:10,2364.4,Debit,Completed,,Loan Payment - LN2019030000710,False,,1.45,,Automated,Personal Loan,standard_payment,False,loan_payment_generator,False,
TXNL202100000598,ACC0005080,IND19012507,LN2019030000732,LDO20210000344,22,2021-01-19,02:59:09,1524.3,Debit,Completed,,Loan Payment - LN2019030000732 - Late Fee,False,,1.98,,Automated,Vehicle Loan,late_payment,False,loan_payment_generator,False,
TXNL202100000599,ACC0003886,IND19007018,LN2019030000738,,22,2021-01-10,02:02:35,2040.92,Debit,Completed,,Loan Payment - LN2019030000738,True,,10.0,,Mobile,Home Loan,standard_payment,False,loan_payment_generator,False,
TXNL202100000600,ACC0004739,IND19009716,LN2019030000745,,22,2021-01-22,03:53:31,8366.42,Debit,Completed,,Loan Payment - LN2019030000745,False,,2.5,,Automated,Personal Loan,standard_payment,False,loan_payment_generator,False,
TXNL202100000601,ACC0004713,IND19001899,LN2019030000749,,22,2021-01-28,03:04:57,1217.16,Debit,Completed,,Loan Payment - LN2019030000749,False,,2.5,,Automated,Vehicle Loan,standard_payment,False,loan_payment_generator,False,
TXNL202100000602,ACC0003871,IND19011064,LN2019030000751,LDO20210000345,22,2021-01-26,04:03:40,2176.38,Debit,Failed,account_blocked,Loan Payment - LN2019030000751 - Partial,False,,1.77,,Automated,Personal Loan,partial_payment,False,loan_payment_generator,False,
TXNL202100000603,ACC0004122,IND19018258,LN2019030000752,,22,2021-01-27,02:49:29,2018.83,Debit,Completed,,Loan Payment - LN2019030000752,False,,2.5,,Online,Personal Loan,standard_payment,False,loan_payment_generator,False,
TXNL202100000604,ACC0004315,IND19020579,LN2019030000764,LDO20210000346,22,2021-01-30,03:52:02,5109.64,Debit,Completed,,Loan Payment - LN2019030000764,False,,1.19,,Automated,Vehicle Loan,standard_payment,False,loan_payment_generator,False,
TXNL202100000605,ACC0004568,IND19007459,LN2019030000765,,22,2021-01-17,04:01:09,860.28,Debit,Completed,,Loan Payment - LN2019030000765,False,,2.5,,Automated,Vehicle Loan,standard_payment,False,loan_payment_generator,False,
TXNL202100000606,ACC0004205,IND19012175,LN2019030000772,,22,2021-01-30,04:33:20,2903.82,Debit,Completed,,Loan Payment - LN2019030000772,False,,2.5,,Automated,Personal Loan,standard_payment,False,loan_payment_generator,False,
TXNL202100000607,ACC0005053,IND19002529,LN2019030000776,,22,2021-01-14,02:23:13,14111.31,Debit,Completed,,Loan Payment - LN2019030000776,False,,2.5,,Automated,Personal Loan,standard_payment,False,loan_payment_generator,False,
TXNL202100000608,ACC0004917,IND19005268,LN2019030000803,,21,2021-01-01,04:53:29,696.08,Debit,Completed,,Loan Payment - LN2019030000803,False,,2.5,,Automated,Home Loan,standard_payment,False,loan_payment_generator,False,
TXNL202100000609,ACC0005328,IND19008718,LN2019030000808,LDO20210000348,22,2021-01-25,02:51:57,4147.8,Debit,Completed,,Loan Payment - LN2019030000808,False,,1.97,,Automated,Personal Loan,standard_payment,False,loan_payment_generator,False,
TXNL202100000610,ACC0003952,IND19009408,LN2019030000819,LDO20210000349,22,2021-01-29,03:38:10,914.67,Debit,Completed,,Loan Payment - LN2019030000819,False,,0.87,,Automated,Personal Loan,standard_payment,False,loan_payment_generator,False,
TXNL202100000611,ACC0004092,IND19016262,LN2019030000827,,22,2021-01-07,02:46:16,3163.68,Debit,Completed,,Loan Payment - LN2019030000827,False,,2.5,,Automated,Personal Loan,standard_payment,False,loan_payment_generator,False,
TXNL202100000612,ACC0004028,IND19019126,LN2019030000839,,22,2021-01-31,02:03:31,1660.76,Debit,Completed,,Loan Payment - LN2019030000839,False,,2.5,,Automated,Personal Loan,standard_payment,False,loan_payment_generator,False,
TXNL202100000613,ACC0003412,IND19008372,LN2019030000858,,22,2021-01-22,03:51:33,5791.54,Debit,Completed,,Loan Payment - LN2019030000858,False,,2.5,,Automated,Home Loan,standard_payment,False,loan_payment_generator,False,
TXNL202100000614,ACC0004006,IND19015397,LN2019030000860,,22,2021-01-13,02:37:09,2582.91,Debit,Completed,,Loan Payment - LN2019030000860,False,,2.5,,Automated,Home Loan,standard_payment,False,loan_payment_generator,False,
TXNL202100000615,ACC0004770,IND19006156,LN2019030000861,,22,2021-01-31,02:00:02,2777.34,Debit,Completed,,Loan Payment - LN2019030000861,False,,2.5,,Automated,Home Loan,standard_payment,False,loan_payment_generator,False,
TXNL202100000616,ACC0004127,IND19020564,LN2019030000866,LDO20210000350,22,2021-01-13,04:07:40,2562.37,Debit,Completed,,Loan Payment - LN2019030000866,False,,0.09,,Automated,Home Loan,standard_payment,False,loan_payment_generator,False,
TXNL202100000617,ACC0004449,IND19013613,LN2019030000884,LDO20210000351,22,2021-01-21,03:51:16,13938.2,Debit,Completed,,Loan Payment - LN2019030000884,False,,1.64,,Automated,Personal Loan,standard_payment,False,loan_payment_generator,False,
TXNL202100000618,ACC0003691,IND19004793,LN2019030000885,,21,2021-01-10,04:47:49,1783.13,Debit,Completed,,Loan Payment - LN2019030000885,False,,2.5,,Automated,Home Loan,standard_payment,False,loan_payment_generator,False,
TXNL202100000619,ACC0004026,IND19017212,LN2019030000890,,22,2021-01-17,04:19:37,2107.44,Debit,Completed,,Loan Payment - LN2019030000890,False,,2.5,,Automated,Vehicle Loan,standard_payment,False,loan_payment_generator,False,
TXNL202100000620,ACC0003746,IND19003798,LN2019030000894,LDO20210000353,21,2021-01-06,02:02:26,13058.31,Debit,Completed,,Loan Payment - LN2019030000894,False,,1.43,,Automated,Personal Loan,standard_payment,False,loan_payment_generator,False,
TXNL202100000621,ACC0005017,IND19013167,LN2019030000895,LDO20210000354,22,2021-01-14,05:04:08,1365.26,Debit,Completed,,Loan Payment - LN2019030000895,False,,1.66,,Automated,Personal Loan,standard_payment,False,loan_payment_generator,True,timestamp_shift
TXNL202100000622,ACC0003894,IND19000111,LN2019030000903,,22,2021-01-20,02:36:44,1023.99,Debit,Completed,,Loan Payment - LN2019030000903,False,,2.5,,Automated,Home Loan,standard_payment,False,loan_payment_generator,False,
TXNL202100000623,ACC0005195,IND19008590,LN2019030000905,,22,2021-01-22,04:30:20,2581.86,Debit,Completed,,Loan Payment - LN2019030000905,False,,2.5,,Automated,Home Loan,standard_payment,False,loan_payment_generator,False,
TXNL202100000624,ACC0005228,IND19009249,LN2019030000934,LDO20210000355,21,2021-01-05,03:12:17,3977.71,Debit,Failed,insufficient_funds,Loan Payment - LN2019030000934,False,,1.24,,Automated,Personal Loan,standard_payment,False,loan_payment_generator,False,
TXNL202100000625,ACC0004582,IND19020894,LN2019030000940,,22,2021-01-13,02:19:32,2226.48,Debit,Completed,,Loan Payment - LN2019030000940,False,,2.5,,Online,Home Loan,standard_payment,False,loan_payment_generator,False,
TXNL202100000626,ACC0004050,IND19013628,LN2019030000941,LDO20210000356,22,2021-01-20,04:49:26,777.01,Debit,Completed,,Loan Payment - LN2019030000941,False,,1.35,,Automated,Home Loan,standard_payment,False,loan_payment_generator,False,
TXNL202100000627,ACC0005307,IND19003285,LN2019030000944,,21,2021-01-07,02:58:06,1684.61,Debit,Completed,,Loan Payment - LN2019030000944,False,,2.5,,Automated,Home Loan,standard_payment,False,loan_payment_generator,False,
TXNL202100000628,ACC0004418,IND19003496,LN2019030000947,,22,2021-01-13,03:58:29,3035.54,Debit,Completed,,Loan Payment - LN2019030000947,False,,2.5,,Automated,Personal Loan,standard_payment,False,loan_payment_generator,False,
TXNL202100000629,ACC0004811,IND19020283,LN2019030000956,LDO20210000358,22,2021-01-26,04:30:16,2820.88,Debit,Completed,,Loan Payment - LN2019030000956 - Extra Principal,False,,0.19,,Automated,Vehicle Loan,extra_payment,False,loan_payment_generator,False,
TXNL202100000630,ACC0004178,IND19020755,LN2019030000957,LDO20210000359,22,2021-01-24,03:39:00,839.0,Debit,Completed,,Loan Payment - LN2019030000957,False,,0.61,,Automated,Home Loan,standard_payment,False,loan_payment_generator,False,
TXNL202100000631,ACC0003651,IND19018294,LN2019030000958,LDO20210000360,22,2021-01-25,04:56:29,3101.38,Debit,Completed,,Loan Payment - LN2019030000958,False,,1.05,,Automated,Home Loan,standard_payment,False,loan_payment_generator,False,
TXNL202100000632,ACC0003654,IND19019610,LN2019030000959,,21,2021-01-02,04:20:22,6285.79,Debit,Completed,,Loan Payment - LN2019030000959,False,,2.5,,Automated,Home Loan,standard_payment,False,loan_payment_generator,False,
TXNL202100000633,ACC0004795,IND19017504,LN2019030000960,,22,2021-01-09,02:52:13,2202.92,Debit,Completed,,Loan Payment - LN2019030000960,False,,2.5,,Automated,Home Loan,standard_payment,False,loan_payment_generator,True,amount_rounding_error
TXNL202100000634,ACC0004668,IND19013025,LN2019030000978,,21,2021-01-03,04:24:11,2442.49,Debit,Completed,,Loan Payment - LN2019030000978,False,,2.5,,Automated,Vehicle Loan,standard_payment,False,loan_payment_generator,False,
TXNL202100000635,ACC0004396,IND19014660,LN2019030000994,,22,2021-01-23,02:16:23,2585.32,Debit,Completed,,Loan Payment - LN2019030000994,False,,2.5,,Automated,Personal Loan,standard_payment,False,loan_payment_generator,False,
TXNL202100000636,ACC0004223,IND19016897,LN2019030000996,,22,2021-01-27,02:41:38,1345.72,Debit,Completed,,Loan Payment - LN2019030000996,False,,2.5,,Online,Home Loan,standard_payment,False,loan_payment_generator,False,
TXNL202100000637,ACC0005498,COM19000077,LN2019030000997,,21,2021-01-04,04:52:36,27510.63,Debit,Completed,,Loan Payment - LN2019030000997 - Extra Principal,False,,2.5,,Automated,Business Loan,extra_payment,False,loan_payment_generator,False,
TXNL202100000638,ACC0003488,IND19014528,LN2019030001001,,22,2021-01-29,02:57:30,1618.54,Debit,Completed,,Loan Payment - LN2019030001001,False,,2.5,,Automated,Vehicle Loan,standard_payment,False,loan_payment_generator,False,
TXNL202100000639,ACC0005436,IND19007350,LN2019030001011,LDO20210000361,22,2021-01-27,04:59:46,2069.78,Debit,Completed,,Loan Payment - LN2019030001011,False,,0.46,,Automated,Home Loan,standard_payment,False,loan_payment_generator,False,
TXNL202100000640,ACC0004888,IND19001264,LN2019030001012,LDO20210000362,21,2021-01-04,03:41:59,2386.02,Debit,Completed,,Loan Payment - LN2019030001012,False,,0.96,,Automated,Home Loan,standard_payment,False,loan_payment_generator,False,
TXNL202100000641,ACC0003825,IND19000273,LN2019030001014,,22,2021-01-11,04:47:47,2018.44,Debit,Completed,,Loan Payment - LN2019030001014 - Partial,False,,2.5,,Automated,Home Loan,partial_payment,False,loan_payment_generator,False,
TXNL202100000642,ACC0003658,IND19008971,LN2019030001024,,22,2021-01-17,03:27:21,2398.1,Debit,Completed,,Loan Payment - LN2019030001024,False,,2.5,,Automated,Personal Loan,standard_payment,False,loan_payment_generator,False,
TXNL202100000643,ACC0005479,COM19000224,LN2019030001025,,22,2021-01-26,03:07:07,9405.96,Debit,Completed,,Loan Payment - LN2019030001025,False,,2.5,,Automated,Business Loan,standard_payment,False,loan_payment_generator,False,
TXNL202100000644,ACC0004837,IND19018237,LN2019030001030,,22,2021-01-10,04:40:34,2447.63,Debit,Completed,,Loan Payment - LN2019030001030,False,,2.5,,Automated,Vehicle Loan,standard_payment,False,loan_payment_generator,False,
TXNL202100000645,ACC0004032,IND19005748,LN2019030001038,LDO20210000363,22,2021-01-19,02:19:42,2201.51,Debit,Completed,,Loan Payment - LN2019030001038,False,,1.49,,Automated,Vehicle Loan,standard_payment,False,loan_payment_generator,False,
TXNL202100000646,ACC0003506,IND19004000,LN2019030001039,LDO20210000364,22,2021-01-17,03:47:12,2117.79,Debit,Failed,account_blocked,Loan Payment - LN2019030001039,False,,1.47,,Automated,Vehicle Loan,standard_payment,False,loan_payment_generator,False,
TXNL202100000647,ACC0003924,IND19013108,LN2019030001047,,22,2021-01-28,04:46:47,2241.41,Debit,Completed,,Loan Payment - LN2019030001047,False,,2.5,,Automated,Home Loan,standard_payment,False,loan_payment_generator,False,
TXNL202100000648,ACC0005067,IND19002630,LN2019030001053,LDO20210000365,21,2021-01-03,04:40:08,854.63,Debit,Completed,,Loan Payment - LN2019030001053,False,,1.6,,Automated,Home Loan,standard_payment,False,loan_payment_generator,False,
TXNL202100000649,ACC0005348,IND19018489,LN2019030001055,,22,2021-01-31,04:37:13,2933.63,Debit,Completed,,Loan Payment - LN2019030001055,False,,2.5,,Online,Vehicle Loan,standard_payment,False,loan_payment_generator,False,
TXNL202100000650,ACC0004003,IND19015848,LN2019030001060,LDO20210000366,22,2021-01-24,03:47:14,2423.4,Debit,Completed,,Loan Payment - LN2019030001060,False,,1.75,,Automated,Personal Loan,standard_payment,False,loan_payment_generator,False,
TXNL202100000651,ACC0003782,IND19008982,LN2019030001063,,22,2021-01-20,03:59:14,1426.22,Debit,Completed,,Loan Payment - LN2019030001063,False,,2.5,,Automated,Home Loan,standard_payment,False,loan_payment_generator,False,
TXNL202100000652,ACC0005392,IND19007343,LN2019030001070,,21,2021-01-06,02:55:59,1794.37,Debit,Completed,,Loan Payment - LN2019030001070,False,,2.5,,Automated,Personal Loan,standard_payment,False,loan_payment_generator,False,
TXNL202100000653,ACC0003503,IND19015210,LN2019030001084,,22,2021-01-08,04:58:54,733.59,Debit,Completed,,Loan Payment - LN2019030001084,False,,2.5,,Automated,Vehicle Loan,standard_payment,False,loan_payment_generator,False,
TXNL202100000654,ACC0004507,IND19000891,LN2019030001088,,22,2021-01-17,03:16:27,758.86,Debit,Completed,,Loan Payment - LN2019030001088,False,,2.5,,Automated,Vehicle Loan,standard_payment,False,loan_payment_generator,False,
TXNL202100000655,ACC0005209,IND19020091,LN2019030001108,LDO20210000367,22,2021-01-15,02:10:07,14316.53,Debit,Completed,,Loan Payment - LN2019030001108,False,,1.22,,Automated,Personal Loan,standard_payment,False,loan_payment_generator,False,
TXNL202100000656,ACC0004500,IND19001291,LN2019030001116,,22,2021-01-26,02:53:27,11992.29,Debit,Completed,,Loan Payment - LN20190300...,False,,2.5,,Automated,Personal Loan,standard_payment,False,loan_payment_generator,True,truncated_description
TXNL202100000657,ACC0005456,IND19012730,LN2019030001117,LDO20210000368,22,2021-01-30,03:11:23,752.22,Debit,Completed,,Loan Payment - LN2019030001117,False,,0.92,,Automated,Home Loan,standard_payment,False,loan_payment_generator,False,
TXNL202100000658,ACC0003927,IND19006373,LN2019030001147,LDO20210000369,22,2021-01-28,04:08:42,860.42,Debit,Failed,account_blocked,Loan Payment - LN2019030001147,False,,0.27,,Automated,Personal Loan,standard_payment,False,loan_payment_generator,False,
TXNL202100000659,ACC0004509,IND19009480,LN2019030001157,,22,2021-01-11,03:43:02,9862.99,Debit,Completed,,Loan Payment - LN2019030001157,False,,2.5,,Automated,Vehicle Loan,standard_payment,False,loan_payment_generator,False,
TXNL202100000660,ACC0003553,IND19015836,LN2019030001159,,22,2021-01-18,04:26:05,2037.7,Debit,Completed,,Loan Payment - LN2019030001159,False,,2.5,,Automated,Vehicle Loan,standard_payment,False,loan_payment_generator,False,
TXNL202100000661,ACC0003594,IND19010234,LN2019030001176,,22,2021-01-27,02:13:26,24067.9,Debit,Completed,,Loan Payment - LN2019030001176,False,,2.5,,Automated,Personal Loan,standard_payment,False,loan_payment_generator,False,
TXNL202100000662,ACC0004089,IND19011651,LN2019030001205,,22,2021-01-06,03:21:48,718.91,Debit,Completed,,Loan Payment - LN2019030001205 - Partial,False,,2.5,,Automated,Personal Loan,partial_payment,False,loan_payment_generator,False,
TXNL202100000663,ACC0004676,IND19016261,LN2019030001225,LDO20210000370,21,2021-01-02,04:42:14,14350.03,Debit,Completed,,Loan Payment - LN2019030001225,False,,0.89,,Automated,Personal Loan,standard_payment,False,loan_payment_generator,False,
TXNL202100000664,ACC0004053,IND19002108,LN2019030001229,,22,2021-01-27,04:36:32,1547.05,Debit,Completed,,Loan Payment - LN2019030001229,False,,2.5,,Automated,Vehicle Loan,standard_payment,False,loan_payment_generator,False,
TXNL202100000665,ACC0005226,IND19006635,LN2019030001233,,21,2021-01-04,04:35:56,3284.33,Debit,Completed,,Loan Payment - LN2019030001233,False,,2.5,,Automated,Home Loan,standard_payment,False,loan_payment_generator,False,
TXNL202100000666,ACC0005302,IND19008558,LN2019030001234,LDO20210000371,21,2021-01-07,04:18:27,3487.77,Debit,Completed,,Loan Payment - LN2019030001234,False,,1.99,,Automated,Vehicle Loan,standard_payment,False,loan_payment_generator,False,
TXNL202100000667,ACC0003430,IND19018732,LN2019030001237,,22,2021-01-28,04:01:31,591.56,Debit,Completed,,Loan Payment - LN2019030001237,False,,2.5,,Automated,Home Loan,standard_payment,False,loan_payment_generator,False,
TXNL202100000668,ACC0004157,IND19011584,LN2019030001243,LDO20210000372,21,2021-01-08,04:15:46,1309.77,Debit,Completed,,Loan Payment - LN2019030001243 - Partial,False,,1.41,,Automated,Home Loan,partial_payment,False,loan_payment_generator,False,
TXNL202100000669,ACC0003918,IND19003745,LN2019030001244,,21,2021-01-02,02:48:14,727.4,Debit,Completed,,Loan Payment - LN2019030001244,False,,2.5,,Automated,Home Loan,standard_payment,False,loan_payment_generator,False,
TXNL202100000670,ACC0004969,IND19013764,LN2019030001252,LDO20210000373,22,2021-01-17,03:53:36,1139.55,Debit,Completed,,Loan Payment - LN2019030001252,False,,0.76,,Automated,Vehicle Loan,standard_payment,False,loan_payment_generator,False,
TXNL202100000671,ACC0005051,IND19018174,LN2019030001253,LDO20210000374,22,2021-01-14,03:13:35,1739.73,Debit,Completed,,Loan Payment - LN2019030001253,False,,0.51,,Automated,Vehicle Loan,standard_payment,False,loan_payment_generator,False,
TXNL202100000672,ACC0004062,IND19011008,LN2019030001276,,22,2021-01-19,03:29:30,1325.54,Debit,Completed,,Loan Payment - LN2019030001276,False,,2.5,,Automated,Home Loan,standard_payment,False,loan_payment_generator,False,
TXNL202100000673,ACC0005483,COM19000034,LN2019030001278,LDO20210000375,22,2021-01-24,03:06:46,7300.19,Debit,Completed,,Loan Payment - LN2019030001278,False,,1.35,,Automated,Business Loan,standard_payment,False,loan_payment_generator,False,
TXNL202100000674,ACC0005057,IND19016073,LN2019030001282,LDO20210000376,22,2021-01-30,03:48:48,3594.48,Debit,Completed,,Loan Payment - LN2019030001282 - Late Fee,False,,0.86,,Automated,Vehicle Loan,late_payment,False,loan_payment_generator,False,
TXNL202100000675,ACC0005264,IND19007991,LN2019030001284,,22,2021-01-19,03:39:29,3451.32,Debit,Completed,,Loan Payment - LN2019030001284,False,,2.5,,Automated,Home Loan,standard_payment,False,loan_payment_generator,False,
TXNL202100000676,ACC0005138,IND19014354,LN2019030001286,,22,2021-01-23,02:12:48,1705.52,Debit,Completed,,Loan Payment - LN2019030001286,False,,2.5,,Automated,Vehicle Loan,standard_payment,False,loan_payment_generator,False,
TXNL202100000677,ACC0005311,IND19001658,LN2019030001293,LDO20210000377,22,2021-01-21,02:58:47,3637.32,Debit,Completed,,Loan Payment - LN2019030001293 - Late Fee,False,,0.95,,Automated,Vehicle Loan,late_payment,False,loan_payment_generator,False,
TXNL202100000678,ACC0005491,COM19000191,LN2019030001301,,22,2021-01-13,02:49:17,6238.29,Debit,Completed,,Loan Payment - LN2019030001301,False,,2.5,,Automated,Business Loan,standard_payment,False,loan_payment_generator,False,
TXNL202100000679,ACC0004545,IND19015722,LN2019030001311,,22,2021-01-28,03:16:41,776.81,Debit,Completed,,Loan Payment - LN2019030001311,False,,2.5,,Automated,Home Loan,standard_payment,False,loan_payment_generator,False,
TXNL202100000680,ACC0005086,IND19001010,LN2019030001317,LDO20210000378,21,2021-01-06,04:24:31,961.42,Debit,Completed,,Loan Payment - LN2019030001317,False,,1.29,,Automated,Home Loan,standard_payment,False,loan_payment_generator,False,
TXNL202100000681,ACC0004065,IND19013815,LN2019030001322,LDO20210000379,22,2021-01-17,03:16:45,501.92,Debit,Completed,,Loan Payment - LN2019030001322,False,,1.97,,Automated,Personal Loan,standard_payment,False,loan_payment_generator,False,
TXNL202100000682,ACC0004624,IND19014388,LN2019030001323,,21,2021-01-03,03:02:17,729.29,Debit,Completed,,Loan Payment - LN2019030001323,False,,2.5,,Automated,Home Loan,standard_payment,False,loan_payment_generator,False,
TXNL202100000683,ACC0003417,IND19015398,LN2019030001338,LDO20210000380,22,2021-01-25,02:41:42,215.39,Debit,Completed,,Loan Payment - LN2019030001338,False,,0.94,,Automated,Home Loan,standard_payment,False,loan_payment_generator,False,
TXNL202100000684,ACC0004238,IND19006785,LN2019030001349,LDO20210000381,22,2021-01-18,04:58:34,9276.69,Debit,Completed,,Loan Payment - LN2019030001349,False,,1.88,,Automated,Personal Loan,standard_payment,False,loan_payment_generator,False,
TXNL202100000685,ACC0004146,IND19002494,LN2019030001353,LDO20210000382,21,2021-01-02,03:41:10,563.73,Debit,Failed,account_blocked,Loan Payment - LN2019030001353,False,,0.97,,Automated,Home Loan,standard_payment,False,loan_payment_generator,False,
TXNL202100000686,ACC0005099,IND19008121,LN2019030001369,LDO20210000383,22,2021-01-14,03:42:05,3932.56,Debit,Completed,,Loan Payment - LN2019030001369,False,,1.74,,Automated,Personal Loan,standard_payment,False,loan_payment_generator,False,
TXNL202100000687,ACC0004557,IND19013617,LN2019030001370,LDO20210000384,22,2021-01-11,02:27:24,2785.67,Debit,Completed,,Loan Payment - LN2019030001370,False,,1.57,,Automated,Vehicle Loan,standard_payment,False,loan_payment_generator,False,
TXNL202100000688,ACC0003601,IND19021863,LN2019030001383,,22,2021-01-31,04:59:09,6261.71,Debit,Completed,,Loan Payment - LN2019030001383,False,,2.5,,Automated,Vehicle Loan,standard_payment,False,loan_payment_generator,False,
TXNL202100000689,ACC0005320,IND19021052,LN2019030001386,,21,2021-01-03,04:41:08,2340.97,Debit,Completed,,Loan Payment - LN2019030001386,False,,2.5,,Automated,Vehicle Loan,standard_payment,False,loan_payment_generator,False,
TXNL202100000690,ACC0005183,IND19007676,LN2019030001415,,21,2021-01-04,02:05:36,3614.87,Debit,Completed,,Loan Payment - LN2019030001415,False,,2.5,,Automated,Vehicle Loan,standard_payment,False,loan_payment_generator,False,
TXNL202100000691,ACC0004038,IND19020049,LN2019030001419,LDO20210000385,22,2021-01-29,03:07:15,4119.55,Debit,Completed,,Loan Payment - LN2019030001419,False,,0.25,,Automated,Personal Loan,standard_payment,False,loan_payment_generator,False,
TXNL202100000692,ACC0004469,IND19018823,LN2019030001424,,22,2021-01-21,03:54:36,949.85,Debit,Completed,,Loan Payment - LN2019030001424,False,,2.5,,Automated,Vehicle Loan,standard_payment,False,loan_payment_generator,False,
TXNL202100000693,ACC0004202,IND19021079,LN2019030001426,LDO20210000386,22,2021-01-12,03:10:10,453.48,Debit,Completed,,Loan Payment - LN2019030001426,False,,1.34,,Automated,Home Loan,standard_payment,False,loan_payment_generator,False,
TXNL202100000694,ACC0004626,IND19017413,LN2019030001427,LDO20210000387,22,2021-01-21,02:00:49,5891.75,Debit,Completed,,Loan Payment - LN2019030001427,False,,0.71,,Automated,Vehicle Loan,standard_payment,False,loan_payment_generator,False,
TXNL202100000695,ACC0003669,IND19016372,LN2019030001443,,21,2021-01-04,03:27:59,2039.27,Debit,Completed,,Loan Payment - LN2019030001443,False,,2.5,,Automated,Home Loan,standard_payment,False,loan_payment_generator,False,
TXNL202100000696,ACC0004096,IND19019241,LN2019030001444,LDO20210000388,22,2021-01-25,02:18:37,1128.04,Debit,Completed,,Loan Payment - LN2019030001444,False,,0.66,,Automated,Personal Loan,standard_payment,False,loan_payment_generator,False,
TXNL202100000697,ACC0004254,IND19015408,LN2019030001456,,22,2021-01-11,07:52:16,739.38,Debit,Completed,,Loan Payment - LN2019030001456,True,,10.0,,Mobile,Home Loan,standard_payment,False,loan_payment_generator,False,
TXNL202100000698,ACC0004042,IND19020658,LN2019030001461,,22,2021-01-18,02:41:12,1273.8,Debit,Cancelled,customer_stop_instruction,Loan Payment - LN2019030001461,False,,2.5,,Automated,Home Loan,standard_payment,False,loan_payment_generator,False,
TXNL202100000699,ACC0004177,IND19016388,LN2019030001465,LDO20210000390,22,2021-01-22,03:07:02,12336.81,Debit,Completed,,Loan Payment - LN2019030001465 - Recovery,False,,0.9,,Automated,Personal Loan,recovery_payment,True,loan_payment_generator,False,
TXNL202100000700,ACC0003649,IND19020728,LN2019030001474,LDO20210000392,22,2021-01-28,02:50:44,1000.67,Debit,Completed,,Loan Payment - LN2019030001474,False,,1.19,,Automated,Vehicle Loan,standard_payment,False,loan_payment_generator,False,
TXNL202100000701,ACC0005188,IND19007920,LN2019030001491,,22,2021-01-25,05:18:00,1867.54,Debit,Completed,,Loan Payment - LN2019030001491,False,,2.5,,Online,Home Loan,standard_payment,False,loan_payment_generator,False,
TXNL202100000702,ACC0004822,IND19010352,LN2019030001497,LDO20210000393,22,2021-01-21,02:45:22,650.59,Debit,Completed,,Loan Payment - LN2019030001497,False,,0.16,,Automated,Home Loan,standard_payment,False,loan_payment_generator,False,
TXNL202100000703,ACC0004119,IND19007997,LN2019030001506,,22,2021-01-27,03:42:08,2493.56,Debit,Completed,,Loan Payment - LN2019030001506,False,,2.5,,Automated,Home Loan,standard_payment,False,loan_payment_generator,False,
TXNL202100000704,ACC0004219,IND19017929,LN2019030001507,,22,2021-01-26,02:22:38,17413.57,Debit,Completed,,Loan Payment - LN2019030001507,False,,2.5,,Automated,Personal Loan,standard_payment,False,loan_payment_generator,False,
TXNL202100000705,ACC0005356,IND19021669,LN2019030001515,,22,2021-01-19,03:26:56,3344.89,Debit,Completed,,Loan Payment - LN2019030001515,False,,2.5,,Online,Vehicle Loan,standard_payment,False,loan_payment_generator,False,
TXNL202100000706,ACC0003811,IND19019179,LN2019030001522,LDO20210000394,22,2021-01-13,02:24:26,373.2,Debit,Completed,,Loan Payment - LN2019030001522,False,,0.54,,Automated,Home Loan,standard_payment,False,loan_payment_generator,False,
TXNL202100000707,ACC0004667,IND19010993,LN2019030001531,LDO20210000395,22,2021-01-25,04:11:46,3041.46,Debit,Completed,,Loan Payment - LN2019030001531 - Extra Principal,False,,0.7,,Automated,Personal Loan,extra_payment,False,loan_payment_generator,False,
TXNL202100000708,ACC0003595,IND19010234,LN2019030001532,,22,2021-01-27,04:25:17,7942.14,Debit,Completed,,Loan Payment - LN2019030001532,False,,2.5,,Automated,Vehicle Loan,standard_payment,False,loan_payment_generator,False,
TXNL202100000709,ACC0004125,IND19014196,LN2019030001544,LDO20210000396,21,2021-01-03,02:46:42,295.88,Debit,Completed,,Loan Payment - LN2019030001544,False,,1.46,,Automated,Home Loan,standard_payment,False,loan_payment_generator,False,
TXNL202100000710,ACC0005396,IND19016920,LN2019030001545,LDO20210000397,21,2021-01-03,03:09:32,2259.91,Debit,Completed,,Loan Payment - LN2019030001545 - Partial,False,,0.91,,Automated,Home Loan,partial_payment,False,loan_payment_generator,False,
TXNL202100000711,ACC0004398,IND19004868,LN2019030001551,LDO20210000399,21,2021-01-05,02:22:41,2143.37,Debit,Completed,,Loan Payment - LN2019030001551,False,,0.43,,Automated,Personal Loan,standard_payment,False,loan_payment_generator,False,
TXNL202100000712,ACC0004894,IND19009995,LN2019030001572,LDO20210000400,21,2021-01-05,04:16:36,682.06,Debit,Completed,,Loan Payment - LN2019030001572,False,,0.98,,Automated,Home Loan,standard_payment,False,loan_payment_generator,False,
TXNL202100000713,ACC0003528,IND19006086,LN2019030001573,,22,2021-01-21,04:58:13,1103.68,Debit,Completed,,Loan Payment - LN2019030001573,False,,2.5,,Automated,Personal Loan,standard_payment,False,loan_payment_generator,False,
TXNL202100000714,ACC0004359,IND19003393,LN2019030001580,LDO20210000401,21,2021-01-02,02:36:32,448.03,Debit,Completed,,Loan Payment - LN2019030001580,False,,1.28,,Automated,Vehicle Loan,standard_payment,False,loan_payment_generator,False,
TXNL202100000715,ACC0004855,IND19002897,LN2019030001585,,22,2021-01-23,04:03:04,10347.97,Debit,Completed,,Loan Payment - LN2019030001585,False,,2.5,,Automated,Personal Loan,standard_payment,False,loan_payment_generator,False,
TXNL202100000716,ACC0005442,IND19020561,LN2019030001586,LDO20210000402,22,2021-01-18,05:28:25,14001.7,Debit,Completed,,Loan Payment - LN2019030001586,False,,1.36,,Automated,Personal Loan,standard_payment,False,loan_payment_generator,True,timestamp_shift
TXNL202100000717,ACC0005095,IND19008638,LN2019030001592,LDO20210000403,22,2021-01-18,02:18:29,2371.07,Debit,Completed,,Loan Payment - LN2019030001592,False,,0.82,,Automated,Home Loan,standard_payment,False,loan_payment_generator,False,
TXNL202100000718,ACC0004987,IND19007860,LN2019030001600,,22,2021-01-13,04:54:22,490.9,Debit,Completed,,Loan Payment - LN2019030001600,False,,2.5,,Automated,Personal Loan,standard_payment,False,loan_payment_generator,False,
TXNL202100000719,ACC0004799,IND19001595,LN2019030001603,LDO20210000404,22,2021-01-09,02:36:49,2580.97,Debit,Completed,,Loan Payment - LN2019030001603,False,,0.63,,Automated,Home Loan,standard_payment,False,loan_payment_generator,False,
TXNL202100000720,ACC0004833,IND19019479,LN2019030001608,LDO20210000405,21,2021-01-03,02:24:04,426.3,Debit,Completed,,Loan Payment - LN2019030001608,False,,1.77,,Automated,Home Loan,standard_payment,False,loan_payment_generator,False,
TXNL202100000721,ACC0003616,IND19003624,LN2019030001614,LDO20210000406,22,2021-01-31,04:16:30,1358.56,Debit,Completed,,Loan Payment - LN2019030001614,False,,0.45,,Automated,Home Loan,standard_payment,False,loan_payment_generator,False,
TXNL202100000722,ACC0004415,IND19009259,LN2019030001616,LDO20210000407,22,2021-01-19,02:10:09,424.35,Debit,Completed,,Loan Payment - LN2019030001616,False,,1.28,,Automated,Home Loan,standard_payment,False,loan_payment_generator,False,
TXNL202100000723,ACC0005284,IND19004670,LN2019030001624,LDO20210000408,22,2021-01-20,03:00:07,1426.49,Debit,Completed,,Loan Payment - LN2019030001624,False,,1.97,,Automated,Home Loan,standard_payment,False,loan_payment_generator,False,
TXNL202100000724,ACC0004434,IND19018309,LN2019030001627,,21,2021-01-01,04:25:42,3745.53,Debit,Completed,,Loan Payment - LN2019030001627,False,,2.5,,Automated,Personal Loan,standard_payment,False,loan_payment_generator,False,
TXNL202100000725,ACC0003695,IND19003687,LN2019030001636,,21,2021-01-06,03:05:26,2021.42,Debit,Completed,,Loan Payment - LN2019030001636,False,,2.5,,Online,Home Loan,standard_payment,False,loan_payment_generator,False,
TXNL202100000726,ACC0003888,IND19003310,LN2019030001637,LDO20210000409,21,2021-01-05,03:03:40,3229.15,Debit,Completed,,Loan Payment - LN2019030001637,False,,1.63,,Automated,Home Loan,standard_payment,False,loan_payment_generator,False,
TXNL202100000727,ACC0004983,IND19019958,LN2019030001645,LDO20210000411,22,2021-01-24,04:25:49,2990.67,Debit,Completed,,Loan Payment - LN2019030001645 - Late Fee,False,,0.96,,Automated,Home Loan,late_payment,False,loan_payment_generator,False,
TXNL202100000728,ACC0003428,IND19006653,LN2019030001646,LDO20210000412,22,2021-01-27,02:57:41,12100.66,Debit,Completed,,Loan Payment - LN2019030001646,False,,0.46,,Automated,Personal Loan,standard_payment,False,loan_payment_generator,False,
TXNL202100000729,ACC0004099,IND19019312,LN2019030001648,LDO20210000413,21,2021-01-04,02:54:49,3023.41,Debit,Completed,,Loan Payment - LN2019030001648,False,,1.11,,Automated,Personal Loan,standard_payment,False,loan_payment_generator,False,
TXNL202100000730,ACC0004283,IND19005793,LN2019030001655,LDO20210000414,22,2021-01-25,03:29:59,2584.06,Debit,Failed,mandate_limit,Loan Payment - LN2019030001655 - Recovery,False,,0.06,,Automated,Home Loan,recovery_payment,True,loan_payment_generator,False,
TXNL202100000731,ACC0003689,IND19005157,LN2019030001666,LDO20210000415,22,2021-01-30,02:01:29,1827.28,Debit,Completed,,Loan Payment - LN2019030001666,False,,0.22,,Automated,Personal Loan,standard_payment,False,loan_payment_generator,False,
TXNL202100000732,ACC0004186,IND19008047,LN2019030001672,LDO20210000416,22,2021-01-28,02:36:44,393.98,Debit,Completed,,Loan Payment - LN2019030001672,False,,1.29,,Automated,Home Loan,standard_payment,False,loan_payment_generator,False,
TXNL202100000733,ACC0004655,IND19021386,LN2019030001693,LDO20210000417,22,2021-01-27,04:36:14,3023.55,Debit,Completed,,Loan Payment - LN2019030001693,False,,0.11,,Automated,Vehicle Loan,standard_payment,False,loan_payment_generator,False,
TXNL202100000734,ACC0004542,IND19009335,LN2019030001694,,22,2021-01-22,02:15:03,2430.68,Debit,Completed,,Loan Payment - LN2019030001694,False,,2.5,,Automated,Personal Loan,standard_payment,False,loan_payment_generator,False,
TXNL202100000735,ACC0005120,IND19018125,LN2019030001699,LDO20210000418,22,2021-01-19,04:37:00,1882.58,Debit,Completed,,Loan Payment - LN2019030001699,False,,0.38,,Automated,Home Loan,standard_payment,False,loan_payment_generator,False,
TXNL202100000736,ACC0005430,IND19006421,LN2019030001703,LDO20210000419,22,2021-01-17,04:39:15,12023.44,Debit,Completed,,Loan Payment - LN2019030001703,False,,1.8,,Automated,Personal Loan,standard_payment,False,loan_payment_generator,False,
TXNL202100000737,ACC0004168,IND19003614,LN2019030001705,LDO20210000420,22,2021-01-20,03:19:54,1819.58,Debit,Completed,,Loan Payment - LN2019030001705,False,,1.87,,Automated,Home Loan,standard_payment,False,loan_payment_generator,False,
TXNL202100000738,ACC0003948,IND19007541,LN2019030001707,,22,2021-01-22,02:58:22,1883.23,Debit,Completed,,Loan Payment - LN2019030001707,False,,2.5,,Automated,Personal Loan,standard_payment,False,loan_payment_generator,False,
TXNL202100000739,ACC0003858,IND19003066,LN2019030001710,LDO20210000421,21,2021-01-01,04:16:27,337.62,Debit,Completed,,Loan Payment - LN2019030001710,False,,0.72,,Automated,Vehicle Loan,standard_payment,False,loan_payment_generator,False,
TXNL202100000740,ACC0004442,IND19016273,LN2019030001714,,22,2021-01-24,04:59:14,975.51,Debit,Completed,,Loan Payment - LN2019030001714,False,,2.5,,Automated,Home Loan,standard_payment,False,loan_payment_generator,False,
TXNL202100000741,ACC0003976,IND19021208,LN2019030001724,,21,2021-01-04,02:11:26,4818.68,Debit,Failed,account_blocked,Loan Payment - LN2019030001724,False,,2.5,,Automated,Home Loan,standard_payment,False,loan_payment_generator,False,
TXNL202100000742,ACC0004636,IND19016753,LN2019030001725,LDO20210000422,21,2021-01-04,04:37:20,3702.12,Debit,Completed,,Loan Payment - LN2019030001725,False,,1.38,,Automated,Home Loan,standard_payment,False,loan_payment_generator,False,
TXNL202100000743,ACC0004169,IND19003504,LN2019030001730,,21,2021-01-08,02:47:06,706.53,Debit,Completed,,Loan Payment - LN2019030001730 - Recovery,False,,2.5,,Automated,Home Loan,recovery_payment,True,loan_payment_generator,False,
TXNL202100000744,ACC0005308,IND19003285,LN2019030001735,,21,2021-01-07,02:11:11,1795.63,Debit,Completed,,Loan Payment - LN2019030001735,False,,2.5,,Automated,Vehicle Loan,standard_payment,False,loan_payment_generator,False,
TXNL202100000745,ACC0004113,IND19020848,LN2019030001736,,21,2021-01-07,02:56:19,719.81,Debit,Completed,,Loan Payment - LN2019030001736,False,,2.5,,Automated,Personal Loan,standard_payment,False,loan_payment_generator,False,
TXNL202100000746,ACC0003912,IND19005008,LN2019030001737,LDO20210000423,21,2021-01-06,04:47:50,2479.85,Debit,Completed,,Loan Payment - LN2019030001737 - Extra Principal,False,,0.82,,Automated,Vehicle Loan,extra_payment,False,loan_payment_generator,False,
TXNL202100000747,ACC0005395,IND19003143,LN2019030001742,,22,2021-01-23,04:09:20,777.16,Debit,Completed,,Loan Payment - LN2019030001742,False,,2.5,,Automated,Personal Loan,standard_payment,False,loan_payment_generator,False,
TXNL202100000748,ACC0004744,IND19018931,LN2019030001758,LDO20210000424,22,2021-01-26,04:56:13,1699.02,Debit,Completed,,Loan Payment - LN2019030001758,False,,0.41,,Automated,Home Loan,standard_payment,False,loan_payment_generator,False,
TXNL202100000749,ACC0004892,IND19010713,LN2019030001760,,22,2021-01-14,03:58:52,4133.02,Debit,Failed,insufficient_funds,Loan Payment - LN2019030001760,False,,2.5,,Automated,Home Loan,standard_payment,False,loan_payment_generator,False,
TXNL202100000750,ACC0004747,IND19000886,LN2019030001761,LDO20210000425,21,2021-01-05,03:57:44,2345.44,Debit,Completed,,Loan Payment - LN2019030001761,False,,1.51,,Automated,Home Loan,standard_payment,False,loan_payment_generator,False,
TXNL202100000751,ACC0004874,IND19017777,LN2019030001762,LDO20210000426,21,2021-01-06,03:28:22,4633.23,Debit,Completed,,Loan Payment - LN2019030001762,False,,1.43,,Automated,Personal Loan,standard_payment,False,loan_payment_generator,False,
TXNL202100000752,ACC0005178,IND19003886,LN2019030001767,LDO20210000427,22,2021-01-20,02:30:00,2240.63,Debit,Completed,,Loan Payment - LN2019030001767,False,,1.96,,Automated,Home Loan,standard_payment,False,loan_payment_generator,False,
TXNL202100000753,ACC0003554,IND19020287,LN2019030001773,,21,2021-01-08,03:40:37,1763.89,Debit,Completed,,Loan Payment - LN2019030001773,False,,2.5,,Automated,Personal Loan,standard_payment,False,loan_payment_generator,False,
TXNL202100000754,ACC0003510,IND19002726,LN2019030001774,,22,2021-01-18,03:19:46,362.05,Debit,Completed,,Loan Payment - LN2019030001774,False,,2.5,,Automated,Home Loan,standard_payment,False,loan_payment_generator,False,
TXNL202100000755,ACC0005399,IND19012294,LN2019030001781,LDO20210000428,22,2021-01-24,02:15:03,3841.23,Debit,Completed,,Loan Payment - LN2019030001781,False,,1.14,,Automated,Vehicle Loan,standard_payment,False,loan_payment_generator,False,
TXNL202100000756,ACC0003926,IND19017827,LN2019030001782,LDO20210000429,22,2021-01-11,04:56:10,2288.06,Debit,Completed,,Loan Payment - LN2019030001782 - Extra Principal,False,,1.55,,Automated,Home Loan,extra_payment,False,loan_payment_generator,False,
 TXNL202100000757 ,ACC0004821,IND19014444,LN2019030001787,,22,2021-01-28,04:04:34,2055.72,Debit,Completed,,Loan Payment - LN2019030001787,False,,2.5,,Automated,Personal Loan,standard_payment,False,loan_payment_generator,True,whitespace_in_id
TXNL202100000758,ACC0003634,IND19016888,LN2019030001803,,22,2021-01-23,03:23:53,2745.93,Debit,Completed,,Loan Payment - LN2019030001803,False,,2.5,,Automated,Vehicle Loan,standard_payment,False,loan_payment_generator,False,
TXNL202100000759,ACC0003940,IND19016991,LN2019030001804,,22,2021-01-31,04:51:36,812.54,Debit,Completed,,Loan Payment - LN2019030001804,False,,2.5,,Automated,Vehicle Loan,standard_payment,False,loan_payment_generator,False,
TXNL202100000760,ACC0004255,IND19018626,LN2019030001807,,22,2021-01-10,02:07:41,1007.58,Debit,Completed,,Loan Payment - LN2019030001807,False,,2.5,,Automated,Home Loan,standard_payment,False,loan_payment_generator,False,
TXNL202100000761,ACC0004018,IND19000876,LN2019030001811,LDO20210000430,22,2021-01-22,03:20:47,5090.28,Debit,Completed,,Loan Payment - LN2019030001811,False,,0.84,,Automated,Home Loan,standard_payment,False,loan_payment_generator,False,
TXNL202100000762,ACC0004873,IND19015619,LN2019030001813,,22,2021-01-17,02:27:09,2364.15,Debit,Completed,,Loan Payment - LN2019030001813,False,,2.5,,Automated,Home Loan,standard_payment,False,loan_payment_generator,False,
TXNL202100000763,ACC0004247,IND19006046,LN2019030001824,,22,2021-01-11,02:46:48,2462.29,Debit,Completed,,Loan Payment - LN2019030001824,False,,2.5,,Automated,Personal Loan,standard_payment,False,loan_payment_generator,False,
TXNL202100000764,ACC0004639,IND19000056,LN2019030001828,,22,2021-01-21,01:18:49,365.51,Debit,Completed,,Loan Payment - LN2019030001828,False,,2.5,,Automated,Home Loan,standard_payment,False,loan_payment_generator,True,timestamp_shift
TXNL202100000765,ACC0005289,IND19000943,LN2019030001830,LDO20210000431,22,2021-01-12,04:55:29,1528.67,Debit,Completed,,Loan Payment - LN2019030001830 - Late Fee,False,,0.19,,Automated,Home Loan,late_payment,False,loan_payment_generator,False,
TXNL202100000766,ACC0005114,IND19009118,LN2019030001835,,21,2021-01-01,02:09:46,695.33,Debit,Completed,,Loan Payment - LN2019030001835,False,,2.5,,Automated,Home Loan,standard_payment,False,loan_payment_generator,False,
TXNL202100000767,ACC0005381,IND19009960,LN2019030001839,LDO20210000432,22,2021-01-20,02:37:29,204.03,Debit,Completed,,Loan Payment - LN2019030001839 - Late Fee,False,,0.11,,Automated,Home Loan,late_payment,False,loan_payment_generator,False,
TXNL202100000768,ACC0003394,IND19007294,LN2019030001841,,22,2021-01-28,02:52:36,3101.76,Debit,Completed,,Loan Payment - LN2019030001841,False,,2.5,,Automated,Vehicle Loan,standard_payment,False,loan_payment_generator,False,
TXNL202100000769,ACC0005271,IND19006038,LN2019030001853,LDO20210000433,22,2021-01-30,04:11:17,5226.6,Debit,Completed,,Loan Payment - LN2019030001853,False,,0.87,,Automated,Personal Loan,standard_payment,False,loan_payment_generator,False,
TXNL202100000770,ACC0005416,IND19005301,LN2019030001863,,22,2021-01-19,01:48:04,181.68,Debit,Completed,,Loan Payment - LN2019030001863,False,,2.5,,Mobile,Home Loan,standard_payment,False,loan_payment_generator,False,
TXNL202100000771,ACC0004879,IND19014188,LN2019030001873,LDO20210000435,22,2021-01-26,02:32:33,24393.25,Debit,Completed,,Loan Payment - LN2019030001873,False,,0.75,,Automated,Personal Loan,standard_payment,False,loan_payment_generator,False,
TXNL202100000772,ACC0004596,IND19009615,LN2019030001875,LDO20210000436,21,2021-01-01,03:33:43,1501.9,Debit,Completed,,Loan Payment - LN2019030001875,False,,1.65,,Automated,Personal Loan,standard_payment,False,loan_payment_generator,False,
TXNL202100000773,ACC0003985,IND19007238,LN2019030001876,LDO20210000437,22,2021-01-22,03:08:05,2228.26,Debit,Completed,,Loan Payment - LN2019030001876,False,,1.61,,Automated,Vehicle Loan,standard_payment,False,loan_payment_generator,False,
TXNL202100000774,ACC0005480,COM19000224,LN2019030001884,,22,2021-01-17,04:22:31,16555.96,Debit,Completed,,Loan Payment - LN2019030001884,False,,2.5,,Automated,Business Loan,standard_payment,False,loan_payment_generator,False,
TXNL202100000775,ACC0005403,IND19010797,LN2019030001885,,22,2021-01-09,03:48:33,1068.09,Debit,Completed,,Loan Payment - LN2019030001885,False,,2.5,,Automated,Home Loan,standard_payment,False,loan_payment_generator,False,
TXNL202100000776,ACC0003731,IND19018494,LN2019030001886,LDO20210000438,22,2021-01-30,02:05:46,1409.65,Debit,Completed,,Loan Payment - LN2019030001886,False,,0.35,,Automated,Personal Loan,standard_payment,False,loan_payment_generator,False,
TXNL202100000777,ACC0005275,IND19006485,LN2019030001888,LDO20210000439,22,2021-01-13,03:13:43,750.08,Debit,Completed,,Loan Payment - LN2019030001888,False,,0.4,,Automated,Home Loan,standard_payment,False,loan_payment_generator,False,
TXNL202100000778,ACC0004785,IND19016995,LN2019030001894,LDO20210000440,22,2021-01-12,04:15:03,255.7,Debit,Completed,,Loan Payment - LN2019030001894,False,,1.82,,Automated,Home Loan,standard_payment,False,loan_payment_generator,False,
TXNL202100000779,ACC0005390,IND19011734,LN2019030001905,,21,2021-01-07,02:19:53,2518.57,Debit,Completed,,Loan Payment - LN2019030001905,False,,2.5,,Automated,Vehicle Loan,standard_payment,False,loan_payment_generator,False,
TXNL202100000780,ACC0004817,IND19015714,LN2019030001929,LDO20210000441,22,2021-01-13,03:40:21,1517.67,Debit,Completed,,Loan Payment - LN2019030001929,False,,1.61,,Automated,Home Loan,standard_payment,False,loan_payment_generator,False,
TXNL202100000781,ACC0005375,IND19002687,LN2019030001937,LDO20210000442,21,2021-01-01,04:40:40,2534.06,Debit,Completed,,Loan Payment - LN2019030001937,False,,0.26,,Automated,Personal Loan,standard_payment,False,loan_payment_generator,False,
TXNL202100000782,ACC0005098,IND19008121,LN2019030001941,LDO20210000443,21,2021-01-04,04:48:26,454.63,Debit,Completed,,Loan Payment - LN2019030001941 - Partial,False,,1.6,,Automated,Home Loan,partial_payment,False,loan_payment_generator,False,
TXNL202100000783,ACC0005143,IND19021316,LN2019030001944,LDO20210000444,22,2021-01-24,02:24:58,2807.62,Debit,Completed,,Loan Payment - LN2019030001944,False,,2.0,,Automated,Home Loan,standard_payment,False,loan_payment_generator,False,
TXNL202100000784,ACC0004259,IND19008085,LN2019030001951,,22,2021-01-30,04:04:15,840.04,Debit,Completed,,Loan Payment - LN2019030001951,False,,2.5,,Online,Vehicle Loan,standard_payment,False,loan_payment_generator,False,
TXNL202100000785,ACC0004783,IND19019215,LN2019030001959,,21,2021-01-07,04:02:27,1072.4,Debit,Completed,,Loan Payment - LN2019030001959,False,,2.5,,Automated,Personal Loan,standard_payment,False,loan_payment_generator,False,
TXNL202100000786,ACC0004107,IND19006600,LN2019030001968,LDO20210000445,22,2021-01-22,03:16:07,517.24,Debit,Failed,account_blocked,Loan Payment - LN2019030001968 - Recovery,False,,1.8,,Automated,Home Loan,recovery_payment,True,loan_payment_generator,False,
TXNL202100000787,ACC0003873,IND19001959,LN2019030001971,,22,2021-01-22,03:45:48,1605.96,Debit,Failed,mandate_limit,Loan Payment - LN2019030001971,False,,2.5,,Online,Home Loan,standard_payment,False,loan_payment_generator,False,
TXNL202100000788,ACC0005236,IND19010753,LN2019030001976,LDO20210000446,22,2021-01-28,03:31:13,323.38,Debit,Completed,,Loan Payment - LN2019030001976,False,,0.76,,Automated,Home Loan,standard_payment,False,loan_payment_generator,False,
TXNL202100000789,ACC0004406,IND19000892,LN2019030001990,LDO20210000447,21,2021-01-03,03:13:03,6003.1,Debit,Completed,,Loan Payment - LN2019030001990,False,,0.62,,Automated,Personal Loan,standard_payment,False,loan_payment_generator,False,
TXNL202100000790,ACC0004663,IND19018024,LN2019030001995,,22,2021-01-07,02:11:13,5699.32,Debit,Completed,,Loan Payment - LN2019030001995,False,,2.5,,Automated,Home Loan,standard_payment,False,loan_payment_generator,False,
TXNL202100000791,ACC0004215,IND19011565,LN2019030002001,,22,2021-01-23,02:34:55,3816.14,Debit,Completed,,Loan Payment - LN2019030002001,False,,2.5,,Automated,Home Loan,standard_payment,False,loan_payment_generator,False,
TXNL202100000792,ACC0006109,IND19006047,LN2019040000008,,21,2021-01-10,04:30:47,2609.21,Debit,Completed,,Loan Payment - LN2019040000008,False,,2.5,,Automated,Home Loan,standard_payment,False,loan_payment_generator,False,
TXNL202100000793,ACC0005802,IND19001559,LN2019040000012,,21,2021-01-13,04:44:01,4328.1,Debit,Completed,,Loan Payment - LN2019040000012,False,,2.5,,Automated,Home Loan,standard_payment,False,loan_payment_generator,False,
TXNL202100000794,ACC0005620,IND19013053,LN2019040000013,LDO20210000448,20,2021-01-04,03:04:52,784.79,Debit,Completed,,Loan Payment - LN2019040000013,False,,0.82,,Automated,Personal Loan,standard_payment,False,loan_payment_generator,False,
TXNL202100000795,ACC0005927,IND19000987,LN2019040000022,LDO20210000449,20,2021-01-05,03:50:05,4009.56,Debit,Completed,,Loan Payment - LN2019040000022,False,,1.81,,Automated,Personal Loan,standard_payment,False,loan_payment_generator,False,
TXNL202100000796,ACC0005741,IND19003833,LN2019040000050,,21,2021-01-20,03:29:42,1506.87,Debit,Completed,,Loan Payment - LN2019040000050,False,,2.5,,Automated,Vehicle Loan,standard_payment,False,loan_payment_generator,False,
TXNL202100000797,ACC0005870,IND19014876,LN2019040000055,LDO20210000450,21,2021-01-30,02:57:15,4470.55,Debit,Completed,,Loan Payment - LN2019040000055,False,,1.84,,Automated,Vehicle Loan,standard_payment,False,loan_payment_generator,False,
TXNL202100000798,ACC0005578,IND19013915,LN2019040000057,LDO20210000451,21,2021-01-29,04:17:37,5085.03,Debit,Completed,,Loan Payment - LN2019040000057,False,,1.96,,Automated,Personal Loan,standard_payment,False,loan_payment_generator,False,
TXNL202100000799,ACC0005703,IND19009852,LN2019040000062,,20,2021-01-01,03:31:10,2786.95,Debit,Completed,,Loan Payment - LN2019040000062,False,,2.5,,Automated,Vehicle Loan,standard_payment,False,loan_payment_generator,False,
TXNL202100000800,ACC0006817,IND19002143,LN2019040000068,LDO20210000452,21,2021-01-17,04:44:37,1883.71,Debit,Completed,,Loan Payment - LN2019040000068,False,,0.93,,Automated,Vehicle Loan,standard_payment,False,loan_payment_generator,False,
TXNL202100000801,ACC0006364,IND19007513,LN2019040000072,,21,2021-01-17,02:23:46,3140.34,Debit,Completed,,Loan Payment - LN2019040000072,False,,2.5,,Mobile,Home Loan,standard_payment,False,loan_payment_generator,False,
TXNL202100000802,ACC0005986,IND19005940,LN2019040000079,LDO20210000453,21,2021-01-29,02:17:58,2032.21,Debit,Completed,,Loan Payment - LN2019040000079,False,,1.27,,Automated,Home Loan,standard_payment,False,loan_payment_generator,False,
TXNL202100000803,ACC0006897,IND19008709,LN2019040000097,,20,2021-01-01,02:15:04,1034.76,Debit,Completed,,Loan Payment - LN2019040000097,False,,2.5,,Automated,Home Loan,standard_payment,False,loan_payment_generator,False,
TXNL202100000804,ACC0005932,IND19011112,LN2019040000114,LDO20210000454,21,2021-01-27,04:38:00,1644.9,Debit,Completed,,Loan Payment - LN2019040000114,False,,0.29,,Automated,Home Loan,standard_payment,False,loan_payment_generator,False,
TXNL202100000805,ACC0006052,IND19000197,LN2019040000117,,21,2021-01-29,02:28:34,4410.75,Debit,Completed,,Loan Payment - LN2019040000117,False,,2.5,,Automated,Home Loan,standard_payment,False,loan_payment_generator,False,
TXNL202100000806,ACC0006692,IND19007934,LN2019040000124,LDO20210000455,21,2021-01-25,03:42:50,3552.68,Debit,Cancelled,customer_stop_instruction,Loan Payment - LN2019040000124,False,,0.68,,Automated,Home Loan,standard_payment,False,loan_payment_generator,False,
TXNL202100000807,ACC0005792,IND19002285,LN2019040000133,,21,2021-01-30,03:14:22,794.62,Debit,Completed,,Loan Payment - LN2019040000133 - Late Fee,False,,2.5,,Automated,Home Loan,late_payment,False,loan_payment_generator,False,
TXNL202100000808,ACC0006683,IND19001562,LN2019040000134,LDO20210000456,21,2021-01-12,02:29:43,4238.29,Debit,Completed,,Loan Payment - LN2019040000134,False,,1.61,,Automated,Personal Loan,standard_payment,False,loan_payment_generator,False,
TXNL202100000809,ACC0006861,IND19007260,LN2019040000148,,21,2021-01-26,02:32:17,926.1,Debit,Completed,,Loan Payment - LN2019040000148,False,,2.5,,Automated,Home Loan,standard_payment,False,loan_payment_generator,False,
TXNL202100000810,ACC0005930,IND19008665,LN2019040000149,,21,2021-01-12,03:45:45,1441.71,Debit,Completed,,Loan Payment - LN2019040000149,False,,2.5,,Automated,Home Loan,standard_payment,False,loan_payment_generator,False,
TXNL202100000811,ACC0005880,IND19012537,LN2019040000157,,21,2021-01-17,02:33:51,1637.3,Debit,Completed,,Loan Payment - LN2019040000157 - Partial,False,,2.5,,Online,Vehicle Loan,partial_payment,False,loan_payment_generator,False,
TXNL202100000812,ACC0006886,IND19015172,LN2019040000163,LDO20210000457,21,2021-01-09,04:01:58,2847.64,Debit,Completed,,Loan Payment - LN2019040000163,False,,0.74,,Automated,Home Loan,standard_payment,False,loan_payment_generator,False,
TXNL202100000813,ACC0005577,IND19003614,LN2019040000170,LDO20210000458,21,2021-01-12,02:33:53,875.13,Debit,Completed,,Loan Payment - LN2019040000170,False,,1.92,,Automated,Home Loan,standard_payment,False,loan_payment_generator,False,
TXNL202100000814,ACC0006210,IND19009400,LN2019040000172,LDO20210000459,21,2021-01-27,04:59:57,1426.23,Debit,Completed,,Loan Payment - LN2019040000172,False,,0.5,,Automated,Personal Loan,standard_payment,False,loan_payment_generator,False,
TXNL202100000815,ACC0006056,IND19007403,LN2019040000177,LDO20210000460,21,2021-01-16,03:36:37,1714.47,Debit,Completed,,Loan Payment - LN2019040000177,False,,1.96,,Automated,Vehicle Loan,standard_payment,False,loan_payment_generator,False,
TXNL202100000816,ACC0006296,IND19008274,LN2019040000178,LDO20210000461,21,2021-01-18,04:19:54,5006.76,Debit,Completed,,Loan Payment - LN2019040000178,False,,1.17,,Automated,Vehicle Loan,standard_payment,False,loan_payment_generator,False,
TXNL202100000817,ACC0006597,IND19011302,LN2019040000179,,20,2021-01-01,07:37:11,1082.33,Debit,Completed,,Loan Payment - LN2019040000179,False,,2.5,,Mobile,Personal Loan,standard_payment,False,loan_payment_generator,False,
TXNL202100000818,ACC0006805,IND19011392,LN2019040000181,LDO20210000462,21,2021-01-26,03:21:38,555.15,Debit,Completed,,Loan Payment - LN2019040000181,False,,0.86,,Automated,Personal Loan,standard_payment,False,loan_payment_generator,False,
TXNL202100000819,ACC0006731,IND19013531,LN2019040000194,,21,2021-01-13,03:07:02,2046.12,Debit,Completed,,Loan Payment - LN2019040000194 - Recovery,False,,2.5,,Automated,Home Loan,recovery_payment,True,loan_payment_generator,False,
TXNL202100000820,ACC0005679,IND19012651,LN2019040000196,,20,2021-01-07,04:58:45,2103.92,Debit,Completed,,Loan Payment - LN2019040000196,False,,2.5,,Automated,Personal Loan,standard_payment,False,loan_payment_generator,False,
TXNL202100000821,ACC0006111,IND19012335,LN2019040000203,LDO20210000463,21,2021-01-27,04:09:34,774.24,Debit,Completed,,Loan Payment - LN2019040000203,False,,1.76,,Automated,Home Loan,standard_payment,False,loan_payment_generator,True,amount_rounding_error
TXNL202100000822,ACC0006826,IND19014446,LN2019040000208,,21,2021-01-15,04:39:51,1080.36,Debit,Completed,,Loan Payment - LN2019040000208,False,,2.5,,Automated,Home Loan,standard_payment,False,loan_payment_generator,False,
TXNL202100000823,ACC0006272,IND19005714,LN2019040000211,,21,2021-01-26,04:26:09,3340.83,Debit,Completed,,Loan Payment - LN2019040000211,False,,2.5,,Automated,Vehicle Loan,standard_payment,False,loan_payment_generator,False,
TXNL202100000824,ACC0006413,IND19001698,LN2019040000213,LDO20210000464,21,2021-01-27,04:06:47,17443.05,Debit,Completed,,Loan Payment - LN2019040000213,False,,1.48,,Automated,Personal Loan,standard_payment,False,loan_payment_generator,False,
TXNL202100000825,ACC0006978,COM19000006,LN2019040000217,LDO20210000465,20,2021-01-01,02:14:18,2735.23,Debit,Completed,,Loan Payment - LN2019040000217,False,,1.48,,Automated,Business Loan,standard_payment,False,loan_payment_generator,False,
TXNL202100000826,ACC0006077,IND19014368,LN2019040000219,LDO20210000466,21,2021-01-15,02:22:12,11958.05,Debit,Completed,,Loan Payment - LN2019040000219,False,,0.54,,Automated,Personal Loan,standard_payment,False,loan_payment_generator,False,
TXNL202100000827,ACC0006693,IND19009434,LN2019040000228,,21,2021-01-22,07:21:15,2782.21,Debit,Completed,,Loan Payment - LN2019040000228,False,,2.5,,Mobile,Personal Loan,standard_payment,False,loan_payment_generator,False,
TXNL202100000828,ACC0006259,IND19003975,LN2019040000231,,21,2021-01-20,02:22:12,760.29,Debit,Completed,,Loan Payment - LN2019040000231,False,,2.5,,Automated,Vehicle Loan,standard_payment,False,loan_payment_generator,False,
TXNL202100000829,ACC0005639,IND19002056,LN2019040000239,LDO20210000467,21,2021-01-08,02:54:34,2664.15,Debit,Completed,,Loan Payment - LN2019040000239,False,,0.3,,Automated,Personal Loan,standard_payment,False,loan_payment_generator,False,
TXNL202100000830,ACC0006604,IND19008567,LN2019040000241,LDO20210000468,20,2021-01-03,04:56:34,6091.24,Debit,Completed,,Loan Payment - LN2019040000241,False,,1.57,,Automated,Home Loan,standard_payment,False,loan_payment_generator,False,
TXNL202100000831,ACC0006706,IND19012278,LN2019040000242,,21,2021-01-15,02:49:56,855.02,Debit,Completed,,Loan Payment - LN2019040000242,False,,2.5,,Automated,Home Loan,standard_payment,False,loan_payment_generator,False,
TXNL202100000832,ACC0006934,IND19009341,LN2019040000253,,21,2021-01-27,03:55:25,688.68,Debit,Failed,insufficient_funds,Loan Payment - LN2019040000253,False,,2.5,,Automated,Vehicle Loan,standard_payment,False,loan_payment_generator,True,status_inconsistency
TXNL202100000833,ACC0006530,IND19008453,LN2019040000255,LDO20210000469,21,2021-01-08,03:47:31,3686.95,Debit,Completed,,Loan Payment - LN2019040000255,False,,1.25,,Automated,Vehicle Loan,standard_payment,False,loan_payment_generator,False,
TXNL202100000834,ACC0006297,IND19004165,LN2019040000258,LDO20210000470,21,2021-01-22,02:41:50,1345.63,Debit,Completed,,Loan Payment - LN2019040000258,False,,0.39,,Automated,Vehicle Loan,standard_payment,False,loan_payment_generator,False,
TXNL202100000835,ACC0006759,IND19013371,LN2019040000261,,20,2021-01-05,02:24:41,2781.27,Debit,Completed,,Loan Payment - LN2019040000261,False,,2.5,,Automated,Home Loan,standard_payment,False,loan_payment_generator,False,
TXNL202100000836,ACC0005806,IND19006693,LN2019040000278,,21,2021-01-14,03:27:27,2147.78,Debit,Completed,,Loan Payment - LN2019040000278,False,,2.5,,Automated,Home Loan,standard_payment,False,loan_payment_generator,False,
TXNL202100000837,ACC0006498,IND19011306,LN2019040000280,LDO20210000471,21,2021-01-21,02:32:09,2696.11,Debit,Completed,,Loan Payment - LN2019040000280 - Extra Principal,False,,1.04,,Automated,Personal Loan,extra_payment,False,loan_payment_generator,False,
TXNL202100000838,ACC0005775,IND19005306,LN2019040000284,LDO20210000472,21,2021-01-24,02:28:51,1353.47,Debit,Completed,,Loan Payment - LN2019040000284,False,,1.05,,Automated,Personal Loan,standard_payment,False,loan_payment_generator,False,
TXNL202100000839,ACC0005938,IND19012283,LN2019040000297,LDO20210000473,20,2021-01-02,03:22:48,630.82,Debit,Completed,,Loan Payment - LN2019040000297,False,,1.23,,Automated,Home Loan,standard_payment,False,loan_payment_generator,False,
TXNL202100000840,ACC0005785,IND19004403,LN2019040000299,LDO20210000474,21,2021-01-25,03:44:05,902.44,Debit,Completed,,Loan Payment - LN2019040000299 - Recovery,False,,0.46,,Automated,Home Loan,recovery_payment,True,loan_payment_generator,False,
TXNL202100000841,ACC0006913,IND19010893,LN2019040000302,,20,2021-01-05,03:20:01,1991.95,Debit,Completed,,Loan Payment - LN2019040000302,False,,2.5,,Automated,Home Loan,standard_payment,False,loan_payment_generator,False,
TXNL202100000842,ACC0006131,IND19010064,LN2019040000303,,21,2021-01-17,04:56:39,2532.78,Debit,Completed,,Loan Payment - LN2019040000303,False,,2.5,,Automated,Vehicle Loan,standard_payment,False,loan_payment_generator,False,
TXNL202100000843,ACC0006904,IND19012495,LN2019040000306,LDO20210000475,21,2021-01-18,04:37:51,1413.69,Debit,Completed,,Loan Payment - LN2019040000306,False,,0.72,,Automated,Personal Loan,standard_payment,False,loan_payment_generator,False,
TXNL202100000844,ACC0005771,IND19006968,LN2019040000308,,21,2021-01-23,02:58:29,1252.89,Debit,Completed,,Loan Payment - LN2019040000308,False,,2.5,,Automated,Home Loan,standard_payment,False,loan_payment_generator,False,
TXNL202100000845,ACC0005695,IND19004727,LN2019040000309,LDO20210000476,21,2021-01-17,03:36:50,1385.46,Debit,Completed,,Loan Payment - LN2019040000309,False,,0.82,,Automated,Home Loan,standard_payment,False,loan_payment_generator,False,
TXNL202100000846,ACC0005928,IND19009847,LN2019040000314,,20,2021-01-07,03:59:33,5193.54,Debit,Completed,,Loan Payment - LN2019040000314,False,,2.5,,Automated,Home Loan,standard_payment,False,loan_payment_generator,False,
TXNL202100000847,ACC0006947,IND19015118,LN2019040000317,LDO20210000477,21,2021-01-29,02:58:13,2949.71,Debit,Completed,,Loan Payment - LN2019040000317,False,,0.05,,Automated,Home Loan,standard_payment,False,loan_payment_generator,False,
TXNL202100000848,ACC0006857,IND19010255,LN2019040000318,LDO20210000478,21,2021-01-05,04:09:10,1486.56,Debit,Completed,,Loan Payment - LN2019040000318,False,,1.73,,Automated,Home Loan,standard_payment,False,loan_payment_generator,False,
TXNL202100000849,ACC0006957,IND19014811,LN2019040000332,LDO20210000479,20,2021-01-05,04:03:47,1172.91,Debit,Completed,,Loan Payment - LN2019040000332,False,,0.26,,Automated,Personal Loan,standard_payment,False,loan_payment_generator,False,
TXNL202100000850,ACC0005514,IND19011127,LN2019040000334,LDO20210000480,20,2021-01-04,02:30:27,1215.23,Debit,Failed,mandate_limit,Loan Payment - LN2019040000334,False,,0.85,,Automated,Home Loan,standard_payment,False,loan_payment_generator,False,
TXNL202100000851,ACC0005603,IND19011571,LN2019040000339,LDO20210000481,20,2021-01-06,03:57:13,1438.72,Debit,Completed,,Loan Payment - LN2019040000339,False,,1.82,,Automated,Home Loan,standard_payment,False,loan_payment_generator,False,
TXNL202100000852,ACC0006317,IND19003634,LN2019040000341,LDO20210000482,21,2021-01-11,04:11:01,176.04,Debit,Completed,,Loan Payment - LN2019040000341,False,,0.49,,Automated,Home Loan,standard_payment,False,loan_payment_generator,False,
TXNL202100000853,ACC0007001,COM19000025,LN2019040000342,LDO20210000483,21,2021-01-16,04:35:44,34329.58,Debit,Failed,insufficient_funds,Loan Payment - LN2019040000342,False,,0.48,,Automated,Business Loan,standard_payment,False,loan_payment_generator,False,
TXNL202100000854,ACC0006803,IND19001507,LN2019040000347,LDO20210000484,21,2021-01-20,03:02:46,4144.67,Debit,Completed,,Loan Payment - LN2019040000347 - Extra Principal,False,,0.92,,Automated,Personal Loan,extra_payment,False,loan_payment_generator,False,
TXNL202100000855,ACC0006453,IND19003544,LN2019040000353,,21,2021-01-24,03:32:50,1261.42,Debit,Completed,,Loan Payment - LN2019040000353,False,,2.5,,Automated,Home Loan,standard_payment,False,loan_payment_generator,False,
TXNL202100000856,ACC0006527,IND19000751,LN2019040000354,LDO20210000485,21,2021-01-22,03:16:29,3539.16,Debit,Completed,,Loan Payment - LN2019040000354,False,,1.41,,Automated,Personal Loan,standard_payment,False,loan_payment_generator,False,
TXNL202100000857,ACC0005874,IND19007093,LN2019040000364,,21,2021-01-10,04:38:28,2763.29,Debit,Completed,,Loan Payment - LN2019040000364,True,,10.0,,Mobile,Personal Loan,standard_payment,False,loan_payment_generator,False,
TXNL202100000858,ACC0005612,IND19005962,LN2019040000372,LDO20210000487,20,2021-01-03,03:07:50,4137.1,Debit,Completed,,Loan Payment - LN2019040000372,False,,0.98,,Automated,Home Loan,standard_payment,False,loan_payment_generator,False,
TXNL202100000859,ACC0005835,IND19006050,LN2019040000388,LDO20210000488,20,2021-01-01,02:50:44,3029.99,Debit,Completed,,Loan Payment - LN2019040000388,False,,1.99,,Automated,Home Loan,standard_payment,False,loan_payment_generator,False,
TXNL202100000860,ACC0006948,IND19015118,LN2019040000407,LDO20210000489,21,2021-01-20,03:56:47,3846.92,Debit,Completed,,Loan Payment - LN2019040000407,False,,1.16,,Automated,Vehicle Loan,standard_payment,False,loan_payment_generator,False,
TXNL202100000861,ACC0006899,IND19000899,LN2019040000409,,21,2021-01-27,02:39:59,1590.41,Debit,Completed,,Loan Payment - LN2019040000409,False,,2.5,,Automated,Home Loan,standard_payment,False,loan_payment_generator,False,
TXNL202100000862,ACC0005827,IND19010077,LN2019040000424,LDO20210000490,20,2021-01-02,04:31:52,2401.89,Debit,Completed,,Loan Payment - LN2019040000424,False,,1.64,,Automated,Personal Loan,standard_payment,False,loan_payment_generator,False,
TXNL202100000863,ACC0006600,IND19010541,LN2019040000426,,21,2021-01-30,02:15:43,1013.25,Debit,Completed,,Loan Payment - LN2019040000426,False,,2.5,,Automated,Home Loan,standard_payment,False,loan_payment_generator,False,
TXNL202100000864,ACC0006975,COM19000211,LN2019040000442,,21,2021-01-28,04:19:05,10135.19,Debit,Completed,,Loan Payment - LN2019040000442,False,,2.5,,Automated,Business Loan,standard_payment,False,loan_payment_generator,False,
TXNL202100000865,ACC0006609,IND19010646,LN2019040000453,LDO20210000491,21,2021-01-27,04:06:46,5582.9,Debit,Completed,,Loan Payment - LN2019040000453,False,,0.83,,Automated,Home Loan,standard_payment,False,loan_payment_generator,False,
TXNL202100000866,ACC0006009,IND19001618,LN2019040000458,,21,2021-01-18,03:06:44,1551.08,Debit,Completed,,Loan Payment - LN2019040000458,False,,2.5,,Automated,Home Loan,standard_payment,False,loan_payment_generator,False,
TXNL202100000867,ACC0006508,IND19001701,LN2019040000460,,20,2021-01-05,07:41:05,3680.67,Debit,Completed,,Loan Payment - LN2019040000460 - Late Fee,False,,2.5,,Mobile,Home Loan,late_payment,False,loan_payment_generator,False,
TXNL202100000868,ACC0006244,IND19014006,LN2019040000470,LDO20210000492,20,2021-01-06,02:03:47,4553.55,Debit,Completed,,Loan Payment - LN2019040000470,False,,1.95,,Automated,Personal Loan,standard_payment,False,loan_payment_generator,False,
TXNL202100000869,ACC0005740,IND19008836,LN2019040000489,,21,2021-01-17,04:55:26,989.58,Debit,Completed,,Loan Payment - LN2019040000489 - Late Fee,False,,2.5,,Automated,Home Loan,late_payment,False,loan_payment_generator,False,
TXNL202100000870,ACC0006384,IND19000328,LN2019040000493,LDO20210000493,21,2021-01-20,03:56:21,1714.89,Debit,Completed,,Loan Payment - LN2019040000493,False,,1.24,,Automated,Personal Loan,standard_payment,False,loan_payment_generator,False,
TXNL202100000871,ACC0005763,IND19002384,LN2019040000501,LDO20210000495,20,2021-01-01,04:20:33,906.64,Debit,Completed,,Loan Payment - LN2019040000501,False,,1.91,,Automated,Vehicle Loan,standard_payment,False,loan_payment_generator,False,
TXNL202100000872,ACC0006043,IND19012474,LN2019040000504,,20,2021-01-02,04:36:18,1182.55,Debit,Completed,,Loan Payment - LN2019040000504,False,,2.5,,Automated,Home Loan,standard_payment,False,loan_payment_generator,False,
TXNL202100000873,ACC0007004,COM19000217,LN2019040000506,LDO20210000496,20,2021-01-04,03:27:09,10556.78,Debit,Completed,,Loan Payment - LN2019040000506,False,,1.99,,Automated,Business Loan,standard_payment,False,loan_payment_generator,False,
TXNL202100000874,ACC0006037,IND19012380,LN2019040000521,LDO20210000497,21,2021-01-29,02:48:50,4410.13,Debit,Completed,,Loan Payment - LN2019040000521,False,,0.49,,Automated,Home Loan,standard_payment,False,loan_payment_generator,False,
TXNL202100000875,ACC0006594,IND19013477,LN2019040000528,LDO20210000498,21,2021-01-23,03:43:42,2360.32,Debit,Completed,,Loan Payment - LN2019040000528,False,,0.7,,Automated,Home Loan,standard_payment,False,loan_payment_generator,False,
TXNL202100000876,ACC0005980,IND19012426,LN2019040000531,LDO20210000499,20,2021-01-10,02:25:21,11866.11,Debit,Completed,,Loan Payment - LN2019040000531,False,,1.1,,Automated,Personal Loan,standard_payment,False,loan_payment_generator,False,
TXNL202100000877,ACC0006095,IND19004821,LN2019040000532,LDO20210000500,21,2021-01-16,02:58:34,1771.47,Debit,Completed,,Loan Payment - LN2019040000532,False,,0.25,,Automated,Vehicle Loan,standard_payment,False,loan_payment_generator,False,
TXNL202100000878,ACC0005777,IND19012806,LN2019040000549,LDO20210000501,21,2021-01-15,04:06:12,3444.9,Debit,Completed,,Loan Payment - LN2019040000549,False,,0.48,,Automated,Home Loan,standard_payment,False,loan_payment_generator,False,
TXNL202100000879,ACC0005652,IND19009011,LN2019040000553,,21,2021-01-15,04:22:53,3083.33,Debit,Completed,,Loan Payment - LN2019040000553,False,,2.5,,Automated,Home Loan,standard_payment,False,loan_payment_generator,False,
TXNL202100000880,ACC0005618,IND19008561,LN2019040000557,LDO20210000502,21,2021-01-15,03:50:36,4066.44,Debit,Completed,,Loan Payment - LN2019040000557,False,,0.1,,Automated,Home Loan,standard_payment,False,loan_payment_generator,False,
TXNL202100000881,ACC0005549,IND19002733,LN2019040000562,,21,2021-01-22,04:49:38,1015.02,Debit,Completed,,Loan Payment - LN2019040000562,False,,2.5,,Automated,Home Loan,standard_payment,False,loan_payment_generator,False,
TXNL202100000882,ACC0006705,IND19007997,LN2019040000563,LDO20210000503,21,2021-01-18,04:54:29,2670.33,Debit,Failed,insufficient_funds,Loan Payment - LN2019040000563,False,,0.23,,Automated,Home Loan,standard_payment,False,loan_payment_generator,False,
TXNL202100000883,ACC0006568,IND19007034,LN2019040000570,LDO20210000504,20,2021-01-01,03:16:26,1186.49,Debit,Completed,,Loan Payment - LN2019040000570,False,,0.2,,Automated,Personal Loan,standard_payment,False,loan_payment_generator,False,
TXNL202100000884,ACC0006845,IND19015246,LN2019040000573,LDO20210000505,21,2021-01-24,02:01:08,7216.33,Debit,Completed,,Loan Payment - LN2019040000573,False,,0.38,,Automated,Vehicle Loan,standard_payment,False,loan_payment_generator,False,
TXNL202100000885,ACC0006149,IND19009401,LN2019040000585,,21,2021-01-26,03:16:37,1622.39,Debit,Failed,account_blocked,Loan Payment - LN2019040000585,False,,2.5,,Automated,Home Loan,standard_payment,False,loan_payment_generator,False,
TXNL202100000886,ACC0006098,IND19015404,LN2019040000598,,21,2021-01-11,04:41:52,10077.44,Debit,Completed,,Loan Payment - LN2019040000598 - Late Fee,False,,2.5,,Automated,Personal Loan,late_payment,False,loan_payment_generator,False,
TXNL202100000887,ACC0005613,IND19005851,LN2019040000601,,20,2021-01-01,06:18:46,4123.43,Debit,Completed,,Loan Payment - LN2019040000601,False,,2.5,,Online,Home Loan,standard_payment,False,loan_payment_generator,False,
TXNL202100000888,ACC0006123,IND19005105,LN2019040000616,LDO20210000506,20,2021-01-07,02:46:56,305.73,Debit,Completed,,Loan Payment - LN2019040000616 - Partial,False,,0.19,,Automated,Home Loan,partial_payment,False,loan_payment_generator,False,
TXNL202100000889,ACC0006557,IND19008107,LN2019040000629,LDO20210000507,20,2021-01-03,03:42:19,2964.23,Debit,Completed,,Loan Payment - LN2019040000629,False,,1.9,,Automated,Home Loan,standard_payment,False,loan_payment_generator,False,
TXNL202100000890,ACC0005969,IND19013685,LN2019040000632,LDO20210000508,21,2021-01-24,04:40:21,3958.91,Debit,Completed,,Loan Payment - LN2019040000632,False,,0.22,,Automated,Home Loan,standard_payment,False,loan_payment_generator,False,
TXNL202100000891,ACC0005909,IND19003965,LN2019040000638,,21,2021-01-21,03:11:34,1357.5,Debit,Cancelled,customer_stop_instruction,Loan Payment - LN2019040000638,False,,2.5,,Automated,Home Loan,standard_payment,False,loan_payment_generator,False,
TXNL202100000892,ACC0006153,IND19010755,LN2019040000648,,21,2021-01-30,03:51:07,3696.44,Debit,Completed,,Loan Payment - LN2019040000648,False,,2.5,,Automated,Home Loan,standard_payment,False,loan_payment_generator,False,
TXNL202100000893,ACC0006126,IND19004181,LN2019040000657,,21,2021-01-14,03:24:23,995.41,Debit,Failed,insufficient_funds,Loan Payment - LN2019040000657,False,,2.5,,Automated,Vehicle Loan,standard_payment,False,loan_payment_generator,False,
TXNL202100000894,ACC0005981,IND19012426,LN2019040000660,LDO20210000509,20,2021-01-05,04:49:40,11876.6,Debit,Completed,,Loan Payment - LN2019040000660,False,,0.89,,Automated,Personal Loan,standard_payment,False,loan_payment_generator,False,
TXNL202100000895,ACC0006487,IND19006187,LN2019040000663,LDO20210000510,20,2021-01-04,02:16:09,1397.8,Debit,Completed,,Loan Payment - LN2019040000663 - Partial,False,,0.93,,Automated,Personal Loan,partial_payment,False,loan_payment_generator,False,
TXNL202100000896,ACC0005609,IND19010495,LN2019040000664,LDO20210000511,21,2021-01-22,04:10:26,3419.22,Debit,Failed,insufficient_funds,Loan Payment - LN2019040000664,False,,1.0,,Automated,Vehicle Loan,standard_payment,False,loan_payment_generator,False,
TXNL202100000897,ACC0006775,IND19005633,LN2019040000666,LDO20210000512,21,2021-01-11,02:09:39,3236.13,Debit,Completed,,Loan Payment - LN2019040000666,False,,0.37,,Automated,Home Loan,standard_payment,False,loan_payment_generator,False,
TXNL202100000898,ACC0006758,IND19013371,LN2019040000674,,21,2021-01-18,02:58:08,625.8,Debit,Completed,,Loan Payment - LN2019040000674,False,,2.5,,Automated,Home Loan,standard_payment,False,loan_payment_generator,False,
TXNL202100000899,ACC0006933,IND19004476,LN2019040000681,LDO20210000513,21,2021-01-24,03:05:41,5094.02,Debit,Completed,,Loan Payment - LN2019040000681,False,,1.54,,Automated,Personal Loan,standard_payment,False,loan_payment_generator,False,
TXNL202100000900,ACC0006611,IND19010726,LN2019040000684,,21,2021-01-29,04:37:48,1419.83,Debit,Completed,,Loan Payment - LN2019040000684,False,,2.5,,Automated,Vehicle Loan,standard_payment,False,loan_payment_generator,False,
TXNL202100000901,ACC0006540,IND19011900,LN2019040000690,LDO20210000514,20,2021-01-01,02:37:01,1853.79,Debit,Completed,,Loan Payment - LN2019040000690,False,,0.22,,Automated,Vehicle Loan,standard_payment,False,loan_payment_generator,False,
TXNL202100000902,ACC0006083,IND19013467,LN2019040000691,LDO20210000515,21,2021-01-15,02:29:03,1941.38,Debit,Completed,,Loan Payment - LN2019040000691,False,,2.0,,Automated,Home Loan,standard_payment,False,loan_payment_generator,False,
TXNL202100000903,ACC0006884,IND19015135,LN2019040000696,LDO20210000516,20,2021-01-05,04:16:19,2767.53,Debit,Completed,,Loan Payment - LN2019040000696,False,,1.17,,Automated,Vehicle Loan,standard_payment,False,loan_payment_generator,False,
TXNL202100000904,ACC0005590,IND19007712,LN2019040000699,,21,2021-01-19,04:10:53,1931.52,Debit,Completed,,Loan Payment - LN2019040000699,False,,2.5,,Automated,Personal Loan,standard_payment,False,loan_payment_generator,False,
TXNL202100000905,ACC0005824,IND19013306,LN2019040000701,LDO20210000517,21,2021-01-19,03:20:54,767.87,Debit,Completed,,Loan Payment - LN2019040000701,False,,0.9,,Automated,Home Loan,standard_payment,False,loan_payment_generator,False,
TXNL202100000906,ACC0006286,IND19014817,LN2019040000708,,20,2021-01-02,02:17:44,6185.66,Debit,Completed,,Loan Payment - LN2019040000708,False,,2.5,,Automated,Home Loan,standard_payment,False,loan_payment_generator,False,
TXNL202100000907,ACC0006258,IND19014436,LN2019040000711,LDO20210000518,20,2021-01-02,02:25:00,2398.9,Debit,Completed,,Loan Payment - LN2019040000711,False,,0.73,,Automated,Vehicle Loan,standard_payment,False,loan_payment_generator,False,
TXNL202100000908,ACC0006114,IND19000797,LN2019040000713,,21,2021-01-20,02:47:30,2360.85,Debit,Completed,,Loan Payment - LN2019040000713,False,,2.5,,Automated,Personal Loan,standard_payment,False,loan_payment_generator,False,
TXNL202100000909,ACC0006784,IND19011724,LN2019040000720,,21,2021-01-23,04:44:13,1450.8,Debit,Completed,,Loan Payment - LN2019040000720,False,,2.5,,Automated,Home Loan,standard_payment,False,loan_payment_generator,False,
TXNL202100000910,ACC0006465,IND19002539,LN2019040000722,LDO20210000519,21,2021-01-30,03:22:45,2178.65,Debit,Completed,,Loan Payment - LN2019040000722,False,,1.95,,Automated,Personal Loan,standard_payment,False,loan_payment_generator,False,
TXNL202100000911,ACC0006875,IND19001044,LN2019040000724,LDO20210000520,21,2021-01-14,04:00:48,6735.95,Debit,Completed,,Loan Payment - LN2019040000724,False,,1.64,,Automated,Home Loan,standard_payment,False,loan_payment_generator,False,
TXNL202100000912,ACC0006439,IND19010454,LN2019040000729,LDO20210000521,21,2021-01-30,04:08:50,1974.92,Debit,Completed,,Loan Payment - LN2019040000729,False,,1.94,,Automated,Vehicle Loan,standard_payment,False,loan_payment_generator,False,
TXNL202100000913,ACC0006535,IND19003432,LN2019040000737,LDO20210000522,21,2021-01-30,04:15:43,1134.9,Debit,Failed,mandate_limit,Loan Payment - LN2019040000737,False,,0.96,,Automated,Home Loan,standard_payment,False,loan_payment_generator,False,
TXNL202100000914,ACC0006501,IND19012993,LN2019040000740,,21,2021-01-20,05:49:58,366.78,Debit,Completed,,Loan Payment - LN2019040000740,False,,2.5,,Automated,Home Loan,standard_payment,False,loan_payment_generator,True,timestamp_shift
TXNL202100000915,ACC0006652,IND19001592,LN2019040000748,,21,2021-01-21,02:51:38,1845.94,Debit,Completed,,Loan Payment - LN2019040000748,False,,2.5,,Automated,Vehicle Loan,standard_payment,False,loan_payment_generator,False,
TXNL202100000916,ACC0006209,IND19009400,LN2019040000751,,21,2021-01-22,04:04:11,3069.89,Debit,Completed,,Loan Payment - LN2019040000751,False,,2.5,,Automated,Vehicle Loan,standard_payment,False,loan_payment_generator,False,
 TXNL202100000917 ,ACC0006424,IND19005129,LN2019040000752,LDO20210000523,20,2021-01-04,03:56:05,864.47,Debit,Completed,,Loan Payment - LN2019040000752,False,,0.75,,Automated,Vehicle Loan,standard_payment,False,loan_payment_generator,True,whitespace_in_id
TXNL202100000918,ACC0005901,IND19005390,LN2019040000757,LDO20210000524,20,2021-01-02,04:15:21,1539.45,Debit,Completed,,Loan Payment - LN2019040000757,False,,1.04,,Automated,Home Loan,standard_payment,False,loan_payment_generator,False,
TXNL202100000919,ACC0006309,IND19003220,LN2019040000759,LDO20210000525,21,2021-01-28,02:48:24,2359.63,Debit,Completed,,Loan Payment - LN2019040000759,False,,0.33,,Automated,Vehicle Loan,standard_payment,False,loan_payment_generator,False,
TXNL202100000920,ACC0006375,IND19011919,LN2019040000761,,20,2021-01-03,02:19:05,6475.59,Debit,Completed,,Loan Payment - LN2019040000761,False,,2.5,,Automated,Personal Loan,standard_payment,False,loan_payment_generator,False,
TXNL202100000921,ACC0006145,IND19002874,LN2019040000764,,21,2021-01-19,04:47:19,360.12,Debit,Completed,,Loan Payment - LN2019040000764,False,,2.5,,Automated,Vehicle Loan,standard_payment,False,loan_payment_generator,False,
TXNL202100000922,ACC0006981,COM19000093,LN2019040000766,,21,2021-01-09,04:34:50,11911.56,Debit,Completed,,Loan Payment - LN2019040000766,False,,2.5,,Automated,Business Loan,standard_payment,False,loan_payment_generator,False,
TXNL202100000923,ACC0005860,IND19014037,LN2019040000773,,21,2021-01-19,04:10:51,721.37,Debit,Completed,,Loan Payment - LN2019040000773,False,,2.5,,Automated,Home Loan,standard_payment,False,loan_payment_generator,False,
TXNL202100000924,ACC0006542,IND19000673,LN2019040000780,LDO20210000526,21,2021-01-22,04:50:31,3105.75,Debit,Completed,,Loan Payment - LN2019040000780,False,,1.36,,Automated,Home Loan,standard_payment,False,loan_payment_generator,False,
TXNL202100000925,ACC0006734,IND19005493,LN2019040000790,,21,2021-01-10,03:17:55,1509.67,Debit,Completed,,Loan Payment - LN2019040000790,False,,2.5,,Automated,Home Loan,standard_payment,False,loan_payment_generator,False,
TXNL202100000926,ACC0005778,IND19015885,LN2019040000791,,21,2021-01-22,03:17:04,3538.8,Debit,Completed,,Loan Payment - LN2019040000791,False,,2.5,,Automated,Personal Loan,standard_payment,False,loan_payment_generator,False,
TXNL202100000927,ACC0006094,IND19004821,LN2019040000810,LDO20210000527,20,2021-01-07,03:42:07,1358.08,Debit,Completed,,Loan Payment - LN2019040000810,False,,0.23,,Automated,Home Loan,standard_payment,False,loan_payment_generator,False,
TXNL202100000928,ACC0006306,IND19004991,LN2019040000811,LDO20210000528,21,2021-01-13,02:40:39,2052.6,Debit,Completed,,Loan Payment - LN2019040000811,False,,0.91,,Automated,Vehicle Loan,standard_payment,False,loan_payment_generator,False,
TXNL202100000929,ACC0006480,IND19014719,LN2019040000819,,20,2021-01-08,04:10:51,4718.52,Debit,Completed,,Loan Payment - LN2019040000819 - Extra Principal,False,,2.5,,Automated,Vehicle Loan,extra_payment,False,loan_payment_generator,False,
TXNL202100000930,ACC0006938,IND19009972,LN2019040000822,LDO20210000529,21,2021-01-27,04:07:29,431.21,Debit,Completed,,Loan Payment - LN2019040000822,False,,0.73,,Automated,Home Loan,standard_payment,False,loan_payment_generator,False,
TXNL202100000931,ACC0006992,COM19000195,LN2019040000824,,21,2021-01-24,03:11:07,18380.92,Debit,Completed,,Loan Payment - LN2019040000824 - Late Fee,False,,2.5,,Automated,Business Loan,late_payment,False,loan_payment_generator,False,
TXNL202100000932,ACC0006580,IND19006422,LN2019040000827,LDO20210000530,21,2021-01-27,04:51:25,3628.44,Debit,Completed,,Loan Payment - LN2019040000827,False,,0.76,,Automated,Personal Loan,standard_payment,False,loan_payment_generator,False,
TXNL202100000933,ACC0005675,IND19000388,LN2019040000832,LDO20210000531,20,2021-01-01,03:02:43,1422.64,Debit,Completed,,Loan Payment - LN2019040000832,False,,1.98,,Automated,Vehicle Loan,standard_payment,False,loan_payment_generator,False,
TXNL202100000934,ACC0006503,IND19002005,LN2019040000833,,21,2021-01-18,04:45:42,877.07,Debit,Completed,,Loan Payment - LN2019040000833,False,,2.5,,Automated,Vehicle Loan,standard_payment,False,loan_payment_generator,False,
TXNL202100000935,ACC0006342,IND19005955,LN2019040000844,LDO20210000532,21,2021-01-16,04:55:34,762.72,Debit,Completed,,Loan Payment - LN2019040000844,False,,1.09,,Automated,Home Loan,standard_payment,False,loan_payment_generator,False,
TXNL202100000936,ACC0005796,IND19006333,LN2019040000846,LDO20210000533,20,2021-01-02,04:23:30,1041.48,Debit,Completed,,Loan Payment - LN2019040000846,False,,0.46,,Automated,Personal Loan,standard_payment,False,loan_payment_generator,False,
TXNL202100000937,ACC0006324,IND19000214,LN2019040000860,LDO20210000534,21,2021-01-14,03:55:34,482.0,Debit,Completed,,Loan Payment - LN2019040000860,False,,0.03,,Automated,Home Loan,standard_payment,False,loan_payment_generator,False,
TXNL202100000938,ACC0005745,IND19006503,LN2019040000871,LDO20210000535,21,2021-01-11,04:24:58,3135.84,Debit,Completed,,Loan Payment - LN2019040000871,False,,0.36,,Automated,Home Loan,standard_payment,False,loan_payment_generator,False,
TXNL202100000939,ACC0006570,IND19013192,LN2019040000874,,20,2021-01-03,02:59:52,6296.78,Debit,Completed,,Loan Payment - LN2019040000874,False,,2.5,,Automated,Personal Loan,standard_payment,False,loan_payment_generator,False,
TXNL202100000940,ACC0006687,IND19007346,LN2019040000890,LDO20210000536,20,2021-01-01,04:45:56,3564.64,Debit,Completed,,Loan Payment - LN2019040000890,False,,0.66,,Automated,Personal Loan,standard_payment,False,loan_payment_generator,False,
TXNL202100000941,ACC0007000,COM19000238,LN2019040000904,LDO20210000537,21,2021-01-18,02:56:30,4590.55,Debit,Failed,account_blocked,Loan Payment - LN2019040000904,False,,0.75,,Automated,Business Loan,standard_payment,False,loan_payment_generator,False,
TXNL202100000942,ACC0006642,IND19010043,LN2019040000907,,21,2021-01-12,03:07:16,5341.6,Debit,Completed,,Loan Payment - LN2019040000907,False,,2.5,,Automated,Home Loan,standard_payment,False,loan_payment_generator,False,
TXNL202100000943,ACC0006113,IND19003858,LN2019040000908,LDO20210000538,20,2021-01-01,04:07:56,900.29,Debit,Completed,,Loan Payment - LN2019040000908 - Late Fee,False,,1.72,,Automated,Home Loan,late_payment,False,loan_payment_generator,False,
TXNL202100000944,ACC0006157,IND19013899,LN2019040000913,LDO20210000539,21,2021-01-23,02:09:56,1853.27,Debit,Completed,,Loan Payment - LN2019040000913,False,,1.74,,Automated,Vehicle Loan,standard_payment,False,loan_payment_generator,False,
TXNL202100000945,ACC0005543,IND19006755,LN2019040000919,LDO20210000540,21,2021-01-18,02:28:51,559.62,Debit,Completed,,Loan Payment - LN2019040000919,False,,0.43,,Automated,Home Loan,standard_payment,False,loan_payment_generator,False,
TXNL202100000946,ACC0006155,IND19014676,LN2019040000923,LDO20210000542,21,2021-01-21,03:09:48,4307.26,Debit,Completed,,Loan Payment - LN2019040000923,False,,1.3,,Automated,Home Loan,standard_payment,False,loan_payment_generator,False,
TXNL202100000947,ACC0006855,IND19009563,LN2019040000928,LDO20210000543,21,2021-01-19,03:00:23,1093.1,Debit,Completed,,Loan Payment - LN2019040000928,False,,1.18,,Automated,Home Loan,standard_payment,False,loan_payment_generator,False,
TXNL202100000948,ACC0005517,IND19002764,LN2019040000929,LDO20210000544,20,2021-01-03,03:07:28,1277.74,Debit,Completed,,Loan Payment - LN2019040000929,False,,1.88,,Automated,Vehicle Loan,standard_payment,False,loan_payment_generator,False,
TXNL202100000949,ACC0006403,IND19012682,LN2019040000933,LDO20210000545,20,2021-01-02,04:55:38,677.4,Debit,Completed,,Loan Payment - LN2019040000933,False,,0.16,,Automated,Personal Loan,standard_payment,False,loan_payment_generator,False,
TXNL202100000950,ACC0006876,IND19000464,LN2019040000937,LDO20210000546,20,2021-01-07,02:00:25,3241.03,Debit,Completed,,Loan Payment - LN2019040000937,False,,0.09,,Automated,Home Loan,standard_payment,False,loan_payment_generator,False,
TXNL202100000951,ACC0005886,IND19013488,LN2019040000941,LDO20210000547,20,2021-01-06,04:09:13,8637.76,Debit,Completed,,Loan Payment - LN2019040000941,False,,0.69,,Automated,Personal Loan,standard_payment,False,loan_payment_generator,False,
TXNL202100000952,ACC0006276,IND19008958,LN2019040000944,LDO20210000548,21,2021-01-13,04:04:24,2924.42,Debit,Completed,,Loan Payment - LN2019040000944,False,,1.86,,Automated,Home Loan,standard_payment,False,loan_payment_generator,False,
TXNL202100000953,ACC0006166,IND19000921,LN2019040000947,,21,2021-01-29,03:15:11,1187.82,Debit,Failed,insufficient_funds,Loan Payment - LN2019040000947 - Recovery,False,,2.5,,Automated,Vehicle Loan,recovery_payment,True,loan_payment_generator,False,
TXNL202100000954,ACC0006165,IND19002473,LN2019040000948,LDO20210000549,21,2021-01-29,03:09:17,1826.67,Debit,Completed,,Loan Payment - LN2019040000948,False,,1.42,,Automated,Home Loan,standard_payment,False,loan_payment_generator,False,
TXNL202100000955,ACC0006085,IND19012573,LN2019040000952,LDO20210000550,20,2021-01-06,02:17:01,1668.69,Debit,Completed,,Loan Payment - LN2019040000952,False,,1.06,,Automated,Home Loan,standard_payment,False,loan_payment_generator,False,
TXNL202100000956,ACC0005859,IND19014037,LN2019040000958,,21,2021-01-23,01:17:21,1660.6,Debit,Completed,,Loan Payment - LN2019040000958,True,,10.0,,Online,Personal Loan,standard_payment,False,loan_payment_generator,False,
TXNL202100000957,ACC0006278,IND19002340,LN2019040000961,,20,2021-01-04,04:23:48,2516.11,Debit,Completed,,Loan Payment - LN2019040000961,False,,2.5,,Automated,Personal Loan,standard_payment,False,loan_payment_generator,False,
TXNL202100000958,ACC0006314,IND19010897,LN2019040000962,,21,2021-01-18,04:23:59,1106.34,Debit,Completed,,Loan Payment - LN2019040000962,False,,2.5,,Automated,Home Loan,standard_payment,False,loan_payment_generator,False,
TXNL202100000959,ACC0006248,IND19005286,LN2019040000964,,20,2021-01-01,03:27:22,776.63,Debit,Completed,,Loan Payment - LN2019040000964,False,,2.5,,Automated,Home Loan,standard_payment,False,loan_payment_generator,False,
TXNL202100000960,ACC0005908,IND19000620,LN2019040000966,LDO20210000551,21,2021-01-24,04:50:44,3638.95,Debit,Completed,,Loan Payment - LN2019040000966,False,,1.58,,Automated,Home Loan,standard_payment,False,loan_payment_generator,False,
TXNL202100000961,ACC0005701,IND19002057,LN2019040000967,,20,2021-01-07,04:19:33,1410.87,Debit,Completed,,Loan Payment - LN2019040000967,False,,2.5,,Automated,Personal Loan,standard_payment,False,loan_payment_generator,False,
TXNL202100000962,ACC0005579,IND19010467,LN2019040000974,LDO20210000552,21,2021-01-24,04:33:17,942.9,Debit,Completed,,Loan Payment - LN2019040000974,False,,0.16,,Automated,Home Loan,standard_payment,False,loan_payment_generator,False,
TXNL202100000963,ACC0006689,IND19001053,LN2019040000977,LDO20210000553,21,2021-01-18,04:43:27,1718.84,Debit,Completed,,Loan Payment - LN2019040000977,False,,0.16,,Automated,Home Loan,standard_payment,False,loan_payment_generator,False,
TXNL202100000964,ACC0006222,IND19002180,LN2019040000979,,21,2021-01-15,02:07:45,2203.19,Debit,Completed,,Loan Payment - LN2019040000979,False,,2.5,,Automated,Personal Loan,standard_payment,False,loan_payment_generator,False,
TXNL202100000965,ACC0006321,IND19010780,LN2019040000981,LDO20210000554,21,2021-01-27,03:32:05,2131.66,Debit,Completed,,Loan Payment - LN2019040000981,False,,0.87,,Automated,Vehicle Loan,standard_payment,False,loan_payment_generator,False,
TXNL202100000966,ACC0005677,IND19011023,LN2019040000983,LDO20210000555,21,2021-01-16,03:42:37,1946.84,Debit,Completed,,Loan Payment - LN2019040000983,False,,0.75,,Automated,Home Loan,standard_payment,False,loan_payment_generator,False,
TXNL202100000967,ACC0006752,IND19007656,LN2019040000987,LDO20210000556,21,2021-01-20,03:00:01,479.84,Debit,Completed,,Loan Payment - LN2019040000987,False,,1.47,,Automated,Vehicle Loan,standard_payment,False,loan_payment_generator,False,
TXNL202100000968,ACC0005637,IND19010526,LN2019040000990,,21,2021-01-18,07:39:52,904.97,Debit,Completed,,Loan Payment - LN2019040000990,False,,2.5,,Online,Personal Loan,standard_payment,False,loan_payment_generator,False,
TXNL202100000969,ACC0006178,IND19001792,LN2019040001001,LDO20210000557,21,2021-01-15,02:40:05,1112.95,Debit,Completed,,Loan Payment - LN2019040001001,False,,1.21,,Automated,Home Loan,standard_payment,False,loan_payment_generator,False,
TXNL202100000970,ACC0006862,IND19006218,LN2019040001010,LDO20210000558,21,2021-01-28,03:43:00,2156.02,Debit,Completed,,Loan Payment - LN2019040001010,False,,0.07,,Automated,Vehicle Loan,standard_payment,False,loan_payment_generator,False,
TXNL202100000971,ACC0006066,IND19000926,LN2019040001015,,21,2021-01-23,03:01:42,3798.43,Debit,Failed,bank_timeout,Loan Payment - LN2019040001015,False,,2.5,,Automated,Home Loan,standard_payment,False,loan_payment_generator,False,
TXNL202100000972,ACC0005822,IND19009557,LN2019040001017,,20,2021-01-06,03:46:50,4256.83,Debit,Completed,,Loan Payment - LN2019040001017 - Extra Principal,False,,2.5,,Automated,Home Loan,extra_payment,False,loan_payment_generator,False,
TXNL202100000973,ACC0006651,IND19004090,LN2019040001020,LDO20210000559,21,2021-01-27,02:33:37,339.26,Debit,Completed,,Loan Payment - LN2019040001020,False,,0.52,,Automated,Home Loan,standard_payment,False,loan_payment_generator,False,
TXNL202100000974,ACC0006924,IND19011913,LN2019040001021,,21,2021-01-12,02:37:07,1620.24,Debit,Completed,,Loan Payment - LN2019040001021,False,,2.5,,Automated,Home Loan,standard_payment,False,loan_payment_generator,False,
TXNL202100000975,ACC0006331,IND19014814,LN2019040001026,,21,2021-01-23,04:18:28,1760.13,Debit,Completed,,Loan Payment - LN2019040001026,False,,2.5,,Automated,Vehicle Loan,standard_payment,False,loan_payment_generator,False,
TXNL202100000976,ACC0006295,IND19011761,LN2019040001031,,21,2021-01-17,04:35:01,356.66,Debit,Completed,,Loan Payment - LN2019040001031,False,,2.5,,Automated,Home Loan,standard_payment,False,loan_payment_generator,False,
TXNL202100000977,ACC0006135,IND19014975,LN2019040001040,LDO20210000560,20,2021-01-01,03:03:19,1171.15,Debit,Completed,,Loan Payment - LN2019040001040,False,,0.96,,Automated,Home Loan,standard_payment,False,loan_payment_generator,False,
TXNL202100000978,ACC0005685,IND19014261,LN2019040001042,LDO20210000561,21,2021-01-22,03:49:36,1784.08,Debit,Completed,,Loan Payment - LN2019040001042,False,,0.42,,Automated,Personal Loan,standard_payment,False,loan_payment_generator,False,
TXNL202100000979,ACC0006338,IND19003909,LN2019040001058,LDO20210000562,21,2021-01-24,02:52:43,2205.0,Debit,Completed,,Loan Payment - LN2019040001058,False,,0.14,,Automated,Home Loan,standard_payment,False,loan_payment_generator,False,
TXNL202100000980,ACC0006808,IND19004647,LN2019040001060,LDO20210000563,21,2021-01-12,02:02:10,7166.4,Debit,Completed,,Loan Payment - LN2019040001060,False,,0.12,,Automated,Personal Loan,standard_payment,False,loan_payment_generator,False,
TXNL202100000981,ACC0005559,IND19011074,LN2019040001081,LDO20210000564,21,2021-01-30,04:44:04,2588.56,Debit,Completed,,Loan Payment - LN2019040001081,False,,1.39,,Automated,Personal Loan,standard_payment,False,loan_payment_generator,False,
TXNL202100000982,ACC0006877,IND19011130,LN2019040001088,LDO20210000565,20,2021-01-08,04:57:49,930.46,Debit,Completed,,Loan Payment - LN2019040001088,False,,1.4,,Automated,Home Loan,standard_payment,False,loan_payment_generator,False,
TXNL202100000983,ACC0005706,IND19001440,LN2019040001097,,21,2021-01-14,04:36:21,1417.8,Debit,Completed,,Loan Payment - LN2019040001097,False,,2.5,,Automated,Home Loan,standard_payment,False,loan_payment_generator,False,
TXNL202100000984,ACC0006495,IND19014203,LN2019040001101,,21,2021-01-17,03:48:17,773.62,Debit,Failed,insufficient_funds,Loan Payment - LN2019040001101 - Recovery,False,,2.5,,Online,Home Loan,recovery_payment,True,loan_payment_generator,False,
TXNL202100000985,ACC0006211,IND19012935,LN2019040001103,LDO20210000566,21,2021-01-19,02:39:33,4110.79,Debit,Completed,,Loan Payment - LN2019040001103,False,,1.35,,Automated,Home Loan,standard_payment,False,loan_payment_generator,False,
TXNL202100000986,ACC0006440,IND19003673,LN2019040001104,LDO20210000567,20,2021-01-06,04:43:57,2763.23,Debit,Completed,,Loan Payment - LN2019040001104,False,,1.67,,Automated,Personal Loan,standard_payment,False,loan_payment_generator,False,
TXNL202100000987,ACC0005644,IND19013828,LN2019040001111,LDO20210000568,21,2021-01-27,02:46:18,4443.96,Debit,Completed,,Loan Payment - LN2019040001111,False,,1.76,,Automated,Home Loan,standard_payment,False,loan_payment_generator,False,
TXNL202100000988,ACC0006460,IND19004584,LN2019040001114,,21,2021-01-22,04:19:06,232.21,Debit,Completed,,Loan Payment - LN2019040001114,False,,2.5,,Automated,Home Loan,standard_payment,False,loan_payment_generator,False,
TXNL202100000989,ACC0006801,IND19010853,LN2019040001118,,21,2021-01-23,04:42:01,4164.51,Debit,Completed,,Loan Payment - LN2019040001118,False,,2.5,,Online,Home Loan,standard_payment,False,loan_payment_generator,False,
TXNL202100000990,ACC0006925,IND19004376,LN2019040001126,,20,2021-01-02,03:37:08,2768.21,Debit,Completed,,Loan Payment - LN2019040001126,False,,2.5,,Automated,Home Loan,standard_payment,False,loan_payment_generator,False,
TXNL202100000991,ACC0005693,IND19008245,LN2019040001127,,21,2021-01-18,03:30:36,2071.7,Debit,Completed,,Loan Payment - LN2019040001127,False,,2.5,,Automated,Home Loan,standard_payment,False,loan_payment_generator,False,
TXNL202100000992,ACC0006429,IND19010105,LN2019040001137,LDO20210000569,21,2021-01-30,03:32:30,1258.72,Debit,Failed,account_blocked,Loan Payment - LN2019040001137,False,,1.85,,Automated,Vehicle Loan,standard_payment,False,loan_payment_generator,False,
TXNL202100000993,ACC0006823,IND19008205,LN2019040001143,LDO20210000570,21,2021-01-26,04:54:43,7938.49,Debit,Completed,,Loan Payment - LN2019040001143,False,,1.44,,Automated,Personal Loan,standard_payment,False,loan_payment_generator,False,
TXNL202100000994,ACC0006804,IND19001507,LN2019040001145,LDO20210000571,21,2021-01-15,03:03:31,2581.47,Debit,Completed,,Loan Payment - LN2019040001145,False,,1.09,,Automated,Vehicle Loan,standard_payment,False,loan_payment_generator,True,amount_rounding_error
TXNL202100000995,ACC0006270,IND19004036,LN2019040001149,LDO20210000572,21,2021-01-29,02:31:48,1268.18,Debit,Completed,,Loan Payment - LN2019040001149,False,,1.11,,Automated,Home Loan,standard_payment,False,loan_payment_generator,False,
TXNL202100000996,ACC0006974,COM19000211,LN2019040001153,,21,2021-01-28,01:41:49,25848.04,Debit,Completed,,Loan Payment - LN2019040001153,False,,2.5,,Online,Business Loan,standard_payment,False,loan_payment_generator,False,
TXNL202100000997,ACC0006821,IND19000585,LN2019040001174,LDO20210000573,21,2021-01-16,03:55:45,2284.44,Debit,Completed,,Loan Payment - LN2019040001174,False,,1.9,,Automated,Vehicle Loan,standard_payment,False,loan_payment_generator,False,
TXNL202100000998,ACC0006878,IND19012616,LN2019040001188,LDO20210000574,21,2021-01-15,04:42:28,448.91,Debit,Completed,,Loan Payment - LN2019040001188,False,,0.45,,Automated,Home Loan,standard_payment,False,loan_payment_generator,False,
TXNL202100000999,ACC0006657,IND19004292,LN2019040001194,LDO20210000575,20,2021-01-06,04:46:53,2155.91,Debit,Failed,bank_timeout,Loan Payment - LN2019040001194,False,,1.82,,Automated,Vehicle Loan,standard_payment,False,loan_payment_generator,False,
TXNL202100001000,ACC0005662,IND19002676,LN2019040001195,LDO20210000576,21,2021-01-21,03:11:17,1573.62,Debit,Completed,,Loan Payment - LN2019040001195,False,,1.19,,Automated,Home Loan,standard_payment,False,loan_payment_generator,False,
TXNL202100001001,ACC0005718,IND19015281,LN2019040001202,LDO20210000577,21,2021-01-24,03:03:01,5230.93,Debit,Completed,,Loan Payment - LN2019040001202,False,,1.41,,Automated,Vehicle Loan,standard_payment,False,loan_payment_generator,False,
TXNL202100001002,ACC0006088,IND19000806,LN2019040001214,LDO20210000578,21,2021-01-16,02:46:33,2863.06,Debit,Completed,,Loan Payment - LN2019040001214,False,,1.02,,Automated,Vehicle Loan,standard_payment,False,loan_payment_generator,False,
TXNL202100001003,ACC0006562,IND19004995,LN2019040001221,LDO20210000579,21,2021-01-24,02:15:38,1734.11,Debit,Completed,,Loan Payment - LN2019040001221,False,,1.02,,Automated,Home Loan,standard_payment,False,loan_payment_generator,False,
TXNL202100001004,ACC0006023,IND19004235,LN2019040001225,LDO20210000580,21,2021-01-20,02:40:02,1664.19,Debit,Completed,,Loan Payment - LN2019040001225 - Extra Principal,False,,1.35,,Automated,Personal Loan,extra_payment,False,loan_payment_generator,False,
TXNL202100001005,ACC0006089,IND19009599,LN2019040001226,LDO20210000581,21,2021-01-26,04:19:27,1510.16,Debit,Completed,,Loan Payment - LN2019040001226,False,,1.46,,Automated,Home Loan,standard_payment,False,loan_payment_generator,False,
TXNL202100001006,ACC0006512,IND19000568,LN2019040001228,LDO20210000582,21,2021-01-18,02:39:42,2712.5,Debit,Completed,,Loan Payment - LN2019040001228,False,,0.65,,Automated,Vehicle Loan,standard_payment,False,loan_payment_generator,False,
TXNL202100001007,ACC0006910,IND19013106,LN2019040001229,LDO20210000583,21,2021-01-21,04:46:48,2599.88,Debit,Completed,,Loan Payment - LN2019040001229 - Extra Principal,False,,0.12,,Automated,Vehicle Loan,extra_payment,False,loan_payment_generator,False,
TXNL202100001008,ACC0005925,IND19014180,LN2019040001230,,21,2021-01-20,03:03:54,1337.01,Debit,Completed,,Loan Payment - LN2019040001230,False,,2.5,,Automated,Home Loan,standard_payment,False,loan_payment_generator,False,
TXNL202100001009,ACC0005698,IND19009645,LN2019040001234,LDO20210000584,20,2021-01-07,02:04:36,2390.06,Debit,Completed,,Loan Payment - LN2019040001234,False,,0.0,,Automated,Vehicle Loan,standard_payment,False,loan_payment_generator,False,
TXNL202100001010,ACC0006389,IND19000373,LN2019040001241,,21,2021-01-26,02:23:44,5148.53,Debit,Completed,,Loan Payment - LN2019040001241,False,,2.5,,Online,Personal Loan,standard_payment,False,loan_payment_generator,False,
TXNL202100001011,ACC0005668,IND19002786,LN2019040001246,LDO20210000586,21,2021-01-12,02:17:21,1781.69,Debit,Completed,,Loan Payment - LN2019040001246,False,,0.34,,Automated,Home Loan,standard_payment,False,loan_payment_generator,False,
TXNL202100001012,ACC0006271,IND19003428,LN2019040001248,,21,2021-01-14,04:55:09,4576.12,Debit,Completed,,Loan Payment - LN2019040001248,False,,2.5,,Automated,Vehicle Loan,standard_payment,False,loan_payment_generator,False,
TXNL202100001013,ACC0006349,IND19002368,LN2019040001251,,20,2021-01-09,04:18:21,3530.61,Debit,Completed,,Loan Payment - LN2019040001251,False,,2.5,,Automated,Vehicle Loan,standard_payment,False,loan_payment_generator,False,
TXNL202100001014,ACC0006605,IND19009023,LN2019040001252,LDO20210000587,21,2021-01-12,04:48:47,2372.66,Debit,Completed,,Loan Payment - LN2019040001252,False,,1.66,,Automated,Vehicle Loan,standard_payment,False,loan_payment_generator,False,
TXNL202100001015,ACC0006911,IND19015046,LN2019040001253,,21,2021-01-26,04:16:45,909.74,Debit,Completed,,Loan Payment - LN2019040001253,False,,2.5,,Automated,Home Loan,standard_payment,False,loan_payment_generator,False,
TXNL202100001016,ACC0006046,IND19008170,LN2019040001255,,21,2021-01-24,04:27:36,626.51,Debit,Failed,insufficient_funds,Loan Payment - LN2019040001255,False,,2.5,,Automated,Home Loan,standard_payment,False,loan_payment_generator,False,
TXNL202100001017,ACC0005523,IND19012856,LN2019040001258,LDO20210000588,21,2021-01-29,02:37:23,3786.64,Debit,Failed,insufficient_funds,Loan Payment - LN2019040001258,False,,1.53,,Automated,Personal Loan,standard_payment,False,loan_payment_generator,False,
TXNL202100001018,ACC0006200,IND19013302,LN2019040001261,,21,2021-01-21,03:57:32,1284.13,Debit,Completed,,Loan Payment - LN2019040001261,False,,2.5,,Automated,Home Loan,standard_payment,False,loan_payment_generator,True,amount_rounding_error
TXNL202100001019,ACC0006053,IND19008287,LN2019040001268,LDO20210000589,21,2021-01-18,03:29:25,1384.86,Debit,Completed,,Loan Payment - LN2019040001268,False,,0.79,,Automated,Vehicle Loan,standard_payment,False,loan_payment_generator,False,
TXNL202100001020,ACC0006603,IND19003315,LN2019040001277,,21,2021-01-24,04:50:45,662.56,Debit,Completed,,Loan Payment - LN2019040001277,False,,2.5,,Automated,Personal Loan,standard_payment,False,loan_payment_generator,False,
TXNL202100001021,ACC0006350,IND19014848,LN2019040001292,LDO20210000590,21,2021-01-16,04:54:45,910.0,Debit,Completed,,Loan Payment - LN2019040001292 - Extra Principal,False,,0.63,,Automated,Home Loan,extra_payment,False,loan_payment_generator,False,
TXNL202100001022,ACC0006313,IND19007722,LN2019040001293,LDO20210000591,21,2021-01-13,02:55:11,277.64,Debit,Completed,,Loan Payment - LN2019040001293,False,,0.01,,Automated,Home Loan,standard_payment,False,loan_payment_generator,False,
TXNL202100001023,ACC0006486,IND19003550,LN2019040001295,LDO20210000592,21,2021-01-20,02:59:03,1356.57,Debit,Completed,,Loan Payment - LN2019040001295,False,,0.9,,Automated,Home Loan,standard_payment,False,loan_payment_generator,False,
TXNL202100001024,ACC0005709,IND19002793,LN2019040001306,LDO20210000593,20,2021-01-02,04:26:07,1030.51,Debit,Completed,,Loan Payment - LN2019040001306,False,,0.31,,Automated,Vehicle Loan,standard_payment,False,loan_payment_generator,False,
TXNL202100001025,ACC0005855,IND19002783,LN2019040001307,LDO20210000594,21,2021-01-16,02:06:54,2927.22,Debit,Completed,,Loan Payment - LN2019040001307,False,,0.8,,Automated,Home Loan,standard_payment,False,loan_payment_generator,False,
TXNL202100001026,ACC0006571,IND19003218,LN2019040001312,,21,2021-01-28,04:10:43,2264.31,Debit,Completed,,Loan Payment - LN2019040001312,False,,2.5,,Automated,Vehicle Loan,standard_payment,False,loan_payment_generator,False,
TXNL202100001027,ACC0006305,IND19009929,LN2019040001313,LDO20210000595,21,2021-01-25,03:59:41,1045.57,Debit,Completed,,Loan Payment - LN2019040001313,False,,0.94,,Automated,Home Loan,standard_payment,False,loan_payment_generator,False,
TXNL202100001028,ACC0005616,IND19008087,LN2019040001320,,20,2021-01-01,03:17:39,2490.65,Debit,Completed,,Loan Payment - LN2019040001320,False,,2.5,,Automated,Home Loan,standard_payment,False,loan_payment_generator,False,
TXNL202100001029,ACC0006407,IND19010627,LN2019040001330,LDO20210000596,21,2021-01-17,02:34:05,3178.93,Debit,Completed,,Loan Payment - LN2019040001330,False,,1.36,,Automated,Home Loan,standard_payment,False,loan_payment_generator,False,
TXNL202100001030,ACC0006146,IND19007765,LN2019040001331,LDO20210000597,21,2021-01-15,02:11:39,1834.66,Debit,Completed,,Loan Payment - LN2019040001331 - Partial,False,,1.76,,Automated,Home Loan,partial_payment,False,loan_payment_generator,False,
TXNL202100001031,ACC0006069,IND19000365,LN2019040001333,,21,2021-01-18,03:59:14,3133.58,Debit,Completed,,Loan Payment - LN2019040001333,False,,2.5,,Automated,Personal Loan,standard_payment,False,loan_payment_generator,False,
TXNL202100001032,ACC0006685,IND19007584,LN2019040001336,LDO20210000598,21,2021-01-23,03:33:08,3399.36,Debit,Completed,,Loan Payment - LN2019040001336,False,,1.29,,Automated,Vehicle Loan,standard_payment,False,loan_payment_generator,False,
TXNL202100001033,ACC0005790,IND19005335,LN2019040001349,LDO20210000599,21,2021-01-25,02:59:08,4564.45,Debit,Completed,,Loan Payment - LN2019040001349,False,,0.14,,Automated,Home Loan,standard_payment,False,loan_payment_generator,False,
TXNL202100001034,ACC0006193,IND19012259,LN2019040001356,,21,2021-01-24,04:17:34,3336.65,Debit,Completed,,Loan Payment - LN2019040001356,False,,2.5,,Online,Personal Loan,standard_payment,False,loan_payment_generator,False,
TXNL202100001035,ACC0006462,IND19000151,LN2019040001364,LDO20210000600,21,2021-01-29,04:47:18,3053.04,Debit,Completed,,Loan Payment - LN2019040001364,False,,0.91,,Automated,Home Loan,standard_payment,False,loan_payment_generator,False,
TXNL202100001036,ACC0005647,IND19010661,LN2019040001368,LDO20210000601,21,2021-01-20,02:27:02,1119.4,Debit,Completed,,Loan Payment - LN2019040001368,False,,0.53,,Automated,Home Loan,standard_payment,False,loan_payment_generator,False,
TXNL202100001037,ACC0005648,IND19009144,LN2019040001371,LDO20210000602,21,2021-01-13,03:55:57,2541.1,Debit,Completed,,Loan Payment - LN2019040001371,False,,1.11,,Automated,Home Loan,standard_payment,False,loan_payment_generator,False,
TXNL202100001038,ACC0005994,IND19006812,LN2019040001375,,21,2021-01-21,04:36:32,767.09,Debit,Completed,,Loan Payment - LN2019040001375,False,,2.5,,Automated,Vehicle Loan,standard_payment,False,loan_payment_generator,False,
TXNL202100001039,ACC0006139,IND19002086,LN2019040001376,,20,2021-01-10,06:45:15,4567.02,Debit,Completed,,Loan Payment - LN2019040001376,False,,2.5,,Automated,Home Loan,standard_payment,False,loan_payment_generator,True,timestamp_shift
TXNL202100001040,ACC0006656,IND19012686,LN2019040001377,,21,2021-01-25,04:53:03,3253.79,Debit,Completed,,Loan Payment - LN2019040001377,False,,2.5,,Automated,Vehicle Loan,standard_payment,False,loan_payment_generator,False,
TXNL202100001041,ACC0005985,IND19012694,LN2019040001383,LDO20210000603,20,2021-01-09,04:43:43,4989.62,Debit,Completed,,Loan Payment - LN2019040001383,False,,0.37,,Automated,Home Loan,standard_payment,False,loan_payment_generator,False,
TXNL202100001042,ACC0006519,IND19014312,LN2019040001384,,21,2021-01-26,03:09:07,710.2,Debit,Completed,,Loan Payment - LN2019040001384,False,,2.5,,Automated,Home Loan,standard_payment,False,loan_payment_generator,False,
TXNL202100001043,ACC0006753,IND19007656,LN2019040001402,,20,2021-01-02,03:50:46,275.8,Debit,Completed,,Loan Payment - LN2019040001402,False,,2.5,,Automated,Home Loan,standard_payment,False,loan_payment_generator,False,
TXNL202100001044,ACC0005916,IND19007104,LN2019040001405,LDO20210000604,20,2021-01-08,03:54:54,885.45,Debit,Completed,,Loan Payment - LN2019040001405,False,,0.26,,Automated,Personal Loan,standard_payment,False,loan_payment_generator,False,
TXNL202100001045,ACC0007003,COM19000217,LN2019040001406,LDO20210000605,20,2021-01-05,04:29:37,3771.09,Debit,Completed,,Loan Payment - LN2019040001406,False,,1.01,,Automated,Business Loan,standard_payment,False,loan_payment_generator,False,
TXNL202100001046,ACC0006334,IND19003989,LN2019040001407,,20,2021-01-10,04:59:32,2373.67,Debit,Completed,,Loan Payment - LN2019040001407,False,,2.5,,Automated,Personal Loan,standard_payment,False,loan_payment_generator,False,
TXNL202100001047,ACC0005705,IND19001440,LN2019040001409,,20,2021-01-06,04:00:13,2167.45,Debit,Completed,,Loan Payment - LN2019040001409,False,,2.5,,Automated,Personal Loan,standard_payment,False,loan_payment_generator,False,
TXNL202100001048,ACC0007457,IND19007189,LN2019050000003,,20,2021-01-29,03:16:36,1584.7,Debit,Completed,,Loan Payment - LN2019050000003,False,,2.5,,Automated,Home Loan,standard_payment,False,loan_payment_generator,False,
TXNL202100001049,ACC0008179,IND19006039,LN2019050000007,,20,2021-01-16,07:40:28,1528.9,Debit,Completed,,Loan Payment - LN2019050000007 - Late Fee,False,,2.5,,Online,Home Loan,late_payment,False,loan_payment_generator,False,
TXNL202100001050,ACC0007036,IND19002916,LN2019050000011,LDO20210000606,20,2021-01-22,03:40:49,3864.14,Debit,Completed,,Loan Payment - LN2019050000011,False,,1.36,,Automated,Personal Loan,standard_payment,False,loan_payment_generator,False,
TXNL202100001051,ACC0007156,IND19003892,LN2019050000020,,20,2021-01-29,03:46:39,1611.63,Debit,Completed,,Loan Payment - LN2019050000020,False,,2.5,,Automated,Home Loan,standard_payment,False,loan_payment_generator,False,
TXNL202100001052,ACC0007488,IND19008680,LN2019050000025,,20,2021-01-16,03:33:37,1965.89,Debit,Completed,,Loan Payment - LN2019050000025,False,,2.5,,Automated,Vehicle Loan,standard_payment,False,loan_payment_generator,False,
TXNL202100001053,ACC0007128,IND19011613,LN2019050000027,LDO20210000607,20,2021-01-14,04:57:26,1199.84,Debit,Completed,,Loan Payment - LN2019050000027,False,,1.38,,Automated,Personal Loan,standard_payment,False,loan_payment_generator,False,
TXNL202100001054,ACC0007955,IND19000140,LN2019050000033,LDO20210000608,20,2021-01-08,02:44:09,3942.96,Debit,Completed,,Loan Payment - LN2019050000033,False,,0.82,,Automated,Personal Loan,standard_payment,False,loan_payment_generator,False,
TXNL202100001055,ACC0007419,IND19013320,LN2019050000051,LDO20210000609,20,2021-01-10,04:33:09,4981.91,Debit,Completed,,Loan Payment - LN2019050000051,False,,0.55,,Automated,Personal Loan,standard_payment,False,loan_payment_generator,False,
TXNL202100001056,ACC0007877,IND19005695,LN2019050000056,,20,2021-01-28,02:42:34,1406.91,Debit,Completed,,Loan Payment - LN2019050000056,False,,2.5,,Automated,Home Loan,standard_payment,False,loan_payment_generator,False,
TXNL202100001057,ACC0007973,IND19006781,LN2019050000062,,20,2021-01-18,04:47:56,2545.76,Debit,Completed,,Loan Payment - LN2019050000062,False,,2.5,,Automated,Home Loan,standard_payment,False,loan_payment_generator,False,
TXNL202100001058,ACC0008156,IND19002483,LN2019050000068,,20,2021-01-16,04:42:20,1811.44,Debit,Completed,,Loan Payment - LN2019050000068 - Extra Principal,False,,2.5,,Automated,Personal Loan,extra_payment,False,loan_payment_generator,False,
TXNL202100001059,ACC0007381,IND19013359,LN2019050000070,LDO20210000610,20,2021-01-31,04:36:19,2952.88,Debit,Completed,,Loan Payment - LN2019050000070,False,,0.14,,Automated,Home Loan,standard_payment,False,loan_payment_generator,False,
TXNL202100001060,ACC0007899,IND19011117,LN2019050000083,,19,2021-01-04,02:53:07,582.14,Debit,Completed,,Loan Payment - LN2019050000083 - Recovery,False,,2.5,,Automated,Personal Loan,recovery_payment,True,loan_payment_generator,False,
TXNL202100001061,ACC0007625,IND19000348,LN2019050000087,,20,2021-01-21,03:16:37,2208.9,Debit,Completed,,Loan Payment - LN2019050000087,False,,2.5,,Automated,Home Loan,standard_payment,False,loan_payment_generator,False,
TXNL202100001062,ACC0008200,IND19013145,LN2019050000096,LDO20210000611,20,2021-01-22,02:14:26,3008.98,Debit,Completed,,Loan Payment - LN2019050000096,False,,0.12,,Automated,Home Loan,standard_payment,False,loan_payment_generator,False,
TXNL202100001063,ACC0007560,IND19012605,LN2019050000106,LDO20210000612,20,2021-01-15,03:47:07,949.6,Debit,Completed,,Loan Payment - LN2019050000106,False,,1.28,,Automated,Home Loan,standard_payment,False,loan_payment_generator,False,
TXNL202100001064,ACC0007260,IND19011125,LN2019050000118,,20,2021-01-16,04:14:57,1362.93,Debit,Completed,,Loan Payment - LN2019050000118,False,,2.5,,Automated,Personal Loan,standard_payment,False,loan_payment_generator,False,
TXNL202100001065,ACC0007885,IND19010577,LN2019050000119,LDO20210000613,20,2021-01-17,02:58:14,220.68,Debit,Completed,,Loan Payment - LN2019050000119,False,,1.26,,Automated,Home Loan,standard_payment,False,loan_payment_generator,False,
TXNL202100001066,ACC0007883,IND19002182,LN2019050000126,,19,2021-01-02,03:11:41,1502.16,Debit,Completed,,Loan Payment - LN2019050000126,False,,2.5,,Automated,Vehicle Loan,standard_payment,False,loan_payment_generator,False,
TXNL202100001067,ACC0007788,IND19003730,LN2019050000134,LDO20210000614,20,2021-01-27,04:26:21,1771.25,Debit,Completed,,Loan Payment - LN2019050000134,False,,0.17,,Automated,Personal Loan,standard_payment,False,loan_payment_generator,False,
TXNL202100001068,ACC0008280,IND19006448,LN2019050000141,,20,2021-01-26,04:30:02,3365.71,Debit,Completed,,Loan Payment - LN2019050000141,False,,2.5,,Automated,Home Loan,standard_payment,False,loan_payment_generator,False,
TXNL202100001069,ACC0007373,IND19010971,LN2019050000143,LDO20210000615,20,2021-01-29,02:41:07,401.04,Debit,Failed,mandate_limit,Loan Payment - LN2019050000143,False,,1.45,,Automated,Home Loan,standard_payment,False,loan_payment_generator,False,
TXNL202100001070,ACC0008288,IND19008344,LN2019050000150,LDO20210000616,20,2021-01-20,02:52:14,14129.2,Debit,Completed,,Loan Payment - LN2019050000150,False,,0.94,,Automated,Personal Loan,standard_payment,False,loan_payment_generator,False,
TXNL202100001071,ACC0007661,IND19011093,LN2019050000151,LDO20210000617,20,2021-01-10,03:10:45,1106.5,Debit,Completed,,Loan Payment - LN2019050000151,False,,1.91,,Automated,Home Loan,standard_payment,False,loan_payment_generator,False,
TXNL202100001072,ACC0007802,IND19005932,LN2019050000155,,19,2021-01-01,04:02:25,927.52,Debit,Completed,,Loan Payment - LN2019050000155,False,,2.5,,Automated,Home Loan,standard_payment,False,loan_payment_generator,False,
TXNL202100001073,ACC0007680,IND19006794,LN2019050000156,LDO20210000618,20,2021-01-29,04:53:34,1170.87,Debit,Completed,,Loan Payment - LN2019050000156,False,,1.07,,Automated,Vehicle Loan,standard_payment,False,loan_payment_generator,False,
TXNL202100001074,ACC0008276,IND19009923,LN2019050000167,,20,2021-01-16,03:03:46,4281.54,Debit,Completed,,Loan Payment - LN2019050000167,False,,2.5,,Automated,Vehicle Loan,standard_payment,False,loan_payment_generator,False,
TXNL202100001075,ACC0007580,IND19012833,LN2019050000172,LDO20210000619,20,2021-01-28,04:00:12,685.7,Debit,Completed,,Loan Payment - LN2019050000172,False,,0.02,,Automated,Vehicle Loan,standard_payment,False,loan_payment_generator,False,
TXNL202100001076,ACC0008172,IND19003865,LN2019050000190,,19,2021-01-07,04:55:33,948.27,Debit,Completed,,Loan Payment - LN2019050000190,False,,2.5,,Automated,Vehicle Loan,standard_payment,False,loan_payment_generator,False,
TXNL202100001077,ACC0007396,IND19001029,LN2019050000192,LDO20210000620,20,2021-01-24,04:27:32,4632.66,Debit,Completed,,Loan Payment - LN2019050000192 - Extra Principal,False,,0.4,,Automated,Vehicle Loan,extra_payment,False,loan_payment_generator,False,
TXNL202100001078,ACC0007468,IND19009030,LN2019050000199,LDO20210000621,20,2021-01-17,04:19:42,994.86,Debit,Completed,,Loan Payment - LN2019050000199,False,,1.03,,Automated,Home Loan,standard_payment,False,loan_payment_generator,False,
TXNL202100001079,ACC0007471,IND19002781,LN2019050000200,,20,2021-01-27,02:36:39,2785.25,Debit,Completed,,Loan Payment - LN2019050000200,False,,2.5,,Automated,Home Loan,standard_payment,False,loan_payment_generator,False,
TXNL202100001080,ACC0007566,IND19012877,LN2019050000202,LDO20210000622,19,2021-01-06,02:16:08,848.65,Debit,Failed,insufficient_funds,Loan Payment - LN2019050000202,False,,1.37,,Automated,Home Loan,standard_payment,False,loan_payment_generator,False,
TXNL202100001081,ACC0007448,IND19010030,LN2019050000218,,20,2021-01-15,04:44:53,453.79,Debit,Completed,,Loan Payment - LN2019050000218,False,,2.5,,Automated,Home Loan,standard_payment,False,loan_payment_generator,False,
TXNL202100001082,ACC0007302,IND19008633,LN2019050000219,,20,2021-01-26,03:03:52,3129.5,Debit,Completed,,Loan Payment - LN2019050000219,False,,2.5,,Automated,Home Loan,standard_payment,False,loan_payment_generator,False,
TXNL202100001083,ACC0007101,IND19014986,LN2019050000222,,20,2021-01-20,03:02:57,3104.1,Debit,Cancelled,customer_stop_instruction,Loan Payment - LN2019050000222,False,,2.5,,Automated,Vehicle Loan,standard_payment,False,loan_payment_generator,False,
TXNL202100001084,ACC0008311,IND19013961,LN2019050000233,LDO20210000623,19,2021-01-07,02:57:17,1073.12,Debit,Completed,,Loan Payment - LN2019050000233,False,,1.23,,Automated,Personal Loan,standard_payment,False,loan_payment_generator,False,
TXNL202100001085,ACC0008333,COM19000255,LN2019050000236,,19,2021-01-09,04:54:50,13206.77,Debit,Completed,,Loan Payment - LN2019050000236,False,,2.5,,Automated,Business Loan,standard_payment,False,loan_payment_generator,False,
TXNL202100001086,ACC0008153,IND19000082,LN2019050000250,LDO20210000624,20,2021-01-27,02:59:26,1813.09,Debit,Completed,,Loan Payment - LN2019050000250,False,,0.07,,Automated,Home Loan,standard_payment,False,loan_payment_generator,False,
TXNL202100001087,ACC0007099,IND19007886,LN2019050000272,LDO20210000625,20,2021-01-26,03:01:08,2403.49,Debit,Completed,,Loan Payment - LN2019050000272,False,,1.94,,Automated,Vehicle Loan,standard_payment,False,loan_payment_generator,False,
TXNL202100001088,ACC0008317,COM19000239,LN2019050000274,,20,2021-01-17,02:19:21,2240.87,Debit,Completed,,Loan Payment - LN2019050000274,False,,2.5,,Automated,Business Loan,standard_payment,False,loan_payment_generator,False,
TXNL202100001089,ACC0007862,IND19004110,LN2019050000286,LDO20210000626,20,2021-01-30,03:06:00,2466.61,Debit,Failed,account_blocked,Loan Payment - LN2019050000286,False,,0.23,,Automated,Home Loan,standard_payment,False,loan_payment_generator,False,
TXNL202100001090,ACC0008287,IND19008344,LN2019050000288,LDO20210000627,20,2021-01-31,02:33:41,5262.03,Debit,Completed,,Loan Payment - LN2019050000288,False,,1.75,,Automated,Home Loan,standard_payment,False,loan_payment_generator,False,
TXNL202100001091,ACC0007007,IND19013522,LN2019050000296,,20,2021-01-15,04:18:57,2007.63,Debit,Completed,,Loan Payment - LN2019050000296,False,,2.5,,Automated,Personal Loan,standard_payment,False,loan_payment_generator,False,
TXNL202100001092,ACC0007484,IND19008913,LN2019050000304,,20,2021-01-26,04:38:28,5037.66,Debit,Completed,,Loan Payment - LN2019050000304,False,,2.5,,Automated,Home Loan,standard_payment,False,loan_payment_generator,False,
TXNL202100001093,ACC0008330,COM19000126,LN2019050000305,,20,2021-01-28,04:19:34,7966.16,Debit,Completed,,Loan Payment - LN2019050000305,False,,2.5,,Mobile,Business Loan,standard_payment,False,loan_payment_generator,False,
TXNL202100001094,ACC0007521,IND19013922,LN2019050000308,,19,2021-01-03,04:46:08,3375.28,Debit,Failed,insufficient_funds,Loan Payment - LN20190500...,False,,2.5,,Automated,Vehicle Loan,standard_payment,False,loan_payment_generator,True,status_inconsistency|truncated_description
TXNL202100001095,ACC0007703,IND19008542,LN2019050000309,LDO20210000628,20,2021-01-24,04:01:12,324.18,Debit,Completed,,Loan Payment - LN2019050000309,False,,1.44,,Automated,Home Loan,standard_payment,False,loan_payment_generator,False,
TXNL202100001096,ACC0007041,IND19011954,LN2019050000311,,19,2021-01-06,03:29:22,1656.58,Debit,Completed,,Loan Payment - LN2019050000311,False,,2.5,,Automated,Personal Loan,standard_payment,False,loan_payment_generator,False,
TXNL202100001097,ACC0007264,IND19007195,LN2019050000313,LDO20210000629,20,2021-01-24,03:48:47,3120.47,Debit,Completed,,Loan Payment - LN2019050000313 - Partial,False,,1.49,,Automated,Personal Loan,partial_payment,False,loan_payment_generator,False,
TXNL202100001098,ACC0007459,IND19001937,LN2019050000315,,20,2021-01-19,02:26:14,1732.73,Debit,Completed,,Loan Payment - LN2019050000315,False,,2.5,,Automated,Personal Loan,standard_payment,False,loan_payment_generator,False,
TXNL202100001099,ACC0007465,IND19013094,LN2019050000319,,20,2021-01-31,01:42:19,622.84,Debit,Completed,,Loan Payment - LN2019050000319,False,,2.5,,Automated,Vehicle Loan,standard_payment,False,loan_payment_generator,True,timestamp_shift
TXNL202100001100,ACC0007773,IND19011745,LN2019050000324,,20,2021-01-27,02:24:03,17477.48,Debit,Completed,,Loan Payment - LN2019050000324,False,,2.5,,Automated,Personal Loan,standard_payment,False,loan_payment_generator,False,
TXNL202100001101,ACC0008316,COM19000302,LN2019050000326,,20,2021-01-18,03:18:59,16267.78,Debit,Completed,,Loan Payment - LN2019050000326,False,,2.5,,Automated,Business Loan,standard_payment,False,loan_payment_generator,False,
TXNL202100001102,ACC0007122,IND19013876,LN2019050000327,LDO20210000630,19,2021-01-02,03:04:28,839.06,Debit,Completed,,Loan Payment - LN2019050000327,False,,0.32,,Automated,Personal Loan,standard_payment,False,loan_payment_generator,False,
TXNL202100001103,ACC0007714,IND19005570,LN2019050000329,LDO20210000631,20,2021-01-30,02:57:07,4539.89,Debit,Completed,,Loan Payment - LN2019050000329,False,,0.78,,Automated,Home Loan,standard_payment,False,loan_payment_generator,False,
TXNL202100001104,ACC0007371,IND19003328,LN2019050000332,LDO20210000632,19,2021-01-02,04:09:40,12002.84,Debit,Completed,,Loan Payment - LN2019050000332,False,,0.21,,Automated,Personal Loan,standard_payment,False,loan_payment_generator,False,
TXNL202100001105,ACC0008095,IND19003250,LN2019050000347,LDO20210000633,20,2021-01-13,04:25:44,1283.69,Debit,Completed,,Loan Payment - LN2019050000347,False,,0.14,,Automated,Vehicle Loan,standard_payment,False,loan_payment_generator,False,
TXNL202100001106,ACC0007049,IND19000954,LN2019050000350,,20,2021-01-24,03:50:11,2165.18,Debit,Completed,,Loan Payment - LN2019050000350,False,,2.5,,Automated,Personal Loan,standard_payment,False,loan_payment_generator,False,
TXNL202100001107,ACC0008256,IND19009962,LN2019050000355,LDO20210000634,20,2021-01-30,04:57:38,3198.17,Debit,Completed,,Loan Payment - LN2019050000355,False,,0.77,,Automated,Home Loan,standard_payment,False,loan_payment_generator,False,
TXNL202100001108,ACC0007083,IND19014120,LN2019050000363,LDO20210000635,20,2021-01-30,03:21:59,456.99,Debit,Completed,,Loan Payment - LN2019050000363 - Late Fee,False,,1.77,,Automated,Personal Loan,late_payment,False,loan_payment_generator,False,
TXNL202100001109,ACC0008240,IND19009111,LN2019050000368,LDO20210000636,20,2021-01-30,04:29:57,784.07,Debit,Completed,,Loan Payment - LN2019050000368,False,,1.96,,Automated,Home Loan,standard_payment,False,loan_payment_generator,False,
TXNL202100001110,ACC0007123,IND19000598,LN2019050000369,,20,2021-01-12,04:37:40,5579.44,Debit,Completed,,Loan Payment - LN2019050000369,False,,2.5,,Automated,Home Loan,standard_payment,False,loan_payment_generator,False,
TXNL202100001111,ACC0008148,IND19007774,LN2019050000371,,20,2021-01-14,04:03:13,289.69,Debit,Completed,,Loan Payment - LN2019050000371,False,,2.5,,Automated,Home Loan,standard_payment,False,loan_payment_generator,False,
TXNL202100001112,ACC0007610,IND19012889,LN2019050000379,LDO20210000637,20,2021-01-06,02:05:29,1176.96,Debit,Completed,,Loan Payment - LN2019050000379,False,,0.55,,Automated,Home Loan,standard_payment,False,loan_payment_generator,False,
TXNL202100001113,ACC0007332,IND19000676,LN2019050000383,,20,2021-01-30,02:55:36,1372.18,Debit,Failed,insufficient_funds,Loan Payment - LN2019050000383,False,,2.5,,Automated,Home Loan,standard_payment,False,loan_payment_generator,False,
TXNL202100001114,ACC0007552,IND19003264,LN2019050000386,LDO20210000638,19,2021-01-02,03:25:12,2346.56,Debit,Completed,,Loan Payment - LN2019050000386,False,,1.3,,Automated,Home Loan,standard_payment,False,loan_payment_generator,False,
TXNL202100001115,ACC0008242,IND19010040,LN2019050000398,,20,2021-01-26,03:58:35,1485.61,Debit,Completed,,Loan Payment - LN2019050000398,False,,2.5,,Automated,Home Loan,standard_payment,False,loan_payment_generator,False,
TXNL202100001116,ACC0008195,IND19003326,LN2019050000401,,20,2021-01-21,04:08:02,336.71,Debit,Completed,,Loan Payment - LN2019050000401,False,,2.5,,Automated,Home Loan,standard_payment,False,loan_payment_generator,False,
TXNL202100001117,ACC0007110,IND19001533,LN2019050000402,,19,2021-01-05,03:14:32,2384.71,Debit,Failed,mandate_limit,Loan Payment - LN2019050000402,False,,2.5,,Automated,Home Loan,standard_payment,False,loan_payment_generator,False,
TXNL202100001118,ACC0007749,IND19005754,LN2019050000403,,20,2021-01-31,02:01:32,351.58,Debit,Completed,,Loan Payment - LN2019050000403,False,,2.5,,Automated,Home Loan,standard_payment,False,loan_payment_generator,False,
TXNL202100001119,ACC0008309,IND19008029,LN2019050000406,,20,2021-01-13,02:18:45,5884.47,Debit,Completed,,Loan Payment - LN2019050000406,False,,2.5,,Automated,Home Loan,standard_payment,False,loan_payment_generator,False,
TXNL202100001120,ACC0007072,IND19004306,LN2019050000416,,20,2021-01-08,04:02:47,570.39,Debit,Completed,,Loan Payment - LN2019050000416,False,,2.5,,Automated,Home Loan,standard_payment,False,loan_payment_generator,False,
TXNL202100001121,ACC0007850,IND19002647,LN2019050000417,,20,2021-01-13,02:08:59,3872.32,Debit,Completed,,Loan Payment - LN2019050000417,False,,2.5,,Automated,Home Loan,standard_payment,False,loan_payment_generator,False,
TXNL202100001122,ACC0007870,IND19006244,LN2019050000429,LDO20210000639,20,2021-01-25,03:40:27,5245.99,Debit,Completed,,Loan Payment - LN2019050000429,False,,1.72,,Automated,Personal Loan,standard_payment,False,loan_payment_generator,False,
TXNL202100001123,ACC0007632,IND19001202,LN2019050000440,LDO20210000640,20,2021-01-28,03:40:19,2475.86,Debit,Cancelled,customer_stop_instruction,Loan Payment - LN2019050000440,False,,1.16,,Automated,Home Loan,standard_payment,False,loan_payment_generator,False,
TXNL202100001124,ACC0007160,IND19009221,LN2019050000448,LDO20210000641,20,2021-01-25,02:58:08,2088.01,Debit,Completed,,Loan Payment - LN2019050000448,False,,1.54,,Automated,Home Loan,standard_payment,False,loan_payment_generator,False,
TXNL202100001125,ACC0007612,IND19009922,LN2019050000462,LDO20210000642,19,2021-01-07,04:29:15,1286.75,Debit,Completed,,Loan Payment - LN2019050000462,False,,0.79,,Automated,Home Loan,standard_payment,False,loan_payment_generator,False,
TXNL202100001126,ACC0007706,IND19001393,LN2019050000465,LDO20210000643,19,2021-01-08,04:07:13,4871.23,Debit,Failed,bank_timeout,Loan Payment - LN2019050000465,False,,1.86,,Automated,Home Loan,standard_payment,False,loan_payment_generator,False,
TXNL202100001127,ACC0007734,IND19008292,LN2019050000470,LDO20210000644,20,2021-01-25,03:18:39,4297.17,Debit,Completed,,Loan Payment - LN2019050000470,False,,1.05,,Automated,Home Loan,standard_payment,False,loan_payment_generator,False,
TXNL202100001128,ACC0007832,IND19003688,LN2019050000474,,20,2021-01-20,03:27:52,883.0,Debit,Completed,,Loan Payment - LN2019050000474,False,,2.5,,Automated,Personal Loan,standard_payment,False,loan_payment_generator,False,
TXNL202100001129,ACC0007327,IND19008297,LN2019050000484,LDO20210000645,20,2021-01-24,03:36:55,13971.2,Debit,Completed,,Loan Payment - LN2019050000484,False,,1.53,,Automated,Personal Loan,standard_payment,False,loan_payment_generator,False,
TXNL202100001130,ACC0007595,IND19014660,LN2019050000488,LDO20210000646,20,2021-01-16,04:22:16,2757.04,Debit,Cancelled,customer_stop_instruction,Loan Payment - LN2019050000488,False,,0.05,,Automated,Vehicle Loan,standard_payment,False,loan_payment_generator,False,
TXNL202100001131,ACC0007937,IND19005070,LN2019050000495,LDO20210000647,19,2021-01-03,03:03:37,1861.38,Debit,Completed,,Loan Payment - LN20190500...,False,,0.99,,Automated,Personal Loan,standard_payment,False,loan_payment_generator,True,truncated_description
TXNL202100001132,ACC0007470,IND19002781,LN2019050000497,LDO20210000648,19,2021-01-07,02:36:05,2122.46,Debit,Completed,,Loan Payment - LN2019050000497,False,,1.15,,Automated,Vehicle Loan,standard_payment,False,loan_payment_generator,False,
TXNL202100001133,ACC0007558,IND19004364,LN2019050000498,LDO20210000649,19,2021-01-05,02:20:41,2454.51,Debit,Completed,,Loan Payment - LN2019050000498,False,,1.45,,Automated,Personal Loan,standard_payment,False,loan_payment_generator,False,
TXNL202100001134,ACC0007463,IND19002379,LN2019050000499,LDO20210000650,19,2021-01-01,02:17:29,3867.18,Debit,Completed,,Loan Payment - LN2019050000499,False,,1.21,,Automated,Home Loan,standard_payment,False,loan_payment_generator,False,
TXNL202100001135,ACC0007541,IND19002750,LN2019050000519,,20,2021-01-14,04:35:18,2428.59,Debit,Completed,,Loan Payment - LN2019050000519,False,,2.5,,Automated,Personal Loan,standard_payment,False,loan_payment_generator,False,
TXNL202100001136,ACC0007873,IND19011865,LN2019050000522,,20,2021-01-29,02:39:57,916.38,Debit,Completed,,Loan Payment - LN2019050000522,False,,2.5,,Automated,Vehicle Loan,standard_payment,False,loan_payment_generator,False,
TXNL202100001137,ACC0007208,IND19009185,LN2019050000524,LDO20210000651,20,2021-01-30,03:40:33,4276.58,Debit,Completed,,Loan Payment - LN2019050000524 - Extra Principal,False,,1.32,,Automated,Vehicle Loan,extra_payment,False,loan_payment_generator,False,
TXNL202100001138,ACC0007173,IND19005976,LN2019050000531,LDO20210000652,19,2021-01-02,04:27:49,1271.3,Debit,Completed,,Loan Payment - LN2019050000531,False,,1.32,,Automated,Home Loan,standard_payment,False,loan_payment_generator,False,
TXNL202100001139,ACC0007587,IND19003305,LN2019050000542,,20,2021-01-31,04:20:15,484.08,Debit,Completed,,Loan Payment - LN2019050000542,False,,2.5,,Automated,Home Loan,standard_payment,False,loan_payment_generator,False,
TXNL202100001140,ACC0007911,IND19008037,LN2019050000544,LDO20210000653,20,2021-01-16,02:10:39,13912.84,Debit,Completed,,Loan Payment - LN2019050000544,False,,1.49,,Automated,Personal Loan,standard_payment,False,loan_payment_generator,False,
TXNL202100001141,ACC0007127,IND19007655,LN2019050000546,,20,2021-01-29,03:21:47,2148.95,Debit,Completed,,Loan Payment - LN2019050000546,False,,2.5,,Automated,Home Loan,standard_payment,False,loan_payment_generator,False,
TXNL202100001142,ACC0007349,IND19012296,LN2019050000551,LDO20210000654,20,2021-01-23,02:29:50,1850.04,Debit,Completed,,Loan Payment - LN2019050000551,False,,0.47,,Automated,Home Loan,standard_payment,False,loan_payment_generator,False,
TXNL202100001143,ACC0007364,IND19014235,LN2019050000559,LDO20210000655,20,2021-01-15,02:18:37,821.12,Debit,Completed,,Loan Payment - LN2019050000559,False,,0.63,,Automated,Personal Loan,standard_payment,False,loan_payment_generator,False,
TXNL202100001144,ACC0007952,IND19007543,LN2019050000560,LDO20210000656,20,2021-01-28,02:36:01,1780.15,Debit,Completed,,Loan Payment - LN2019050000560,False,,1.49,,Automated,Personal Loan,standard_payment,False,loan_payment_generator,False,
TXNL202100001145,ACC0007257,IND19002485,LN2019050000564,LDO20210000657,19,2021-01-01,04:47:52,1782.61,Debit,Completed,,Loan Payment - LN2019050000564,False,,0.57,,Automated,Home Loan,standard_payment,False,loan_payment_generator,False,
TXNL202100001146,ACC0008320,COM19000046,LN2019050000565,LDO20210000658,19,2021-01-09,02:46:53,33942.28,Debit,Completed,,Loan Payment - LN2019050000565,False,,1.47,,Automated,Business Loan,standard_payment,False,loan_payment_generator,False,
TXNL202100001147,ACC0007656,IND19015059,LN2019050000567,,19,2021-01-08,03:18:24,2920.81,Debit,Completed,,Loan Payment - LN2019050000567,False,,2.5,,Automated,Home Loan,standard_payment,False,loan_payment_generator,False,
TXNL202100001148,ACC0008252,IND19008232,LN2019050000570,,20,2021-01-19,02:01:59,4747.94,Debit,Completed,,Loan Payment - LN2019050000570,False,,2.5,,Automated,Home Loan,standard_payment,False,loan_payment_generator,False,
TXNL202100001149,ACC0007770,IND19001785,LN2019050000573,LDO20210000659,20,2021-01-17,04:35:14,12286.92,Debit,Completed,,Loan Payment - LN2019050000573,False,,0.33,,Automated,Personal Loan,standard_payment,False,loan_payment_generator,False,
TXNL202100001150,ACC0007047,IND19011062,LN2019050000576,,19,2021-01-03,04:47:09,872.67,Debit,Cancelled,customer_stop_instruction,Loan Payment - LN2019050000576 - Recovery,False,,2.5,,Automated,Home Loan,recovery_payment,True,loan_payment_generator,False,
TXNL202100001151,ACC0007830,IND19002077,LN2019050000589,,19,2021-01-05,06:32:21,1046.0,Debit,Failed,insufficient_funds,Loan Payment - LN2019050000589,False,,2.5,,Online,Home Loan,standard_payment,False,loan_payment_generator,False,
TXNL202100001152,ACC0007600,IND19012971,LN2019050000593,LDO20210000661,19,2021-01-01,02:15:05,1586.62,Debit,Completed,,Loan Payment - LN2019050000593,False,,0.23,,Automated,Home Loan,standard_payment,False,loan_payment_generator,False,
TXNL202100001153,ACC0007086,IND19001913,LN2019050000596,,20,2021-01-18,03:59:45,5271.24,Debit,Completed,,Loan Payment - LN2019050000596,False,,2.5,,Automated,Personal Loan,standard_payment,False,loan_payment_generator,False,
TXNL202100001154,ACC0008044,IND19006154,LN2019050000602,,20,2021-01-14,07:12:34,3454.41,Debit,Failed,bank_timeout,Loan Payment - LN2019050000602,False,,2.5,,Online,Vehicle Loan,standard_payment,False,loan_payment_generator,False,
TXNL202100001155,ACC0007359,IND19001265,LN2019050000604,,20,2021-01-17,05:16:49,5298.61,Debit,Completed,,Loan Payment - LN2019050000604,False,,2.5,,Online,Home Loan,standard_payment,False,loan_payment_generator,False,
TXNL202100001156,ACC0007515,IND19001293,LN2019050000612,LDO20210000662,20,2021-01-18,02:49:40,2216.06,Debit,Completed,,Loan Payment - LN2019050000612,False,,1.65,,Automated,Personal Loan,standard_payment,False,loan_payment_generator,False,
TXNL202100001157,ACC0008310,IND19002172,LN2019050000614,,20,2021-01-30,04:25:52,1359.81,Debit,Completed,,Loan Payment - LN2019050000614,False,,2.5,,Mobile,Vehicle Loan,standard_payment,False,loan_payment_generator,False,
TXNL202100001158,ACC0007550,IND19011981,LN2019050000617,LDO20210000663,19,2021-01-05,02:41:35,4182.4,Debit,Failed,insufficient_funds,Loan Payment - LN2019050000617,False,,0.16,,Automated,Vehicle Loan,standard_payment,False,loan_payment_generator,False,
TXNL202100001159,ACC0007279,IND19007959,LN2019050000625,LDO20210000664,20,2021-01-15,03:52:35,14360.35,Debit,Completed,,Loan Payment - LN2019050000625,False,,1.51,,Automated,Personal Loan,standard_payment,False,loan_payment_generator,False,
TXNL202100001160,ACC0008170,IND19000930,LN2019050000629,,20,2021-01-25,03:38:06,2744.71,Debit,Completed,,Loan Payment - LN2019050000629,False,,2.5,,Automated,Personal Loan,standard_payment,False,loan_payment_generator,False,
TXNL202100001161,ACC0007505,IND19014487,LN2019050000638,,20,2021-01-23,04:53:11,3517.92,Debit,Completed,,Loan Payment - LN2019050000638 - Recovery,False,,2.5,,Automated,Home Loan,recovery_payment,True,loan_payment_generator,False,
TXNL202100001162,ACC0007258,IND19003721,LN2019050000641,,20,2021-01-21,03:29:59,2216.59,Debit,Completed,,Loan Payment - LN2019050000641,False,,2.5,,Automated,Home Loan,standard_payment,False,loan_payment_generator,False,
TXNL202100001163,ACC0007142,IND19000833,LN2019050000642,,20,2021-01-09,04:30:05,3754.93,Debit,Completed,,Loan Payment - LN2019050000642,False,,2.5,,Automated,Home Loan,standard_payment,False,loan_payment_generator,False,
TXNL202100001164,ACC0007987,IND19014897,LN2019050000661,,20,2021-01-17,01:42:46,3656.62,Debit,Completed,,Loan Payment - LN2019050000661,False,,2.5,,Online,Personal Loan,standard_payment,False,loan_payment_generator,False,
TXNL202100001165,ACC0007297,IND19011570,LN2019050000667,LDO20210000665,20,2021-01-29,02:45:14,1603.51,Debit,Completed,,Loan Payment - LN2019050000667,False,,1.76,,Automated,Home Loan,standard_payment,False,loan_payment_generator,False,
TXNL202100001166,ACC0007091,IND19003068,LN2019050000669,LDO20210000666,19,2021-01-02,02:56:12,1637.44,Debit,Completed,,Loan Payment - LN2019050000669,False,,1.02,,Automated,Home Loan,standard_payment,False,loan_payment_generator,False,
TXNL202100001167,ACC0007449,IND19009805,LN2019050000676,LDO20210000667,20,2021-01-14,02:34:19,11955.42,Debit,Completed,,Loan Payment - LN2019050000676,False,,0.71,,Automated,Personal Loan,standard_payment,False,loan_payment_generator,False,
TXNL202100001168,ACC0007702,IND19001060,LN2019050000679,,20,2021-01-17,03:51:29,393.49,Debit,Completed,,Loan Payment - LN2019050000679,False,,2.5,,Automated,Home Loan,standard_payment,False,loan_payment_generator,False,
TXNL202100001169,ACC0007753,IND19009261,LN2019050000701,,20,2021-01-16,04:01:33,2355.29,Debit,Completed,,Loan Payment - LN2019050000701,False,,2.5,,Automated,Vehicle Loan,standard_payment,False,loan_payment_generator,False,
TXNL202100001170,ACC0007493,IND19003510,LN2019050000716,LDO20210000668,19,2021-01-04,02:41:43,2838.85,Debit,Completed,,Loan Payment - LN2019050000716,False,,0.13,,Automated,Home Loan,standard_payment,False,loan_payment_generator,False,
TXNL202100001171,ACC0007046,IND19011062,LN2019050000722,LDO20210000669,20,2021-01-20,02:01:52,996.07,Debit,Completed,,Loan Payment - LN2019050000722,False,,0.05,,Automated,Home Loan,standard_payment,False,loan_payment_generator,False,
TXNL202100001172,ACC0007693,IND19011927,LN2019050000727,,19,2021-01-05,03:48:51,2855.29,Debit,Completed,,Loan Payment - LN2019050000727,False,,2.5,,Automated,Home Loan,standard_payment,False,loan_payment_generator,False,
TXNL202100001173,ACC0008087,IND19002086,LN2019050000735,LDO20210000670,19,2021-01-02,04:45:24,2454.62,Debit,Completed,,Loan Payment - LN2019050000735,False,,0.01,,Automated,Vehicle Loan,standard_payment,False,loan_payment_generator,False,
TXNL202100001174,ACC0007024,IND19003964,LN2019050000736,LDO20210000671,20,2021-01-20,03:21:43,5269.15,Debit,Completed,,Loan Payment - LN2019050000736,False,,0.34,,Automated,Home Loan,standard_payment,False,loan_payment_generator,False,
TXNL202100001175,ACC0007485,IND19010218,LN2019050000737,LDO20210000672,20,2021-01-17,04:48:28,860.49,Debit,Failed,account_blocked,Loan Payment - LN2019050000737,False,,1.22,,Automated,Personal Loan,standard_payment,False,loan_payment_generator,False,
TXNL202100001176,ACC0007384,IND19011144,LN2019050000741,,20,2021-01-16,03:13:11,1874.2,Debit,Completed,,Loan Payment - LN2019050000741,False,,2.5,,Automated,Home Loan,standard_payment,False,loan_payment_generator,False,
TXNL202100001177,ACC0007923,IND19000687,LN2019050000750,,20,2021-01-20,02:34:06,2563.93,Debit,Cancelled,customer_stop_instruction,Loan Payment - LN20190500...,False,,2.5,,Automated,Home Loan,standard_payment,False,loan_payment_generator,True,truncated_description
TXNL202100001178,ACC0007785,IND19000642,LN2019050000753,LDO20210000673,20,2021-01-15,03:46:39,1699.34,Debit,Completed,,Loan Payment - LN2019050000753 - Late Fee,False,,1.0,,Automated,Vehicle Loan,late_payment,False,loan_payment_generator,False,
TXNL202100001179,ACC0007250,IND19001815,LN2019050000759,LDO20210000674,20,2021-01-22,02:58:34,1740.16,Debit,Completed,,Loan Payment - LN2019050000759 - Partial,False,,0.56,,Automated,Home Loan,partial_payment,False,loan_payment_generator,False,
TXNL202100001180,ACC0007214,IND19007943,LN2019050000760,LDO20210000675,20,2021-01-28,04:50:10,661.78,Debit,Completed,,Loan Payment - LN2019050000760,False,,1.79,,Automated,Home Loan,standard_payment,False,loan_payment_generator,False,
TXNL202100001181,ACC0007180,IND19006123,LN2019050000771,LDO20210000676,19,2021-01-01,04:30:09,1292.03,Debit,Completed,,Loan Payment - LN2019050000771,False,,0.95,,Automated,Home Loan,standard_payment,False,loan_payment_generator,False,
TXNL202100001182,ACC0007721,IND19002326,LN2019050000791,LDO20210000677,20,2021-01-25,02:15:11,876.58,Debit,Completed,,Loan Payment - LN2019050000791,False,,0.27,,Automated,Personal Loan,standard_payment,False,loan_payment_generator,False,
TXNL202100001183,ACC0008116,IND19005842,LN2019050000793,,20,2021-01-20,04:55:06,11267.85,Debit,Completed,,Loan Payment - LN2019050000793,False,,2.5,,Automated,Personal Loan,standard_payment,False,loan_payment_generator,False,
TXNL202100001184,ACC0008212,IND19014961,LN2019050000795,,20,2021-01-25,03:34:03,3593.13,Debit,Failed,insufficient_funds,Loan Payment - LN2019050000795,False,,2.5,,Automated,Home Loan,standard_payment,False,loan_payment_generator,False,
TXNL202100001185,ACC0007571,IND19014352,LN2019050000799,LDO20210000679,20,2021-01-25,02:25:42,826.91,Debit,Completed,,Loan Payment - LN2019050000799,False,,1.14,,Automated,Home Loan,standard_payment,False,loan_payment_generator,False,
TXNL202100001186,ACC0007507,IND19001122,LN2019050000814,,20,2021-01-30,03:15:04,2419.67,Debit,Completed,,Loan Payment - LN2019050000814,False,,2.5,,Automated,Home Loan,standard_payment,False,loan_payment_generator,False,
TXNL202100001187,ACC0008234,IND19002363,LN2019050000828,,20,2021-01-11,03:47:01,711.07,Debit,Completed,,Loan Payment - LN2019050000828,False,,2.5,,Automated,Personal Loan,standard_payment,False,loan_payment_generator,False,
TXNL202100001188,ACC0007650,IND19001079,LN2019050000841,LDO20210000680,20,2021-01-21,03:29:53,3652.77,Debit,Completed,,Loan Payment - LN2019050000841,False,,1.02,,Automated,Home Loan,standard_payment,False,loan_payment_generator,False,
TXNL202100001189,ACC0007691,IND19012805,LN2019050000844,LDO20210000681,19,2021-01-01,02:09:54,3591.94,Debit,Completed,,Loan Payment - LN2019050000844,False,,0.62,,Automated,Home Loan,standard_payment,False,loan_payment_generator,False,
TXNL202100001190,ACC0007064,IND19006642,LN2019050000849,LDO20210000682,20,2021-01-26,04:16:16,2943.91,Debit,Completed,,Loan Payment - LN2019050000849 - Extra Principal,False,,0.1,,Automated,Home Loan,extra_payment,False,loan_payment_generator,False,
TXNL202100001191,ACC0007179,IND19000434,LN2019050000855,LDO20210000683,20,2021-01-31,04:55:08,4509.28,Debit,Completed,,Loan Payment - LN2019050000855 - Recovery,False,,0.08,,Automated,Vehicle Loan,recovery_payment,True,loan_payment_generator,False,
TXNL202100001192,ACC0007215,IND19007154,LN2019050000858,,19,2021-01-02,03:36:19,6541.9,Debit,Completed,,Loan Payment - LN2019050000858,False,,2.5,,Automated,Home Loan,standard_payment,False,loan_payment_generator,False,
TXNL202100001193,ACC0008119,IND19007986,LN2019050000889,,20,2021-01-20,02:35:10,1472.1,Debit,Completed,,Loan Payment - LN2019050000889,False,,2.5,,Automated,Home Loan,standard_payment,False,loan_payment_generator,False,
TXNL202100001194,ACC0008110,IND19002294,LN2019050000897,,20,2021-01-14,03:11:02,2869.96,Debit,Completed,,Loan Payment - LN2019050000897,False,,2.5,,Automated,Home Loan,standard_payment,False,loan_payment_generator,False,
TXNL202100001195,ACC0008154,IND19012320,LN2019050000898,,20,2021-01-26,04:33:33,1129.15,Debit,Cancelled,customer_stop_instruction,Loan Payment - LN2019050000898 - Extra Principal,False,,2.5,,Automated,Home Loan,extra_payment,False,loan_payment_generator,False,
TXNL202100001196,ACC0007375,IND19005931,LN2019050000918,LDO20210000684,19,2021-01-06,04:09:48,5152.01,Debit,Completed,,Loan Payment - LN2019050000918 - Extra Principal,False,,0.43,,Automated,Home Loan,extra_payment,False,loan_payment_generator,False,
TXNL202100001197,ACC0007040,IND19011954,LN2019050000921,,19,2021-01-06,04:30:11,2943.32,Debit,Completed,,Loan Payment - LN2019050000921,False,,2.5,,Automated,Personal Loan,standard_payment,False,loan_payment_generator,False,
TXNL202100001198,ACC0008078,IND19003714,LN2019050000934,LDO20210000686,20,2021-01-12,02:23:26,2772.54,Debit,Completed,,Loan Payment - LN2019050000934,False,,0.89,,Automated,Personal Loan,standard_payment,False,loan_payment_generator,False,
TXNL202100001199,ACC0008171,IND19012983,LN2019050000935,,19,2021-01-09,05:40:34,538.92,Debit,Completed,,Loan Payment - LN2019050000935,False,,2.5,,Online,Home Loan,standard_payment,False,loan_payment_generator,False,
TXNL202100001200,ACC0007529,IND19010684,LN2019050000938,LDO20210000687,19,2021-01-09,04:24:40,820.45,Debit,Completed,,Loan Payment - LN2019050000938,False,,1.26,,Automated,Home Loan,standard_payment,False,loan_payment_generator,False,
TXNL202100001201,ACC0007628,IND19005196,LN2019050000939,LDO20210000688,19,2021-01-08,03:11:40,1878.07,Debit,Completed,,Loan Payment - LN2019050000939,False,,0.52,,Automated,Home Loan,standard_payment,False,loan_payment_generator,False,
TXNL202100001202,ACC0007969,IND19010055,LN2019050000944,,19,2021-01-07,02:58:43,3648.0,Debit,Completed,,Loan Payment - LN2019050000944 - Extra Principal,False,,2.5,,Automated,Vehicle Loan,extra_payment,False,loan_payment_generator,False,
TXNL202100001203,ACC0007641,IND19007826,LN2019050000947,LDO20210000689,19,2021-01-07,03:08:34,629.04,Debit,Completed,,Loan Payment - LN2019050000947 - Extra Principal,False,,1.4,,Automated,Home Loan,extra_payment,False,loan_payment_generator,False,
TXNL202100001204,ACC0008158,IND19010986,LN2019050000952,,20,2021-01-17,04:38:18,592.42,Debit,Completed,,Loan Payment - LN2019050000952 - Late Fee,False,,2.5,,Automated,Personal Loan,late_payment,False,loan_payment_generator,False,
TXNL202100001205,ACC0008313,COM19000237,LN2019050000954,LDO20210000690,19,2021-01-09,02:19:18,3850.82,Debit,Completed,,Loan Payment - LN2019050000954 - Late Fee,False,,0.12,,Automated,Business Loan,late_payment,False,loan_payment_generator,False,
TXNL202100001206,ACC0008071,IND19003837,LN2019050000958,,20,2021-01-16,05:53:53,1185.66,Debit,Completed,,Loan Payment - LN2019050000958,False,,2.5,,Online,Personal Loan,standard_payment,False,loan_payment_generator,False,
TXNL202100001207,ACC0007237,IND19000234,LN2019050000960,LDO20210000691,20,2021-01-28,04:56:52,1528.5,Debit,Completed,,Loan Payment - LN2019050000960 - Late Fee,False,,1.39,,Automated,Home Loan,late_payment,False,loan_payment_generator,False,
TXNL202100001208,ACC0007929,IND19013749,LN2019050000961,LDO20210000692,20,2021-01-30,02:01:53,1518.47,Debit,Completed,,Loan Payment - LN2019050000961,False,,0.62,,Automated,Vehicle Loan,standard_payment,False,loan_payment_generator,False,
TXNL202100001209,ACC0007527,IND19004757,LN2019050000962,LDO20210000693,20,2021-01-18,02:29:51,171.26,Debit,Completed,,Loan Payment - LN2019050000962 - Partial,False,,1.21,,Automated,Home Loan,partial_payment,False,loan_payment_generator,False,
TXNL202100001210,ACC0007338,IND19001523,LN2019050000966,LDO20210000694,20,2021-01-31,04:01:13,2442.9,Debit,Completed,,Loan Payment - LN2019050000966 - Extra Principal,False,,1.58,,Automated,Home Loan,extra_payment,False,loan_payment_generator,False,
TXNL202100001211,ACC0007755,IND19009883,LN2019050000971,,20,2021-01-07,04:47:06,1833.69,Debit,Completed,,Loan Payment - LN2019050000971,False,,2.5,,Automated,Home Loan,standard_payment,False,loan_payment_generator,False,
TXNL202100001212,ACC0007607,IND19005046,LN2019050000978,LDO20210000695,19,2021-01-07,04:52:43,1592.65,Debit,Completed,,Loan Payment - LN2019050000978,False,,1.61,,Automated,Home Loan,standard_payment,False,loan_payment_generator,False,
TXNL202100001213,ACC0008111,IND19001387,LN2019050000980,LDO20210000696,20,2021-01-27,04:53:08,857.39,Debit,Completed,,Loan Payment - LN2019050000980,False,,0.87,,Automated,Home Loan,standard_payment,False,loan_payment_generator,False,
TXNL202100001214,ACC0008014,IND19005111,LN2019050000984,LDO20210000697,20,2021-01-17,03:53:29,5323.0,Debit,Completed,,Loan Payment - LN2019050000984,False,,1.55,,Automated,Vehicle Loan,standard_payment,False,loan_payment_generator,False,
TXNL202100001215,ACC0008030,IND19003118,LN2019050001000,,19,2021-01-06,02:30:07,843.48,Debit,Completed,,Loan Payment - LN2019050001000 - Late Fee,False,,2.5,,Automated,Home Loan,late_payment,False,loan_payment_generator,False,
TXNL202100001216,ACC0007966,IND19005148,LN2019050001001,,19,2021-01-08,04:20:56,2377.92,Debit,Completed,,Loan Payment - LN2019050001001,False,,2.5,,Automated,Personal Loan,standard_payment,False,loan_payment_generator,False,
TXNL202100001217,ACC0007777,IND19005035,LN2019050001021,LDO20210000698,19,2021-01-05,02:35:14,3387.53,Debit,Completed,,Loan Payment - LN2019050001021,False,,1.92,,Automated,Home Loan,standard_payment,False,loan_payment_generator,False,
TXNL202100001218,ACC0007379,IND19012374,LN2019050001024,LDO20210000699,20,2021-01-14,03:07:22,611.82,Debit,Completed,,Loan Payment - LN2019050001024 - Partial,False,,0.29,,Automated,Home Loan,partial_payment,False,loan_payment_generator,False,
TXNL202100001219,ACC0007906,IND19004263,LN2019050001033,,19,2021-01-02,04:06:42,260.1,Debit,Completed,,Loan Payment - LN2019050001033,False,,2.5,,Automated,Home Loan,standard_payment,False,loan_payment_generator,False,
TXNL202100001220,ACC0008274,IND19006833,LN2019050001047,,20,2021-01-16,04:29:14,3754.64,Debit,Completed,,Loan Payment - LN2019050001047,False,,2.5,,Automated,Vehicle Loan,standard_payment,False,loan_payment_generator,False,
TXNL202100001221,ACC0007009,IND19002813,LN2019050001051,,20,2021-01-30,02:45:59,4006.59,Debit,Completed,,Loan Payment - LN2019050001051,False,,2.5,,Automated,Vehicle Loan,standard_payment,False,loan_payment_generator,False,
TXNL202100001222,ACC0008219,IND19011636,LN2019050001070,LDO20210000700,19,2021-01-03,03:39:03,2223.33,Debit,Completed,,Loan Payment - LN2019050001070,False,,1.72,,Automated,Vehicle Loan,standard_payment,False,loan_payment_generator,False,
TXNL202100001223,ACC0008068,IND19006737,LN2019050001082,LDO20210000701,20,2021-01-21,02:41:57,2230.23,Debit,Failed,bank_timeout,Loan Payment - LN2019050001082,False,,0.99,,Automated,Vehicle Loan,standard_payment,False,loan_payment_generator,False,
TXNL202100001224,ACC0007738,IND19008930,LN2019050001085,,19,2021-01-01,04:39:46,1089.84,Debit,Completed,,Loan Payment - LN2019050001085,False,,2.5,,Online,Home Loan,standard_payment,False,loan_payment_generator,False,
TXNL202100001225,ACC0007383,IND19014104,LN2019050001092,LDO20210000702,20,2021-01-18,03:02:22,2227.4,Debit,Completed,,Loan Payment - LN2019050001092,False,,0.21,,Automated,Personal Loan,standard_payment,False,loan_payment_generator,False,
TXNL202100001226,ACC0007199,IND19008957,LN2019050001095,,20,2021-01-21,03:13:10,1645.37,Debit,Completed,,Loan Payment - LN2019050001095,False,,2.5,,Automated,Home Loan,standard_payment,False,loan_payment_generator,False,
TXNL202100001227,ACC0007649,IND19012283,LN2019050001102,,19,2021-01-03,03:48:11,2145.91,Debit,Completed,,Loan Payment - LN2019050001102,False,,2.5,,Mobile,Personal Loan,standard_payment,False,loan_payment_generator,False,
TXNL202100001228,ACC0007540,IND19005556,LN2019050001113,LDO20210000703,20,2021-01-26,02:58:53,1903.28,Debit,Completed,,Loan Payment - LN2019050001113,False,,1.68,,Automated,Home Loan,standard_payment,False,loan_payment_generator,False,
TXNL202100001229,ACC0007524,IND19003271,LN2019050001116,,20,2021-01-27,03:36:37,1308.81,Debit,Completed,,Loan Payment - LN2019050001116,False,,2.5,,Automated,Personal Loan,standard_payment,False,loan_payment_generator,False,
TXNL202100001230,ACC0007705,IND19001393,LN2019050001120,LDO20210000704,20,2021-01-21,02:44:42,4592.55,Debit,Completed,,Loan Payment - LN2019050001120,False,,1.98,,Automated,Home Loan,standard_payment,False,loan_payment_generator,False,
TXNL202100001231,ACC0007553,IND19009011,LN2019050001121,LDO20210000705,20,2021-01-25,03:46:56,943.48,Debit,Completed,,Loan Payment - LN2019050001121,False,,0.29,,Automated,Home Loan,standard_payment,False,loan_payment_generator,False,
TXNL202100001232,ACC0008049,IND19003801,LN2019050001137,,20,2021-01-10,04:24:40,5055.02,Debit,Completed,,Loan Payment - LN2019050001137,False,,2.5,,Automated,Home Loan,standard_payment,False,loan_payment_generator,False,
TXNL202100001233,ACC0007986,IND19001257,LN2019050001151,,20,2021-01-23,04:05:55,2165.17,Debit,Completed,,Loan Payment - LN2019050001151,False,,2.5,,Online,Home Loan,standard_payment,False,loan_payment_generator,False,
TXNL202100001234,ACC0007476,IND19013953,LN2019050001152,,20,2021-01-23,02:19:47,1498.1,Debit,Completed,,Loan Payment - LN2019050001152,False,,2.5,,Mobile,Home Loan,standard_payment,False,loan_payment_generator,False,
TXNL202100001235,ACC0007475,IND19013953,LN2019050001155,,19,2021-01-06,01:43:57,1712.2,Debit,Completed,,Loan Payment - LN2019050001155,False,,2.5,,Online,Vehicle Loan,standard_payment,False,loan_payment_generator,False,
TXNL202100001236,ACC0007353,IND19005472,LN2019050001160,LDO20210000706,20,2021-01-17,03:57:28,1115.42,Debit,Completed,,Loan Payment - LN2019050001160,False,,0.98,,Automated,Home Loan,standard_payment,False,loan_payment_generator,False,
TXNL202100001237,ACC0007015,IND19007961,LN2019050001170,,20,2021-01-21,04:09:08,1047.02,Debit,Completed,,Loan Payment - LN2019050001170,False,,2.5,,Automated,Vehicle Loan,standard_payment,False,loan_payment_generator,False,
TXNL202100001238,ACC0007275,IND19010245,LN2019050001175,LDO20210000707,19,2021-01-07,04:42:44,1055.82,Debit,Completed,,Loan Payment - LN2019050001175 - Recovery,False,,0.93,,Automated,Personal Loan,recovery_payment,True,loan_payment_generator,False,
TXNL202100001239,ACC0007351,IND19001380,LN2019050001183,LDO20210000708,20,2021-01-20,03:40:13,5456.91,Debit,Completed,,Loan Payment - LN2019050001183 - Late Fee,False,,1.09,,Automated,Home Loan,late_payment,False,loan_payment_generator,False,
TXNL202100001240,ACC0007907,IND19002878,LN2019050001186,LDO20210000709,20,2021-01-29,04:55:31,1883.64,Debit,Completed,,Loan Payment - LN2019050001186,False,,1.76,,Automated,Home Loan,standard_payment,False,loan_payment_generator,False,
TXNL202100001241,ACC0008264,IND19014371,LN2019050001194,,20,2021-01-16,02:35:52,2083.71,Debit,Completed,,Loan Payment - LN2019050001194,False,,2.5,,Automated,Home Loan,standard_payment,False,loan_payment_generator,False,
TXNL202100001242,ACC0007291,IND19005668,LN2019050001199,,20,2021-01-14,03:54:20,1866.41,Debit,Completed,,Loan Payment - LN2019050001199,False,,2.5,,Automated,Vehicle Loan,standard_payment,False,loan_payment_generator,False,
TXNL202100001243,ACC0007296,IND19011570,LN2019050001202,LDO20210000710,20,2021-01-30,02:09:17,701.24,Debit,Completed,,Loan Payment - LN2019050001202,False,,0.76,,Automated,Home Loan,standard_payment,False,loan_payment_generator,False,
TXNL202100001244,ACC0007636,IND19008434,LN2019050001205,LDO20210000711,20,2021-01-27,02:33:11,681.94,Debit,Completed,,Loan Payment - LN2019050001205,False,,0.1,,Automated,Home Loan,standard_payment,False,loan_payment_generator,False,
TXNL202100001245,ACC0007107,IND19000145,LN2019050001207,LDO20210000712,20,2021-01-17,04:53:11,1817.61,Debit,Completed,,Loan Payment - LN2019050001207,False,,0.12,,Automated,Home Loan,standard_payment,False,loan_payment_generator,False,
TXNL202100001246,ACC0007676,IND19007028,LN2019050001208,,20,2021-01-31,03:27:48,1280.42,Debit,Completed,,Loan Payment - LN2019050001208,False,,2.5,,Automated,Home Loan,standard_payment,False,loan_payment_generator,False,
TXNL202100001247,ACC0007608,IND19007170,LN2019050001231,,20,2021-01-09,04:38:39,173.27,Debit,Completed,,Loan Payment - LN2019050001231,False,,2.5,,Automated,Home Loan,standard_payment,False,loan_payment_generator,False,
TXNL202100001248,ACC0007455,IND19009143,LN2019050001232,,20,2021-01-18,07:34:40,1524.4,Debit,Completed,,Loan Payment - LN2019050001232,False,,2.5,,Online,Vehicle Loan,standard_payment,False,loan_payment_generator,False,
TXNL202100001249,ACC0007842,IND19009173,LN2019050001247,,20,2021-01-10,03:34:43,4310.95,Debit,Completed,,Loan Payment - LN2019050001247,False,,2.5,,Automated,Personal Loan,standard_payment,False,loan_payment_generator,False,
TXNL202100001250,ACC0009554,IND19008376,LN2019060000003,,18,2021-01-04,02:35:08,1215.95,Debit,Completed,,Loan Payment - LN2019060000003,False,,2.5,,Online,Home Loan,standard_payment,False,loan_payment_generator,False,
TXNL202100001251,ACC0009001,IND19001656,LN2019060000026,,19,2021-01-12,02:34:57,2079.02,Debit,Completed,,Loan Payment - LN2019060000026,False,,2.5,,Automated,Home Loan,standard_payment,False,loan_payment_generator,False,
TXNL202100001252,ACC0008614,IND19003868,LN2019060000036,,19,2021-01-09,02:03:52,2422.21,Debit,Completed,,Loan Payment - LN2019060000036,False,,2.5,,Automated,Personal Loan,standard_payment,False,loan_payment_generator,False,
TXNL202100001253,ACC0009436,IND19003637,LN2019060000051,LDO20210000713,19,2021-01-21,02:39:06,1813.37,Debit,Completed,,Loan Payment - LN2019060000051 - Partial,False,,1.26,,Automated,Home Loan,partial_payment,False,loan_payment_generator,False,
TXNL202100001254,ACC0009208,IND19014920,LN2019060000056,,19,2021-01-25,04:41:51,3476.1,Debit,Completed,,Loan Payment - LN2019060000056,False,,2.5,,Automated,Home Loan,standard_payment,False,loan_payment_generator,False,
TXNL202100001255,ACC0009416,IND19003355,LN2019060000058,,19,2021-01-30,02:59:42,438.48,Debit,Completed,,Loan Payment - LN2019060000058,False,,2.5,,Automated,Home Loan,standard_payment,False,loan_payment_generator,False,
TXNL202100001256,ACC0009698,IND19010951,LN2019060000063,LDO20210000714,18,2021-01-11,03:33:00,996.5,Debit,Completed,,Loan Payment - LN2019060000063 - Partial,False,,0.44,,Automated,Home Loan,partial_payment,False,loan_payment_generator,False,
TXNL202100001257,ACC0008723,IND19009629,LN2019060000070,LDO20210000715,19,2021-01-13,03:39:45,1515.04,Debit,Cancelled,customer_stop_instruction,Loan Payment - LN2019060000070,False,,0.97,,Automated,Personal Loan,standard_payment,False,loan_payment_generator,False,
TXNL202100001258,ACC0009008,IND19011347,LN2019060000071,,19,2021-01-24,07:13:06,993.27,Debit,Completed,,Loan Payment - LN2019060000071,False,,2.5,,Online,Home Loan,standard_payment,False,loan_payment_generator,False,
TXNL202100001259,ACC0009533,IND19006651,LN2019060000074,LDO20210000716,18,2021-01-03,04:10:25,870.84,Debit,Completed,,Loan Payment - LN2019060000074,False,,0.71,,Automated,Home Loan,standard_payment,False,loan_payment_generator,False,
TXNL202100001260,ACC0008345,IND19000257,LN2019060000075,,19,2021-01-28,02:53:19,8989.14,Debit,Completed,,Loan Payment - LN2019060000075,False,,2.5,,Automated,Personal Loan,standard_payment,False,loan_payment_generator,False,
TXNL202100001261,ACC0009344,IND19007445,LN2019060000077,LDO20210000717,19,2021-01-23,03:53:36,5551.78,Debit,Completed,,Loan Payment - LN2019060000077,False,,1.95,,Automated,Personal Loan,standard_payment,False,loan_payment_generator,True,amount_rounding_error
TXNL202100001262,ACC0009307,IND19006577,LN2019060000079,LDO20210000718,19,2021-01-23,02:30:09,4187.72,Debit,Completed,,Loan Payment - LN2019060000079,False,,1.09,,Automated,Personal Loan,standard_payment,False,loan_payment_generator,False,
TXNL202100001263,ACC0009216,IND19015579,LN2019060000083,LDO20210000719,18,2021-01-09,03:49:02,4726.66,Debit,Completed,,Loan Payment - LN2019060000083,False,,0.31,,Automated,Personal Loan,standard_payment,False,loan_payment_generator,False,
TXNL202100001264,ACC0009824,IND19005414,LN2019060000085,,18,2021-01-04,03:20:56,1691.47,Debit,Completed,,Loan Payment - LN2019060000085,False,,2.5,,Automated,Home Loan,standard_payment,False,loan_payment_generator,False,
TXNL202100001265,ACC0009105,IND19010363,LN2019060000088,,19,2021-01-23,02:02:24,3606.48,Debit,Completed,,Loan Payment - LN2019060000088 - Recovery,False,,2.5,,Mobile,Vehicle Loan,recovery_payment,True,loan_payment_generator,False,
TXNL202100001266,ACC0009718,IND19015416,LN2019060000105,LDO20210000720,19,2021-01-18,04:37:05,2174.17,Debit,Completed,,Loan Payment - LN2019060000105,False,,0.05,,Automated,Personal Loan,standard_payment,False,loan_payment_generator,False,
TXNL202100001267,ACC0008530,IND19001113,LN2019060000112,LDO20210000721,18,2021-01-06,02:45:01,4120.99,Debit,Completed,,Loan Payment - LN2019060000112,False,,0.02,,Automated,Home Loan,standard_payment,False,loan_payment_generator,False,
TXNL202100001268,ACC0009514,IND19011384,LN2019060000118,,19,2021-01-29,04:26:56,1695.32,Debit,Completed,,Loan Payment - LN2019060000118,False,,2.5,,Automated,Home Loan,standard_payment,False,loan_payment_generator,False,
TXNL202100001269,ACC0009853,COM19000322,LN2019060000119,,18,2021-01-05,04:31:54,4596.63,Debit,Completed,,Loan Payment - LN2019060000119,False,,2.5,,Automated,Business Loan,standard_payment,False,loan_payment_generator,False,
TXNL202100001270,ACC0008818,IND19015397,LN2019060000121,LDO20210000722,19,2021-01-13,03:39:01,9367.57,Debit,Completed,,Loan Payment - LN2019060000121,False,,0.13,,Automated,Personal Loan,standard_payment,False,loan_payment_generator,False,
TXNL202100001271,ACC0008467,IND19009375,LN2019060000125,LDO20210000723,18,2021-01-02,02:52:11,1433.44,Debit,Completed,,Loan Payment - LN2019060000125,False,,1.9,,Automated,Vehicle Loan,standard_payment,False,loan_payment_generator,False,
TXNL202100001272,ACC0008475,IND19010377,LN2019060000136,LDO20210000724,19,2021-01-15,03:06:48,4542.65,Debit,Completed,,Loan Payment - LN2019060000136,False,,1.46,,Automated,Vehicle Loan,standard_payment,False,loan_payment_generator,False,
TXNL202100001273,ACC0008630,IND19006926,LN2019060000140,LDO20210000725,18,2021-01-09,04:13:21,336.09,Debit,Completed,,Loan Payment - LN2019060000140,False,,1.69,,Automated,Vehicle Loan,standard_payment,False,loan_payment_generator,False,
TXNL202100001274,ACC0009470,IND19009457,LN2019060000143,,19,2021-01-24,04:04:29,1279.53,Debit,Completed,,Loan Payment - LN2019060000143,False,,2.5,,Automated,Home Loan,standard_payment,False,loan_payment_generator,False,
TXNL202100001275,ACC0009728,IND19005969,LN2019060000154,,19,2021-01-16,02:53:12,2903.01,Debit,Completed,,Loan Payment - LN2019060000154,False,,2.5,,Automated,Personal Loan,standard_payment,False,loan_payment_generator,False,
TXNL202100001276,ACC0009573,IND19007410,LN2019060000169,LDO20210000726,19,2021-01-22,04:12:11,388.8,Debit,Completed,,Loan Payment - LN2019060000169,False,,0.88,,Automated,Vehicle Loan,standard_payment,False,loan_payment_generator,False,
TXNL202100001277,ACC0008899,IND19011169,LN2019060000175,LDO20210000727,19,2021-01-28,02:33:00,2863.26,Debit,Completed,,Loan Payment - LN2019060000175,False,,0.91,,Automated,Vehicle Loan,standard_payment,False,loan_payment_generator,False,
TXNL202100001278,ACC0008567,IND19016930,LN2019060000181,LDO20210000728,19,2021-01-14,03:40:13,3113.75,Debit,Completed,,Loan Payment - LN2019060000181 - Recovery,False,,1.24,,Automated,Home Loan,recovery_payment,True,loan_payment_generator,False,
TXNL202100001279,ACC0009844,COM19000096,LN2019060000185,LDO20210000729,19,2021-01-27,04:09:18,8206.68,Debit,Completed,,Loan Payment - LN2019060000185,False,,1.16,,Automated,Business Loan,standard_payment,False,loan_payment_generator,False,
TXNL202100001280,ACC0009040,IND19009244,LN2019060000190,LDO20210000730,19,2021-01-18,03:46:01,2300.78,Debit,Completed,,Loan Payment - LN2019060000190,False,,0.74,,Automated,Vehicle Loan,standard_payment,False,loan_payment_generator,False,
TXNL202100001281,ACC0009873,COM19000220,LN2019060000193,LDO20210000731,19,2021-01-15,03:09:07,8148.36,Debit,Completed,,Loan Payment - LN2019060000193 - Recovery,False,,0.03,,Automated,Business Loan,recovery_payment,True,loan_payment_generator,False,
TXNL202100001282,ACC0009758,IND19016938,LN2019060000196,,18,2021-01-03,06:10:53,1389.57,Debit,Completed,,Loan Payment - LN2019060000196,False,,2.5,,Online,Vehicle Loan,standard_payment,False,loan_payment_generator,False,
TXNL202100001283,ACC0009614,IND19017281,LN2019060000199,LDO20210000732,18,2021-01-07,02:03:37,1730.5,Debit,Completed,,Loan Payment - LN2019060000199,False,,1.97,,Automated,Home Loan,standard_payment,False,loan_payment_generator,False,
TXNL202100001284,ACC0008782,IND19012132,LN2019060000202,LDO20210000733,18,2021-01-01,04:56:19,1920.72,Debit,Completed,,Loan Payment - LN2019060000202,False,,0.61,,Automated,Vehicle Loan,standard_payment,False,loan_payment_generator,False,
TXNL202100001285,ACC0009672,IND19016838,LN2019060000205,LDO20210000734,18,2021-01-04,02:31:01,2921.76,Debit,Completed,,Loan Payment - LN2019060000205,False,,0.23,,Automated,Home Loan,standard_payment,False,loan_payment_generator,False,
TXNL202100001286,ACC0009571,IND19008258,LN2019060000206,,19,2021-01-11,04:25:31,1332.31,Debit,Completed,,Loan Payment - LN2019060000206,False,,2.5,,Automated,Home Loan,standard_payment,False,loan_payment_generator,False,
TXNL202100001287,ACC0009341,IND19015334,LN2019060000210,,19,2021-01-16,02:39:39,3722.6,Debit,Completed,,Loan Payment - LN2019060000210 - Late Fee,False,,2.5,,Automated,Vehicle Loan,late_payment,False,loan_payment_generator,False,
TXNL202100001288,ACC0009506,IND19008495,LN2019060000212,LDO20210000735,19,2021-01-23,04:17:14,2238.62,Debit,Completed,,Loan Payment - LN2019060000212,False,,0.33,,Automated,Home Loan,standard_payment,False,loan_payment_generator,False,
TXNL202100001289,ACC0008525,IND19014248,LN2019060000214,,19,2021-01-17,04:44:04,6032.73,Debit,Completed,,Loan Payment - LN2019060000214,False,,2.5,,Automated,Vehicle Loan,standard_payment,False,loan_payment_generator,False,
TXNL202100001290,ACC0008456,IND19001450,LN2019060000217,LDO20210000736,19,2021-01-27,04:53:25,3273.24,Debit,Completed,,Loan Payment - LN2019060000217,False,,0.44,,Automated,Personal Loan,standard_payment,False,loan_payment_generator,False,
TXNL202100001291,ACC0008718,IND19013926,LN2019060000227,,19,2021-01-17,04:14:07,2038.13,Debit,Completed,,Loan Payment - LN2019060000227,False,,2.5,,Automated,Vehicle Loan,standard_payment,False,loan_payment_generator,False,
TXNL202100001292,ACC0009633,IND19004935,LN2019060000228,,19,2021-01-28,01:45:08,1986.09,Debit,Completed,,Loan Payment - LN2019060000228,False,,2.5,,Online,Home Loan,standard_payment,False,loan_payment_generator,False,
TXNL202100001293,ACC0009190,IND19012029,LN2019060000230,,19,2021-01-18,02:05:45,2326.1,Debit,Completed,,Loan Payment - LN2019060000230,False,,2.5,,Automated,Vehicle Loan,standard_payment,False,loan_payment_generator,False,
TXNL202100001294,ACC0009487,IND19007401,LN2019060000233,,19,2021-01-30,02:41:07,6112.05,Debit,Completed,,Loan Payment - LN2019060000233,False,,2.5,,Online,Vehicle Loan,standard_payment,False,loan_payment_generator,False,
TXNL202100001295,ACC0009866,COM19000090,LN2019060000240,,19,2021-01-26,04:23:51,36981.06,Debit,Completed,,Loan Payment - LN2019060000240,False,,2.5,,Online,Business Loan,standard_payment,False,loan_payment_generator,False,
TXNL202100001296,ACC0009656,IND19008180,LN2019060000244,,19,2021-01-19,03:14:39,983.14,Debit,Completed,,Loan Payment - LN2019060000244,False,,2.5,,Automated,Personal Loan,standard_payment,False,loan_payment_generator,False,
TXNL202100001297,ACC0008840,IND19011953,LN2019060000247,LDO20210000737,18,2021-01-05,00:58:20,875.62,Debit,Completed,,Loan Payment - LN2019060000247,False,,0.5,,Automated,Home Loan,standard_payment,False,loan_payment_generator,True,timestamp_shift
TXNL202100001298,ACC0008749,IND19007392,LN2019060000263,LDO20210000738,19,2021-01-29,02:04:07,986.18,Debit,Cancelled,customer_stop_instruction,Loan Payment - LN2019060000263,False,,1.71,,Automated,Home Loan,standard_payment,False,loan_payment_generator,False,
TXNL202100001299,ACC0009553,IND19013623,LN2019060000267,LDO20210000739,19,2021-01-21,03:59:55,1776.48,Debit,Completed,,Loan Payment - LN2019060000267,False,,0.19,,Automated,Home Loan,standard_payment,False,loan_payment_generator,False,
TXNL202100001300,ACC0009259,IND19001862,LN2019060000280,LDO20210000740,19,2021-01-25,02:30:27,1520.75,Debit,Completed,,Loan Payment - LN2019060000280,False,,1.17,,Automated,Personal Loan,standard_payment,False,loan_payment_generator,False,
TXNL202100001301,ACC0009271,IND19015803,LN2019060000296,LDO20210000741,18,2021-01-01,02:19:13,2111.07,Debit,Failed,bank_timeout,Loan Payment - LN2019060000296,False,,0.1,,Automated,Home Loan,standard_payment,False,loan_payment_generator,False,
TXNL202100001302,ACC0008755,IND19006330,LN2019060000297,,18,2021-01-03,02:58:48,1124.43,Debit,Completed,,Loan Payment - LN2019060000297,False,,2.5,,Automated,Vehicle Loan,standard_payment,False,loan_payment_generator,False,
TXNL202100001303,ACC0009156,IND19010093,LN2019060000298,,19,2021-01-21,04:39:57,1956.81,Debit,Completed,,Loan Payment - LN2019060000298 - Late Fee,False,,2.5,,Automated,Personal Loan,late_payment,False,loan_payment_generator,False,
TXNL202100001304,ACC0009102,IND19013392,LN2019060000302,LDO20210000742,18,2021-01-05,02:29:21,633.19,Debit,Completed,,Loan Payment - LN2019060000302,False,,1.59,,Automated,Vehicle Loan,standard_payment,False,loan_payment_generator,False,
TXNL202100001305,ACC0009163,IND19005213,LN2019060000322,LDO20210000743,19,2021-01-17,04:40:03,2564.82,Debit,Completed,,Loan Payment - LN2019060000322,False,,0.19,,Automated,Personal Loan,standard_payment,False,loan_payment_generator,False,
TXNL202100001306,ACC0009852,COM19000118,LN2019060000327,,19,2021-01-30,05:34:28,11424.39,Debit,Completed,,Loan Payment - LN2019060000327,False,,2.5,,Mobile,Business Loan,standard_payment,False,loan_payment_generator,False,
TXNL202100001307,ACC0009868,COM19000104,LN2019060000329,,19,2021-01-20,04:33:28,10916.85,Debit,Completed,,Loan Payment - LN2019060000329 - Partial,False,,2.5,,Automated,Business Loan,partial_payment,False,loan_payment_generator,False,
TXNL202100001308,ACC0009825,IND19017768,LN2019060000332,,18,2021-01-06,03:29:10,2195.51,Debit,Completed,,Loan Payment - LN2019060000332 - Partial,False,,2.5,,Automated,Vehicle Loan,partial_payment,False,loan_payment_generator,False,
TXNL202100001309,ACC0008597,IND19003386,LN2019060000338,,18,2021-01-06,04:09:47,1979.44,Debit,Completed,,Loan Payment - LN2019060000338,False,,2.5,,Automated,Vehicle Loan,standard_payment,False,loan_payment_generator,False,
TXNL202100001310,ACC0009626,IND19009544,LN2019060000340,LDO20210000744,19,2021-01-17,02:28:03,448.77,Debit,Completed,,Loan Payment - LN2019060000340 - Late Fee,False,,1.77,,Automated,Home Loan,late_payment,False,loan_payment_generator,False,
TXNL202100001311,ACC0008711,IND19016560,LN2019060000351,,19,2021-01-28,04:13:23,671.37,Debit,Completed,,Loan Payment - LN2019060000351,False,,2.5,,Automated,Home Loan,standard_payment,False,loan_payment_generator,False,
TXNL202100001312,ACC0009673,IND19009993,LN2019060000357,,19,2021-01-27,04:49:06,2441.91,Debit,Completed,,Loan Payment - LN2019060000357,False,,2.5,,Automated,Personal Loan,standard_payment,False,loan_payment_generator,False,
TXNL202100001313,ACC0009256,IND19010370,LN2019060000358,,19,2021-01-20,02:09:59,2728.72,Debit,Completed,,Loan Payment - LN2019060000358,False,,2.5,,Automated,Home Loan,standard_payment,False,loan_payment_generator,False,
TXNL202100001314,ACC0009050,IND19006126,LN2019060000371,,18,2021-01-05,03:34:48,1526.18,Debit,Completed,,Loan Payment - LN2019060000371,False,,2.5,,Automated,Home Loan,standard_payment,False,loan_payment_generator,False,
TXNL202100001315,ACC0009224,IND19007532,LN2019060000373,,19,2021-01-25,02:36:45,1382.86,Debit,Completed,,Loan Payment - LN2019060000373,False,,2.5,,Automated,Personal Loan,standard_payment,False,loan_payment_generator,False,
TXNL202100001316,ACC0009227,IND19007921,LN2019060000384,LDO20210000745,18,2021-01-05,04:02:26,2534.72,Debit,Completed,,Loan Payment - LN2019060000384,False,,1.19,,Automated,Personal Loan,standard_payment,False,loan_payment_generator,False,
TXNL202100001317,ACC0009619,IND19010866,LN2019060000389,LDO20210000746,19,2021-01-26,02:20:50,14298.5,Debit,Completed,,Loan Payment - LN2019060000389,False,,0.92,,Automated,Personal Loan,standard_payment,False,loan_payment_generator,False,
TXNL202100001318,ACC0009577,IND19014395,LN2019060000392,LDO20210000747,19,2021-01-27,03:55:34,1270.2,Debit,Completed,,Loan Payment - LN2019060000392,False,,0.76,,Automated,Vehicle Loan,standard_payment,False,loan_payment_generator,False,
TXNL202100001319,ACC0008907,IND19008512,LN2019060000394,LDO20210000748,19,2021-01-14,02:58:42,3633.65,Debit,Completed,,Loan Payment - LN2019060000394,False,,1.71,,Automated,Vehicle Loan,standard_payment,False,loan_payment_generator,False,
TXNL202100001320,ACC0008731,IND19002059,LN2019060000400,LDO20210000749,19,2021-01-22,02:28:39,768.05,Debit,Completed,,Loan Payment - LN2019060000400,False,,1.0,,Automated,Vehicle Loan,standard_payment,False,loan_payment_generator,False,
TXNL202100001321,ACC0008433,IND19008662,LN2019060000408,LDO20210000750,19,2021-01-24,03:42:09,943.68,Debit,Completed,,Loan Payment - LN2019060000408 - Partial,False,,1.2,,Automated,Home Loan,partial_payment,False,loan_payment_generator,False,
TXNL202100001322,ACC0008473,IND19002141,LN2019060000411,LDO20210000751,19,2021-01-18,04:10:52,1410.26,Debit,Completed,,Loan Payment - LN2019060000411,False,,1.16,,Automated,Vehicle Loan,standard_payment,False,loan_payment_generator,False,
TXNL202100001323,ACC0008409,IND19009601,LN2019060000419,,19,2021-01-27,04:01:05,279.29,Debit,Failed,bank_timeout,Loan Payment - LN2019060000419,False,,2.5,,Automated,Home Loan,standard_payment,False,loan_payment_generator,False,
TXNL202100001324,ACC0009399,IND19004604,LN2019060000422,LDO20210000752,19,2021-01-15,03:29:11,1473.8,Debit,Failed,insufficient_funds,Loan Payment - LN2019060000422,False,,1.73,,Automated,Home Loan,standard_payment,False,loan_payment_generator,False,
TXNL202100001325,ACC0008598,IND19010988,LN2019060000427,LDO20210000753,19,2021-01-18,04:47:19,6277.2,Debit,Completed,,Loan Payment - LN2019060000427,False,,0.07,,Automated,Personal Loan,standard_payment,False,loan_payment_generator,False,
TXNL202100001326,ACC0008696,IND19000326,LN2019060000454,,18,2021-01-01,03:00:17,2340.96,Debit,Completed,,Loan Payment - LN2019060000454,False,,2.5,,Automated,Vehicle Loan,standard_payment,False,loan_payment_generator,False,
TXNL202100001327,ACC0009301,IND19009701,LN2019060000455,,19,2021-01-22,04:54:30,1953.44,Debit,Completed,,Loan Payment - LN2019060000455,False,,2.5,,Automated,Vehicle Loan,standard_payment,False,loan_payment_generator,False,
TXNL202100001328,ACC0009335,IND19012989,LN2019060000456,,18,2021-01-04,02:43:42,2408.16,Debit,Completed,,Loan Payment - LN2019060000456,False,,2.5,,Automated,Home Loan,standard_payment,False,loan_payment_generator,False,
TXNL202100001329,ACC0009552,IND19015536,LN2019060000461,,19,2021-01-26,03:50:10,2626.39,Debit,Completed,,Loan Payment - LN2019060000461,False,,2.5,,Automated,Vehicle Loan,standard_payment,False,loan_payment_generator,False,
TXNL202100001330,ACC0008883,IND19008126,LN2019060000469,LDO20210000754,18,2021-01-01,04:40:52,4080.28,Debit,Completed,,Loan Payment - LN2019060000469,False,,1.06,,Automated,Vehicle Loan,standard_payment,False,loan_payment_generator,False,
TXNL202100001331,ACC0009504,IND19001754,LN2019060000472,,18,2021-01-08,03:31:41,3102.17,Debit,Completed,,Loan Payment - LN2019060000472,False,,2.5,,Automated,Vehicle Loan,standard_payment,False,loan_payment_generator,False,
TXNL202100001332,ACC0009137,IND19015949,LN2019060000476,,19,2021-01-13,04:09:06,1197.83,Debit,Completed,,Loan Payment - LN2019060000476,False,,2.5,,Automated,Home Loan,standard_payment,False,loan_payment_generator,False,
TXNL202100001333,ACC0008384,IND19009055,LN2019060000483,,19,2021-01-26,02:57:47,2894.57,Debit,Completed,,Loan Payment - LN2019060000483,False,,2.5,,Automated,Home Loan,standard_payment,False,loan_payment_generator,False,
TXNL202100001334,ACC0009854,COM19000322,LN2019060000484,,18,2021-01-05,02:58:35,13747.95,Debit,Completed,,Loan Payment - LN2019060000484,False,,2.5,,Automated,Business Loan,standard_payment,False,loan_payment_generator,False,
TXNL202100001335,ACC0009164,IND19003896,LN2019060000499,,18,2021-01-08,04:11:37,1309.59,Debit,Completed,,Loan Payment - LN2019060000499,False,,2.5,,Automated,Home Loan,standard_payment,False,loan_payment_generator,False,
TXNL202100001336,ACC0008375,IND19003179,LN2019060000517,LDO20210000755,18,2021-01-08,02:23:40,1095.51,Debit,Completed,,Loan Payment - LN2019060000517,False,,0.27,,Automated,Home Loan,standard_payment,False,loan_payment_generator,False,
TXNL202100001337,ACC0008767,IND19008285,LN2019060000521,LDO20210000756,19,2021-01-20,04:10:20,2918.6,Debit,Failed,account_blocked,Loan Payment - LN2019060000521,False,,0.43,,Automated,Personal Loan,standard_payment,False,loan_payment_generator,False,
TXNL202100001338,ACC0009192,IND19014229,LN2019060000522,,19,2021-01-20,04:56:32,1062.18,Debit,Completed,,Loan Payment - LN2019060000522,False,,2.5,,Automated,Home Loan,standard_payment,False,loan_payment_generator,False,
TXNL202100001339,ACC0008800,IND19005792,LN2019060000532,LDO20210000757,19,2021-01-24,03:46:33,2370.0,Debit,Completed,,Loan Payment - LN2019060000532,False,,0.09,,Automated,Personal Loan,standard_payment,False,loan_payment_generator,False,
TXNL202100001340,ACC0009370,IND19002893,LN2019060000543,,19,2021-01-29,03:59:59,2876.12,Debit,Completed,,Loan Payment - LN2019060000543,False,,2.5,,Automated,Vehicle Loan,standard_payment,False,loan_payment_generator,False,
TXNL202100001341,ACC0008867,IND19003343,LN2019060000544,LDO20210000758,19,2021-01-22,02:58:36,2359.94,Debit,Completed,,Loan Payment - LN2019060000544,False,,0.46,,Automated,Vehicle Loan,standard_payment,False,loan_payment_generator,False,
TXNL202100001342,ACC0008873,IND19003100,LN2019060000549,,19,2021-01-19,05:47:11,2213.16,Debit,Completed,,Loan Payment - LN2019060000549,False,,2.5,,Online,Home Loan,standard_payment,False,loan_payment_generator,False,
TXNL202100001343,ACC0008900,IND19007746,LN2019060000551,,19,2021-01-23,02:36:19,3375.28,Debit,Completed,,Loan Payment - LN2019060000551,False,,2.5,,Automated,Home Loan,standard_payment,False,loan_payment_generator,False,
TXNL202100001344,ACC0008368,IND19001827,LN2019060000552,,19,2021-01-28,02:14:42,2065.95,Debit,Completed,,Loan Payment - LN2019060000552,False,,2.5,,Automated,Home Loan,standard_payment,False,loan_payment_generator,False,
TXNL202100001345,ACC0009794,IND19012747,LN2019060000572,,19,2021-01-30,03:07:15,700.1,Debit,Completed,,Loan Payment - LN2019060000572,False,,2.5,,Automated,Home Loan,standard_payment,False,loan_payment_generator,False,
TXNL202100001346,ACC0009213,IND19000700,LN2019060000574,LDO20210000759,19,2021-01-20,04:23:56,981.64,Debit,Completed,,Loan Payment - LN2019060000574,False,,1.83,,Automated,Home Loan,standard_payment,False,loan_payment_generator,False,
TXNL202100001347,ACC0009388,IND19001269,LN2019060000575,LDO20210000760,18,2021-01-01,02:08:19,5372.61,Debit,Completed,,Loan Payment - LN2019060000575,False,,1.29,,Automated,Home Loan,standard_payment,False,loan_payment_generator,False,
TXNL202100001348,ACC0008447,IND19014110,LN2019060000577,,19,2021-01-18,03:48:50,2190.35,Debit,Completed,,Loan Payment - LN2019060000577,False,,2.5,,Automated,Personal Loan,standard_payment,False,loan_payment_generator,False,
TXNL202100001349,ACC0009561,IND19009379,LN2019060000581,,19,2021-01-24,06:37:03,7180.37,Debit,Completed,,Loan Payment - LN2019060000581,False,,2.5,,Online,Vehicle Loan,standard_payment,False,loan_payment_generator,False,
TXNL202100001350,ACC0008875,IND19005222,LN2019060000582,,19,2021-01-26,04:39:05,1440.17,Debit,Completed,,Loan Payment - LN2019060000582,False,,2.5,,Automated,Home Loan,standard_payment,False,loan_payment_generator,False,
TXNL202100001351,ACC0009194,IND19001245,LN2019060000596,LDO20210000761,19,2021-01-19,02:25:52,2546.72,Debit,Completed,,Loan Payment - LN2019060000596,False,,1.01,,Automated,Vehicle Loan,standard_payment,False,loan_payment_generator,False,
TXNL202100001352,ACC0008779,IND19018337,LN2019060000609,LDO20210000762,19,2021-01-16,02:30:06,3674.13,Debit,Completed,,Loan Payment - LN2019060000609 - Extra Principal,False,,1.22,,Automated,Personal Loan,extra_payment,False,loan_payment_generator,False,
TXNL202100001353,ACC0008815,IND19009525,LN2019060000614,LDO20210000763,19,2021-01-28,02:44:47,567.62,Debit,Completed,,Loan Payment - LN2019060000614,False,,1.64,,Automated,Vehicle Loan,standard_payment,False,loan_payment_generator,False,
TXNL202100001354,ACC0009030,IND19001320,LN2019060000636,LDO20210000764,19,2021-01-19,02:27:53,7107.64,Debit,Completed,,Loan Payment - LN2019060000636,False,,0.94,,Automated,Home Loan,standard_payment,False,loan_payment_generator,False,
TXNL202100001355,ACC0009631,IND19003016,LN2019060000637,,18,2021-01-05,03:46:50,3170.7,Debit,Completed,,Loan Payment - LN2019060000637,False,,2.5,,Automated,Home Loan,standard_payment,False,loan_payment_generator,False,
TXNL202100001356,ACC0009398,IND19017640,LN2019060000650,,19,2021-01-22,04:30:33,3803.07,Debit,Completed,,Loan Payment - LN2019060000650,False,,2.5,,Automated,Home Loan,standard_payment,False,loan_payment_generator,False,
TXNL202100001357,ACC0008603,IND19001610,LN2019060000653,,19,2021-01-14,03:43:11,1475.75,Debit,Completed,,Loan Payment - LN2019060000653,False,,2.5,,Automated,Home Loan,standard_payment,False,loan_payment_generator,False,
TXNL202100001358,ACC0008599,IND19005041,LN2019060000667,LDO20210000765,19,2021-01-30,02:17:32,8208.38,Debit,Completed,,Loan Payment - LN2019060000667,False,,0.71,,Automated,Personal Loan,standard_payment,False,loan_payment_generator,False,
TXNL202100001359,ACC0008796,IND19011873,LN2019060000668,LDO20210000766,19,2021-01-26,03:45:06,2325.86,Debit,Completed,,Loan Payment - LN2019060000668,False,,1.88,,Automated,Personal Loan,standard_payment,False,loan_payment_generator,False,
TXNL202100001360,ACC0009145,IND19016906,LN2019060000669,,19,2021-01-24,04:30:33,2038.75,Debit,Completed,,Loan Payment - LN2019060000669,False,,2.5,,Online,Vehicle Loan,standard_payment,False,loan_payment_generator,False,
TXNL202100001361,ACC0008920,IND19002726,LN2019060000673,,18,2021-01-04,02:07:53,6403.37,Debit,Completed,,Loan Payment - LN2019060000673,False,,2.5,,Mobile,Personal Loan,standard_payment,False,loan_payment_generator,False,
TXNL202100001362,ACC0009223,IND19001935,LN2019060000680,,19,2021-01-29,05:26:12,5113.51,Debit,Completed,,Loan Payment - LN2019060000680,False,,2.5,,Online,Home Loan,standard_payment,False,loan_payment_generator,False,
TXNL202100001363,ACC0008470,IND19006205,LN2019060000686,,19,2021-01-29,04:13:09,17391.49,Debit,Completed,,Loan Payment - LN2019060000686,False,,2.5,,Automated,Personal Loan,standard_payment,False,loan_payment_generator,False,
TXNL202100001364,ACC0009209,IND19017865,LN2019060000691,,19,2021-01-21,04:29:48,2822.47,Debit,Completed,,Loan Payment - LN2019060000691,False,,2.5,,Automated,Home Loan,standard_payment,False,loan_payment_generator,False,
TXNL202100001365,ACC0009641,IND19012150,LN2019060000697,LDO20210000767,18,2021-01-04,04:07:29,2357.78,Debit,Failed,mandate_limit,Loan Payment - LN2019060000697,False,,0.16,,Automated,Personal Loan,standard_payment,False,loan_payment_generator,False,
TXNL202100001366,ACC0008989,IND19001630,LN2019060000698,,19,2021-01-26,03:52:27,1165.3,Debit,Completed,,Loan Payment - LN2019060000698,False,,2.5,,Online,Home Loan,standard_payment,False,loan_payment_generator,False,
TXNL202100001367,ACC0009161,IND19003750,LN2019060000722,LDO20210000768,18,2021-01-09,03:41:27,3580.76,Debit,Completed,,Loan Payment - LN2019060000722,False,,0.96,,Automated,Personal Loan,standard_payment,False,loan_payment_generator,False,
TXNL202100001368,ACC0008641,IND19000825,LN2019060000725,,19,2021-01-16,02:36:34,1536.25,Debit,Completed,,Loan Payment - LN2019060000725,False,,2.5,,Automated,Home Loan,standard_payment,False,loan_payment_generator,False,
TXNL202100001369,ACC0009032,IND19009032,LN2019060000727,,18,2021-01-06,02:00:01,1279.76,Debit,Completed,,Loan Payment - LN2019060000727,False,,2.5,,Automated,Home Loan,standard_payment,False,loan_payment_generator,False,
TXNL202100001370,ACC0009396,IND19000153,LN2019060000741,,18,2021-01-02,02:11:45,2669.94,Debit,Completed,,Loan Payment - LN2019060000741,False,,2.5,,Automated,Vehicle Loan,standard_payment,False,loan_payment_generator,False,
TXNL202100001371,ACC0008937,IND19008259,LN2019060000750,,18,2021-01-02,03:35:38,3722.29,Debit,Completed,,Loan Payment - LN2019060000750,False,,2.5,,Automated,Home Loan,standard_payment,False,loan_payment_generator,False,
TXNL202100001372,ACC0009716,IND19014329,LN2019060000773,LDO20210000769,19,2021-01-26,04:24:05,1432.97,Debit,Completed,,Loan Payment - LN2019060000773,False,,1.81,,Automated,Home Loan,standard_payment,False,loan_payment_generator,True,amount_rounding_error
TXNL202100001373,ACC0009087,IND19005120,LN2019060000776,,19,2021-01-23,03:58:54,494.56,Debit,Completed,,Loan Payment - LN2019060000776,False,,2.5,,Automated,Home Loan,standard_payment,False,loan_payment_generator,False,
TXNL202100001374,ACC0009084,IND19007080,LN2019060000778,LDO20210000770,19,2021-01-20,03:02:04,3083.02,Debit,Completed,,Loan Payment - LN2019060000778,False,,0.95,,Automated,Home Loan,standard_payment,False,loan_payment_generator,False,
TXNL202100001375,ACC0009839,IND19002691,LN2019060000784,LDO20210000771,19,2021-01-28,02:41:47,1248.77,Debit,Completed,,Loan Payment - LN2019060000784,False,,1.96,,Automated,Vehicle Loan,standard_payment,False,loan_payment_generator,True,amount_rounding_error
TXNL202100001376,ACC0008410,IND19004332,LN2019060000793,LDO20210000772,19,2021-01-14,04:27:59,1554.18,Debit,Completed,,Loan Payment - LN2019060000793,False,,1.04,,Automated,Home Loan,standard_payment,False,loan_payment_generator,False,
TXNL202100001377,ACC0009748,IND19007544,LN2019060000799,LDO20210000773,18,2021-01-04,02:23:20,603.12,Debit,Completed,,Loan Payment - LN2019060000799,False,,0.01,,Automated,Home Loan,standard_payment,False,loan_payment_generator,False,
TXNL202100001378,ACC0008969,IND19008111,LN2019060000805,LDO20210000774,19,2021-01-09,04:53:17,2578.88,Debit,Completed,,Loan Payment - LN2019060000805,False,,1.59,,Automated,Personal Loan,standard_payment,False,loan_payment_generator,False,
TXNL202100001379,ACC0008793,IND19008017,LN2019060000806,,19,2021-01-28,03:10:21,225.01,Debit,Completed,,Loan Payment - LN2019060000806,False,,2.5,,Automated,Home Loan,standard_payment,False,loan_payment_generator,False,
TXNL202100001380,ACC0009343,IND19012867,LN2019060000810,LDO20210000775,18,2021-01-04,03:43:30,329.45,Debit,Completed,,Loan Payment - LN2019060000810,False,,0.48,,Automated,Home Loan,standard_payment,False,loan_payment_generator,False,
TXNL202100001381,ACC0009757,IND19000312,LN2019060000827,LDO20210000776,19,2021-01-28,02:23:56,2630.46,Debit,Completed,,Loan Payment - LN2019060000827,False,,0.67,,Automated,Home Loan,standard_payment,False,loan_payment_generator,False,
TXNL202100001382,ACC0009142,IND19017297,LN2019060000831,,19,2021-01-25,03:17:05,731.48,Debit,Completed,,Loan Payment - LN2019060000831,False,,2.5,,Online,Home Loan,standard_payment,False,loan_payment_generator,False,
TXNL202100001383,ACC0009400,IND19016913,LN2019060000836,,19,2021-01-14,05:05:20,904.43,Debit,Completed,,Loan Payment - LN2019060000836,False,,2.5,,Online,Vehicle Loan,standard_payment,False,loan_payment_generator,False,
TXNL202100001384,ACC0009855,COM19000246,LN2019060000845,,19,2021-01-10,03:17:22,5841.69,Debit,Completed,,Loan Payment - LN2019060000845,False,,2.5,,Automated,Business Loan,standard_payment,False,loan_payment_generator,False,
TXNL202100001385,ACC0008827,IND19010355,LN2019060000850,,19,2021-01-27,04:18:41,2027.13,Debit,Completed,,Loan Payment - LN2019060000850,False,,2.5,,Automated,Vehicle Loan,standard_payment,False,loan_payment_generator,False,
TXNL202100001386,ACC0009731,IND19002518,LN2019060000860,,19,2021-01-21,03:57:47,6046.17,Debit,Completed,,Loan Payment - LN2019060000860,False,,2.5,,Automated,Personal Loan,standard_payment,False,loan_payment_generator,False,
TXNL202100001387,ACC0009601,IND19003617,LN2019060000862,,19,2021-01-25,01:13:59,1560.14,Debit,Completed,,Loan Payment - LN2019060000862,False,,2.5,,Online,Home Loan,standard_payment,False,loan_payment_generator,False,
TXNL202100001388,ACC0009371,IND19015806,LN2019060000863,LDO20210000777,19,2021-01-22,04:50:56,6260.75,Debit,Completed,,Loan Payment - LN2019060000863,False,,1.51,,Automated,Personal Loan,standard_payment,False,loan_payment_generator,False,
TXNL202100001389,ACC0008958,IND19004520,LN2019060000864,,19,2021-01-25,03:19:28,1349.41,Debit,Completed,,Loan Payment - LN2019060000864,False,,2.5,,Automated,Vehicle Loan,standard_payment,False,loan_payment_generator,False,
TXNL202100001390,ACC0008976,IND19003578,LN2019060000868,,19,2021-01-14,04:32:02,2626.48,Debit,Completed,,Loan Payment - LN2019060000868,False,,2.5,,Automated,Home Loan,standard_payment,False,loan_payment_generator,False,
TXNL202100001391,ACC0008803,IND19010499,LN2019060000873,,19,2021-01-27,03:19:54,1999.29,Debit,Completed,,Loan Payment - LN2019060000873,False,,2.5,,Automated,Vehicle Loan,standard_payment,False,loan_payment_generator,False,
TXNL202100001392,ACC0008593,IND19001836,LN2019060000878,LDO20210000778,18,2021-01-04,03:51:03,4707.32,Debit,Completed,,Loan Payment - LN2019060000878,False,,1.7,,Automated,Personal Loan,standard_payment,False,loan_payment_generator,False,
TXNL202100001393,ACC0008511,IND19018038,LN2019060000879,LDO20210000779,18,2021-01-06,04:05:23,3268.63,Debit,Completed,,Loan Payment - LN2019060000879,False,,1.45,,Automated,Personal Loan,standard_payment,False,loan_payment_generator,False,
TXNL202100001394,ACC0009408,IND19015381,LN2019060000881,LDO20210000780,19,2021-01-13,02:26:02,332.74,Debit,Completed,,Loan Payment - LN2019060000881,False,,0.5,,Automated,Home Loan,standard_payment,False,loan_payment_generator,False,
TXNL202100001395,ACC0009211,IND19016817,LN2019060000883,LDO20210000781,19,2021-01-18,03:51:29,590.32,Debit,Completed,,Loan Payment - LN2019060000883 - Recovery,False,,0.9,,Automated,Home Loan,recovery_payment,True,loan_payment_generator,False,
TXNL202100001396,ACC0009623,IND19009069,LN2019060000900,LDO20210000782,19,2021-01-08,02:12:31,2821.57,Debit,Completed,,Loan Payment - LN2019060000900,False,,2.0,,Automated,Home Loan,standard_payment,False,loan_payment_generator,False,
TXNL202100001397,ACC0009328,IND19010758,LN2019060000904,,19,2021-01-15,02:13:22,1795.88,Debit,Completed,,Loan Payment - LN2019060000904,False,,2.5,,Automated,Vehicle Loan,standard_payment,False,loan_payment_generator,False,
TXNL202100001398,ACC0009027,IND19009484,LN2019060000906,LDO20210000783,19,2021-01-21,03:11:22,2084.79,Debit,Completed,,Loan Payment - LN2019060000906,False,,0.12,,Automated,Home Loan,standard_payment,False,loan_payment_generator,False,
TXNL202100001399,ACC0009850,COM19000321,LN2019060000917,LDO20210000784,19,2021-01-20,03:25:23,3551.57,Debit,Completed,,Loan Payment - LN2019060000917,False,,0.18,,Automated,Business Loan,standard_payment,False,loan_payment_generator,False,
TXNL202100001400,ACC0009713,IND19010198,LN2019060000918,,19,2021-01-23,03:59:27,476.28,Debit,Completed,,Loan Payment - LN20190600...,False,,2.5,,Automated,Home Loan,standard_payment,False,loan_payment_generator,True,truncated_description
TXNL202100001401,ACC0008572,IND19014873,LN2019060000920,LDO20210000785,19,2021-01-13,02:00:33,1475.63,Debit,Failed,account_blocked,Loan Payment - LN2019060000920 - Recovery,False,,0.27,,Automated,Personal Loan,recovery_payment,True,loan_payment_generator,False,
TXNL202100001402,ACC0008776,IND19004547,LN2019060000929,,19,2021-01-08,04:30:23,5199.1,Debit,Completed,,Loan Payment - LN2019060000929,False,,2.5,,Automated,Vehicle Loan,standard_payment,False,loan_payment_generator,False,
TXNL202100001403,ACC0008821,IND19013443,LN2019060000935,,19,2021-01-27,02:55:57,2001.0,Debit,Completed,,Loan Payment - LN2019060000935,False,,2.5,,Automated,Home Loan,standard_payment,False,loan_payment_generator,False,
TXNL202100001404,ACC0009515,IND19012916,LN2019060000939,LDO20210000786,19,2021-01-25,04:28:22,2480.2,Debit,Completed,,Loan Payment - LN2019060000939,False,,0.69,,Automated,Home Loan,standard_payment,False,loan_payment_generator,False,
TXNL202100001405,ACC0009546,IND19007827,LN2019060000940,,18,2021-01-04,03:18:48,2386.08,Debit,Completed,,Loan Payment - LN2019060000940,False,,2.5,,Mobile,Vehicle Loan,standard_payment,False,loan_payment_generator,False,
TXNL202100001406,ACC0009512,IND19008009,LN2019060000941,,18,2021-01-04,03:14:41,1795.28,Debit,Completed,,Loan Payment - LN2019060000941 - Late Fee,False,,2.5,,Automated,Vehicle Loan,late_payment,False,loan_payment_generator,False,
TXNL202100001407,ACC0009481,IND19002659,LN2019060000955,LDO20210000787,19,2021-01-14,02:39:39,885.78,Debit,Completed,,Loan Payment - LN2019060000955,False,,1.56,,Automated,Home Loan,standard_payment,False,loan_payment_generator,False,
TXNL202100001408,ACC0008936,IND19008259,LN2019060000959,LDO20210000788,19,2021-01-30,04:24:13,5904.42,Debit,Failed,bank_timeout,Loan Payment - LN2019060000959,False,,0.08,,Automated,Home Loan,standard_payment,False,loan_payment_generator,False,
TXNL202100001409,ACC0008817,IND19014131,LN2019060000961,,19,2021-01-17,04:15:23,2254.28,Debit,Completed,,Loan Payment - LN2019060000961,False,,2.5,,Automated,Vehicle Loan,standard_payment,False,loan_payment_generator,False,
TXNL202100001410,ACC0008542,IND19011467,LN2019060000973,,19,2021-01-24,04:26:10,2310.16,Debit,Completed,,Loan Payment - LN2019060000973 - Late Fee,False,,2.5,,Automated,Personal Loan,late_payment,False,loan_payment_generator,False,
TXNL202100001411,ACC0009684,IND19018010,LN2019060000975,LDO20210000789,19,2021-01-25,04:11:27,2275.2,Debit,Completed,,Loan Payment - LN2019060000975,False,,0.92,,Automated,Home Loan,standard_payment,False,loan_payment_generator,False,
TXNL202100001412,ACC0009110,IND19004574,LN2019060000996,,18,2021-01-09,06:22:42,3395.58,Debit,Completed,,Loan Payment - LN2019060000996,False,,2.5,,Automated,Home Loan,standard_payment,False,loan_payment_generator,True,timestamp_shift
TXNL202100001413,ACC0008991,IND19011653,LN2019060000999,LDO20210000790,19,2021-01-16,04:56:58,548.58,Debit,Completed,,Loan Payment - LN2019060000999,False,,0.28,,Automated,Vehicle Loan,standard_payment,False,loan_payment_generator,False,
TXNL202100001414,ACC0008990,IND19004746,LN2019060001000,,19,2021-01-16,04:56:11,1820.95,Debit,Completed,,Loan Payment - LN2019060001000 - Late Fee,False,,2.5,,Automated,Home Loan,late_payment,False,loan_payment_generator,False,
TXNL202100001415,ACC0008714,IND19014922,LN2019060001008,LDO20210000791,19,2021-01-14,04:43:26,3980.04,Debit,Completed,,Loan Payment - LN2019060001008 - Extra Principal,False,,1.56,,Automated,Personal Loan,extra_payment,False,loan_payment_generator,False,
TXNL202100001416,ACC0009058,IND19014396,LN2019060001012,LDO20210000792,19,2021-01-17,03:08:12,958.28,Debit,Completed,,Loan Payment - LN2019060001012,False,,0.16,,Automated,Home Loan,standard_payment,False,loan_payment_generator,False,
TXNL202100001417,ACC0009148,IND19017284,LN2019060001015,LDO20210000793,18,2021-01-04,03:05:20,2694.96,Debit,Completed,,Loan Payment - LN2019060001015,False,,0.05,,Automated,Vehicle Loan,standard_payment,False,loan_payment_generator,False,
TXNL202100001418,ACC0009847,COM19000235,LN2019060001036,,19,2021-01-10,04:45:33,12573.7,Debit,Completed,,Loan Payment - LN2019060001036,False,,2.5,,Automated,Business Loan,standard_payment,False,loan_payment_generator,False,
TXNL202100001419,ACC0008656,IND19004261,LN2019060001037,LDO20210000794,19,2021-01-10,04:56:19,17568.64,Debit,Completed,,Loan Payment - LN2019060001037,False,,0.33,,Automated,Personal Loan,standard_payment,False,loan_payment_generator,False,
TXNL202100001420,ACC0009665,IND19011286,LN2019060001040,,19,2021-01-27,07:19:31,2212.01,Debit,Completed,,Loan Payment - LN2019060001040,False,,2.5,,Online,Vehicle Loan,standard_payment,False,loan_payment_generator,False,
TXNL202100001421,ACC0009042,IND19002747,LN2019060001043,,19,2021-01-11,05:00:40,2575.31,Debit,Completed,,Loan Payment - LN2019060001043,False,,2.5,,Online,Home Loan,standard_payment,False,loan_payment_generator,False,
TXNL202100001422,ACC0008636,IND19005072,LN2019060001046,,19,2021-01-29,06:24:11,2783.47,Debit,Completed,,Loan Payment - LN2019060001046,False,,2.5,,Online,Vehicle Loan,standard_payment,False,loan_payment_generator,False,
TXNL202100001423,ACC0008710,IND19012960,LN2019060001049,LDO20210000795,19,2021-01-30,03:03:09,201.67,Debit,Completed,,Loan Payment - LN2019060001049,False,,0.85,,Automated,Home Loan,standard_payment,False,loan_payment_generator,False,
TXNL202100001424,ACC0009444,IND19013712,LN2019060001063,LDO20210000796,19,2021-01-16,02:14:44,2046.23,Debit,Completed,,Loan Payment - LN2019060001063,False,,0.17,,Automated,Vehicle Loan,standard_payment,False,loan_payment_generator,False,
TXNL202100001425,ACC0008503,IND19002989,LN2019060001085,LDO20210000797,18,2021-01-02,04:59:40,671.4,Debit,Completed,,Loan Payment - LN2019060001085,False,,0.66,,Automated,Home Loan,standard_payment,False,loan_payment_generator,False,
TXNL202100001426,ACC0009066,IND19001825,LN2019060001088,,19,2021-01-26,04:26:18,3381.1,Debit,Completed,,Loan Payment - LN2019060001088,False,,2.5,,Automated,Home Loan,standard_payment,False,loan_payment_generator,False,
TXNL202100001427,ACC0009499,IND19001400,LN2019060001093,LDO20210000798,18,2021-01-05,02:12:34,1144.77,Debit,Completed,,Loan Payment - LN2019060001093 - Late Fee,False,,0.97,,Automated,Vehicle Loan,late_payment,False,loan_payment_generator,False,
TXNL202100001428,ACC0008770,IND19013077,LN2019060001097,,19,2021-01-17,02:24:06,366.99,Debit,Completed,,Loan Payment - LN2019060001097,False,,2.5,,Automated,Vehicle Loan,standard_payment,False,loan_payment_generator,False,
TXNL202100001429,ACC0009065,IND19001825,LN2019060001105,LDO20210000799,19,2021-01-18,03:05:46,2504.99,Debit,Completed,,Loan Payment - LN2019060001105,False,,1.29,,Automated,Personal Loan,standard_payment,False,loan_payment_generator,False,
TXNL202100001430,ACC0009830,IND19007707,LN2019060001116,LDO20210000800,18,2021-01-05,02:23:49,9173.23,Debit,Completed,,Loan Payment - LN2019060001116,False,,0.65,,Automated,Personal Loan,standard_payment,False,loan_payment_generator,False,
TXNL202100001431,ACC0009584,IND19015163,LN2019060001121,LDO20210000801,19,2021-01-19,02:39:43,1376.88,Debit,Completed,,Loan Payment - LN2019060001121,False,,0.26,,Automated,Personal Loan,standard_payment,False,loan_payment_generator,False,
TXNL202100001432,ACC0009699,IND19000761,LN2019060001124,LDO20210000802,19,2021-01-10,04:16:03,17384.13,Debit,Completed,,Loan Payment - LN2019060001124,False,,0.94,,Automated,Personal Loan,standard_payment,False,loan_payment_generator,False,
TXNL202100001433,ACC0008721,IND19007514,LN2019060001129,LDO20210000803,19,2021-01-25,04:42:28,2031.49,Debit,Completed,,Loan Payment - LN2019060001129 - Late Fee,False,,1.74,,Automated,Vehicle Loan,late_payment,False,loan_payment_generator,False,
TXNL202100001434,ACC0009108,IND19015050,LN2019060001130,LDO20210000804,19,2021-01-20,02:46:19,1692.21,Debit,Completed,,Loan Payment - LN2019060001130,False,,1.8,,Automated,Personal Loan,standard_payment,False,loan_payment_generator,False,
TXNL202100001435,ACC0009351,IND19013891,LN2019060001139,LDO20210000805,19,2021-01-16,03:01:38,1938.77,Debit,Completed,,Loan Payment - LN2019060001139,False,,0.09,,Automated,Vehicle Loan,standard_payment,False,loan_payment_generator,False,
TXNL202100001436,ACC0009477,IND19005919,LN2019060001150,LDO20210000806,19,2021-01-25,02:05:22,3568.69,Debit,Completed,,Loan Payment - LN2019060001150,False,,0.14,,Automated,Vehicle Loan,standard_payment,False,loan_payment_generator,False,
TXNL202100001437,ACC0008558,IND19015819,LN2019060001166,LDO20210000807,19,2021-01-10,03:36:59,7588.29,Debit,Completed,,Loan Payment - LN2019060001166,False,,1.77,,Automated,Vehicle Loan,standard_payment,False,loan_payment_generator,False,
TXNL202100001438,ACC0009260,IND19000979,LN2019060001169,,19,2021-01-30,03:24:53,17578.52,Debit,Completed,,Loan Payment - LN2019060001169,False,,2.5,,Automated,Personal Loan,standard_payment,False,loan_payment_generator,False,
TXNL202100001439,ACC0008773,IND19008498,LN2019060001173,,19,2021-01-22,02:53:21,655.59,Debit,Completed,,Loan Payment - LN2019060001173,False,,2.5,,Automated,Home Loan,standard_payment,False,loan_payment_generator,False,
TXNL202100001440,ACC0009254,IND19001905,LN2019060001193,,19,2021-01-11,02:30:19,2315.42,Debit,Completed,,Loan Payment - LN2019060001193,False,,2.5,,Automated,Personal Loan,standard_payment,False,loan_payment_generator,False,
TXNL202100001441,ACC0008431,IND19003397,LN2019060001196,LDO20210000808,19,2021-01-15,02:42:21,1157.7,Debit,Completed,,Loan Payment - LN2019060001196,False,,1.17,,Automated,Personal Loan,standard_payment,False,loan_payment_generator,False,
TXNL202100001442,ACC0009595,IND19008595,LN2019060001202,,19,2021-01-24,03:45:07,3943.48,Debit,Completed,,Loan Payment - LN2019060001202,False,,2.5,,Automated,Vehicle Loan,standard_payment,False,loan_payment_generator,False,
TXNL202100001443,ACC0008421,IND19002733,LN2019060001210,LDO20210000810,19,2021-01-26,03:08:01,5576.2,Debit,Completed,,Loan Payment - LN2019060001210,False,,0.59,,Automated,Vehicle Loan,standard_payment,False,loan_payment_generator,False,
TXNL202100001444,ACC0008839,IND19014890,LN2019060001215,LDO20210000811,19,2021-01-21,03:57:20,1922.35,Debit,Failed,bank_timeout,Loan Payment - LN2019060001215,False,,1.84,,Automated,Personal Loan,standard_payment,False,loan_payment_generator,False,
TXNL202100001445,ACC0009800,IND19011990,LN2019060001222,LDO20210000812,19,2021-01-29,02:20:17,5970.66,Debit,Completed,,Loan Payment - LN2019060001222 - Partial,False,,0.85,,Automated,Personal Loan,partial_payment,False,loan_payment_generator,False,
TXNL202100001446,ACC0009389,IND19017085,LN2019060001243,LDO20210000813,18,2021-01-04,04:35:58,3133.86,Debit,Failed,mandate_limit,Loan Payment - LN2019060001243,False,,1.25,,Automated,Home Loan,standard_payment,False,loan_payment_generator,False,
TXNL202100001447,ACC0009578,IND19014351,LN2019060001251,,19,2021-01-29,03:36:40,613.23,Debit,Completed,,Loan Payment - LN2019060001251,False,,2.5,,Automated,Personal Loan,standard_payment,False,loan_payment_generator,False,
TXNL202100001448,ACC0009350,IND19017205,LN2019060001253,LDO20210000814,18,2021-01-03,04:19:47,4418.14,Debit,Completed,,Loan Payment - LN2019060001253,False,,1.4,,Automated,Home Loan,standard_payment,False,loan_payment_generator,False,
TXNL202100001449,ACC0009120,IND19001492,LN2019060001254,LDO20210000815,19,2021-01-13,02:40:48,4253.69,Debit,Completed,,Loan Payment - LN2019060001254,False,,1.79,,Automated,Vehicle Loan,standard_payment,False,loan_payment_generator,False,
TXNL202100001450,ACC0008429,IND19011989,LN2019060001256,,18,2021-01-02,04:31:26,1714.08,Debit,Completed,,Loan Payment - LN2019060001256,False,,2.5,,Automated,Home Loan,standard_payment,False,loan_payment_generator,False,
TXNL202100001451,ACC0009013,IND19005800,LN2019060001258,,18,2021-01-03,04:58:52,589.52,Debit,Completed,,Loan Payment - LN2019060001258 - Partial,False,,2.5,,Automated,Home Loan,partial_payment,False,loan_payment_generator,False,
TXNL202100001452,ACC0008848,IND19016618,LN2019060001261,,18,2021-01-05,02:26:27,7505.93,Debit,Cancelled,customer_stop_instruction,Loan Payment - LN2019060001261,False,,2.5,,Automated,Home Loan,standard_payment,False,loan_payment_generator,False,
TXNL202100001453,ACC0009793,IND19005101,LN2019060001265,LDO20210000816,19,2021-01-19,03:26:17,1373.34,Debit,Completed,,Loan Payment - LN2019060001265,False,,1.58,,Automated,Personal Loan,standard_payment,False,loan_payment_generator,False,
TXNL202100001454,ACC0008509,IND19006891,LN2019060001271,LDO20210000817,18,2021-01-05,03:40:26,762.61,Debit,Completed,,Loan Payment - LN2019060001271,False,,0.39,,Automated,Home Loan,standard_payment,False,loan_payment_generator,False,
TXNL202100001455,ACC0009750,IND19011527,LN2019060001272,,18,2021-01-04,02:44:53,5798.11,Debit,Completed,,Loan Payment - LN2019060001272,False,,2.5,,Automated,Personal Loan,standard_payment,False,loan_payment_generator,False,
TXNL202100001456,ACC0009588,IND19005992,LN2019060001275,LDO20210000818,19,2021-01-11,04:18:16,1719.42,Debit,Failed,mandate_limit,Loan Payment - LN2019060001275,False,,1.76,,Automated,Home Loan,standard_payment,False,loan_payment_generator,False,
TXNL202100001457,ACC0009435,IND19009724,LN2019060001288,,18,2021-01-05,04:11:03,1290.41,Debit,Completed,,Loan Payment - LN2019060001288,False,,2.5,,Automated,Home Loan,standard_payment,False,loan_payment_generator,False,
TXNL202100001458,ACC0009784,IND19004593,LN2019060001289,LDO20210000819,19,2021-01-18,02:01:05,895.53,Debit,Completed,,Loan Payment - LN2019060001289,False,,1.19,,Automated,Home Loan,standard_payment,False,loan_payment_generator,False,
TXNL202100001459,ACC0008847,IND19016618,LN2019060001293,LDO20210000820,18,2021-01-06,03:10:29,3987.72,Debit,Completed,,Loan Payment - LN2019060001293,False,,0.34,,Automated,Home Loan,standard_payment,False,loan_payment_generator,False,
TXNL202100001460,ACC0008539,IND19011613,LN2019060001297,LDO20210000822,19,2021-01-17,03:16:22,199.96,Debit,Completed,,Loan Payment - LN2019060001297,False,,1.75,,Automated,Home Loan,standard_payment,False,loan_payment_generator,False,
TXNL202100001461,ACC0008517,IND19011991,LN2019060001300,LDO20210000823,19,2021-01-14,04:36:39,5184.46,Debit,Completed,,Loan Payment - LN2019060001300,False,,1.31,,Automated,Home Loan,standard_payment,False,loan_payment_generator,False,
TXNL202100001462,ACC0008633,IND19012853,LN2019060001311,LDO20210000824,19,2021-01-25,04:30:36,1454.15,Debit,Completed,,Loan Payment - LN2019060001311,False,,0.8,,Automated,Home Loan,standard_payment,False,loan_payment_generator,False,
TXNL202100001463,ACC0008777,IND19004547,LN2019060001319,LDO20210000825,19,2021-01-28,03:33:49,3298.26,Debit,Completed,,Loan Payment - LN2019060001319,False,,0.1,,Automated,Vehicle Loan,standard_payment,False,loan_payment_generator,False,
TXNL202100001464,ACC0008591,IND19004250,LN2019060001324,LDO20210000826,19,2021-01-20,04:07:46,3066.19,Debit,Completed,,Loan Payment - LN2019060001324,False,,1.47,,Automated,Home Loan,standard_payment,False,loan_payment_generator,False,
TXNL202100001465,ACC0009323,IND19000379,LN2019060001333,,19,2021-01-28,03:07:19,2753.04,Debit,Completed,,Loan Payment - LN2019060001333,False,,2.5,,Automated,Personal Loan,standard_payment,False,loan_payment_generator,False,
TXNL202100001466,ACC0008801,IND19011682,LN2019060001340,LDO20210000827,19,2021-01-23,02:20:27,7025.73,Debit,Cancelled,customer_stop_instruction,Loan Payment - LN2019060001340,False,,0.63,,Automated,Personal Loan,standard_payment,False,loan_payment_generator,False,
TXNL202100001467,ACC0009005,IND19016600,LN2019060001346,LDO20210000828,19,2021-01-26,02:25:36,920.24,Debit,Completed,,Loan Payment - LN2019060001346,False,,0.57,,Automated,Personal Loan,standard_payment,False,loan_payment_generator,False,
TXNL202100001468,ACC0008364,IND19001972,LN2019060001350,,19,2021-01-20,03:37:03,378.02,Debit,Completed,,Loan Payment - LN2019060001350,False,,2.5,,Mobile,Home Loan,standard_payment,False,loan_payment_generator,False,
TXNL202100001469,ACC0009537,IND19000621,LN2019060001354,LDO20210000829,19,2021-01-27,03:03:14,2460.46,Debit,Cancelled,customer_stop_instruction,Loan Payment - LN2019060001354,False,,0.79,,Automated,Vehicle Loan,standard_payment,False,loan_payment_generator,False,
TXNL202100001470,ACC0009864,COM19000031,LN2019060001355,LDO20210000830,18,2021-01-05,04:59:01,34385.63,Debit,Completed,,Loan Payment - LN2019060001355,False,,1.61,,Automated,Business Loan,standard_payment,False,loan_payment_generator,False,
TXNL202100001471,ACC0009876,COM19000179,LN2019060001358,LDO20210000831,19,2021-01-13,02:37:41,7678.55,Debit,Completed,,Loan Payment - LN2019060001358,False,,0.7,,Automated,Business Loan,standard_payment,False,loan_payment_generator,False,
TXNL202100001472,ACC0008363,IND19001972,LN2019060001360,LDO20210000832,19,2021-01-08,02:07:34,2349.9,Debit,Completed,,Loan Payment - LN2019060001360,False,,1.95,,Automated,Home Loan,standard_payment,False,loan_payment_generator,False,
TXNL202100001473,ACC0009765,IND19008546,LN2019060001366,LDO20210000833,18,2021-01-03,02:01:06,1144.62,Debit,Completed,,Loan Payment - LN2019060001366,False,,1.66,,Automated,Vehicle Loan,standard_payment,False,loan_payment_generator,False,
TXNL202100001474,ACC0008582,IND19004596,LN2019060001367,,19,2021-01-11,06:46:58,1667.52,Debit,Completed,,Loan Payment - LN2019060001367,False,,2.5,,Online,Home Loan,standard_payment,False,loan_payment_generator,False,
TXNL202100001475,ACC0008970,IND19006621,LN2019060001371,LDO20210000834,19,2021-01-09,04:51:45,833.72,Debit,Completed,,Loan Payment - LN2019060001371,False,,0.09,,Automated,Home Loan,standard_payment,False,loan_payment_generator,False,
TXNL202100001476,ACC0008677,IND19008421,LN2019060001372,LDO20210000835,19,2021-01-24,03:00:42,1099.02,Debit,Completed,,Loan Payment - LN2019060001372,False,,1.4,,Automated,Home Loan,standard_payment,False,loan_payment_generator,False,
TXNL202100001477,ACC0008927,IND19017680,LN2019060001381,,19,2021-01-09,03:31:01,1146.57,Debit,Completed,,Loan Payment - LN2019060001381,False,,2.5,,Automated,Home Loan,standard_payment,False,loan_payment_generator,False,
TXNL202100001478,ACC0009482,IND19001690,LN2019060001390,,19,2021-01-10,02:21:24,2150.6,Debit,Completed,,Loan Payment - LN2019060001390 - Extra Principal,False,,2.5,,Automated,Vehicle Loan,extra_payment,False,loan_payment_generator,False,
TXNL202100001479,ACC0009835,IND19003483,LN2019060001391,LDO20210000836,19,2021-01-26,02:32:49,2311.75,Debit,Completed,,Loan Payment - LN2019060001391,False,,1.96,,Automated,Home Loan,standard_payment,False,loan_payment_generator,False,
TXNL202100001480,ACC0008624,IND19014911,LN2019060001394,,18,2021-01-03,03:16:52,4255.51,Debit,Completed,,Loan Payment - LN2019060001394,False,,2.5,,Automated,Vehicle Loan,standard_payment,False,loan_payment_generator,False,
TXNL202100001481,ACC0009391,IND19010476,LN2019060001395,,19,2021-01-18,02:29:49,2167.07,Debit,Completed,,Loan Payment - LN2019060001395,False,,2.5,,Automated,Vehicle Loan,standard_payment,False,loan_payment_generator,False,
TXNL202100001482,ACC0009768,IND19015618,LN2019060001398,LDO20210000837,19,2021-01-17,04:38:29,2302.97,Debit,Completed,,Loan Payment - LN2019060001398,False,,0.94,,Automated,Vehicle Loan,standard_payment,False,loan_payment_generator,False,
TXNL202100001483,ACC0009780,IND19017567,LN2019060001410,LDO20210000838,19,2021-01-13,02:50:17,1098.68,Debit,Failed,account_blocked,Loan Payment - LN2019060001410,False,,1.88,,Automated,Personal Loan,standard_payment,False,loan_payment_generator,False,
TXNL202100001484,ACC0009669,IND19008837,LN2019060001411,,19,2021-01-25,01:21:05,1040.19,Debit,Completed,,Loan Payment - LN2019060001411,False,,2.5,,Mobile,Personal Loan,standard_payment,False,loan_payment_generator,False,
TXNL202100001485,ACC0008449,IND19013817,LN2019060001415,,19,2021-01-08,04:13:13,2647.0,Debit,Completed,,Loan Payment - LN2019060001415,False,,2.5,,Automated,Vehicle Loan,standard_payment,False,loan_payment_generator,False,
TXNL202100001486,ACC0009879,COM19000006,LN2019060001419,,19,2021-01-22,04:06:29,2299.96,Debit,Completed,,Loan Payment - LN2019060001419,False,,2.5,,Automated,Business Loan,standard_payment,False,loan_payment_generator,False,
TXNL202100001487,ACC0008785,IND19001088,LN2019060001423,LDO20210000839,19,2021-01-28,03:31:52,3799.02,Debit,Completed,,Loan Payment - LN2019060001423,False,,1.79,,Automated,Personal Loan,standard_payment,False,loan_payment_generator,False,
TXNL202100001488,ACC0008765,IND19008734,LN2019060001424,LDO20210000840,19,2021-01-13,02:29:26,1009.25,Debit,Failed,bank_timeout,Loan Payment - LN2019060001424,False,,0.36,,Automated,Vehicle Loan,standard_payment,False,loan_payment_generator,False,
TXNL202100001489,ACC0009063,IND19004975,LN2019060001425,,19,2021-01-18,04:48:35,1509.18,Debit,Completed,,Loan Payment - LN2019060001425,False,,2.5,,Automated,Home Loan,standard_payment,False,loan_payment_generator,False,
TXNL202100001490,ACC0009052,IND19009382,LN2019060001426,LDO20210000841,19,2021-01-22,02:57:37,1872.56,Debit,Completed,,Loan Payment - LN2019060001426,False,,1.42,,Automated,Personal Loan,standard_payment,False,loan_payment_generator,False,
TXNL202100001491,ACC0008695,IND19002789,LN2019060001430,,18,2021-01-01,04:58:27,1801.01,Debit,Failed,mandate_limit,Loan Payment - LN2019060001430,False,,2.5,,Automated,Personal Loan,standard_payment,False,loan_payment_generator,False,
TXNL202100001492,ACC0009157,IND19010093,LN2019060001436,LDO20210000842,18,2021-01-04,03:33:57,2225.52,Debit,Completed,,Loan Payment - LN2019060001436,False,,1.12,,Automated,Personal Loan,standard_payment,False,loan_payment_generator,False,
TXNL202100001493,ACC0009693,IND19006845,LN2019060001437,LDO20210000843,19,2021-01-18,04:18:35,867.45,Debit,Completed,,Loan Payment - LN2019060001437 - Recovery,False,,0.81,,Automated,Home Loan,recovery_payment,True,loan_payment_generator,True,amount_rounding_error
TXNL202100001494,ACC0008946,IND19005810,LN2019060001444,LDO20210000844,19,2021-01-27,02:29:16,1048.99,Debit,Completed,,Loan Payment - LN2019060001444,False,,1.1,,Automated,Personal Loan,standard_payment,False,loan_payment_generator,False,
TXNL202100001495,ACC0009564,IND19012500,LN2019060001455,LDO20210000845,19,2021-01-16,02:56:30,953.18,Debit,Completed,,Loan Payment - LN2019060001455,False,,1.85,,Automated,Vehicle Loan,standard_payment,False,loan_payment_generator,False,
TXNL202100001496,ACC0008713,IND19006436,LN2019060001456,,18,2021-01-05,03:08:35,1958.38,Debit,Completed,,Loan Payment - LN2019060001456,False,,2.5,,Automated,Home Loan,standard_payment,False,loan_payment_generator,False,
TXNL202100001497,ACC0010154,IND19001032,LN2019070000001,LDO20210000846,17,2021-01-06,03:04:34,8720.33,Debit,Completed,,Loan Payment - LN2019070000001,False,,0.91,,Automated,Personal Loan,standard_payment,False,loan_payment_generator,False,
TXNL202100001498,ACC0010306,IND19001943,LN2019070000006,,18,2021-01-17,02:34:32,4744.45,Debit,Completed,,Loan Payment - LN2019070000006,False,,2.5,,Automated,Personal Loan,standard_payment,False,loan_payment_generator,False,
TXNL202100001499,ACC0011256,IND19009318,LN2019070000014,,17,2021-01-01,03:25:24,1122.6,Debit,Completed,,Loan Payment - LN2019070000014,False,,2.5,,Automated,Home Loan,standard_payment,False,loan_payment_generator,False,
TXNL202100001500,ACC0011282,COM19000216,LN2019070000017,LDO20210000847,18,2021-01-27,04:30:02,6732.44,Debit,Completed,,Loan Payment - LN2019070000017,False,,1.63,,Automated,Business Loan,standard_payment,False,loan_payment_generator,False,
TXNL202100001501,ACC0010031,IND19005333,LN2019070000018,LDO20210000848,18,2021-01-20,03:21:30,2264.07,Debit,Completed,,Loan Payment - LN2019070000018,False,,1.2,,Automated,Home Loan,standard_payment,False,loan_payment_generator,False,
TXNL202100001502,ACC0010436,IND19011436,LN2019070000020,,17,2021-01-01,02:12:08,1075.23,Debit,Completed,,Loan Payment - LN2019070000020,False,,2.5,,Automated,Home Loan,standard_payment,False,loan_payment_generator,False,
TXNL202100001503,ACC0010358,IND19012978,LN2019070000022,,18,2021-01-11,04:03:31,2305.82,Debit,Completed,,Loan Payment - LN2019070000022,False,,2.5,,Automated,Home Loan,standard_payment,False,loan_payment_generator,False,
TXNL202100001504,ACC0010269,IND19007616,LN2019070000030,LDO20210000849,18,2021-01-16,04:32:33,1585.79,Debit,Completed,,Loan Payment - LN2019070000030,False,,1.51,,Automated,Home Loan,standard_payment,False,loan_payment_generator,False,
TXNL202100001505,ACC0011194,IND19005453,LN2019070000042,LDO20210000850,18,2021-01-22,03:59:04,1166.46,Debit,Completed,,Loan Payment - LN2019070000042 - Late Fee,False,,0.18,,Automated,Home Loan,late_payment,False,loan_payment_generator,False,
TXNL202100001506,ACC0010189,IND19001952,LN2019070000048,LDO20210000851,18,2021-01-27,04:38:57,2548.26,Debit,Completed,,Loan Payment - LN2019070000048,False,,0.55,,Automated,Vehicle Loan,standard_payment,False,loan_payment_generator,False,
TXNL202100001507,ACC0010720,IND19011255,LN2019070000052,LDO20210000852,18,2021-01-26,04:59:39,2608.22,Debit,Completed,,Loan Payment - LN2019070000052,False,,0.54,,Automated,Home Loan,standard_payment,False,loan_payment_generator,False,
TXNL202100001508,ACC0010698,IND19004302,LN2019070000056,LDO20210000853,18,2021-01-30,02:12:43,1969.95,Debit,Completed,,Loan Payment - LN2019070000056,False,,0.04,,Automated,Home Loan,standard_payment,False,loan_payment_generator,False,
TXNL202100001509,ACC0010922,IND19012101,LN2019070000058,,18,2021-01-22,03:58:11,14396.5,Debit,Completed,,Loan Payment - LN2019070000058,False,,2.5,,Automated,Personal Loan,standard_payment,False,loan_payment_generator,False,
TXNL202100001510,ACC0010859,IND19011750,LN2019070000063,LDO20210000854,18,2021-01-21,04:15:44,2767.01,Debit,Completed,,Loan Payment - LN2019070000063,False,,1.73,,Automated,Personal Loan,standard_payment,False,loan_payment_generator,False,
TXNL202100001511,ACC0009912,IND19015470,LN2019070000068,,18,2021-01-24,02:26:11,1533.12,Debit,Completed,,Loan Payment - LN2019070000068,False,,2.5,,Automated,Vehicle Loan,standard_payment,False,loan_payment_generator,False,
TXNL202100001512,ACC0010198,IND19004108,LN2019070000069,,17,2021-01-08,04:30:01,4788.8,Debit,Completed,,Loan Payment - LN2019070000069,False,,2.5,,Automated,Personal Loan,standard_payment,False,loan_payment_generator,False,
TXNL202100001513,ACC0010951,IND19014995,LN2019070000073,,18,2021-01-10,03:18:02,2312.5,Debit,Completed,,Loan Payment - LN2019070000073,False,,2.5,,Automated,Home Loan,standard_payment,False,loan_payment_generator,False,
TXNL202100001514,ACC0010067,IND19014341,LN2019070000077,,18,2021-01-31,04:08:15,2180.02,Debit,Completed,,Loan Payment - LN2019070000077,False,,2.5,,Automated,Home Loan,standard_payment,False,loan_payment_generator,False,
TXNL202100001515,ACC0010330,IND19011323,LN2019070000085,,18,2021-01-25,08:04:11,3481.21,Debit,Completed,,Loan Payment - LN2019070000085,False,,2.5,,Automated,Home Loan,standard_payment,False,loan_payment_generator,True,timestamp_shift
TXNL202100001516,ACC0011113,IND19013275,LN2019070000093,LDO20210000855,18,2021-01-20,02:01:11,2566.39,Debit,Failed,mandate_limit,Loan Payment - LN2019070000093,False,,1.9,,Automated,Home Loan,standard_payment,False,loan_payment_generator,False,
TXNL202100001517,ACC0010368,IND19006224,LN2019070000096,,17,2021-01-08,07:27:51,3116.98,Debit,Completed,,Loan Payment - LN2019070000096,True,,10.0,,Online,Home Loan,standard_payment,False,loan_payment_generator,False,
TXNL202100001518,ACC0011073,IND19006699,LN2019070000097,,18,2021-01-23,03:29:02,6388.78,Debit,Completed,,Loan Payment - LN2019070000097,False,,2.5,,Automated,Home Loan,standard_payment,False,loan_payment_generator,False,
TXNL202100001519,ACC0010211,IND19004468,LN2019070000101,,17,2021-01-08,03:18:43,1605.08,Debit,Completed,,Loan Payment - LN2019070000101 - Late Fee,False,,2.5,,Automated,Home Loan,late_payment,False,loan_payment_generator,False,
TXNL202100001520,ACC0010800,IND19004493,LN2019070000107,LDO20210000856,18,2021-01-20,02:29:34,2165.05,Debit,Completed,,Loan Payment - LN2019070000107,False,,1.72,,Automated,Vehicle Loan,standard_payment,False,loan_payment_generator,False,
TXNL202100001521,ACC0010571,IND19012333,LN2019070000108,LDO20210000857,18,2021-01-30,02:19:27,1284.49,Debit,Completed,,Loan Payment - LN2019070000108,False,,1.02,,Automated,Vehicle Loan,standard_payment,False,loan_payment_generator,False,
TXNL202100001522,ACC0010173,IND19001965,LN2019070000109,LDO20210000858,17,2021-01-02,02:02:30,1852.26,Debit,Completed,,Loan Payment - LN2019070000109,False,,0.3,,Automated,Personal Loan,standard_payment,False,loan_payment_generator,False,
TXNL202100001523,ACC0011233,IND19015868,LN2019070000128,LDO20210000859,18,2021-01-27,02:20:35,1929.98,Debit,Completed,,Loan Payment - LN2019070000128,False,,1.62,,Automated,Personal Loan,standard_payment,False,loan_payment_generator,False,
TXNL202100001524,ACC0010186,IND19003972,LN2019070000130,LDO20210000860,18,2021-01-08,04:21:47,3281.58,Debit,Completed,,Loan Payment - LN2019070000130,False,,0.67,,Automated,Vehicle Loan,standard_payment,False,loan_payment_generator,False,
TXNL202100001525,ACC0011036,IND19008491,LN2019070000135,,17,2021-01-02,04:08:03,1173.95,Debit,Completed,,Loan Payment - LN2019070000135,False,,2.5,,Automated,Personal Loan,standard_payment,False,loan_payment_generator,False,
TXNL202100001526,ACC0010601,IND19015607,LN2019070000140,,18,2021-01-13,04:22:09,2706.85,Debit,Completed,,Loan Payment - LN2019070000140,False,,2.5,,Automated,Vehicle Loan,standard_payment,False,loan_payment_generator,False,
TXNL202100001527,ACC0009957,IND19008489,LN2019070000144,LDO20210000861,18,2021-01-18,03:47:06,3464.44,Debit,Failed,account_blocked,Loan Payment - LN2019070000144,False,,0.33,,Automated,Home Loan,standard_payment,False,loan_payment_generator,False,
TXNL202100001528,ACC0010548,IND19016283,LN2019070000149,LDO20210000862,17,2021-01-02,04:15:59,1801.32,Debit,Completed,,Loan Payment - LN2019070000149,False,,0.16,,Automated,Vehicle Loan,standard_payment,False,loan_payment_generator,False,
TXNL202100001529,ACC0010320,IND19011114,LN2019070000150,LDO20210000863,18,2021-01-30,03:53:32,3016.18,Debit,Completed,,Loan Payment - LN2019070000150,False,,1.15,,Automated,Vehicle Loan,standard_payment,False,loan_payment_generator,False,
TXNL202100001530,ACC0011050,IND19012644,LN2019070000164,LDO20210000865,18,2021-01-29,02:43:56,14785.53,Debit,Completed,,Loan Payment - LN2019070000164,False,,1.9,,Automated,Personal Loan,standard_payment,False,loan_payment_generator,False,
TXNL202100001531,ACC0010906,IND19001776,LN2019070000165,,17,2021-01-03,03:54:43,1175.49,Debit,Completed,,Loan Payment - LN2019070000165,False,,2.5,,Automated,Home Loan,standard_payment,False,loan_payment_generator,False,
TXNL202100001532,ACC0010685,IND19015099,LN2019070000166,LDO20210000866,17,2021-01-05,03:21:17,3592.47,Debit,Completed,,Loan Payment - LN2019070000166,False,,0.03,,Automated,Vehicle Loan,standard_payment,False,loan_payment_generator,False,
TXNL202100001533,ACC0010261,IND19005180,LN2019070000167,LDO20210000867,18,2021-01-25,03:24:10,5479.03,Debit,Completed,,Loan Payment - LN2019070000167,False,,0.61,,Automated,Personal Loan,standard_payment,False,loan_payment_generator,False,
TXNL202100001534,ACC0010636,IND19009538,LN2019070000171,LDO20210000868,18,2021-01-16,02:24:07,2211.21,Debit,Completed,,Loan Payment - LN2019070000171,False,,1.04,,Automated,Home Loan,standard_payment,False,loan_payment_generator,False,
TXNL202100001535,ACC0010143,IND19005667,LN2019070000174,,17,2021-01-04,03:25:19,1608.76,Debit,Completed,,Loan Payment - LN2019070000174,False,,2.5,,Automated,Home Loan,standard_payment,False,loan_payment_generator,False,
TXNL202100001536,ACC0010904,IND19005848,LN2019070000181,LDO20210000869,18,2021-01-30,03:36:24,3224.02,Debit,Completed,,Loan Payment - LN2019070000181 - Extra Principal,False,,0.06,,Automated,Vehicle Loan,extra_payment,False,loan_payment_generator,False,
TXNL202100001537,ACC0011086,IND19010416,LN2019070000188,,18,2021-01-26,03:22:22,2619.92,Debit,Completed,,Loan Payment - LN2019070000188,False,,2.5,,Automated,Vehicle Loan,standard_payment,False,loan_payment_generator,False,
TXNL202100001538,ACC0010134,IND19007321,LN2019070000189,,18,2021-01-27,03:28:27,3214.85,Debit,Completed,,Loan Payment - LN2019070000189,False,,2.5,,Automated,Personal Loan,standard_payment,False,loan_payment_generator,False,
TXNL202100001539,ACC0010291,IND19007161,LN2019070000206,,18,2021-01-16,04:05:38,441.54,Debit,Completed,,Loan Payment - LN2019070000206,False,,2.5,,Automated,Home Loan,standard_payment,False,loan_payment_generator,False,
TXNL202100001540,ACC0010850,IND19010480,LN2019070000208,,18,2021-01-14,02:31:41,7959.86,Debit,Completed,,Loan Payment - LN2019070000208,False,,2.5,,Automated,Personal Loan,standard_payment,False,loan_payment_generator,False,
TXNL202100001541,ACC0011165,IND19012521,LN2019070000214,LDO20210000870,17,2021-01-08,02:18:20,5442.49,Debit,Completed,,Loan Payment - LN2019070000214,False,,1.83,,Automated,Personal Loan,standard_payment,False,loan_payment_generator,False,
TXNL202100001542,ACC0011235,IND19001576,LN2019070000215,,18,2021-01-11,02:40:20,2330.37,Debit,Completed,,Loan Payment - LN2019070000215,False,,2.5,,Automated,Home Loan,standard_payment,False,loan_payment_generator,False,
TXNL202100001543,ACC0011226,IND19010790,LN2019070000221,,18,2021-01-07,04:12:00,2287.06,Debit,Completed,,Loan Payment - LN2019070000221,False,,2.5,,Automated,Vehicle Loan,standard_payment,False,loan_payment_generator,False,
TXNL202100001544,ACC0011061,IND19012586,LN2019070000228,LDO20210000871,17,2021-01-01,02:05:12,14052.62,Debit,Completed,,Loan Payment - LN2019070000228,False,,0.67,,Automated,Personal Loan,standard_payment,False,loan_payment_generator,False,
TXNL202100001545,ACC0011126,IND19006577,LN2019070000242,LDO20210000872,18,2021-01-16,02:38:10,3285.63,Debit,Failed,account_blocked,Loan Payment - LN2019070000242,False,,0.74,,Automated,Vehicle Loan,standard_payment,False,loan_payment_generator,False,
TXNL202100001546,ACC0010845,IND19008329,LN2019070000250,,18,2021-01-28,03:10:15,6885.73,Debit,Completed,,Loan Payment - LN2019070000250,False,,2.5,,Online,Personal Loan,standard_payment,False,loan_payment_generator,False,
TXNL202100001547,ACC0010705,IND19012417,LN2019070000251,,18,2021-01-26,06:46:30,3615.13,Debit,Completed,,Loan Payment - LN2019070000251,False,,2.5,,Online,Vehicle Loan,standard_payment,False,loan_payment_generator,False,
TXNL202100001548,ACC0010300,IND19004941,LN2019070000261,,18,2021-01-29,02:01:52,2075.89,Debit,Completed,,Loan Payment - LN2019070000261,False,,2.5,,Automated,Home Loan,standard_payment,False,loan_payment_generator,False,
TXNL202100001549,ACC0010842,IND19008456,LN2019070000269,,17,2021-01-05,03:21:50,3501.44,Debit,Completed,,Loan Payment - LN2019070000269,False,,2.5,,Automated,Home Loan,standard_payment,False,loan_payment_generator,False,
TXNL202100001550,ACC0011117,IND19014269,LN2019070000276,LDO20210000873,18,2021-01-23,04:27:15,2602.15,Debit,Completed,,Loan Payment - LN2019070000276,False,,0.99,,Automated,Home Loan,standard_payment,False,loan_payment_generator,False,
TXNL202100001551,ACC0010857,IND19015399,LN2019070000286,,18,2021-01-19,04:32:19,2165.59,Debit,Completed,,Loan Payment - LN2019070000286,False,,2.5,,Automated,Personal Loan,standard_payment,False,loan_payment_generator,False,
TXNL202100001552,ACC0009886,IND19007818,LN2019070000294,,17,2021-01-03,03:33:37,4006.73,Debit,Completed,,Loan Payment - LN2019070000294,False,,2.5,,Automated,Home Loan,standard_payment,False,loan_payment_generator,False,
TXNL202100001553,ACC0010026,IND19011639,LN2019070000296,,18,2021-01-21,02:24:45,2072.92,Debit,Completed,,Loan Payment - LN2019070000296,False,,2.5,,Automated,Home Loan,standard_payment,False,loan_payment_generator,False,
TXNL202100001554,ACC0010641,IND19007872,LN2019070000310,LDO20210000874,18,2021-01-27,03:54:18,1326.84,Debit,Completed,,Loan Payment - LN2019070000310,False,,1.38,,Automated,Personal Loan,standard_payment,False,loan_payment_generator,False,
TXNL202100001555,ACC0010483,IND19000691,LN2019070000312,,17,2021-01-04,01:05:34,908.22,Debit,Completed,,Loan Payment - LN2019070000312,True,,10.0,,Mobile,Home Loan,standard_payment,False,loan_payment_generator,False,
TXNL202100001556,ACC0011145,IND19001902,LN2019070000316,,18,2021-01-29,02:33:38,1275.63,Debit,Completed,,Loan Payment - LN2019070000316,False,,2.5,,Automated,Home Loan,standard_payment,False,loan_payment_generator,False,
TXNL202100001557,ACC0010595,IND19012613,LN2019070000317,LDO20210000875,18,2021-01-28,04:58:40,2808.24,Debit,Completed,,Loan Payment - LN2019070000317,False,,0.08,,Automated,Vehicle Loan,standard_payment,False,loan_payment_generator,False,
 TXNL202100001558 ,ACC0010374,IND19014496,LN2019070000318,LDO20210000876,18,2021-01-19,02:21:03,4156.4,Debit,Completed,,Loan Payment - LN2019070000318 - Late Fee,False,,1.05,,Automated,Home Loan,late_payment,False,loan_payment_generator,True,whitespace_in_id
TXNL202100001559,ACC0011204,IND19012969,LN2019070000319,LDO20210000877,18,2021-01-04,03:41:18,6210.7,Debit,Completed,,Loan Payment - LN2019070000319,False,,1.23,,Automated,Home Loan,standard_payment,False,loan_payment_generator,False,
TXNL202100001560,ACC0010127,IND19010478,LN2019070000320,LDO20210000878,18,2021-01-22,02:41:21,756.74,Debit,Completed,,Loan Payment - LN2019070000320,False,,0.37,,Automated,Home Loan,standard_payment,False,loan_payment_generator,False,
TXNL202100001561,ACC0011039,IND19000778,LN2019070000321,,17,2021-01-07,04:07:32,3413.89,Debit,Completed,,Loan Payment - LN2019070000321,False,,2.5,,Automated,Home Loan,standard_payment,False,loan_payment_generator,False,
TXNL202100001562,ACC0010990,IND19014332,LN2019070000323,,18,2021-01-17,02:19:48,1197.48,Debit,Completed,,Loan Payment - LN2019070000323,False,,2.5,,Automated,Personal Loan,standard_payment,False,loan_payment_generator,False,
TXNL202100001563,ACC0010537,IND19003127,LN2019070000332,LDO20210000879,18,2021-01-30,03:31:45,692.73,Debit,Cancelled,customer_stop_instruction,Loan Payment - LN2019070000332,False,,1.07,,Automated,Home Loan,standard_payment,False,loan_payment_generator,False,
TXNL202100001564,ACC0010831,IND19003672,LN2019070000333,LDO20210000880,18,2021-01-28,04:38:02,1869.07,Debit,Completed,,Loan Payment - LN2019070000333,False,,0.32,,Automated,Vehicle Loan,standard_payment,False,loan_payment_generator,False,
TXNL202100001565,ACC0010099,IND19003327,LN2019070000340,LDO20210000881,18,2021-01-30,03:49:17,579.83,Debit,Completed,,Loan Payment - LN2019070000340,False,,0.21,,Automated,Personal Loan,standard_payment,False,loan_payment_generator,False,
TXNL202100001566,ACC0011198,IND19003048,LN2019070000353,,18,2021-01-13,04:26:03,2588.64,Debit,Completed,,Loan Payment - LN2019070000353,False,,2.5,,Automated,Home Loan,standard_payment,False,loan_payment_generator,False,
TXNL202100001567,ACC0010275,IND19007011,LN2019070000354,LDO20210000882,18,2021-01-15,04:02:40,1583.04,Debit,Completed,,Loan Payment - LN2019070000354,False,,1.87,,Automated,Home Loan,standard_payment,False,loan_payment_generator,False,
TXNL202100001568,ACC0009926,IND19008368,LN2019070000371,LDO20210000883,18,2021-01-16,04:04:20,2584.02,Debit,Completed,,Loan Payment - LN2019070000371,False,,1.16,,Automated,Vehicle Loan,standard_payment,False,loan_payment_generator,False,
TXNL202100001569,ACC0010840,IND19007896,LN2019070000375,,18,2021-01-21,02:21:41,4321.06,Debit,Completed,,Loan Payment - LN2019070000375,False,,2.5,,Automated,Vehicle Loan,standard_payment,False,loan_payment_generator,False,
TXNL202100001570,ACC0010120,IND19001278,LN2019070000383,,18,2021-01-19,02:56:00,2110.51,Debit,Completed,,Loan Payment - LN2019070000383,False,,2.5,,Automated,Personal Loan,standard_payment,False,loan_payment_generator,False,
TXNL202100001571,ACC0009906,IND19002371,LN2019070000390,LDO20210000884,18,2021-01-28,03:01:41,2484.17,Debit,Completed,,Loan Payment - LN2019070000390,False,,1.02,,Automated,Personal Loan,standard_payment,False,loan_payment_generator,False,
TXNL202100001572,ACC0010745,IND19011691,LN2019070000414,LDO20210000885,18,2021-01-24,04:10:33,1474.01,Debit,Completed,,Loan Payment - LN2019070000414,False,,0.25,,Automated,Vehicle Loan,standard_payment,False,loan_payment_generator,False,
TXNL202100001573,ACC0010115,IND19016405,LN2019070000424,LDO20210000886,18,2021-01-18,02:33:24,3538.61,Debit,Completed,,Loan Payment - LN2019070000424,False,,1.19,,Automated,Home Loan,standard_payment,False,loan_payment_generator,False,
TXNL202100001574,ACC0010811,IND19002604,LN2019070000434,LDO20210000887,18,2021-01-10,04:51:11,1102.58,Debit,Completed,,Loan Payment - LN2019070000434,False,,1.98,,Automated,Home Loan,standard_payment,False,loan_payment_generator,False,
TXNL202100001575,ACC0010479,IND19000504,LN2019070000437,LDO20210000888,17,2021-01-02,03:24:07,1221.45,Debit,Completed,,Loan Payment - LN2019070000437,False,,1.53,,Automated,Home Loan,standard_payment,False,loan_payment_generator,False,
TXNL202100001576,ACC0009924,IND19009777,LN2019070000439,,18,2021-01-13,04:18:34,3834.75,Debit,Completed,,Loan Payment - LN2019070000439,False,,2.5,,Automated,Personal Loan,standard_payment,False,loan_payment_generator,False,
TXNL202100001577,ACC0010719,IND19011255,LN2019070000442,LDO20210000889,17,2021-01-01,03:49:50,1026.34,Debit,Completed,,Loan Payment - LN2019070000442,False,,1.64,,Automated,Home Loan,standard_payment,False,loan_payment_generator,False,
TXNL202100001578,ACC0010510,IND19012405,LN2019070000452,LDO20210000890,18,2021-01-29,04:54:14,1687.52,Debit,Completed,,Loan Payment - LN2019070000452,False,,1.98,,Automated,Personal Loan,standard_payment,False,loan_payment_generator,False,
TXNL202100001579,ACC0011281,COM19000182,LN2019070000453,LDO20210000891,18,2021-01-28,02:50:05,3756.72,Debit,Completed,,Loan Payment - LN2019070000453,False,,1.69,,Automated,Business Loan,standard_payment,False,loan_payment_generator,False,
TXNL202100001580,ACC0010570,IND19011798,LN2019070000459,LDO20210000892,17,2021-01-05,04:34:28,2585.47,Debit,Completed,,Loan Payment - LN2019070000459,False,,1.51,,Automated,Vehicle Loan,standard_payment,False,loan_payment_generator,False,
TXNL202100001581,ACC0010160,IND19012728,LN2019070000467,LDO20210000893,18,2021-01-21,02:35:42,6526.81,Debit,Completed,,Loan Payment - LN2019070000467,False,,0.54,,Automated,Personal Loan,standard_payment,False,loan_payment_generator,False,
TXNL202100001582,ACC0010073,IND19013534,LN2019070000468,LDO20210000894,18,2021-01-20,02:28:28,1630.92,Debit,Completed,,Loan Payment - LN2019070000468,False,,0.07,,Automated,Home Loan,standard_payment,False,loan_payment_generator,False,
TXNL202100001583,ACC0010790,IND19005032,LN2019070000469,LDO20210000895,18,2021-01-19,03:29:10,2997.81,Debit,Completed,,Loan Payment - LN2019070000469,False,,0.07,,Automated,Home Loan,standard_payment,False,loan_payment_generator,False,
TXNL202100001584,ACC0011251,IND19004940,LN2019070000470,LDO20210000896,18,2021-01-15,02:57:53,957.16,Debit,Completed,,Loan Payment - LN2019070000470,False,,1.47,,Automated,Vehicle Loan,standard_payment,False,loan_payment_generator,False,
TXNL202100001585,ACC0010181,IND19008409,LN2019070000477,,18,2021-01-24,02:55:09,1167.13,Debit,Completed,,Loan Payment - LN2019070000477,False,,2.5,,Automated,Personal Loan,standard_payment,False,loan_payment_generator,False,
TXNL202100001586,ACC0009991,IND19005253,LN2019070000479,,18,2021-01-24,06:39:03,578.12,Debit,Completed,,Loan Payment - LN2019070000479 - Late Fee,False,,2.5,,Mobile,Home Loan,late_payment,False,loan_payment_generator,False,
TXNL202100001587,ACC0011013,IND19003821,LN2019070000490,,18,2021-01-18,04:22:47,2718.21,Debit,Completed,,Loan Payment - LN2019070000490,False,,2.5,,Automated,Home Loan,standard_payment,False,loan_payment_generator,False,
TXNL202100001588,ACC0011102,IND19009068,LN2019070000492,,18,2021-01-23,03:17:34,3946.15,Debit,Completed,,Loan Payment - LN2019070000492,False,,2.5,,Automated,Home Loan,standard_payment,False,loan_payment_generator,False,
TXNL202100001589,ACC0011245,IND19008983,LN2019070000500,LDO20210000897,17,2021-01-09,03:46:03,918.63,Debit,Completed,,Loan Payment - LN2019070000500 - Late Fee,False,,0.57,,Automated,Home Loan,late_payment,False,loan_payment_generator,False,
TXNL202100001590,ACC0010522,IND19004142,LN2019070000501,,18,2021-01-22,02:50:43,427.18,Debit,Completed,,Loan Payment - LN2019070000501,False,,2.5,,Automated,Home Loan,standard_payment,False,loan_payment_generator,False,
TXNL202100001591,ACC0010923,IND19002816,LN2019070000506,LDO20210000898,17,2021-01-04,02:26:28,267.87,Debit,Completed,,Loan Payment - LN2019070000506,False,,0.04,,Automated,Home Loan,standard_payment,False,loan_payment_generator,False,
TXNL202100001592,ACC0010405,IND19004977,LN2019070000510,LDO20210000899,17,2021-01-06,03:16:18,2150.85,Debit,Completed,,Loan Payment - LN2019070000510,False,,1.27,,Automated,Home Loan,standard_payment,False,loan_payment_generator,False,
TXNL202100001593,ACC0010379,IND19009202,LN2019070000517,LDO20210000900,18,2021-01-27,04:39:50,1127.97,Debit,Completed,,Loan Payment - LN2019070000517,False,,0.79,,Automated,Personal Loan,standard_payment,False,loan_payment_generator,False,
TXNL202100001594,ACC0011221,IND19004841,LN2019070000536,,18,2021-01-23,02:49:19,2105.42,Debit,Completed,,Loan Payment - LN2019070000536,False,,2.5,,Automated,Vehicle Loan,standard_payment,False,loan_payment_generator,False,
TXNL202100001595,ACC0010473,IND19002485,LN2019070000537,,18,2021-01-14,03:55:26,4027.99,Debit,Completed,,Loan Payment - LN2019070000537,False,,2.5,,Automated,Personal Loan,standard_payment,False,loan_payment_generator,False,
TXNL202100001596,ACC0010843,IND19008456,LN2019070000545,,18,2021-01-25,03:21:25,1694.26,Debit,Completed,,Loan Payment - LN2019070000545,False,,2.5,,Automated,Personal Loan,standard_payment,False,loan_payment_generator,False,
TXNL202100001597,ACC0010159,IND19000901,LN2019070000546,,18,2021-01-17,02:57:41,284.83,Debit,Completed,,Loan Payment - LN2019070000546,False,,2.5,,Automated,Home Loan,standard_payment,False,loan_payment_generator,False,
TXNL202100001598,ACC0010225,IND19015856,LN2019070000552,LDO20210000901,18,2021-01-21,03:33:14,4791.75,Debit,Completed,,Loan Payment - LN2019070000552,False,,0.18,,Automated,Personal Loan,standard_payment,False,loan_payment_generator,False,
TXNL202100001599,ACC0010617,IND19010181,LN2019070000571,,18,2021-01-29,06:57:05,836.49,Debit,Completed,,Loan Payment - LN2019070000571,False,,2.5,,Online,Home Loan,standard_payment,False,loan_payment_generator,False,
TXNL202100001600,ACC0010830,IND19003672,LN2019070000575,,18,2021-01-30,03:18:05,1310.65,Debit,Completed,,Loan Payment - LN2019070000575,False,,2.5,,Automated,Home Loan,standard_payment,False,loan_payment_generator,False,
TXNL202100001601,ACC0010085,IND19004379,LN2019070000582,LDO20210000902,18,2021-01-10,04:21:51,801.74,Debit,Completed,,Loan Payment - LN2019070000582,False,,1.54,,Automated,Personal Loan,standard_payment,False,loan_payment_generator,False,
TXNL202100001602,ACC0010049,IND19001533,LN2019070000589,LDO20210000903,18,2021-01-28,04:47:30,1402.29,Debit,Completed,,Loan Payment - LN2019070000589 - Recovery,False,,1.55,,Automated,Personal Loan,recovery_payment,True,loan_payment_generator,False,
TXNL202100001603,ACC0010978,IND19010934,LN2019070000591,LDO20210000904,17,2021-01-06,03:02:01,897.37,Debit,Completed,,Loan Payment - LN2019070000591,False,,1.97,,Automated,Home Loan,standard_payment,False,loan_payment_generator,False,
TXNL202100001604,ACC0011269,COM19000047,LN2019070000624,LDO20210000905,18,2021-01-16,04:38:06,11045.05,Debit,Completed,,Loan Payment - LN2019070000624,False,,1.39,,Automated,Business Loan,standard_payment,False,loan_payment_generator,False,
TXNL202100001605,ACC0010810,IND19000039,LN2019070000628,LDO20210000906,18,2021-01-29,04:58:38,1619.59,Debit,Completed,,Loan Payment - LN2019070000628,False,,0.51,,Automated,Vehicle Loan,standard_payment,False,loan_payment_generator,False,
TXNL202100001606,ACC0010808,IND19005422,LN2019070000630,,17,2021-01-07,02:37:59,1421.66,Debit,Completed,,Loan Payment - LN2019070000630,False,,2.5,,Automated,Personal Loan,standard_payment,False,loan_payment_generator,False,
TXNL202100001607,ACC0010507,IND19002027,LN2019070000631,,17,2021-01-08,03:39:43,2231.02,Debit,Completed,,Loan Payment - LN2019070000631,False,,2.5,,Automated,Home Loan,standard_payment,False,loan_payment_generator,False,
TXNL202100001608,ACC0011078,IND19012587,LN2019070000637,LDO20210000907,17,2021-01-03,03:57:57,1441.7,Debit,Failed,account_blocked,Loan Payment - LN2019070000637,False,,0.43,,Automated,Vehicle Loan,standard_payment,False,loan_payment_generator,False,
TXNL202100001609,ACC0011178,IND19004500,LN2019070000639,LDO20210000908,17,2021-01-08,03:28:21,1789.98,Debit,Completed,,Loan Payment - LN2019070000639,False,,0.99,,Automated,Vehicle Loan,standard_payment,False,loan_payment_generator,False,
TXNL202100001610,ACC0010821,IND19014353,LN2019070000642,LDO20210000909,18,2021-01-17,02:20:31,360.07,Debit,Completed,,Loan Payment - LN20190700...,False,,0.06,,Automated,Home Loan,standard_payment,False,loan_payment_generator,True,truncated_description
TXNL202100001611,ACC0010911,IND19004857,LN2019070000648,,18,2021-01-19,02:31:02,578.49,Debit,Completed,,Loan Payment - LN2019070000648,False,,2.5,,Automated,Home Loan,standard_payment,False,loan_payment_generator,False,
TXNL202100001612,ACC0010805,IND19001742,LN2019070000656,LDO20210000910,18,2021-01-15,02:07:41,1517.4,Debit,Completed,,Loan Payment - LN2019070000656,False,,0.97,,Automated,Home Loan,standard_payment,False,loan_payment_generator,False,
TXNL202100001613,ACC0011128,IND19014232,LN2019070000660,LDO20210000911,18,2021-01-19,02:42:04,2131.18,Debit,Completed,,Loan Payment - LN20190700...,False,,1.32,,Automated,Vehicle Loan,late_payment,False,loan_payment_generator,True,truncated_description
TXNL202100001614,ACC0009994,IND19014863,LN2019070000662,,18,2021-01-21,02:55:04,1005.77,Debit,Completed,,Loan Payment - LN2019070000662,False,,2.5,,Automated,Home Loan,standard_payment,False,loan_payment_generator,False,
TXNL202100001615,ACC0010801,IND19002300,LN2019070000665,LDO20210000912,18,2021-01-14,02:34:19,501.77,Debit,Completed,,Loan Payment - LN2019070000665,False,,0.94,,Automated,Home Loan,standard_payment,False,loan_payment_generator,False,
TXNL202100001616,ACC0010290,IND19013881,LN2019070000667,LDO20210000913,18,2021-01-25,04:54:49,3396.26,Debit,Completed,,Loan Payment - LN2019070000667,False,,1.9,,Automated,Vehicle Loan,standard_payment,False,loan_payment_generator,False,
TXNL202100001617,ACC0010303,IND19007636,LN2019070000709,LDO20210000914,18,2021-01-10,04:53:54,12042.45,Debit,Completed,,Loan Payment - LN2019070000709,False,,1.7,,Automated,Personal Loan,standard_payment,False,loan_payment_generator,False,
TXNL202100001618,ACC0010015,IND19004209,LN2019070000718,,18,2021-01-24,02:13:40,1243.82,Debit,Completed,,Loan Payment - LN2019070000718,False,,2.5,,Automated,Home Loan,standard_payment,False,loan_payment_generator,False,
TXNL202100001619,ACC0011151,IND19004809,LN2019070000719,LDO20210000915,18,2021-01-12,03:50:59,1174.72,Debit,Completed,,Loan Payment - LN2019070000719,False,,1.26,,Automated,Vehicle Loan,standard_payment,False,loan_payment_generator,False,
TXNL202100001620,ACC0009969,IND19015513,LN2019070000720,LDO20210000916,18,2021-01-20,02:54:59,564.84,Debit,Completed,,Loan Payment - LN2019070000720,False,,0.87,,Automated,Personal Loan,standard_payment,False,loan_payment_generator,False,
TXNL202100001621,ACC0010746,IND19011691,LN2019070000722,,18,2021-01-27,03:46:26,4020.49,Debit,Completed,,Loan Payment - LN2019070000722,False,,2.5,,Automated,Home Loan,standard_payment,False,loan_payment_generator,False,
TXNL202100001622,ACC0010520,IND19001812,LN2019070000723,LDO20210000917,17,2021-01-03,04:23:41,2150.31,Debit,Completed,,Loan Payment - LN2019070000723,False,,1.68,,Automated,Personal Loan,standard_payment,False,loan_payment_generator,False,
TXNL202100001623,ACC0010674,IND19012200,LN2019070000730,,18,2021-01-15,03:40:16,2091.82,Debit,Completed,,Loan Payment - LN2019070000730,False,,2.5,,Automated,Home Loan,standard_payment,False,loan_payment_generator,False,
TXNL202100001624,ACC0010062,IND19015637,LN2019070000738,LDO20210000918,17,2021-01-02,02:01:47,1226.46,Debit,Failed,insufficient_funds,Loan Payment - LN2019070000738,False,,0.08,,Automated,Personal Loan,standard_payment,False,loan_payment_generator,False,
TXNL202100001625,ACC0010512,IND19010988,LN2019070000739,,18,2021-01-20,03:03:15,13983.9,Debit,Completed,,Loan Payment - LN2019070000739,False,,2.5,,Automated,Personal Loan,standard_payment,False,loan_payment_generator,False,
TXNL202100001626,ACC0009909,IND19012150,LN2019070000748,,18,2021-01-19,03:47:39,718.11,Debit,Completed,,Loan Payment - LN2019070000748,False,,2.5,,Automated,Home Loan,standard_payment,False,loan_payment_generator,False,
TXNL202100001627,ACC0011276,COM19000029,LN2019070000758,,18,2021-01-20,02:48:20,11022.57,Debit,Completed,,Loan Payment - LN2019070000758,False,,2.5,,Automated,Business Loan,standard_payment,False,loan_payment_generator,False,
TXNL202100001628,ACC0010097,IND19015761,LN2019070000760,LDO20210000919,18,2021-01-19,04:11:16,1538.92,Debit,Completed,,Loan Payment - LN2019070000760,False,,1.4,,Automated,Home Loan,standard_payment,False,loan_payment_generator,False,
TXNL202100001629,ACC0010434,IND19011579,LN2019070000768,LDO20210000920,18,2021-01-25,03:27:33,3275.71,Debit,Completed,,Loan Payment - LN2019070000768,False,,1.66,,Automated,Vehicle Loan,standard_payment,False,loan_payment_generator,False,
TXNL202100001630,ACC0010314,IND19001557,LN2019070000787,LDO20210000921,17,2021-01-03,02:11:41,3146.68,Debit,Completed,,Loan Payment - LN2019070000787,False,,0.87,,Automated,Home Loan,standard_payment,False,loan_payment_generator,False,
TXNL202100001631,ACC0011084,IND19011352,LN2019070000793,,18,2021-01-18,02:17:29,3928.56,Debit,Completed,,Loan Payment - LN2019070000793,False,,2.5,,Automated,Home Loan,standard_payment,False,loan_payment_generator,False,
TXNL202100001632,ACC0010231,IND19000571,LN2019070000805,LDO20210000922,18,2021-01-15,03:35:29,4133.67,Debit,Completed,,Loan Payment - LN2019070000805,False,,1.18,,Automated,Home Loan,standard_payment,False,loan_payment_generator,False,
TXNL202100001633,ACC0010891,IND19010612,LN2019070000808,,18,2021-01-18,06:17:45,3199.88,Debit,Completed,,Loan Payment - LN2019070000808,False,,2.5,,Online,Home Loan,standard_payment,False,loan_payment_generator,False,
TXNL202100001634,ACC0011179,IND19004500,LN2019070000822,LDO20210000923,18,2021-01-19,02:19:06,1861.77,Debit,Completed,,Loan Payment - LN2019070000822,False,,1.18,,Automated,Personal Loan,standard_payment,False,loan_payment_generator,False,
TXNL202100001635,ACC0010446,IND19002125,LN2019070000834,LDO20210000924,18,2021-01-21,03:41:00,12286.92,Debit,Completed,,Loan Payment - LN2019070000834,False,,1.09,,Automated,Personal Loan,standard_payment,False,loan_payment_generator,False,
TXNL202100001636,ACC0010696,IND19007848,LN2019070000840,,18,2021-01-21,02:19:47,1142.28,Debit,Completed,,Loan Payment - LN2019070000840,False,,2.5,,Automated,Home Loan,standard_payment,False,loan_payment_generator,False,
TXNL202100001637,ACC0009954,IND19009083,LN2019070000851,LDO20210000925,18,2021-01-24,03:13:33,684.79,Debit,Completed,,Loan Payment - LN2019070000851,False,,1.88,,Automated,Personal Loan,standard_payment,False,loan_payment_generator,False,
TXNL202100001638,ACC0011163,IND19008839,LN2019070000854,,18,2021-01-23,03:19:29,3955.26,Debit,Completed,,Loan Payment - LN2019070000854 - Extra Principal,False,,2.5,,Automated,Home Loan,extra_payment,False,loan_payment_generator,False,
TXNL202100001639,ACC0010702,IND19011568,LN2019070000857,LDO20210000926,18,2021-01-25,03:09:21,503.82,Debit,Completed,,Loan Payment - LN2019070000857,False,,0.99,,Automated,Home Loan,standard_payment,False,loan_payment_generator,False,
TXNL202100001640,ACC0010555,IND19000657,LN2019070000858,,18,2021-01-09,02:02:06,4147.88,Debit,Completed,,Loan Payment - LN2019070000858,False,,2.5,,Automated,Home Loan,standard_payment,False,loan_payment_generator,False,
TXNL202100001641,ACC0010013,IND19004418,LN2019070000866,LDO20210000927,17,2021-01-03,04:41:50,2958.66,Debit,Failed,insufficient_funds,Loan Payment - LN2019070000866,False,,1.53,,Automated,Personal Loan,standard_payment,False,loan_payment_generator,False,
TXNL202100001642,ACC0010930,IND19003431,LN2019070000868,,18,2021-01-23,02:14:56,2453.1,Debit,Completed,,Loan Payment - LN2019070000868,False,,2.5,,Automated,Home Loan,standard_payment,False,loan_payment_generator,False,
TXNL202100001643,ACC0010730,IND19001676,LN2019070000871,LDO20210000928,17,2021-01-03,03:52:57,8912.83,Debit,Completed,,Loan Payment - LN2019070000871,False,,0.03,,Automated,Personal Loan,standard_payment,False,loan_payment_generator,False,
TXNL202100001644,ACC0010191,IND19009073,LN2019070000887,LDO20210000929,17,2021-01-02,04:13:15,4216.45,Debit,Completed,,Loan Payment - LN2019070000887,False,,0.87,,Automated,Vehicle Loan,standard_payment,False,loan_payment_generator,False,
TXNL202100001645,ACC0011227,IND19000442,LN2019070000896,LDO20210000930,18,2021-01-22,04:53:00,2540.61,Debit,Completed,,Loan Payment - LN2019070000896,False,,0.39,,Automated,Vehicle Loan,standard_payment,False,loan_payment_generator,False,
TXNL202100001646,ACC0010543,IND19010120,LN2019070000902,,18,2021-01-17,05:11:33,1551.75,Debit,Completed,,Loan Payment - LN2019070000902,False,,2.5,,Online,Home Loan,standard_payment,False,loan_payment_generator,False,
TXNL202100001647,ACC0010394,IND19010621,LN2019070000906,LDO20210000931,18,2021-01-10,03:05:18,281.67,Debit,Completed,,Loan Payment - LN2019070000906,False,,0.72,,Automated,Home Loan,standard_payment,False,loan_payment_generator,False,
TXNL202100001648,ACC0010485,IND19012707,LN2019070000921,LDO20210000933,18,2021-01-23,02:24:22,1445.87,Debit,Completed,,Loan Payment - LN2019070000921,False,,1.76,,Automated,Home Loan,standard_payment,False,loan_payment_generator,False,
TXNL202100001649,ACC0010992,IND19014740,LN2019070000922,LDO20210000934,18,2021-01-15,03:54:50,2148.35,Debit,Completed,,Loan Payment - LN2019070000922,False,,1.75,,Automated,Vehicle Loan,standard_payment,False,loan_payment_generator,False,
TXNL202100001650,ACC0011009,IND19005644,LN2019070000927,LDO20210000935,17,2021-01-10,04:12:36,1435.87,Debit,Completed,,Loan Payment - LN2019070000927,False,,1.05,,Automated,Home Loan,standard_payment,False,loan_payment_generator,False,
TXNL202100001651,ACC0009939,IND19007504,LN2019070000948,LDO20210000936,18,2021-01-21,02:35:28,1585.22,Debit,Completed,,Loan Payment - LN2019070000948,False,,1.83,,Automated,Personal Loan,standard_payment,False,loan_payment_generator,False,
TXNL202100001652,ACC0010255,IND19006122,LN2019070000949,LDO20210000937,18,2021-01-30,03:10:34,621.5,Debit,Completed,,Loan Payment - LN2019070000949,False,,0.19,,Automated,Home Loan,standard_payment,False,loan_payment_generator,False,
TXNL202100001653,ACC0010837,IND19000345,LN2019070000954,,18,2021-01-24,04:55:55,1639.09,Debit,Completed,,Loan Payment - LN2019070000954,False,,2.5,,Automated,Vehicle Loan,standard_payment,False,loan_payment_generator,False,
TXNL202100001654,ACC0010056,IND19006786,LN2019070000955,,18,2021-01-15,02:08:53,3602.26,Debit,Completed,,Loan Payment - LN2019070000955,False,,2.5,,Automated,Personal Loan,standard_payment,False,loan_payment_generator,False,
TXNL202100001655,ACC0010877,IND19015524,LN2019070000963,LDO20210000938,17,2021-01-05,03:44:20,11989.66,Debit,Completed,,Loan Payment - LN2019070000963,False,,1.88,,Automated,Personal Loan,standard_payment,False,loan_payment_generator,False,
TXNL202100001656,ACC0010918,IND19012194,LN2019070000975,LDO20210000939,17,2021-01-08,02:02:08,4656.1,Debit,Completed,,Loan Payment - LN2019070000975,False,,1.55,,Automated,Home Loan,standard_payment,False,loan_payment_generator,False,
TXNL202100001657,ACC0010333,IND19002509,LN2019070000976,LDO20210000940,18,2021-01-31,02:09:43,7051.52,Debit,Completed,,Loan Payment - LN2019070000976 - Extra Principal,False,,0.51,,Automated,Vehicle Loan,extra_payment,False,loan_payment_generator,False,
TXNL202100001658,ACC0011253,IND19009911,LN2019070000977,,18,2021-01-13,02:18:05,2585.16,Debit,Completed,,Loan Payment - LN2019070000977,False,,2.5,,Automated,Home Loan,standard_payment,False,loan_payment_generator,False,
TXNL202100001659,ACC0010813,IND19009450,LN2019070000982,,18,2021-01-22,04:16:47,2048.07,Debit,Completed,,Loan Payment - LN2019070000982 - Partial,False,,2.5,,Automated,Personal Loan,partial_payment,False,loan_payment_generator,False,
TXNL202100001660,ACC0010639,IND19007461,LN2019070000987,LDO20210000941,18,2021-01-29,04:03:43,7416.81,Debit,Failed,bank_timeout,Loan Payment - LN2019070000987,False,,0.26,,Automated,Home Loan,standard_payment,False,loan_payment_generator,False,
TXNL202100001661,ACC0011277,COM19000015,LN2019070000989,,18,2021-01-19,03:19:21,5673.21,Debit,Completed,,Loan Payment - LN2019070000989,False,,2.5,,Automated,Business Loan,standard_payment,False,loan_payment_generator,False,
TXNL202100001662,ACC0011028,IND19005775,LN2019070001006,LDO20210000942,18,2021-01-04,02:41:22,3509.11,Debit,Completed,,Loan Payment - LN2019070001006,False,,0.39,,Automated,Personal Loan,standard_payment,False,loan_payment_generator,False,
TXNL202100001663,ACC0010265,IND19008364,LN2019070001012,LDO20210000943,18,2021-01-25,02:28:39,2379.84,Debit,Completed,,Loan Payment - LN2019070001012,False,,1.16,,Automated,Personal Loan,standard_payment,False,loan_payment_generator,False,
TXNL202100001664,ACC0011016,IND19015052,LN2019070001019,,18,2021-01-20,04:44:38,956.77,Debit,Completed,,Loan Payment - LN2019070001019,False,,2.5,,Automated,Home Loan,standard_payment,False,loan_payment_generator,False,
TXNL202100001665,ACC0011279,COM19000225,LN2019070001025,LDO20210000945,17,2021-01-01,03:58:51,2740.97,Debit,Completed,,Loan Payment - LN2019070001025,False,,0.39,,Automated,Business Loan,standard_payment,False,loan_payment_generator,False,
TXNL202100001666,ACC0010598,IND19011039,LN2019070001029,,18,2021-01-17,06:06:34,6116.6,Debit,Completed,,Loan Payment - LN2019070001029,False,,2.5,,Online,Home Loan,standard_payment,False,loan_payment_generator,False,
TXNL202100001667,ACC0010788,IND19007228,LN2019070001057,LDO20210000946,17,2021-01-03,03:00:20,2747.91,Debit,Completed,,Loan Payment - LN2019070001057 - Recovery,False,,0.08,,Automated,Home Loan,recovery_payment,True,loan_payment_generator,False,
TXNL202100001668,ACC0010336,IND19001312,LN2019070001062,LDO20210000947,18,2021-01-11,03:29:19,4221.79,Debit,Completed,,Loan Payment - LN2019070001062,False,,1.18,,Automated,Personal Loan,standard_payment,False,loan_payment_generator,False,
TXNL202100001669,ACC0010645,IND19009058,LN2019070001063,LDO20210000948,17,2021-01-01,04:58:01,1428.14,Debit,Completed,,Loan Payment - LN2019070001063,False,,1.24,,Automated,Home Loan,standard_payment,False,loan_payment_generator,False,
TXNL202100001670,ACC0010240,IND19016260,LN2019070001082,,18,2021-01-28,04:02:53,3613.53,Debit,Completed,,Loan Payment - LN2019070001082,False,,2.5,,Automated,Vehicle Loan,standard_payment,False,loan_payment_generator,False,
TXNL202100001671,ACC0010803,IND19004134,LN2019070001086,LDO20210000949,17,2021-01-01,04:17:46,1412.09,Debit,Completed,,Loan Payment - LN2019070001086,False,,0.12,,Automated,Personal Loan,standard_payment,False,loan_payment_generator,False,
TXNL202100001672,ACC0010369,IND19012654,LN2019070001117,LDO20210000950,18,2021-01-23,02:34:31,2317.58,Debit,Completed,,Loan Payment - LN2019070001117,False,,0.93,,Automated,Personal Loan,standard_payment,False,loan_payment_generator,False,
TXNL202100001673,ACC0011173,IND19002918,LN2019070001122,LDO20210000951,18,2021-01-29,04:31:02,1425.74,Debit,Completed,,Loan Payment - LN2019070001122,False,,0.49,,Automated,Personal Loan,standard_payment,False,loan_payment_generator,False,
TXNL202100001674,ACC0011052,IND19004930,LN2019070001127,LDO20210000952,18,2021-01-15,02:53:29,1971.52,Debit,Completed,,Loan Payment - LN2019070001127,False,,0.69,,Automated,Vehicle Loan,standard_payment,False,loan_payment_generator,False,
TXNL202100001675,ACC0010295,IND19007893,LN2019070001128,LDO20210000953,17,2021-01-01,04:50:38,1146.94,Debit,Completed,,Loan Payment - LN2019070001128,False,,0.82,,Automated,Home Loan,standard_payment,False,loan_payment_generator,False,
TXNL202100001676,ACC0010477,IND19004600,LN2019070001141,LDO20210000954,18,2021-01-16,02:19:04,3961.55,Debit,Completed,,Loan Payment - LN2019070001141,False,,0.04,,Automated,Personal Loan,standard_payment,False,loan_payment_generator,False,
TXNL202100001677,ACC0011017,IND19010504,LN2019070001142,,17,2021-01-07,02:54:51,13986.44,Debit,Completed,,Loan Payment - LN2019070001142,False,,2.5,,Automated,Personal Loan,standard_payment,False,loan_payment_generator,False,
TXNL202100001678,ACC0010907,IND19000402,LN2019070001143,,18,2021-01-19,04:28:35,1871.26,Debit,Completed,,Loan Payment - LN2019070001143 - Partial,False,,2.5,,Automated,Personal Loan,partial_payment,False,loan_payment_generator,False,
TXNL202100001679,ACC0011160,IND19005174,LN2019070001157,LDO20210000955,17,2021-01-07,03:53:28,1848.64,Debit,Completed,,Loan Payment - LN2019070001157,False,,1.71,,Automated,Home Loan,standard_payment,False,loan_payment_generator,False,
TXNL202100001680,ACC0010751,IND19003812,LN2019070001163,,18,2021-01-27,03:16:33,1610.3,Debit,Failed,bank_timeout,Loan Payment - LN2019070001163,True,,10.0,,Online,Home Loan,standard_payment,False,loan_payment_generator,False,
TXNL202100001681,ACC0010731,IND19003563,LN2019070001165,LDO20210000956,18,2021-01-21,04:46:27,1044.81,Debit,Completed,,Loan Payment - LN2019070001165,False,,0.28,,Automated,Vehicle Loan,standard_payment,False,loan_payment_generator,False,
TXNL202100001682,ACC0010438,IND19011807,LN2019070001176,LDO20210000957,17,2021-01-02,04:25:08,13300.87,Debit,Completed,,Loan Payment - LN2019070001176,False,,0.05,,Automated,Personal Loan,standard_payment,False,loan_payment_generator,False,
TXNL202100001683,ACC0010881,IND19001227,LN2019070001206,LDO20210000958,17,2021-01-06,02:16:03,2026.78,Debit,Completed,,Loan Payment - LN2019070001206,False,,1.51,,Automated,Vehicle Loan,standard_payment,False,loan_payment_generator,False,
TXNL202100001684,ACC0010199,IND19004108,LN2019070001208,,18,2021-01-28,04:33:10,4392.8,Debit,Completed,,Loan Payment - LN2019070001208,False,,2.5,,Automated,Home Loan,standard_payment,False,loan_payment_generator,False,
TXNL202100001685,ACC0010363,IND19010795,LN2019070001213,,18,2021-01-25,02:16:28,748.07,Debit,Failed,daily_limit_exceeded,Loan Payment - LN2019070001213,False,,2.5,,Automated,Home Loan,standard_payment,False,loan_payment_generator,False,
TXNL202100001686,ACC0011207,IND19000522,LN2019070001224,LDO20210000959,18,2021-01-15,04:30:07,4939.82,Debit,Completed,,Loan Payment - LN2019070001224,False,,0.67,,Automated,Vehicle Loan,standard_payment,False,loan_payment_generator,False,
TXNL202100001687,ACC0010157,IND19012944,LN2019070001233,LDO20210000960,18,2021-01-29,03:07:01,3020.77,Debit,Completed,,Loan Payment - LN2019070001233,False,,0.98,,Automated,Vehicle Loan,standard_payment,False,loan_payment_generator,False,
TXNL202100001688,ACC0010232,IND19010044,LN2019070001234,,18,2021-01-18,07:13:09,1986.94,Debit,Completed,,Loan Payment - LN2019070001234,True,,10.0,,Online,Personal Loan,standard_payment,False,loan_payment_generator,False,
TXNL202100001689,ACC0010611,IND19013513,LN2019070001238,,18,2021-01-20,03:24:42,725.17,Debit,Completed,,Loan Payment - LN2019070001238 - Recovery,False,,2.5,,Automated,Home Loan,recovery_payment,True,loan_payment_generator,False,
TXNL202100001690,ACC0010787,IND19007728,LN2019070001244,LDO20210000961,18,2021-01-26,02:21:13,803.1,Debit,Completed,,Loan Payment - LN2019070001244,False,,1.14,,Automated,Home Loan,standard_payment,False,loan_payment_generator,False,
TXNL202100001691,ACC0011096,IND19003534,LN2019070001248,,18,2021-01-29,02:44:11,907.61,Debit,Completed,,Loan Payment - LN2019070001248,False,,2.5,,Automated,Home Loan,standard_payment,False,loan_payment_generator,False,
TXNL202100001692,ACC0010183,IND19002873,LN2019070001271,LDO20210000962,18,2021-01-09,03:10:43,4761.86,Debit,Completed,,Loan Payment - LN2019070001271,False,,0.47,,Automated,Vehicle Loan,standard_payment,False,loan_payment_generator,False,
TXNL202100001693,ACC0010525,IND19010908,LN2019070001279,,17,2021-01-02,04:42:01,716.53,Debit,Completed,,Loan Payment - LN2019070001279,False,,2.5,,Automated,Vehicle Loan,standard_payment,False,loan_payment_generator,False,
TXNL202100001694,ACC0010328,IND19008589,LN2019070001282,,18,2021-01-31,04:16:29,2285.12,Debit,Completed,,Loan Payment - LN2019070001282,False,,2.5,,Automated,Vehicle Loan,standard_payment,False,loan_payment_generator,False,
TXNL202100001695,ACC0010910,IND19009481,LN2019070001299,,17,2021-01-02,07:33:17,911.41,Debit,Completed,,Loan Payment - LN2019070001299,False,,2.5,,Online,Home Loan,standard_payment,False,loan_payment_generator,False,
TXNL202100001696,ACC0009895,IND19007004,LN2019070001300,,18,2021-01-25,02:55:35,2662.7,Debit,Failed,insufficient_funds,Loan Payment - LN2019070001300,False,,2.5,,Automated,Personal Loan,standard_payment,False,loan_payment_generator,False,
TXNL202100001697,ACC0012829,IND19002487,LN2019080000019,,17,2021-01-31,02:29:48,943.39,Debit,Completed,,Loan Payment - LN2019080000019,False,,2.5,,Automated,Home Loan,standard_payment,False,loan_payment_generator,False,
TXNL202100001698,ACC0012688,IND19005750,LN2019080000030,,17,2021-01-21,07:05:03,655.16,Debit,Completed,,Loan Payment - LN2019080000030,False,,2.5,,Online,Home Loan,standard_payment,False,loan_payment_generator,False,
TXNL202100001699,ACC0012779,IND19015603,LN2019080000033,LDO20210000964,16,2021-01-07,02:18:33,1308.56,Debit,Completed,,Loan Payment - LN2019080000033,False,,0.87,,Automated,Home Loan,standard_payment,False,loan_payment_generator,False,
TXNL202100001700,ACC0012597,IND19008158,LN2019080000037,LDO20210000965,17,2021-01-14,02:27:11,2791.11,Debit,Failed,bank_timeout,Loan Payment - LN2019080000037,False,,0.12,,Automated,Personal Loan,standard_payment,False,loan_payment_generator,False,
TXNL202100001701,ACC0011655,IND19015954,LN2019080000039,LDO20210000966,17,2021-01-13,02:48:58,4117.13,Debit,Completed,,Loan Payment - LN2019080000039,False,,0.73,,Automated,Vehicle Loan,standard_payment,False,loan_payment_generator,False,
TXNL202100001702,ACC0011294,IND19016111,LN2019080000053,,17,2021-01-20,04:42:54,1656.59,Debit,Completed,,Loan Payment - LN2019080000053,False,,2.5,,Automated,Home Loan,standard_payment,False,loan_payment_generator,False,
TXNL202100001703,ACC0012617,IND19010379,LN2019080000064,LDO20210000967,16,2021-01-06,03:31:28,1895.19,Debit,Completed,,Loan Payment - LN2019080000064,False,,1.38,,Automated,Personal Loan,standard_payment,False,loan_payment_generator,False,
TXNL202100001704,ACC0011375,IND19017428,LN2019080000065,,16,2021-01-05,03:27:20,923.36,Debit,Completed,,Loan Payment - LN2019080000065 - Recovery,False,,2.5,,Automated,Home Loan,recovery_payment,True,loan_payment_generator,False,
TXNL202100001705,ACC0011575,IND19001648,LN2019080000082,LDO20210000968,17,2021-01-16,03:57:32,1693.44,Debit,Completed,,Loan Payment - LN2019080000082,False,,1.78,,Automated,Personal Loan,standard_payment,False,loan_payment_generator,False,
TXNL202100001706,ACC0011350,IND19008980,LN2019080000086,LDO20210000969,17,2021-01-20,04:39:15,2259.87,Debit,Completed,,Loan Payment - LN2019080000086,False,,1.16,,Automated,Vehicle Loan,standard_payment,False,loan_payment_generator,False,
TXNL202100001707,ACC0012594,IND19010354,LN2019080000087,LDO20210000970,17,2021-01-16,03:19:06,1982.64,Debit,Completed,,Loan Payment - LN2019080000087,False,,1.45,,Automated,Home Loan,standard_payment,False,loan_payment_generator,False,
TXNL202100001708,ACC0012431,IND19017712,LN2019080000089,LDO20210000971,17,2021-01-31,02:45:59,2631.48,Debit,Completed,,Loan Payment - LN2019080000089,False,,0.35,,Automated,Home Loan,standard_payment,False,loan_payment_generator,False,
TXNL202100001709,ACC0011395,IND19013318,LN2019080000104,,17,2021-01-28,04:50:47,2687.06,Debit,Completed,,Loan Payment - LN2019080000104,False,,2.5,,Automated,Personal Loan,standard_payment,False,loan_payment_generator,False,
TXNL202100001710,ACC0012169,IND19002223,LN2019080000107,LDO20210000972,17,2021-01-28,03:49:02,899.25,Debit,Completed,,Loan Payment - LN2019080000107,False,,1.98,,Automated,Home Loan,standard_payment,False,loan_payment_generator,False,
TXNL202100001711,ACC0011666,IND19010630,LN2019080000120,,17,2021-01-11,03:31:53,4074.25,Debit,Completed,,Loan Payment - LN2019080000120,False,,2.5,,Online,Personal Loan,standard_payment,False,loan_payment_generator,False,
TXNL202100001712,ACC0012121,IND19015743,LN2019080000124,LDO20210000974,16,2021-01-02,04:24:43,1227.88,Debit,Failed,insufficient_funds,Loan Payment - LN2019080000124,False,,1.98,,Automated,Home Loan,standard_payment,False,loan_payment_generator,False,
TXNL202100001713,ACC0011567,IND19017103,LN2019080000126,,17,2021-01-15,04:50:57,3020.22,Debit,Completed,,Loan Payment - LN2019080000126,False,,2.5,,Automated,Personal Loan,standard_payment,False,loan_payment_generator,False,
TXNL202100001714,ACC0011716,IND19012549,LN2019080000134,LDO20210000975,16,2021-01-07,02:59:18,1797.06,Debit,Completed,,Loan Payment - LN2019080000134,False,,1.5,,Automated,Personal Loan,standard_payment,False,loan_payment_generator,False,
TXNL202100001715,ACC0011656,IND19014084,LN2019080000138,LDO20210000976,17,2021-01-26,03:56:05,1534.85,Debit,Completed,,Loan Payment - LN2019080000138,False,,1.83,,Automated,Vehicle Loan,standard_payment,False,loan_payment_generator,False,
TXNL202100001716,ACC0012573,IND19004723,LN2019080000139,LDO20210000977,17,2021-01-11,04:01:34,1459.86,Debit,Completed,,Loan Payment - LN2019080000139,False,,1.87,,Automated,Home Loan,standard_payment,False,loan_payment_generator,False,
TXNL202100001717,ACC0011719,IND19005915,LN2019080000142,LDO20210000978,16,2021-01-07,03:55:11,3640.86,Debit,Completed,,Loan Payment - LN2019080000142,False,,1.97,,Automated,Home Loan,standard_payment,False,loan_payment_generator,False,
TXNL202100001718,ACC0011512,IND19010258,LN2019080000145,,17,2021-01-31,02:02:18,316.58,Debit,Completed,,Loan Payment - LN2019080000145,False,,2.5,,Automated,Home Loan,standard_payment,False,loan_payment_generator,False,
TXNL202100001719,ACC0011511,IND19008078,LN2019080000147,LDO20210000979,17,2021-01-11,04:02:22,1234.52,Debit,Failed,account_blocked,Loan Payment - LN2019080000147 - Partial,False,,0.9,,Automated,Vehicle Loan,partial_payment,False,loan_payment_generator,False,
TXNL202100001720,ACC0012384,IND19017813,LN2019080000150,LDO20210000980,17,2021-01-27,02:26:01,417.81,Debit,Completed,,Loan Payment - LN2019080000150,False,,0.8,,Automated,Home Loan,standard_payment,False,loan_payment_generator,False,
TXNL202100001721,ACC0011508,IND19006111,LN2019080000158,LDO20210000981,17,2021-01-14,04:01:41,1163.52,Debit,Failed,insufficient_funds,Loan Payment - LN2019080000158 - Partial,False,,1.8,,Automated,Personal Loan,partial_payment,False,loan_payment_generator,False,
TXNL202100001722,ACC0011336,IND19010380,LN2019080000170,,16,2021-01-07,04:53:26,1288.91,Debit,Completed,,Loan Payment - LN2019080000170,False,,2.5,,Automated,Home Loan,standard_payment,False,loan_payment_generator,False,
TXNL202100001723,ACC0012227,IND19018759,LN2019080000179,,17,2021-01-16,03:18:30,1334.86,Debit,Completed,,Loan Payment - LN2019080000179,False,,2.5,,Automated,Vehicle Loan,standard_payment,False,loan_payment_generator,False,
TXNL202100001724,ACC0011450,IND19017718,LN2019080000185,LDO20210000982,17,2021-01-20,03:52:26,1843.47,Debit,Completed,,Loan Payment - LN2019080000185,False,,0.16,,Automated,Vehicle Loan,standard_payment,False,loan_payment_generator,False,
TXNL202100001725,ACC0011939,IND19005788,LN2019080000186,,17,2021-01-11,04:42:23,1443.59,Debit,Completed,,Loan Payment - LN2019080000186,False,,2.5,,Automated,Home Loan,standard_payment,False,loan_payment_generator,False,
TXNL202100001726,ACC0012150,IND19004874,LN2019080000188,LDO20210000983,17,2021-01-31,04:33:41,1715.29,Debit,Completed,,Loan Payment - LN2019080000188,False,,0.29,,Automated,Personal Loan,standard_payment,False,loan_payment_generator,False,
TXNL202100001727,ACC0012070,IND19014786,LN2019080000190,LDO20210000984,17,2021-01-16,02:07:50,2185.91,Debit,Completed,,Loan Payment - LN2019080000190 - Late Fee,False,,1.91,,Automated,Vehicle Loan,late_payment,False,loan_payment_generator,False,
TXNL202100001728,ACC0011524,IND19004328,LN2019080000201,LDO20210000985,17,2021-01-24,02:10:51,7691.1,Debit,Completed,,Loan Payment - LN2019080000201,False,,0.2,,Automated,Home Loan,standard_payment,False,loan_payment_generator,False,
TXNL202100001729,ACC0011461,IND19017490,LN2019080000205,LDO20210000986,17,2021-01-27,03:28:32,990.66,Debit,Completed,,Loan Payment - LN20190800...,False,,1.71,,Automated,Personal Loan,standard_payment,False,loan_payment_generator,True,truncated_description
TXNL202100001730,ACC0012050,IND19016322,LN2019080000226,LDO20210000987,17,2021-01-15,02:18:44,1099.32,Debit,Completed,,Loan Payment - LN2019080000226,False,,1.83,,Automated,Home Loan,standard_payment,False,loan_payment_generator,False,
TXNL202100001731,ACC0012873,COM19000059,LN2019080000227,,17,2021-01-16,04:12:45,3754.91,Debit,Completed,,Loan Payment - LN2019080000227,False,,2.5,,Automated,Business Loan,standard_payment,False,loan_payment_generator,False,
TXNL202100001732,ACC0012840,IND19003141,LN2019080000230,,17,2021-01-21,03:05:03,5617.05,Debit,Completed,,Loan Payment - LN2019080000230,False,,2.5,,Automated,Personal Loan,standard_payment,False,loan_payment_generator,False,
TXNL202100001733,ACC0011798,IND19011509,LN2019080000240,,17,2021-01-12,02:25:06,2102.33,Debit,Completed,,Loan Payment - LN2019080000240,False,,2.5,,Automated,Home Loan,standard_payment,False,loan_payment_generator,False,
TXNL202100001734,ACC0011396,IND19013318,LN2019080000246,,17,2021-01-17,03:28:38,2343.66,Debit,Completed,,Loan Payment - LN2019080000246,False,,2.5,,Automated,Personal Loan,standard_payment,False,loan_payment_generator,False,
TXNL202100001735,ACC0012031,IND19011475,LN2019080000282,,16,2021-01-04,03:18:14,1082.67,Debit,Completed,,Loan Payment - LN2019080000282,False,,2.5,,Automated,Home Loan,standard_payment,False,loan_payment_generator,False,
TXNL202100001736,ACC0012584,IND19008092,LN2019080000286,LDO20210000988,17,2021-01-16,04:11:39,1520.39,Debit,Completed,,Loan Payment - LN2019080000286,False,,1.31,,Automated,Personal Loan,standard_payment,False,loan_payment_generator,False,
TXNL202100001737,ACC0012140,IND19009372,LN2019080000289,,17,2021-01-30,04:22:05,570.43,Debit,Completed,,Loan Payment - LN2019080000289,False,,2.5,,Mobile,Home Loan,standard_payment,False,loan_payment_generator,False,
TXNL202100001738,ACC0011670,IND19007780,LN2019080000293,LDO20210000989,17,2021-01-25,04:09:56,1251.23,Debit,Completed,,Loan Payment - LN2019080000293,False,,0.05,,Automated,Home Loan,standard_payment,False,loan_payment_generator,False,
TXNL202100001739,ACC0011496,IND19008717,LN2019080000305,LDO20210000990,17,2021-01-19,04:30:28,3975.2,Debit,Completed,,Loan Payment - LN2019080000305,False,,0.91,,Automated,Personal Loan,standard_payment,False,loan_payment_generator,False,
TXNL202100001740,ACC0011412,IND19018577,LN2019080000318,,17,2021-01-24,03:33:45,2816.17,Debit,Completed,,Loan Payment - LN2019080000318,False,,2.5,,Automated,Home Loan,standard_payment,False,loan_payment_generator,False,
TXNL202100001741,ACC0012138,IND19011057,LN2019080000324,LDO20210000991,17,2021-01-22,03:50:04,598.35,Debit,Completed,,Loan Payment - LN2019080000324,False,,1.69,,Automated,Home Loan,standard_payment,False,loan_payment_generator,False,
TXNL202100001742,ACC0012602,IND19006076,LN2019080000325,,16,2021-01-06,04:25:27,2499.13,Debit,Completed,,Loan Payment - LN2019080000325,False,,2.5,,Automated,Personal Loan,standard_payment,False,loan_payment_generator,False,
TXNL202100001743,ACC0011856,IND19001864,LN2019080000327,,17,2021-01-24,03:40:44,17450.42,Debit,Completed,,Loan Payment - LN2019080000327,False,,2.5,,Automated,Personal Loan,standard_payment,False,loan_payment_generator,False,
TXNL202100001744,ACC0011622,IND19011558,LN2019080000339,LDO20210000992,17,2021-01-30,02:19:50,5773.38,Debit,Completed,,Loan Payment - LN2019080000339,False,,1.82,,Automated,Personal Loan,standard_payment,False,loan_payment_generator,False,
TXNL202100001745,ACC0012219,IND19008337,LN2019080000340,LDO20210000993,16,2021-01-04,03:39:22,2031.61,Debit,Completed,,Loan Payment - LN2019080000340,False,,1.38,,Automated,Vehicle Loan,standard_payment,False,loan_payment_generator,False,
TXNL202100001746,ACC0011613,IND19010239,LN2019080000345,LDO20210000994,16,2021-01-01,04:03:15,1463.63,Debit,Completed,,Loan Payment - LN2019080000345,False,,1.39,,Automated,Home Loan,standard_payment,False,loan_payment_generator,False,
TXNL202100001747,ACC0012386,IND19016064,LN2019080000351,,17,2021-01-20,04:20:58,2138.03,Debit,Completed,,Loan Payment - LN2019080000351,False,,2.5,,Automated,Home Loan,standard_payment,False,loan_payment_generator,False,
TXNL202100001748,ACC0011586,IND19010878,LN2019080000353,,16,2021-01-06,02:14:14,720.99,Debit,Completed,,Loan Payment - LN2019080000353 - Partial,False,,2.5,,Automated,Vehicle Loan,partial_payment,False,loan_payment_generator,False,
TXNL202100001749,ACC0012580,IND19005241,LN2019080000361,LDO20210000995,17,2021-01-22,02:51:58,1281.5,Debit,Completed,,Loan Payment - LN2019080000361,False,,1.4,,Automated,Home Loan,standard_payment,False,loan_payment_generator,False,
TXNL202100001750,ACC0011404,IND19004632,LN2019080000366,,17,2021-01-22,04:00:41,1224.26,Debit,Completed,,Loan Payment - LN2019080000366,False,,2.5,,Online,Vehicle Loan,standard_payment,False,loan_payment_generator,False,
TXNL202100001751,ACC0011682,IND19009113,LN2019080000376,LDO20210000996,17,2021-01-24,03:21:56,232.13,Debit,Completed,,Loan Payment - LN2019080000376,False,,0.1,,Automated,Home Loan,standard_payment,False,loan_payment_generator,False,
TXNL202100001752,ACC0012751,IND19000274,LN2019080000377,,16,2021-01-08,04:27:48,945.51,Debit,Completed,,Loan Payment - LN2019080000377,False,,2.5,,Automated,Personal Loan,standard_payment,False,loan_payment_generator,False,
TXNL202100001753,ACC0012703,IND19008523,LN2019080000384,LDO20210000997,17,2021-01-26,03:30:59,3201.92,Debit,Completed,,Loan Payment - LN2019080000384,False,,0.79,,Automated,Home Loan,standard_payment,False,loan_payment_generator,False,
TXNL202100001754,ACC0012789,IND19016688,LN2019080000387,LDO20210000998,17,2021-01-15,04:42:19,2315.84,Debit,Completed,,Loan Payment - LN2019080000387,False,,0.05,,Automated,Home Loan,standard_payment,False,loan_payment_generator,False,
TXNL202100001755,ACC0012075,IND19011763,LN2019080000399,LDO20210000999,17,2021-01-27,03:06:24,2155.58,Debit,Completed,,Loan Payment - LN2019080000399,False,,0.32,,Automated,Home Loan,standard_payment,False,loan_payment_generator,False,
TXNL202100001756,ACC0011709,IND19002966,LN2019080000403,LDO20210001000,17,2021-01-23,02:20:17,2410.24,Debit,Completed,,Loan Payment - LN2019080000403,False,,0.58,,Automated,Home Loan,standard_payment,False,loan_payment_generator,False,
TXNL202100001757,ACC0011990,IND19001331,LN2019080000409,,17,2021-01-21,03:42:39,1850.79,Debit,Completed,,Loan Payment - LN2019080000409,False,,2.5,,Automated,Home Loan,standard_payment,False,loan_payment_generator,False,
TXNL202100001758,ACC0012065,IND19005416,LN2019080000416,,17,2021-01-14,02:33:12,13961.04,Debit,Completed,,Loan Payment - LN2019080000416,False,,2.5,,Automated,Personal Loan,standard_payment,False,loan_payment_generator,False,
TXNL202100001759,ACC0012562,IND19013202,LN2019080000426,LDO20210001001,17,2021-01-19,03:24:48,602.0,Debit,Completed,,Loan Payment - LN2019080000426,False,,1.9,,Automated,Home Loan,standard_payment,False,loan_payment_generator,False,
TXNL202100001760,ACC0012313,IND19004224,LN2019080000432,LDO20210001002,16,2021-01-01,03:42:37,5183.74,Debit,Completed,,Loan Payment - LN2019080000432,False,,1.3,,Automated,Vehicle Loan,standard_payment,False,loan_payment_generator,False,
TXNL202100001761,ACC0012455,IND19004353,LN2019080000452,LDO20210001003,17,2021-01-28,02:23:28,453.98,Debit,Completed,,Loan Payment - LN2019080000452,False,,1.36,,Automated,Home Loan,standard_payment,False,loan_payment_generator,False,
TXNL202100001762,ACC0012484,IND19017142,LN2019080000460,LDO20210001004,16,2021-01-05,03:36:15,6863.43,Debit,Completed,,Loan Payment - LN2019080000460,False,,1.49,,Automated,Personal Loan,standard_payment,False,loan_payment_generator,False,
TXNL202100001763,ACC0012623,IND19013912,LN2019080000468,LDO20210001005,17,2021-01-26,02:58:28,3720.6,Debit,Completed,,Loan Payment - LN2019080000468,False,,0.63,,Automated,Personal Loan,standard_payment,False,loan_payment_generator,False,
TXNL202100001764,ACC0011341,IND19014324,LN2019080000469,,16,2021-01-07,07:10:40,2000.9,Debit,Completed,,Loan Payment - LN2019080000469,False,,2.5,,Online,Personal Loan,standard_payment,False,loan_payment_generator,False,
TXNL202100001765,ACC0011844,IND19010575,LN2019080000471,LDO20210001006,16,2021-01-04,04:43:29,1747.25,Debit,Completed,,Loan Payment - LN2019080000471,False,,0.97,,Automated,Personal Loan,standard_payment,False,loan_payment_generator,False,
TXNL202100001766,ACC0012109,IND19002079,LN2019080000479,,16,2021-01-02,04:11:24,2001.1,Debit,Completed,,Loan Payment - LN2019080000479,False,,2.5,,Automated,Home Loan,standard_payment,False,loan_payment_generator,False,
TXNL202100001767,ACC0012728,IND19009689,LN2019080000483,,16,2021-01-01,04:59:02,1054.87,Debit,Completed,,Loan Payment - LN2019080000483,False,,2.5,,Online,Home Loan,standard_payment,False,loan_payment_generator,False,
TXNL202100001768,ACC0012548,IND19009914,LN2019080000489,,17,2021-01-19,02:28:07,385.65,Debit,Completed,,Loan Payment - LN2019080000489,False,,2.5,,Online,Home Loan,standard_payment,False,loan_payment_generator,False,
TXNL202100001769,ACC0012388,IND19007153,LN2019080000490,,17,2021-01-28,02:46:35,6899.97,Debit,Completed,,Loan Payment - LN2019080000490,False,,2.5,,Automated,Personal Loan,standard_payment,False,loan_payment_generator,False,
TXNL202100001770,ACC0012665,IND19002202,LN2019080000494,LDO20210001008,17,2021-01-12,02:04:29,6291.14,Debit,Completed,,Loan Payment - LN2019080000494,False,,0.6,,Automated,Home Loan,standard_payment,False,loan_payment_generator,False,
TXNL202100001771,ACC0012207,IND19018275,LN2019080000497,,17,2021-01-21,03:29:40,1403.53,Debit,Completed,,Loan Payment - LN2019080000497,False,,2.5,,Automated,Vehicle Loan,standard_payment,False,loan_payment_generator,False,
TXNL202100001772,ACC0011652,IND19016744,LN2019080000499,LDO20210001009,17,2021-01-10,04:49:37,2766.8,Debit,Completed,,Loan Payment - LN2019080000499,False,,0.74,,Automated,Personal Loan,standard_payment,False,loan_payment_generator,False,
TXNL202100001773,ACC0012824,IND19017661,LN2019080000509,LDO20210001010,17,2021-01-12,04:06:22,1044.23,Debit,Completed,,Loan Payment - LN2019080000509,False,,1.05,,Automated,Home Loan,standard_payment,False,loan_payment_generator,False,
TXNL202100001774,ACC0012808,IND19015435,LN2019080000518,LDO20210001012,17,2021-01-24,04:05:50,4821.33,Debit,Completed,,Loan Payment - LN2019080000518,False,,1.14,,Automated,Personal Loan,standard_payment,False,loan_payment_generator,False,
TXNL202100001775,ACC0011786,IND19002805,LN2019080000524,LDO20210001013,17,2021-01-23,04:10:59,2148.89,Debit,Completed,,Loan Payment - LN2019080000524,False,,0.91,,Automated,Home Loan,standard_payment,False,loan_payment_generator,False,
TXNL202100001776,ACC0012197,IND19005331,LN2019080000531,,16,2021-01-01,04:56:37,3440.19,Debit,Completed,,Loan Payment - LN2019080000531,False,,2.5,,Automated,Home Loan,standard_payment,False,loan_payment_generator,False,
TXNL202100001777,ACC0012782,IND19006349,LN2019080000532,LDO20210001014,17,2021-01-19,02:27:42,452.53,Debit,Completed,,Loan Payment - LN2019080000532,False,,1.04,,Automated,Home Loan,standard_payment,False,loan_payment_generator,False,
TXNL202100001778,ACC0011320,IND19003717,LN2019080000543,LDO20210001015,17,2021-01-24,03:07:19,1165.62,Debit,Completed,,Loan Payment - LN2019080000543,False,,0.53,,Automated,Home Loan,standard_payment,False,loan_payment_generator,False,
TXNL202100001779,ACC0012351,IND19019353,LN2019080000544,LDO20210001016,16,2021-01-05,02:56:22,5553.8,Debit,Completed,,Loan Payment - LN2019080000544,False,,1.0,,Automated,Home Loan,standard_payment,False,loan_payment_generator,False,
TXNL202100001780,ACC0012892,COM19000349,LN2019080000573,LDO20210001017,16,2021-01-04,03:30:22,4060.87,Debit,Completed,,Loan Payment - LN2019080000573,False,,1.45,,Automated,Business Loan,standard_payment,False,loan_payment_generator,False,
TXNL202100001781,ACC0011720,IND19005915,LN2019080000578,LDO20210001018,16,2021-01-02,03:53:03,2926.51,Debit,Completed,,Loan Payment - LN2019080000578,False,,0.61,,Automated,Personal Loan,standard_payment,False,loan_payment_generator,False,
TXNL202100001782,ACC0011976,IND19001534,LN2019080000582,LDO20210001019,17,2021-01-18,04:47:09,1982.69,Debit,Completed,,Loan Payment - LN2019080000582,False,,1.86,,Automated,Home Loan,standard_payment,False,loan_payment_generator,False,
TXNL202100001783,ACC0011545,IND19001828,LN2019080000585,LDO20210001020,16,2021-01-03,04:13:56,2020.45,Debit,Completed,,Loan Payment - LN2019080000585,False,,1.81,,Automated,Personal Loan,standard_payment,False,loan_payment_generator,False,
TXNL202100001784,ACC0012561,IND19003165,LN2019080000587,LDO20210001021,16,2021-01-07,02:21:57,2476.71,Debit,Completed,,Loan Payment - LN2019080000587,False,,1.85,,Automated,Vehicle Loan,standard_payment,False,loan_payment_generator,False,
TXNL202100001785,ACC0012087,IND19002832,LN2019080000596,LDO20210001022,17,2021-01-11,04:19:59,1854.26,Debit,Completed,,Loan Payment - LN2019080000596,False,,1.85,,Automated,Home Loan,standard_payment,False,loan_payment_generator,False,
TXNL202100001786,ACC0012442,IND19012118,LN2019080000608,LDO20210001023,17,2021-01-27,02:46:05,289.71,Debit,Completed,,Loan Payment - LN2019080000608 - Partial,False,,0.73,,Automated,Home Loan,partial_payment,False,loan_payment_generator,False,
TXNL202100001787,ACC0011827,IND19019306,LN2019080000610,LDO20210001024,17,2021-01-24,04:33:43,5250.85,Debit,Completed,,Loan Payment - LN2019080000610,False,,1.39,,Automated,Home Loan,standard_payment,False,loan_payment_generator,False,
TXNL202100001788,ACC0011851,IND19002526,LN2019080000612,LDO20210001025,17,2021-01-29,04:23:07,1209.32,Debit,Completed,,Loan Payment - LN2019080000612,False,,1.48,,Automated,Vehicle Loan,standard_payment,False,loan_payment_generator,False,
TXNL202100001789,ACC0012459,IND19012342,LN2019080000620,,17,2021-01-30,03:28:01,1044.73,Debit,Completed,,Loan Payment - LN2019080000620,False,,2.5,,Mobile,Home Loan,standard_payment,False,loan_payment_generator,False,
TXNL202100001790,ACC0011859,IND19006757,LN2019080000621,LDO20210001026,17,2021-01-13,02:40:54,2414.77,Debit,Completed,,Loan Payment - LN2019080000621,False,,1.81,,Automated,Home Loan,standard_payment,False,loan_payment_generator,False,
TXNL202100001791,ACC0011386,IND19003795,LN2019080000623,,17,2021-01-25,04:52:56,2005.69,Debit,Completed,,Loan Payment - LN2019080000623,False,,2.5,,Automated,Vehicle Loan,standard_payment,False,loan_payment_generator,False,
TXNL202100001792,ACC0011295,IND19004695,LN2019080000626,LDO20210001027,16,2021-01-06,02:55:22,1220.21,Debit,Completed,,Loan Payment - LN2019080000626,False,,0.88,,Automated,Vehicle Loan,standard_payment,False,loan_payment_generator,False,
TXNL202100001793,ACC0012498,IND19007077,LN2019080000639,,17,2021-01-30,04:47:11,5688.65,Debit,Completed,,Loan Payment - LN2019080000639 - Extra Principal,False,,2.5,,Automated,Home Loan,extra_payment,False,loan_payment_generator,False,
TXNL202100001794,ACC0011428,IND19000865,LN2019080000652,,16,2021-01-01,07:42:00,2529.76,Debit,Failed,account_blocked,Loan Payment - LN2019080000652,True,,10.0,,Online,Vehicle Loan,standard_payment,False,loan_payment_generator,False,
TXNL202100001795,ACC0012711,IND19006279,LN2019080000674,LDO20210001028,17,2021-01-23,02:17:21,4543.81,Debit,Failed,account_blocked,Loan Payment - LN2019080000674,False,,0.73,,Automated,Home Loan,standard_payment,False,loan_payment_generator,False,
TXNL202100001796,ACC0011883,IND19001987,LN2019080000682,LDO20210001029,17,2021-01-27,04:26:59,953.98,Debit,Completed,,Loan Payment - LN2019080000682,False,,0.21,,Automated,Personal Loan,standard_payment,False,loan_payment_generator,False,
TXNL202100001797,ACC0012756,IND19013754,LN2019080000683,,17,2021-01-16,04:28:56,471.71,Debit,Completed,,Loan Payment - LN2019080000683,False,,2.5,,Online,Personal Loan,standard_payment,False,loan_payment_generator,False,
TXNL202100001798,ACC0012151,IND19007839,LN2019080000722,LDO20210001030,17,2021-01-19,02:30:15,1520.82,Debit,Completed,,Loan Payment - LN2019080000722,False,,1.95,,Automated,Home Loan,standard_payment,False,loan_payment_generator,False,
TXNL202100001799,ACC0011551,IND19001572,LN2019080000728,,17,2021-01-26,04:55:29,1216.92,Debit,Completed,,Loan Payment - LN2019080000728,False,,2.5,,Online,Home Loan,standard_payment,False,loan_payment_generator,False,
TXNL202100001800,ACC0011616,IND19017642,LN2019080000737,LDO20210001032,17,2021-01-23,04:06:16,6140.26,Debit,Completed,,Loan Payment - LN2019080000737,False,,0.73,,Automated,Personal Loan,standard_payment,False,loan_payment_generator,False,
TXNL202100001801,ACC0011583,IND19013428,LN2019080000758,LDO20210001033,17,2021-01-27,04:38:59,967.65,Debit,Completed,,Loan Payment - LN2019080000758,False,,1.53,,Automated,Personal Loan,standard_payment,False,loan_payment_generator,False,
TXNL202100001802,ACC0011932,IND19016374,LN2019080000761,LDO20210001034,17,2021-01-24,04:51:18,4306.89,Debit,Failed,insufficient_funds,Loan Payment - LN2019080000761,False,,0.75,,Automated,Home Loan,standard_payment,False,loan_payment_generator,False,
TXNL202100001803,ACC0011818,IND19002541,LN2019080000766,,17,2021-01-25,03:12:44,3075.79,Debit,Completed,,Loan Payment - LN2019080000766,False,,2.5,,Automated,Home Loan,standard_payment,False,loan_payment_generator,False,
TXNL202100001804,ACC0012777,IND19003104,LN2019080000767,LDO20210001035,17,2021-01-30,04:49:44,1568.57,Debit,Completed,,Loan Payment - LN2019080000767,False,,1.38,,Automated,Vehicle Loan,standard_payment,False,loan_payment_generator,False,
TXNL202100001805,ACC0011480,IND19001929,LN2019080000773,LDO20210001036,17,2021-01-21,04:56:42,811.55,Debit,Completed,,Loan Payment - LN2019080000773,False,,0.61,,Automated,Home Loan,standard_payment,False,loan_payment_generator,False,
TXNL202100001806,ACC0012512,IND19015680,LN2019080000774,,16,2021-01-05,03:55:23,2348.32,Debit,Completed,,Loan Payment - LN20190800...,False,,2.5,,Automated,Vehicle Loan,standard_payment,False,loan_payment_generator,True,truncated_description
TXNL202100001807,ACC0012554,IND19017928,LN2019080000778,LDO20210001037,16,2021-01-01,02:34:54,2759.92,Debit,Completed,,Loan Payment - LN2019080000778,False,,1.25,,Automated,Personal Loan,standard_payment,False,loan_payment_generator,False,
TXNL202100001808,ACC0012682,IND19009302,LN2019080000790,,16,2021-01-05,02:52:24,871.66,Debit,Completed,,Loan Payment - LN2019080000790,False,,2.5,,Automated,Home Loan,standard_payment,False,loan_payment_generator,False,
TXNL202100001809,ACC0012475,IND19014810,LN2019080000803,,17,2021-01-18,03:45:42,4608.52,Debit,Completed,,Loan Payment - LN2019080000803,False,,2.5,,Automated,Home Loan,standard_payment,False,loan_payment_generator,False,
TXNL202100001810,ACC0011848,IND19016189,LN2019080000806,,17,2021-01-15,04:48:12,1811.9,Debit,Completed,,Loan Payment - LN2019080000806 - Late Fee,False,,2.5,,Automated,Personal Loan,late_payment,False,loan_payment_generator,False,
TXNL202100001811,ACC0012732,IND19016318,LN2019080000814,LDO20210001039,17,2021-01-24,04:33:30,953.95,Debit,Completed,,Loan Payment - LN2019080000814,False,,1.99,,Automated,Vehicle Loan,standard_payment,False,loan_payment_generator,False,
TXNL202100001812,ACC0012275,IND19004402,LN2019080000816,,17,2021-01-19,04:42:04,527.36,Debit,Completed,,Loan Payment - LN2019080000816,False,,2.5,,Automated,Vehicle Loan,standard_payment,False,loan_payment_generator,False,
TXNL202100001813,ACC0012115,IND19005283,LN2019080000828,LDO20210001040,17,2021-01-16,02:08:42,2447.15,Debit,Completed,,Loan Payment - LN2019080000828 - Late Fee,False,,0.14,,Automated,Home Loan,late_payment,False,loan_payment_generator,False,
TXNL202100001814,ACC0011330,IND19011635,LN2019080000829,,16,2021-01-05,03:17:59,3467.56,Debit,Completed,,Loan Payment - LN2019080000829,False,,2.5,,Automated,Home Loan,standard_payment,False,loan_payment_generator,False,
TXNL202100001815,ACC0011529,IND19004634,LN2019080000831,,17,2021-01-27,04:47:05,3003.75,Debit,Completed,,Loan Payment - LN2019080000831,False,,2.5,,Automated,Home Loan,standard_payment,False,loan_payment_generator,False,
TXNL202100001816,ACC0012224,IND19014262,LN2019080000834,LDO20210001041,17,2021-01-21,03:56:38,7558.23,Debit,Completed,,Loan Payment - LN2019080000834,False,,0.01,,Automated,Home Loan,standard_payment,False,loan_payment_generator,False,
TXNL202100001817,ACC0011900,IND19016824,LN2019080000837,,16,2021-01-01,02:55:03,191.45,Debit,Completed,,Loan Payment - LN2019080000837,False,,2.5,,Online,Home Loan,standard_payment,False,loan_payment_generator,False,
TXNL202100001818,ACC0012539,IND19011505,LN2019080000867,LDO20210001042,17,2021-01-13,02:08:16,6098.43,Debit,Completed,,Loan Payment - LN2019080000867,False,,1.58,,Automated,Home Loan,standard_payment,False,loan_payment_generator,False,
TXNL202100001819,ACC0011362,IND19015936,LN2019080000884,,17,2021-01-19,03:12:26,1505.92,Debit,Completed,,Loan Payment - LN2019080000884,False,,2.5,,Automated,Home Loan,standard_payment,False,loan_payment_generator,False,
TXNL202100001820,ACC0012210,IND19019586,LN2019080000885,,17,2021-01-23,02:52:17,1958.7,Debit,Completed,,Loan Payment - LN2019080000885,False,,2.5,,Automated,Personal Loan,standard_payment,False,loan_payment_generator,False,
TXNL202100001821,ACC0011659,IND19015490,LN2019080000887,,16,2021-01-02,04:45:52,5458.5,Debit,Completed,,Loan Payment - LN2019080000887,False,,2.5,,Automated,Home Loan,standard_payment,False,loan_payment_generator,True,amount_rounding_error
TXNL202100001822,ACC0012226,IND19017233,LN2019080000890,,17,2021-01-24,02:20:01,4797.14,Debit,Completed,,Loan Payment - LN2019080000890,False,,2.5,,Automated,Personal Loan,standard_payment,False,loan_payment_generator,False,
TXNL202100001823,ACC0012851,IND19015798,LN2019080000892,,17,2021-01-22,04:17:54,1529.05,Debit,Completed,,Loan Payment - LN2019080000892,False,,2.5,,Automated,Vehicle Loan,standard_payment,False,loan_payment_generator,False,
TXNL202100001824,ACC0012266,IND19003573,LN2019080000898,LDO20210001043,16,2021-01-01,03:47:46,1845.53,Debit,Completed,,Loan Payment - LN2019080000898,False,,1.2,,Automated,Vehicle Loan,standard_payment,False,loan_payment_generator,False,
TXNL202100001825,ACC0011792,IND19012021,LN2019080000908,,17,2021-01-17,04:21:00,3093.11,Debit,Completed,,Loan Payment - LN2019080000908,False,,2.5,,Automated,Vehicle Loan,standard_payment,False,loan_payment_generator,False,
TXNL202100001826,ACC0011822,IND19006466,LN2019080000912,,17,2021-01-21,04:17:14,2085.87,Debit,Cancelled,customer_stop_instruction,Loan Payment - LN2019080000912 - Partial,False,,2.5,,Automated,Vehicle Loan,partial_payment,False,loan_payment_generator,False,
TXNL202100001827,ACC0012373,IND19004144,LN2019080000920,LDO20210001045,17,2021-01-25,04:46:00,2549.04,Debit,Completed,,Loan Payment - LN2019080000920,False,,1.8,,Automated,Vehicle Loan,standard_payment,False,loan_payment_generator,False,
TXNL202100001828,ACC0011553,IND19016071,LN2019080000929,LDO20210001046,17,2021-01-23,02:12:54,835.9,Debit,Completed,,Loan Payment - LN2019080000929,False,,1.57,,Automated,Personal Loan,standard_payment,False,loan_payment_generator,False,
TXNL202100001829,ACC0012212,IND19008741,LN2019080000931,LDO20210001047,17,2021-01-13,03:09:25,2202.97,Debit,Completed,,Loan Payment - LN2019080000931 - Late Fee,False,,0.14,,Automated,Vehicle Loan,late_payment,False,loan_payment_generator,False,
TXNL202100001830,ACC0011662,IND19007783,LN2019080000938,LDO20210001048,17,2021-01-20,02:17:02,14044.98,Debit,Completed,,Loan Payment - LN20190800...,False,,1.64,,Automated,Personal Loan,standard_payment,False,loan_payment_generator,True,truncated_description
TXNL202100001831,ACC0012113,IND19011037,LN2019080000941,,17,2021-01-11,04:53:50,4909.23,Debit,Completed,,Loan Payment - LN2019080000941,False,,2.5,,Automated,Home Loan,standard_payment,False,loan_payment_generator,False,
TXNL202100001832,ACC0012170,IND19002223,LN2019080000942,LDO20210001049,17,2021-01-21,02:37:13,465.59,Debit,Completed,,Loan Payment - LN2019080000942,False,,0.51,,Automated,Vehicle Loan,standard_payment,False,loan_payment_generator,False,
TXNL202100001833,ACC0012092,IND19008449,LN2019080000946,,17,2021-01-15,03:57:04,2105.91,Debit,Completed,,Loan Payment - LN2019080000946,False,,2.5,,Automated,Home Loan,standard_payment,False,loan_payment_generator,False,
TXNL202100001834,ACC0012767,IND19006341,LN2019080000950,LDO20210001050,17,2021-01-21,03:44:17,1417.45,Debit,Completed,,Loan Payment - LN2019080000950,False,,1.83,,Automated,Home Loan,standard_payment,False,loan_payment_generator,False,
TXNL202100001835,ACC0012614,IND19014627,LN2019080000953,LDO20210001051,16,2021-01-01,03:40:59,2160.22,Debit,Completed,,Loan Payment - LN2019080000953,False,,0.01,,Automated,Vehicle Loan,standard_payment,False,loan_payment_generator,False,
TXNL202100001836,ACC0012204,IND19003136,LN2019080000954,LDO20210001052,16,2021-01-02,02:25:15,753.49,Debit,Completed,,Loan Payment - LN2019080000954,False,,0.69,,Automated,Home Loan,standard_payment,False,loan_payment_generator,False,
TXNL202100001837,ACC0012896,COM19000288,LN2019080000963,LDO20210001053,17,2021-01-29,02:42:28,8606.07,Debit,Completed,,Loan Payment - LN2019080000963,False,,1.52,,Automated,Business Loan,standard_payment,False,loan_payment_generator,False,
TXNL202100001838,ACC0012158,IND19016865,LN2019080000989,LDO20210001054,17,2021-01-13,04:44:49,5394.31,Debit,Completed,,Loan Payment - LN2019080000989,False,,0.67,,Automated,Home Loan,standard_payment,False,loan_payment_generator,False,
TXNL202100001839,ACC0012171,IND19019262,LN2019080000993,LDO20210001055,17,2021-01-28,02:01:20,3358.57,Debit,Completed,,Loan Payment - LN2019080000993,False,,0.28,,Automated,Personal Loan,standard_payment,False,loan_payment_generator,False,
TXNL202100001840,ACC0011454,IND19004910,LN2019080000995,LDO20210001056,17,2021-01-20,03:41:07,3405.49,Debit,Completed,,Loan Payment - LN2019080000995,False,,0.26,,Automated,Vehicle Loan,standard_payment,False,loan_payment_generator,False,
TXNL202100001841,ACC0012234,IND19012335,LN2019080000997,LDO20210001057,17,2021-01-24,04:22:31,1074.89,Debit,Completed,,Loan Payment - LN2019080000997,False,,1.71,,Automated,Home Loan,standard_payment,False,loan_payment_generator,False,
TXNL202100001842,ACC0012118,IND19010720,LN2019080000999,LDO20210001059,17,2021-01-15,02:51:20,2914.52,Debit,Completed,,Loan Payment - LN2019080000999,False,,1.45,,Automated,Home Loan,standard_payment,False,loan_payment_generator,False,
TXNL202100001843,ACC0012260,IND19007134,LN2019080001002,LDO20210001060,17,2021-01-16,04:28:36,1148.13,Debit,Completed,,Loan Payment - LN2019080001002 - Late Fee,False,,1.27,,Automated,Vehicle Loan,late_payment,False,loan_payment_generator,False,
TXNL202100001844,ACC0012368,IND19017074,LN2019080001003,LDO20210001061,17,2021-01-28,02:16:54,17446.39,Debit,Completed,,Loan Payment - LN2019080001003 - Extra Principal,False,,1.73,,Automated,Personal Loan,extra_payment,False,loan_payment_generator,False,
TXNL202100001845,ACC0011570,IND19008030,LN2019080001004,,17,2021-01-16,05:19:58,11968.58,Debit,Completed,,Loan Payment - LN20190800...,False,,2.5,,Online,Personal Loan,standard_payment,False,loan_payment_generator,True,truncated_description
TXNL202100001846,ACC0012499,IND19014773,LN2019080001010,LDO20210001062,16,2021-01-03,03:10:09,1656.36,Debit,Completed,,Loan Payment - LN2019080001010,False,,1.16,,Automated,Personal Loan,standard_payment,False,loan_payment_generator,False,
TXNL202100001847,ACC0012494,IND19001976,LN2019080001013,,16,2021-01-04,04:32:18,2311.56,Debit,Completed,,Loan Payment - LN2019080001013,False,,2.5,,Automated,Home Loan,standard_payment,False,loan_payment_generator,False,
TXNL202100001848,ACC0011520,IND19012986,LN2019080001014,LDO20210001063,16,2021-01-03,02:06:31,2298.49,Debit,Completed,,Loan Payment - LN2019080001014,False,,1.26,,Automated,Vehicle Loan,standard_payment,False,loan_payment_generator,False,
TXNL202100001849,ACC0012768,IND19010556,LN2019080001021,LDO20210001064,17,2021-01-14,04:47:02,4190.14,Debit,Failed,insufficient_funds,Loan Payment - LN2019080001021,False,,0.45,,Automated,Personal Loan,standard_payment,False,loan_payment_generator,False,
TXNL202100001850,ACC0012133,IND19000962,LN2019080001027,LDO20210001065,17,2021-01-29,03:40:30,929.9,Debit,Completed,,Loan Payment - LN2019080001027,False,,0.59,,Automated,Personal Loan,standard_payment,False,loan_payment_generator,False,
TXNL202100001851,ACC0012747,IND19005503,LN2019080001029,LDO20210001066,17,2021-01-29,02:18:56,447.83,Debit,Completed,,Loan Payment - LN2019080001029,False,,0.94,,Automated,Home Loan,standard_payment,False,loan_payment_generator,False,
TXNL202100001852,ACC0011299,IND19013786,LN2019080001033,,17,2021-01-22,04:40:40,4077.76,Debit,Completed,,Loan Payment - LN2019080001033,False,,2.5,,Automated,Home Loan,standard_payment,False,loan_payment_generator,False,
TXNL202100001853,ACC0011729,IND19009759,LN2019080001034,,16,2021-01-01,03:24:03,6287.99,Debit,Completed,,Loan Payment - LN2019080001034,False,,2.5,,Automated,Home Loan,standard_payment,False,loan_payment_generator,False,
TXNL202100001854,ACC0011740,IND19008521,LN2019080001037,,16,2021-01-09,02:50:18,10740.24,Debit,Completed,,Loan Payment - LN2019080001037,False,,2.5,,Automated,Personal Loan,standard_payment,False,loan_payment_generator,False,
TXNL202100001855,ACC0012654,IND19004248,LN2019080001042,,17,2021-01-22,04:55:08,1661.75,Debit,Completed,,Loan Payment - LN2019080001042,False,,2.5,,Automated,Vehicle Loan,standard_payment,False,loan_payment_generator,False,
TXNL202100001856,ACC0012504,IND19000209,LN2019080001043,,16,2021-01-09,04:00:59,1686.55,Debit,Completed,,Loan Payment - LN2019080001043,False,,2.5,,Automated,Personal Loan,standard_payment,False,loan_payment_generator,False,
TXNL202100001857,ACC0012103,IND19001306,LN2019080001044,LDO20210001067,17,2021-01-31,02:25:44,927.03,Debit,Completed,,Loan Payment - LN2019080001044,False,,0.64,,Automated,Home Loan,standard_payment,False,loan_payment_generator,False,
TXNL202100001858,ACC0012356,IND19014034,LN2019080001051,,17,2021-01-31,03:45:40,1831.54,Debit,Completed,,Loan Payment - LN2019080001051,False,,2.5,,Automated,Home Loan,standard_payment,False,loan_payment_generator,False,
TXNL202100001859,ACC0012758,IND19006998,LN2019080001059,LDO20210001068,16,2021-01-10,04:02:17,3290.24,Debit,Completed,,Loan Payment - LN2019080001059,False,,0.01,,Automated,Vehicle Loan,standard_payment,False,loan_payment_generator,False,
TXNL202100001860,ACC0012214,IND19014256,LN2019080001062,LDO20210001069,17,2021-01-19,02:26:56,3700.9,Debit,Completed,,Loan Payment - LN2019080001062,False,,0.07,,Automated,Home Loan,standard_payment,False,loan_payment_generator,False,
TXNL202100001861,ACC0012250,IND19013806,LN2019080001067,,16,2021-01-02,01:45:21,1338.63,Debit,Failed,account_blocked,Loan Payment - LN2019080001067 - Recovery,False,,2.5,,Online,Personal Loan,recovery_payment,True,loan_payment_generator,False,
TXNL202100001862,ACC0011636,IND19007660,LN2019080001072,LDO20210001070,17,2021-01-27,04:55:19,2269.22,Debit,Completed,,Loan Payment - LN2019080001072,False,,0.98,,Automated,Personal Loan,standard_payment,False,loan_payment_generator,False,
TXNL202100001863,ACC0012027,IND19008927,LN2019080001074,,16,2021-01-09,04:35:42,1433.59,Debit,Completed,,Loan Payment - LN2019080001074,False,,2.5,,Automated,Home Loan,standard_payment,False,loan_payment_generator,False,
TXNL202100001864,ACC0011688,IND19017736,LN2019080001076,,17,2021-01-18,03:47:02,2108.72,Debit,Completed,,Loan Payment - LN2019080001076,False,,2.5,,Automated,Personal Loan,standard_payment,False,loan_payment_generator,False,
TXNL202100001865,ACC0011814,IND19013409,LN2019080001082,LDO20210001071,17,2021-01-23,03:29:36,3589.0,Debit,Cancelled,customer_stop_instruction,Loan Payment - LN2019080001082,False,,0.21,,Automated,Home Loan,standard_payment,False,loan_payment_generator,False,
TXNL202100001866,ACC0012076,IND19015931,LN2019080001086,LDO20210001072,17,2021-01-29,02:30:05,1514.97,Debit,Completed,,Loan Payment - LN2019080001086,False,,1.15,,Automated,Vehicle Loan,standard_payment,False,loan_payment_generator,False,
TXNL202100001867,ACC0012385,IND19001495,LN2019080001088,LDO20210001073,16,2021-01-02,04:30:48,952.55,Debit,Completed,,Loan Payment - LN2019080001088,False,,1.16,,Automated,Home Loan,standard_payment,False,loan_payment_generator,False,
TXNL202100001868,ACC0012393,IND19006925,LN2019080001091,LDO20210001074,17,2021-01-21,03:14:55,1087.45,Debit,Completed,,Loan Payment - LN2019080001091 - Partial,False,,1.11,,Automated,Personal Loan,partial_payment,False,loan_payment_generator,False,
TXNL202100001869,ACC0011558,IND19005048,LN2019080001099,LDO20210001075,17,2021-01-28,03:59:43,3638.6,Debit,Completed,,Loan Payment - LN2019080001099,False,,0.21,,Automated,Vehicle Loan,standard_payment,False,loan_payment_generator,False,
TXNL202100001870,ACC0012513,IND19015680,LN2019080001108,,17,2021-01-30,03:45:17,1352.59,Debit,Completed,,Loan Payment - LN2019080001108,False,,2.5,,Automated,Vehicle Loan,standard_payment,False,loan_payment_generator,False,
TXNL202100001871,ACC0012107,IND19008635,LN2019080001114,LDO20210001076,17,2021-01-27,03:17:34,2024.88,Debit,Completed,,Loan Payment - LN2019080001114,False,,1.93,,Automated,Vehicle Loan,standard_payment,False,loan_payment_generator,False,
TXNL202100001872,ACC0012739,IND19007446,LN2019080001118,,16,2021-01-01,02:22:33,1157.72,Debit,Completed,,Loan Payment - LN2019080001118,False,,2.5,,Automated,Personal Loan,standard_payment,False,loan_payment_generator,False,
TXNL202100001873,ACC0012222,IND19019694,LN2019080001126,,17,2021-01-09,04:49:01,3692.67,Debit,Completed,,Loan Payment - LN2019080001126,False,,2.5,,Online,Home Loan,standard_payment,False,loan_payment_generator,False,
TXNL202100001874,ACC0011605,IND19007573,LN2019080001139,LDO20210001077,17,2021-01-27,04:20:59,8340.92,Debit,Completed,,Loan Payment - LN2019080001139,False,,0.52,,Automated,Home Loan,standard_payment,False,loan_payment_generator,False,
TXNL202100001875,ACC0012849,IND19005417,LN2019080001142,LDO20210001078,16,2021-01-05,04:09:39,2277.83,Debit,Completed,,Loan Payment - LN2019080001142,False,,0.59,,Automated,Home Loan,standard_payment,False,loan_payment_generator,False,
TXNL202100001876,ACC0012303,IND19009010,LN2019080001143,LDO20210001079,17,2021-01-20,04:31:07,1370.63,Debit,Completed,,Loan Payment - LN2019080001143,False,,0.69,,Automated,Home Loan,standard_payment,False,loan_payment_generator,False,
TXNL202100001877,ACC0012015,IND19003146,LN2019080001148,LDO20210001080,17,2021-01-24,03:36:58,3392.06,Debit,Completed,,Loan Payment - LN2019080001148,False,,1.68,,Automated,Personal Loan,standard_payment,False,loan_payment_generator,False,
TXNL202100001878,ACC0011594,IND19009558,LN2019080001154,,17,2021-01-14,03:56:45,7344.24,Debit,Completed,,Loan Payment - LN2019080001154,False,,2.5,,Automated,Home Loan,standard_payment,False,loan_payment_generator,False,
TXNL202100001879,ACC0012583,IND19004856,LN2019080001169,LDO20210001081,17,2021-01-23,03:29:30,1508.05,Debit,Completed,,Loan Payment - LN2019080001169,False,,1.41,,Automated,Home Loan,standard_payment,False,loan_payment_generator,False,
TXNL202100001880,ACC0011843,IND19002977,LN2019080001175,LDO20210001082,17,2021-01-29,03:55:44,1117.08,Debit,Completed,,Loan Payment - LN2019080001175,False,,1.49,,Automated,Vehicle Loan,standard_payment,False,loan_payment_generator,False,
TXNL202100001881,ACC0012571,IND19001949,LN2019080001186,LDO20210001083,16,2021-01-03,04:02:21,2279.73,Debit,Completed,,Loan Payment - LN2019080001186,False,,1.76,,Automated,Home Loan,standard_payment,False,loan_payment_generator,False,
TXNL202100001882,ACC0012218,IND19008337,LN2019080001196,LDO20210001084,16,2021-01-02,04:45:01,2775.96,Debit,Completed,,Loan Payment - LN2019080001196,False,,0.9,,Automated,Home Loan,standard_payment,False,loan_payment_generator,False,
TXNL202100001883,ACC0012713,IND19011304,LN2019080001197,,16,2021-01-10,04:32:24,3582.86,Debit,Completed,,Loan Payment - LN2019080001197,False,,2.5,,Automated,Vehicle Loan,standard_payment,False,loan_payment_generator,False,
TXNL202100001884,ACC0011806,IND19012627,LN2019080001202,LDO20210001085,16,2021-01-10,03:05:49,1614.11,Debit,Completed,,Loan Payment - LN2019080001202,False,,0.33,,Automated,Home Loan,standard_payment,False,loan_payment_generator,False,
TXNL202100001885,ACC0011418,IND19002376,LN2019080001203,LDO20210001086,16,2021-01-02,04:40:04,11952.78,Debit,Completed,,Loan Payment - LN2019080001203,False,,0.3,,Automated,Personal Loan,standard_payment,False,loan_payment_generator,False,
TXNL202100001886,ACC0012240,IND19004835,LN2019080001206,,17,2021-01-12,02:02:47,3581.14,Debit,Completed,,Loan Payment - LN2019080001206,False,,2.5,,Automated,Home Loan,standard_payment,False,loan_payment_generator,False,
TXNL202100001887,ACC0011803,IND19019137,LN2019080001216,,17,2021-01-29,02:26:20,7160.2,Debit,Completed,,Loan Payment - LN2019080001216,False,,2.5,,Automated,Personal Loan,standard_payment,False,loan_payment_generator,False,
TXNL202100001888,ACC0012305,IND19010535,LN2019080001230,,17,2021-01-28,03:22:32,7718.99,Debit,Completed,,Loan Payment - LN2019080001230,False,,2.5,,Automated,Home Loan,standard_payment,False,loan_payment_generator,False,
TXNL202100001889,ACC0011726,IND19014238,LN2019080001235,LDO20210001087,17,2021-01-22,03:28:57,2032.12,Debit,Completed,,Loan Payment - LN2019080001235,False,,0.52,,Automated,Home Loan,standard_payment,False,loan_payment_generator,False,
TXNL202100001890,ACC0011377,IND19012177,LN2019080001240,,16,2021-01-05,02:36:25,4752.33,Debit,Completed,,Loan Payment - LN2019080001240,False,,2.5,,Automated,Home Loan,standard_payment,False,loan_payment_generator,False,
TXNL202100001891,ACC0011584,IND19012193,LN2019080001246,LDO20210001088,17,2021-01-29,03:39:30,1771.62,Debit,Completed,,Loan Payment - LN2019080001246,False,,1.57,,Automated,Home Loan,standard_payment,False,loan_payment_generator,False,
TXNL202100001892,ACC0012871,COM19000067,LN2019080001247,,16,2021-01-06,04:41:44,6437.86,Debit,Completed,,Loan Payment - LN2019080001247,False,,2.5,,Online,Business Loan,standard_payment,False,loan_payment_generator,False,
TXNL202100001893,ACC0011658,IND19019139,LN2019080001248,LDO20210001089,17,2021-01-25,03:21:18,3175.16,Debit,Completed,,Loan Payment - LN2019080001248,False,,0.14,,Automated,Home Loan,standard_payment,False,loan_payment_generator,False,
TXNL202100001894,ACC0011513,IND19008916,LN2019080001249,LDO20210001090,17,2021-01-14,02:46:52,3148.52,Debit,Completed,,Loan Payment - LN2019080001249,False,,1.7,,Automated,Vehicle Loan,standard_payment,False,loan_payment_generator,False,
TXNL202100001895,ACC0012387,IND19019017,LN2019080001254,,17,2021-01-17,04:34:52,3550.47,Debit,Failed,insufficient_funds,Loan Payment - LN2019080001254,False,,2.5,,Automated,Home Loan,standard_payment,False,loan_payment_generator,False,
TXNL202100001896,ACC0011994,IND19001228,LN2019080001255,,17,2021-01-12,04:34:36,1807.86,Debit,Completed,,Loan Payment - LN2019080001255,False,,2.5,,Automated,Home Loan,standard_payment,False,loan_payment_generator,False,
TXNL202100001897,ACC0011382,IND19019008,LN2019080001261,LDO20210001091,17,2021-01-20,03:23:09,4340.55,Debit,Completed,,Loan Payment - LN2019080001261,False,,1.92,,Automated,Vehicle Loan,standard_payment,False,loan_payment_generator,False,
TXNL202100001898,ACC0012190,IND19004395,LN2019080001264,,17,2021-01-18,02:27:47,1786.59,Debit,Completed,,Loan Payment - LN2019080001264,False,,2.5,,Automated,Home Loan,standard_payment,False,loan_payment_generator,False,
TXNL202100001899,ACC0012332,IND19006771,LN2019080001266,,17,2021-01-31,05:04:11,602.03,Debit,Completed,,Loan Payment - LN2019080001266,False,,2.5,,Mobile,Home Loan,standard_payment,False,loan_payment_generator,False,
TXNL202100001900,ACC0012440,IND19003116,LN2019080001269,,17,2021-01-21,04:19:44,1257.96,Debit,Completed,,Loan Payment - LN2019080001269,False,,2.5,,Automated,Personal Loan,standard_payment,False,loan_payment_generator,False,
TXNL202100001901,ACC0011442,IND19004907,LN2019080001285,,16,2021-01-03,02:23:26,17502.09,Debit,Completed,,Loan Payment - LN2019080001285,False,,2.5,,Automated,Personal Loan,standard_payment,False,loan_payment_generator,False,
TXNL202100001902,ACC0011760,IND19014021,LN2019080001300,LDO20210001092,17,2021-01-29,04:21:56,4356.6,Debit,Completed,,Loan Payment - LN2019080001300,False,,0.99,,Automated,Home Loan,standard_payment,False,loan_payment_generator,False,
TXNL202100001903,ACC0012523,IND19017835,LN2019080001321,,17,2021-01-25,01:38:18,1722.11,Debit,Completed,,Loan Payment - LN2019080001321 - Partial,False,,2.5,,Online,Personal Loan,partial_payment,False,loan_payment_generator,False,
TXNL202100001904,ACC0011965,IND19017536,LN2019080001324,LDO20210001093,17,2021-01-23,04:51:10,5397.08,Debit,Completed,,Loan Payment - LN2019080001324,False,,1.31,,Automated,Home Loan,standard_payment,False,loan_payment_generator,False,
TXNL202100001905,ACC0012415,IND19001636,LN2019080001343,,16,2021-01-01,02:34:49,4574.95,Debit,Completed,,Loan Payment - LN2019080001343,False,,2.5,,Automated,Home Loan,standard_payment,False,loan_payment_generator,False,
TXNL202100001906,ACC0011924,IND19013724,LN2019080001346,LDO20210001094,17,2021-01-13,03:34:54,4133.71,Debit,Completed,,Loan Payment - LN2019080001346 - Late Fee,False,,1.98,,Automated,Home Loan,late_payment,False,loan_payment_generator,False,
TXNL202100001907,ACC0012416,IND19017291,LN2019080001356,,17,2021-01-15,02:05:45,5476.84,Debit,Failed,bank_timeout,Loan Payment - LN2019080001356,False,,2.5,,Automated,Vehicle Loan,standard_payment,False,loan_payment_generator,False,
TXNL202100001908,ACC0012379,IND19017606,LN2019080001358,LDO20210001095,16,2021-01-06,02:39:58,2909.92,Debit,Completed,,Loan Payment - LN2019080001358,False,,0.9,,Automated,Vehicle Loan,standard_payment,False,loan_payment_generator,False,
TXNL202100001909,ACC0012659,IND19017679,LN2019080001361,LDO20210001096,17,2021-01-31,04:26:55,1862.67,Debit,Completed,,Loan Payment - LN2019080001361 - Partial,False,,1.79,,Automated,Home Loan,partial_payment,False,loan_payment_generator,False,
TXNL202100001910,ACC0011484,IND19005935,LN2019080001368,,16,2021-01-01,03:41:41,1037.66,Debit,Completed,,Loan Payment - LN2019080001368,False,,2.5,,Automated,Home Loan,standard_payment,False,loan_payment_generator,False,
TXNL202100001911,ACC0012321,IND19005383,LN2019080001387,LDO20210001098,17,2021-01-17,04:02:41,6868.13,Debit,Completed,,Loan Payment - LN2019080001387,False,,1.96,,Automated,Home Loan,standard_payment,False,loan_payment_generator,False,
TXNL202100001912,ACC0012765,IND19002451,LN2019080001392,LDO20210001099,16,2021-01-07,04:22:51,470.9,Debit,Completed,,Loan Payment - LN2019080001392,False,,1.15,,Automated,Home Loan,standard_payment,False,loan_payment_generator,False,
TXNL202100001913,ACC0011437,IND19001286,LN2019080001397,LDO20210001100,17,2021-01-22,04:51:49,3832.6,Debit,Completed,,Loan Payment - LN2019080001397 - Extra Principal,False,,0.63,,Automated,Vehicle Loan,extra_payment,False,loan_payment_generator,False,
TXNL202100001914,ACC0012519,IND19014696,LN2019080001398,,17,2021-01-25,03:28:16,4535.95,Debit,Completed,,Loan Payment - LN2019080001398,False,,2.5,,Automated,Home Loan,standard_payment,False,loan_payment_generator,False,
TXNL202100001915,ACC0012090,IND19018545,LN2019080001402,LDO20210001101,17,2021-01-11,03:10:44,2581.48,Debit,Completed,,Loan Payment - LN2019080001402,False,,0.43,,Automated,Home Loan,standard_payment,False,loan_payment_generator,False,
TXNL202100001916,ACC0011724,IND19019660,LN2019080001405,,17,2021-01-29,03:32:16,1602.76,Debit,Completed,,Loan Payment - LN2019080001405,False,,2.5,,Automated,Vehicle Loan,standard_payment,False,loan_payment_generator,False,
TXNL202100001917,ACC0012479,IND19009566,LN2019080001426,,17,2021-01-23,04:38:04,971.04,Debit,Completed,,Loan Payment - LN2019080001426 - Partial,False,,2.5,,Automated,Home Loan,partial_payment,False,loan_payment_generator,False,
TXNL202100001918,ACC0012891,COM19000458,LN2019080001430,,17,2021-01-16,03:59:56,28294.68,Debit,Completed,,Loan Payment - LN2019080001430,False,,2.5,,Automated,Business Loan,standard_payment,False,loan_payment_generator,False,
TXNL202100001919,ACC0012778,IND19018174,LN2019080001438,,17,2021-01-30,03:40:24,649.08,Debit,Completed,,Loan Payment - LN2019080001438,False,,2.5,,Automated,Home Loan,standard_payment,False,loan_payment_generator,False,
TXNL202100001920,ACC0012002,IND19012286,LN2019080001440,,17,2021-01-16,03:49:35,4206.19,Debit,Completed,,Loan Payment - LN2019080001440,False,,2.5,,Automated,Home Loan,standard_payment,False,loan_payment_generator,False,
TXNL202100001921,ACC0011629,IND19014617,LN2019080001444,,17,2021-01-07,03:25:43,1525.13,Debit,Failed,account_blocked,Loan Payment - LN2019080001444,False,,2.5,,Automated,Personal Loan,standard_payment,False,loan_payment_generator,False,
TXNL202100001922,ACC0012336,IND19014576,LN2019080001449,LDO20210001103,17,2021-01-30,02:37:29,4559.21,Debit,Completed,,Loan Payment - LN2019080001449,False,,0.81,,Automated,Personal Loan,standard_payment,False,loan_payment_generator,False,
TXNL202100001923,ACC0012885,COM19000269,LN2019080001454,LDO20210001104,17,2021-01-15,04:51:39,5019.92,Debit,Completed,,Loan Payment - LN2019080001454,False,,0.01,,Automated,Business Loan,standard_payment,False,loan_payment_generator,False,
TXNL202100001924,ACC0012804,IND19004517,LN2019080001455,LDO20210001105,16,2021-01-01,02:20:20,2705.28,Debit,Completed,,Loan Payment - LN2019080001455,False,,1.88,,Automated,Home Loan,standard_payment,False,loan_payment_generator,False,
TXNL202100001925,ACC0012648,IND19017587,LN2019080001459,LDO20210001106,17,2021-01-28,04:14:31,3220.31,Debit,Completed,,Loan Payment - LN2019080001459,False,,1.5,,Automated,Vehicle Loan,standard_payment,False,loan_payment_generator,False,
TXNL202100001926,ACC0011569,IND19019002,LN2019080001466,,17,2021-01-17,03:38:54,2300.03,Debit,Completed,,Loan Payment - LN2019080001466,False,,2.5,,Automated,Vehicle Loan,standard_payment,False,loan_payment_generator,False,
TXNL202100001927,ACC0011913,IND19006977,LN2019080001469,,16,2021-01-05,04:09:46,3576.01,Debit,Completed,,Loan Payment - LN2019080001469,False,,2.5,,Automated,Vehicle Loan,standard_payment,False,loan_payment_generator,False,
TXNL202100001928,ACC0012708,IND19000435,LN2019080001470,,16,2021-01-01,04:03:25,1292.28,Debit,Completed,,Loan Payment - LN2019080001470,False,,2.5,,Automated,Home Loan,standard_payment,False,loan_payment_generator,False,
TXNL202100001929,ACC0012153,IND19002940,LN2019080001486,LDO20210001107,17,2021-01-16,04:57:24,6628.39,Debit,Completed,,Loan Payment - LN2019080001486 - Extra Principal,False,,0.99,,Automated,Home Loan,extra_payment,False,loan_payment_generator,False,
TXNL202100001930,ACC0011775,IND19000105,LN2019080001492,,16,2021-01-06,03:01:53,1386.76,Debit,Completed,,Loan Payment - LN2019080001492,False,,2.5,,Automated,Vehicle Loan,standard_payment,False,loan_payment_generator,False,
TXNL202100001931,ACC0012428,IND19005073,LN2019080001494,,17,2021-01-18,05:17:02,2752.13,Debit,Completed,,Loan Payment - LN2019080001494,True,,10.0,,Online,Personal Loan,standard_payment,False,loan_payment_generator,False,
TXNL202100001932,ACC0012631,IND19002290,LN2019080001511,LDO20210001108,17,2021-01-27,03:09:17,1687.16,Debit,Completed,,Loan Payment - LN2019080001511,False,,0.92,,Automated,Personal Loan,standard_payment,False,loan_payment_generator,False,
TXNL202100001933,ACC0011673,IND19006779,LN2019080001513,,17,2021-01-19,04:40:58,17514.4,Debit,Completed,,Loan Payment - LN2019080001513,False,,2.5,,Automated,Personal Loan,standard_payment,False,loan_payment_generator,False,
TXNL202100001934,ACC0011391,IND19002978,LN2019080001523,LDO20210001109,16,2021-01-01,02:15:08,5099.06,Debit,Completed,,Loan Payment - LN2019080001523,False,,0.31,,Automated,Vehicle Loan,standard_payment,False,loan_payment_generator,False,
TXNL202100001935,ACC0011696,IND19013515,LN2019080001524,,17,2021-01-25,02:49:05,1813.92,Debit,Completed,,Loan Payment - LN2019080001524,False,,2.5,,Automated,Home Loan,standard_payment,False,loan_payment_generator,False,
TXNL202100001936,ACC0011668,IND19007492,LN2019080001530,LDO20210001110,16,2021-01-09,02:24:50,968.33,Debit,Completed,,Loan Payment - LN2019080001530,False,,0.97,,Automated,Home Loan,standard_payment,False,loan_payment_generator,False,
TXNL202100001937,ACC0014159,IND19013548,LN2019090000004,LDO20210001111,16,2021-01-25,03:30:41,11997.57,Debit,Completed,,Loan Payment - LN2019090000004,False,,1.45,,Automated,Personal Loan,standard_payment,False,loan_payment_generator,False,
TXNL202100001938,ACC0013804,IND19003513,LN2019090000010,,16,2021-01-27,04:26:34,4099.7,Debit,Failed,bank_timeout,Loan Payment - LN2019090000010,False,,2.5,,Automated,Personal Loan,standard_payment,False,loan_payment_generator,False,
TXNL202100001939,ACC0014325,IND19008844,LN2019090000019,LDO20210001112,16,2021-01-17,04:20:26,2220.72,Debit,Completed,,Loan Payment - LN2019090000019,False,,0.13,,Automated,Personal Loan,standard_payment,False,loan_payment_generator,False,
TXNL202100001940,ACC0014369,IND19005870,LN2019090000038,,16,2021-01-20,03:14:06,1163.76,Debit,Completed,,Loan Payment - LN2019090000038,False,,2.5,,Automated,Vehicle Loan,standard_payment,False,loan_payment_generator,False,
TXNL202100001941,ACC0013095,IND19016086,LN2019090000040,,16,2021-01-15,03:37:46,3868.72,Debit,Completed,,Loan Payment - LN2019090000040,False,,2.5,,Automated,Home Loan,standard_payment,False,loan_payment_generator,False,
TXNL202100001942,ACC0014064,IND19003799,LN2019090000042,,16,2021-01-10,03:32:15,949.08,Debit,Completed,,Loan Payment - LN2019090000042,False,,2.5,,Automated,Home Loan,standard_payment,False,loan_payment_generator,False,
TXNL202100001943,ACC0013191,IND19001166,LN2019090000048,LDO20210001113,16,2021-01-17,04:49:19,625.84,Debit,Completed,,Loan Payment - LN2019090000048,False,,1.69,,Automated,Personal Loan,standard_payment,False,loan_payment_generator,False,
TXNL202100001944,ACC0013320,IND19010616,LN2019090000052,,15,2021-01-06,02:38:16,3950.2,Debit,Completed,,Loan Payment - LN2019090000052,False,,2.5,,Automated,Home Loan,standard_payment,False,loan_payment_generator,False,
TXNL202100001945,ACC0013149,IND19015870,LN2019090000057,LDO20210001114,15,2021-01-09,03:56:56,1351.92,Debit,Completed,,Loan Payment - LN2019090000057,False,,1.27,,Automated,Personal Loan,standard_payment,False,loan_payment_generator,False,
TXNL202100001946,ACC0013821,IND19000439,LN2019090000061,LDO20210001115,16,2021-01-21,02:12:03,1078.87,Debit,Completed,,Loan Payment - LN2019090000061,False,,0.15,,Automated,Home Loan,standard_payment,False,loan_payment_generator,False,
TXNL202100001947,ACC0013550,IND19012164,LN2019090000066,LDO20210001116,15,2021-01-09,04:09:45,289.6,Debit,Completed,,Loan Payment - LN2019090000066,False,,0.13,,Automated,Home Loan,standard_payment,False,loan_payment_generator,False,
TXNL202100001948,ACC0013679,IND19011920,LN2019090000106,LDO20210001117,16,2021-01-24,03:51:18,1893.33,Debit,Completed,,Loan Payment - LN2019090000106,False,,0.01,,Automated,Personal Loan,standard_payment,False,loan_payment_generator,False,
TXNL202100001949,ACC0013406,IND19012984,LN2019090000109,LDO20210001118,15,2021-01-05,02:39:35,1205.84,Debit,Completed,,Loan Payment - LN2019090000109,False,,0.75,,Automated,Home Loan,standard_payment,False,loan_payment_generator,False,
TXNL202100001950,ACC0013678,IND19011920,LN2019090000122,LDO20210001119,16,2021-01-23,02:39:22,857.29,Debit,Completed,,Loan Payment - LN2019090000122,False,,0.59,,Automated,Vehicle Loan,standard_payment,False,loan_payment_generator,False,
TXNL202100001951,ACC0014416,COM19000106,LN2019090000125,,16,2021-01-24,02:56:08,19556.14,Debit,Completed,,Loan Payment - LN2019090000125 - Extra Principal,False,,2.5,,Automated,Business Loan,extra_payment,False,loan_payment_generator,False,
TXNL202100001952,ACC0013221,IND19001239,LN2019090000131,,16,2021-01-29,04:01:50,3131.26,Debit,Failed,bank_timeout,Loan Payment - LN2019090000131,False,,2.5,,Automated,Vehicle Loan,standard_payment,False,loan_payment_generator,False,
TXNL202100001953,ACC0013683,IND19004119,LN2019090000132,LDO20210001120,16,2021-01-18,04:04:57,2833.11,Debit,Completed,,Loan Payment - LN2019090000132,False,,1.65,,Automated,Personal Loan,standard_payment,False,loan_payment_generator,False,
TXNL202100001954,ACC0013606,IND19009121,LN2019090000133,,15,2021-01-04,02:45:32,2006.23,Debit,Completed,,Loan Payment - LN2019090000133,False,,2.5,,Automated,Home Loan,standard_payment,False,loan_payment_generator,False,
TXNL202100001955,ACC0013082,IND19002681,LN2019090000146,,16,2021-01-21,04:24:16,2838.84,Debit,Completed,,Loan Payment - LN2019090000146,False,,2.5,,Mobile,Personal Loan,standard_payment,False,loan_payment_generator,False,
TXNL202100001956,ACC0013388,IND19009767,LN2019090000150,LDO20210001121,15,2021-01-04,03:24:08,200.98,Debit,Failed,insufficient_funds,Loan Payment - LN2019090000150,False,,0.4,,Automated,Home Loan,standard_payment,False,loan_payment_generator,False,
TXNL202100001957,ACC0014248,IND19004828,LN2019090000155,,15,2021-01-04,03:58:18,2984.59,Debit,Completed,,Loan Payment - LN2019090000155,False,,2.5,,Automated,Home Loan,standard_payment,False,loan_payment_generator,False,
TXNL202100001958,ACC0014137,IND19003973,LN2019090000157,LDO20210001122,16,2021-01-15,03:29:33,1029.53,Debit,Completed,,Loan Payment - LN2019090000157,False,,1.53,,Automated,Home Loan,standard_payment,False,loan_payment_generator,False,
TXNL202100001959,ACC0013491,IND19000450,LN2019090000158,LDO20210001123,16,2021-01-10,03:53:49,4025.0,Debit,Completed,,Loan Payment - LN2019090000158,False,,0.24,,Automated,Home Loan,standard_payment,False,loan_payment_generator,False,
TXNL202100001960,ACC0013561,IND19006814,LN2019090000160,,16,2021-01-29,04:28:22,2563.51,Debit,Completed,,Loan Payment - LN2019090000160,False,,2.5,,Automated,Home Loan,standard_payment,False,loan_payment_generator,False,
TXNL202100001961,ACC0014173,IND19007802,LN2019090000179,LDO20210001124,16,2021-01-23,02:59:40,4604.55,Debit,Completed,,Loan Payment - LN2019090000179,False,,0.47,,Automated,Home Loan,standard_payment,False,loan_payment_generator,False,
TXNL202100001962,ACC0014350,IND19001727,LN2019090000183,LDO20210001125,16,2021-01-30,03:18:49,2162.09,Debit,Completed,,Loan Payment - LN2019090000183,False,,1.36,,Automated,Vehicle Loan,standard_payment,False,loan_payment_generator,False,
TXNL202100001963,ACC0012972,IND19012652,LN2019090000194,,15,2021-01-03,02:12:01,24248.08,Debit,Completed,,Loan Payment - LN2019090000194,False,,2.5,,Automated,Personal Loan,standard_payment,False,loan_payment_generator,False,
TXNL202100001964,ACC0014327,IND19003764,LN2019090000196,LDO20210001126,15,2021-01-04,02:31:14,1753.43,Debit,Failed,account_blocked,Loan Payment - LN2019090000196,False,,1.48,,Automated,Home Loan,standard_payment,False,loan_payment_generator,False,
TXNL202100001965,ACC0013899,IND19006826,LN2019090000197,LDO20210001127,16,2021-01-24,03:14:48,3350.44,Debit,Completed,,Loan Payment - LN2019090000197,False,,0.02,,Automated,Home Loan,standard_payment,False,loan_payment_generator,False,
TXNL202100001966,ACC0014178,IND19009947,LN2019090000199,,16,2021-01-29,03:52:06,2254.73,Debit,Completed,,Loan Payment - LN2019090000199,False,,2.5,,Automated,Personal Loan,standard_payment,False,loan_payment_generator,False,
TXNL202100001967,ACC0012975,IND19004755,LN2019090000200,,15,2021-01-06,03:47:14,2863.05,Debit,Completed,,Loan Payment - LN2019090000200,False,,2.5,,Automated,Home Loan,standard_payment,False,loan_payment_generator,False,
TXNL202100001968,ACC0013359,IND19013327,LN2019090000202,,16,2021-01-17,04:22:05,2669.07,Debit,Completed,,Loan Payment - LN2019090000202,False,,2.5,,Automated,Vehicle Loan,standard_payment,False,loan_payment_generator,False,
TXNL202100001969,ACC0013662,IND19018850,LN2019090000209,LDO20210001128,15,2021-01-04,02:04:34,3424.54,Debit,Completed,,Loan Payment - LN2019090000209,False,,0.29,,Automated,Home Loan,standard_payment,False,loan_payment_generator,False,
TXNL202100001970,ACC0013904,IND19000190,LN2019090000210,,15,2021-01-04,07:23:59,3468.56,Debit,Completed,,Loan Payment - LN2019090000210,False,,2.5,,Online,Home Loan,standard_payment,False,loan_payment_generator,False,
TXNL202100001971,ACC0013292,IND19002051,LN2019090000227,LDO20210001129,16,2021-01-17,04:27:31,1105.77,Debit,Completed,,Loan Payment - LN2019090000227,False,,1.48,,Automated,Personal Loan,standard_payment,False,loan_payment_generator,False,
TXNL202100001972,ACC0013538,IND19005305,LN2019090000234,LDO20210001130,15,2021-01-03,02:08:51,3462.49,Debit,Completed,,Loan Payment - LN2019090000234,False,,1.03,,Automated,Home Loan,standard_payment,False,loan_payment_generator,False,
TXNL202100001973,ACC0014390,IND19008748,LN2019090000241,LDO20210001131,15,2021-01-08,03:01:17,745.28,Debit,Completed,,Loan Payment - LN2019090000241,False,,1.71,,Automated,Home Loan,standard_payment,False,loan_payment_generator,False,
TXNL202100001974,ACC0013272,IND19004573,LN2019090000249,LDO20210001132,16,2021-01-25,04:25:35,328.91,Debit,Completed,,Loan Payment - LN2019090000249,False,,0.38,,Automated,Home Loan,standard_payment,False,loan_payment_generator,False,
TXNL202100001975,ACC0013317,IND19008051,LN2019090000250,LDO20210001133,16,2021-01-21,03:32:25,2255.9,Debit,Completed,,Loan Payment - LN2019090000250,False,,0.39,,Automated,Personal Loan,standard_payment,False,loan_payment_generator,False,
TXNL202100001976,ACC0013632,IND19004380,LN2019090000257,LDO20210001134,16,2021-01-29,04:54:44,2591.59,Debit,Completed,,Loan Payment - LN2019090000257,False,,1.26,,Automated,Home Loan,standard_payment,False,loan_payment_generator,False,
TXNL202100001977,ACC0013464,IND19000732,LN2019090000258,LDO20210001135,16,2021-01-30,02:40:48,611.39,Debit,Failed,insufficient_funds,Loan Payment - LN2019090000258,False,,0.46,,Automated,Vehicle Loan,standard_payment,False,loan_payment_generator,False,
TXNL202100001978,ACC0014023,IND19011432,LN2019090000268,LDO20210001136,16,2021-01-11,03:39:00,3342.93,Debit,Completed,,Loan Payment - LN2019090000268,False,,0.07,,Automated,Home Loan,standard_payment,False,loan_payment_generator,False,
TXNL202100001979,ACC0013036,IND19005404,LN2019090000271,LDO20210001137,16,2021-01-15,04:01:06,1462.89,Debit,Completed,,Loan Payment - LN2019090000271,False,,0.71,,Automated,Home Loan,standard_payment,False,loan_payment_generator,False,
TXNL202100001980,ACC0013854,IND19007307,LN2019090000277,,16,2021-01-25,05:28:14,915.45,Debit,Completed,,Loan Payment - LN2019090000277,False,,2.5,,Mobile,Home Loan,standard_payment,False,loan_payment_generator,False,
TXNL202100001981,ACC0013439,IND19007328,LN2019090000285,,15,2021-01-04,04:24:11,1233.14,Debit,Completed,,Loan Payment - LN2019090000285,False,,2.5,,Automated,Vehicle Loan,standard_payment,False,loan_payment_generator,False,
TXNL202100001982,ACC0014053,IND19014350,LN2019090000290,LDO20210001138,15,2021-01-03,02:16:44,2553.64,Debit,Completed,,Loan Payment - LN2019090000290,False,,0.36,,Automated,Personal Loan,standard_payment,False,loan_payment_generator,False,
TXNL202100001983,ACC0013027,IND19002754,LN2019090000304,,15,2021-01-06,04:19:50,1407.35,Debit,Completed,,Loan Payment - LN2019090000304,False,,2.5,,Automated,Home Loan,standard_payment,False,loan_payment_generator,False,
TXNL202100001984,ACC0013175,IND19017688,LN2019090000311,LDO20210001140,16,2021-01-20,02:52:53,1695.03,Debit,Completed,,Loan Payment - LN2019090000311,False,,1.12,,Automated,Home Loan,standard_payment,False,loan_payment_generator,False,
TXNL202100001985,ACC0014083,IND19000057,LN2019090000312,LDO20210001141,16,2021-01-28,03:46:19,1982.96,Debit,Completed,,Loan Payment - LN2019090000312,False,,1.39,,Automated,Home Loan,standard_payment,False,loan_payment_generator,False,
TXNL202100001986,ACC0013626,IND19013599,LN2019090000316,LDO20210001142,16,2021-01-27,02:46:24,2224.17,Debit,Completed,,Loan Payment - LN2019090000316,False,,0.78,,Automated,Home Loan,standard_payment,False,loan_payment_generator,False,
TXNL202100001987,ACC0014213,IND19005692,LN2019090000323,,16,2021-01-24,04:02:04,10109.16,Debit,Completed,,Loan Payment - LN2019090000323,False,,2.5,,Automated,Personal Loan,standard_payment,False,loan_payment_generator,False,
TXNL202100001988,ACC0014039,IND19015009,LN2019090000326,,15,2021-01-07,03:11:30,3272.98,Debit,Completed,,Loan Payment - LN20190900...,False,,2.5,,Automated,Personal Loan,standard_payment,False,loan_payment_generator,True,truncated_description
TXNL202100001989,ACC0013185,IND19009344,LN2019090000327,LDO20210001143,15,2021-01-08,02:56:20,2800.69,Debit,Completed,,Loan Payment - LN2019090000327,False,,0.01,,Automated,Home Loan,standard_payment,False,loan_payment_generator,False,
TXNL202100001990,ACC0014399,IND19000094,LN2019090000332,,16,2021-01-21,02:02:42,3298.91,Debit,Completed,,Loan Payment - LN2019090000332,False,,2.5,,Automated,Home Loan,standard_payment,False,loan_payment_generator,False,
TXNL202100001991,ACC0013171,IND19017116,LN2019090000338,LDO20210001145,16,2021-01-18,02:51:12,1611.57,Debit,Completed,,Loan Payment - LN2019090000338,False,,0.86,,Automated,Personal Loan,standard_payment,False,loan_payment_generator,False,
TXNL202100001992,ACC0014190,IND19010671,LN2019090000340,,16,2021-01-14,03:12:25,1901.52,Debit,Completed,,Loan Payment - LN2019090000340 - Late Fee,False,,2.5,,Automated,Personal Loan,late_payment,False,loan_payment_generator,False,
TXNL202100001993,ACC0014218,IND19008927,LN2019090000343,,16,2021-01-19,04:16:07,2871.69,Debit,Completed,,Loan Payment - LN2019090000343,False,,2.5,,Automated,Vehicle Loan,standard_payment,False,loan_payment_generator,False,
TXNL202100001994,ACC0014255,IND19008817,LN2019090000355,,16,2021-01-22,04:32:27,8637.4,Debit,Completed,,Loan Payment - LN2019090000355,False,,2.5,,Automated,Personal Loan,standard_payment,False,loan_payment_generator,False,
TXNL202100001995,ACC0013826,IND19010664,LN2019090000358,LDO20210001146,16,2021-01-12,04:53:07,24312.27,Debit,Completed,,Loan Payment - LN2019090000358,False,,0.67,,Automated,Personal Loan,standard_payment,False,loan_payment_generator,False,
TXNL202100001996,ACC0014001,IND19008545,LN2019090000368,LDO20210001147,16,2021-01-09,04:19:11,5921.15,Debit,Failed,bank_timeout,Loan Payment - LN2019090000368,False,,1.41,,Automated,Personal Loan,standard_payment,False,loan_payment_generator,False,
TXNL202100001997,ACC0013717,IND19008863,LN2019090000377,,16,2021-01-25,04:19:16,630.38,Debit,Completed,,Loan Payment - LN2019090000377,False,,2.5,,Automated,Home Loan,standard_payment,False,loan_payment_generator,False,
TXNL202100001998,ACC0013294,IND19002035,LN2019090000381,,16,2021-01-27,02:15:22,1978.0,Debit,Completed,,Loan Payment - LN2019090000381,False,,2.5,,Automated,Home Loan,standard_payment,False,loan_payment_generator,False,
TXNL202100001999,ACC0012910,IND19016198,LN2019090000386,,16,2021-01-18,02:30:49,1523.2,Debit,Failed,bank_timeout,Loan Payment - LN2019090000386,False,,2.5,,Automated,Home Loan,standard_payment,False,loan_payment_generator,False,
TXNL202100002000,ACC0013511,IND19013517,LN2019090000388,LDO20210001148,16,2021-01-13,04:40:02,843.38,Debit,Completed,,Loan Payment - LN2019090000388,False,,1.07,,Automated,Home Loan,standard_payment,False,loan_payment_generator,False,
TXNL202100002001,ACC0013477,IND19012180,LN2019090000394,,15,2021-01-06,03:20:43,473.24,Debit,Completed,,Loan Payment - LN2019090000394,False,,2.5,,Automated,Home Loan,standard_payment,False,loan_payment_generator,False,
TXNL202100002002,ACC0013270,IND19017079,LN2019090000399,,16,2021-01-09,02:55:17,9814.68,Debit,Completed,,Loan Payment - LN2019090000399 - Late Fee,False,,2.5,,Automated,Personal Loan,late_payment,False,loan_payment_generator,False,
TXNL202100002003,ACC0013006,IND19001708,LN2019090000408,LDO20210001149,16,2021-01-27,03:19:20,1697.55,Debit,Completed,,Loan Payment - LN2019090000408,False,,0.1,,Automated,Home Loan,standard_payment,False,loan_payment_generator,False,
TXNL202100002004,ACC0014349,IND19001725,LN2019090000421,,15,2021-01-04,03:33:16,1486.22,Debit,Completed,,Loan Payment - LN2019090000421,False,,2.5,,Automated,Home Loan,standard_payment,False,loan_payment_generator,False,
TXNL202100002005,ACC0013230,IND19003993,LN2019090000425,LDO20210001151,16,2021-01-18,04:32:30,1438.8,Debit,Completed,,Loan Payment - LN2019090000425,False,,0.21,,Automated,Personal Loan,standard_payment,False,loan_payment_generator,False,
TXNL202100002006,ACC0013427,IND19014760,LN2019090000428,LDO20210001152,16,2021-01-16,03:51:54,836.4,Debit,Completed,,Loan Payment - LN2019090000428,False,,0.9,,Automated,Vehicle Loan,standard_payment,False,loan_payment_generator,False,
TXNL202100002007,ACC0014089,IND19007601,LN2019090000430,LDO20210001153,16,2021-01-23,04:10:11,2565.71,Debit,Completed,,Loan Payment - LN2019090000430,False,,0.04,,Automated,Home Loan,standard_payment,False,loan_payment_generator,False,
TXNL202100002008,ACC0013321,IND19001123,LN2019090000441,LDO20210001154,16,2021-01-30,03:30:00,2009.08,Debit,Completed,,Loan Payment - LN2019090000441 - Late Fee,False,,1.07,,Automated,Personal Loan,late_payment,False,loan_payment_generator,False,
TXNL202100002009,ACC0014119,IND19007262,LN2019090000461,,16,2021-01-12,03:26:21,5790.66,Debit,Completed,,Loan Payment - LN2019090000461,False,,2.5,,Automated,Personal Loan,standard_payment,False,loan_payment_generator,False,
TXNL202100002010,ACC0014274,IND19005270,LN2019090000468,LDO20210001155,15,2021-01-02,03:50:51,2671.41,Debit,Completed,,Loan Payment - LN2019090000468,False,,0.51,,Automated,Home Loan,standard_payment,False,loan_payment_generator,False,
TXNL202100002011,ACC0013831,IND19014690,LN2019090000470,LDO20210001156,16,2021-01-27,03:51:48,2704.25,Debit,Completed,,Loan Payment - LN2019090000470,False,,1.96,,Automated,Home Loan,standard_payment,False,loan_payment_generator,False,
TXNL202100002012,ACC0013114,IND19009737,LN2019090000474,,16,2021-01-28,02:49:04,930.82,Debit,Completed,,Loan Payment - LN2019090000474,False,,2.5,,Automated,Home Loan,standard_payment,False,loan_payment_generator,False,
TXNL202100002013,ACC0013755,IND19016068,LN2019090000478,,16,2021-01-18,03:37:17,4016.29,Debit,Failed,insufficient_funds,Loan Payment - LN2019090000478,False,,2.5,,Automated,Personal Loan,standard_payment,False,loan_payment_generator,False,
TXNL202100002014,ACC0013181,IND19007252,LN2019090000487,LDO20210001157,16,2021-01-18,03:22:10,423.11,Debit,Completed,,Loan Payment - LN2019090000487,False,,0.16,,Automated,Home Loan,standard_payment,False,loan_payment_generator,False,
TXNL202100002015,ACC0013310,IND19000953,LN2019090000488,LDO20210001158,16,2021-01-21,03:29:11,863.62,Debit,Completed,,Loan Payment - LN2019090000488,False,,0.63,,Automated,Home Loan,standard_payment,False,loan_payment_generator,False,
TXNL202100002016,ACC0013132,IND19014562,LN2019090000514,LDO20210001159,16,2021-01-30,04:56:45,3278.96,Debit,Completed,,Loan Payment - LN2019090000514,False,,0.6,,Automated,Vehicle Loan,standard_payment,False,loan_payment_generator,False,
TXNL202100002017,ACC0013383,IND19015039,LN2019090000515,,16,2021-01-23,03:48:05,674.85,Debit,Completed,,Loan Payment - LN2019090000515,False,,2.5,,Automated,Vehicle Loan,standard_payment,False,loan_payment_generator,False,
TXNL202100002018,ACC0013373,IND19006008,LN2019090000532,LDO20210001161,16,2021-01-16,02:11:02,3762.03,Debit,Completed,,Loan Payment - LN2019090000532,False,,0.47,,Automated,Personal Loan,standard_payment,False,loan_payment_generator,False,
TXNL202100002019,ACC0013021,IND19014257,LN2019090000541,LDO20210001162,16,2021-01-10,03:05:19,1682.95,Debit,Completed,,Loan Payment - LN2019090000541,False,,1.24,,Automated,Vehicle Loan,standard_payment,False,loan_payment_generator,False,
TXNL202100002020,ACC0014383,IND19002213,LN2019090000546,,16,2021-01-27,02:19:59,1714.25,Debit,Completed,,Loan Payment - LN2019090000546,False,,2.5,,Automated,Personal Loan,standard_payment,False,loan_payment_generator,False,
TXNL202100002021,ACC0013023,IND19000752,LN2019090000559,,15,2021-01-02,02:11:38,2713.7,Debit,Completed,,Loan Payment - LN2019090000559,False,,2.5,,Automated,Personal Loan,standard_payment,False,loan_payment_generator,False,
TXNL202100002022,ACC0013919,IND19000974,LN2019090000563,,15,2021-01-11,04:31:41,4965.74,Debit,Completed,,Loan Payment - LN2019090000563,False,,2.5,,Automated,Vehicle Loan,standard_payment,False,loan_payment_generator,False,
TXNL202100002023,ACC0013476,IND19017743,LN2019090000571,,16,2021-01-20,02:02:39,2726.68,Debit,Completed,,Loan Payment - LN2019090000571,False,,2.5,,Automated,Vehicle Loan,standard_payment,False,loan_payment_generator,False,
TXNL202100002024,ACC0013018,IND19003486,LN2019090000584,,16,2021-01-19,02:47:04,1523.31,Debit,Completed,,Loan Payment - LN2019090000584,False,,2.5,,Automated,Vehicle Loan,standard_payment,False,loan_payment_generator,False,
TXNL202100002025,ACC0013934,IND19005985,LN2019090000593,LDO20210001163,16,2021-01-28,02:28:28,2237.55,Debit,Completed,,Loan Payment - LN2019090000593 - Partial,False,,1.06,,Automated,Home Loan,partial_payment,False,loan_payment_generator,False,
TXNL202100002026,ACC0014232,IND19011664,LN2019090000597,LDO20210001164,15,2021-01-03,04:16:16,2394.48,Debit,Completed,,Loan Payment - LN2019090000597,False,,0.6,,Automated,Vehicle Loan,standard_payment,False,loan_payment_generator,False,
TXNL202100002027,ACC0013691,IND19016883,LN2019090000608,,15,2021-01-06,04:14:21,658.85,Debit,Completed,,Loan Payment - LN2019090000608,False,,2.5,,Automated,Home Loan,standard_payment,False,loan_payment_generator,False,
TXNL202100002028,ACC0013501,IND19000162,LN2019090000612,LDO20210001165,16,2021-01-30,03:11:21,2440.7,Debit,Completed,,Loan Payment - LN2019090000612,False,,1.59,,Automated,Vehicle Loan,standard_payment,False,loan_payment_generator,False,
TXNL202100002029,ACC0013390,IND19011164,LN2019090000614,LDO20210001166,16,2021-01-19,02:33:03,18237.88,Debit,Completed,,Loan Payment - LN2019090000614 - Late Fee,False,,1.9,,Automated,Personal Loan,late_payment,False,loan_payment_generator,False,
TXNL202100002030,ACC0013582,IND19011987,LN2019090000617,LDO20210001167,16,2021-01-12,03:50:31,1518.97,Debit,Completed,,Loan Payment - LN2019090000617,False,,1.42,,Automated,Home Loan,standard_payment,False,loan_payment_generator,False,
TXNL202100002031,ACC0013215,IND19012412,LN2019090000620,,16,2021-01-26,04:43:16,4277.59,Debit,Completed,,Loan Payment - LN2019090000620,False,,2.5,,Online,Personal Loan,standard_payment,False,loan_payment_generator,False,
TXNL202100002032,ACC0013498,IND19009703,LN2019090000631,,16,2021-01-30,03:28:08,7052.47,Debit,Completed,,Loan Payment - LN2019090000631,False,,2.5,,Automated,Home Loan,standard_payment,False,loan_payment_generator,False,
TXNL202100002033,ACC0013600,IND19000930,LN2019090000636,LDO20210001168,16,2021-01-16,04:09:06,2448.41,Debit,Completed,,Loan Payment - LN2019090000636,False,,0.2,,Automated,Vehicle Loan,standard_payment,False,loan_payment_generator,False,
TXNL202100002034,ACC0013167,IND19001705,LN2019090000639,LDO20210001169,15,2021-01-08,02:43:25,748.58,Debit,Completed,,Loan Payment - LN2019090000639 - Late Fee,False,,0.62,,Automated,Vehicle Loan,late_payment,False,loan_payment_generator,False,
TXNL202100002035,ACC0013547,IND19019157,LN2019090000643,LDO20210001170,15,2021-01-05,04:48:52,3081.85,Debit,Completed,,Loan Payment - LN2019090000643,False,,1.42,,Automated,Personal Loan,standard_payment,False,loan_payment_generator,False,
TXNL202100002036,ACC0013225,IND19006529,LN2019090000659,LDO20210001171,16,2021-01-12,04:35:22,3364.32,Debit,Completed,,Loan Payment - LN2019090000659,False,,0.66,,Automated,Vehicle Loan,standard_payment,False,loan_payment_generator,False,
TXNL202100002037,ACC0013302,IND19007223,LN2019090000663,LDO20210001172,16,2021-01-27,02:03:44,7665.71,Debit,Completed,,Loan Payment - LN2019090000663,False,,1.47,,Automated,Home Loan,standard_payment,False,loan_payment_generator,False,
TXNL202100002038,ACC0013173,IND19018104,LN2019090000667,,16,2021-01-15,02:51:01,2151.29,Debit,Completed,,Loan Payment - LN2019090000667,False,,2.5,,Automated,Home Loan,standard_payment,False,loan_payment_generator,False,
TXNL202100002039,ACC0013063,IND19013748,LN2019090000672,LDO20210001173,16,2021-01-20,03:36:45,5145.55,Debit,Completed,,Loan Payment - LN2019090000672,False,,1.6,,Automated,Personal Loan,standard_payment,False,loan_payment_generator,False,
TXNL202100002040,ACC0013493,IND19012128,LN2019090000673,LDO20210001174,16,2021-01-16,03:16:27,1725.12,Debit,Completed,,Loan Payment - LN2019090000673,False,,1.75,,Automated,Personal Loan,standard_payment,False,loan_payment_generator,False,
TXNL202100002041,ACC0014357,IND19005559,LN2019090000676,LDO20210001175,16,2021-01-27,02:11:24,2242.37,Debit,Completed,,Loan Payment - LN2019090000676,False,,1.19,,Automated,Home Loan,standard_payment,False,loan_payment_generator,False,
TXNL202100002042,ACC0014333,IND19008114,LN2019090000689,LDO20210001176,16,2021-01-21,02:08:11,3087.65,Debit,Completed,,Loan Payment - LN2019090000689,False,,0.6,,Automated,Home Loan,standard_payment,False,loan_payment_generator,False,
TXNL202100002043,ACC0014424,COM19000194,LN2019090000690,,16,2021-01-25,02:36:31,9954.32,Debit,Completed,,Loan Payment - LN2019090000690,False,,2.5,,Automated,Business Loan,standard_payment,False,loan_payment_generator,False,
TXNL202100002044,ACC0014253,IND19016488,LN2019090000694,LDO20210001177,16,2021-01-29,04:40:43,1617.59,Debit,Completed,,Loan Payment - LN2019090000694,False,,0.39,,Automated,Vehicle Loan,standard_payment,False,loan_payment_generator,False,
TXNL202100002045,ACC0013123,IND19015436,LN2019090000703,LDO20210001178,16,2021-01-25,04:34:04,3590.03,Debit,Completed,,Loan Payment - LN2019090000703,False,,0.59,,Automated,Home Loan,standard_payment,False,loan_payment_generator,False,
TXNL202100002046,ACC0013066,IND19006604,LN2019090000704,,16,2021-01-15,04:22:17,2780.76,Debit,Completed,,Loan Payment - LN2019090000704,False,,2.5,,Online,Vehicle Loan,standard_payment,False,loan_payment_generator,False,
TXNL202100002047,ACC0013144,IND19007196,LN2019090000714,LDO20210001179,16,2021-01-24,04:14:01,6961.82,Debit,Completed,,Loan Payment - LN2019090000714,False,,1.97,,Automated,Home Loan,standard_payment,False,loan_payment_generator,False,
TXNL202100002048,ACC0013500,IND19012168,LN2019090000718,LDO20210001180,16,2021-01-19,03:47:59,2922.21,Debit,Completed,,Loan Payment - LN2019090000718,False,,1.17,,Automated,Home Loan,standard_payment,False,loan_payment_generator,False,
TXNL202100002049,ACC0013026,IND19006105,LN2019090000723,LDO20210001181,16,2021-01-16,02:18:13,559.49,Debit,Completed,,Loan Payment - LN2019090000723,False,,1.86,,Automated,Home Loan,standard_payment,False,loan_payment_generator,False,
TXNL202100002050,ACC0014421,COM19000161,LN2019090000725,LDO20210001182,16,2021-01-26,03:43:21,3313.63,Debit,Completed,,Loan Payment - LN2019090000725,False,,0.05,,Automated,Business Loan,standard_payment,False,loan_payment_generator,False,
TXNL202100002051,ACC0012986,IND19003439,LN2019090000736,,16,2021-01-26,04:20:05,2396.81,Debit,Completed,,Loan Payment - LN2019090000736,False,,2.5,,Automated,Personal Loan,standard_payment,False,loan_payment_generator,False,
TXNL202100002052,ACC0013768,IND19007138,LN2019090000751,,16,2021-01-24,07:30:13,388.15,Debit,Completed,,Loan Payment - LN2019090000751,False,,2.5,,Online,Home Loan,standard_payment,False,loan_payment_generator,False,
TXNL202100002053,ACC0014419,COM19000112,LN2019090000753,,15,2021-01-07,04:13:03,11487.64,Debit,Completed,,Loan Payment - LN2019090000753,False,,2.5,,Automated,Business Loan,standard_payment,False,loan_payment_generator,False,
TXNL202100002054,ACC0014241,IND19000334,LN2019090000755,,16,2021-01-14,02:25:14,3554.22,Debit,Completed,,Loan Payment - LN2019090000755,False,,2.5,,Automated,Vehicle Loan,standard_payment,False,loan_payment_generator,False,
TXNL202100002055,ACC0013238,IND19002309,LN2019090000770,,16,2021-01-16,03:15:58,474.85,Debit,Completed,,Loan Payment - LN2019090000770,False,,2.5,,Automated,Home Loan,standard_payment,False,loan_payment_generator,False,
TXNL202100002056,ACC0013568,IND19004909,LN2019090000771,,16,2021-01-28,05:57:49,11934.37,Debit,Completed,,Loan Payment - LN2019090000771,True,,10.0,,Online,Personal Loan,standard_payment,False,loan_payment_generator,False,
TXNL202100002057,ACC0014282,IND19015192,LN2019090000773,LDO20210001183,15,2021-01-06,03:03:29,854.0,Debit,Completed,,Loan Payment - LN2019090000773,False,,1.35,,Automated,Home Loan,standard_payment,False,loan_payment_generator,False,
TXNL202100002058,ACC0014006,IND19006396,LN2019090000781,,16,2021-01-16,03:16:07,2919.77,Debit,Completed,,Loan Payment - LN2019090000781,False,,2.5,,Automated,Vehicle Loan,standard_payment,False,loan_payment_generator,False,
TXNL202100002059,ACC0014406,IND19010070,LN2019090000782,LDO20210001184,16,2021-01-24,04:37:22,3535.11,Debit,Completed,,Loan Payment - LN2019090000782,False,,1.0,,Automated,Personal Loan,standard_payment,False,loan_payment_generator,False,
TXNL202100002060,ACC0013278,IND19005320,LN2019090000796,LDO20210001185,16,2021-01-18,02:22:30,1088.07,Debit,Completed,,Loan Payment - LN20190900...,False,,1.43,,Automated,Personal Loan,standard_payment,False,loan_payment_generator,True,truncated_description
TXNL202100002061,ACC0013906,IND19001077,LN2019090000810,,16,2021-01-15,04:26:55,1892.83,Debit,Completed,,Loan Payment - LN2019090000810,False,,2.5,,Automated,Vehicle Loan,standard_payment,False,loan_payment_generator,False,
TXNL202100002062,ACC0014060,IND19018361,LN2019090000811,LDO20210001186,16,2021-01-29,04:34:57,2318.35,Debit,Completed,,Loan Payment - LN2019090000811,False,,1.12,,Automated,Vehicle Loan,standard_payment,False,loan_payment_generator,False,
TXNL202100002063,ACC0013775,IND19011750,LN2019090000812,,16,2021-01-26,03:40:03,263.55,Debit,Completed,,Loan Payment - LN2019090000812,False,,2.5,,Automated,Home Loan,standard_payment,False,loan_payment_generator,False,
TXNL202100002064,ACC0013255,IND19008764,LN2019090000815,,16,2021-01-25,05:30:37,1031.89,Debit,Completed,,Loan Payment - LN2019090000815,False,,2.5,,Online,Personal Loan,standard_payment,False,loan_payment_generator,False,
TXNL202100002065,ACC0014302,IND19016970,LN2019090000826,LDO20210001187,16,2021-01-13,02:29:08,580.91,Debit,Completed,,Loan Payment - LN2019090000826,False,,1.51,,Automated,Vehicle Loan,standard_payment,False,loan_payment_generator,False,
TXNL202100002066,ACC0013618,IND19015672,LN2019090000828,LDO20210001188,16,2021-01-27,04:30:30,801.81,Debit,Completed,,Loan Payment - LN2019090000828,False,,0.8,,Automated,Home Loan,standard_payment,False,loan_payment_generator,False,
TXNL202100002067,ACC0014118,IND19004372,LN2019090000829,,16,2021-01-17,02:23:11,1094.0,Debit,Completed,,Loan Payment - LN2019090000829,False,,2.5,,Automated,Vehicle Loan,standard_payment,False,loan_payment_generator,True,amount_rounding_error
TXNL202100002068,ACC0012936,IND19004100,LN2019090000842,LDO20210001189,16,2021-01-15,05:22:21,1957.69,Debit,Completed,,Loan Payment - LN2019090000842,False,,1.73,,Automated,Personal Loan,standard_payment,False,loan_payment_generator,True,timestamp_shift
TXNL202100002069,ACC0013846,IND19008864,LN2019090000846,LDO20210001190,16,2021-01-16,02:38:49,636.49,Debit,Completed,,Loan Payment - LN2019090000846,False,,1.42,,Automated,Personal Loan,standard_payment,False,loan_payment_generator,False,
TXNL202100002070,ACC0013155,IND19015963,LN2019090000856,LDO20210001191,16,2021-01-18,03:43:28,2873.9,Debit,Completed,,Loan Payment - LN2019090000856,False,,1.39,,Automated,Home Loan,standard_payment,False,loan_payment_generator,False,
TXNL202100002071,ACC0013165,IND19017265,LN2019090000878,,16,2021-01-16,02:05:28,1994.47,Debit,Completed,,Loan Payment - LN2019090000878,False,,2.5,,Automated,Personal Loan,standard_payment,False,loan_payment_generator,False,
TXNL202100002072,ACC0013078,IND19003585,LN2019090000879,LDO20210001192,15,2021-01-02,04:46:07,207.75,Debit,Cancelled,customer_stop_instruction,Loan Payment - LN2019090000879,False,,0.19,,Automated,Home Loan,standard_payment,False,loan_payment_generator,False,
TXNL202100002073,ACC0013973,IND19004276,LN2019090000881,,16,2021-01-21,02:54:10,2441.72,Debit,Completed,,Loan Payment - LN2019090000881,False,,2.5,,Automated,Vehicle Loan,standard_payment,False,loan_payment_generator,False,
TXNL202100002074,ACC0012988,IND19009072,LN2019090000896,LDO20210001193,16,2021-01-25,02:20:25,1507.94,Debit,Completed,,Loan Payment - LN2019090000896,False,,0.64,,Automated,Vehicle Loan,standard_payment,False,loan_payment_generator,False,
TXNL202100002075,ACC0013924,IND19018539,LN2019090000898,LDO20210001194,16,2021-01-15,04:58:49,9283.06,Debit,Completed,,Loan Payment - LN2019090000898,False,,0.59,,Automated,Personal Loan,standard_payment,False,loan_payment_generator,False,
TXNL202100002076,ACC0013892,IND19011911,LN2019090000904,LDO20210001195,15,2021-01-04,04:03:08,3998.57,Debit,Completed,,Loan Payment - LN2019090000904,False,,1.34,,Automated,Home Loan,standard_payment,False,loan_payment_generator,False,
TXNL202100002077,ACC0014354,IND19000121,LN2019090000910,LDO20210001196,16,2021-01-26,04:20:33,1604.4,Debit,Completed,,Loan Payment - LN2019090000910,False,,1.12,,Automated,Home Loan,standard_payment,False,loan_payment_generator,False,
TXNL202100002078,ACC0013309,IND19000953,LN2019090000914,,16,2021-01-27,02:22:24,5293.76,Debit,Completed,,Loan Payment - LN2019090000914,False,,2.5,,Automated,Personal Loan,standard_payment,False,loan_payment_generator,False,
TXNL202100002079,ACC0013926,IND19010625,LN2019090000927,,15,2021-01-01,03:25:16,1007.22,Debit,Completed,,Loan Payment - LN2019090000927,False,,2.5,,Automated,Vehicle Loan,standard_payment,False,loan_payment_generator,False,
TXNL202100002080,ACC0013252,IND19013567,LN2019090000931,LDO20210001197,16,2021-01-19,03:52:56,679.74,Debit,Completed,,Loan Payment - LN2019090000931,False,,1.88,,Automated,Personal Loan,standard_payment,False,loan_payment_generator,False,
TXNL202100002081,ACC0013297,IND19004636,LN2019090000942,LDO20210001198,16,2021-01-30,03:19:45,2920.17,Debit,Completed,,Loan Payment - LN2019090000942,False,,0.95,,Automated,Vehicle Loan,standard_payment,False,loan_payment_generator,False,
TXNL202100002082,ACC0014211,IND19001986,LN2019090000946,LDO20210001199,16,2021-01-11,04:49:28,1530.56,Debit,Completed,,Loan Payment - LN2019090000946,False,,1.07,,Automated,Vehicle Loan,standard_payment,False,loan_payment_generator,False,
TXNL202100002083,ACC0014081,IND19000874,LN2019090000947,LDO20210001200,16,2021-01-25,04:16:55,1552.87,Debit,Failed,insufficient_funds,Loan Payment - LN2019090000947,False,,1.02,,Automated,Home Loan,standard_payment,False,loan_payment_generator,False,
TXNL202100002084,ACC0013835,IND19014234,LN2019090000951,,16,2021-01-08,03:48:06,3078.84,Debit,Completed,,Loan Payment - LN2019090000951,False,,2.5,,Automated,Home Loan,standard_payment,False,loan_payment_generator,False,
TXNL202100002085,ACC0014042,IND19002071,LN2019090000954,LDO20210001201,15,2021-01-04,02:39:41,3916.87,Debit,Completed,,Loan Payment - LN2019090000954,False,,1.88,,Automated,Home Loan,standard_payment,False,loan_payment_generator,False,
TXNL202100002086,ACC0014046,IND19010235,LN2019090000955,,15,2021-01-04,03:33:52,2555.09,Debit,Completed,,Loan Payment - LN2019090000955,False,,2.5,,Automated,Home Loan,standard_payment,False,loan_payment_generator,False,
TXNL202100002087,ACC0014155,IND19006439,LN2019090000957,,16,2021-01-11,05:49:12,8195.52,Debit,Completed,,Loan Payment - LN2019090000957,False,,2.5,,Mobile,Personal Loan,standard_payment,False,loan_payment_generator,False,
TXNL202100002088,ACC0013147,IND19010778,LN2019090000960,LDO20210001202,16,2021-01-23,03:30:07,2250.11,Debit,Completed,,Loan Payment - LN2019090000960,False,,1.34,,Automated,Vehicle Loan,standard_payment,False,loan_payment_generator,False,
TXNL202100002089,ACC0013283,IND19015784,LN2019090000993,LDO20210001203,15,2021-01-03,03:22:00,308.75,Debit,Completed,,Loan Payment - LN2019090000993,False,,1.73,,Automated,Home Loan,standard_payment,False,loan_payment_generator,False,
TXNL202100002090,ACC0013566,IND19013689,LN2019090001000,LDO20210001204,16,2021-01-12,03:32:27,208.91,Debit,Completed,,Loan Payment - LN2019090001000,False,,0.76,,Automated,Home Loan,standard_payment,False,loan_payment_generator,False,
TXNL202100002091,ACC0014044,IND19009292,LN2019090001002,,16,2021-01-14,03:44:37,2113.4,Debit,Completed,,Loan Payment - LN2019090001002,False,,2.5,,Automated,Vehicle Loan,standard_payment,False,loan_payment_generator,False,
TXNL202100002092,ACC0014230,IND19008095,LN2019090001016,LDO20210001205,15,2021-01-06,03:05:13,4160.03,Debit,Completed,,Loan Payment - LN2019090001016,False,,0.28,,Automated,Home Loan,standard_payment,False,loan_payment_generator,False,
TXNL202100002093,ACC0013646,IND19009529,LN2019090001017,,16,2021-01-10,03:03:15,405.98,Debit,Completed,,Loan Payment - LN20190900...,False,,2.5,,Automated,Home Loan,standard_payment,False,loan_payment_generator,True,truncated_description
TXNL202100002094,ACC0013433,IND19003108,LN2019090001028,LDO20210001206,16,2021-01-23,03:21:25,1381.35,Debit,Completed,,Loan Payment - LN20190900...,False,,0.58,,Automated,Home Loan,standard_payment,False,loan_payment_generator,True,truncated_description
TXNL202100002095,ACC0013681,IND19005106,LN2019090001033,LDO20210001207,15,2021-01-07,02:57:41,1688.59,Debit,Completed,,Loan Payment - LN2019090001033,False,,1.85,,Automated,Personal Loan,standard_payment,False,loan_payment_generator,False,
TXNL202100002096,ACC0013228,IND19006101,LN2019090001037,LDO20210001208,15,2021-01-02,04:51:14,5489.22,Debit,Completed,,Loan Payment - LN2019090001037,False,,0.89,,Automated,Vehicle Loan,standard_payment,False,loan_payment_generator,False,
TXNL202100002097,ACC0013299,IND19004426,LN2019090001071,,16,2021-01-25,02:06:10,3397.73,Debit,Completed,,Loan Payment - LN2019090001071,False,,2.5,,Automated,Home Loan,standard_payment,False,loan_payment_generator,False,
TXNL202100002098,ACC0013072,IND19012584,LN2019090001085,LDO20210001209,15,2021-01-01,02:56:39,797.95,Debit,Completed,,Loan Payment - LN2019090001085,False,,0.6,,Automated,Home Loan,standard_payment,False,loan_payment_generator,True,amount_rounding_error
TXNL202100002099,ACC0013635,IND19012933,LN2019090001088,LDO20210001210,15,2021-01-05,04:34:06,2768.49,Debit,Completed,,Loan Payment - LN2019090001088,False,,1.9,,Automated,Personal Loan,standard_payment,False,loan_payment_generator,False,
TXNL202100002100,ACC0013572,IND19001360,LN2019090001092,,16,2021-01-30,04:57:22,658.53,Debit,Completed,,Loan Payment - LN2019090001092,False,,2.5,,Automated,Home Loan,standard_payment,False,loan_payment_generator,False,
TXNL202100002101,ACC0013935,IND19003012,LN2019090001095,LDO20210001211,16,2021-01-18,02:43:57,3471.0,Debit,Completed,,Loan Payment - LN2019090001095,False,,1.38,,Automated,Personal Loan,standard_payment,False,loan_payment_generator,False,
TXNL202100002102,ACC0013345,IND19017011,LN2019090001097,LDO20210001212,16,2021-01-29,04:57:29,2893.81,Debit,Completed,,Loan Payment - LN2019090001097,False,,1.77,,Automated,Personal Loan,standard_payment,False,loan_payment_generator,False,
TXNL202100002103,ACC0013418,IND19008825,LN2019090001100,,16,2021-01-24,05:25:28,2379.67,Debit,Completed,,Loan Payment - LN2019090001100,False,,2.5,,Online,Home Loan,standard_payment,False,loan_payment_generator,False,
TXNL202100002104,ACC0014430,COM19000070,LN2019090001105,LDO20210001213,16,2021-01-20,04:17:12,9182.43,Debit,Completed,,Loan Payment - LN2019090001105,False,,0.21,,Automated,Business Loan,standard_payment,False,loan_payment_generator,False,
TXNL202100002105,ACC0013960,IND19010654,LN2019090001106,LDO20210001214,16,2021-01-30,03:25:15,2666.87,Debit,Completed,,Loan Payment - LN2019090001106,False,,0.68,,Automated,Home Loan,standard_payment,False,loan_payment_generator,False,
TXNL202100002106,ACC0013605,IND19009121,LN2019090001113,,16,2021-01-23,04:07:26,1023.91,Debit,Completed,,Loan Payment - LN2019090001113,False,,2.5,,Automated,Home Loan,standard_payment,False,loan_payment_generator,False,
TXNL202100002107,ACC0012990,IND19009602,LN2019090001114,,16,2021-01-21,06:26:22,2191.82,Debit,Completed,,Loan Payment - LN2019090001114,False,,2.5,,Online,Home Loan,standard_payment,False,loan_payment_generator,False,
TXNL202100002108,ACC0014153,IND19012116,LN2019090001121,LDO20210001215,16,2021-01-26,03:50:56,10777.13,Debit,Completed,,Loan Payment - LN2019090001121 - Extra Principal,False,,0.28,,Automated,Personal Loan,extra_payment,False,loan_payment_generator,False,
TXNL202100002109,ACC0013609,IND19012865,LN2019090001134,,16,2021-01-17,03:34:37,3616.92,Debit,Completed,,Loan Payment - LN2019090001134,False,,2.5,,Automated,Home Loan,standard_payment,False,loan_payment_generator,False,
TXNL202100002110,ACC0014088,IND19007601,LN2019090001137,LDO20210001216,16,2021-01-28,03:36:34,4647.57,Debit,Completed,,Loan Payment - LN2019090001137,False,,1.64,,Automated,Personal Loan,standard_payment,False,loan_payment_generator,False,
TXNL202100002111,ACC0013112,IND19002951,LN2019090001138,,15,2021-01-01,04:29:33,2351.67,Debit,Failed,account_blocked,Loan Payment - LN2019090001138,False,,2.5,,Automated,Home Loan,standard_payment,False,loan_payment_generator,False,
TXNL202100002112,ACC0014417,COM19000106,LN2019090001142,LDO20210001217,16,2021-01-17,02:01:56,14297.44,Debit,Completed,,Loan Payment - LN2019090001142,False,,0.2,,Automated,Business Loan,standard_payment,False,loan_payment_generator,False,
TXNL202100002113,ACC0013869,IND19017608,LN2019090001143,LDO20210001218,16,2021-01-17,02:33:50,2766.47,Debit,Completed,,Loan Payment - LN2019090001143,False,,0.27,,Automated,Personal Loan,standard_payment,False,loan_payment_generator,False,
TXNL202100002114,ACC0014041,IND19017473,LN2019090001150,,16,2021-01-09,04:01:33,2147.84,Debit,Completed,,Loan Payment - LN2019090001150,False,,2.5,,Automated,Vehicle Loan,standard_payment,False,loan_payment_generator,False,
TXNL202100002115,ACC0012989,IND19009602,LN2019090001164,,16,2021-01-23,02:19:50,2844.05,Debit,Completed,,Loan Payment - LN2019090001164 - Extra Principal,False,,2.5,,Automated,Home Loan,extra_payment,False,loan_payment_generator,False,
TXNL202100002116,ACC0014223,IND19015574,LN2019090001165,,16,2021-01-16,04:55:55,852.94,Debit,Completed,,Loan Payment - LN2019090001165,False,,2.5,,Automated,Home Loan,standard_payment,False,loan_payment_generator,False,
TXNL202100002117,ACC0013135,IND19001206,LN2019090001186,LDO20210001219,16,2021-01-29,02:24:29,2516.03,Debit,Completed,,Loan Payment - LN2019090001186,False,,1.44,,Automated,Home Loan,standard_payment,False,loan_payment_generator,False,
TXNL202100002118,ACC0013251,IND19004814,LN2019090001195,LDO20210001220,16,2021-01-16,02:13:04,1329.85,Debit,Completed,,Loan Payment - LN2019090001195,False,,0.11,,Automated,Vehicle Loan,standard_payment,False,loan_payment_generator,False,
TXNL202100002119,ACC0013153,IND19004697,LN2019090001198,,15,2021-01-02,03:30:23,265.51,Debit,Completed,,Loan Payment - LN2019090001198,False,,2.5,,Automated,Home Loan,standard_payment,False,loan_payment_generator,False,
TXNL202100002120,ACC0012973,IND19012652,LN2019090001200,LDO20210001221,15,2021-01-06,02:40:50,6391.34,Debit,Completed,,Loan Payment - LN2019090001200,False,,1.21,,Automated,Home Loan,standard_payment,False,loan_payment_generator,False,
TXNL202100002121,ACC0012994,IND19011271,LN2019090001210,LDO20210001222,16,2021-01-30,04:55:38,2432.8,Debit,Completed,,Loan Payment - LN2019090001210,False,,1.67,,Automated,Home Loan,standard_payment,False,loan_payment_generator,False,
TXNL202100002122,ACC0012907,IND19011479,LN2019090001217,LDO20210001223,16,2021-01-14,03:25:05,1879.15,Debit,Completed,,Loan Payment - LN2019090001217,False,,1.96,,Automated,Personal Loan,standard_payment,False,loan_payment_generator,False,
TXNL202100002123,ACC0013261,IND19009804,LN2019090001223,LDO20210001224,15,2021-01-05,03:16:37,8074.75,Debit,Completed,,Loan Payment - LN2019090001223 - Extra Principal,False,,1.54,,Automated,Home Loan,extra_payment,False,loan_payment_generator,False,
TXNL202100002124,ACC0013985,IND19018624,LN2019090001231,,15,2021-01-06,04:41:03,4693.13,Debit,Completed,,Loan Payment - LN2019090001231,False,,2.5,,Automated,Home Loan,standard_payment,False,loan_payment_generator,False,
TXNL202100002125,ACC0014204,IND19018537,LN2019090001239,LDO20210001225,16,2021-01-11,04:19:50,2885.4,Debit,Completed,,Loan Payment - LN2019090001239,False,,1.33,,Automated,Home Loan,standard_payment,False,loan_payment_generator,False,
TXNL202100002126,ACC0013954,IND19015770,LN2019090001243,,15,2021-01-02,04:25:03,2688.77,Debit,Completed,,Loan Payment - LN2019090001243,False,,2.5,,Automated,Home Loan,standard_payment,False,loan_payment_generator,False,
TXNL202100002127,ACC0013485,IND19005483,LN2019090001250,,16,2021-01-23,03:11:39,430.13,Debit,Completed,,Loan Payment - LN2019090001250,False,,2.5,,Automated,Home Loan,standard_payment,False,loan_payment_generator,False,
TXNL202100002128,ACC0013065,IND19004004,LN2019090001252,LDO20210001226,16,2021-01-22,02:21:49,2934.8,Debit,Completed,,Loan Payment - LN2019090001252,False,,0.52,,Automated,Personal Loan,standard_payment,False,loan_payment_generator,False,
TXNL202100002129,ACC0013944,IND19015221,LN2019090001268,LDO20210001228,16,2021-01-13,01:39:23,1707.58,Debit,Completed,,Loan Payment - LN2019090001268,False,,0.52,,Automated,Home Loan,standard_payment,False,loan_payment_generator,True,timestamp_shift
TXNL202100002130,ACC0013749,IND19000980,LN2019090001287,LDO20210001229,16,2021-01-28,02:21:16,1147.67,Debit,Completed,,Loan Payment - LN2019090001287 - Partial,False,,1.85,,Automated,Home Loan,partial_payment,False,loan_payment_generator,False,
TXNL202100002131,ACC0013445,IND19012590,LN2019090001291,,16,2021-01-16,07:53:54,5227.76,Debit,Completed,,Loan Payment - LN2019090001291,False,,2.5,,Mobile,Vehicle Loan,standard_payment,False,loan_payment_generator,False,
TXNL202100002132,ACC0014015,IND19017663,LN2019090001302,,15,2021-01-03,01:19:03,1772.75,Debit,Completed,,Loan Payment - LN2019090001302,False,,2.5,,Mobile,Home Loan,standard_payment,False,loan_payment_generator,False,
TXNL202100002133,ACC0013533,IND19004038,LN2019090001310,LDO20210001230,16,2021-01-22,02:16:28,3377.78,Debit,Completed,,Loan Payment - LN2019090001310,False,,1.7,,Automated,Personal Loan,standard_payment,False,loan_payment_generator,False,
TXNL202100002134,ACC0013202,IND19016435,LN2019090001311,LDO20210001231,15,2021-01-03,02:10:40,1855.32,Debit,Completed,,Loan Payment - LN2019090001311,False,,0.38,,Automated,Personal Loan,standard_payment,False,loan_payment_generator,False,
TXNL202100002135,ACC0013105,IND19016748,LN2019090001313,LDO20210001232,16,2021-01-19,03:59:31,1337.86,Debit,Completed,,Loan Payment - LN2019090001313,False,,1.27,,Automated,Personal Loan,standard_payment,False,loan_payment_generator,False,
TXNL202100002136,ACC0013409,IND19003934,LN2019090001315,,16,2021-01-30,03:05:35,1425.4,Debit,Completed,,Loan Payment - LN2019090001315,False,,2.5,,Automated,Vehicle Loan,standard_payment,False,loan_payment_generator,False,
TXNL202100002137,ACC0013163,IND19009650,LN2019090001324,LDO20210001233,16,2021-01-20,02:28:25,3129.17,Debit,Completed,,Loan Payment - LN2019090001324,False,,0.58,,Automated,Vehicle Loan,standard_payment,False,loan_payment_generator,False,
TXNL202100002138,ACC0014145,IND19000927,LN2019090001327,,15,2021-01-05,02:27:38,5035.1,Debit,Completed,,Loan Payment - LN2019090001327,False,,2.5,,Automated,Personal Loan,standard_payment,False,loan_payment_generator,False,
TXNL202100002139,ACC0013375,IND19011131,LN2019090001337,,16,2021-01-14,02:11:27,2130.27,Debit,Completed,,Loan Payment - LN2019090001337,False,,2.5,,Mobile,Home Loan,standard_payment,False,loan_payment_generator,False,
TXNL202100002140,ACC0013809,IND19008169,LN2019090001342,,16,2021-01-13,02:24:18,3021.12,Debit,Completed,,Loan Payment - LN2019090001342,False,,2.5,,Automated,Home Loan,standard_payment,False,loan_payment_generator,False,
TXNL202100002141,ACC0013104,IND19016748,LN2019090001344,LDO20210001234,16,2021-01-18,02:35:40,1459.16,Debit,Completed,,Loan Payment - LN2019090001344,False,,0.83,,Automated,Vehicle Loan,standard_payment,False,loan_payment_generator,False,
TXNL202100002142,ACC0014343,IND19007807,LN2019090001353,LDO20210001235,16,2021-01-25,03:38:08,997.3,Debit,Completed,,Loan Payment - LN2019090001353,False,,1.51,,Automated,Personal Loan,standard_payment,False,loan_payment_generator,False,
TXNL202100002143,ACC0014334,IND19010477,LN2019090001366,,16,2021-01-26,02:10:15,1236.67,Debit,Cancelled,customer_stop_instruction,Loan Payment - LN2019090001366,False,,2.5,,Automated,Home Loan,standard_payment,False,loan_payment_generator,False,
TXNL202100002144,ACC0013624,IND19011106,LN2019090001368,LDO20210001236,15,2021-01-05,02:07:53,570.05,Debit,Completed,,Loan Payment - LN2019090001368 - Partial,False,,0.17,,Automated,Home Loan,partial_payment,False,loan_payment_generator,False,
TXNL202100002145,ACC0013502,IND19007149,LN2019090001381,,16,2021-01-23,03:42:16,2077.74,Debit,Completed,,Loan Payment - LN2019090001381,False,,2.5,,Automated,Vehicle Loan,standard_payment,False,loan_payment_generator,False,
TXNL202100002146,ACC0014408,IND19015121,LN2019090001391,,16,2021-01-19,04:10:17,2125.36,Debit,Completed,,Loan Payment - LN2019090001391,False,,2.5,,Automated,Vehicle Loan,standard_payment,False,loan_payment_generator,False,
TXNL202100002147,ACC0014259,IND19014691,LN2019090001392,LDO20210001237,16,2021-01-24,03:33:56,11997.57,Debit,Completed,,Loan Payment - LN2019090001392,False,,1.1,,Automated,Personal Loan,standard_payment,False,loan_payment_generator,False,
TXNL202100002148,ACC0013534,IND19013456,LN2019090001397,LDO20210001238,16,2021-01-25,02:57:02,4365.79,Debit,Completed,,Loan Payment - LN2019090001397,False,,0.76,,Automated,Home Loan,standard_payment,False,loan_payment_generator,False,
TXNL202100002149,ACC0014337,IND19006207,LN2019090001398,,16,2021-01-25,04:52:41,1483.81,Debit,Completed,,Loan Payment - LN2019090001398,False,,2.5,,Automated,Home Loan,standard_payment,False,loan_payment_generator,False,
TXNL202100002150,ACC0013005,IND19015774,LN2019090001402,LDO20210001239,16,2021-01-16,03:34:18,5178.22,Debit,Completed,,Loan Payment - LN2019090001402,False,,0.48,,Automated,Home Loan,standard_payment,False,loan_payment_generator,False,
TXNL202100002151,ACC0014233,IND19011996,LN2019090001411,LDO20210001240,15,2021-01-02,02:33:20,3105.48,Debit,Completed,,Loan Payment - LN2019090001411,False,,1.11,,Automated,Vehicle Loan,standard_payment,False,loan_payment_generator,False,
TXNL202100002152,ACC0014180,IND19000217,LN2019090001412,,16,2021-01-19,06:01:53,1473.33,Debit,Completed,,Loan Payment - LN2019090001412,False,,2.5,,Mobile,Home Loan,standard_payment,False,loan_payment_generator,False,
TXNL202100002153,ACC0013395,IND19014063,LN2019090001420,LDO20210001241,16,2021-01-15,04:43:22,1443.68,Debit,Cancelled,customer_stop_instruction,Loan Payment - LN2019090001420,False,,1.27,,Automated,Personal Loan,standard_payment,False,loan_payment_generator,False,
TXNL202100002154,ACC0013539,IND19002909,LN2019090001421,,16,2021-01-29,04:49:51,2417.5,Debit,Completed,,Loan Payment - LN2019090001421,False,,2.5,,Automated,Vehicle Loan,standard_payment,False,loan_payment_generator,False,
TXNL202100002155,ACC0013959,IND19010654,LN2019090001445,,15,2021-01-02,04:40:26,3834.95,Debit,Completed,,Loan Payment - LN2019090001445,False,,2.5,,Automated,Home Loan,standard_payment,False,loan_payment_generator,False,
TXNL202100002156,ACC0014131,IND19013349,LN2019090001455,LDO20210001243,15,2021-01-08,04:44:34,6940.14,Debit,Completed,,Loan Payment - LN2019090001455,False,,1.36,,Automated,Vehicle Loan,standard_payment,False,loan_payment_generator,False,
TXNL202100002157,ACC0014620,IND19001698,LN2019100000008,LDO20210001245,15,2021-01-08,02:50:01,5104.33,Debit,Completed,,Loan Payment - LN2019100000008,False,,0.98,,Automated,Personal Loan,standard_payment,False,loan_payment_generator,False,
TXNL202100002158,ACC0014476,IND19013009,LN2019100000022,LDO20210001246,15,2021-01-27,03:39:00,3788.19,Debit,Completed,,Loan Payment - LN2019100000022,False,,1.76,,Automated,Home Loan,standard_payment,False,loan_payment_generator,False,
TXNL202100002159,ACC0014771,IND19004724,LN2019100000029,LDO20210001247,14,2021-01-06,03:23:18,179.02,Debit,Completed,,Loan Payment - LN2019100000029,False,,0.36,,Automated,Home Loan,standard_payment,False,loan_payment_generator,False,
TXNL202100002160,ACC0015121,IND19004735,LN2019100000041,,15,2021-01-20,03:53:49,552.16,Debit,Completed,,Loan Payment - LN2019100000041,False,,2.5,,Automated,Vehicle Loan,standard_payment,False,loan_payment_generator,False,
TXNL202100002161,ACC0015008,IND19000714,LN2019100000042,,15,2021-01-26,01:11:06,12066.24,Debit,Completed,,Loan Payment - LN2019100000042,False,,2.5,,Online,Personal Loan,standard_payment,False,loan_payment_generator,False,
TXNL202100002162,ACC0014862,IND19006489,LN2019100000063,,14,2021-01-04,03:39:18,1205.48,Debit,Completed,,Loan Payment - LN20191000...,False,,2.5,,Automated,Home Loan,standard_payment,False,loan_payment_generator,True,truncated_description
TXNL202100002163,ACC0014805,IND19007792,LN2019100000067,,15,2021-01-29,03:47:34,12095.36,Debit,Completed,,Loan Payment - LN2019100000067,False,,2.5,,Mobile,Personal Loan,standard_payment,False,loan_payment_generator,False,
TXNL202100002164,ACC0014696,IND19005965,LN2019100000069,LDO20210001248,14,2021-01-04,03:10:20,2620.21,Debit,Completed,,Loan Payment - LN2019100000069,False,,0.03,,Automated,Home Loan,standard_payment,False,loan_payment_generator,False,
TXNL202100002165,ACC0015209,IND19001935,LN2019100000078,LDO20210001249,15,2021-01-22,02:14:59,4000.82,Debit,Completed,,Loan Payment - LN2019100000078,False,,0.33,,Automated,Personal Loan,standard_payment,False,loan_payment_generator,False,
TXNL202100002166,ACC0014975,IND19000727,LN2019100000090,LDO20210001250,14,2021-01-03,02:18:50,2234.68,Debit,Completed,,Loan Payment - LN2019100000090,False,,1.7,,Automated,Vehicle Loan,standard_payment,False,loan_payment_generator,False,
TXNL202100002167,ACC0015410,COM19000091,LN2019100000094,,15,2021-01-30,03:53:00,4132.97,Debit,Completed,,Loan Payment - LN2019100000094,False,,2.5,,Automated,Business Loan,standard_payment,False,loan_payment_generator,False,
TXNL202100002168,ACC0014484,IND19007498,LN2019100000096,LDO20210001251,14,2021-01-09,02:43:16,437.81,Debit,Completed,,Loan Payment - LN2019100000096 - Late Fee,False,,1.26,,Automated,Home Loan,late_payment,False,loan_payment_generator,False,
TXNL202100002169,ACC0015032,IND19004061,LN2019100000105,,15,2021-01-19,03:15:07,1374.65,Debit,Completed,,Loan Payment - LN2019100000105,False,,2.5,,Automated,Home Loan,standard_payment,False,loan_payment_generator,False,
TXNL202100002170,ACC0014759,IND19010704,LN2019100000109,LDO20210001252,15,2021-01-25,04:14:31,4775.07,Debit,Completed,,Loan Payment - LN2019100000109,False,,0.12,,Automated,Home Loan,standard_payment,False,loan_payment_generator,False,
TXNL202100002171,ACC0014993,IND19008314,LN2019100000117,LDO20210001253,15,2021-01-21,04:13:09,2304.04,Debit,Completed,,Loan Payment - LN2019100000117,False,,1.36,,Automated,Home Loan,standard_payment,False,loan_payment_generator,False,
TXNL202100002172,ACC0015064,IND19005733,LN2019100000128,,15,2021-01-21,07:16:13,1791.48,Debit,Completed,,Loan Payment - LN2019100000128,False,,2.5,,Online,Home Loan,standard_payment,False,loan_payment_generator,False,
TXNL202100002173,ACC0014577,IND19003480,LN2019100000144,LDO20210001254,15,2021-01-21,02:02:19,905.06,Debit,Completed,,Loan Payment - LN2019100000144,False,,1.92,,Automated,Personal Loan,standard_payment,False,loan_payment_generator,False,
TXNL202100002174,ACC0015239,IND19001304,LN2019100000150,LDO20210001255,15,2021-01-19,04:04:53,5217.41,Debit,Completed,,Loan Payment - LN2019100000150 - Extra Principal,False,,1.78,,Automated,Personal Loan,extra_payment,False,loan_payment_generator,False,
TXNL202100002175,ACC0014575,IND19011995,LN2019100000157,,15,2021-01-21,02:47:03,3029.54,Debit,Completed,,Loan Payment - LN2019100000157,False,,2.5,,Automated,Home Loan,standard_payment,False,loan_payment_generator,False,
TXNL202100002176,ACC0014919,IND19003502,LN2019100000162,,15,2021-01-22,02:49:26,2892.93,Debit,Completed,,Loan Payment - LN2019100000162 - Extra Principal,False,,2.5,,Automated,Home Loan,extra_payment,False,loan_payment_generator,False,
TXNL202100002177,ACC0015320,IND19003730,LN2019100000163,LDO20210001256,15,2021-01-11,01:39:58,1063.55,Debit,Completed,,Loan Payment - LN2019100000163,False,,1.69,,Automated,Personal Loan,standard_payment,False,loan_payment_generator,True,timestamp_shift
TXNL202100002178,ACC0014853,IND19000792,LN2019100000167,LDO20210001257,15,2021-01-17,04:08:06,737.02,Debit,Completed,,Loan Payment - LN2019100000167,False,,1.82,,Automated,Vehicle Loan,standard_payment,False,loan_payment_generator,False,
TXNL202100002179,ACC0014588,IND19004745,LN2019100000179,LDO20210001258,15,2021-01-26,04:34:15,7763.85,Debit,Completed,,Loan Payment - LN2019100000179,False,,0.38,,Automated,Personal Loan,standard_payment,False,loan_payment_generator,False,
TXNL202100002180,ACC0014897,IND19000141,LN2019100000212,LDO20210001259,15,2021-01-19,02:39:02,494.18,Debit,Completed,,Loan Payment - LN2019100000212,False,,0.89,,Automated,Home Loan,standard_payment,False,loan_payment_generator,False,
TXNL202100002181,ACC0015397,IND19007257,LN2019100000219,LDO20210001260,15,2021-01-20,03:40:02,3647.58,Debit,Completed,,Loan Payment - LN2019100000219,False,,1.75,,Automated,Home Loan,standard_payment,False,loan_payment_generator,False,
TXNL202100002182,ACC0015197,IND19002857,LN2019100000220,,15,2021-01-20,04:00:38,4692.51,Debit,Completed,,Loan Payment - LN2019100000220 - Extra Principal,False,,2.5,,Online,Home Loan,extra_payment,False,loan_payment_generator,False,
TXNL202100002183,ACC0014591,IND19000977,LN2019100000226,LDO20210001261,15,2021-01-21,02:50:31,3521.32,Debit,Completed,,Loan Payment - LN2019100000226,False,,1.37,,Automated,Vehicle Loan,standard_payment,False,loan_payment_generator,False,
TXNL202100002184,ACC0015398,IND19007257,LN2019100000229,LDO20210001262,15,2021-01-30,02:22:54,2657.4,Debit,Completed,,Loan Payment - LN2019100000229,False,,0.11,,Automated,Personal Loan,standard_payment,False,loan_payment_generator,False,
TXNL202100002185,ACC0015360,IND19008035,LN2019100000234,LDO20210001263,14,2021-01-01,04:34:15,3140.81,Debit,Completed,,Loan Payment - LN2019100000234,False,,1.21,,Automated,Home Loan,standard_payment,False,loan_payment_generator,False,
TXNL202100002186,ACC0015381,IND19005223,LN2019100000244,LDO20210001264,15,2021-01-27,04:09:35,1666.15,Debit,Failed,duplicate_debit,Loan Payment - LN2019100000244,False,,0.49,,Automated,Home Loan,standard_payment,False,loan_payment_generator,True,status_inconsistency
TXNL202100002187,ACC0015199,IND19010299,LN2019100000260,LDO20210001265,15,2021-01-12,03:56:57,1257.06,Debit,Completed,,Loan Payment - LN2019100000260,False,,1.09,,Automated,Personal Loan,standard_payment,False,loan_payment_generator,False,
TXNL202100002188,ACC0015390,IND19000910,LN2019100000263,,15,2021-01-18,04:54:20,2698.29,Debit,Completed,,Loan Payment - LN2019100000263,True,,10.0,,Online,Vehicle Loan,standard_payment,False,loan_payment_generator,False,
TXNL202100002189,ACC0015277,IND19000248,LN2019100000267,,15,2021-01-20,04:52:29,4525.81,Debit,Completed,,Loan Payment - LN20191000...,False,,2.5,,Automated,Vehicle Loan,standard_payment,False,loan_payment_generator,True,truncated_description
TXNL202100002190,ACC0014521,IND19008432,LN2019100000270,,14,2021-01-12,03:44:44,3506.61,Debit,Completed,,Loan Payment - LN2019100000270,False,,2.5,,Automated,Personal Loan,standard_payment,False,loan_payment_generator,False,
TXNL202100002191,ACC0015363,IND19012136,LN2019100000274,LDO20210001266,14,2021-01-03,04:24:19,2650.06,Debit,Completed,,Loan Payment - LN2019100000274,False,,1.13,,Automated,Personal Loan,standard_payment,False,loan_payment_generator,False,
TXNL202100002192,ACC0014553,IND19006337,LN2019100000281,,15,2021-01-27,02:30:24,2665.57,Debit,Completed,,Loan Payment - LN2019100000281,False,,2.5,,Automated,Home Loan,standard_payment,False,loan_payment_generator,False,
TXNL202100002193,ACC0014943,IND19004103,LN2019100000283,,15,2021-01-23,03:48:36,27843.21,Debit,Completed,,Loan Payment - LN2019100000283 - Extra Principal,False,,2.5,,Automated,Personal Loan,extra_payment,False,loan_payment_generator,False,
TXNL202100002194,ACC0014912,IND19008232,LN2019100000286,LDO20210001267,15,2021-01-09,04:04:40,2780.66,Debit,Completed,,Loan Payment - LN20191000...,False,,0.29,,Automated,Personal Loan,standard_payment,False,loan_payment_generator,True,truncated_description
TXNL202100002195,ACC0015375,IND19001009,LN2019100000292,,15,2021-01-17,02:40:11,2437.4,Debit,Completed,,Loan Payment - LN2019100000292,False,,2.5,,Automated,Personal Loan,standard_payment,False,loan_payment_generator,False,
TXNL202100002196,ACC0014713,IND19000794,LN2019100000293,LDO20210001268,15,2021-01-21,02:03:33,1283.85,Debit,Completed,,Loan Payment - LN2019100000293,False,,1.0,,Automated,Home Loan,standard_payment,False,loan_payment_generator,False,
TXNL202100002197,ACC0015074,IND19011713,LN2019100000295,LDO20210001269,15,2021-01-13,04:51:09,6762.4,Debit,Completed,,Loan Payment - LN2019100000295,False,,0.85,,Automated,Home Loan,standard_payment,False,loan_payment_generator,False,
TXNL202100002198,ACC0014848,IND19011979,LN2019100000296,LDO20210001270,15,2021-01-29,04:19:03,2984.17,Debit,Completed,,Loan Payment - LN2019100000296,False,,1.29,,Automated,Personal Loan,standard_payment,False,loan_payment_generator,False,
TXNL202100002199,ACC0014690,IND19002470,LN2019100000305,LDO20210001271,15,2021-01-14,03:15:56,296.72,Debit,Completed,,Loan Payment - LN2019100000305,False,,1.27,,Automated,Home Loan,standard_payment,False,loan_payment_generator,False,
TXNL202100002200,ACC0014555,IND19005616,LN2019100000314,LDO20210001272,15,2021-01-19,04:27:43,1858.85,Debit,Completed,,Loan Payment - LN2019100000314,False,,0.7,,Automated,Vehicle Loan,standard_payment,False,loan_payment_generator,False,
TXNL202100002201,ACC0014753,IND19004483,LN2019100000317,,15,2021-01-20,03:01:48,2046.26,Debit,Completed,,Loan Payment - LN2019100000317,False,,2.5,,Automated,Home Loan,standard_payment,False,loan_payment_generator,False,
TXNL202100002202,ACC0014617,IND19006637,LN2019100000322,,15,2021-01-18,06:13:30,5309.93,Debit,Completed,,Loan Payment - LN2019100000322,False,,2.5,,Online,Home Loan,standard_payment,False,loan_payment_generator,False,
TXNL202100002203,ACC0014892,IND19000611,LN2019100000323,LDO20210001273,14,2021-01-04,03:43:21,1398.6,Debit,Completed,,Loan Payment - LN2019100000323,False,,0.65,,Automated,Vehicle Loan,standard_payment,False,loan_payment_generator,False,
TXNL202100002204,ACC0014610,IND19002007,LN2019100000336,LDO20210001274,15,2021-01-29,03:12:58,2886.83,Debit,Completed,,Loan Payment - LN2019100000336,False,,0.72,,Automated,Vehicle Loan,standard_payment,False,loan_payment_generator,False,
TXNL202100002205,ACC0014600,IND19001055,LN2019100000339,,15,2021-01-26,03:20:45,5214.56,Debit,Completed,,Loan Payment - LN2019100000339,False,,2.5,,Automated,Personal Loan,standard_payment,False,loan_payment_generator,False,
TXNL202100002206,ACC0015248,IND19000054,LN2019100000356,LDO20210001275,15,2021-01-13,02:35:31,400.92,Debit,Completed,,Loan Payment - LN2019100000356,False,,0.83,,Automated,Home Loan,standard_payment,False,loan_payment_generator,False,
TXNL202100002207,ACC0014948,IND19008617,LN2019100000360,LDO20210001276,14,2021-01-08,03:00:56,1658.38,Debit,Failed,mandate_limit,Loan Payment - LN2019100000360,False,,1.26,,Automated,Vehicle Loan,standard_payment,False,loan_payment_generator,False,
TXNL202100002208,ACC0014823,IND19007675,LN2019100000363,,15,2021-01-28,04:37:33,2021.1,Debit,Completed,,Loan Payment - LN2019100000363,False,,2.5,,Automated,Home Loan,standard_payment,False,loan_payment_generator,False,
TXNL202100002209,ACC0015233,IND19003932,LN2019100000375,LDO20210001277,15,2021-01-22,03:32:36,1019.59,Debit,Failed,mandate_limit,Loan Payment - LN2019100000375,False,,0.82,,Automated,Home Loan,standard_payment,False,loan_payment_generator,False,
TXNL202100002210,ACC0014914,IND19011745,LN2019100000377,LDO20210001278,15,2021-01-09,03:26:07,1842.55,Debit,Completed,,Loan Payment - LN2019100000377,False,,0.04,,Automated,Vehicle Loan,standard_payment,False,loan_payment_generator,False,
TXNL202100002211,ACC0015178,IND19003921,LN2019100000378,LDO20210001279,15,2021-01-23,02:49:45,2416.84,Debit,Completed,,Loan Payment - LN2019100000378,False,,1.95,,Automated,Home Loan,standard_payment,False,loan_payment_generator,False,
TXNL202100002212,ACC0015101,IND19008786,LN2019100000381,,15,2021-01-15,04:47:32,917.49,Debit,Completed,,Loan Payment - LN2019100000381,False,,2.5,,Automated,Personal Loan,standard_payment,False,loan_payment_generator,False,
TXNL202100002213,ACC0014781,IND19003624,LN2019100000385,,14,2021-01-11,02:42:37,16466.89,Debit,Completed,,Loan Payment - LN2019100000385,False,,2.5,,Automated,Personal Loan,standard_payment,False,loan_payment_generator,False,
TXNL202100002214,ACC0014563,IND19012662,LN2019100000393,,15,2021-01-22,03:15:35,2812.15,Debit,Completed,,Loan Payment - LN2019100000393,False,,2.5,,Mobile,Vehicle Loan,standard_payment,False,loan_payment_generator,False,
TXNL202100002215,ACC0015268,IND19008367,LN2019100000397,LDO20210001280,15,2021-01-15,04:19:26,969.21,Debit,Failed,mandate_limit,Loan Payment - LN2019100000397,False,,0.78,,Automated,Home Loan,standard_payment,False,loan_payment_generator,False,
TXNL202100002216,ACC0014459,IND19003876,LN2019100000402,,15,2021-01-09,02:32:34,421.37,Debit,Failed,mandate_limit,Loan Payment - LN2019100000402,False,,2.5,,Automated,Home Loan,standard_payment,False,loan_payment_generator,True,status_inconsistency
TXNL202100002217,ACC0014761,IND19007965,LN2019100000404,LDO20210001281,15,2021-01-21,04:03:52,1166.03,Debit,Completed,,Loan Payment - LN2019100000404,False,,0.59,,Automated,Home Loan,standard_payment,False,loan_payment_generator,True,amount_rounding_error
TXNL202100002218,ACC0015297,IND19009160,LN2019100000408,LDO20210001282,14,2021-01-05,03:23:02,3890.42,Debit,Completed,,Loan Payment - LN2019100000408 - Late Fee,False,,0.06,,Automated,Home Loan,late_payment,False,loan_payment_generator,False,
TXNL202100002219,ACC0014808,IND19003893,LN2019100000412,,14,2021-01-08,02:39:59,281.07,Debit,Completed,,Loan Payment - LN2019100000412,False,,2.5,,Automated,Home Loan,standard_payment,False,loan_payment_generator,False,
TXNL202100002220,ACC0015414,COM19000136,LN2019100000415,,15,2021-01-31,02:23:22,8026.67,Debit,Completed,,Loan Payment - LN2019100000415,False,,2.5,,Automated,Business Loan,standard_payment,False,loan_payment_generator,False,
TXNL202100002221,ACC0014945,IND19009190,LN2019100000423,LDO20210001283,15,2021-01-10,03:25:09,1177.46,Debit,Completed,,Loan Payment - LN20191000...,False,,1.94,,Automated,Vehicle Loan,standard_payment,False,loan_payment_generator,True,truncated_description
TXNL202100002222,ACC0014839,IND19005416,LN2019100000426,LDO20210001284,15,2021-01-24,02:26:49,707.58,Debit,Completed,,Loan Payment - LN2019100000426 - Late Fee,False,,0.59,,Automated,Home Loan,late_payment,False,loan_payment_generator,False,
TXNL202100002223,ACC0014647,IND19005372,LN2019100000430,LDO20210001285,15,2021-01-11,02:35:51,1342.13,Debit,Completed,,Loan Payment - LN2019100000430,False,,0.7,,Automated,Vehicle Loan,standard_payment,False,loan_payment_generator,False,
TXNL202100002224,ACC0015194,IND19010344,LN2019100000433,,15,2021-01-27,02:59:08,12023.96,Debit,Completed,,Loan Payment - LN2019100000433,False,,2.5,,Automated,Personal Loan,standard_payment,False,loan_payment_generator,False,
TXNL202100002225,ACC0015238,IND19009294,LN2019100000438,LDO20210001286,14,2021-01-07,02:33:56,3159.93,Debit,Completed,,Loan Payment - LN2019100000438,False,,0.4,,Automated,Home Loan,standard_payment,False,loan_payment_generator,False,
TXNL202100002226,ACC0015024,IND19002690,LN2019100000440,LDO20210001287,15,2021-01-17,03:55:19,2930.76,Debit,Failed,mandate_limit,Loan Payment - LN2019100000440,False,,0.97,,Automated,Vehicle Loan,standard_payment,False,loan_payment_generator,False,
TXNL202100002227,ACC0015012,IND19011895,LN2019100000447,LDO20210001288,15,2021-01-28,02:45:18,2313.19,Debit,Completed,,Loan Payment - LN2019100000447,False,,0.48,,Automated,Vehicle Loan,standard_payment,False,loan_payment_generator,False,
TXNL202100002228,ACC0014685,IND19002525,LN2019100000449,LDO20210001289,15,2021-01-11,04:36:29,775.59,Debit,Completed,,Loan Payment - LN2019100000449,False,,0.75,,Automated,Home Loan,standard_payment,False,loan_payment_generator,False,
TXNL202100002229,ACC0015275,IND19012019,LN2019100000460,LDO20210001290,15,2021-01-21,04:00:56,3805.26,Debit,Completed,,Loan Payment - LN2019100000460 - Extra Principal,False,,1.82,,Automated,Home Loan,extra_payment,False,loan_payment_generator,False,
TXNL202100002230,ACC0014719,IND19003231,LN2019100000462,LDO20210001291,15,2021-01-31,02:50:13,1869.41,Debit,Completed,,Loan Payment - LN2019100000462,False,,0.99,,Automated,Vehicle Loan,standard_payment,False,loan_payment_generator,False,
TXNL202100002231,ACC0014817,IND19001689,LN2019100000477,,15,2021-01-27,05:16:41,635.91,Debit,Completed,,Loan Payment - LN2019100000477,True,,10.0,,Online,Home Loan,standard_payment,False,loan_payment_generator,False,
TXNL202100002232,ACC0015340,IND19000316,LN2019100000484,,15,2021-01-19,04:24:36,654.76,Debit,Completed,,Loan Payment - LN2019100000484 - Late Fee,False,,2.5,,Automated,Home Loan,late_payment,False,loan_payment_generator,False,
TXNL202100002233,ACC0015393,IND19001531,LN2019100000490,LDO20210001292,14,2021-01-05,03:30:22,2655.62,Debit,Completed,,Loan Payment - LN2019100000490,False,,0.28,,Automated,Personal Loan,standard_payment,False,loan_payment_generator,False,
TXNL202100002234,ACC0015112,IND19010963,LN2019100000495,LDO20210001293,15,2021-01-25,03:55:14,1428.49,Debit,Completed,,Loan Payment - LN2019100000495,False,,1.57,,Automated,Vehicle Loan,standard_payment,False,loan_payment_generator,False,
TXNL202100002235,ACC0014798,IND19002178,LN2019100000499,,14,2021-01-08,03:28:51,2278.13,Debit,Completed,,Loan Payment - LN2019100000499,False,,2.5,,Automated,Home Loan,standard_payment,False,loan_payment_generator,False,
TXNL202100002236,ACC0014955,IND19011341,LN2019100000523,LDO20210001294,15,2021-01-31,04:33:34,894.9,Debit,Completed,,Loan Payment - LN2019100000523,False,,0.63,,Automated,Personal Loan,standard_payment,False,loan_payment_generator,False,
TXNL202100002237,ACC0014499,IND19002981,LN2019100000525,,15,2021-01-29,03:45:55,980.31,Debit,Completed,,Loan Payment - LN2019100000525,False,,2.5,,Automated,Personal Loan,standard_payment,False,loan_payment_generator,False,
TXNL202100002238,ACC0015010,IND19010286,LN2019100000533,,15,2021-01-20,02:27:06,4243.82,Debit,Completed,,Loan Payment - LN2019100000533 - Late Fee,False,,2.5,,Automated,Home Loan,late_payment,False,loan_payment_generator,False,
TXNL202100002239,ACC0015015,IND19010155,LN2019100000540,,15,2021-01-21,04:56:00,2721.36,Debit,Completed,,Loan Payment - LN2019100000540,False,,2.5,,Automated,Personal Loan,standard_payment,False,loan_payment_generator,False,
TXNL202100002240,ACC0014495,IND19002896,LN2019100000544,,15,2021-01-18,02:45:53,1890.79,Debit,Completed,,Loan Payment - LN2019100000544,False,,2.5,,Automated,Vehicle Loan,standard_payment,False,loan_payment_generator,False,
TXNL202100002241,ACC0014999,IND19006679,LN2019100000546,,15,2021-01-28,04:20:23,1562.36,Debit,Completed,,Loan Payment - LN2019100000546,False,,2.5,,Automated,Vehicle Loan,standard_payment,False,loan_payment_generator,False,
TXNL202100002242,ACC0015084,IND19000776,LN2019100000547,LDO20210001295,14,2021-01-03,03:52:45,1118.97,Debit,Completed,,Loan Payment - LN2019100000547,False,,0.54,,Automated,Home Loan,standard_payment,False,loan_payment_generator,False,
TXNL202100002243,ACC0015335,IND19012650,LN2019100000567,LDO20210001296,15,2021-01-19,02:04:51,3671.69,Debit,Completed,,Loan Payment - LN2019100000567,False,,1.94,,Automated,Vehicle Loan,standard_payment,False,loan_payment_generator,False,
TXNL202100002244,ACC0015386,IND19006234,LN2019100000572,LDO20210001297,14,2021-01-08,03:28:54,3724.87,Debit,Completed,,Loan Payment - LN2019100000572,False,,0.22,,Automated,Home Loan,standard_payment,False,loan_payment_generator,False,
TXNL202100002245,ACC0014790,IND19002667,LN2019100000583,LDO20210001298,15,2021-01-31,07:37:04,2923.9,Debit,Completed,,Loan Payment - LN2019100000583,False,,1.55,,Automated,Vehicle Loan,standard_payment,False,loan_payment_generator,True,timestamp_shift
TXNL202100002246,ACC0014745,IND19000578,LN2019100000616,,15,2021-01-31,03:34:46,656.71,Debit,Completed,,Loan Payment - LN2019100000616,False,,2.5,,Automated,Home Loan,standard_payment,False,loan_payment_generator,False,
TXNL202100002247,ACC0014560,IND19002699,LN2019100000629,,14,2021-01-06,06:48:23,6048.07,Debit,Completed,,Loan Payment - LN2019100000629,False,,2.5,,Online,Personal Loan,standard_payment,False,loan_payment_generator,False,
TXNL202100002248,ACC0014991,IND19010123,LN2019100000633,LDO20210001299,15,2021-01-14,04:28:21,1484.07,Debit,Completed,,Loan Payment - LN2019100000633,False,,0.84,,Automated,Home Loan,standard_payment,False,loan_payment_generator,False,
TXNL202100002249,ACC0015318,IND19000461,LN2019100000636,LDO20210001300,14,2021-01-01,04:41:08,2991.4,Debit,Completed,,Loan Payment - LN2019100000636,False,,1.7,,Automated,Personal Loan,standard_payment,False,loan_payment_generator,False,
TXNL202100002250,ACC0014533,IND19011563,LN2019100000645,LDO20210001301,15,2021-01-29,03:04:32,2153.56,Debit,Completed,,Loan Payment - LN2019100000645 - Late Fee,False,,1.36,,Automated,Personal Loan,late_payment,False,loan_payment_generator,False,
TXNL202100002251,ACC0015376,IND19009495,LN2019100000646,LDO20210001302,14,2021-01-03,03:44:57,2023.45,Debit,Completed,,Loan Payment - LN2019100000646,False,,0.31,,Automated,Vehicle Loan,standard_payment,False,loan_payment_generator,False,
TXNL202100002252,ACC0014444,IND19003062,LN2019100000651,,15,2021-01-25,02:09:57,3412.31,Debit,Completed,,Loan Payment - LN2019100000651,False,,2.5,,Automated,Vehicle Loan,standard_payment,False,loan_payment_generator,False,
TXNL202100002253,ACC0015372,IND19006768,LN2019100000656,,15,2021-01-28,03:19:08,1815.4,Debit,Completed,,Loan Payment - LN2019100000656,False,,2.5,,Automated,Home Loan,standard_payment,False,loan_payment_generator,False,
TXNL202100002254,ACC0014883,IND19009439,LN2019100000659,LDO20210001303,14,2021-01-05,04:39:27,1825.33,Debit,Completed,,Loan Payment - LN2019100000659,False,,0.92,,Automated,Vehicle Loan,standard_payment,False,loan_payment_generator,False,
TXNL202100002255,ACC0014543,IND19012350,LN2019100000661,LDO20210001304,15,2021-01-16,02:31:53,3028.21,Debit,Completed,,Loan Payment - LN2019100000661 - Late Fee,False,,0.98,,Automated,Vehicle Loan,late_payment,False,loan_payment_generator,False,
TXNL202100002256,ACC0014526,IND19013003,LN2019100000663,LDO20210001305,15,2021-01-11,04:39:22,5561.36,Debit,Completed,,Loan Payment - LN2019100000663,False,,1.6,,Automated,Personal Loan,standard_payment,False,loan_payment_generator,False,
TXNL202100002257,ACC0014597,IND19007125,LN2019100000664,LDO20210001306,15,2021-01-29,02:08:10,12757.45,Debit,Completed,,Loan Payment - LN2019100000664,False,,0.55,,Automated,Personal Loan,standard_payment,False,loan_payment_generator,False,
TXNL202100002258,ACC0014665,IND19010618,LN2019100000669,LDO20210001307,15,2021-01-11,02:25:31,1964.27,Debit,Completed,,Loan Payment - LN2019100000669,False,,0.6,,Automated,Personal Loan,standard_payment,False,loan_payment_generator,False,
TXNL202100002259,ACC0015130,IND19000483,LN2019100000679,,14,2021-01-03,03:43:58,7071.33,Debit,Completed,,Loan Payment - LN2019100000679,False,,2.5,,Automated,Personal Loan,standard_payment,False,loan_payment_generator,False,
TXNL202100002260,ACC0015291,IND19003619,LN2019100000681,,14,2021-01-06,02:56:03,1395.87,Debit,Completed,,Loan Payment - LN2019100000681,False,,2.5,,Automated,Home Loan,standard_payment,False,loan_payment_generator,False,
TXNL202100002261,ACC0015361,IND19005519,LN2019100000683,LDO20210001308,15,2021-01-18,04:39:24,6798.46,Debit,Completed,,Loan Payment - LN2019100000683,False,,1.41,,Automated,Vehicle Loan,standard_payment,False,loan_payment_generator,False,
TXNL202100002262,ACC0014837,IND19000859,LN2019100000686,LDO20210001309,15,2021-01-16,03:35:53,8825.13,Debit,Completed,,Loan Payment - LN2019100000686,False,,0.34,,Automated,Home Loan,standard_payment,False,loan_payment_generator,False,
TXNL202100002263,ACC0014779,IND19008707,LN2019100000687,,15,2021-01-21,02:04:35,3787.67,Debit,Completed,,Loan Payment - LN2019100000687 - Late Fee,False,,2.5,,Automated,Home Loan,late_payment,False,loan_payment_generator,False,
TXNL202100002264,ACC0014633,IND19005402,LN2019100000688,,15,2021-01-19,03:06:59,5580.81,Debit,Completed,,Loan Payment - LN2019100000688,False,,2.5,,Automated,Home Loan,standard_payment,False,loan_payment_generator,False,
TXNL202100002265,ACC0014541,IND19006710,LN2019100000696,,14,2021-01-01,03:07:42,1319.47,Debit,Completed,,Loan Payment - LN2019100000696,False,,2.5,,Automated,Home Loan,standard_payment,False,loan_payment_generator,False,
TXNL202100002266,ACC0015023,IND19008027,LN2019100000700,,15,2021-01-25,03:15:52,1372.37,Debit,Completed,,Loan Payment - LN2019100000700,False,,2.5,,Automated,Vehicle Loan,standard_payment,False,loan_payment_generator,False,
TXNL202100002267,ACC0014815,IND19007574,LN2019100000705,,15,2021-01-22,02:07:26,2235.88,Debit,Completed,,Loan Payment - LN2019100000705,False,,2.5,,Automated,Personal Loan,standard_payment,False,loan_payment_generator,False,
TXNL202100002268,ACC0014807,IND19006003,LN2019100000709,LDO20210001310,14,2021-01-08,04:50:28,3498.21,Debit,Completed,,Loan Payment - LN2019100000709,False,,1.87,,Automated,Personal Loan,standard_payment,False,loan_payment_generator,False,
TXNL202100002269,ACC0014630,IND19003716,LN2019100000713,LDO20210001311,15,2021-01-17,02:33:38,4544.37,Debit,Completed,,Loan Payment - LN2019100000713 - Extra Principal,False,,0.08,,Automated,Vehicle Loan,extra_payment,False,loan_payment_generator,False,
TXNL202100002270,ACC0014870,IND19009382,LN2019100000716,LDO20210001312,15,2021-01-30,02:58:33,3141.86,Debit,Completed,,Loan Payment - LN2019100000716,False,,1.4,,Automated,Home Loan,standard_payment,False,loan_payment_generator,False,
TXNL202100002271,ACC0014852,IND19000792,LN2019100000718,,15,2021-01-17,02:23:15,1378.97,Debit,Completed,,Loan Payment - LN2019100000718,False,,2.5,,Automated,Home Loan,standard_payment,False,loan_payment_generator,False,
TXNL202100002272,ACC0015067,IND19010471,LN2019100000719,,14,2021-01-10,02:37:56,958.89,Debit,Completed,,Loan Payment - LN2019100000719 - Late Fee,False,,2.5,,Automated,Home Loan,late_payment,False,loan_payment_generator,False,
TXNL202100002273,ACC0014741,IND19004022,LN2019100000723,LDO20210001313,15,2021-01-11,02:41:37,1859.99,Debit,Completed,,Loan Payment - LN2019100000723,False,,1.48,,Automated,Home Loan,standard_payment,False,loan_payment_generator,False,
TXNL202100002274,ACC0014900,IND19006459,LN2019100000726,,15,2021-01-22,04:55:24,1846.83,Debit,Completed,,Loan Payment - LN2019100000726,False,,2.5,,Automated,Home Loan,standard_payment,False,loan_payment_generator,False,
TXNL202100002275,ACC0014513,IND19002157,LN2019100000730,,14,2021-01-02,04:14:07,732.33,Debit,Completed,,Loan Payment - LN2019100000730,False,,2.5,,Automated,Vehicle Loan,standard_payment,False,loan_payment_generator,False,
TXNL202100002276,ACC0014987,IND19010799,LN2019100000753,,15,2021-01-18,02:47:00,3502.54,Debit,Completed,,Loan Payment - LN2019100000753,False,,2.5,,Online,Vehicle Loan,standard_payment,False,loan_payment_generator,False,
TXNL202100002277,ACC0015296,IND19006283,LN2019100000770,LDO20210001314,14,2021-01-04,02:21:17,2441.52,Debit,Completed,,Loan Payment - LN2019100000770,False,,1.49,,Automated,Vehicle Loan,standard_payment,False,loan_payment_generator,False,
TXNL202100002278,ACC0014624,IND19001280,LN2019100000773,,15,2021-01-28,04:32:44,2380.1,Debit,Completed,,Loan Payment - LN2019100000773,False,,2.5,,Automated,Home Loan,standard_payment,False,loan_payment_generator,False,
TXNL202100002279,ACC0014875,IND19003311,LN2019100000790,,15,2021-01-21,04:31:00,4174.33,Debit,Completed,,Loan Payment - LN2019100000790,False,,2.5,,Automated,Home Loan,standard_payment,False,loan_payment_generator,False,
TXNL202100002280,ACC0014905,IND19005898,LN2019100000795,LDO20210001315,15,2021-01-30,04:33:02,499.46,Debit,Completed,,Loan Payment - LN2019100000795,False,,0.94,,Automated,Personal Loan,standard_payment,False,loan_payment_generator,False,
TXNL202100002281,ACC0014455,IND19002201,LN2019100000797,LDO20210001316,15,2021-01-08,03:28:37,3816.48,Debit,Completed,,Loan Payment - LN2019100000797,False,,0.17,,Automated,Home Loan,standard_payment,False,loan_payment_generator,False,
TXNL202100002282,ACC0014641,IND19001922,LN2019100000798,,15,2021-01-14,03:43:25,2539.5,Debit,Completed,,Loan Payment - LN2019100000798,False,,2.5,,Automated,Home Loan,standard_payment,False,loan_payment_generator,False,
TXNL202100002283,ACC0015408,COM19000084,LN2019100000799,LDO20210001317,15,2021-01-29,03:30:10,9460.39,Debit,Completed,,Loan Payment - LN2019100000799,False,,0.59,,Automated,Business Loan,standard_payment,False,loan_payment_generator,False,
TXNL202100002284,ACC0014445,IND19007288,LN2019100000805,LDO20210001318,15,2021-01-08,03:54:43,3753.9,Debit,Completed,,Loan Payment - LN2019100000805,False,,1.13,,Automated,Home Loan,standard_payment,False,loan_payment_generator,False,
TXNL202100002285,ACC0015234,IND19008629,LN2019100000807,LDO20210001319,15,2021-01-28,03:30:31,762.58,Debit,Completed,,Loan Payment - LN2019100000807,False,,0.95,,Automated,Home Loan,standard_payment,False,loan_payment_generator,False,
TXNL202100002286,ACC0015317,IND19000559,LN2019100000808,,15,2021-01-30,03:41:09,1128.23,Debit,Completed,,Loan Payment - LN2019100000808,False,,2.5,,Automated,Home Loan,standard_payment,False,loan_payment_generator,False,
TXNL202100002287,ACC0015321,IND19000882,LN2019100000838,,15,2021-01-29,04:02:42,3101.83,Debit,Completed,,Loan Payment - LN2019100000838,False,,2.5,,Automated,Personal Loan,standard_payment,False,loan_payment_generator,False,
TXNL202100002288,ACC0014576,IND19006736,LN2019100000839,,15,2021-01-10,04:06:42,945.91,Debit,Completed,,Loan Payment - LN2019100000839,False,,2.5,,Automated,Home Loan,standard_payment,False,loan_payment_generator,False,
TXNL202100002289,ACC0015087,IND19006417,LN2019100000846,,15,2021-01-17,02:44:29,7463.83,Debit,Completed,,Loan Payment - LN2019100000846,False,,2.5,,Automated,Personal Loan,standard_payment,False,loan_payment_generator,True,amount_rounding_error
TXNL202100002290,ACC0014754,IND19004483,LN2019100000848,LDO20210001320,15,2021-01-21,03:20:40,1686.24,Debit,Completed,,Loan Payment - LN2019100000848,False,,0.82,,Automated,Home Loan,standard_payment,False,loan_payment_generator,False,
TXNL202100002291,ACC0014887,IND19011390,LN2019100000849,,15,2021-01-21,02:34:51,3437.66,Debit,Completed,,Loan Payment - LN2019100000849,False,,2.5,,Automated,Home Loan,standard_payment,False,loan_payment_generator,False,
TXNL202100002292,ACC0015066,IND19003685,LN2019100000857,,14,2021-01-02,02:01:33,4834.51,Debit,Completed,,Loan Payment - LN2019100000857,False,,2.5,,Automated,Home Loan,standard_payment,False,loan_payment_generator,False,
TXNL202100002293,ACC0014796,IND19001357,LN2019100000859,,14,2021-01-03,04:01:28,2456.4,Debit,Completed,,Loan Payment - LN2019100000859,False,,2.5,,Online,Home Loan,standard_payment,False,loan_payment_generator,False,
TXNL202100002294,ACC0014795,IND19001357,LN2019100000860,LDO20210001321,14,2021-01-05,03:57:29,3996.55,Debit,Completed,,Loan Payment - LN2019100000860,False,,0.91,,Automated,Home Loan,standard_payment,False,loan_payment_generator,False,
TXNL202100002295,ACC0014657,IND19010193,LN2019100000868,,14,2021-01-01,02:01:26,4369.26,Debit,Completed,,Loan Payment - LN2019100000868,False,,2.5,,Automated,Personal Loan,standard_payment,False,loan_payment_generator,True,amount_rounding_error
TXNL202100002296,ACC0014651,IND19001368,LN2019100000869,,15,2021-01-27,04:44:11,659.06,Debit,Completed,,Loan Payment - LN2019100000869 - Late Fee,False,,2.5,,Automated,Home Loan,late_payment,False,loan_payment_generator,False,
TXNL202100002297,ACC0014710,IND19005052,LN2019100000876,,14,2021-01-02,02:07:01,1991.24,Debit,Completed,,Loan Payment - LN2019100000876,False,,2.5,,Automated,Home Loan,standard_payment,False,loan_payment_generator,False,
TXNL202100002298,ACC0015071,IND19011567,LN2019100000889,LDO20210001323,15,2021-01-29,03:26:36,814.01,Debit,Completed,,Loan Payment - LN2019100000889,False,,0.32,,Automated,Home Loan,standard_payment,False,loan_payment_generator,False,
TXNL202100002299,ACC0014891,IND19001714,LN2019100000893,LDO20210001324,15,2021-01-26,03:57:47,2666.57,Debit,Completed,,Loan Payment - LN2019100000893 - Extra Principal,False,,0.17,,Automated,Vehicle Loan,extra_payment,False,loan_payment_generator,False,
TXNL202100002300,ACC0015038,IND19006520,LN2019100000905,LDO20210001325,14,2021-01-02,02:27:52,1699.21,Debit,Completed,,Loan Payment - LN2019100000905,False,,0.55,,Automated,Vehicle Loan,standard_payment,False,loan_payment_generator,False,
TXNL202100002301,ACC0015090,IND19002759,LN2019100000909,,14,2021-01-06,04:48:35,2026.36,Debit,Completed,,Loan Payment - LN2019100000909,False,,2.5,,Automated,Vehicle Loan,standard_payment,False,loan_payment_generator,False,
TXNL202100002302,ACC0014736,IND19011898,LN2019100000911,,15,2021-01-13,02:35:41,830.59,Debit,Completed,,Loan Payment - LN2019100000911,False,,2.5,,Automated,Vehicle Loan,standard_payment,False,loan_payment_generator,False,
TXNL202100002303,ACC0015193,IND19006535,LN2019100000929,,15,2021-01-29,03:59:24,320.52,Debit,Completed,,Loan Payment - LN2019100000929,False,,2.5,,Automated,Home Loan,standard_payment,False,loan_payment_generator,False,
TXNL202100002304,ACC0016752,IND19005524,LN2019110000032,,14,2021-01-18,03:27:13,5468.9,Debit,Completed,,Loan Payment - LN2019110000032,False,,2.5,,Automated,Home Loan,standard_payment,False,loan_payment_generator,False,
TXNL202100002305,ACC0015909,IND19009433,LN2019110000033,,13,2021-01-02,04:26:25,3167.63,Debit,Completed,,Loan Payment - LN2019110000033,False,,2.5,,Automated,Home Loan,standard_payment,False,loan_payment_generator,False,
TXNL202100002306,ACC0016879,IND19000900,LN2019110000043,LDO20210001326,13,2021-01-01,02:56:36,309.2,Debit,Failed,insufficient_funds,Loan Payment - LN2019110000043 - Late Fee,False,,1.94,,Automated,Home Loan,late_payment,False,loan_payment_generator,False,
TXNL202100002307,ACC0015824,IND19011426,LN2019110000072,,14,2021-01-20,05:04:33,2933.18,Debit,Completed,,Loan Payment - LN2019110000072,False,,2.5,,Online,Home Loan,standard_payment,False,loan_payment_generator,False,
TXNL202100002308,ACC0016225,IND19015916,LN2019110000076,LDO20210001327,14,2021-01-07,04:39:29,3840.69,Debit,Completed,,Loan Payment - LN2019110000076,False,,0.58,,Automated,Personal Loan,standard_payment,False,loan_payment_generator,False,
TXNL202100002309,ACC0016503,IND19017799,LN2019110000082,,14,2021-01-16,04:06:23,1500.42,Debit,Completed,,Loan Payment - LN2019110000082,False,,2.5,,Automated,Home Loan,standard_payment,False,loan_payment_generator,False,
TXNL202100002310,ACC0016727,IND19008551,LN2019110000088,LDO20210001328,13,2021-01-06,04:36:26,2112.77,Debit,Completed,,Loan Payment - LN2019110000088,False,,1.14,,Automated,Vehicle Loan,standard_payment,False,loan_payment_generator,False,
TXNL202100002311,ACC0016747,IND19011048,LN2019110000089,LDO20210001329,14,2021-01-25,04:49:39,911.65,Debit,Completed,,Loan Payment - LN2019110000089 - Partial,False,,1.76,,Automated,Vehicle Loan,partial_payment,False,loan_payment_generator,False,
TXNL202100002312,ACC0015713,IND19018942,LN2019110000093,LDO20210001330,14,2021-01-13,03:54:41,7335.1,Debit,Completed,,Loan Payment - LN2019110000093,False,,1.72,,Automated,Vehicle Loan,standard_payment,False,loan_payment_generator,False,
TXNL202100002313,ACC0015438,IND19005791,LN2019110000094,LDO20210001331,14,2021-01-14,02:04:46,985.23,Debit,Completed,,Loan Payment - LN2019110000094,False,,0.97,,Automated,Home Loan,standard_payment,False,loan_payment_generator,False,
TXNL202100002314,ACC0016453,IND19019950,LN2019110000097,LDO20210001332,14,2021-01-26,02:20:29,2852.46,Debit,Completed,,Loan Payment - LN2019110000097,False,,0.45,,Automated,Personal Loan,standard_payment,False,loan_payment_generator,False,
TXNL202100002315,ACC0016481,IND19021313,LN2019110000103,,13,2021-01-03,04:16:06,3517.59,Debit,Completed,,Loan Payment - LN2019110000103,False,,2.5,,Automated,Home Loan,standard_payment,False,loan_payment_generator,False,
TXNL202100002316,ACC0016428,IND19000873,LN2019110000108,LDO20210001333,14,2021-01-27,02:09:10,3589.35,Debit,Completed,,Loan Payment - LN2019110000108,False,,0.25,,Automated,Home Loan,standard_payment,False,loan_payment_generator,False,
TXNL202100002317,ACC0015851,IND19018488,LN2019110000112,LDO20210001335,14,2021-01-29,04:17:55,1906.94,Debit,Completed,,Loan Payment - LN2019110000112,False,,0.63,,Automated,Vehicle Loan,standard_payment,False,loan_payment_generator,False,
TXNL202100002318,ACC0016627,IND19008440,LN2019110000116,LDO20210001336,14,2021-01-25,04:58:37,2149.03,Debit,Completed,,Loan Payment - LN2019110000116,False,,0.83,,Automated,Home Loan,standard_payment,False,loan_payment_generator,False,
TXNL202100002319,ACC0016207,IND19019353,LN2019110000130,LDO20210001337,14,2021-01-26,02:51:02,3396.28,Debit,Completed,,Loan Payment - LN2019110000130,False,,0.18,,Automated,Home Loan,standard_payment,False,loan_payment_generator,False,
TXNL202100002320,ACC0015481,IND19008253,LN2019110000131,LDO20210001338,14,2021-01-25,04:45:37,2231.59,Debit,Completed,,Loan Payment - LN2019110000131,False,,1.58,,Automated,Home Loan,standard_payment,False,loan_payment_generator,False,
TXNL202100002321,ACC0016337,IND19009965,LN2019110000132,LDO20210001339,13,2021-01-07,02:32:22,2046.21,Debit,Failed,bank_timeout,Loan Payment - LN2019110000132,False,,0.12,,Automated,Home Loan,standard_payment,False,loan_payment_generator,False,
TXNL202100002322,ACC0015519,IND19009246,LN2019110000133,,14,2021-01-19,02:57:30,2338.76,Debit,Completed,,Loan Payment - LN2019110000133 - Extra Principal,False,,2.5,,Automated,Home Loan,extra_payment,False,loan_payment_generator,False,
TXNL202100002323,ACC0016297,IND19020526,LN2019110000139,,13,2021-01-07,02:43:06,2248.71,Debit,Completed,,Loan Payment - LN2019110000139,False,,2.5,,Automated,Vehicle Loan,standard_payment,False,loan_payment_generator,False,
TXNL202100002324,ACC0016660,IND19007917,LN2019110000141,,14,2021-01-24,05:22:57,3401.92,Debit,Completed,,Loan Payment - LN2019110000141,False,,2.5,,Online,Home Loan,standard_payment,False,loan_payment_generator,False,
TXNL202100002325,ACC0016425,IND19020432,LN2019110000146,,14,2021-01-15,03:54:08,2152.32,Debit,Completed,,Loan Payment - LN2019110000146,False,,2.5,,Automated,Home Loan,standard_payment,False,loan_payment_generator,False,
TXNL202100002326,ACC0016322,IND19013722,LN2019110000155,LDO20210001340,13,2021-01-07,02:06:17,698.09,Debit,Completed,,Loan Payment - LN2019110000155,False,,0.82,,Automated,Home Loan,standard_payment,False,loan_payment_generator,False,
TXNL202100002327,ACC0015812,IND19011944,LN2019110000156,LDO20210001341,14,2021-01-21,02:28:33,2609.75,Debit,Completed,,Loan Payment - LN2019110000156,False,,1.99,,Automated,Vehicle Loan,standard_payment,False,loan_payment_generator,False,
TXNL202100002328,ACC0016702,IND19006765,LN2019110000169,,14,2021-01-19,01:33:44,269.59,Debit,Completed,,Loan Payment - LN2019110000169,False,,2.5,,Online,Home Loan,standard_payment,False,loan_payment_generator,False,
TXNL202100002329,ACC0016796,IND19006171,LN2019110000171,LDO20210001342,14,2021-01-12,02:16:33,6782.42,Debit,Completed,,Loan Payment - LN2019110000171,False,,1.31,,Automated,Personal Loan,standard_payment,False,loan_payment_generator,False,
TXNL202100002330,ACC0016000,IND19012493,LN2019110000176,,14,2021-01-26,04:38:45,2444.59,Debit,Failed,insufficient_funds,Loan Payment - LN2019110000176,False,,2.5,,Automated,Home Loan,standard_payment,False,loan_payment_generator,True,amount_rounding_error
TXNL202100002331,ACC0016174,IND19016734,LN2019110000189,LDO20210001343,14,2021-01-24,02:58:07,1258.22,Debit,Completed,,Loan Payment - LN2019110000189,False,,0.07,,Automated,Personal Loan,standard_payment,False,loan_payment_generator,False,
TXNL202100002332,ACC0016076,IND19010695,LN2019110000203,LDO20210001344,14,2021-01-16,04:50:09,4068.28,Debit,Failed,insufficient_funds,Loan Payment - LN2019110000203,False,,1.35,,Automated,Personal Loan,standard_payment,False,loan_payment_generator,False,
TXNL202100002333,ACC0016107,IND19022517,LN2019110000204,LDO20210001345,14,2021-01-16,04:38:17,3631.98,Debit,Completed,,Loan Payment - LN2019110000204,False,,0.93,,Automated,Home Loan,standard_payment,False,loan_payment_generator,False,
TXNL202100002334,ACC0016504,IND19014042,LN2019110000207,,14,2021-01-08,03:30:32,2735.46,Debit,Completed,,Loan Payment - LN2019110000207,False,,2.5,,Automated,Home Loan,standard_payment,False,loan_payment_generator,False,
TXNL202100002335,ACC0017148,IND19005202,LN2019110000218,LDO20210001346,14,2021-01-27,03:11:35,2770.86,Debit,Completed,,Loan Payment - LN2019110000218,False,,0.49,,Automated,Vehicle Loan,standard_payment,False,loan_payment_generator,False,
TXNL202100002336,ACC0016554,IND19000992,LN2019110000222,LDO20210001347,14,2021-01-26,03:44:37,1476.93,Debit,Completed,,Loan Payment - LN2019110000222,False,,1.91,,Automated,Home Loan,standard_payment,False,loan_payment_generator,False,
TXNL202100002337,ACC0016777,IND19014116,LN2019110000229,LDO20210001348,14,2021-01-29,03:26:03,1844.62,Debit,Completed,,Loan Payment - LN2019110000229,False,,0.3,,Automated,Vehicle Loan,standard_payment,False,loan_payment_generator,False,
TXNL202100002338,ACC0016095,IND19008630,LN2019110000232,LDO20210001349,14,2021-01-25,04:15:48,2845.54,Debit,Completed,,Loan Payment - LN2019110000232,False,,0.42,,Automated,Home Loan,standard_payment,False,loan_payment_generator,False,
TXNL202100002339,ACC0016293,IND19019129,LN2019110000244,,14,2021-01-25,04:21:17,4360.32,Debit,Completed,,Loan Payment - LN2019110000244,False,,2.5,,Automated,Personal Loan,standard_payment,False,loan_payment_generator,False,
TXNL202100002340,ACC0015859,IND19009036,LN2019110000252,,14,2021-01-11,02:31:18,2125.0,Debit,Completed,,Loan Payment - LN2019110000252,False,,2.5,,Automated,Home Loan,standard_payment,False,loan_payment_generator,False,
TXNL202100002341,ACC0016521,IND19022672,LN2019110000256,LDO20210001350,14,2021-01-28,02:12:55,1601.81,Debit,Completed,,Loan Payment - LN2019110000256,False,,0.22,,Automated,Home Loan,standard_payment,False,loan_payment_generator,False,
TXNL202100002342,ACC0016109,IND19014220,LN2019110000262,LDO20210001351,14,2021-01-16,04:31:41,6452.17,Debit,Completed,,Loan Payment - LN2019110000262,False,,0.07,,Automated,Personal Loan,standard_payment,False,loan_payment_generator,False,
TXNL202100002343,ACC0016564,IND19005051,LN2019110000263,LDO20210001352,14,2021-01-21,02:31:44,1579.37,Debit,Completed,,Loan Payment - LN2019110000263,False,,0.28,,Automated,Personal Loan,standard_payment,False,loan_payment_generator,False,
TXNL202100002344,ACC0015791,IND19003553,LN2019110000265,LDO20210001353,13,2021-01-05,04:25:52,973.69,Debit,Completed,,Loan Payment - LN2019110000265,False,,0.54,,Automated,Vehicle Loan,standard_payment,False,loan_payment_generator,False,
TXNL202100002345,ACC0016534,IND19010117,LN2019110000273,,14,2021-01-14,02:57:00,4805.31,Debit,Completed,,Loan Payment - LN2019110000273,False,,2.5,,Automated,Home Loan,standard_payment,False,loan_payment_generator,False,
TXNL202100002346,ACC0016441,IND19011531,LN2019110000281,LDO20210001354,14,2021-01-13,04:16:40,1197.23,Debit,Completed,,Loan Payment - LN2019110000281,False,,0.24,,Automated,Vehicle Loan,standard_payment,False,loan_payment_generator,False,
TXNL202100002347,ACC0017185,COM19000205,LN2019110000291,,13,2021-01-07,03:41:33,4737.68,Debit,Completed,,Loan Payment - LN2019110000291,False,,2.5,,Automated,Business Loan,standard_payment,False,loan_payment_generator,False,
TXNL202100002348,ACC0015944,IND19010149,LN2019110000301,LDO20210001355,13,2021-01-03,04:12:56,1479.65,Debit,Completed,,Loan Payment - LN2019110000301,False,,1.33,,Automated,Personal Loan,standard_payment,False,loan_payment_generator,False,
TXNL202100002349,ACC0016120,IND19006598,LN2019110000303,LDO20210001356,13,2021-01-02,02:10:53,8981.32,Debit,Completed,,Loan Payment - LN2019110000303,False,,1.9,,Automated,Home Loan,standard_payment,False,loan_payment_generator,False,
TXNL202100002350,ACC0016962,IND19020006,LN2019110000309,LDO20210001357,14,2021-01-30,03:39:15,2360.81,Debit,Completed,,Loan Payment - LN2019110000309,False,,1.71,,Automated,Vehicle Loan,standard_payment,False,loan_payment_generator,False,
TXNL202100002351,ACC0017049,IND19001097,LN2019110000310,LDO20210001358,14,2021-01-13,04:11:57,4207.91,Debit,Completed,,Loan Payment - LN2019110000310,False,,1.6,,Automated,Vehicle Loan,standard_payment,False,loan_payment_generator,False,
TXNL202100002352,ACC0016825,IND19021555,LN2019110000333,,14,2021-01-14,04:56:52,2058.23,Debit,Completed,,Loan Payment - LN2019110000333,False,,2.5,,Automated,Vehicle Loan,standard_payment,False,loan_payment_generator,False,
TXNL202100002353,ACC0016719,IND19019618,LN2019110000337,LDO20210001359,14,2021-01-27,04:34:49,3093.01,Debit,Completed,,Loan Payment - LN2019110000337,False,,0.72,,Automated,Vehicle Loan,standard_payment,False,loan_payment_generator,False,
TXNL202100002354,ACC0016257,IND19002620,LN2019110000339,LDO20210001360,14,2021-01-23,04:43:43,459.55,Debit,Completed,,Loan Payment - LN2019110000339,False,,0.33,,Automated,Home Loan,standard_payment,False,loan_payment_generator,False,
TXNL202100002355,ACC0016083,IND19015278,LN2019110000344,,13,2021-01-03,02:37:17,4122.79,Debit,Failed,mandate_limit,Loan Payment - LN2019110000344,False,,2.5,,Automated,Home Loan,standard_payment,False,loan_payment_generator,False,
TXNL202100002356,ACC0015585,IND19022752,LN2019110000345,,14,2021-01-29,02:05:50,3052.83,Debit,Completed,,Loan Payment - LN2019110000345,False,,2.5,,Automated,Home Loan,standard_payment,False,loan_payment_generator,False,
TXNL202100002357,ACC0016232,IND19013069,LN2019110000349,LDO20210001361,13,2021-01-08,02:55:29,7720.7,Debit,Completed,,Loan Payment - LN2019110000349,False,,1.81,,Automated,Personal Loan,standard_payment,False,loan_payment_generator,False,
TXNL202100002358,ACC0015703,IND19011233,LN2019110000350,,14,2021-01-29,04:08:12,4839.7,Debit,Completed,,Loan Payment - LN2019110000350,False,,2.5,,Automated,Home Loan,standard_payment,False,loan_payment_generator,False,
TXNL202100002359,ACC0016743,IND19015859,LN2019110000361,,13,2021-01-05,01:04:45,4566.17,Debit,Completed,,Loan Payment - LN2019110000361,False,,2.5,,Online,Personal Loan,standard_payment,False,loan_payment_generator,False,
TXNL202100002360,ACC0016550,IND19011196,LN2019110000363,LDO20210001362,13,2021-01-04,04:14:00,2853.51,Debit,Completed,,Loan Payment - LN2019110000363,False,,0.73,,Automated,Home Loan,standard_payment,False,loan_payment_generator,False,
TXNL202100002361,ACC0015647,IND19013303,LN2019110000369,LDO20210001363,14,2021-01-14,02:59:22,11821.6,Debit,Completed,,Loan Payment - LN2019110000369,False,,0.84,,Automated,Personal Loan,standard_payment,False,loan_payment_generator,False,
TXNL202100002362,ACC0016895,IND19009396,LN2019110000378,LDO20210001364,14,2021-01-29,03:14:31,2849.02,Debit,Completed,,Loan Payment - LN2019110000378,False,,0.8,,Automated,Personal Loan,standard_payment,False,loan_payment_generator,False,
TXNL202100002363,ACC0015531,IND19015088,LN2019110000383,,13,2021-01-05,03:46:58,1752.25,Debit,Completed,,Loan Payment - LN2019110000383,False,,2.5,,Automated,Vehicle Loan,standard_payment,False,loan_payment_generator,False,
TXNL202100002364,ACC0016922,IND19019961,LN2019110000395,LDO20210001365,14,2021-01-17,01:19:57,1835.37,Debit,Completed,,Loan Payment - LN2019110000395,False,,0.55,,Automated,Vehicle Loan,standard_payment,False,loan_payment_generator,True,timestamp_shift
TXNL202100002365,ACC0016704,IND19017422,LN2019110000398,LDO20210001366,14,2021-01-25,04:10:04,6055.71,Debit,Completed,,Loan Payment - LN2019110000398,False,,1.9,,Automated,Home Loan,standard_payment,False,loan_payment_generator,False,
TXNL202100002366,ACC0016734,IND19021090,LN2019110000399,LDO20210001367,14,2021-01-24,02:47:04,336.75,Debit,Completed,,Loan Payment - LN2019110000399,False,,1.42,,Automated,Home Loan,standard_payment,False,loan_payment_generator,False,
TXNL202100002367,ACC0015800,IND19012589,LN2019110000408,,14,2021-01-30,03:45:05,2408.9,Debit,Completed,,Loan Payment - LN2019110000408,False,,2.5,,Automated,Home Loan,standard_payment,False,loan_payment_generator,False,
TXNL202100002368,ACC0016475,IND19022156,LN2019110000411,LDO20210001368,14,2021-01-14,03:28:42,6821.71,Debit,Completed,,Loan Payment - LN2019110000411 - Late Fee,False,,0.14,,Automated,Personal Loan,late_payment,False,loan_payment_generator,False,
TXNL202100002369,ACC0015485,IND19005788,LN2019110000412,LDO20210001369,14,2021-01-23,02:53:23,2058.94,Debit,Completed,,Loan Payment - LN2019110000412,False,,1.94,,Automated,Home Loan,standard_payment,False,loan_payment_generator,False,
TXNL202100002370,ACC0015915,IND19019141,LN2019110000413,,14,2021-01-20,02:35:52,12092.71,Debit,Completed,,Loan Payment - LN2019110000413,False,,2.5,,Automated,Personal Loan,standard_payment,False,loan_payment_generator,False,
TXNL202100002371,ACC0016364,IND19004467,LN2019110000430,,13,2021-01-04,02:06:31,1163.76,Debit,Completed,,Loan Payment - LN2019110000430,False,,2.5,,Automated,Home Loan,standard_payment,False,loan_payment_generator,False,
TXNL202100002372,ACC0016050,IND19014779,LN2019110000437,LDO20210001370,14,2021-01-29,03:15:03,1680.25,Debit,Completed,,Loan Payment - LN2019110000437,False,,1.18,,Automated,Vehicle Loan,standard_payment,False,loan_payment_generator,False,
TXNL202100002373,ACC0017067,IND19019872,LN2019110000438,LDO20210001371,13,2021-01-05,03:49:53,6095.17,Debit,Completed,,Loan Payment - LN2019110000438,False,,1.66,,Automated,Personal Loan,standard_payment,False,loan_payment_generator,False,
TXNL202100002374,ACC0016075,IND19010695,LN2019110000461,LDO20210001372,14,2021-01-25,03:15:20,583.34,Debit,Completed,,Loan Payment - LN2019110000461,False,,1.81,,Automated,Home Loan,standard_payment,False,loan_payment_generator,False,
TXNL202100002375,ACC0016490,IND19022225,LN2019110000465,,14,2021-01-21,03:40:25,1805.88,Debit,Completed,,Loan Payment - LN2019110000465,False,,2.5,,Automated,Home Loan,standard_payment,False,loan_payment_generator,False,
TXNL202100002376,ACC0015635,IND19020795,LN2019110000469,,13,2021-01-08,03:49:49,691.95,Debit,Completed,,Loan Payment - LN2019110000469,False,,2.5,,Automated,Home Loan,standard_payment,False,loan_payment_generator,False,
TXNL202100002377,ACC0015477,IND19012830,LN2019110000472,,14,2021-01-23,04:44:10,794.93,Debit,Completed,,Loan Payment - LN2019110000472,False,,2.5,,Automated,Home Loan,standard_payment,False,loan_payment_generator,False,
TXNL202100002378,ACC0016443,IND19011227,LN2019110000477,,14,2021-01-22,06:20:14,2980.37,Debit,Completed,,Loan Payment - LN2019110000477,False,,2.5,,Mobile,Personal Loan,standard_payment,False,loan_payment_generator,False,
TXNL202100002379,ACC0016143,IND19009170,LN2019110000478,,14,2021-01-29,04:35:08,1797.49,Debit,Completed,,Loan Payment - LN2019110000478,False,,2.5,,Automated,Vehicle Loan,standard_payment,False,loan_payment_generator,False,
TXNL202100002380,ACC0016452,IND19004664,LN2019110000490,LDO20210001373,14,2021-01-18,04:09:39,2584.0,Debit,Completed,,Loan Payment - LN2019110000490,False,,0.36,,Automated,Personal Loan,standard_payment,False,loan_payment_generator,False,
TXNL202100002381,ACC0015512,IND19012072,LN2019110000495,LDO20210001374,14,2021-01-14,03:32:54,1399.82,Debit,Cancelled,customer_stop_instruction,Loan Payment - LN2019110000495,False,,0.75,,Automated,Vehicle Loan,standard_payment,False,loan_payment_generator,False,
TXNL202100002382,ACC0017156,IND19011186,LN2019110000496,,13,2021-01-02,03:58:03,3322.73,Debit,Completed,,Loan Payment - LN2019110000496,False,,2.5,,Automated,Home Loan,standard_payment,False,loan_payment_generator,False,
TXNL202100002383,ACC0016740,IND19005768,LN2019110000498,,14,2021-01-26,03:35:09,5916.74,Debit,Completed,,Loan Payment - LN2019110000498 - Late Fee,False,,2.5,,Automated,Home Loan,late_payment,False,loan_payment_generator,False,
TXNL202100002384,ACC0016720,IND19019088,LN2019110000507,LDO20210001375,14,2021-01-22,04:31:56,284.78,Debit,Completed,,Loan Payment - LN2019110000507 - Late Fee,False,,1.11,,Automated,Home Loan,late_payment,False,loan_payment_generator,False,
TXNL202100002385,ACC0016949,IND19009984,LN2019110000508,,14,2021-01-20,01:38:12,3099.02,Debit,Completed,,Loan Payment - LN2019110000508,False,,2.5,,Online,Personal Loan,standard_payment,False,loan_payment_generator,False,
TXNL202100002386,ACC0016035,IND19018047,LN2019110000511,,14,2021-01-14,04:03:56,798.02,Debit,Completed,,Loan Payment - LN2019110000511,False,,2.5,,Automated,Home Loan,standard_payment,False,loan_payment_generator,False,
TXNL202100002387,ACC0017176,IND19020801,LN2019110000515,LDO20210001376,13,2021-01-07,04:29:13,1182.48,Debit,Completed,,Loan Payment - LN2019110000515 - Late Fee,False,,1.27,,Automated,Home Loan,late_payment,False,loan_payment_generator,False,
TXNL202100002388,ACC0016480,IND19021313,LN2019110000516,,14,2021-01-12,02:57:50,2308.98,Debit,Completed,,Loan Payment - LN2019110000516,False,,2.5,,Automated,Home Loan,standard_payment,False,loan_payment_generator,False,
TXNL202100002389,ACC0015748,IND19016752,LN2019110000521,LDO20210001377,13,2021-01-03,02:44:21,1613.42,Debit,Completed,,Loan Payment - LN2019110000521 - Late Fee,False,,0.84,,Automated,Home Loan,late_payment,False,loan_payment_generator,False,
TXNL202100002390,ACC0016356,IND19010573,LN2019110000523,,14,2021-01-13,03:07:19,8378.13,Debit,Completed,,Loan Payment - LN20191100...,False,,2.5,,Automated,Personal Loan,standard_payment,False,loan_payment_generator,True,truncated_description
TXNL202100002391,ACC0016868,IND19019445,LN2019110000529,LDO20210001378,14,2021-01-12,03:43:27,819.99,Debit,Completed,,Loan Payment - LN2019110000529,False,,0.09,,Automated,Home Loan,standard_payment,False,loan_payment_generator,False,
TXNL202100002392,ACC0016401,IND19019771,LN2019110000536,LDO20210001379,13,2021-01-01,02:45:27,1888.06,Debit,Completed,,Loan Payment - LN2019110000536,False,,0.77,,Automated,Home Loan,standard_payment,False,loan_payment_generator,False,
TXNL202100002393,ACC0015874,IND19014142,LN2019110000545,,14,2021-01-17,02:55:04,2128.88,Debit,Completed,,Loan Payment - LN2019110000545,False,,2.5,,Automated,Personal Loan,standard_payment,False,loan_payment_generator,False,
TXNL202100002394,ACC0016746,IND19021475,LN2019110000546,LDO20210001380,14,2021-01-19,02:49:56,1608.34,Debit,Completed,,Loan Payment - LN2019110000546,False,,0.85,,Automated,Vehicle Loan,standard_payment,False,loan_payment_generator,False,
TXNL202100002395,ACC0015845,IND19008750,LN2019110000551,LDO20210001381,14,2021-01-14,03:48:37,249.25,Debit,Completed,,Loan Payment - LN2019110000551,False,,0.43,,Automated,Home Loan,standard_payment,False,loan_payment_generator,False,
TXNL202100002396,ACC0015544,IND19003478,LN2019110000558,LDO20210001382,13,2021-01-05,04:41:01,346.61,Debit,Completed,,Loan Payment - LN2019110000558,False,,1.21,,Automated,Home Loan,standard_payment,False,loan_payment_generator,False,
TXNL202100002397,ACC0016878,IND19009638,LN2019110000566,LDO20210001383,14,2021-01-09,03:45:08,1490.56,Debit,Completed,,Loan Payment - LN2019110000566,False,,1.73,,Automated,Home Loan,standard_payment,False,loan_payment_generator,False,
TXNL202100002398,ACC0017005,IND19020092,LN2019110000571,LDO20210001384,14,2021-01-30,02:10:07,1865.08,Debit,Completed,,Loan Payment - LN2019110000571,False,,0.25,,Automated,Personal Loan,standard_payment,False,loan_payment_generator,False,
TXNL202100002399,ACC0016051,IND19012890,LN2019110000575,,14,2021-01-11,03:28:23,2926.14,Debit,Completed,,Loan Payment - LN2019110000575,False,,2.5,,Automated,Personal Loan,standard_payment,False,loan_payment_generator,False,
TXNL202100002400,ACC0016630,IND19016620,LN2019110000578,LDO20210001385,14,2021-01-24,03:38:52,1873.84,Debit,Completed,,Loan Payment - LN2019110000578,False,,0.31,,Automated,Personal Loan,standard_payment,False,loan_payment_generator,False,
TXNL202100002401,ACC0016489,IND19020507,LN2019110000587,LDO20210001386,13,2021-01-12,04:07:43,3095.31,Debit,Completed,,Loan Payment - LN2019110000587,False,,1.01,,Automated,Home Loan,standard_payment,False,loan_payment_generator,False,
TXNL202100002402,ACC0015439,IND19012955,LN2019110000595,LDO20210001387,14,2021-01-14,03:51:33,1108.33,Debit,Completed,,Loan Payment - LN2019110000595,False,,1.48,,Automated,Home Loan,standard_payment,False,loan_payment_generator,False,
TXNL202100002403,ACC0017171,IND19007367,LN2019110000602,LDO20210001388,13,2021-01-05,02:05:05,762.86,Debit,Completed,,Loan Payment - LN2019110000602,False,,0.83,,Automated,Home Loan,standard_payment,False,loan_payment_generator,False,
TXNL202100002404,ACC0016182,IND19003639,LN2019110000604,,14,2021-01-21,02:03:26,1628.59,Debit,Completed,,Loan Payment - LN2019110000604,False,,2.5,,Automated,Vehicle Loan,standard_payment,False,loan_payment_generator,False,
TXNL202100002405,ACC0016865,IND19004697,LN2019110000605,,14,2021-01-25,03:35:23,451.24,Debit,Completed,,Loan Payment - LN2019110000605,False,,2.5,,Automated,Personal Loan,standard_payment,False,loan_payment_generator,False,
TXNL202100002406,ACC0015959,IND19015485,LN2019110000608,,13,2021-01-07,03:56:03,2898.9,Debit,Completed,,Loan Payment - LN2019110000608,False,,2.5,,Automated,Vehicle Loan,standard_payment,False,loan_payment_generator,False,
TXNL202100002407,ACC0016505,IND19011309,LN2019110000626,LDO20210001389,14,2021-01-18,04:31:10,10770.82,Debit,Completed,,Loan Payment - LN2019110000626,False,,0.28,,Automated,Personal Loan,standard_payment,False,loan_payment_generator,False,
TXNL202100002408,ACC0015857,IND19002400,LN2019110000628,,14,2021-01-17,04:10:48,3133.96,Debit,Completed,,Loan Payment - LN2019110000628,False,,2.5,,Automated,Home Loan,standard_payment,False,loan_payment_generator,False,
TXNL202100002409,ACC0015996,IND19017710,LN2019110000643,LDO20210001390,14,2021-01-19,03:17:46,1304.69,Debit,Completed,,Loan Payment - LN2019110000643,False,,0.02,,Automated,Vehicle Loan,standard_payment,False,loan_payment_generator,False,
TXNL202100002410,ACC0015958,IND19013885,LN2019110000647,,14,2021-01-16,04:17:33,1426.17,Debit,Completed,,Loan Payment - LN2019110000647,False,,2.5,,Automated,Vehicle Loan,standard_payment,False,loan_payment_generator,False,
TXNL202100002411,ACC0016730,IND19018259,LN2019110000654,LDO20210001391,13,2021-01-02,04:23:39,722.63,Debit,Completed,,Loan Payment - LN2019110000654,False,,0.63,,Automated,Vehicle Loan,standard_payment,False,loan_payment_generator,False,
TXNL202100002412,ACC0015661,IND19000919,LN2019110000659,,14,2021-01-12,02:20:47,1775.81,Debit,Completed,,Loan Payment - LN2019110000659,False,,2.5,,Automated,Personal Loan,standard_payment,False,loan_payment_generator,False,
TXNL202100002413,ACC0016101,IND19016649,LN2019110000662,LDO20210001392,14,2021-01-23,04:45:24,585.58,Debit,Completed,,Loan Payment - LN2019110000662,False,,0.53,,Automated,Vehicle Loan,standard_payment,False,loan_payment_generator,False,
TXNL202100002414,ACC0017134,IND19003394,LN2019110000664,LDO20210001393,14,2021-01-16,04:01:10,1924.46,Debit,Completed,,Loan Payment - LN2019110000664,False,,1.41,,Automated,Vehicle Loan,standard_payment,False,loan_payment_generator,False,
TXNL202100002415,ACC0016171,IND19015851,LN2019110000670,,14,2021-01-15,02:19:40,4650.43,Debit,Completed,,Loan Payment - LN2019110000670,False,,2.5,,Automated,Home Loan,standard_payment,False,loan_payment_generator,False,
TXNL202100002416,ACC0016595,IND19008386,LN2019110000672,,14,2021-01-07,04:15:39,1330.3,Debit,Completed,,Loan Payment - LN2019110000672 - Extra Principal,False,,2.5,,Automated,Home Loan,extra_payment,False,loan_payment_generator,False,
TXNL202100002417,ACC0016943,IND19010634,LN2019110000680,,14,2021-01-21,05:22:26,2715.6,Debit,Cancelled,customer_stop_instruction,Loan Payment - LN2019110000680,False,,2.5,,Mobile,Home Loan,standard_payment,False,loan_payment_generator,False,
TXNL202100002418,ACC0015693,IND19003048,LN2019110000683,,13,2021-01-02,07:36:58,911.79,Debit,Completed,,Loan Payment - LN2019110000683,False,,2.5,,Mobile,Home Loan,standard_payment,False,loan_payment_generator,False,
TXNL202100002419,ACC0016243,IND19003222,LN2019110000686,,14,2021-01-18,03:37:49,648.87,Debit,Completed,,Loan Payment - LN2019110000686,False,,2.5,,Automated,Home Loan,standard_payment,False,loan_payment_generator,False,
TXNL202100002420,ACC0015763,IND19000944,LN2019110000688,,14,2021-01-22,01:26:46,2575.23,Debit,Completed,,Loan Payment - LN2019110000688,False,,2.5,,Online,Home Loan,standard_payment,False,loan_payment_generator,False,
TXNL202100002421,ACC0015834,IND19000307,LN2019110000689,,14,2021-01-29,04:50:00,1519.33,Debit,Completed,,Loan Payment - LN2019110000689,False,,2.5,,Automated,Vehicle Loan,standard_payment,False,loan_payment_generator,False,
TXNL202100002422,ACC0016918,IND19003793,LN2019110000696,,14,2021-01-12,03:19:24,17906.09,Debit,Completed,,Loan Payment - LN2019110000696,False,,2.5,,Automated,Personal Loan,standard_payment,False,loan_payment_generator,False,
TXNL202100002423,ACC0015441,IND19009828,LN2019110000701,LDO20210001394,14,2021-01-18,02:40:52,2488.76,Debit,Completed,,Loan Payment - LN2019110000701,False,,1.43,,Automated,Vehicle Loan,standard_payment,False,loan_payment_generator,False,
TXNL202100002424,ACC0015895,IND19003790,LN2019110000703,,14,2021-01-24,04:49:20,12066.24,Debit,Completed,,Loan Payment - LN2019110000703,False,,2.5,,Automated,Personal Loan,standard_payment,False,loan_payment_generator,False,
TXNL202100002425,ACC0016020,IND19017365,LN2019110000704,,13,2021-01-09,03:47:01,1878.11,Debit,Completed,,Loan Payment - LN2019110000704 - Late Fee,False,,2.5,,Automated,Vehicle Loan,late_payment,False,loan_payment_generator,False,
TXNL202100002426,ACC0015852,IND19018488,LN2019110000710,LDO20210001395,14,2021-01-25,02:30:37,1026.94,Debit,Completed,,Loan Payment - LN2019110000710,False,,0.07,,Automated,Personal Loan,standard_payment,False,loan_payment_generator,False,
TXNL202100002427,ACC0016398,IND19022674,LN2019110000712,,13,2021-01-03,02:36:00,6440.04,Debit,Completed,,Loan Payment - LN2019110000712,False,,2.5,,Automated,Home Loan,standard_payment,False,loan_payment_generator,False,
TXNL202100002428,ACC0016652,IND19003737,LN2019110000713,,14,2021-01-15,07:00:46,4140.27,Debit,Completed,,Loan Payment - LN2019110000713,False,,2.5,,Online,Home Loan,standard_payment,False,loan_payment_generator,False,
TXNL202100002429,ACC0015683,IND19008906,LN2019110000719,LDO20210001397,14,2021-01-17,04:37:29,4386.95,Debit,Completed,,Loan Payment - LN2019110000719,False,,0.97,,Automated,Vehicle Loan,standard_payment,False,loan_payment_generator,False,
TXNL202100002430,ACC0016594,IND19008386,LN2019110000722,LDO20210001398,14,2021-01-12,04:37:59,1285.57,Debit,Completed,,Loan Payment - LN2019110000722,False,,0.33,,Automated,Vehicle Loan,standard_payment,False,loan_payment_generator,False,
TXNL202100002431,ACC0015559,IND19015691,LN2019110000734,LDO20210001399,14,2021-01-16,03:25:03,3339.14,Debit,Completed,,Loan Payment - LN2019110000734,False,,1.2,,Automated,Personal Loan,standard_payment,False,loan_payment_generator,False,
TXNL202100002432,ACC0016301,IND19002405,LN2019110000746,LDO20210001400,14,2021-01-16,04:16:32,397.53,Debit,Completed,,Loan Payment - LN2019110000746,False,,0.51,,Automated,Home Loan,standard_payment,False,loan_payment_generator,False,
TXNL202100002433,ACC0016113,IND19012711,LN2019110000752,,14,2021-01-27,03:32:42,4317.61,Debit,Completed,,Loan Payment - LN2019110000752,False,,2.5,,Automated,Home Loan,standard_payment,False,loan_payment_generator,False,
TXNL202100002434,ACC0015987,IND19009349,LN2019110000755,LDO20210001401,14,2021-01-23,04:42:18,2904.18,Debit,Completed,,Loan Payment - LN2019110000755,False,,1.14,,Automated,Home Loan,standard_payment,False,loan_payment_generator,False,
TXNL202100002435,ACC0016968,IND19011981,LN2019110000762,LDO20210001402,13,2021-01-07,03:03:06,864.39,Debit,Completed,,Loan Payment - LN2019110000762,False,,1.2,,Automated,Home Loan,standard_payment,False,loan_payment_generator,False,
TXNL202100002436,ACC0016482,IND19012193,LN2019110000763,LDO20210001403,14,2021-01-16,04:20:54,4351.78,Debit,Completed,,Loan Payment - LN2019110000763,False,,0.75,,Automated,Personal Loan,standard_payment,False,loan_payment_generator,False,
TXNL202100002437,ACC0015521,IND19011083,LN2019110000768,,14,2021-01-19,03:36:42,2085.55,Debit,Completed,,Loan Payment - LN2019110000768,False,,2.5,,Automated,Home Loan,standard_payment,False,loan_payment_generator,False,
TXNL202100002438,ACC0016418,IND19022320,LN2019110000778,,13,2021-01-01,02:05:46,2471.68,Debit,Completed,,Loan Payment - LN2019110000778,False,,2.5,,Automated,Personal Loan,standard_payment,False,loan_payment_generator,False,
TXNL202100002439,ACC0017103,IND19013233,LN2019110000784,,13,2021-01-01,03:28:54,256.37,Debit,Completed,,Loan Payment - LN2019110000784,False,,2.5,,Automated,Home Loan,standard_payment,False,loan_payment_generator,False,
TXNL202100002440,ACC0016001,IND19011061,LN2019110000795,LDO20210001404,13,2021-01-06,02:01:45,5255.62,Debit,Completed,,Loan Payment - LN2019110000795,False,,1.99,,Automated,Personal Loan,standard_payment,False,loan_payment_generator,False,
TXNL202100002441,ACC0015561,IND19011642,LN2019110000800,,14,2021-01-20,04:47:29,4959.25,Debit,Completed,,Loan Payment - LN2019110000800,False,,2.5,,Automated,Home Loan,standard_payment,False,loan_payment_generator,False,
TXNL202100002442,ACC0016853,IND19017322,LN2019110000811,LDO20210001405,14,2021-01-17,04:19:59,1872.14,Debit,Completed,,Loan Payment - LN2019110000811,False,,1.93,,Automated,Home Loan,standard_payment,False,loan_payment_generator,False,
TXNL202100002443,ACC0016633,IND19020502,LN2019110000815,,14,2021-01-19,02:49:45,1831.79,Debit,Completed,,Loan Payment - LN2019110000815,False,,2.5,,Automated,Personal Loan,standard_payment,False,loan_payment_generator,False,
TXNL202100002444,ACC0016361,IND19001413,LN2019110000817,,14,2021-01-23,03:19:25,1642.48,Debit,Completed,,Loan Payment - LN2019110000817,False,,2.5,,Automated,Personal Loan,standard_payment,False,loan_payment_generator,False,
TXNL202100002445,ACC0016609,IND19014852,LN2019110000821,,14,2021-01-09,02:17:16,6378.55,Debit,Completed,,Loan Payment - LN2019110000821,False,,2.5,,Automated,Home Loan,standard_payment,False,loan_payment_generator,False,
TXNL202100002446,ACC0016227,IND19004473,LN2019110000852,LDO20210001406,14,2021-01-12,02:47:16,4040.57,Debit,Completed,,Loan Payment - LN2019110000852,False,,1.45,,Automated,Vehicle Loan,standard_payment,False,loan_payment_generator,False,
TXNL202100002447,ACC0017180,COM19000029,LN2019110000857,LDO20210001407,13,2021-01-05,02:52:20,20984.7,Debit,Completed,,Loan Payment - LN2019110000857,False,,1.2,,Automated,Business Loan,standard_payment,False,loan_payment_generator,False,
TXNL202100002448,ACC0016013,IND19017089,LN2019110000859,LDO20210001408,14,2021-01-14,02:20:14,3524.87,Debit,Completed,,Loan Payment - LN2019110000859,False,,1.99,,Automated,Personal Loan,standard_payment,False,loan_payment_generator,False,
TXNL202100002449,ACC0015520,IND19007923,LN2019110000863,LDO20210001409,13,2021-01-04,02:28:35,1938.36,Debit,Completed,,Loan Payment - LN2019110000863,False,,1.03,,Automated,Home Loan,standard_payment,False,loan_payment_generator,False,
TXNL202100002450,ACC0016178,IND19006692,LN2019110000865,,14,2021-01-14,02:59:04,1025.33,Debit,Completed,,Loan Payment - LN2019110000865,False,,2.5,,Automated,Home Loan,standard_payment,False,loan_payment_generator,False,
TXNL202100002451,ACC0016498,IND19019567,LN2019110000878,,14,2021-01-20,03:40:49,2136.0,Debit,Completed,,Loan Payment - LN2019110000878,False,,2.5,,Automated,Home Loan,standard_payment,False,loan_payment_generator,False,
TXNL202100002452,ACC0016587,IND19001979,LN2019110000881,,14,2021-01-24,02:39:58,2984.69,Debit,Completed,,Loan Payment - LN2019110000881,False,,2.5,,Automated,Home Loan,standard_payment,False,loan_payment_generator,False,
TXNL202100002453,ACC0016226,IND19014635,LN2019110000891,,14,2021-01-09,03:18:46,3233.22,Debit,Completed,,Loan Payment - LN2019110000891,False,,2.5,,Automated,Vehicle Loan,standard_payment,False,loan_payment_generator,False,
TXNL202100002454,ACC0016791,IND19017333,LN2019110000896,,14,2021-01-23,05:56:27,1181.34,Debit,Completed,,Loan Payment - LN2019110000896,False,,2.5,,Online,Vehicle Loan,standard_payment,False,loan_payment_generator,False,
TXNL202100002455,ACC0015546,IND19014453,LN2019110000903,,13,2021-01-05,02:41:06,1864.36,Debit,Completed,,Loan Payment - LN2019110000903,False,,2.5,,Automated,Home Loan,standard_payment,False,loan_payment_generator,False,
TXNL202100002456,ACC0016510,IND19014407,LN2019110000904,,14,2021-01-26,04:22:16,2132.38,Debit,Completed,,Loan Payment - LN2019110000904,False,,2.5,,Automated,Home Loan,standard_payment,False,loan_payment_generator,False,
TXNL202100002457,ACC0017125,IND19001891,LN2019110000911,LDO20210001410,14,2021-01-16,02:56:43,1332.55,Debit,Completed,,Loan Payment - LN2019110000911,False,,0.28,,Automated,Personal Loan,standard_payment,False,loan_payment_generator,False,
TXNL202100002458,ACC0015983,IND19021454,LN2019110000912,,13,2021-01-03,02:39:07,1224.39,Debit,Completed,,Loan Payment - LN2019110000912,False,,2.5,,Automated,Vehicle Loan,standard_payment,False,loan_payment_generator,False,
TXNL202100002459,ACC0015882,IND19001085,LN2019110000915,LDO20210001411,14,2021-01-14,02:12:54,11283.58,Debit,Completed,,Loan Payment - LN2019110000915,False,,0.05,,Automated,Home Loan,standard_payment,False,loan_payment_generator,False,
TXNL202100002460,ACC0015875,IND19009769,LN2019110000917,LDO20210001412,13,2021-01-08,03:07:24,2710.38,Debit,Completed,,Loan Payment - LN2019110000917,False,,0.12,,Automated,Personal Loan,standard_payment,False,loan_payment_generator,False,
TXNL202100002461,ACC0016555,IND19000992,LN2019110000930,,14,2021-01-26,02:58:11,6722.67,Debit,Completed,,Loan Payment - LN2019110000930,False,,2.5,,Automated,Personal Loan,standard_payment,False,loan_payment_generator,False,
TXNL202100002462,ACC0015555,IND19009723,LN2019110000938,LDO20210001413,14,2021-01-14,03:29:41,756.78,Debit,Completed,,Loan Payment - LN2019110000938,False,,0.5,,Automated,Vehicle Loan,standard_payment,False,loan_payment_generator,False,
TXNL202100002463,ACC0016547,IND19008923,LN2019110000943,LDO20210001414,14,2021-01-21,02:35:19,436.36,Debit,Completed,,Loan Payment - LN2019110000943,False,,0.7,,Automated,Home Loan,standard_payment,False,loan_payment_generator,False,
TXNL202100002464,ACC0017010,IND19008494,LN2019110000946,,13,2021-01-01,03:16:20,905.31,Debit,Completed,,Loan Payment - LN2019110000946 - Partial,False,,2.5,,Automated,Home Loan,partial_payment,False,loan_payment_generator,False,
TXNL202100002465,ACC0015619,IND19002882,LN2019110000947,,14,2021-01-16,02:14:38,4047.09,Debit,Completed,,Loan Payment - LN2019110000947,False,,2.5,,Automated,Home Loan,standard_payment,False,loan_payment_generator,False,
TXNL202100002466,ACC0016614,IND19000575,LN2019110000948,,14,2021-01-10,02:00:26,1376.78,Debit,Completed,,Loan Payment - LN2019110000948,False,,2.5,,Automated,Home Loan,standard_payment,False,loan_payment_generator,False,
TXNL202100002467,ACC0017182,COM19000145,LN2019110000951,LDO20210001415,13,2021-01-02,03:13:24,7297.18,Debit,Completed,,Loan Payment - LN2019110000951,False,,1.47,,Automated,Business Loan,standard_payment,False,loan_payment_generator,False,
TXNL202100002468,ACC0015614,IND19014721,LN2019110000953,LDO20210001416,14,2021-01-15,03:00:37,1874.21,Debit,Completed,,Loan Payment - LN2019110000953,False,,0.54,,Automated,Personal Loan,standard_payment,False,loan_payment_generator,False,
TXNL202100002469,ACC0015655,IND19019746,LN2019110000956,LDO20210001417,14,2021-01-10,03:15:30,5192.45,Debit,Completed,,Loan Payment - LN2019110000956,False,,1.18,,Automated,Vehicle Loan,standard_payment,False,loan_payment_generator,False,
TXNL202100002470,ACC0015639,IND19015264,LN2019110000960,LDO20210001418,14,2021-01-13,02:21:40,714.91,Debit,Completed,,Loan Payment - LN2019110000960,False,,1.4,,Automated,Vehicle Loan,standard_payment,False,loan_payment_generator,False,
TXNL202100002471,ACC0015582,IND19018002,LN2019110000961,LDO20210001419,14,2021-01-20,03:04:53,3002.36,Debit,Completed,,Loan Payment - LN2019110000961,False,,1.9,,Automated,Personal Loan,standard_payment,False,loan_payment_generator,False,
TXNL202100002472,ACC0016874,IND19014924,LN2019110000969,,14,2021-01-20,01:48:45,425.33,Debit,Completed,,Loan Payment - LN2019110000969,False,,2.5,,Mobile,Home Loan,standard_payment,False,loan_payment_generator,False,
TXNL202100002473,ACC0015659,IND19021142,LN2019110000973,LDO20210001420,14,2021-01-08,03:30:18,907.46,Debit,Completed,,Loan Payment - LN2019110000973,False,,0.45,,Automated,Home Loan,standard_payment,False,loan_payment_generator,False,
TXNL202100002474,ACC0017169,IND19006873,LN2019110000974,,13,2021-01-02,04:01:33,2728.92,Debit,Completed,,Loan Payment - LN2019110000974 - Extra Principal,False,,2.5,,Automated,Home Loan,extra_payment,False,loan_payment_generator,False,
TXNL202100002475,ACC0016315,IND19012459,LN2019110000976,LDO20210001421,13,2021-01-06,03:04:50,4813.04,Debit,Failed,account_blocked,Loan Payment - LN2019110000976,False,,0.92,,Automated,Home Loan,standard_payment,False,loan_payment_generator,False,
TXNL202100002476,ACC0016742,IND19015859,LN2019110000982,,14,2021-01-10,02:04:07,5364.94,Debit,Completed,,Loan Payment - LN2019110000982,False,,2.5,,Automated,Vehicle Loan,standard_payment,False,loan_payment_generator,False,
TXNL202100002477,ACC0015538,IND19012007,LN2019110000984,,14,2021-01-12,03:22:26,3460.99,Debit,Completed,,Loan Payment - LN2019110000984,False,,2.5,,Automated,Personal Loan,standard_payment,False,loan_payment_generator,False,
TXNL202100002478,ACC0015734,IND19009569,LN2019110001002,LDO20210001422,13,2021-01-03,03:59:40,1229.23,Debit,Completed,,Loan Payment - LN2019110001002,False,,1.63,,Automated,Vehicle Loan,standard_payment,False,loan_payment_generator,False,
TXNL202100002479,ACC0015777,IND19006356,LN2019110001003,,13,2021-01-01,06:00:05,2914.76,Debit,Completed,,Loan Payment - LN2019110001003,False,,2.5,,Mobile,Home Loan,standard_payment,False,loan_payment_generator,False,
TXNL202100002480,ACC0015667,IND19018619,LN2019110001013,LDO20210001424,14,2021-01-10,03:03:00,5055.86,Debit,Completed,,Loan Payment - LN2019110001013,False,,1.13,,Automated,Vehicle Loan,standard_payment,False,loan_payment_generator,False,
TXNL202100002481,ACC0016137,IND19013890,LN2019110001014,LDO20210001425,14,2021-01-13,04:04:05,1539.62,Debit,Failed,account_blocked,Loan Payment - LN2019110001014,False,,0.95,,Automated,Personal Loan,standard_payment,False,loan_payment_generator,False,
TXNL202100002482,ACC0016033,IND19019937,LN2019110001019,LDO20210001426,14,2021-01-22,04:50:19,17479.94,Debit,Completed,,Loan Payment - LN2019110001019,False,,1.52,,Automated,Personal Loan,standard_payment,False,loan_payment_generator,False,
TXNL202100002483,ACC0016982,IND19008088,LN2019110001030,LDO20210001427,13,2021-01-03,04:06:46,3457.22,Debit,Completed,,Loan Payment - LN2019110001030,False,,0.37,,Automated,Personal Loan,standard_payment,False,loan_payment_generator,False,
TXNL202100002484,ACC0015455,IND19019498,LN2019110001033,LDO20210001428,14,2021-01-30,04:12:47,1479.26,Debit,Completed,,Loan Payment - LN2019110001033,False,,1.71,,Automated,Home Loan,standard_payment,False,loan_payment_generator,False,
TXNL202100002485,ACC0017151,IND19019885,LN2019110001040,LDO20210001429,14,2021-01-25,02:00:33,4286.1,Debit,Completed,,Loan Payment - LN2019110001040,False,,1.86,,Automated,Home Loan,standard_payment,False,loan_payment_generator,False,
TXNL202100002486,ACC0016644,IND19016358,LN2019110001042,LDO20210001430,14,2021-01-27,02:46:32,4622.03,Debit,Completed,,Loan Payment - LN2019110001042,False,,0.19,,Automated,Vehicle Loan,standard_payment,False,loan_payment_generator,False,
TXNL202100002487,ACC0015528,IND19001951,LN2019110001049,LDO20210001431,13,2021-01-07,02:56:51,911.68,Debit,Completed,,Loan Payment - LN2019110001049,False,,1.78,,Automated,Personal Loan,standard_payment,False,loan_payment_generator,False,
TXNL202100002488,ACC0016089,IND19011202,LN2019110001067,,13,2021-01-04,03:37:36,724.19,Debit,Completed,,Loan Payment - LN2019110001067,False,,2.5,,Automated,Home Loan,standard_payment,False,loan_payment_generator,False,
TXNL202100002489,ACC0016130,IND19017368,LN2019110001072,LDO20210001432,14,2021-01-14,02:03:46,3877.4,Debit,Completed,,Loan Payment - LN2019110001072,False,,0.75,,Automated,Home Loan,standard_payment,False,loan_payment_generator,False,
TXNL202100002490,ACC0016599,IND19019673,LN2019110001079,,13,2021-01-01,03:24:56,715.74,Debit,Completed,,Loan Payment - LN2019110001079,False,,2.5,,Automated,Home Loan,standard_payment,False,loan_payment_generator,False,
TXNL202100002491,ACC0016417,IND19000879,LN2019110001091,,14,2021-01-17,03:07:51,3786.52,Debit,Completed,,Loan Payment - LN2019110001091,False,,2.5,,Automated,Personal Loan,standard_payment,False,loan_payment_generator,False,
TXNL202100002492,ACC0016216,IND19005917,LN2019110001094,,14,2021-01-11,03:57:53,478.72,Debit,Completed,,Loan Payment - LN2019110001094,False,,2.5,,Automated,Home Loan,standard_payment,False,loan_payment_generator,False,
TXNL202100002493,ACC0015549,IND19019725,LN2019110001098,,13,2021-01-03,04:15:11,494.33,Debit,Cancelled,customer_stop_instruction,Loan Payment - LN2019110001098,False,,2.5,,Automated,Home Loan,standard_payment,False,loan_payment_generator,False,
TXNL202100002494,ACC0016305,IND19020162,LN2019110001100,,14,2021-01-18,02:35:22,2607.87,Debit,Completed,,Loan Payment - LN2019110001100,False,,2.5,,Automated,Vehicle Loan,standard_payment,False,loan_payment_generator,False,
TXNL202100002495,ACC0016345,IND19003681,LN2019110001102,,13,2021-01-03,04:19:36,846.69,Debit,Completed,,Loan Payment - LN2019110001102,False,,2.5,,Automated,Vehicle Loan,standard_payment,False,loan_payment_generator,False,
TXNL202100002496,ACC0016048,IND19004958,LN2019110001104,,14,2021-01-17,02:43:07,3897.52,Debit,Completed,,Loan Payment - LN2019110001104,False,,2.5,,Automated,Home Loan,standard_payment,False,loan_payment_generator,False,
TXNL202100002497,ACC0016616,IND19005217,LN2019110001116,LDO20210001433,14,2021-01-16,04:49:46,1618.8,Debit,Completed,,Loan Payment - LN2019110001116,False,,1.28,,Automated,Vehicle Loan,standard_payment,False,loan_payment_generator,False,
TXNL202100002498,ACC0015604,IND19016220,LN2019110001160,LDO20210001434,14,2021-01-09,02:49:40,3762.95,Debit,Completed,,Loan Payment - LN2019110001160,False,,1.63,,Automated,Personal Loan,standard_payment,False,loan_payment_generator,False,
TXNL202100002499,ACC0016320,IND19018963,LN2019110001162,LDO20210001435,14,2021-01-14,04:22:26,6263.64,Debit,Completed,,Loan Payment - LN2019110001162,False,,0.38,,Automated,Personal Loan,standard_payment,False,loan_payment_generator,False,
TXNL202100002500,ACC0016390,IND19006599,LN2019110001174,,14,2021-01-13,03:49:39,932.72,Debit,Completed,,Loan Payment - LN2019110001174,False,,2.5,,Automated,Home Loan,standard_payment,False,loan_payment_generator,False,
TXNL202100002501,ACC0016192,IND19015939,LN2019110001197,LDO20210001436,14,2021-01-16,03:24:57,2461.0,Debit,Completed,,Loan Payment - LN2019110001197 - Late Fee,False,,1.27,,Automated,Home Loan,late_payment,False,loan_payment_generator,False,
TXNL202100002502,ACC0016531,IND19006919,LN2019110001200,LDO20210001437,14,2021-01-18,04:17:22,1305.94,Debit,Completed,,Loan Payment - LN2019110001200,False,,0.78,,Automated,Home Loan,standard_payment,False,loan_payment_generator,False,
TXNL202100002503,ACC0015547,IND19001437,LN2019110001201,,14,2021-01-23,02:57:28,1158.85,Debit,Completed,,Loan Payment - LN2019110001201,False,,2.5,,Automated,Home Loan,standard_payment,False,loan_payment_generator,False,
TXNL202100002504,ACC0016972,IND19008735,LN2019110001207,,14,2021-01-16,03:59:34,1293.83,Debit,Completed,,Loan Payment - LN2019110001207,False,,2.5,,Automated,Home Loan,standard_payment,False,loan_payment_generator,False,
TXNL202100002505,ACC0015472,IND19019475,LN2019110001212,,14,2021-01-12,03:23:02,1300.68,Debit,Completed,,Loan Payment - LN2019110001212,False,,2.5,,Automated,Home Loan,standard_payment,False,loan_payment_generator,False,
TXNL202100002506,ACC0016286,IND19002898,LN2019110001221,LDO20210001438,14,2021-01-16,03:20:45,1882.82,Debit,Completed,,Loan Payment - LN2019110001221,False,,1.18,,Automated,Vehicle Loan,standard_payment,False,loan_payment_generator,False,
TXNL202100002507,ACC0016069,IND19016331,LN2019110001226,LDO20210001439,14,2021-01-22,01:38:37,478.88,Debit,Completed,,Loan Payment - LN2019110001226,False,,1.52,,Automated,Vehicle Loan,standard_payment,False,loan_payment_generator,True,timestamp_shift
TXNL202100002508,ACC0016621,IND19001748,LN2019110001232,,14,2021-01-27,02:03:39,8144.62,Debit,Completed,,Loan Payment - LN2019110001232,False,,2.5,,Automated,Personal Loan,standard_payment,False,loan_payment_generator,False,
TXNL202100002509,ACC0016577,IND19007401,LN2019110001235,,14,2021-01-20,07:46:53,3123.85,Debit,Completed,,Loan Payment - LN2019110001235,False,,2.5,,Online,Home Loan,standard_payment,False,loan_payment_generator,False,
TXNL202100002510,ACC0016049,IND19007167,LN2019110001244,LDO20210001440,14,2021-01-07,04:27:30,4130.98,Debit,Completed,,Loan Payment - LN2019110001244,False,,1.22,,Automated,Personal Loan,standard_payment,False,loan_payment_generator,False,
TXNL202100002511,ACC0016413,IND19002225,LN2019110001252,LDO20210001441,14,2021-01-22,04:08:17,1650.01,Debit,Completed,,Loan Payment - LN2019110001252,False,,1.73,,Automated,Home Loan,standard_payment,False,loan_payment_generator,False,
TXNL202100002512,ACC0016456,IND19001967,LN2019110001273,,14,2021-01-30,02:53:45,3320.6,Debit,Completed,,Loan Payment - LN2019110001273,False,,2.5,,Automated,Personal Loan,standard_payment,False,loan_payment_generator,False,
TXNL202100002513,ACC0017192,COM19000135,LN2019110001276,,14,2021-01-12,04:30:05,13601.44,Debit,Completed,,Loan Payment - LN2019110001276,False,,2.5,,Mobile,Business Loan,standard_payment,False,loan_payment_generator,False,
TXNL202100002514,ACC0016265,IND19008818,LN2019110001279,,13,2021-01-07,03:25:31,1882.63,Debit,Completed,,Loan Payment - LN2019110001279,False,,2.5,,Automated,Personal Loan,standard_payment,False,loan_payment_generator,False,
TXNL202100002515,ACC0015839,IND19018402,LN2019110001281,,14,2021-01-25,03:34:31,1152.39,Debit,Completed,,Loan Payment - LN2019110001281,False,,2.5,,Automated,Home Loan,standard_payment,False,loan_payment_generator,False,
TXNL202100002516,ACC0016960,IND19002996,LN2019110001282,LDO20210001442,13,2021-01-04,03:42:21,11569.01,Debit,Completed,,Loan Payment - LN2019110001282,False,,0.36,,Automated,Personal Loan,standard_payment,False,loan_payment_generator,False,
TXNL202100002517,ACC0015978,IND19018141,LN2019110001294,,13,2021-01-06,04:23:54,5299.81,Debit,Completed,,Loan Payment - LN2019110001294,False,,2.5,,Automated,Personal Loan,standard_payment,False,loan_payment_generator,False,
TXNL202100002518,ACC0016969,IND19008863,LN2019110001296,,14,2021-01-22,03:15:34,1998.68,Debit,Completed,,Loan Payment - LN2019110001296,False,,2.5,,Automated,Vehicle Loan,standard_payment,False,loan_payment_generator,False,
TXNL202100002519,ACC0017073,IND19005237,LN2019110001298,LDO20210001443,14,2021-01-30,04:17:20,1164.49,Debit,Completed,,Loan Payment - LN2019110001298,False,,0.69,,Automated,Personal Loan,standard_payment,False,loan_payment_generator,False,
TXNL202100002520,ACC0015849,IND19012343,LN2019110001299,,14,2021-01-15,06:38:46,10085.44,Debit,Failed,insufficient_funds,Loan Payment - LN2019110001299 - Partial,False,,2.5,,Automated,Personal Loan,partial_payment,False,loan_payment_generator,True,timestamp_shift
TXNL202100002521,ACC0017018,IND19011695,LN2019110001303,,14,2021-01-09,03:30:03,1631.79,Debit,Completed,,Loan Payment - LN2019110001303,False,,2.5,,Automated,Home Loan,standard_payment,False,loan_payment_generator,False,
TXNL202100002522,ACC0016430,IND19009973,LN2019110001306,LDO20210001444,14,2021-01-26,02:17:55,1067.36,Debit,Completed,,Loan Payment - LN2019110001306,False,,0.37,,Automated,Home Loan,standard_payment,False,loan_payment_generator,False,
TXNL202100002523,ACC0016357,IND19014919,LN2019110001316,,14,2021-01-25,02:38:22,1110.19,Debit,Completed,,Loan Payment - LN2019110001316,False,,2.5,,Automated,Personal Loan,standard_payment,False,loan_payment_generator,False,
TXNL202100002524,ACC0016434,IND19012839,LN2019110001322,,13,2021-01-04,03:23:50,1539.89,Debit,Completed,,Loan Payment - LN2019110001322,False,,2.5,,Automated,Home Loan,standard_payment,False,loan_payment_generator,False,
TXNL202100002525,ACC0016507,IND19019784,LN2019110001323,,14,2021-01-12,04:09:54,4051.3,Debit,Completed,,Loan Payment - LN2019110001323,False,,2.5,,Automated,Personal Loan,standard_payment,False,loan_payment_generator,False,
TXNL202100002526,ACC0016509,IND19014407,LN2019110001339,LDO20210001445,14,2021-01-30,04:34:33,2837.96,Debit,Completed,,Loan Payment - LN2019110001339,False,,1.48,,Automated,Vehicle Loan,standard_payment,False,loan_payment_generator,False,
TXNL202100002527,ACC0015940,IND19011555,LN2019110001341,,13,2021-01-08,02:34:57,2736.12,Debit,Completed,,Loan Payment - LN2019110001341,False,,2.5,,Online,Home Loan,standard_payment,False,loan_payment_generator,False,
TXNL202100002528,ACC0016172,IND19011955,LN2019110001364,LDO20210001447,14,2021-01-14,03:01:19,940.68,Debit,Completed,,Loan Payment - LN2019110001364 - Partial,False,,0.31,,Automated,Vehicle Loan,partial_payment,False,loan_payment_generator,False,
TXNL202100002529,ACC0016464,IND19019122,LN2019110001372,LDO20210001448,14,2021-01-27,04:11:53,1600.82,Debit,Completed,,Loan Payment - LN2019110001372,False,,0.68,,Automated,Vehicle Loan,standard_payment,False,loan_payment_generator,False,
TXNL202100002530,ACC0016699,IND19017199,LN2019110001379,LDO20210001449,14,2021-01-15,02:36:12,4627.85,Debit,Completed,,Loan Payment - LN2019110001379,False,,0.08,,Automated,Home Loan,standard_payment,False,loan_payment_generator,False,
TXNL202100002531,ACC0016524,IND19015767,LN2019110001382,LDO20210001450,14,2021-01-10,04:18:12,6809.02,Debit,Completed,,Loan Payment - LN2019110001382,False,,0.41,,Automated,Home Loan,standard_payment,False,loan_payment_generator,False,
TXNL202100002532,ACC0015666,IND19013677,LN2019110001391,,14,2021-01-11,03:01:58,763.27,Debit,Completed,,Loan Payment - LN2019110001391,False,,2.5,,Automated,Home Loan,standard_payment,False,loan_payment_generator,False,
TXNL202100002533,ACC0015486,IND19005043,LN2019110001393,LDO20210001451,14,2021-01-24,04:32:02,1171.97,Debit,Completed,,Loan Payment - LN2019110001393,False,,0.79,,Automated,Home Loan,standard_payment,False,loan_payment_generator,False,
TXNL202100002534,ACC0015870,IND19009118,LN2019110001419,LDO20210001452,13,2021-01-01,03:35:07,2290.66,Debit,Completed,,Loan Payment - LN2019110001419,False,,1.29,,Automated,Vehicle Loan,standard_payment,False,loan_payment_generator,False,
TXNL202100002535,ACC0016808,IND19013840,LN2019110001426,LDO20210001453,14,2021-01-07,03:10:12,1552.09,Debit,Completed,,Loan Payment - LN2019110001426,False,,0.48,,Automated,Vehicle Loan,standard_payment,False,loan_payment_generator,False,
TXNL202100002536,ACC0016712,IND19019376,LN2019110001429,LDO20210001454,14,2021-01-17,02:29:25,1231.49,Debit,Completed,,Loan Payment - LN2019110001429,False,,0.56,,Automated,Home Loan,standard_payment,False,loan_payment_generator,False,
TXNL202100002537,ACC0015583,IND19018002,LN2019110001432,LDO20210001455,14,2021-01-21,03:16:57,3166.1,Debit,Completed,,Loan Payment - LN2019110001432,False,,0.67,,Automated,Personal Loan,standard_payment,False,loan_payment_generator,False,
TXNL202100002538,ACC0016196,IND19007874,LN2019110001452,LDO20210001456,14,2021-01-19,03:25:32,2316.86,Debit,Completed,,Loan Payment - LN2019110001452,False,,0.41,,Automated,Personal Loan,standard_payment,False,loan_payment_generator,False,
TXNL202100002539,ACC0015515,IND19017646,LN2019110001454,LDO20210001457,14,2021-01-25,03:39:00,5444.84,Debit,Completed,,Loan Payment - LN2019110001454,False,,1.25,,Automated,Personal Loan,standard_payment,False,loan_payment_generator,False,
TXNL202100002540,ACC0017186,COM19000088,LN2019110001455,,14,2021-01-28,02:49:21,12988.03,Debit,Completed,,Loan Payment - LN2019110001455 - Late Fee,False,,2.5,,Automated,Business Loan,late_payment,False,loan_payment_generator,False,
TXNL202100002541,ACC0016539,IND19002916,LN2019110001462,,13,2021-01-10,06:01:42,340.67,Debit,Completed,,Loan Payment - LN2019110001462,False,,2.5,,Online,Home Loan,standard_payment,False,loan_payment_generator,False,
TXNL202100002542,ACC0016432,IND19018512,LN2019110001463,LDO20210001458,13,2021-01-02,02:52:35,2027.33,Debit,Completed,,Loan Payment - LN2019110001463,False,,1.42,,Automated,Home Loan,standard_payment,False,loan_payment_generator,False,
TXNL202100002543,ACC0015797,IND19012818,LN2019110001467,,14,2021-01-25,03:53:41,10735.57,Debit,Completed,,Loan Payment - LN2019110001467,False,,2.5,,Automated,Personal Loan,standard_payment,False,loan_payment_generator,False,
TXNL202100002544,ACC0016948,IND19007143,LN2019110001468,LDO20210001459,14,2021-01-13,03:56:48,1039.95,Debit,Completed,,Loan Payment - LN2019110001468 - Late Fee,False,,1.95,,Automated,Home Loan,late_payment,False,loan_payment_generator,False,
TXNL202100002545,ACC0016059,IND19021104,LN2019110001485,LDO20210001460,14,2021-01-17,02:58:33,4826.15,Debit,Completed,,Loan Payment - LN2019110001485,False,,0.23,,Automated,Home Loan,standard_payment,False,loan_payment_generator,False,
TXNL202100002546,ACC0016787,IND19003053,LN2019110001486,LDO20210001461,14,2021-01-17,04:16:58,2932.45,Debit,Completed,,Loan Payment - LN2019110001486,False,,0.8,,Automated,Home Loan,standard_payment,False,loan_payment_generator,False,
TXNL202100002547,ACC0016519,IND19007596,LN2019110001489,LDO20210001462,14,2021-01-30,02:46:00,2142.74,Debit,Failed,insufficient_funds,Loan Payment - LN2019110001489,False,,0.6,,Automated,Personal Loan,standard_payment,False,loan_payment_generator,False,
TXNL202100002548,ACC0016766,IND19021165,LN2019110001495,,14,2021-01-24,02:53:22,1433.43,Debit,Completed,,Loan Payment - LN2019110001495,False,,2.5,,Automated,Vehicle Loan,standard_payment,False,loan_payment_generator,False,
TXNL202100002549,ACC0015938,IND19006180,LN2019110001505,,14,2021-01-28,02:13:28,2558.66,Debit,Completed,,Loan Payment - LN2019110001505,False,,2.5,,Online,Vehicle Loan,standard_payment,False,loan_payment_generator,False,
TXNL202100002550,ACC0017138,IND19015922,LN2019110001517,LDO20210001463,14,2021-01-30,02:56:12,3179.96,Debit,Completed,,Loan Payment - LN2019110001517,False,,0.47,,Automated,Personal Loan,standard_payment,False,loan_payment_generator,False,
TXNL202100002551,ACC0016904,IND19002385,LN2019110001528,LDO20210001464,14,2021-01-29,04:02:34,961.89,Debit,Completed,,Loan Payment - LN2019110001528 - Late Fee,False,,0.17,,Automated,Personal Loan,late_payment,False,loan_payment_generator,False,
TXNL202100002552,ACC0015622,IND19017961,LN2019110001530,,14,2021-01-13,02:42:11,5980.97,Debit,Completed,,Loan Payment - LN2019110001530,False,,2.5,,Automated,Home Loan,standard_payment,False,loan_payment_generator,False,
TXNL202100002553,ACC0016613,IND19002306,LN2019110001535,,14,2021-01-11,04:37:10,705.1,Debit,Completed,,Loan Payment - LN2019110001535,False,,2.5,,Automated,Home Loan,standard_payment,False,loan_payment_generator,False,
 TXNL202100002554 ,ACC0015677,IND19004003,LN2019110001541,LDO20210001465,13,2021-01-03,04:43:59,1798.47,Debit,Completed,,Loan Payment - LN2019110001541,False,,0.55,,Automated,Home Loan,standard_payment,False,loan_payment_generator,True,whitespace_in_id
TXNL202100002555,ACC0016264,IND19019281,LN2019110001548,,14,2021-01-23,04:28:52,9162.31,Debit,Completed,,Loan Payment - LN2019110001548,False,,2.5,,Automated,Personal Loan,standard_payment,False,loan_payment_generator,False,
TXNL202100002556,ACC0016350,IND19008564,LN2019110001557,LDO20210001466,14,2021-01-23,04:24:11,6986.77,Debit,Completed,,Loan Payment - LN2019110001557,False,,1.01,,Automated,Personal Loan,standard_payment,False,loan_payment_generator,False,
TXNL202100002557,ACC0016053,IND19018755,LN2019110001558,,14,2021-01-29,02:55:05,1809.84,Debit,Failed,insufficient_funds,Loan Payment - LN2019110001558,False,,2.5,,Automated,Personal Loan,standard_payment,False,loan_payment_generator,False,
TXNL202100002558,ACC0016014,IND19017089,LN2019110001577,LDO20210001467,14,2021-01-23,03:18:34,1976.96,Debit,Completed,,Loan Payment - LN2019110001577,False,,1.56,,Automated,Home Loan,standard_payment,False,loan_payment_generator,False,
TXNL202100002559,ACC0015425,IND19007086,LN2019110001579,LDO20210001468,14,2021-01-26,02:28:27,5170.59,Debit,Completed,,Loan Payment - LN2019110001579,False,,0.68,,Automated,Home Loan,standard_payment,False,loan_payment_generator,False,
TXNL202100002560,ACC0015687,IND19021383,LN2019110001584,LDO20210001469,14,2021-01-16,02:56:19,1231.88,Debit,Completed,,Loan Payment - LN2019110001584,False,,1.6,,Automated,Vehicle Loan,standard_payment,False,loan_payment_generator,False,
TXNL202100002561,ACC0015762,IND19000944,LN2019110001594,,14,2021-01-26,02:34:41,3101.76,Debit,Completed,,Loan Payment - LN2019110001594,False,,2.5,,Automated,Home Loan,standard_payment,False,loan_payment_generator,False,
TXNL202100002562,ACC0015701,IND19001383,LN2019110001612,LDO20210001470,14,2021-01-11,03:08:03,2223.48,Debit,Completed,,Loan Payment - LN2019110001612,False,,0.64,,Automated,Personal Loan,standard_payment,False,loan_payment_generator,False,
TXNL202100002563,ACC0017021,IND19005782,LN2019110001616,LDO20210001471,14,2021-01-28,04:17:54,2570.11,Debit,Completed,,Loan Payment - LN2019110001616,False,,0.55,,Automated,Personal Loan,standard_payment,False,loan_payment_generator,False,
TXNL202100002564,ACC0016354,IND19010183,LN2019110001617,LDO20210001472,13,2021-01-07,03:53:25,2158.03,Debit,Completed,,Loan Payment - LN2019110001617 - Extra Principal,False,,0.65,,Automated,Home Loan,extra_payment,False,loan_payment_generator,False,
TXNL202100002565,ACC0016862,IND19019662,LN2019110001622,LDO20210001473,14,2021-01-13,02:28:45,4379.8,Debit,Completed,,Loan Payment - LN2019110001622,False,,0.29,,Automated,Home Loan,standard_payment,False,loan_payment_generator,False,
TXNL202100002566,ACC0016300,IND19004530,LN2019110001631,,14,2021-01-29,04:15:35,1559.35,Debit,Cancelled,customer_stop_instruction,Loan Payment - LN2019110001631,False,,2.5,,Automated,Home Loan,standard_payment,False,loan_payment_generator,False,
TXNL202100002567,ACC0015556,IND19008769,LN2019110001638,LDO20210001474,14,2021-01-11,04:54:18,3055.54,Debit,Completed,,Loan Payment - LN2019110001638,False,,1.34,,Automated,Home Loan,standard_payment,False,loan_payment_generator,False,
TXNL202100002568,ACC0016568,IND19014465,LN2019110001650,LDO20210001475,14,2021-01-15,03:49:06,940.19,Debit,Completed,,Loan Payment - LN2019110001650,False,,0.3,,Automated,Vehicle Loan,standard_payment,False,loan_payment_generator,False,
TXNL202100002569,ACC0015872,IND19022275,LN2019110001651,,13,2021-01-02,02:33:33,4141.62,Debit,Cancelled,customer_stop_instruction,Loan Payment - LN2019110001651,False,,2.5,,Automated,Home Loan,standard_payment,False,loan_payment_generator,False,
TXNL202100002570,ACC0016145,IND19016516,LN2019110001653,LDO20210001476,14,2021-01-16,04:48:51,2266.33,Debit,Completed,,Loan Payment - LN2019110001653,False,,1.34,,Automated,Vehicle Loan,standard_payment,False,loan_payment_generator,False,
TXNL202100002571,ACC0016019,IND19000655,LN2019110001663,LDO20210001477,14,2021-01-26,04:18:42,1440.24,Debit,Completed,,Loan Payment - LN2019110001663,False,,1.97,,Automated,Vehicle Loan,standard_payment,False,loan_payment_generator,False,
TXNL202100002572,ACC0016985,IND19017526,LN2019110001664,,13,2021-01-03,04:51:38,795.26,Debit,Completed,,Loan Payment - LN2019110001664 - Partial,False,,2.5,,Automated,Personal Loan,partial_payment,False,loan_payment_generator,False,
TXNL202100002573,ACC0016477,IND19000053,LN2019110001676,LDO20210001478,14,2021-01-10,03:21:51,810.3,Debit,Completed,,Loan Payment - LN2019110001676,False,,1.33,,Automated,Home Loan,standard_payment,False,loan_payment_generator,False,
TXNL202100002574,ACC0016691,IND19021518,LN2019110001677,,14,2021-01-27,04:00:10,2765.46,Debit,Completed,,Loan Payment - LN2019110001677,False,,2.5,,Automated,Personal Loan,standard_payment,False,loan_payment_generator,False,
TXNL202100002575,ACC0015828,IND19001557,LN2019110001681,,13,2021-01-04,03:00:49,1335.63,Debit,Completed,,Loan Payment - LN2019110001681,False,,2.5,,Automated,Home Loan,standard_payment,False,loan_payment_generator,False,
TXNL202100002576,ACC0016245,IND19006966,LN2019110001683,LDO20210001479,14,2021-01-18,04:31:04,910.37,Debit,Completed,,Loan Payment - LN2019110001683,False,,1.5,,Automated,Personal Loan,standard_payment,False,loan_payment_generator,False,
TXNL202100002577,ACC0017220,IND19006006,LN2019120000007,LDO20210001480,12,2021-01-02,03:32:44,3714.91,Debit,Completed,,Loan Payment - LN2019120000007,False,,1.83,,Automated,Vehicle Loan,standard_payment,False,loan_payment_generator,False,
TXNL202100002578,ACC0017348,IND19002742,LN2019120000011,,13,2021-01-31,04:55:31,11748.5,Debit,Completed,,Loan Payment - LN2019120000011,False,,2.5,,Automated,Personal Loan,standard_payment,False,loan_payment_generator,False,
TXNL202100002579,ACC0018245,IND19001340,LN2019120000021,LDO20210001481,13,2021-01-19,03:32:36,2002.58,Debit,Completed,,Loan Payment - LN2019120000021,False,,1.96,,Automated,Vehicle Loan,standard_payment,False,loan_payment_generator,False,
TXNL202100002580,ACC0018155,IND19001906,LN2019120000025,LDO20210001482,13,2021-01-30,03:03:23,502.51,Debit,Completed,,Loan Payment - LN2019120000025,False,,0.57,,Automated,Home Loan,standard_payment,False,loan_payment_generator,False,
TXNL202100002581,ACC0018078,IND19013011,LN2019120000036,LDO20210001483,12,2021-01-02,02:07:35,1495.84,Debit,Failed,insufficient_funds,Loan Payment - LN2019120000036,False,,1.73,,Automated,Personal Loan,standard_payment,False,loan_payment_generator,False,
TXNL202100002582,ACC0017796,IND19000091,LN2019120000039,,13,2021-01-21,03:55:21,1963.82,Debit,Completed,,Loan Payment - LN2019120000039,False,,2.5,,Automated,Vehicle Loan,standard_payment,False,loan_payment_generator,False,
TXNL202100002583,ACC0018008,IND19015657,LN2019120000041,,13,2021-01-23,04:29:11,1721.57,Debit,Completed,,Loan Payment - LN2019120000041,False,,2.5,,Automated,Vehicle Loan,standard_payment,False,loan_payment_generator,False,
TXNL202100002584,ACC0017862,IND19015672,LN2019120000042,LDO20210001484,13,2021-01-16,02:33:50,3423.55,Debit,Completed,,Loan Payment - LN2019120000042,False,,1.67,,Automated,Home Loan,standard_payment,False,loan_payment_generator,False,
TXNL202100002585,ACC0018324,COM19000142,LN2019120000063,,13,2021-01-24,03:24:39,7222.43,Debit,Completed,,Loan Payment - LN2019120000063,False,,2.5,,Automated,Business Loan,standard_payment,False,loan_payment_generator,False,
TXNL202100002586,ACC0018134,IND19009787,LN2019120000071,,13,2021-01-21,03:38:24,2034.6,Debit,Completed,,Loan Payment - LN2019120000071,False,,2.5,,Automated,Vehicle Loan,standard_payment,False,loan_payment_generator,False,
TXNL202100002587,ACC0017490,IND19003410,LN2019120000084,LDO20210001485,13,2021-01-21,02:39:36,458.43,Debit,Completed,,Loan Payment - LN2019120000084,False,,0.04,,Automated,Vehicle Loan,standard_payment,False,loan_payment_generator,False,
TXNL202100002588,ACC0017386,IND19012291,LN2019120000087,LDO20210001486,13,2021-01-25,04:45:15,925.19,Debit,Completed,,Loan Payment - LN2019120000087 - Late Fee,False,,0.68,,Automated,Vehicle Loan,late_payment,False,loan_payment_generator,False,
TXNL202100002589,ACC0017446,IND19013286,LN2019120000094,LDO20210001487,12,2021-01-03,02:30:41,248.58,Debit,Failed,insufficient_funds,Loan Payment - LN2019120000094,False,,1.59,,Automated,Home Loan,standard_payment,False,loan_payment_generator,False,
TXNL202100002590,ACC0017853,IND19015746,LN2019120000096,LDO20210001488,12,2021-01-06,02:46:52,916.54,Debit,Completed,,Loan Payment - LN2019120000096,False,,1.58,,Automated,Home Loan,standard_payment,False,loan_payment_generator,False,
TXNL202100002591,ACC0017858,IND19013271,LN2019120000102,,13,2021-01-19,03:14:28,4224.82,Debit,Completed,,Loan Payment - LN2019120000102,False,,2.5,,Automated,Home Loan,standard_payment,False,loan_payment_generator,False,
TXNL202100002592,ACC0017213,IND19014377,LN2019120000113,LDO20210001489,12,2021-01-01,02:05:07,2900.1,Debit,Completed,,Loan Payment - LN2019120000113,False,,0.6,,Automated,Home Loan,standard_payment,False,loan_payment_generator,False,
TXNL202100002593,ACC0018129,IND19009471,LN2019120000115,,13,2021-01-15,02:43:31,1177.99,Debit,Completed,,Loan Payment - LN2019120000115,False,,2.5,,Automated,Vehicle Loan,standard_payment,False,loan_payment_generator,False,
TXNL202100002594,ACC0018033,IND19013869,LN2019120000120,,13,2021-01-17,04:26:31,436.83,Debit,Completed,,Loan Payment - LN2019120000120,False,,2.5,,Automated,Home Loan,standard_payment,False,loan_payment_generator,False,
TXNL202100002595,ACC0017308,IND19007237,LN2019120000128,,12,2021-01-06,03:14:32,6207.25,Debit,Completed,,Loan Payment - LN2019120000128,False,,2.5,,Automated,Vehicle Loan,standard_payment,False,loan_payment_generator,False,
TXNL202100002596,ACC0017242,IND19011983,LN2019120000130,,13,2021-01-23,02:09:37,2335.31,Debit,Completed,,Loan Payment - LN2019120000130,False,,2.5,,Automated,Home Loan,standard_payment,False,loan_payment_generator,False,
TXNL202100002597,ACC0017565,IND19007651,LN2019120000134,LDO20210001490,13,2021-01-11,03:38:48,1701.15,Debit,Completed,,Loan Payment - LN2019120000134,False,,1.53,,Automated,Personal Loan,standard_payment,False,loan_payment_generator,False,
TXNL202100002598,ACC0017564,IND19013110,LN2019120000145,LDO20210001491,13,2021-01-13,02:47:53,690.61,Debit,Completed,,Loan Payment - LN2019120000145,False,,1.97,,Automated,Personal Loan,standard_payment,False,loan_payment_generator,False,
TXNL202100002599,ACC0018252,IND19006462,LN2019120000160,LDO20210001492,13,2021-01-10,02:07:24,383.52,Debit,Completed,,Loan Payment - LN2019120000160,False,,0.17,,Automated,Home Loan,standard_payment,False,loan_payment_generator,False,
TXNL202100002600,ACC0018146,IND19011252,LN2019120000168,LDO20210001493,13,2021-01-18,04:38:18,1810.24,Debit,Completed,,Loan Payment - LN2019120000168,False,,0.18,,Automated,Home Loan,standard_payment,False,loan_payment_generator,False,
TXNL202100002601,ACC0018114,IND19005881,LN2019120000171,,13,2021-01-18,06:39:30,2667.02,Debit,Completed,,Loan Payment - LN2019120000171,False,,2.5,,Online,Home Loan,standard_payment,False,loan_payment_generator,False,
TXNL202100002602,ACC0018117,IND19011221,LN2019120000176,LDO20210001494,13,2021-01-28,03:07:21,2545.41,Debit,Completed,,Loan Payment - LN2019120000176,False,,0.51,,Automated,Vehicle Loan,standard_payment,False,loan_payment_generator,False,
TXNL202100002603,ACC0017451,IND19009152,LN2019120000186,,12,2021-01-01,04:17:42,396.5,Debit,Completed,,Loan Payment - LN2019120000186,False,,2.5,,Automated,Home Loan,standard_payment,False,loan_payment_generator,False,
TXNL202100002604,ACC0017736,IND19012919,LN2019120000201,,13,2021-01-20,04:43:33,9909.1,Debit,Completed,,Loan Payment - LN2019120000201 - Recovery,False,,2.5,,Automated,Personal Loan,recovery_payment,True,loan_payment_generator,False,
TXNL202100002605,ACC0018201,IND19005623,LN2019120000217,,13,2021-01-16,06:03:14,2492.35,Debit,Failed,bank_timeout,Loan Payment - LN2019120000217,False,,2.5,,Mobile,Vehicle Loan,standard_payment,False,loan_payment_generator,False,
TXNL202100002606,ACC0017369,IND19015280,LN2019120000222,LDO20210001495,13,2021-01-14,04:31:30,3572.64,Debit,Failed,insufficient_funds,Loan Payment - LN2019120000222 - Extra Principal,False,,0.65,,Automated,Home Loan,extra_payment,False,loan_payment_generator,False,
TXNL202100002607,ACC0017900,IND19015599,LN2019120000223,LDO20210001496,13,2021-01-11,04:07:44,1764.26,Debit,Completed,,Loan Payment - LN2019120000223,False,,0.02,,Automated,Vehicle Loan,standard_payment,False,loan_payment_generator,False,
TXNL202100002608,ACC0017450,IND19002178,LN2019120000231,LDO20210001497,12,2021-01-06,03:31:26,227.7,Debit,Completed,,Loan Payment - LN2019120000231 - Late Fee,False,,0.59,,Automated,Home Loan,late_payment,False,loan_payment_generator,False,
TXNL202100002609,ACC0017883,IND19014767,LN2019120000239,LDO20210001498,13,2021-01-18,04:26:45,1614.83,Debit,Completed,,Loan Payment - LN2019120000239,False,,1.18,,Automated,Home Loan,standard_payment,False,loan_payment_generator,False,
TXNL202100002610,ACC0017346,IND19008124,LN2019120000247,LDO20210001499,13,2021-01-26,03:47:21,1955.82,Debit,Completed,,Loan Payment - LN2019120000247,False,,0.46,,Automated,Home Loan,standard_payment,False,loan_payment_generator,False,
TXNL202100002611,ACC0017362,IND19001879,LN2019120000249,,12,2021-01-03,03:56:38,2652.39,Debit,Completed,,Loan Payment - LN2019120000249,False,,2.5,,Automated,Vehicle Loan,standard_payment,False,loan_payment_generator,False,
TXNL202100002612,ACC0017684,IND19014040,LN2019120000252,,13,2021-01-27,02:12:49,1059.91,Debit,Completed,,Loan Payment - LN2019120000252,False,,2.5,,Automated,Vehicle Loan,standard_payment,False,loan_payment_generator,False,
TXNL202100002613,ACC0018213,IND19015513,LN2019120000262,LDO20210001500,13,2021-01-20,03:59:47,1820.93,Debit,Completed,,Loan Payment - LN2019120000262,False,,0.14,,Automated,Home Loan,standard_payment,False,loan_payment_generator,False,
TXNL202100002614,ACC0018042,IND19000060,LN2019120000265,,13,2021-01-26,04:52:43,1017.66,Debit,Completed,,Loan Payment - LN2019120000265,False,,2.5,,Automated,Personal Loan,standard_payment,False,loan_payment_generator,False,
TXNL202100002615,ACC0018269,IND19005231,LN2019120000269,LDO20210001501,13,2021-01-28,04:23:56,4759.48,Debit,Failed,account_blocked,Loan Payment - LN2019120000269 - Late Fee,False,,1.81,,Automated,Home Loan,late_payment,False,loan_payment_generator,False,
TXNL202100002616,ACC0017441,IND19013798,LN2019120000274,,13,2021-01-25,04:40:22,505.35,Debit,Completed,,Loan Payment - LN2019120000274,False,,2.5,,Automated,Home Loan,standard_payment,False,loan_payment_generator,False,
TXNL202100002617,ACC0017407,IND19008902,LN2019120000279,LDO20210001502,13,2021-01-09,04:19:14,460.5,Debit,Completed,,Loan Payment - LN2019120000279,False,,0.18,,Automated,Home Loan,standard_payment,False,loan_payment_generator,False,
TXNL202100002618,ACC0018195,IND19013848,LN2019120000295,,13,2021-01-29,03:02:50,896.98,Debit,Completed,,Loan Payment - LN2019120000295,False,,2.5,,Automated,Vehicle Loan,standard_payment,False,loan_payment_generator,False,
TXNL202100002619,ACC0018120,IND19015966,LN2019120000304,,13,2021-01-20,02:57:27,3162.87,Debit,Completed,,Loan Payment - LN2019120000304,False,,2.5,,Automated,Personal Loan,standard_payment,False,loan_payment_generator,False,
TXNL202100002620,ACC0017986,IND19011000,LN2019120000309,LDO20210001503,13,2021-01-13,02:17:51,2986.73,Debit,Completed,,Loan Payment - LN2019120000309,False,,0.61,,Automated,Home Loan,standard_payment,False,loan_payment_generator,False,
TXNL202100002621,ACC0017358,IND19002502,LN2019120000314,LDO20210001504,12,2021-01-03,03:09:54,1939.6,Debit,Completed,,Loan Payment - LN2019120000314,False,,1.78,,Automated,Personal Loan,standard_payment,False,loan_payment_generator,False,
TXNL202100002622,ACC0017797,IND19007712,LN2019120000315,LDO20210001505,13,2021-01-11,02:26:14,5637.81,Debit,Failed,insufficient_funds,Loan Payment - LN2019120000315,False,,0.35,,Automated,Personal Loan,standard_payment,False,loan_payment_generator,False,
TXNL202100002623,ACC0018301,IND19006178,LN2019120000339,LDO20210001506,13,2021-01-25,04:37:12,3619.56,Debit,Failed,insufficient_funds,Loan Payment - LN2019120000339,False,,0.53,,Automated,Home Loan,standard_payment,False,loan_payment_generator,False,
TXNL202100002624,ACC0017569,IND19006167,LN2019120000346,LDO20210001507,13,2021-01-24,03:27:28,2596.35,Debit,Completed,,Loan Payment - LN2019120000346,False,,0.21,,Automated,Home Loan,standard_payment,False,loan_payment_generator,False,
TXNL202100002625,ACC0017514,IND19006377,LN2019120000347,,13,2021-01-21,03:31:46,324.93,Debit,Completed,,Loan Payment - LN2019120000347,False,,2.5,,Automated,Home Loan,standard_payment,False,loan_payment_generator,False,
TXNL202100002626,ACC0017271,IND19006231,LN2019120000349,LDO20210001508,13,2021-01-09,03:53:53,1896.7,Debit,Completed,,Loan Payment - LN2019120000349,False,,1.48,,Automated,Home Loan,standard_payment,False,loan_payment_generator,False,
TXNL202100002627,ACC0017270,IND19007398,LN2019120000358,LDO20210001509,12,2021-01-02,04:50:49,625.83,Debit,Completed,,Loan Payment - LN2019120000358,False,,1.84,,Automated,Home Loan,standard_payment,False,loan_payment_generator,False,
TXNL202100002628,ACC0017775,IND19008766,LN2019120000366,LDO20210001510,12,2021-01-08,03:31:55,2935.12,Debit,Completed,,Loan Payment - LN2019120000366,False,,1.84,,Automated,Home Loan,standard_payment,False,loan_payment_generator,False,
TXNL202100002629,ACC0017231,IND19002015,LN2019120000372,LDO20210001511,12,2021-01-03,03:42:37,1757.71,Debit,Completed,,Loan Payment - LN2019120000372,False,,1.38,,Automated,Home Loan,standard_payment,False,loan_payment_generator,False,
TXNL202100002630,ACC0017533,IND19014872,LN2019120000380,LDO20210001512,13,2021-01-17,03:47:26,752.69,Debit,Completed,,Loan Payment - LN2019120000380,False,,0.46,,Automated,Vehicle Loan,standard_payment,False,loan_payment_generator,False,
TXNL202100002631,ACC0017430,IND19011616,LN2019120000382,LDO20210001513,13,2021-01-20,03:59:14,1640.96,Debit,Completed,,Loan Payment - LN2019120000382 - Late Fee,False,,1.64,,Automated,Home Loan,late_payment,False,loan_payment_generator,False,
TXNL202100002632,ACC0017801,IND19002184,LN2019120000383,LDO20210001514,13,2021-01-22,04:52:22,2842.62,Debit,Completed,,Loan Payment - LN2019120000383,False,,1.96,,Automated,Personal Loan,standard_payment,False,loan_payment_generator,False,
TXNL202100002633,ACC0017318,IND19014168,LN2019120000392,LDO20210001515,12,2021-01-02,03:45:25,1662.61,Debit,Completed,,Loan Payment - LN2019120000392,False,,1.03,,Automated,Home Loan,standard_payment,False,loan_payment_generator,False,
TXNL202100002634,ACC0017513,IND19008301,LN2019120000397,LDO20210001516,12,2021-01-02,03:54:18,1192.86,Debit,Completed,,Loan Payment - LN2019120000397,False,,0.88,,Automated,Vehicle Loan,standard_payment,False,loan_payment_generator,False,
TXNL202100002635,ACC0017553,IND19016737,LN2019120000407,,13,2021-01-21,02:40:35,2519.11,Debit,Completed,,Loan Payment - LN2019120000407,False,,2.5,,Automated,Vehicle Loan,standard_payment,False,loan_payment_generator,False,
TXNL202100002636,ACC0017672,IND19015694,LN2019120000411,LDO20210001517,13,2021-01-14,02:04:55,318.87,Debit,Completed,,Loan Payment - LN2019120000411 - Partial,False,,0.71,,Automated,Vehicle Loan,partial_payment,False,loan_payment_generator,False,
TXNL202100002637,ACC0017633,IND19014142,LN2019120000414,,12,2021-01-08,03:25:03,788.45,Debit,Completed,,Loan Payment - LN2019120000414,False,,2.5,,Automated,Home Loan,standard_payment,False,loan_payment_generator,False,
TXNL202100002638,ACC0017847,IND19003113,LN2019120000427,,13,2021-01-31,02:27:17,530.38,Debit,Completed,,Loan Payment - LN2019120000427,False,,2.5,,Automated,Personal Loan,standard_payment,False,loan_payment_generator,False,
TXNL202100002639,ACC0017979,IND19004903,LN2019120000429,LDO20210001518,13,2021-01-11,02:32:52,934.61,Debit,Completed,,Loan Payment - LN2019120000429,False,,1.19,,Automated,Home Loan,standard_payment,False,loan_payment_generator,False,
TXNL202100002640,ACC0017820,IND19010213,LN2019120000432,LDO20210001519,13,2021-01-16,04:56:34,7356.03,Debit,Completed,,Loan Payment - LN2019120000432,False,,1.86,,Automated,Home Loan,standard_payment,False,loan_payment_generator,False,
TXNL202100002641,ACC0017964,IND19006852,LN2019120000454,LDO20210001520,13,2021-01-19,03:35:39,1210.93,Debit,Completed,,Loan Payment - LN2019120000454,False,,0.03,,Automated,Home Loan,standard_payment,False,loan_payment_generator,False,
TXNL202100002642,ACC0018237,IND19002780,LN2019120000458,LDO20210001521,12,2021-01-06,04:03:18,2751.58,Debit,Completed,,Loan Payment - LN2019120000458,False,,2.0,,Automated,Personal Loan,standard_payment,False,loan_payment_generator,False,
TXNL202100002643,ACC0017614,IND19003811,LN2019120000477,LDO20210001522,12,2021-01-04,04:58:50,1211.67,Debit,Failed,daily_limit_exceeded,Loan Payment - LN2019120000477,False,,1.38,,Automated,Personal Loan,standard_payment,False,loan_payment_generator,False,
TXNL202100002644,ACC0017876,IND19006146,LN2019120000478,,12,2021-01-04,02:35:40,2721.52,Debit,Completed,,Loan Payment - LN2019120000478,False,,2.5,,Automated,Home Loan,standard_payment,False,loan_payment_generator,False,
TXNL202100002645,ACC0017209,IND19000760,LN2019120000479,LDO20210001523,13,2021-01-11,04:35:07,6029.62,Debit,Completed,,Loan Payment - LN2019120000479,False,,0.31,,Automated,Home Loan,standard_payment,False,loan_payment_generator,True,timestamp_shift
TXNL202100002646,ACC0017605,IND19011936,LN2019120000489,,13,2021-01-16,04:47:13,3670.27,Debit,Completed,,Loan Payment - LN2019120000489,False,,2.5,,Automated,Vehicle Loan,standard_payment,False,loan_payment_generator,False,
TXNL202100002647,ACC0018055,IND19012918,LN2019120000515,,12,2021-01-07,03:24:39,1409.98,Debit,Completed,,Loan Payment - LN2019120000515,False,,2.5,,Automated,Personal Loan,standard_payment,False,loan_payment_generator,False,
TXNL202100002648,ACC0017902,IND19001134,LN2019120000517,LDO20210001524,13,2021-01-26,04:08:51,4154.83,Debit,Completed,,Loan Payment - LN2019120000517,False,,0.8,,Automated,Personal Loan,standard_payment,False,loan_payment_generator,False,
TXNL202100002649,ACC0018268,IND19012057,LN2019120000534,LDO20210001525,13,2021-01-18,04:19:18,4501.31,Debit,Completed,,Loan Payment - LN2019120000534,False,,0.38,,Automated,Vehicle Loan,standard_payment,False,loan_payment_generator,False,
TXNL202100002650,ACC0018211,IND19013390,LN2019120000543,LDO20210001526,13,2021-01-22,03:18:52,2109.65,Debit,Completed,,Loan Payment - LN2019120000543,False,,0.09,,Automated,Personal Loan,standard_payment,False,loan_payment_generator,False,
TXNL202100002651,ACC0017685,IND19008907,LN2019120000551,LDO20210001527,12,2021-01-04,03:46:33,6582.76,Debit,Completed,,Loan Payment - LN2019120000551,False,,1.98,,Automated,Personal Loan,standard_payment,False,loan_payment_generator,False,
TXNL202100002652,ACC0017767,IND19005408,LN2019120000552,,12,2021-01-01,04:43:30,446.12,Debit,Completed,,Loan Payment - LN2019120000552,False,,2.5,,Automated,Home Loan,standard_payment,False,loan_payment_generator,False,
TXNL202100002653,ACC0017693,IND19010524,LN2019120000566,LDO20210001528,13,2021-01-20,02:26:37,1956.55,Debit,Completed,,Loan Payment - LN2019120000566,False,,1.36,,Automated,Personal Loan,standard_payment,False,loan_payment_generator,False,
TXNL202100002654,ACC0018052,IND19011725,LN2019120000574,LDO20210001529,13,2021-01-18,02:55:27,2070.05,Debit,Completed,,Loan Payment - LN2019120000574,False,,0.35,,Automated,Vehicle Loan,standard_payment,False,loan_payment_generator,False,
TXNL202100002655,ACC0017835,IND19006727,LN2019120000576,LDO20210001530,12,2021-01-05,03:09:06,2315.14,Debit,Completed,,Loan Payment - LN2019120000576,False,,0.63,,Automated,Home Loan,standard_payment,False,loan_payment_generator,False,
TXNL202100002656,ACC0018143,IND19004466,LN2019120000583,LDO20210001531,13,2021-01-19,03:35:00,1245.25,Debit,Completed,,Loan Payment - LN2019120000583,False,,0.61,,Automated,Home Loan,standard_payment,False,loan_payment_generator,False,
TXNL202100002657,ACC0018319,IND19009350,LN2019120000597,LDO20210001532,12,2021-01-01,04:41:24,1056.75,Debit,Completed,,Loan Payment - LN2019120000597,False,,0.69,,Automated,Personal Loan,standard_payment,False,loan_payment_generator,False,
TXNL202100002658,ACC0017495,IND19001310,LN2019120000604,LDO20210001533,12,2021-01-08,02:20:18,1209.18,Debit,Completed,,Loan Payment - LN2019120000604 - Extra Principal,False,,1.36,,Automated,Vehicle Loan,extra_payment,False,loan_payment_generator,False,
TXNL202100002659,ACC0018038,IND19009488,LN2019120000605,,12,2021-01-04,02:36:34,1569.42,Debit,Completed,,Loan Payment - LN2019120000605,False,,2.5,,Automated,Personal Loan,standard_payment,False,loan_payment_generator,False,
TXNL202100002660,ACC0017761,IND19016050,LN2019120000606,LDO20210001534,13,2021-01-13,02:06:08,4387.7,Debit,Completed,,Loan Payment - LN2019120000606 - Extra Principal,False,,1.76,,Automated,Vehicle Loan,extra_payment,False,loan_payment_generator,False,
TXNL202100002661,ACC0017628,IND19016677,LN2019120000616,,13,2021-01-18,02:09:27,3981.59,Debit,Completed,,Loan Payment - LN2019120000616,False,,2.5,,Automated,Home Loan,standard_payment,False,loan_payment_generator,False,
TXNL202100002662,ACC0017806,IND19012506,LN2019120000620,LDO20210001535,13,2021-01-18,02:02:38,6101.27,Debit,Completed,,Loan Payment - LN2019120000620,False,,1.18,,Automated,Personal Loan,standard_payment,False,loan_payment_generator,False,
TXNL202100002663,ACC0018332,COM19000105,LN2019120000624,,12,2021-01-07,04:14:53,9463.95,Debit,Completed,,Loan Payment - LN2019120000624,False,,2.5,,Automated,Business Loan,standard_payment,False,loan_payment_generator,False,
TXNL202100002664,ACC0017580,IND19004330,LN2019120000627,,13,2021-01-15,04:20:17,385.07,Debit,Completed,,Loan Payment - LN2019120000627,False,,2.5,,Automated,Personal Loan,standard_payment,False,loan_payment_generator,False,
TXNL202100002665,ACC0018221,IND19009920,LN2019120000633,,13,2021-01-21,04:41:23,1034.72,Debit,Completed,,Loan Payment - LN2019120000633,False,,2.5,,Automated,Home Loan,standard_payment,False,loan_payment_generator,False,
TXNL202100002666,ACC0017419,IND19009432,LN2019120000635,LDO20210001536,12,2021-01-05,02:34:21,1812.31,Debit,Completed,,Loan Payment - LN2019120000635,False,,0.96,,Automated,Vehicle Loan,standard_payment,False,loan_payment_generator,False,
TXNL202100002667,ACC0018039,IND19003915,LN2019120000640,LDO20210001537,12,2021-01-03,02:08:54,6929.24,Debit,Completed,,Loan Payment - LN2019120000640,False,,0.57,,Automated,Home Loan,standard_payment,False,loan_payment_generator,False,
TXNL202100002668,ACC0018082,IND19008148,LN2019120000654,,13,2021-01-21,02:40:31,2371.67,Debit,Completed,,Loan Payment - LN2019120000654,False,,2.5,,Automated,Home Loan,standard_payment,False,loan_payment_generator,False,
TXNL202100002669,ACC0017762,IND19016050,LN2019120000658,,13,2021-01-29,04:46:13,1275.6,Debit,Completed,,Loan Payment - LN2019120000658,False,,2.5,,Mobile,Home Loan,standard_payment,False,loan_payment_generator,False,
TXNL202100002670,ACC0017571,IND19014161,LN2019120000680,,13,2021-01-25,02:11:20,4409.2,Debit,Completed,,Loan Payment - LN2019120000680,False,,2.5,,Automated,Personal Loan,standard_payment,False,loan_payment_generator,False,
TXNL202100002671,ACC0018270,IND19013156,LN2019120000681,LDO20210001538,13,2021-01-23,04:42:25,1473.78,Debit,Completed,,Loan Payment - LN2019120000681,False,,1.35,,Automated,Personal Loan,standard_payment,False,loan_payment_generator,False,
TXNL202100002672,ACC0018145,IND19011252,LN2019120000691,LDO20210001539,13,2021-01-29,02:05:24,3644.3,Debit,Completed,,Loan Payment - LN2019120000691,False,,1.25,,Automated,Home Loan,standard_payment,False,loan_payment_generator,False,
TXNL202100002673,ACC0017477,IND19015557,LN2019120000694,LDO20210001540,13,2021-01-27,04:03:09,2467.65,Debit,Completed,,Loan Payment - LN2019120000694 - Late Fee,False,,1.83,,Automated,Vehicle Loan,late_payment,False,loan_payment_generator,False,
TXNL202100002674,ACC0017638,IND19006959,LN2019120000700,LDO20210001541,13,2021-01-17,02:06:15,856.9,Debit,Completed,,Loan Payment - LN2019120000700,False,,0.91,,Automated,Home Loan,standard_payment,False,loan_payment_generator,False,
TXNL202100002675,ACC0018003,IND19007768,LN2019120000702,LDO20210001542,13,2021-01-26,02:16:00,1563.27,Debit,Completed,,Loan Payment - LN2019120000702,False,,1.49,,Automated,Vehicle Loan,standard_payment,False,loan_payment_generator,False,
TXNL202100002676,ACC0018126,IND19002669,LN2019120000724,LDO20210001543,13,2021-01-15,03:33:14,3509.09,Debit,Completed,,Loan Payment - LN2019120000724,False,,1.53,,Automated,Home Loan,standard_payment,False,loan_payment_generator,False,
TXNL202100002677,ACC0017412,IND19004362,LN2019120000725,LDO20210001544,12,2021-01-06,04:53:42,8127.19,Debit,Completed,,Loan Payment - LN2019120000725,False,,0.3,,Automated,Personal Loan,standard_payment,False,loan_payment_generator,False,
TXNL202100002678,ACC0018041,IND19010103,LN2019120000732,,13,2021-01-30,02:24:46,796.54,Debit,Failed,insufficient_funds,Loan Payment - LN2019120000732,False,,2.5,,Automated,Home Loan,standard_payment,False,loan_payment_generator,False,
TXNL202100002679,ACC0017510,IND19006204,LN2019120000737,LDO20210001545,13,2021-01-23,03:28:13,4717.03,Debit,Completed,,Loan Payment - LN2019120000737 - Extra Principal,False,,0.56,,Automated,Personal Loan,extra_payment,False,loan_payment_generator,False,
TXNL202100002680,ACC0018026,IND19010519,LN2019120000751,,12,2021-01-05,05:02:01,1385.16,Debit,Completed,,Loan Payment - LN2019120000751,False,,2.5,,Mobile,Personal Loan,standard_payment,False,loan_payment_generator,False,
TXNL202100002681,ACC0017968,IND19002083,LN2019120000757,LDO20210001546,13,2021-01-25,02:42:15,5695.85,Debit,Completed,,Loan Payment - LN2019120000757,False,,1.85,,Automated,Personal Loan,standard_payment,False,loan_payment_generator,False,
TXNL202100002682,ACC0017367,IND19000270,LN2019120000772,LDO20210001547,13,2021-01-31,04:17:34,1680.33,Debit,Completed,,Loan Payment - LN2019120000772,False,,0.21,,Automated,Home Loan,standard_payment,False,loan_payment_generator,False,
TXNL202100002683,ACC0017310,IND19007739,LN2019120000774,,13,2021-01-22,04:24:46,1824.53,Debit,Completed,,Loan Payment - LN2019120000774,False,,2.5,,Automated,Personal Loan,standard_payment,False,loan_payment_generator,False,
TXNL202100002684,ACC0017283,IND19005235,LN2019120000795,LDO20210001548,13,2021-01-27,02:59:50,2175.67,Debit,Completed,,Loan Payment - LN2019120000795,False,,1.03,,Automated,Home Loan,standard_payment,False,loan_payment_generator,False,
TXNL202100002685,ACC0018266,IND19011021,LN2019120000798,,13,2021-01-23,02:06:22,3129.52,Debit,Completed,,Loan Payment - LN2019120000798,False,,2.5,,Automated,Home Loan,standard_payment,False,loan_payment_generator,False,
TXNL202100002686,ACC0017557,IND19012679,LN2019120000812,,13,2021-01-29,02:29:49,2106.73,Debit,Completed,,Loan Payment - LN2019120000812,False,,2.5,,Automated,Personal Loan,standard_payment,False,loan_payment_generator,False,
TXNL202100002687,ACC0017898,IND19003539,LN2019120000818,LDO20210001549,13,2021-01-22,04:21:12,5057.96,Debit,Completed,,Loan Payment - LN2019120000818,False,,1.69,,Automated,Home Loan,standard_payment,False,loan_payment_generator,False,
TXNL202100002688,ACC0017212,IND19012583,LN2019120000824,,13,2021-01-21,02:08:39,4852.86,Debit,Completed,,Loan Payment - LN2019120000824,False,,2.5,,Automated,Home Loan,standard_payment,False,loan_payment_generator,False,
TXNL202100002689,ACC0017752,IND19010156,LN2019120000834,LDO20210001550,13,2021-01-22,02:36:33,3238.21,Debit,Failed,account_blocked,Loan Payment - LN2019120000834,False,,0.06,,Automated,Home Loan,standard_payment,False,loan_payment_generator,False,
TXNL202100002690,ACC0018333,COM19000105,LN2019120000837,,13,2021-01-21,02:47:02,7107.59,Debit,Failed,bank_timeout,Loan Payment - LN2019120000837,False,,2.5,,Automated,Business Loan,standard_payment,False,loan_payment_generator,True,status_inconsistency
TXNL202100002691,ACC0017864,IND19000254,LN2019120000846,,13,2021-01-27,04:34:53,2405.67,Debit,Completed,,Loan Payment - LN2019120000846,False,,2.5,,Automated,Home Loan,standard_payment,False,loan_payment_generator,False,
TXNL202100002692,ACC0017599,IND19003854,LN2019120000847,LDO20210001551,13,2021-01-15,03:52:19,2320.2,Debit,Completed,,Loan Payment - LN2019120000847,False,,0.52,,Automated,Vehicle Loan,standard_payment,False,loan_payment_generator,False,
TXNL202100002693,ACC0017620,IND19007839,LN2019120000869,,13,2021-01-19,04:05:20,1148.83,Debit,Completed,,Loan Payment - LN2019120000869,False,,2.5,,Automated,Personal Loan,standard_payment,False,loan_payment_generator,False,
TXNL202100002694,ACC0017387,IND19009637,LN2019120000882,LDO20210001552,13,2021-01-22,04:55:13,469.44,Debit,Completed,,Loan Payment - LN2019120000882,False,,1.98,,Automated,Home Loan,standard_payment,False,loan_payment_generator,False,
TXNL202100002695,ACC0017617,IND19007540,LN2019120000887,,12,2021-01-10,04:41:29,3065.56,Debit,Completed,,Loan Payment - LN2019120000887,False,,2.5,,Automated,Home Loan,standard_payment,False,loan_payment_generator,False,
TXNL202100002696,ACC0018191,IND19007418,LN2019120000892,LDO20210001553,13,2021-01-18,04:12:29,753.61,Debit,Completed,,Loan Payment - LN2019120000892,False,,0.27,,Automated,Home Loan,standard_payment,False,loan_payment_generator,False,
TXNL202100002697,ACC0017494,IND19008408,LN2019120000893,LDO20210001554,13,2021-01-18,04:32:45,2075.38,Debit,Completed,,Loan Payment - LN2019120000893,False,,0.92,,Automated,Personal Loan,standard_payment,False,loan_payment_generator,False,
TXNL202100002698,ACC0017356,IND19012559,LN2019120000898,LDO20210001555,12,2021-01-05,02:02:44,4609.81,Debit,Completed,,Loan Payment - LN2019120000898,False,,1.49,,Automated,Personal Loan,standard_payment,False,loan_payment_generator,False,
TXNL202100002699,ACC0017226,IND19016642,LN2019120000905,LDO20210001556,13,2021-01-23,02:19:54,5112.39,Debit,Completed,,Loan Payment - LN2019120000905 - Late Fee,False,,0.87,,Automated,Home Loan,late_payment,False,loan_payment_generator,False,
TXNL202100002700,ACC0018313,IND19011708,LN2019120000908,,13,2021-01-13,04:48:42,4826.81,Debit,Completed,,Loan Payment - LN20191200...,False,,2.5,,Automated,Home Loan,standard_payment,False,loan_payment_generator,True,truncated_description
TXNL202100002701,ACC0017737,IND19003161,LN2019120000910,,13,2021-01-25,04:21:23,9121.83,Debit,Completed,,Loan Payment - LN20191200...,False,,2.5,,Automated,Personal Loan,late_payment,False,loan_payment_generator,True,truncated_description
TXNL202100002702,ACC0017210,IND19014389,LN2019120000914,LDO20210001557,13,2021-01-30,02:18:17,3504.07,Debit,Completed,,Loan Payment - LN2019120000914,False,,0.14,,Automated,Home Loan,standard_payment,False,loan_payment_generator,False,
TXNL202100002703,ACC0018174,IND19008032,LN2019120000916,,12,2021-01-05,04:37:14,4650.6,Debit,Completed,,Loan Payment - LN2019120000916,False,,2.5,,Automated,Home Loan,standard_payment,False,loan_payment_generator,False,
TXNL202100002704,ACC0017589,IND19012454,LN2019120000933,LDO20210001558,13,2021-01-14,02:52:36,1423.1,Debit,Completed,,Loan Payment - LN2019120000933,False,,1.37,,Automated,Home Loan,standard_payment,False,loan_payment_generator,False,
TXNL202100002705,ACC0018267,IND19016700,LN2019120000937,,13,2021-01-18,04:36:42,6419.58,Debit,Failed,insufficient_funds,Loan Payment - LN2019120000937,False,,2.5,,Automated,Personal Loan,standard_payment,False,loan_payment_generator,False,
TXNL202100002706,ACC0018235,IND19012223,LN2019120000942,LDO20210001559,12,2021-01-06,04:43:52,1842.75,Debit,Completed,,Loan Payment - LN2019120000942,False,,0.6,,Automated,Home Loan,standard_payment,False,loan_payment_generator,False,
TXNL202100002707,ACC0017475,IND19007484,LN2019120000945,LDO20210001560,13,2021-01-21,03:11:58,2847.43,Debit,Completed,,Loan Payment - LN2019120000945 - Late Fee,False,,1.46,,Automated,Home Loan,late_payment,False,loan_payment_generator,False,
TXNL202100002708,ACC0017645,IND19007865,LN2019120000947,LDO20210001561,12,2021-01-01,02:59:48,2127.63,Debit,Completed,,Loan Payment - LN2019120000947,False,,0.17,,Automated,Home Loan,standard_payment,False,loan_payment_generator,False,
TXNL202100002709,ACC0017851,IND19008887,LN2019120000959,LDO20210001562,12,2021-01-01,03:28:14,682.51,Debit,Completed,,Loan Payment - LN2019120000959,False,,0.78,,Automated,Home Loan,standard_payment,False,loan_payment_generator,False,
TXNL202100002710,ACC0018279,IND19009978,LN2019120000961,,13,2021-01-24,03:06:42,837.26,Debit,Completed,,Loan Payment - LN2019120000961 - Late Fee,False,,2.5,,Automated,Personal Loan,late_payment,False,loan_payment_generator,False,
TXNL202100002711,ACC0018236,IND19012603,LN2019120000965,,13,2021-01-27,03:50:41,480.62,Debit,Completed,,Loan Payment - LN2019120000965,False,,2.5,,Automated,Home Loan,standard_payment,False,loan_payment_generator,False,
TXNL202100002712,ACC0018190,IND19012777,LN2019120000971,LDO20210001563,13,2021-01-16,03:42:03,3777.4,Debit,Failed,bank_timeout,Loan Payment - LN2019120000971,False,,0.16,,Automated,Personal Loan,standard_payment,False,loan_payment_generator,True,status_inconsistency
TXNL202100002713,ACC0017668,IND19006436,LN2019120000977,LDO20210001564,13,2021-01-29,04:37:10,4269.2,Debit,Completed,,Loan Payment - LN2019120000977,False,,0.26,,Automated,Home Loan,standard_payment,False,loan_payment_generator,False,
TXNL202100002714,ACC0017626,IND19001337,LN2019120000982,LDO20210001565,13,2021-01-20,04:27:31,3866.19,Debit,Completed,,Loan Payment - LN2019120000982,False,,0.91,,Automated,Home Loan,standard_payment,False,loan_payment_generator,False,
TXNL202100002715,ACC0017197,IND19005988,LN2019120000993,LDO20210001566,13,2021-01-15,03:33:08,1571.33,Debit,Completed,,Loan Payment - LN2019120000993,False,,1.64,,Automated,Vehicle Loan,standard_payment,False,loan_payment_generator,False,
TXNL202100002716,ACC0018275,IND19008358,LN2019120000996,LDO20210001567,13,2021-01-18,03:58:20,2485.25,Debit,Completed,,Loan Payment - LN2019120000996,False,,0.8,,Automated,Home Loan,standard_payment,False,loan_payment_generator,False,
TXNL202100002717,ACC0017713,IND19007200,LN2019120001003,,13,2021-01-14,02:47:16,878.21,Debit,Completed,,Loan Payment - LN2019120001003 - Partial,False,,2.5,,Automated,Vehicle Loan,partial_payment,False,loan_payment_generator,False,
TXNL202100002718,ACC0017300,IND19000408,LN2019120001006,LDO20210001568,13,2021-01-30,03:21:03,3525.76,Debit,Completed,,Loan Payment - LN2019120001006,False,,0.17,,Automated,Home Loan,standard_payment,False,loan_payment_generator,False,
TXNL202100002719,ACC0017819,IND19010967,LN2019120001017,LDO20210001569,12,2021-01-04,03:53:39,1895.8,Debit,Completed,,Loan Payment - LN2019120001017,False,,0.34,,Automated,Home Loan,standard_payment,False,loan_payment_generator,False,
TXNL202100002720,ACC0017920,IND19007686,LN2019120001020,LDO20210001570,12,2021-01-02,03:48:15,655.6,Debit,Completed,,Loan Payment - LN2019120001020,False,,1.58,,Automated,Home Loan,standard_payment,False,loan_payment_generator,False,
TXNL202100002721,ACC0017763,IND19007695,LN2019120001025,,12,2021-01-04,04:23:06,4051.13,Debit,Completed,,Loan Payment - LN2019120001025 - Late Fee,False,,2.5,,Automated,Personal Loan,late_payment,False,loan_payment_generator,False,
TXNL202100002722,ACC0017649,IND19002598,LN2019120001034,LDO20210001571,13,2021-01-27,02:46:04,2081.11,Debit,Completed,,Loan Payment - LN2019120001034,False,,1.69,,Automated,Personal Loan,standard_payment,False,loan_payment_generator,False,
TXNL202100002723,ACC0018084,IND19002754,LN2019120001043,,13,2021-01-26,04:05:34,1306.58,Debit,Completed,,Loan Payment - LN2019120001043,False,,2.5,,Automated,Personal Loan,standard_payment,False,loan_payment_generator,False,
TXNL202100002724,ACC0018222,IND19003116,LN2019120001059,,13,2021-01-27,02:25:49,7108.32,Debit,Completed,,Loan Payment - LN2019120001059,False,,2.5,,Automated,Vehicle Loan,standard_payment,False,loan_payment_generator,False,
TXNL202100002725,ACC0017331,IND19000388,LN2019120001069,,12,2021-01-09,06:01:17,1885.13,Debit,Completed,,Loan Payment - LN2019120001069,False,,2.5,,Online,Home Loan,standard_payment,False,loan_payment_generator,False,
TXNL202100002726,ACC0018281,IND19003543,LN2019120001075,LDO20210001572,12,2021-01-02,02:12:37,2654.67,Debit,Completed,,Loan Payment - LN2019120001075,False,,0.12,,Automated,Personal Loan,standard_payment,False,loan_payment_generator,False,
TXNL202100002727,ACC0018030,IND19004347,LN2019120001078,,13,2021-01-21,04:39:44,3132.23,Debit,Completed,,Loan Payment - LN2019120001078,False,,2.5,,Automated,Personal Loan,standard_payment,False,loan_payment_generator,False,
TXNL202100002728,ACC0017393,IND19005933,LN2019120001080,LDO20210001573,13,2021-01-10,02:17:48,6749.42,Debit,Completed,,Loan Payment - LN2019120001080,False,,1.19,,Automated,Personal Loan,standard_payment,False,loan_payment_generator,False,
TXNL202100002729,ACC0020090,COM20000035,LN2020060000004,LDO20210001574,7,2021-01-17,03:20:01,2424.2,Debit,Cancelled,customer_stop_instruction,Loan Payment - LN2020060000004,False,,0.37,,Automated,Business Loan,standard_payment,False,loan_payment_generator,False,
TXNL202100002730,ACC0019979,IND20001413,LN2020060000006,LDO20210001575,6,2021-01-05,04:54:51,10667.99,Debit,Completed,,Loan Payment - LN2020060000006,False,,1.49,,Automated,Personal Loan,standard_payment,False,loan_payment_generator,False,
TXNL202100002731,ACC0019986,IND20000725,LN2020060000008,LDO20210001576,6,2021-01-08,03:07:16,2221.33,Debit,Cancelled,customer_stop_instruction,Loan Payment - LN2020060000008,False,,0.14,,Automated,Home Loan,standard_payment,False,loan_payment_generator,False,
TXNL202100002732,ACC0020035,IND20001747,LN2020060000013,,7,2021-01-12,02:11:22,622.19,Debit,Completed,,Loan Payment - LN2020060000013,False,,2.5,,Automated,Home Loan,standard_payment,False,loan_payment_generator,False,
TXNL202100002733,ACC0020044,IND20002919,LN2020060000017,,7,2021-01-14,02:47:21,1505.56,Debit,Completed,,Loan Payment - LN2020060000017,False,,2.5,,Automated,Vehicle Loan,standard_payment,False,loan_payment_generator,False,
TXNL202100002734,ACC0019934,IND20001972,LN2020060000021,LDO20210001577,7,2021-01-25,03:10:27,1391.96,Debit,Completed,,Loan Payment - LN2020060000021,False,,0.92,,Automated,Vehicle Loan,standard_payment,False,loan_payment_generator,False,
TXNL202100002735,ACC0019891,IND20001205,LN2020060000024,,6,2021-01-03,04:32:14,942.76,Debit,Completed,,Loan Payment - LN2020060000024,False,,2.5,,Mobile,Home Loan,standard_payment,False,loan_payment_generator,False,
TXNL202100002736,ACC0019868,IND20002210,LN2020060000027,,7,2021-01-19,04:26:45,3607.44,Debit,Completed,,Loan Payment - LN2020060000027,False,,2.5,,Automated,Home Loan,standard_payment,False,loan_payment_generator,False,
TXNL202100002737,ACC0019901,IND20003272,LN2020060000029,LDO20210001578,6,2021-01-01,04:18:21,6048.61,Debit,Completed,,Loan Payment - LN2020060000029,False,,0.06,,Automated,Home Loan,standard_payment,False,loan_payment_generator,False,
TXNL202100002738,ACC0019892,IND20002261,LN2020060000030,LDO20210001579,7,2021-01-27,02:32:46,889.2,Debit,Completed,,Loan Payment - LN2020060000030,False,,0.8,,Automated,Home Loan,standard_payment,False,loan_payment_generator,False,
TXNL202100002739,ACC0019866,IND20002750,LN2020060000040,,6,2021-01-05,04:19:23,2229.74,Debit,Completed,,Loan Payment - LN2020060000040,False,,2.5,,Automated,Home Loan,standard_payment,False,loan_payment_generator,False,
TXNL202100002740,ACC0019905,IND20002392,LN2020060000047,LDO20210001580,7,2021-01-14,04:52:16,2016.86,Debit,Completed,,Loan Payment - LN2020060000047,False,,1.14,,Automated,Home Loan,standard_payment,False,loan_payment_generator,False,
TXNL202100002741,ACC0019936,IND20001020,LN2020060000048,,7,2021-01-21,01:13:58,1467.31,Debit,Completed,,Loan Payment - LN2020060000048,False,,2.5,,Online,Personal Loan,standard_payment,False,loan_payment_generator,False,
TXNL202100002742,ACC0020002,IND20000555,LN2020060000049,,7,2021-01-25,02:50:04,3349.73,Debit,Completed,,Loan Payment - LN2020060000049,False,,2.5,,Automated,Vehicle Loan,standard_payment,False,loan_payment_generator,False,
TXNL202100002743,ACC0020030,IND20003196,LN2020060000053,,6,2021-01-05,03:03:27,2050.5,Debit,Completed,,Loan Payment - LN2020060000053,False,,2.5,,Automated,Home Loan,standard_payment,False,loan_payment_generator,False,
TXNL202100002744,ACC0020069,IND20001251,LN2020060000059,,7,2021-01-24,02:59:45,953.13,Debit,Completed,,Loan Payment - LN2020060000059,False,,2.5,,Automated,Home Loan,standard_payment,False,loan_payment_generator,False,
TXNL202100002745,ACC0019938,IND20002817,LN2020060000062,LDO20210001581,7,2021-01-25,04:11:46,1305.5,Debit,Failed,account_blocked,Loan Payment - LN2020060000062,False,,1.81,,Automated,Home Loan,standard_payment,False,loan_payment_generator,False,
TXNL202100002746,ACC0020000,IND20002309,LN2020060000070,,6,2021-01-01,03:43:51,663.09,Debit,Completed,,Loan Payment - LN2020060000070,False,,2.5,,Automated,Home Loan,standard_payment,False,loan_payment_generator,False,
TXNL202100002747,ACC0020094,COM20000026,LN2020060000074,,7,2021-01-16,04:51:39,6080.83,Debit,Completed,,Loan Payment - LN2020060000074,False,,2.5,,Automated,Business Loan,standard_payment,False,loan_payment_generator,False,
TXNL202100002748,ACC0019968,IND20001867,LN2020060000079,,7,2021-01-24,02:25:02,1499.76,Debit,Completed,,Loan Payment - LN2020060000079,False,,2.5,,Automated,Home Loan,standard_payment,False,loan_payment_generator,False,
TXNL202100002749,ACC0019867,IND20002478,LN2020060000084,,7,2021-01-17,03:54:14,1949.26,Debit,Completed,,Loan Payment - LN2020060000084,False,,2.5,,Automated,Vehicle Loan,standard_payment,False,loan_payment_generator,False,
TXNL202100002750,ACC0019957,IND20001647,LN2020060000098,,7,2021-01-21,06:05:55,7773.79,Debit,Completed,,Loan Payment - LN2020060000098,False,,2.5,,Online,Home Loan,standard_payment,False,loan_payment_generator,False,
TXNL202100002751,ACC0020054,IND20001228,LN2020060000123,,7,2021-01-25,02:19:21,1304.98,Debit,Completed,,Loan Payment - LN20200600...,False,,2.5,,Mobile,Personal Loan,standard_payment,False,loan_payment_generator,True,truncated_description
TXNL202100002752,ACC0019944,IND20001025,LN2020060000124,,7,2021-01-25,03:29:47,2357.37,Debit,Completed,,Loan Payment - LN2020060000124,False,,2.5,,Automated,Home Loan,standard_payment,False,loan_payment_generator,False,
TXNL202100002753,ACC0019910,IND20000864,LN2020060000129,LDO20210001582,6,2021-01-04,04:51:30,2109.07,Debit,Completed,,Loan Payment - LN2020060000129 - Partial,False,,1.55,,Automated,Vehicle Loan,partial_payment,False,loan_payment_generator,False,
TXNL202100002754,ACC0020087,IND20000915,LN2020060000131,,7,2021-01-26,04:46:16,3084.06,Debit,Completed,,Loan Payment - LN2020060000131,False,,2.5,,Automated,Vehicle Loan,standard_payment,False,loan_payment_generator,False,
TXNL202100002755,ACC0019876,IND20003092,LN2020060000134,,7,2021-01-13,03:10:40,850.8,Debit,Completed,,Loan Payment - LN2020060000134,False,,2.5,,Automated,Home Loan,standard_payment,False,loan_payment_generator,False,
TXNL202100002756,ACC0020089,COM20000031,LN2020060000136,,7,2021-01-08,04:31:08,7206.61,Debit,Failed,bank_timeout,Loan Payment - LN2020060000136,False,,2.5,,Automated,Business Loan,standard_payment,False,loan_payment_generator,False,
TXNL202100002757,ACC0020012,IND20002769,LN2020060000137,,7,2021-01-11,04:00:49,896.41,Debit,Completed,,Loan Payment - LN2020060000137,False,,2.5,,Automated,Home Loan,standard_payment,False,loan_payment_generator,False,
TXNL202100002758,ACC0019903,IND20002416,LN2020060000141,LDO20210001583,6,2021-01-08,03:29:10,16960.39,Debit,Completed,,Loan Payment - LN2020060000141,False,,1.67,,Automated,Personal Loan,standard_payment,False,loan_payment_generator,False,
TXNL202100002759,ACC0019998,IND20000240,LN2020060000149,,6,2021-01-02,03:23:51,628.92,Debit,Completed,,Loan Payment - LN2020060000149 - Late Fee,False,,2.5,,Automated,Home Loan,late_payment,False,loan_payment_generator,False,
TXNL202100002760,ACC0019913,IND20002596,LN2020060000150,LDO20210001584,7,2021-01-29,04:35:25,3935.12,Debit,Completed,,Loan Payment - LN2020060000150,False,,1.08,,Automated,Personal Loan,standard_payment,False,loan_payment_generator,False,
TXNL202100002761,ACC0019873,IND20002883,LN2020060000156,LDO20210001585,7,2021-01-18,04:29:13,2824.22,Debit,Completed,,Loan Payment - LN2020060000156,False,,1.19,,Automated,Home Loan,standard_payment,False,loan_payment_generator,False,
TXNL202100002762,ACC0019899,IND20003102,LN2020060000163,LDO20210001586,7,2021-01-27,02:08:21,1716.61,Debit,Completed,,Loan Payment - LN2020060000163,False,,1.77,,Automated,Home Loan,standard_payment,False,loan_payment_generator,False,
TXNL202100002763,ACC0019951,IND20002236,LN2020060000169,,7,2021-01-13,03:01:59,1765.63,Debit,Completed,,Loan Payment - LN2020060000169,False,,2.5,,Automated,Home Loan,standard_payment,False,loan_payment_generator,False,
TXNL202100002764,ACC0020074,IND20000951,LN2020060000170,,6,2021-01-04,03:05:20,374.75,Debit,Completed,,Loan Payment - LN2020060000170,False,,2.5,,Automated,Home Loan,standard_payment,False,loan_payment_generator,False,
TXNL202100002765,ACC0020092,COM20000049,LN2020060000173,,6,2021-01-03,02:13:46,27448.88,Debit,Completed,,Loan Payment - LN2020060000173,False,,2.5,,Automated,Business Loan,standard_payment,False,loan_payment_generator,False,
TXNL202100002766,ACC0019885,IND20003105,LN2020060000174,LDO20210001587,7,2021-01-18,04:37:55,946.33,Debit,Completed,,Loan Payment - LN2020060000174,False,,1.67,,Automated,Vehicle Loan,standard_payment,False,loan_payment_generator,False,
TXNL202100002767,ACC0020021,IND20001701,LN2020060000178,LDO20210001588,7,2021-01-19,04:00:07,5855.37,Debit,Completed,,Loan Payment - LN2020060000178,False,,0.92,,Automated,Home Loan,standard_payment,False,loan_payment_generator,False,
TXNL202100002768,ACC0020022,IND20002181,LN2020060000179,LDO20210001589,7,2021-01-22,02:50:04,1351.74,Debit,Completed,,Loan Payment - LN2020060000179,False,,1.24,,Automated,Vehicle Loan,standard_payment,False,loan_payment_generator,False,
TXNL202100002769,ACC0019958,IND20001647,LN2020060000182,LDO20210001590,7,2021-01-24,03:01:03,3186.0,Debit,Completed,,Loan Payment - LN2020060000182,False,,1.26,,Automated,Vehicle Loan,standard_payment,False,loan_payment_generator,False,
TXNL202100002770,ACC0019895,IND20001277,LN2020060000183,,7,2021-01-30,02:01:37,691.16,Debit,Completed,,Loan Payment - LN2020060000183,False,,2.5,,Online,Personal Loan,standard_payment,False,loan_payment_generator,False,
TXNL202100002771,ACC0020066,IND20000178,LN2020060000187,LDO20210001591,7,2021-01-23,04:42:17,2540.06,Debit,Completed,,Loan Payment - LN2020060000187,False,,1.58,,Automated,Personal Loan,standard_payment,False,loan_payment_generator,False,
TXNL202100002772,ACC0020001,IND20000555,LN2020060000189,,7,2021-01-16,02:09:22,2797.86,Debit,Completed,,Loan Payment - LN2020060000189,False,,2.5,,Online,Home Loan,standard_payment,False,loan_payment_generator,False,
TXNL202100002773,ACC0019970,IND20002288,LN2020060000196,LDO20210001592,7,2021-01-06,02:31:50,1212.35,Debit,Completed,,Loan Payment - LN2020060000196,False,,0.06,,Automated,Home Loan,standard_payment,False,loan_payment_generator,False,
TXNL202100002774,ACC0020085,IND20001834,LN2020060000197,,6,2021-01-09,03:59:10,6086.55,Debit,Completed,,Loan Payment - LN2020060000197,False,,2.5,,Automated,Home Loan,standard_payment,False,loan_payment_generator,False,
TXNL202100002775,ACC0019997,IND20001592,LN2020060000212,LDO20210001593,7,2021-01-19,04:51:06,1918.99,Debit,Completed,,Loan Payment - LN2020060000212,False,,0.25,,Automated,Home Loan,standard_payment,False,loan_payment_generator,False,
TXNL202100002776,ACC0020168,IND20003619,LN2020070000006,,6,2021-01-28,04:05:37,1976.48,Debit,Completed,,Loan Payment - LN2020070000006,False,,2.5,,Automated,Personal Loan,standard_payment,False,loan_payment_generator,False,
TXNL202100002777,ACC0020151,IND20003893,LN2020070000007,LDO20210001594,6,2021-01-21,03:28:10,719.05,Debit,Completed,,Loan Payment - LN2020070000007,False,,0.4,,Automated,Vehicle Loan,standard_payment,False,loan_payment_generator,False,
TXNL202100002778,ACC0020233,IND20000185,LN2020070000008,LDO20210001595,6,2021-01-18,04:14:25,612.99,Debit,Completed,,Loan Payment - LN2020070000008 - Late Fee,False,,0.3,,Automated,Home Loan,late_payment,False,loan_payment_generator,False,
TXNL202100002779,ACC0020350,IND20001838,LN2020070000012,LDO20210001596,6,2021-01-28,02:17:37,1658.04,Debit,Completed,,Loan Payment - LN2020070000012,False,,1.37,,Automated,Home Loan,standard_payment,False,loan_payment_generator,False,
TXNL202100002780,ACC0020162,IND20001636,LN2020070000016,LDO20210001597,6,2021-01-31,02:49:42,294.77,Debit,Completed,,Loan Payment - LN2020070000016 - Late Fee,False,,1.35,,Automated,Home Loan,late_payment,False,loan_payment_generator,False,
TXNL202100002781,ACC0020273,IND20000409,LN2020070000023,LDO20210001598,6,2021-01-20,03:09:58,1036.88,Debit,Completed,,Loan Payment - LN2020070000023,False,,1.41,,Automated,Vehicle Loan,standard_payment,False,loan_payment_generator,False,
TXNL202100002782,ACC0020365,COM20000049,LN2020070000028,,6,2021-01-27,03:06:49,20424.54,Debit,Completed,,Loan Payment - LN2020070000028,False,,2.5,,Automated,Business Loan,standard_payment,False,loan_payment_generator,False,
TXNL202100002783,ACC0020271,IND20002658,LN2020070000033,,5,2021-01-04,03:28:45,1675.89,Debit,Completed,,Loan Payment - LN2020070000033,False,,2.5,,Automated,Home Loan,standard_payment,False,loan_payment_generator,False,
TXNL202100002784,ACC0020169,IND20002756,LN2020070000036,LDO20210001599,5,2021-01-07,03:39:54,3294.79,Debit,Completed,,Loan Payment - LN2020070000036,False,,0.12,,Automated,Personal Loan,standard_payment,False,loan_payment_generator,False,
TXNL202100002785,ACC0020197,IND20002978,LN2020070000037,,6,2021-01-23,04:24:35,2427.97,Debit,Completed,,Loan Payment - LN2020070000037,False,,2.5,,Automated,Home Loan,standard_payment,False,loan_payment_generator,False,
TXNL202100002786,ACC0020205,IND20000791,LN2020070000039,,5,2021-01-06,02:29:11,368.19,Debit,Completed,,Loan Payment - LN2020070000039,False,,2.5,,Automated,Home Loan,standard_payment,False,loan_payment_generator,False,
TXNL202100002787,ACC0020253,IND20002366,LN2020070000040,,6,2021-01-14,01:02:43,3051.13,Debit,Completed,,Loan Payment - LN2020070000040,False,,2.5,,Online,Home Loan,standard_payment,False,loan_payment_generator,False,
TXNL202100002788,ACC0020324,IND20002977,LN2020070000043,LDO20210001600,6,2021-01-20,04:46:44,4641.01,Debit,Completed,,Loan Payment - LN2020070000043,False,,1.0,,Automated,Personal Loan,standard_payment,False,loan_payment_generator,False,
TXNL202100002789,ACC0020142,IND20001465,LN2020070000044,,6,2021-01-19,02:04:25,1096.3,Debit,Completed,,Loan Payment - LN2020070000044,False,,2.5,,Automated,Home Loan,standard_payment,False,loan_payment_generator,False,
TXNL202100002790,ACC0020121,IND20002208,LN2020070000049,LDO20210001601,6,2021-01-12,03:59:00,1298.98,Debit,Completed,,Loan Payment - LN2020070000049,False,,1.44,,Automated,Vehicle Loan,standard_payment,False,loan_payment_generator,False,
TXNL202100002791,ACC0020218,IND20002957,LN2020070000055,LDO20210001602,6,2021-01-11,04:55:27,2362.32,Debit,Completed,,Loan Payment - LN2020070000055,False,,1.84,,Automated,Vehicle Loan,standard_payment,False,loan_payment_generator,False,
TXNL202100002792,ACC0020226,IND20002682,LN2020070000057,,6,2021-01-17,05:37:36,2917.74,Debit,Completed,,Loan Payment - LN2020070000057,False,,2.5,,Online,Home Loan,standard_payment,False,loan_payment_generator,False,
TXNL202100002793,ACC0020312,IND20001581,LN2020070000064,,5,2021-01-05,02:26:19,1296.74,Debit,Completed,,Loan Payment - LN2020070000064,False,,2.5,,Mobile,Personal Loan,standard_payment,False,loan_payment_generator,False,
TXNL202100002794,ACC0020308,IND20002150,LN2020070000067,LDO20210001603,6,2021-01-18,02:52:08,1200.8,Debit,Completed,,Loan Payment - LN2020070000067,False,,0.92,,Automated,Home Loan,standard_payment,False,loan_payment_generator,False,
TXNL202100002795,ACC0020370,COM20000057,LN2020070000077,LDO20210001604,6,2021-01-16,04:43:20,8549.52,Debit,Completed,,Loan Payment - LN2020070000077,False,,1.0,,Automated,Business Loan,standard_payment,False,loan_payment_generator,False,
TXNL202100002796,ACC0020318,IND20000136,LN2020070000079,LDO20210001605,6,2021-01-14,03:25:06,1742.63,Debit,Completed,,Loan Payment - LN2020070000079,False,,1.44,,Automated,Home Loan,standard_payment,False,loan_payment_generator,False,
TXNL202100002797,ACC0020185,IND20002974,LN2020070000083,LDO20210001606,5,2021-01-01,02:30:58,1779.22,Debit,Completed,,Loan Payment - LN2020070000083,False,,0.75,,Automated,Home Loan,standard_payment,False,loan_payment_generator,False,
TXNL202100002798,ACC0020364,COM20000081,LN2020070000084,,6,2021-01-23,03:54:13,5538.53,Debit,Completed,,Loan Payment - LN2020070000084 - Late Fee,False,,2.5,,Automated,Business Loan,late_payment,False,loan_payment_generator,False,
 TXNL202100002799 ,ACC0020369,COM20000020,LN2020070000093,LDO20210001607,6,2021-01-27,02:32:32,15915.98,Debit,Completed,,Loan Payment - LN2020070000093,False,,0.53,,Automated,Business Loan,standard_payment,False,loan_payment_generator,True,whitespace_in_id
TXNL202100002800,ACC0020284,IND20003470,LN2020070000102,,5,2021-01-02,03:09:12,563.42,Debit,Completed,,Loan Payment - LN2020070000102,False,,2.5,,Automated,Home Loan,standard_payment,False,loan_payment_generator,False,
TXNL202100002801,ACC0020345,IND20001151,LN2020070000104,,6,2021-01-20,02:59:42,1719.25,Debit,Completed,,Loan Payment - LN2020070000104,False,,2.5,,Automated,Home Loan,standard_payment,False,loan_payment_generator,False,
TXNL202100002802,ACC0020326,IND20003061,LN2020070000112,LDO20210001608,6,2021-01-21,03:25:59,3020.61,Debit,Completed,,Loan Payment - LN2020070000112,False,,1.19,,Automated,Home Loan,standard_payment,False,loan_payment_generator,False,
TXNL202100002803,ACC0020141,IND20001049,LN2020070000130,LDO20210001609,5,2021-01-03,04:10:50,2643.41,Debit,Completed,,Loan Payment - LN2020070000130,False,,0.77,,Automated,Home Loan,standard_payment,False,loan_payment_generator,False,
TXNL202100002804,ACC0020323,IND20000351,LN2020070000137,LDO20210001610,6,2021-01-27,04:31:49,1729.94,Debit,Completed,,Loan Payment - LN2020070000137,False,,1.54,,Automated,Home Loan,standard_payment,False,loan_payment_generator,False,
TXNL202100002805,ACC0020277,IND20001045,LN2020070000147,LDO20210001611,6,2021-01-17,04:14:57,1066.94,Debit,Completed,,Loan Payment - LN2020070000147,False,,1.35,,Automated,Home Loan,standard_payment,False,loan_payment_generator,False,
TXNL202100002806,ACC0020243,IND20000474,LN2020070000150,,6,2021-01-10,04:36:13,2753.88,Debit,Completed,,Loan Payment - LN2020070000150,False,,2.5,,Automated,Home Loan,standard_payment,False,loan_payment_generator,False,
TXNL202100002807,ACC0020167,IND20002097,LN2020070000158,,5,2021-01-03,02:11:43,2349.83,Debit,Failed,insufficient_funds,Loan Payment - LN2020070000158,False,,2.5,,Automated,Home Loan,standard_payment,False,loan_payment_generator,False,
TXNL202100002808,ACC0020346,IND20001924,LN2020070000160,,5,2021-01-05,03:49:55,845.23,Debit,Cancelled,customer_stop_instruction,Loan Payment - LN2020070000160,False,,2.5,,Automated,Personal Loan,standard_payment,False,loan_payment_generator,False,
TXNL202100002809,ACC0020159,IND20001776,LN2020070000169,LDO20210001612,5,2021-01-02,02:22:47,1429.23,Debit,Completed,,Loan Payment - LN2020070000169,False,,0.11,,Automated,Personal Loan,standard_payment,False,loan_payment_generator,False,
TXNL202100002810,ACC0020235,IND20000160,LN2020070000171,,5,2021-01-04,05:56:10,13580.61,Debit,Completed,,Loan Payment - LN2020070000171,False,,2.5,,Online,Personal Loan,standard_payment,False,loan_payment_generator,False,
TXNL202100002811,ACC0020325,IND20001193,LN2020070000172,,6,2021-01-15,04:12:14,829.14,Debit,Completed,,Loan Payment - LN2020070000172,False,,2.5,,Automated,Personal Loan,standard_payment,False,loan_payment_generator,False,
TXNL202100002812,ACC0020368,COM20000041,LN2020070000196,,6,2021-01-11,04:19:11,6893.78,Debit,Completed,,Loan Payment - LN2020070000196,False,,2.5,,Automated,Business Loan,standard_payment,False,loan_payment_generator,False,
TXNL202100002813,ACC0020116,IND20001907,LN2020070000198,LDO20210001613,6,2021-01-28,02:39:41,1039.57,Debit,Completed,,Loan Payment - LN2020070000198,False,,0.92,,Automated,Home Loan,standard_payment,False,loan_payment_generator,False,
TXNL202100002814,ACC0020361,COM20000028,LN2020070000199,,6,2021-01-12,04:29:59,24008.86,Debit,Completed,,Loan Payment - LN2020070000199,False,,2.5,,Automated,Business Loan,standard_payment,False,loan_payment_generator,False,
TXNL202100002815,ACC0020108,IND20000691,LN2020070000209,LDO20210001614,6,2021-01-29,03:02:52,6476.53,Debit,Completed,,Loan Payment - LN2020070000209,False,,1.64,,Automated,Home Loan,standard_payment,False,loan_payment_generator,False,
TXNL202100002816,ACC0020157,IND20003063,LN2020070000217,,6,2021-01-25,04:20:30,3011.93,Debit,Completed,,Loan Payment - LN2020070000217 - Late Fee,False,,2.5,,Automated,Home Loan,late_payment,False,loan_payment_generator,False,
TXNL202100002817,ACC0020190,IND20002183,LN2020070000228,LDO20210001615,6,2021-01-21,03:56:26,1543.57,Debit,Completed,,Loan Payment - LN2020070000228,False,,0.14,,Automated,Home Loan,standard_payment,False,loan_payment_generator,False,
TXNL202100002818,ACC0020305,IND20002483,LN2020070000246,,6,2021-01-24,04:53:15,8956.24,Debit,Completed,,Loan Payment - LN2020070000246,False,,2.5,,Automated,Personal Loan,standard_payment,False,loan_payment_generator,False,
TXNL202100002819,ACC0020366,COM20000107,LN2020070000248,,6,2021-01-23,02:05:20,6439.64,Debit,Completed,,Loan Payment - LN2020070000248,False,,2.5,,Automated,Business Loan,standard_payment,False,loan_payment_generator,False,
TXNL202100002820,ACC0020240,IND20002952,LN2020070000249,LDO20210001616,6,2021-01-27,04:02:27,837.07,Debit,Completed,,Loan Payment - LN2020070000249,False,,0.19,,Automated,Home Loan,standard_payment,False,loan_payment_generator,False,
TXNL202100002821,ACC0020195,IND20002456,LN2020070000253,LDO20210001617,5,2021-01-05,04:21:21,4655.84,Debit,Completed,,Loan Payment - LN2020070000253,False,,1.49,,Automated,Home Loan,standard_payment,False,loan_payment_generator,False,
TXNL202100002822,ACC0020282,IND20002077,LN2020070000255,LDO20210001618,6,2021-01-16,02:23:42,1591.96,Debit,Completed,,Loan Payment - LN2020070000255,False,,0.15,,Automated,Home Loan,standard_payment,False,loan_payment_generator,False,
TXNL202100002823,ACC0020367,COM20000094,LN2020070000258,LDO20210001619,6,2021-01-11,02:50:08,3689.29,Debit,Completed,,Loan Payment - LN2020070000258,False,,1.22,,Automated,Business Loan,standard_payment,False,loan_payment_generator,False,
TXNL202100002824,ACC0020248,IND20003205,LN2020070000262,,6,2021-01-11,02:32:11,3442.28,Debit,Completed,,Loan Payment - LN2020070000262,False,,2.5,,Online,Home Loan,standard_payment,False,loan_payment_generator,False,
TXNL202100002825,ACC0020489,IND20000611,LN2020080000007,,5,2021-01-21,04:30:12,631.35,Debit,Completed,,Loan Payment - LN2020080000007,False,,2.5,,Automated,Home Loan,standard_payment,False,loan_payment_generator,False,
TXNL202100002826,ACC0020407,IND20000035,LN2020080000014,,5,2021-01-23,06:27:09,870.24,Debit,Completed,,Loan Payment - LN2020080000014,False,,2.5,,Online,Home Loan,standard_payment,False,loan_payment_generator,False,
TXNL202100002827,ACC0020386,IND20000592,LN2020080000024,LDO20210001620,5,2021-01-24,04:56:04,1226.45,Debit,Completed,,Loan Payment - LN2020080000024,False,,0.66,,Automated,Vehicle Loan,standard_payment,False,loan_payment_generator,False,
TXNL202100002828,ACC0020478,IND20001860,LN2020080000025,,5,2021-01-22,04:39:19,603.4,Debit,Completed,,Loan Payment - LN2020080000025,False,,2.5,,Automated,Home Loan,standard_payment,False,loan_payment_generator,False,
TXNL202100002829,ACC0020462,IND20000025,LN2020080000029,,5,2021-01-21,03:58:45,1833.8,Debit,Completed,,Loan Payment - LN2020080000029,False,,2.5,,Automated,Vehicle Loan,standard_payment,False,loan_payment_generator,False,
TXNL202100002830,ACC0020493,IND20001431,LN2020080000043,,4,2021-01-04,04:33:36,4552.79,Debit,Completed,,Loan Payment - LN2020080000043,False,,2.5,,Automated,Vehicle Loan,standard_payment,False,loan_payment_generator,False,
TXNL202100002831,ACC0020458,IND20001814,LN2020080000054,LDO20210001621,5,2021-01-31,04:35:03,3254.46,Debit,Completed,,Loan Payment - LN2020080000054,False,,1.78,,Automated,Personal Loan,standard_payment,False,loan_payment_generator,False,
TXNL202100002832,ACC0020472,IND20001868,LN2020080000059,LDO20210001622,4,2021-01-04,04:02:44,2192.1,Debit,Completed,,Loan Payment - LN2020080000059,False,,1.2,,Automated,Vehicle Loan,standard_payment,False,loan_payment_generator,False,
TXNL202100002833,ACC0020374,IND20000842,LN2020080000064,,5,2021-01-25,03:32:36,1529.59,Debit,Completed,,Loan Payment - LN2020080000064,False,,2.5,,Automated,Vehicle Loan,standard_payment,False,loan_payment_generator,False,
TXNL202100002834,ACC0020436,IND20000652,LN2020080000065,LDO20210001623,5,2021-01-25,04:28:00,23963.95,Debit,Completed,,Loan Payment - LN2020080000065,False,,1.3,,Automated,Personal Loan,standard_payment,False,loan_payment_generator,False,
TXNL202100002835,ACC0020400,IND20001575,LN2020080000081,LDO20210001624,5,2021-01-30,02:27:47,1344.96,Debit,Completed,,Loan Payment - LN2020080000081,False,,0.01,,Automated,Home Loan,standard_payment,False,loan_payment_generator,False,
TXNL202100002836,ACC0020501,IND20001957,LN2020080000086,LDO20210001625,5,2021-01-12,03:11:40,16965.23,Debit,Completed,,Loan Payment - LN2020080000086,False,,0.4,,Automated,Personal Loan,standard_payment,False,loan_payment_generator,False,
TXNL202100002837,ACC0020515,IND20000716,LN2020080000091,,5,2021-01-13,02:33:01,3584.33,Debit,Completed,,Loan Payment - LN2020080000091,False,,2.5,,Automated,Vehicle Loan,standard_payment,False,loan_payment_generator,False,
TXNL202100002838,ACC0020502,IND20001521,LN2020080000094,,4,2021-01-08,03:13:15,7443.13,Debit,Completed,,Loan Payment - LN2020080000094,False,,2.5,,Automated,Personal Loan,standard_payment,False,loan_payment_generator,False,
TXNL202100002839,ACC0020525,IND20000065,LN2020080000099,LDO20210001626,4,2021-01-01,04:41:07,3753.35,Debit,Completed,,Loan Payment - LN2020080000099 - Extra Principal,False,,0.54,,Automated,Vehicle Loan,extra_payment,False,loan_payment_generator,False,
TXNL202100002840,ACC0020428,IND20000827,LN2020080000112,,4,2021-01-07,04:01:42,3435.91,Debit,Completed,,Loan Payment - LN2020080000112,False,,2.5,,Online,Personal Loan,standard_payment,False,loan_payment_generator,False,
TXNL202100002841,ACC0020477,IND20000261,LN2020080000118,LDO20210001627,5,2021-01-27,03:04:15,2408.19,Debit,Completed,,Loan Payment - LN2020080000118 - Late Fee,False,,1.41,,Automated,Home Loan,late_payment,False,loan_payment_generator,False,
TXNL202100002842,ACC0020521,IND20000267,LN2020080000136,LDO20210001628,5,2021-01-18,02:52:08,1844.6,Debit,Cancelled,customer_stop_instruction,Loan Payment - LN2020080000136,False,,1.57,,Automated,Vehicle Loan,standard_payment,False,loan_payment_generator,False,
TXNL202100002843,ACC0020384,IND20002103,LN2020080000142,,5,2021-01-28,02:32:33,1540.96,Debit,Completed,,Loan Payment - LN2020080000142,False,,2.5,,Automated,Personal Loan,standard_payment,False,loan_payment_generator,False,
TXNL202100002844,ACC0020444,IND20000856,LN2020080000149,LDO20210001629,4,2021-01-07,04:58:21,2152.64,Debit,Completed,,Loan Payment - LN2020080000149,False,,1.49,,Automated,Personal Loan,standard_payment,False,loan_payment_generator,False,
TXNL202100002845,ACC0020608,IND20001773,LN2020090000015,LDO20210001630,4,2021-01-27,03:13:45,1941.78,Debit,Completed,,Loan Payment - LN2020090000015,False,,0.6,,Automated,Personal Loan,standard_payment,False,loan_payment_generator,False,
TXNL202100002846,ACC0020692,COM20000071,LN2020090000019,LDO20210001631,3,2021-01-05,02:04:30,16509.37,Debit,Completed,,Loan Payment - LN2020090000019,False,,0.98,,Automated,Business Loan,standard_payment,False,loan_payment_generator,False,
TXNL202100002847,ACC0020610,IND20001118,LN2020090000020,,3,2021-01-05,04:04:19,867.49,Debit,Completed,,Loan Payment - LN2020090000020 - Late Fee,False,,2.5,,Automated,Home Loan,late_payment,False,loan_payment_generator,False,
TXNL202100002848,ACC0020626,IND20000580,LN2020090000022,,4,2021-01-22,04:40:59,3733.27,Debit,Completed,,Loan Payment - LN2020090000022,False,,2.5,,Automated,Personal Loan,standard_payment,False,loan_payment_generator,False,
TXNL202100002849,ACC0020580,IND20001420,LN2020090000031,LDO20210001632,4,2021-01-14,04:12:00,868.7,Debit,Completed,,Loan Payment - LN2020090000031,False,,1.91,,Automated,Vehicle Loan,standard_payment,False,loan_payment_generator,False,
TXNL202100002850,ACC0020630,IND20000284,LN2020090000033,LDO20210001633,3,2021-01-04,04:02:37,17020.9,Debit,Completed,,Loan Payment - LN2020090000033,False,,1.1,,Automated,Personal Loan,standard_payment,False,loan_payment_generator,False,
TXNL202100002851,ACC0020574,IND20000552,LN2020090000039,LDO20210001634,4,2021-01-17,04:18:51,987.21,Debit,Completed,,Loan Payment - LN2020090000039,False,,0.93,,Automated,Home Loan,standard_payment,False,loan_payment_generator,False,
TXNL202100002852,ACC0020539,IND20001185,LN2020090000044,,3,2021-01-08,02:20:22,5895.53,Debit,Completed,,Loan Payment - LN2020090000044,False,,2.5,,Automated,Vehicle Loan,standard_payment,False,loan_payment_generator,False,
TXNL202100002853,ACC0020565,IND20000237,LN2020090000052,LDO20210001635,3,2021-01-01,02:24:07,2322.33,Debit,Completed,,Loan Payment - LN2020090000052,False,,1.68,,Automated,Home Loan,standard_payment,False,loan_payment_generator,False,
TXNL202100002854,ACC0020557,IND20002290,LN2020090000054,,4,2021-01-19,06:45:52,2464.11,Debit,Completed,,Loan Payment - LN2020090000054,False,,2.5,,Online,Vehicle Loan,standard_payment,False,loan_payment_generator,False,
TXNL202100002855,ACC0020548,IND20000562,LN2020090000057,,4,2021-01-28,04:49:29,1112.95,Debit,Completed,,Loan Payment - LN2020090000057,False,,2.5,,Automated,Home Loan,standard_payment,False,loan_payment_generator,False,
TXNL202100002856,ACC0020534,IND20001938,LN2020090000068,LDO20210001636,4,2021-01-29,02:03:14,1776.69,Debit,Completed,,Loan Payment - LN2020090000068,False,,1.66,,Automated,Home Loan,standard_payment,False,loan_payment_generator,False,
TXNL202100002857,ACC0020689,IND20002423,LN2020090000069,,4,2021-01-21,03:46:25,3852.38,Debit,Completed,,Loan Payment - LN2020090000069 - Extra Principal,False,,2.5,,Automated,Vehicle Loan,extra_payment,False,loan_payment_generator,False,
TXNL202100002858,ACC0020543,IND20001444,LN2020090000073,LDO20210001637,4,2021-01-20,02:18:08,5516.95,Debit,Completed,,Loan Payment - LN2020090000073,False,,0.14,,Automated,Vehicle Loan,standard_payment,False,loan_payment_generator,False,
TXNL202100002859,ACC0020693,COM20000074,LN2020090000083,LDO20210001638,4,2021-01-26,02:38:33,28048.97,Debit,Failed,bank_timeout,Loan Payment - LN2020090000083,False,,1.81,,Automated,Business Loan,standard_payment,False,loan_payment_generator,False,
TXNL202100002860,ACC0020657,IND20000163,LN2020090000089,,4,2021-01-21,03:21:59,2614.13,Debit,Completed,,Loan Payment - LN2020090000089,False,,2.5,,Automated,Personal Loan,standard_payment,False,loan_payment_generator,False,
TXNL202100002861,ACC0020671,IND20000362,LN2020090000100,LDO20210001639,4,2021-01-27,03:52:10,1840.46,Debit,Completed,,Loan Payment - LN2020090000100,False,,0.68,,Automated,Personal Loan,standard_payment,False,loan_payment_generator,False,
TXNL202100002862,ACC0020545,IND20000069,LN2020090000111,LDO20210001640,4,2021-01-27,03:39:35,334.76,Debit,Completed,,Loan Payment - LN2020090000111,False,,0.78,,Automated,Home Loan,standard_payment,False,loan_payment_generator,False,
TXNL202100002863,ACC0020686,IND20002572,LN2020090000112,LDO20210001641,4,2021-01-23,04:44:51,2862.75,Debit,Completed,,Loan Payment - LN2020090000112,False,,0.94,,Automated,Home Loan,standard_payment,False,loan_payment_generator,False,
TXNL202100002864,ACC0020612,IND20000749,LN2020090000116,LDO20210001642,4,2021-01-27,03:05:31,2850.72,Debit,Completed,,Loan Payment - LN2020090000116,False,,1.93,,Automated,Home Loan,standard_payment,False,loan_payment_generator,False,
TXNL202100002865,ACC0020660,IND20001250,LN2020090000118,,3,2021-01-02,04:31:28,1906.28,Debit,Completed,,Loan Payment - LN2020090000118,False,,2.5,,Automated,Personal Loan,standard_payment,False,loan_payment_generator,False,
TXNL202100002866,ACC0020598,IND20002552,LN2020090000119,LDO20210001643,3,2021-01-01,04:57:05,2923.78,Debit,Completed,,Loan Payment - LN2020090000119,False,,1.28,,Automated,Home Loan,standard_payment,False,loan_payment_generator,False,
TXNL202100002867,ACC0020680,IND20000399,LN2020090000125,,3,2021-01-08,01:29:27,11574.59,Debit,Completed,,Loan Payment - LN2020090000125,True,,10.0,,Online,Personal Loan,standard_payment,False,loan_payment_generator,False,
TXNL202100002868,ACC0020611,IND20001118,LN2020090000138,LDO20210001644,4,2021-01-17,03:09:10,995.4,Debit,Completed,,Loan Payment - LN2020090000138,False,,0.88,,Automated,Home Loan,standard_payment,False,loan_payment_generator,False,
TXNL202100002869,ACC0020665,IND20000734,LN2020090000151,LDO20210001645,4,2021-01-30,04:36:19,1473.31,Debit,Completed,,Loan Payment - LN2020090000151,False,,0.89,,Automated,Vehicle Loan,standard_payment,False,loan_payment_generator,False,
TXNL202100002870,ACC0020869,IND20000328,LN2020100000001,LDO20210001646,3,2021-01-19,04:09:03,1015.29,Debit,Completed,,Loan Payment - LN2020100000001,False,,1.34,,Automated,Personal Loan,standard_payment,False,loan_payment_generator,False,
TXNL202100002871,ACC0020801,IND20000736,LN2020100000006,LDO20210001647,3,2021-01-16,04:34:09,1235.02,Debit,Failed,insufficient_funds,Loan Payment - LN2020100000006 - Late Fee,False,,0.47,,Automated,Vehicle Loan,late_payment,False,loan_payment_generator,True,amount_rounding_error
TXNL202100002872,ACC0020719,IND20000712,LN2020100000009,LDO20210001648,3,2021-01-09,02:44:10,309.51,Debit,Completed,,Loan Payment - LN2020100000009,False,,1.98,,Automated,Home Loan,standard_payment,False,loan_payment_generator,False,
TXNL202100002873,ACC0020892,IND20001009,LN2020100000013,LDO20210001649,3,2021-01-27,03:13:04,3557.41,Debit,Completed,,Loan Payment - LN2020100000013,False,,0.58,,Automated,Personal Loan,standard_payment,False,loan_payment_generator,False,
TXNL202100002874,ACC0020853,IND20000565,LN2020100000015,LDO20210001650,3,2021-01-09,04:58:18,3215.43,Debit,Completed,,Loan Payment - LN2020100000015,False,,0.01,,Automated,Vehicle Loan,standard_payment,False,loan_payment_generator,False,
TXNL202100002875,ACC0020741,IND20000810,LN2020100000026,LDO20210001651,3,2021-01-19,02:16:55,4845.4,Debit,Completed,,Loan Payment - LN2020100000026,False,,1.93,,Automated,Vehicle Loan,standard_payment,False,loan_payment_generator,False,
TXNL202100002876,ACC0020817,IND20001707,LN2020100000031,,3,2021-01-29,04:36:36,2621.91,Debit,Failed,account_blocked,Loan Payment - LN2020100000031,False,,2.5,,Automated,Home Loan,standard_payment,False,loan_payment_generator,False,
TXNL202100002877,ACC0020707,IND20000506,LN2020100000037,LDO20210001652,2,2021-01-01,04:40:55,5677.79,Debit,Completed,,Loan Payment - LN2020100000037,False,,0.13,,Automated,Home Loan,standard_payment,False,loan_payment_generator,False,
TXNL202100002878,ACC0020798,IND20000320,LN2020100000038,LDO20210001653,3,2021-01-17,04:53:30,1433.93,Debit,Completed,,Loan Payment - LN2020100000038,False,,0.45,,Automated,Personal Loan,standard_payment,False,loan_payment_generator,False,
TXNL202100002879,ACC0020732,IND20001179,LN2020100000043,LDO20210001654,3,2021-01-19,02:56:52,621.66,Debit,Completed,,Loan Payment - LN2020100000043,False,,0.74,,Automated,Vehicle Loan,standard_payment,False,loan_payment_generator,False,
TXNL202100002880,ACC0020776,IND20001207,LN2020100000056,LDO20210001655,3,2021-01-19,03:38:14,1731.34,Debit,Completed,,Loan Payment - LN2020100000056,False,,1.26,,Automated,Home Loan,standard_payment,False,loan_payment_generator,False,
TXNL202100002881,ACC0020748,IND20001634,LN2020100000063,,3,2021-01-17,02:48:45,1850.97,Debit,Completed,,Loan Payment - LN2020100000063,False,,2.5,,Automated,Personal Loan,standard_payment,False,loan_payment_generator,False,
TXNL202100002882,ACC0020807,IND20000874,LN2020100000070,,3,2021-01-22,03:04:50,1134.01,Debit,Completed,,Loan Payment - LN2020100000070,False,,2.5,,Automated,Vehicle Loan,standard_payment,False,loan_payment_generator,False,
TXNL202100002883,ACC0020753,IND20002753,LN2020100000088,LDO20210001656,3,2021-01-15,02:56:19,4253.29,Debit,Completed,,Loan Payment - LN2020100000088,False,,0.34,,Automated,Personal Loan,standard_payment,False,loan_payment_generator,False,
TXNL202100002884,ACC0020785,IND20002039,LN2020100000094,LDO20210001657,2,2021-01-06,02:55:31,2703.12,Debit,Completed,,Loan Payment - LN2020100000094,False,,1.99,,Automated,Home Loan,standard_payment,False,loan_payment_generator,False,
TXNL202100002885,ACC0020898,IND20001102,LN2020100000095,LDO20210001658,3,2021-01-26,03:21:36,3933.65,Debit,Completed,,Loan Payment - LN2020100000095,False,,1.94,,Automated,Home Loan,standard_payment,False,loan_payment_generator,False,
TXNL202100002886,ACC0020873,IND20001428,LN2020100000103,,3,2021-01-31,02:12:39,2133.83,Debit,Completed,,Loan Payment - LN2020100000103,False,,2.5,,Automated,Vehicle Loan,standard_payment,False,loan_payment_generator,False,
TXNL202100002887,ACC0020795,IND20001394,LN2020100000104,LDO20210001659,2,2021-01-11,04:23:39,2027.29,Debit,Completed,,Loan Payment - LN2020100000104,False,,0.22,,Automated,Home Loan,standard_payment,False,loan_payment_generator,False,
TXNL202100002888,ACC0020746,IND20001921,LN2020100000105,LDO20210001660,3,2021-01-23,04:15:07,2236.14,Debit,Completed,,Loan Payment - LN2020100000105,False,,1.28,,Automated,Home Loan,standard_payment,False,loan_payment_generator,False,
TXNL202100002889,ACC0020735,IND20002862,LN2020100000109,,3,2021-01-15,02:46:11,3384.63,Debit,Completed,,Loan Payment - LN2020100000109,False,,2.5,,Automated,Vehicle Loan,standard_payment,False,loan_payment_generator,False,
TXNL202100002890,ACC0020846,IND20001755,LN2020100000115,,3,2021-01-22,03:27:35,1641.85,Debit,Completed,,Loan Payment - LN2020100000115,False,,2.5,,Automated,Vehicle Loan,standard_payment,False,loan_payment_generator,False,
TXNL202100002891,ACC0020696,IND20002298,LN2020100000118,LDO20210001661,3,2021-01-27,03:14:39,2139.26,Debit,Completed,,Loan Payment - LN2020100000118,False,,0.0,,Automated,Vehicle Loan,standard_payment,False,loan_payment_generator,False,
TXNL202100002892,ACC0020866,IND20001289,LN2020100000125,LDO20210001662,3,2021-01-12,02:31:27,308.26,Debit,Completed,,Loan Payment - LN2020100000125,False,,0.43,,Automated,Home Loan,standard_payment,False,loan_payment_generator,False,
TXNL202100002893,ACC0020720,IND20001694,LN2020100000134,LDO20210001663,2,2021-01-03,04:26:47,7633.72,Debit,Completed,,Loan Payment - LN2020100000134,False,,1.43,,Automated,Personal Loan,standard_payment,False,loan_payment_generator,False,
TXNL202100002894,ACC0020879,IND20000236,LN2020100000142,LDO20210001664,3,2021-01-25,02:27:43,5097.16,Debit,Completed,,Loan Payment - LN2020100000142,False,,1.31,,Automated,Home Loan,standard_payment,False,loan_payment_generator,False,
TXNL202100002895,ACC0020766,IND20002717,LN2020100000151,,2,2021-01-06,04:02:00,478.59,Debit,Completed,,Loan Payment - LN2020100000151,False,,2.5,,Automated,Home Loan,standard_payment,False,loan_payment_generator,False,
TXNL202100002896,ACC0020823,IND20002336,LN2020100000153,LDO20210001665,2,2021-01-01,03:25:27,12467.68,Debit,Completed,,Loan Payment - LN2020100000153 - Late Fee,False,,1.88,,Automated,Personal Loan,late_payment,False,loan_payment_generator,False,
TXNL202100002897,ACC0020888,IND20002990,LN2020100000157,,3,2021-01-28,02:03:40,2863.9,Debit,Completed,,Loan Payment - LN2020100000157,False,,2.5,,Automated,Vehicle Loan,standard_payment,False,loan_payment_generator,False,
TXNL202100002898,ACC0020895,IND20001768,LN2020100000162,LDO20210001666,2,2021-01-03,04:17:01,7976.25,Debit,Completed,,Loan Payment - LN2020100000162,False,,1.0,,Automated,Personal Loan,standard_payment,False,loan_payment_generator,False,
TXNL202100002899,ACC0020852,IND20001387,LN2020100000166,LDO20210001667,3,2021-01-22,02:43:30,1412.61,Debit,Completed,,Loan Payment - LN2020100000166,False,,0.97,,Automated,Vehicle Loan,standard_payment,False,loan_payment_generator,False,
TXNL202100002900,ACC0020882,IND20002786,LN2020100000173,LDO20210001668,2,2021-01-03,04:26:33,564.47,Debit,Completed,,Loan Payment - LN2020100000173,False,,1.38,,Automated,Personal Loan,standard_payment,False,loan_payment_generator,False,
TXNL202100002901,ACC0020858,IND20000933,LN2020100000179,,3,2021-01-29,04:41:50,2054.52,Debit,Completed,,Loan Payment - LN2020100000179,False,,2.5,,Automated,Home Loan,standard_payment,False,loan_payment_generator,False,
TXNL202100002902,ACC0020891,IND20002583,LN2020100000180,LDO20210001669,3,2021-01-29,02:13:18,896.15,Debit,Completed,,Loan Payment - LN2020100000180,False,,1.56,,Automated,Home Loan,standard_payment,False,loan_payment_generator,False,
TXNL202100002903,ACC0020886,IND20001867,LN2020100000192,LDO20210001670,3,2021-01-12,03:56:56,883.37,Debit,Failed,insufficient_funds,Loan Payment - LN2020100000192,False,,1.17,,Automated,Personal Loan,standard_payment,False,loan_payment_generator,False,
TXNL202100002904,ACC0020771,IND20000828,LN2020100000193,,3,2021-01-23,02:06:11,8444.52,Debit,Completed,,Loan Payment - LN2020100000193,False,,2.5,,Automated,Personal Loan,standard_payment,False,loan_payment_generator,False,
TXNL202100002905,ACC0020832,IND20001952,LN2020100000194,,3,2021-01-20,05:39:27,758.27,Debit,Completed,,Loan Payment - LN2020100000194 - Late Fee,False,,2.5,,Online,Home Loan,late_payment,False,loan_payment_generator,False,
TXNL202100002906,ACC0020792,IND20002042,LN2020100000196,,2,2021-01-06,04:02:32,11605.63,Debit,Completed,,Loan Payment - LN2020100000196,False,,2.5,,Automated,Personal Loan,standard_payment,False,loan_payment_generator,False,
TXNL202100002907,ACC0020923,IND20000374,LN2020110000009,,1,2021-01-07,04:03:58,6463.69,Debit,Completed,,Loan Payment - LN2020110000009,False,,2.5,,Automated,Home Loan,standard_payment,False,loan_payment_generator,False,
TXNL202100002908,ACC0021036,IND20002969,LN2020110000011,LDO20210001671,2,2021-01-16,02:39:06,509.48,Debit,Completed,,Loan Payment - LN2020110000011,False,,1.96,,Automated,Vehicle Loan,standard_payment,False,loan_payment_generator,False,
TXNL202100002909,ACC0020944,IND20002422,LN2020110000014,LDO20210001672,2,2021-01-20,04:26:23,2897.46,Debit,Failed,mandate_limit,Loan Payment - LN2020110000014 - Late Fee,False,,0.88,,Automated,Vehicle Loan,late_payment,False,loan_payment_generator,False,
TXNL202100002910,ACC0021029,IND20003493,LN2020110000018,,2,2021-01-22,04:29:45,1230.34,Debit,Completed,,Loan Payment - LN2020110000018,False,,2.5,,Automated,Home Loan,standard_payment,False,loan_payment_generator,False,
TXNL202100002911,ACC0021014,IND20001787,LN2020110000019,LDO20210001673,2,2021-01-26,03:23:53,3299.85,Debit,Completed,,Loan Payment - LN2020110000019,False,,0.84,,Automated,Vehicle Loan,standard_payment,False,loan_payment_generator,False,
TXNL202100002912,ACC0020936,IND20000657,LN2020110000029,LDO20210001674,1,2021-01-04,03:48:50,1344.59,Debit,Completed,,Loan Payment - LN2020110000029,False,,0.2,,Automated,Personal Loan,standard_payment,False,loan_payment_generator,False,
TXNL202100002913,ACC0020908,IND20002924,LN2020110000034,LDO20210001675,2,2021-01-29,03:00:20,757.66,Debit,Failed,insufficient_funds,Loan Payment - LN2020110000034,False,,0.64,,Automated,Vehicle Loan,standard_payment,False,loan_payment_generator,False,
TXNL202100002914,ACC0020986,IND20000762,LN2020110000041,,2,2021-01-10,06:53:43,465.4,Debit,Failed,insufficient_funds,Loan Payment - LN2020110000041,False,,2.5,,Mobile,Vehicle Loan,standard_payment,False,loan_payment_generator,False,
TXNL202100002915,ACC0020909,IND20003220,LN2020110000050,,2,2021-01-24,03:57:09,3204.36,Debit,Completed,,Loan Payment - LN2020110000050,False,,2.5,,Automated,Vehicle Loan,standard_payment,False,loan_payment_generator,False,
TXNL202100002916,ACC0020960,IND20001045,LN2020110000058,LDO20210001676,2,2021-01-10,03:40:52,4163.38,Debit,Completed,,Loan Payment - LN2020110000058,False,,1.11,,Automated,Home Loan,standard_payment,False,loan_payment_generator,False,
TXNL202100002917,ACC0020969,IND20002563,LN2020110000061,,1,2021-01-04,01:11:04,3256.88,Debit,Completed,,Loan Payment - LN2020110000061,False,,2.5,,Online,Personal Loan,standard_payment,False,loan_payment_generator,False,
TXNL202100002918,ACC0021138,IND20000347,LN2020110000068,,2,2021-01-16,03:18:46,623.51,Debit,Completed,,Loan Payment - LN2020110000068 - Late Fee,False,,2.5,,Automated,Home Loan,late_payment,False,loan_payment_generator,False,
TXNL202100002919,ACC0020919,IND20002800,LN2020110000071,,2,2021-01-10,03:43:01,1501.84,Debit,Completed,,Loan Payment - LN2020110000071,False,,2.5,,Automated,Personal Loan,standard_payment,False,loan_payment_generator,False,
TXNL202100002920,ACC0020997,IND20000955,LN2020110000072,,2,2021-01-19,02:52:13,3066.97,Debit,Completed,,Loan Payment - LN2020110000072,False,,2.5,,Automated,Home Loan,standard_payment,False,loan_payment_generator,False,
TXNL202100002921,ACC0020927,IND20000276,LN2020110000074,LDO20210001677,2,2021-01-17,02:07:56,2581.46,Debit,Completed,,Loan Payment - LN2020110000074,False,,1.38,,Automated,Personal Loan,standard_payment,False,loan_payment_generator,False,
TXNL202100002922,ACC0021145,COM20000043,LN2020110000080,LDO20210001678,2,2021-01-22,02:38:17,3621.12,Debit,Completed,,Loan Payment - LN2020110000080,False,,0.08,,Automated,Business Loan,standard_payment,False,loan_payment_generator,True,amount_rounding_error
TXNL202100002923,ACC0021043,IND20001033,LN2020110000097,LDO20210001679,2,2021-01-21,03:46:02,1276.92,Debit,Completed,,Loan Payment - LN2020110000097,False,,0.97,,Automated,Home Loan,standard_payment,False,loan_payment_generator,False,
TXNL202100002924,ACC0021072,IND20001749,LN2020110000100,LDO20210001680,2,2021-01-22,04:13:44,1671.51,Debit,Completed,,Loan Payment - LN2020110000100,False,,0.04,,Automated,Home Loan,standard_payment,False,loan_payment_generator,False,
TXNL202100002925,ACC0021135,IND20001823,LN2020110000108,,2,2021-01-20,04:10:09,2394.93,Debit,Completed,,Loan Payment - LN2020110000108,False,,2.5,,Online,Home Loan,standard_payment,False,loan_payment_generator,False,
TXNL202100002926,ACC0021147,COM20000045,LN2020110000110,LDO20210001681,2,2021-01-10,02:32:06,13317.06,Debit,Completed,,Loan Payment - LN2020110000110,False,,1.84,,Automated,Business Loan,standard_payment,False,loan_payment_generator,False,
TXNL202100002927,ACC0021076,IND20000018,LN2020110000112,LDO20210001682,2,2021-01-09,02:54:16,272.06,Debit,Completed,,Loan Payment - LN2020110000112,False,,1.0,,Automated,Home Loan,standard_payment,False,loan_payment_generator,False,
TXNL202100002928,ACC0020968,IND20003260,LN2020110000123,,2,2021-01-12,04:53:53,5354.89,Debit,Completed,,Loan Payment - LN2020110000123,False,,2.5,,Automated,Personal Loan,standard_payment,False,loan_payment_generator,False,
TXNL202100002929,ACC0020940,IND20003422,LN2020110000125,LDO20210001683,1,2021-01-04,03:52:26,1585.34,Debit,Failed,bank_timeout,Loan Payment - LN2020110000125 - Partial,False,,1.55,,Automated,Vehicle Loan,partial_payment,False,loan_payment_generator,False,
TXNL202100002930,ACC0021073,IND20000991,LN2020110000126,LDO20210001684,1,2021-01-02,03:43:46,2463.62,Debit,Completed,,Loan Payment - LN2020110000126,False,,1.55,,Automated,Home Loan,standard_payment,False,loan_payment_generator,False,
TXNL202100002931,ACC0021123,IND20000919,LN2020110000130,LDO20210001685,2,2021-01-21,04:14:20,864.25,Debit,Completed,,Loan Payment - LN2020110000130,False,,1.43,,Automated,Personal Loan,standard_payment,False,loan_payment_generator,False,
TXNL202100002932,ACC0020920,IND20002048,LN2020110000141,LDO20210001686,2,2021-01-27,04:19:46,908.43,Debit,Completed,,Loan Payment - LN2020110000141,False,,0.17,,Automated,Home Loan,standard_payment,False,loan_payment_generator,False,
TXNL202100002933,ACC0021110,IND20002825,LN2020110000146,LDO20210001687,1,2021-01-09,03:56:16,2846.36,Debit,Completed,,Loan Payment - LN2020110000146,False,,1.02,,Automated,Home Loan,standard_payment,False,loan_payment_generator,False,
TXNL202100002934,ACC0021115,IND20000971,LN2020110000150,,1,2021-01-04,04:08:44,386.41,Debit,Completed,,Loan Payment - LN2020110000150,False,,2.5,,Automated,Home Loan,standard_payment,False,loan_payment_generator,False,
TXNL202100002935,ACC0021045,IND20000665,LN2020110000151,LDO20210001688,2,2021-01-28,04:52:49,2547.35,Debit,Completed,,Loan Payment - LN2020110000151,False,,1.55,,Automated,Vehicle Loan,standard_payment,False,loan_payment_generator,False,
TXNL202100002936,ACC0020956,IND20002666,LN2020110000158,LDO20210001689,2,2021-01-18,03:04:42,4483.74,Debit,Completed,,Loan Payment - LN2020110000158,False,,0.73,,Automated,Home Loan,standard_payment,False,loan_payment_generator,False,
TXNL202100002937,ACC0021078,IND20000301,LN2020110000163,LDO20210001690,1,2021-01-04,02:38:20,1844.88,Debit,Completed,,Loan Payment - LN2020110000163,False,,1.4,,Automated,Personal Loan,standard_payment,False,loan_payment_generator,False,
TXNL202100002938,ACC0020976,IND20001533,LN2020110000174,LDO20210001691,2,2021-01-10,02:49:15,575.5,Debit,Completed,,Loan Payment - LN2020110000174,False,,0.07,,Automated,Home Loan,standard_payment,False,loan_payment_generator,False,
TXNL202100002939,ACC0020993,IND20003377,LN2020110000178,LDO20210001692,2,2021-01-29,03:40:13,5093.26,Debit,Completed,,Loan Payment - LN2020110000178,False,,1.0,,Automated,Personal Loan,standard_payment,False,loan_payment_generator,False,
TXNL202100002940,ACC0021058,IND20001360,LN2020110000188,LDO20210001693,2,2021-01-09,02:40:35,3948.09,Debit,Completed,,Loan Payment - LN2020110000188,False,,1.88,,Automated,Personal Loan,standard_payment,False,loan_payment_generator,False,
TXNL202100002941,ACC0020937,IND20002164,LN2020110000192,,2,2021-01-28,03:49:40,19207.44,Debit,Completed,,Loan Payment - LN2020110000192 - Partial,False,,2.5,,Automated,Personal Loan,partial_payment,False,loan_payment_generator,False,
TXNL202100002942,ACC0020929,IND20002022,LN2020110000193,,2,2021-01-29,02:35:42,2578.49,Debit,Completed,,Loan Payment - LN2020110000193,False,,2.5,,Automated,Home Loan,standard_payment,False,loan_payment_generator,False,
TXNL202100002943,ACC0021023,IND20003261,LN2020110000209,,2,2021-01-27,06:18:08,4362.89,Debit,Completed,,Loan Payment - LN2020110000209,False,,2.5,,Mobile,Home Loan,standard_payment,False,loan_payment_generator,False,
TXNL202100002944,ACC0020967,IND20000407,LN2020110000210,LDO20210001694,2,2021-01-25,02:03:25,4735.13,Debit,Completed,,Loan Payment - LN2020110000210 - Extra Principal,False,,1.4,,Automated,Vehicle Loan,extra_payment,False,loan_payment_generator,False,
TXNL202100002945,ACC0021088,IND20002561,LN2020110000212,LDO20210001695,1,2021-01-06,03:52:37,2777.67,Debit,Completed,,Loan Payment - LN2020110000212,False,,0.57,,Automated,Home Loan,standard_payment,False,loan_payment_generator,False,
TXNL202100002946,ACC0020958,IND20002966,LN2020110000217,,2,2021-01-14,04:29:39,1366.92,Debit,Completed,,Loan Payment - LN2020110000217,False,,2.5,,Automated,Personal Loan,standard_payment,False,loan_payment_generator,False,
TXNL202100002947,ACC0020981,IND20001182,LN2020110000220,LDO20210001696,2,2021-01-29,03:34:10,1342.66,Debit,Completed,,Loan Payment - LN2020110000220,False,,1.11,,Automated,Home Loan,standard_payment,False,loan_payment_generator,False,
TXNL202100002948,ACC0021034,IND20000876,LN2020110000222,LDO20210001697,2,2021-01-15,04:45:39,3309.79,Debit,Completed,,Loan Payment - LN2020110000222,False,,0.73,,Automated,Vehicle Loan,standard_payment,False,loan_payment_generator,False,
TXNL202100002949,ACC0021000,IND20000525,LN2020110000223,LDO20210001698,2,2021-01-14,02:37:05,3981.67,Debit,Completed,,Loan Payment - LN2020110000223,False,,1.64,,Automated,Personal Loan,standard_payment,False,loan_payment_generator,False,
TXNL202100002950,ACC0021191,IND20000396,LN2020120000001,LDO20210001699,1,2021-01-17,03:48:14,1957.89,Debit,Completed,,Loan Payment - LN2020120000001,False,,1.91,,Automated,Personal Loan,standard_payment,False,loan_payment_generator,False,
TXNL202100002951,ACC0021305,IND20001802,LN2020120000004,LDO20210001700,1,2021-01-22,03:11:57,626.9,Debit,Failed,account_blocked,Loan Payment - LN2020120000004,False,,0.42,,Automated,Home Loan,standard_payment,False,loan_payment_generator,False,
TXNL202100002952,ACC0021308,IND20001555,LN2020120000012,,1,2021-01-28,02:58:45,11923.85,Debit,Completed,,Loan Payment - LN2020120000012,True,,10.0,,Online,Personal Loan,standard_payment,False,loan_payment_generator,False,
TXNL202100002953,ACC0021233,IND20000189,LN2020120000018,LDO20210001703,1,2021-01-18,03:24:01,2432.37,Debit,Completed,,Loan Payment - LN2020120000018,False,,0.75,,Automated,Home Loan,standard_payment,False,loan_payment_generator,False,
TXNL202100002954,ACC0021245,IND20002543,LN2020120000039,LDO20210001705,1,2021-01-16,03:01:36,806.33,Debit,Completed,,Loan Payment - LN2020120000039,False,,0.65,,Automated,Personal Loan,standard_payment,False,loan_payment_generator,False,
TXNL202100002955,ACC0021246,IND20003532,LN2020120000049,LDO20210001706,1,2021-01-15,03:54:23,3851.66,Debit,Completed,,Loan Payment - LN2020120000049,False,,1.38,,Automated,Home Loan,standard_payment,False,loan_payment_generator,False,
TXNL202100002956,ACC0021386,COM20000101,LN2020120000059,LDO20210001708,1,2021-01-26,04:48:09,7436.95,Debit,Completed,,Loan Payment - LN2020120000059,False,,0.56,,Automated,Business Loan,standard_payment,False,loan_payment_generator,False,
TXNL202100002957,ACC0021387,COM20000091,LN2020120000060,LDO20210001709,1,2021-01-22,03:02:23,23524.96,Debit,Completed,,Loan Payment - LN2020120000060,False,,1.58,,Automated,Business Loan,standard_payment,False,loan_payment_generator,False,
TXNL202100002958,ACC0021296,IND20003624,LN2020120000063,LDO20210001710,1,2021-01-31,03:08:16,4319.28,Debit,Completed,,Loan Payment - LN2020120000063,False,,0.85,,Automated,Home Loan,standard_payment,False,loan_payment_generator,False,
TXNL202100002959,ACC0021376,COM20000030,LN2020120000078,LDO20210001711,1,2021-01-30,03:45:36,6402.17,Debit,Completed,,Loan Payment - LN2020120000078,False,,1.84,,Automated,Business Loan,standard_payment,False,loan_payment_generator,False,
TXNL202100002960,ACC0021258,IND20001449,LN2020120000084,,1,2021-01-27,06:13:18,3073.46,Debit,Completed,,Loan Payment - LN2020120000084,False,,2.5,,Online,Vehicle Loan,standard_payment,False,loan_payment_generator,False,
TXNL202100002961,ACC0021372,IND20002839,LN2020120000090,LDO20210001713,1,2021-01-22,04:34:31,985.18,Debit,Completed,,Loan Payment - LN2020120000090,False,,0.87,,Automated,Vehicle Loan,standard_payment,False,loan_payment_generator,False,
TXNL202100002962,ACC0021385,COM20000039,LN2020120000091,LDO20210001714,1,2021-01-13,02:45:09,11944.37,Debit,Completed,,Loan Payment - LN2020120000091,False,,1.03,,Automated,Business Loan,standard_payment,False,loan_payment_generator,False,
TXNL202100002963,ACC0021266,IND20001522,LN2020120000103,LDO20210001715,1,2021-01-23,06:44:24,800.2,Debit,Completed,,Loan Payment - LN2020120000103,False,,0.03,,Automated,Home Loan,standard_payment,False,loan_payment_generator,True,timestamp_shift
TXNL202100002964,ACC0021241,IND20002573,LN2020120000104,LDO20210001716,1,2021-01-12,02:36:45,2569.38,Debit,Completed,,Loan Payment - LN2020120000104,False,,1.32,,Automated,Home Loan,standard_payment,False,loan_payment_generator,False,
TXNL202100002965,ACC0021255,IND20002460,LN2020120000113,,1,2021-01-27,03:42:37,2444.69,Debit,Completed,,Loan Payment - LN2020120000113,False,,2.5,,Automated,Personal Loan,standard_payment,False,loan_payment_generator,False,
TXNL202100002966,ACC0021321,IND20003222,LN2020120000119,LDO20210001717,1,2021-01-12,03:40:16,2256.56,Debit,Completed,,Loan Payment - LN2020120000119,False,,1.58,,Automated,Home Loan,standard_payment,False,loan_payment_generator,False,
TXNL202100002967,ACC0021225,IND20001243,LN2020120000124,LDO20210001718,1,2021-01-14,03:47:06,394.24,Debit,Completed,,Loan Payment - LN2020120000124,False,,0.25,,Automated,Home Loan,standard_payment,False,loan_payment_generator,False,
TXNL202100002968,ACC0021373,IND20001809,LN2020120000135,LDO20210001720,1,2021-01-30,03:39:59,2704.78,Debit,Completed,,Loan Payment - LN2020120000135,False,,0.13,,Automated,Home Loan,standard_payment,False,loan_payment_generator,False,
TXNL202100002969,ACC0021289,IND20000793,LN2020120000148,LDO20210001722,1,2021-01-29,03:19:04,2943.81,Debit,Completed,,Loan Payment - LN2020120000148,False,,0.48,,Automated,Home Loan,standard_payment,False,loan_payment_generator,False,
TXNL202100002970,ACC0021381,COM20000093,LN2020120000153,LDO20210001723,1,2021-01-16,04:41:38,16413.82,Debit,Completed,,Loan Payment - LN2020120000153,False,,1.4,,Automated,Business Loan,standard_payment,False,loan_payment_generator,False,
TXNL202100002971,ACC0021345,IND20002607,LN2020120000162,LDO20210001724,1,2021-01-14,04:11:28,638.02,Debit,Completed,,Loan Payment - LN2020120000162,False,,0.77,,Automated,Personal Loan,standard_payment,False,loan_payment_generator,False,
TXNL202100002972,ACC0021163,IND20002169,LN2020120000165,LDO20210001725,1,2021-01-31,04:28:02,1457.6,Debit,Failed,daily_limit_exceeded,Loan Payment - LN2020120000165 - Partial,False,,0.13,,Automated,Personal Loan,partial_payment,False,loan_payment_generator,False,
TXNL202100002973,ACC0021274,IND20000629,LN2020120000170,LDO20210001726,1,2021-01-22,04:05:22,1848.27,Debit,Completed,,Loan Payment - LN2020120000170,False,,1.48,,Automated,Vehicle Loan,standard_payment,False,loan_payment_generator,False,
TXNL202100002974,ACC0021202,IND20003879,LN2020120000175,LDO20210001728,1,2021-01-16,04:54:20,2285.15,Debit,Completed,,Loan Payment - LN2020120000175,False,,0.07,,Automated,Vehicle Loan,standard_payment,False,loan_payment_generator,False,
TXNL202100002975,ACC0021224,IND20001243,LN2020120000190,LDO20210001730,1,2021-01-29,04:33:43,3503.65,Debit,Completed,,Loan Payment - LN2020120000190,False,,0.62,,Automated,Vehicle Loan,standard_payment,False,loan_payment_generator,False,
TXNL202100002976,ACC0021281,IND20003053,LN2020120000193,,1,2021-01-15,03:08:54,2307.55,Debit,Failed,bank_timeout,Loan Payment - LN2020120000193,False,,2.5,,Automated,Home Loan,standard_payment,False,loan_payment_generator,False,
TXNL202100002977,ACC0021377,COM20000047,LN2020120000195,,1,2021-01-31,02:50:33,7601.37,Debit,Completed,,Loan Payment - LN2020120000195,True,,10.0,,Online,Business Loan,standard_payment,False,loan_payment_generator,False,
TXNL202100002978,ACC0021340,IND20001795,LN2020120000203,LDO20210001731,1,2021-01-23,03:19:53,1117.7,Debit,Completed,,Loan Payment - LN2020120000203 - Partial,False,,0.32,,Automated,Vehicle Loan,partial_payment,False,loan_payment_generator,False,
