reconciliation_run_id,account_id,customer_id,bank_name,account_number,statement_timeframe_months,period_start,period_end,opening_balance,closing_balance,statement_transaction_count,ledger_transaction_count,statement_pdf_path,statement_source_format,statement_source_file_path
RECON-202312-ACC0078309-3M,ACC0078309,IND23005368,Keystone Retail Bank,172105270783095,3,2023-12-01,2024-02-29 23:59:59,14018.6,13667.52,6,0,reconciliation_analysis\2023\bank_statement_pdfs\ACC0078309_202312_202402_3M_statement.pdf,TXT,reconciliation_analysis\2023\bank_statement_source_files\txt\ACC0078309_202312_202402_3M_statement.txt
RECON-202312-ACC0078310-6M,ACC0078310,IND23004167,Keystone Retail Bank,430010010783108,6,2023-12-01,2024-05-31 23:59:59,4905.4,-22984.0,77,67,reconciliation_analysis\2023\bank_statement_pdfs\ACC0078310_202312_202405_6M_statement.pdf,ISO20022_CAMT053_XML,reconciliation_analysis\2023\bank_statement_source_files\iso20022_camt053_xml\ACC0078310_202312_202405_6M_statement.xml
RECON-202312-ACC0078311-3M,ACC0078311,IND23004660,Keystone Retail Bank,255005020783115,3,2023-12-01,2024-02-29 23:59:59,1309.62,-12642.59,49,44,reconciliation_analysis\2023\bank_statement_pdfs\ACC0078311_202312_202402_3M_statement.pdf,ISO20022_CAMT053_XML,reconciliation_analysis\2023\bank_statement_source_files\iso20022_camt053_xml\ACC0078311_202312_202402_3M_statement.xml
RECON-202312-ACC0078312-3M,ACC0078312,IND23013824,Keystone Retail Bank,255355270783122,3,2023-12-01,2024-02-29 23:59:59,7079.29,-31762.92,85,83,reconciliation_analysis\2023\bank_statement_pdfs\ACC0078312_202312_202402_3M_statement.pdf,ISO20022_CAMT053_XML,reconciliation_analysis\2023\bank_statement_source_files\iso20022_camt053_xml\ACC0078312_202312_202402_3M_statement.xml
RECON-202312-ACC0078313-6M,ACC0078313,IND23006674,Keystone Retail Bank,050310280783137,6,2023-12-01,2024-05-31 23:59:59,4772.29,-2025.2,50,40,reconciliation_analysis\2023\bank_statement_pdfs\ACC0078313_202312_202405_6M_statement.pdf,TXT,reconciliation_analysis\2023\bank_statement_source_files\txt\ACC0078313_202312_202405_6M_statement.txt
RECON-202312-ACC0078314-6M,ACC0078314,IND23014068,Keystone Retail Bank,121317020783148,6,2023-12-01,2024-05-31 23:59:59,543.55,-18175.64,94,84,reconciliation_analysis\2023\bank_statement_pdfs\ACC0078314_202312_202405_6M_statement.pdf,TXT,reconciliation_analysis\2023\bank_statement_source_files\txt\ACC0078314_202312_202405_6M_statement.txt
RECON-202312-ACC0078315-6M,ACC0078315,IND23007254,Keystone Retail Bank,245705280783155,6,2023-12-01,2024-05-31 23:59:59,769.78,-26780.94,75,65,reconciliation_analysis\2023\bank_statement_pdfs\ACC0078315_202312_202405_6M_statement.pdf,CSV,reconciliation_analysis\2023\bank_statement_source_files\csv\ACC0078315_202312_202405_6M_statement.csv
RECON-202312-ACC0078316-6M,ACC0078316,IND23007254,Keystone Retail Bank,245705020783164,6,2023-12-01,2024-05-31 23:59:59,10318.14,9846.11,8,0,reconciliation_analysis\2023\bank_statement_pdfs\ACC0078316_202312_202405_6M_statement.pdf,CSV,reconciliation_analysis\2023\bank_statement_source_files\csv\ACC0078316_202312_202405_6M_statement.csv
RECON-202312-ACC0078317-3M,ACC0078317,IND23005247,Keystone Retail Bank,250955010783171,3,2023-12-01,2024-02-29 23:59:59,11371.96,-25604.17,71,66,reconciliation_analysis\2023\bank_statement_pdfs\ACC0078317_202312_202402_3M_statement.pdf,TXT,reconciliation_analysis\2023\bank_statement_source_files\txt\ACC0078317_202312_202402_3M_statement.txt
RECON-202312-ACC0078318-6M,ACC0078318,IND23001682,Keystone Retail Bank,060110270783184,6,2023-12-01,2024-05-31 23:59:59,8483.64,-60126.69,86,74,reconciliation_analysis\2023\bank_statement_pdfs\ACC0078318_202312_202405_6M_statement.pdf,ISO20022_CAMT053_XML,reconciliation_analysis\2023\bank_statement_source_files\iso20022_camt053_xml\ACC0078318_202312_202405_6M_statement.xml
RECON-202312-ACC0078319-6M,ACC0078319,IND23004854,Keystone Retail Bank,150105010783199,6,2023-12-01,2024-05-31 23:59:59,3377.78,2507.08,13,0,reconciliation_analysis\2023\bank_statement_pdfs\ACC0078319_202312_202405_6M_statement.pdf,CSV,reconciliation_analysis\2023\bank_statement_source_files\csv\ACC0078319_202312_202405_6M_statement.csv
RECON-202312-ACC0078320-3M,ACC0078320,IND23014058,Keystone Retail Bank,188205280783205,3,2023-12-01,2024-02-29 23:59:59,13091.25,-867.75,75,70,reconciliation_analysis\2023\bank_statement_pdfs\ACC0078320_202312_202402_3M_statement.pdf,TXT,reconciliation_analysis\2023\bank_statement_source_files\txt\ACC0078320_202312_202402_3M_statement.txt
RECON-202312-ACC0078321-6M,ACC0078321,IND23010166,Keystone Retail Bank,018505270783211,6,2023-12-01,2024-05-31 23:59:59,1727.77,737.42,12,0,reconciliation_analysis\2023\bank_statement_pdfs\ACC0078321_202312_202405_6M_statement.pdf,TXT,reconciliation_analysis\2023\bank_statement_source_files\txt\ACC0078321_202312_202405_6M_statement.txt
RECON-202312-ACC0078322-6M,ACC0078322,IND23001263,Keystone Retail Bank,050310270783227,6,2023-12-01,2024-05-31 23:59:59,1101.0,357.73,12,0,reconciliation_analysis\2023\bank_statement_pdfs\ACC0078322_202312_202405_6M_statement.pdf,CSV,reconciliation_analysis\2023\bank_statement_source_files\csv\ACC0078322_202312_202405_6M_statement.csv
RECON-202312-ACC0078323-6M,ACC0078323,IND23007079,Keystone Retail Bank,060110010783237,6,2023-12-01,2024-05-31 23:59:59,1943.23,-14628.18,60,51,reconciliation_analysis\2023\bank_statement_pdfs\ACC0078323_202312_202405_6M_statement.pdf,TXT,reconciliation_analysis\2023\bank_statement_source_files\txt\ACC0078323_202312_202405_6M_statement.txt
RECON-202312-ACC0078324-3M,ACC0078324,IND23002707,Keystone Retail Bank,632005010783241,3,2023-12-01,2024-02-29 23:59:59,3964.83,-12554.2,75,70,reconciliation_analysis\2023\bank_statement_pdfs\ACC0078324_202312_202402_3M_statement.pdf,CSV,reconciliation_analysis\2023\bank_statement_source_files\csv\ACC0078324_202312_202402_3M_statement.csv
RECON-202312-ACC0078326-3M,ACC0078326,IND23006807,Keystone Retail Bank,470010030783264,3,2023-12-01,2024-02-29 23:59:59,13001.91,-12574.84,71,68,reconciliation_analysis\2023\bank_statement_pdfs\ACC0078326_202312_202402_3M_statement.pdf,ISO20022_CAMT053_XML,reconciliation_analysis\2023\bank_statement_source_files\iso20022_camt053_xml\ACC0078326_202312_202402_3M_statement.xml
RECON-202312-ACC0078327-6M,ACC0078327,IND23004015,Keystone Retail Bank,250655010783272,6,2023-12-01,2024-05-31 23:59:59,935.81,-28032.35,67,54,reconciliation_analysis\2023\bank_statement_pdfs\ACC0078327_202312_202405_6M_statement.pdf,ISO20022_CAMT053_XML,reconciliation_analysis\2023\bank_statement_source_files\iso20022_camt053_xml\ACC0078327_202312_202405_6M_statement.xml
RECON-202312-ACC0078328-3M,ACC0078328,IND23005145,Keystone Retail Bank,164605020783283,3,2023-12-01,2024-02-29 23:59:59,3196.45,2959.24,5,0,reconciliation_analysis\2023\bank_statement_pdfs\ACC0078328_202312_202402_3M_statement.pdf,CSV,reconciliation_analysis\2023\bank_statement_source_files\csv\ACC0078328_202312_202402_3M_statement.csv
RECON-202312-ACC0078329-6M,ACC0078329,IND23002503,Keystone Retail Bank,050310270783290,6,2023-12-01,2024-05-31 23:59:59,3225.93,-13034.89,75,66,reconciliation_analysis\2023\bank_statement_pdfs\ACC0078329_202312_202405_6M_statement.pdf,CSV,reconciliation_analysis\2023\bank_statement_source_files\csv\ACC0078329_202312_202405_6M_statement.csv
RECON-202312-ACC0078330-6M,ACC0078330,IND23003134,Keystone Retail Bank,280605280783303,6,2023-12-01,2024-05-31 23:59:59,15964.47,15297.77,12,0,reconciliation_analysis\2023\bank_statement_pdfs\ACC0078330_202312_202405_6M_statement.pdf,CSV,reconciliation_analysis\2023\bank_statement_source_files\csv\ACC0078330_202312_202405_6M_statement.csv
RECON-202312-ACC0078331-3M,ACC0078331,IND23011864,Keystone Retail Bank,140505280783319,3,2023-12-01,2024-02-29 23:59:59,987.61,-27280.91,76,72,reconciliation_analysis\2023\bank_statement_pdfs\ACC0078331_202312_202402_3M_statement.pdf,ISO20022_CAMT053_XML,reconciliation_analysis\2023\bank_statement_source_files\iso20022_camt053_xml\ACC0078331_202312_202402_3M_statement.xml
RECON-202312-ACC0078332-6M,ACC0078332,IND23007170,Keystone Retail Bank,632005030783329,6,2023-12-01,2024-05-31 23:59:59,4824.15,4374.52,14,0,reconciliation_analysis\2023\bank_statement_pdfs\ACC0078332_202312_202405_6M_statement.pdf,ISO20022_CAMT053_XML,reconciliation_analysis\2023\bank_statement_source_files\iso20022_camt053_xml\ACC0078332_202312_202405_6M_statement.xml
RECON-202312-ACC0078333-6M,ACC0078333,IND23011051,Keystone Retail Bank,134605020783339,6,2023-12-01,2024-05-31 23:59:59,16115.2,15624.24,12,0,reconciliation_analysis\2023\bank_statement_pdfs\ACC0078333_202312_202405_6M_statement.pdf,ISO20022_CAMT053_XML,reconciliation_analysis\2023\bank_statement_source_files\iso20022_camt053_xml\ACC0078333_202312_202405_6M_statement.xml
RECON-202312-ACC0078334-3M,ACC0078334,IND23000859,Keystone Retail Bank,510255030783343,3,2023-12-01,2024-02-29 23:59:59,12512.88,13316.92,7,0,reconciliation_analysis\2023\bank_statement_pdfs\ACC0078334_202312_202402_3M_statement.pdf,CSV,reconciliation_analysis\2023\bank_statement_source_files\csv\ACC0078334_202312_202402_3M_statement.csv
RECON-202312-ACC0078335-6M,ACC0078335,IND23014253,Keystone Retail Bank,470010270783355,6,2023-12-01,2024-05-31 23:59:59,7187.62,9300.98,15,0,reconciliation_analysis\2023\bank_statement_pdfs\ACC0078335_202312_202405_6M_statement.pdf,TXT,reconciliation_analysis\2023\bank_statement_source_files\txt\ACC0078335_202312_202405_6M_statement.txt
RECON-202312-ACC0078336-6M,ACC0078336,IND23013633,Keystone Retail Bank,632005030783365,6,2023-12-01,2024-05-31 23:59:59,12822.0,15077.77,13,0,reconciliation_analysis\2023\bank_statement_pdfs\ACC0078336_202312_202405_6M_statement.pdf,TXT,reconciliation_analysis\2023\bank_statement_source_files\txt\ACC0078336_202312_202405_6M_statement.txt
RECON-202312-ACC0078337-3M,ACC0078337,IND23001044,Keystone Retail Bank,204109010783378,3,2023-12-01,2024-02-29 23:59:59,8563.62,-17634.0,66,60,reconciliation_analysis\2023\bank_statement_pdfs\ACC0078337_202312_202402_3M_statement.pdf,CSV,reconciliation_analysis\2023\bank_statement_source_files\csv\ACC0078337_202312_202402_3M_statement.csv
RECON-202312-ACC0078338-6M,ACC0078338,IND23011717,Keystone Retail Bank,221426280783386,6,2023-12-01,2024-05-31 23:59:59,11539.63,10842.69,11,0,reconciliation_analysis\2023\bank_statement_pdfs\ACC0078338_202312_202405_6M_statement.pdf,ISO20022_CAMT053_XML,reconciliation_analysis\2023\bank_statement_source_files\iso20022_camt053_xml\ACC0078338_202312_202405_6M_statement.xml
RECON-202312-ACC0078339-3M,ACC0078339,IND23002200,Keystone Retail Bank,051001030783398,3,2023-12-01,2024-02-29 23:59:59,17097.83,16772.79,5,0,reconciliation_analysis\2023\bank_statement_pdfs\ACC0078339_202312_202402_3M_statement.pdf,ISO20022_CAMT053_XML,reconciliation_analysis\2023\bank_statement_source_files\iso20022_camt053_xml\ACC0078339_202312_202402_3M_statement.xml
RECON-202312-ACC0078341-3M,ACC0078341,IND23001617,Keystone Retail Bank,632005020783419,3,2023-12-01,2024-02-29 23:59:59,14360.56,14049.84,7,0,reconciliation_analysis\2023\bank_statement_pdfs\ACC0078341_202312_202402_3M_statement.pdf,CSV,reconciliation_analysis\2023\bank_statement_source_files\csv\ACC0078341_202312_202402_3M_statement.csv
RECON-202312-ACC0078342-3M,ACC0078342,IND23011079,Keystone Retail Bank,164605270783426,3,2023-12-01,2024-02-29 23:59:59,13924.12,-76060.78,88,80,reconciliation_analysis\2023\bank_statement_pdfs\ACC0078342_202312_202402_3M_statement.pdf,ISO20022_CAMT053_XML,reconciliation_analysis\2023\bank_statement_source_files\iso20022_camt053_xml\ACC0078342_202312_202402_3M_statement.xml
RECON-202312-ACC0078343-6M,ACC0078343,IND23007396,Keystone Retail Bank,430110020783437,6,2023-12-01,2024-05-31 23:59:59,7865.9,-3190.18,76,64,reconciliation_analysis\2023\bank_statement_pdfs\ACC0078343_202312_202405_6M_statement.pdf,CSV,reconciliation_analysis\2023\bank_statement_source_files\csv\ACC0078343_202312_202405_6M_statement.csv
RECON-202312-ACC0078344-6M,ACC0078344,IND23011267,Keystone Retail Bank,140605280783443,6,2023-12-01,2024-05-31 23:59:59,6787.99,-4601.16,64,52,reconciliation_analysis\2023\bank_statement_pdfs\ACC0078344_202312_202405_6M_statement.pdf,ISO20022_CAMT053_XML,reconciliation_analysis\2023\bank_statement_source_files\iso20022_camt053_xml\ACC0078344_202312_202405_6M_statement.xml
RECON-202312-ACC0078345-3M,ACC0078345,IND23011148,Keystone Retail Bank,168305270783458,3,2023-12-01,2024-02-29 23:59:59,2925.82,-28199.83,78,71,reconciliation_analysis\2023\bank_statement_pdfs\ACC0078345_202312_202402_3M_statement.pdf,ISO20022_CAMT053_XML,reconciliation_analysis\2023\bank_statement_source_files\iso20022_camt053_xml\ACC0078345_202312_202402_3M_statement.xml
RECON-202312-ACC0078346-3M,ACC0078346,IND23011148,Keystone Retail Bank,168205270783468,3,2023-12-01,2024-02-29 23:59:59,2135.99,1950.36,8,0,reconciliation_analysis\2023\bank_statement_pdfs\ACC0078346_202312_202402_3M_statement.pdf,TXT,reconciliation_analysis\2023\bank_statement_source_files\txt\ACC0078346_202312_202402_3M_statement.txt
RECON-202312-ACC0078347-6M,ACC0078347,IND23000378,Keystone Retail Bank,255355020783470,6,2023-12-01,2024-05-31 23:59:59,934.8,176.39,13,0,reconciliation_analysis\2023\bank_statement_pdfs\ACC0078347_202312_202405_6M_statement.pdf,CSV,reconciliation_analysis\2023\bank_statement_source_files\csv\ACC0078347_202312_202405_6M_statement.csv
RECON-202312-ACC0078348-6M,ACC0078348,IND23013999,Keystone Retail Bank,050310010783487,6,2023-12-01,2024-05-31 23:59:59,8486.92,-33534.78,86,75,reconciliation_analysis\2023\bank_statement_pdfs\ACC0078348_202312_202405_6M_statement.pdf,TXT,reconciliation_analysis\2023\bank_statement_source_files\txt\ACC0078348_202312_202405_6M_statement.txt
RECON-202312-ACC0078349-3M,ACC0078349,IND23007230,Keystone Retail Bank,018505030783497,3,2023-12-01,2024-02-29 23:59:59,15558.26,15337.62,4,0,reconciliation_analysis\2023\bank_statement_pdfs\ACC0078349_202312_202402_3M_statement.pdf,TXT,reconciliation_analysis\2023\bank_statement_source_files\txt\ACC0078349_202312_202402_3M_statement.txt
RECON-202312-ACC0078350-3M,ACC0078350,IND23012217,Keystone Retail Bank,510255010783505,3,2023-12-01,2024-02-29 23:59:59,9203.93,-16106.47,82,75,reconciliation_analysis\2023\bank_statement_pdfs\ACC0078350_202312_202402_3M_statement.pdf,ISO20022_CAMT053_XML,reconciliation_analysis\2023\bank_statement_source_files\iso20022_camt053_xml\ACC0078350_202312_202402_3M_statement.xml
RECON-202312-ACC0078351-6M,ACC0078351,IND23012217,Keystone Retail Bank,270555270783511,6,2023-12-01,2024-05-31 23:59:59,847.11,291.2,11,0,reconciliation_analysis\2023\bank_statement_pdfs\ACC0078351_202312_202405_6M_statement.pdf,TXT,reconciliation_analysis\2023\bank_statement_source_files\txt\ACC0078351_202312_202405_6M_statement.txt
RECON-202312-ACC0078352-6M,ACC0078352,IND23004762,Keystone Retail Bank,430110030783525,6,2023-12-01,2024-05-31 23:59:59,4203.66,3481.44,9,0,reconciliation_analysis\2023\bank_statement_pdfs\ACC0078352_202312_202405_6M_statement.pdf,ISO20022_CAMT053_XML,reconciliation_analysis\2023\bank_statement_source_files\iso20022_camt053_xml\ACC0078352_202312_202405_6M_statement.xml
RECON-202312-ACC0078354-3M,ACC0078354,IND23001034,Keystone Retail Bank,221426010783547,3,2023-12-01,2024-02-29 23:59:59,11314.91,11110.07,7,0,reconciliation_analysis\2023\bank_statement_pdfs\ACC0078354_202312_202402_3M_statement.pdf,CSV,reconciliation_analysis\2023\bank_statement_source_files\csv\ACC0078354_202312_202402_3M_statement.csv
RECON-202312-ACC0078355-3M,ACC0078355,IND23001034,Keystone Retail Bank,221526280783554,3,2023-12-01,2024-02-29 23:59:59,14662.69,14581.43,4,0,reconciliation_analysis\2023\bank_statement_pdfs\ACC0078355_202312_202402_3M_statement.pdf,CSV,reconciliation_analysis\2023\bank_statement_source_files\csv\ACC0078355_202312_202402_3M_statement.csv
RECON-202312-ACC0078356-3M,ACC0078356,IND23008720,Keystone Retail Bank,510255270783569,3,2023-12-01,2024-02-29 23:59:59,6643.95,9552.25,7,0,reconciliation_analysis\2023\bank_statement_pdfs\ACC0078356_202312_202402_3M_statement.pdf,TXT,reconciliation_analysis\2023\bank_statement_source_files\txt\ACC0078356_202312_202402_3M_statement.txt
RECON-202312-ACC0078357-6M,ACC0078357,IND23006644,Keystone Retail Bank,221426020783573,6,2023-12-01,2024-05-31 23:59:59,7829.54,7457.22,9,0,reconciliation_analysis\2023\bank_statement_pdfs\ACC0078357_202312_202405_6M_statement.pdf,CSV,reconciliation_analysis\2023\bank_statement_source_files\csv\ACC0078357_202312_202405_6M_statement.csv
RECON-202312-ACC0078358-3M,ACC0078358,IND23006438,Keystone Retail Bank,255355020783587,3,2023-12-01,2024-02-29 23:59:59,9023.4,8433.61,8,0,reconciliation_analysis\2023\bank_statement_pdfs\ACC0078358_202312_202402_3M_statement.pdf,CSV,reconciliation_analysis\2023\bank_statement_source_files\csv\ACC0078358_202312_202402_3M_statement.csv
RECON-202312-ACC0078359-3M,ACC0078359,IND23001968,Keystone Retail Bank,012345280783592,3,2023-12-01,2024-02-29 23:59:59,1715.29,-28822.83,76,72,reconciliation_analysis\2023\bank_statement_pdfs\ACC0078359_202312_202402_3M_statement.pdf,TXT,reconciliation_analysis\2023\bank_statement_source_files\txt\ACC0078359_202312_202402_3M_statement.txt
RECON-202312-ACC0078360-3M,ACC0078360,IND23011481,Keystone Retail Bank,221426280783608,3,2023-12-01,2024-02-29 23:59:59,14232.62,5451.88,52,46,reconciliation_analysis\2023\bank_statement_pdfs\ACC0078360_202312_202402_3M_statement.pdf,CSV,reconciliation_analysis\2023\bank_statement_source_files\csv\ACC0078360_202312_202402_3M_statement.csv
RECON-202312-ACC0078361-6M,ACC0078361,IND23006804,Keystone Retail Bank,221426010783618,6,2023-12-01,2024-05-31 23:59:59,5061.69,4313.55,12,0,reconciliation_analysis\2023\bank_statement_pdfs\ACC0078361_202312_202405_6M_statement.pdf,ISO20022_CAMT053_XML,reconciliation_analysis\2023\bank_statement_source_files\iso20022_camt053_xml\ACC0078361_202312_202405_6M_statement.xml
RECON-202312-ACC0078362-3M,ACC0078362,IND23005693,Keystone Retail Bank,121417010783620,3,2023-12-01,2024-02-29 23:59:59,5240.44,-21017.51,79,75,reconciliation_analysis\2023\bank_statement_pdfs\ACC0078362_202312_202402_3M_statement.pdf,CSV,reconciliation_analysis\2023\bank_statement_source_files\csv\ACC0078362_202312_202402_3M_statement.csv
RECON-202312-ACC0078363-3M,ACC0078363,IND23000209,Keystone Retail Bank,050910010783632,3,2023-12-01,2024-02-29 23:59:59,2030.44,1593.07,8,0,reconciliation_analysis\2023\bank_statement_pdfs\ACC0078363_202312_202402_3M_statement.pdf,CSV,reconciliation_analysis\2023\bank_statement_source_files\csv\ACC0078363_202312_202402_3M_statement.csv
RECON-202312-ACC0078364-6M,ACC0078364,IND23012148,Keystone Retail Bank,280505280783644,6,2023-12-01,2024-05-31 23:59:59,8818.69,-14590.93,75,67,reconciliation_analysis\2023\bank_statement_pdfs\ACC0078364_202312_202405_6M_statement.pdf,TXT,reconciliation_analysis\2023\bank_statement_source_files\txt\ACC0078364_202312_202405_6M_statement.txt
RECON-202312-ACC0078365-3M,ACC0078365,IND23010533,Keystone Retail Bank,250955030783651,3,2023-12-01,2024-02-29 23:59:59,1323.84,-10929.34,70,65,reconciliation_analysis\2023\bank_statement_pdfs\ACC0078365_202312_202402_3M_statement.pdf,CSV,reconciliation_analysis\2023\bank_statement_source_files\csv\ACC0078365_202312_202402_3M_statement.csv
RECON-202312-ACC0078366-6M,ACC0078366,IND23011938,Keystone Retail Bank,121417030783664,6,2023-12-01,2024-05-31 23:59:59,5687.96,-4997.05,66,54,reconciliation_analysis\2023\bank_statement_pdfs\ACC0078366_202312_202405_6M_statement.pdf,ISO20022_CAMT053_XML,reconciliation_analysis\2023\bank_statement_source_files\iso20022_camt053_xml\ACC0078366_202312_202405_6M_statement.xml
RECON-202312-ACC0078367-3M,ACC0078367,IND23010241,Keystone Retail Bank,470010270783677,3,2023-12-01,2024-02-29 23:59:59,13307.5,12989.46,6,0,reconciliation_analysis\2023\bank_statement_pdfs\ACC0078367_202312_202402_3M_statement.pdf,CSV,reconciliation_analysis\2023\bank_statement_source_files\csv\ACC0078367_202312_202402_3M_statement.csv
RECON-202312-ACC0078368-6M,ACC0078368,IND23012984,Keystone Retail Bank,198765270783682,6,2023-12-01,2024-05-31 23:59:59,8475.64,-32890.26,63,50,reconciliation_analysis\2023\bank_statement_pdfs\ACC0078368_202312_202405_6M_statement.pdf,ISO20022_CAMT053_XML,reconciliation_analysis\2023\bank_statement_source_files\iso20022_camt053_xml\ACC0078368_202312_202405_6M_statement.xml
RECON-202312-ACC0078369-6M,ACC0078369,IND23009700,Keystone Retail Bank,470010030783693,6,2023-12-01,2024-05-31 23:59:59,4562.49,-7451.41,68,56,reconciliation_analysis\2023\bank_statement_pdfs\ACC0078369_202312_202405_6M_statement.pdf,CSV,reconciliation_analysis\2023\bank_statement_source_files\csv\ACC0078369_202312_202405_6M_statement.csv
RECON-202312-ACC0078370-3M,ACC0078370,IND23002071,Keystone Retail Bank,018305280783703,3,2023-12-01,2024-02-29 23:59:59,724.59,-6829.32,65,61,reconciliation_analysis\2023\bank_statement_pdfs\ACC0078370_202312_202402_3M_statement.pdf,ISO20022_CAMT053_XML,reconciliation_analysis\2023\bank_statement_source_files\iso20022_camt053_xml\ACC0078370_202312_202402_3M_statement.xml
RECON-202312-ACC0078371-3M,ACC0078371,IND23010999,Keystone Retail Bank,255355030783719,3,2023-12-01,2024-02-29 23:59:59,3990.64,-18085.05,69,63,reconciliation_analysis\2023\bank_statement_pdfs\ACC0078371_202312_202402_3M_statement.pdf,TXT,reconciliation_analysis\2023\bank_statement_source_files\txt\ACC0078371_202312_202402_3M_statement.txt
RECON-202312-ACC0078372-3M,ACC0078372,IND23012414,Keystone Retail Bank,150205010783723,3,2023-12-01,2024-02-29 23:59:59,2245.6,1511.53,9,0,reconciliation_analysis\2023\bank_statement_pdfs\ACC0078372_202312_202402_3M_statement.pdf,TXT,reconciliation_analysis\2023\bank_statement_source_files\txt\ACC0078372_202312_202402_3M_statement.txt
RECON-202312-ACC0078373-6M,ACC0078373,IND23011126,Keystone Retail Bank,221526030783731,6,2023-12-01,2024-05-31 23:59:59,17057.67,17501.19,11,0,reconciliation_analysis\2023\bank_statement_pdfs\ACC0078373_202312_202405_6M_statement.pdf,ISO20022_CAMT053_XML,reconciliation_analysis\2023\bank_statement_source_files\iso20022_camt053_xml\ACC0078373_202312_202405_6M_statement.xml
RECON-202312-ACC0078374-6M,ACC0078374,IND23007960,Keystone Retail Bank,255005270783741,6,2023-12-01,2024-05-31 23:59:59,6708.43,-8715.96,77,63,reconciliation_analysis\2023\bank_statement_pdfs\ACC0078374_202312_202405_6M_statement.pdf,ISO20022_CAMT053_XML,reconciliation_analysis\2023\bank_statement_source_files\iso20022_camt053_xml\ACC0078374_202312_202405_6M_statement.xml
RECON-202312-ACC0078375-3M,ACC0078375,IND23000111,Keystone Retail Bank,261050030783750,3,2023-12-01,2024-02-29 23:59:59,11598.72,-144.63,49,45,reconciliation_analysis\2023\bank_statement_pdfs\ACC0078375_202312_202402_3M_statement.pdf,TXT,reconciliation_analysis\2023\bank_statement_source_files\txt\ACC0078375_202312_202402_3M_statement.txt
RECON-202312-ACC0078376-6M,ACC0078376,IND23000563,Keystone Retail Bank,245805010783762,6,2023-12-01,2024-05-31 23:59:59,9555.23,-11502.19,85,72,reconciliation_analysis\2023\bank_statement_pdfs\ACC0078376_202312_202405_6M_statement.pdf,CSV,reconciliation_analysis\2023\bank_statement_source_files\csv\ACC0078376_202312_202405_6M_statement.csv
RECON-202312-ACC0078377-6M,ACC0078377,IND23002426,Keystone Retail Bank,204109020783779,6,2023-12-01,2024-05-31 23:59:59,5217.57,-16030.39,77,66,reconciliation_analysis\2023\bank_statement_pdfs\ACC0078377_202312_202405_6M_statement.pdf,TXT,reconciliation_analysis\2023\bank_statement_source_files\txt\ACC0078377_202312_202405_6M_statement.txt
RECON-202312-ACC0078378-6M,ACC0078378,IND23001648,Keystone Retail Bank,280605280783787,6,2023-12-01,2024-05-31 23:59:59,6667.0,6047.48,14,0,reconciliation_analysis\2023\bank_statement_pdfs\ACC0078378_202312_202405_6M_statement.pdf,TXT,reconciliation_analysis\2023\bank_statement_source_files\txt\ACC0078378_202312_202405_6M_statement.txt
RECON-202312-ACC0078379-6M,ACC0078379,IND23007532,Keystone Retail Bank,221426020783797,6,2023-12-01,2024-05-31 23:59:59,6366.81,5695.48,12,0,reconciliation_analysis\2023\bank_statement_pdfs\ACC0078379_202312_202405_6M_statement.pdf,ISO20022_CAMT053_XML,reconciliation_analysis\2023\bank_statement_source_files\iso20022_camt053_xml\ACC0078379_202312_202405_6M_statement.xml
RECON-202312-ACC0078380-3M,ACC0078380,IND23002148,Keystone Retail Bank,160205010783802,3,2023-12-01,2024-02-29 23:59:59,8500.8,-1845.27,54,48,reconciliation_analysis\2023\bank_statement_pdfs\ACC0078380_202312_202402_3M_statement.pdf,TXT,reconciliation_analysis\2023\bank_statement_source_files\txt\ACC0078380_202312_202402_3M_statement.txt
RECON-202312-ACC0078381-6M,ACC0078381,IND23009053,Keystone Retail Bank,210705020783818,6,2023-12-01,2024-05-31 23:59:59,4827.14,4441.93,9,0,reconciliation_analysis\2023\bank_statement_pdfs\ACC0078381_202312_202405_6M_statement.pdf,ISO20022_CAMT053_XML,reconciliation_analysis\2023\bank_statement_source_files\iso20022_camt053_xml\ACC0078381_202312_202405_6M_statement.xml
RECON-202312-ACC0078382-3M,ACC0078382,IND23009053,Keystone Retail Bank,210705030783826,3,2023-12-01,2024-02-29 23:59:59,9735.1,9297.91,6,0,reconciliation_analysis\2023\bank_statement_pdfs\ACC0078382_202312_202402_3M_statement.pdf,ISO20022_CAMT053_XML,reconciliation_analysis\2023\bank_statement_source_files\iso20022_camt053_xml\ACC0078382_202312_202402_3M_statement.xml
RECON-202312-ACC0078383-3M,ACC0078383,IND23011900,Keystone Retail Bank,255005010783830,3,2023-12-01,2024-02-29 23:59:59,4160.28,-3755.19,67,60,reconciliation_analysis\2023\bank_statement_pdfs\ACC0078383_202312_202402_3M_statement.pdf,CSV,reconciliation_analysis\2023\bank_statement_source_files\csv\ACC0078383_202312_202402_3M_statement.csv
RECON-202312-ACC0078384-3M,ACC0078384,IND23012439,Keystone Retail Bank,280505030783849,3,2023-12-01,2024-02-29 23:59:59,11444.29,655.32,65,60,reconciliation_analysis\2023\bank_statement_pdfs\ACC0078384_202312_202402_3M_statement.pdf,ISO20022_CAMT053_XML,reconciliation_analysis\2023\bank_statement_source_files\iso20022_camt053_xml\ACC0078384_202312_202402_3M_statement.xml
RECON-202312-ACC0078385-6M,ACC0078385,IND23011851,Keystone Retail Bank,168305270783850,6,2023-12-01,2024-05-31 23:59:59,14762.95,-13984.08,75,67,reconciliation_analysis\2023\bank_statement_pdfs\ACC0078385_202312_202405_6M_statement.pdf,CSV,reconciliation_analysis\2023\bank_statement_source_files\csv\ACC0078385_202312_202405_6M_statement.csv
RECON-202312-ACC0078386-3M,ACC0078386,IND23003985,Keystone Retail Bank,255005280783866,3,2023-12-01,2024-02-29 23:59:59,13109.03,12550.31,8,0,reconciliation_analysis\2023\bank_statement_pdfs\ACC0078386_202312_202402_3M_statement.pdf,CSV,reconciliation_analysis\2023\bank_statement_source_files\csv\ACC0078386_202312_202402_3M_statement.csv
RECON-202312-ACC0078387-3M,ACC0078387,IND23004255,Keystone Retail Bank,430110020783875,3,2023-12-01,2024-02-29 23:59:59,17007.95,16767.02,6,0,reconciliation_analysis\2023\bank_statement_pdfs\ACC0078387_202312_202402_3M_statement.pdf,ISO20022_CAMT053_XML,reconciliation_analysis\2023\bank_statement_source_files\iso20022_camt053_xml\ACC0078387_202312_202402_3M_statement.xml
RECON-202312-ACC0078388-3M,ACC0078388,IND23004255,Keystone Retail Bank,430110020783884,3,2023-12-01,2024-02-29 23:59:59,12521.61,12072.99,7,0,reconciliation_analysis\2023\bank_statement_pdfs\ACC0078388_202312_202402_3M_statement.pdf,CSV,reconciliation_analysis\2023\bank_statement_source_files\csv\ACC0078388_202312_202402_3M_statement.csv
RECON-202312-ACC0078389-3M,ACC0078389,IND23013242,Keystone Retail Bank,250955020783894,3,2023-12-01,2024-02-29 23:59:59,12960.42,2780.12,50,45,reconciliation_analysis\2023\bank_statement_pdfs\ACC0078389_202312_202402_3M_statement.pdf,ISO20022_CAMT053_XML,reconciliation_analysis\2023\bank_statement_source_files\iso20022_camt053_xml\ACC0078389_202312_202402_3M_statement.xml
RECON-202312-ACC0078390-6M,ACC0078390,IND23013473,Keystone Retail Bank,160205020783909,6,2023-12-01,2024-05-31 23:59:59,10438.25,-14859.93,92,78,reconciliation_analysis\2023\bank_statement_pdfs\ACC0078390_202312_202405_6M_statement.pdf,ISO20022_CAMT053_XML,reconciliation_analysis\2023\bank_statement_source_files\iso20022_camt053_xml\ACC0078390_202312_202405_6M_statement.xml
RECON-202312-ACC0078391-6M,ACC0078391,IND23013473,Keystone Retail Bank,160105010783910,6,2023-12-01,2024-05-31 23:59:59,2362.4,1903.07,12,0,reconciliation_analysis\2023\bank_statement_pdfs\ACC0078391_202312_202405_6M_statement.pdf,ISO20022_CAMT053_XML,reconciliation_analysis\2023\bank_statement_source_files\iso20022_camt053_xml\ACC0078391_202312_202405_6M_statement.xml
RECON-202312-ACC0078392-3M,ACC0078392,IND23014822,Keystone Retail Bank,050210010783924,3,2023-12-01,2024-02-29 23:59:59,8439.08,-7252.38,59,54,reconciliation_analysis\2023\bank_statement_pdfs\ACC0078392_202312_202402_3M_statement.pdf,CSV,reconciliation_analysis\2023\bank_statement_source_files\csv\ACC0078392_202312_202402_3M_statement.csv
RECON-202312-ACC0078395-3M,ACC0078395,IND23001060,Keystone Retail Bank,134705270783955,3,2023-12-01,2024-02-29 23:59:59,4673.11,-21019.85,70,67,reconciliation_analysis\2023\bank_statement_pdfs\ACC0078395_202312_202402_3M_statement.pdf,ISO20022_CAMT053_XML,reconciliation_analysis\2023\bank_statement_source_files\iso20022_camt053_xml\ACC0078395_202312_202402_3M_statement.xml
RECON-202312-ACC0078396-6M,ACC0078396,IND23004688,Keystone Retail Bank,164605020783961,6,2023-12-01,2024-05-31 23:59:59,4713.77,4017.21,12,0,reconciliation_analysis\2023\bank_statement_pdfs\ACC0078396_202312_202405_6M_statement.pdf,ISO20022_CAMT053_XML,reconciliation_analysis\2023\bank_statement_source_files\iso20022_camt053_xml\ACC0078396_202312_202405_6M_statement.xml
RECON-202312-ACC0078397-3M,ACC0078397,IND23009861,Keystone Retail Bank,160205010783973,3,2023-12-01,2024-02-29 23:59:59,6377.44,5853.61,7,0,reconciliation_analysis\2023\bank_statement_pdfs\ACC0078397_202312_202402_3M_statement.pdf,ISO20022_CAMT053_XML,reconciliation_analysis\2023\bank_statement_source_files\iso20022_camt053_xml\ACC0078397_202312_202402_3M_statement.xml
RECON-202312-ACC0078398-3M,ACC0078398,IND23001145,Keystone Retail Bank,470010030783988,3,2023-12-01,2024-02-29 23:59:59,7456.67,-17077.77,76,70,reconciliation_analysis\2023\bank_statement_pdfs\ACC0078398_202312_202402_3M_statement.pdf,ISO20022_CAMT053_XML,reconciliation_analysis\2023\bank_statement_source_files\iso20022_camt053_xml\ACC0078398_202312_202402_3M_statement.xml
RECON-202312-ACC0078399-3M,ACC0078399,IND23008612,Keystone Retail Bank,121317020783997,3,2023-12-01,2024-02-29 23:59:59,8620.8,-2341.64,51,47,reconciliation_analysis\2023\bank_statement_pdfs\ACC0078399_202312_202402_3M_statement.pdf,TXT,reconciliation_analysis\2023\bank_statement_source_files\txt\ACC0078399_202312_202402_3M_statement.txt
RECON-202312-ACC0078400-6M,ACC0078400,IND23004271,Keystone Retail Bank,060110270784003,6,2023-12-01,2024-05-31 23:59:59,8548.26,7897.82,12,0,reconciliation_analysis\2023\bank_statement_pdfs\ACC0078400_202312_202405_6M_statement.pdf,CSV,reconciliation_analysis\2023\bank_statement_source_files\csv\ACC0078400_202312_202405_6M_statement.csv
RECON-202312-ACC0078401-3M,ACC0078401,IND23008260,Keystone Retail Bank,168305280784018,3,2023-12-01,2024-02-29 23:59:59,17876.05,17603.35,6,0,reconciliation_analysis\2023\bank_statement_pdfs\ACC0078401_202312_202402_3M_statement.pdf,ISO20022_CAMT053_XML,reconciliation_analysis\2023\bank_statement_source_files\iso20022_camt053_xml\ACC0078401_202312_202402_3M_statement.xml
RECON-202312-ACC0078402-3M,ACC0078402,IND23003257,Keystone Retail Bank,018305280784024,3,2023-12-01,2024-02-29 23:59:59,4010.03,-37291.6,64,58,reconciliation_analysis\2023\bank_statement_pdfs\ACC0078402_202312_202402_3M_statement.pdf,ISO20022_CAMT053_XML,reconciliation_analysis\2023\bank_statement_source_files\iso20022_camt053_xml\ACC0078402_202312_202402_3M_statement.xml
RECON-202312-ACC0078403-6M,ACC0078403,IND23000880,Keystone Retail Bank,060210020784038,6,2023-12-01,2024-05-31 23:59:59,9363.14,8599.6,12,0,reconciliation_analysis\2023\bank_statement_pdfs\ACC0078403_202312_202405_6M_statement.pdf,CSV,reconciliation_analysis\2023\bank_statement_source_files\csv\ACC0078403_202312_202405_6M_statement.csv
RECON-202312-ACC0078404-3M,ACC0078404,IND23001989,Keystone Retail Bank,191705020784042,3,2023-12-01,2024-02-29 23:59:59,1180.63,-41176.57,70,66,reconciliation_analysis\2023\bank_statement_pdfs\ACC0078404_202312_202402_3M_statement.pdf,ISO20022_CAMT053_XML,reconciliation_analysis\2023\bank_statement_source_files\iso20022_camt053_xml\ACC0078404_202312_202402_3M_statement.xml
RECON-202312-ACC0078405-6M,ACC0078405,IND23006401,Keystone Retail Bank,250955280784053,6,2023-12-01,2024-05-31 23:59:59,6767.13,-25230.06,84,74,reconciliation_analysis\2023\bank_statement_pdfs\ACC0078405_202312_202405_6M_statement.pdf,ISO20022_CAMT053_XML,reconciliation_analysis\2023\bank_statement_source_files\iso20022_camt053_xml\ACC0078405_202312_202405_6M_statement.xml
RECON-202312-ACC0078406-3M,ACC0078406,IND23006401,Keystone Retail Bank,255355010784069,3,2023-12-01,2024-02-29 23:59:59,17257.84,16919.33,5,0,reconciliation_analysis\2023\bank_statement_pdfs\ACC0078406_202312_202402_3M_statement.pdf,ISO20022_CAMT053_XML,reconciliation_analysis\2023\bank_statement_source_files\iso20022_camt053_xml\ACC0078406_202312_202402_3M_statement.xml
RECON-202312-ACC0078407-3M,ACC0078407,IND23014602,Keystone Retail Bank,255005010784071,3,2023-12-01,2024-02-29 23:59:59,17502.29,17158.21,6,0,reconciliation_analysis\2023\bank_statement_pdfs\ACC0078407_202312_202402_3M_statement.pdf,ISO20022_CAMT053_XML,reconciliation_analysis\2023\bank_statement_source_files\iso20022_camt053_xml\ACC0078407_202312_202402_3M_statement.xml
RECON-202312-ACC0078408-3M,ACC0078408,IND23002313,Keystone Retail Bank,168205270784083,3,2023-12-01,2024-02-29 23:59:59,9825.87,-5280.94,77,71,reconciliation_analysis\2023\bank_statement_pdfs\ACC0078408_202312_202402_3M_statement.pdf,TXT,reconciliation_analysis\2023\bank_statement_source_files\txt\ACC0078408_202312_202402_3M_statement.txt
RECON-202312-ACC0078409-6M,ACC0078409,IND23007274,Keystone Retail Bank,051001270784095,6,2023-12-01,2024-05-31 23:59:59,2808.18,-14121.67,91,80,reconciliation_analysis\2023\bank_statement_pdfs\ACC0078409_202312_202405_6M_statement.pdf,CSV,reconciliation_analysis\2023\bank_statement_source_files\csv\ACC0078409_202312_202405_6M_statement.csv
RECON-202312-ACC0078410-3M,ACC0078410,IND23013307,Keystone Retail Bank,200305030784106,3,2023-12-01,2024-02-29 23:59:59,17476.42,17123.6,6,0,reconciliation_analysis\2023\bank_statement_pdfs\ACC0078410_202312_202402_3M_statement.pdf,CSV,reconciliation_analysis\2023\bank_statement_source_files\csv\ACC0078410_202312_202402_3M_statement.csv
RECON-202312-ACC0078411-3M,ACC0078411,IND23013915,Keystone Retail Bank,632005270784115,3,2023-12-01,2024-02-29 23:59:59,5380.81,-11891.3,65,61,reconciliation_analysis\2023\bank_statement_pdfs\ACC0078411_202312_202402_3M_statement.pdf,ISO20022_CAMT053_XML,reconciliation_analysis\2023\bank_statement_source_files\iso20022_camt053_xml\ACC0078411_202312_202402_3M_statement.xml
RECON-202312-ACC0078412-3M,ACC0078412,IND23002330,Keystone Retail Bank,200205280784126,3,2023-12-01,2024-02-29 23:59:59,597.97,-16318.72,67,62,reconciliation_analysis\2023\bank_statement_pdfs\ACC0078412_202312_202402_3M_statement.pdf,ISO20022_CAMT053_XML,reconciliation_analysis\2023\bank_statement_source_files\iso20022_camt053_xml\ACC0078412_202312_202402_3M_statement.xml
RECON-202312-ACC0078413-6M,ACC0078413,IND23005973,Keystone Retail Bank,242305030784135,6,2023-12-01,2024-05-31 23:59:59,4630.21,-31523.91,89,75,reconciliation_analysis\2023\bank_statement_pdfs\ACC0078413_202312_202405_6M_statement.pdf,ISO20022_CAMT053_XML,reconciliation_analysis\2023\bank_statement_source_files\iso20022_camt053_xml\ACC0078413_202312_202405_6M_statement.xml
RECON-202312-ACC0078414-6M,ACC0078414,IND23009362,Keystone Retail Bank,255355270784149,6,2023-12-01,2024-05-31 23:59:59,14428.12,-8168.82,86,73,reconciliation_analysis\2023\bank_statement_pdfs\ACC0078414_202312_202405_6M_statement.pdf,ISO20022_CAMT053_XML,reconciliation_analysis\2023\bank_statement_source_files\iso20022_camt053_xml\ACC0078414_202312_202405_6M_statement.xml
RECON-202312-ACC0078415-6M,ACC0078415,IND23007927,Keystone Retail Bank,200305010784153,6,2023-12-01,2024-05-31 23:59:59,2260.71,-13457.77,77,67,reconciliation_analysis\2023\bank_statement_pdfs\ACC0078415_202312_202405_6M_statement.pdf,ISO20022_CAMT053_XML,reconciliation_analysis\2023\bank_statement_source_files\iso20022_camt053_xml\ACC0078415_202312_202405_6M_statement.xml
RECON-202312-ACC0078417-3M,ACC0078417,IND23013193,Keystone Retail Bank,018305030784176,3,2023-12-01,2024-02-29 23:59:59,6418.38,-6849.72,74,70,reconciliation_analysis\2023\bank_statement_pdfs\ACC0078417_202312_202402_3M_statement.pdf,ISO20022_CAMT053_XML,reconciliation_analysis\2023\bank_statement_source_files\iso20022_camt053_xml\ACC0078417_202312_202402_3M_statement.xml
RECON-202312-ACC0078418-3M,ACC0078418,IND23005811,Keystone Retail Bank,150205020784187,3,2023-12-01,2024-02-29 23:59:59,8129.82,7872.72,6,0,reconciliation_analysis\2023\bank_statement_pdfs\ACC0078418_202312_202402_3M_statement.pdf,CSV,reconciliation_analysis\2023\bank_statement_source_files\csv\ACC0078418_202312_202402_3M_statement.csv
RECON-202312-ACC0078419-6M,ACC0078419,IND23003201,Keystone Retail Bank,198775010784198,6,2023-12-01,2024-05-31 23:59:59,7276.84,-19562.77,79,67,reconciliation_analysis\2023\bank_statement_pdfs\ACC0078419_202312_202405_6M_statement.pdf,TXT,reconciliation_analysis\2023\bank_statement_source_files\txt\ACC0078419_202312_202405_6M_statement.txt
RECON-202312-ACC0078420-6M,ACC0078420,IND23013364,Keystone Retail Bank,470010030784209,6,2023-12-01,2024-05-31 23:59:59,1125.7,-25814.61,80,69,reconciliation_analysis\2023\bank_statement_pdfs\ACC0078420_202312_202405_6M_statement.pdf,CSV,reconciliation_analysis\2023\bank_statement_source_files\csv\ACC0078420_202312_202405_6M_statement.csv
RECON-202312-ACC0078421-6M,ACC0078421,IND23006741,Keystone Retail Bank,164705030784217,6,2023-12-01,2024-05-31 23:59:59,1444.31,918.23,13,0,reconciliation_analysis\2023\bank_statement_pdfs\ACC0078421_202312_202405_6M_statement.pdf,TXT,reconciliation_analysis\2023\bank_statement_source_files\txt\ACC0078421_202312_202405_6M_statement.txt
RECON-202312-ACC0078422-6M,ACC0078422,IND23006741,Keystone Retail Bank,164605270784229,6,2023-12-01,2024-05-31 23:59:59,5566.76,4979.14,13,0,reconciliation_analysis\2023\bank_statement_pdfs\ACC0078422_202312_202405_6M_statement.pdf,ISO20022_CAMT053_XML,reconciliation_analysis\2023\bank_statement_source_files\iso20022_camt053_xml\ACC0078422_202312_202405_6M_statement.xml
RECON-202312-ACC0078423-3M,ACC0078423,IND23002396,Keystone Retail Bank,470010020784237,3,2023-12-01,2024-02-29 23:59:59,5121.12,-21673.53,86,81,reconciliation_analysis\2023\bank_statement_pdfs\ACC0078423_202312_202402_3M_statement.pdf,ISO20022_CAMT053_XML,reconciliation_analysis\2023\bank_statement_source_files\iso20022_camt053_xml\ACC0078423_202312_202402_3M_statement.xml
RECON-202312-ACC0078424-3M,ACC0078424,IND23009987,Keystone Retail Bank,463105030784246,3,2023-12-01,2024-02-29 23:59:59,1343.04,-15324.54,70,66,reconciliation_analysis\2023\bank_statement_pdfs\ACC0078424_202312_202402_3M_statement.pdf,CSV,reconciliation_analysis\2023\bank_statement_source_files\csv\ACC0078424_202312_202402_3M_statement.csv
RECON-202312-ACC0078425-3M,ACC0078425,IND23010539,Keystone Retail Bank,195205010784255,3,2023-12-01,2024-02-29 23:59:59,9188.78,8763.07,5,0,reconciliation_analysis\2023\bank_statement_pdfs\ACC0078425_202312_202402_3M_statement.pdf,ISO20022_CAMT053_XML,reconciliation_analysis\2023\bank_statement_source_files\iso20022_camt053_xml\ACC0078425_202312_202402_3M_statement.xml
RECON-202312-ACC0078426-6M,ACC0078426,IND23000480,Keystone Retail Bank,280505020784269,6,2023-12-01,2024-05-31 23:59:59,9915.77,-17139.57,83,69,reconciliation_analysis\2023\bank_statement_pdfs\ACC0078426_202312_202405_6M_statement.pdf,ISO20022_CAMT053_XML,reconciliation_analysis\2023\bank_statement_source_files\iso20022_camt053_xml\ACC0078426_202312_202405_6M_statement.xml
RECON-202312-ACC0078427-6M,ACC0078427,IND23006270,Keystone Retail Bank,180305030784271,6,2023-12-01,2024-05-31 23:59:59,13316.65,12417.51,13,0,reconciliation_analysis\2023\bank_statement_pdfs\ACC0078427_202312_202405_6M_statement.pdf,CSV,reconciliation_analysis\2023\bank_statement_source_files\csv\ACC0078427_202312_202405_6M_statement.csv
RECON-202312-ACC0078428-6M,ACC0078428,IND23005429,Keystone Retail Bank,270555280784288,6,2023-12-01,2024-05-31 23:59:59,8543.11,-11186.48,70,60,reconciliation_analysis\2023\bank_statement_pdfs\ACC0078428_202312_202405_6M_statement.pdf,ISO20022_CAMT053_XML,reconciliation_analysis\2023\bank_statement_source_files\iso20022_camt053_xml\ACC0078428_202312_202405_6M_statement.xml
RECON-202312-ACC0078429-6M,ACC0078429,IND23005348,Keystone Retail Bank,231805030784295,6,2023-12-01,2024-05-31 23:59:59,5325.54,-9156.8,88,77,reconciliation_analysis\2023\bank_statement_pdfs\ACC0078429_202312_202405_6M_statement.pdf,CSV,reconciliation_analysis\2023\bank_statement_source_files\csv\ACC0078429_202312_202405_6M_statement.csv
RECON-202312-ACC0078430-3M,ACC0078430,IND23001724,Keystone Retail Bank,255355270784309,3,2023-12-01,2024-02-29 23:59:59,11135.73,11019.57,4,0,reconciliation_analysis\2023\bank_statement_pdfs\ACC0078430_202312_202402_3M_statement.pdf,ISO20022_CAMT053_XML,reconciliation_analysis\2023\bank_statement_source_files\iso20022_camt053_xml\ACC0078430_202312_202402_3M_statement.xml
RECON-202312-ACC0078431-3M,ACC0078431,IND23014307,Keystone Retail Bank,470010270784318,3,2023-12-01,2024-02-29 23:59:59,1981.21,-18605.88,60,53,reconciliation_analysis\2023\bank_statement_pdfs\ACC0078431_202312_202402_3M_statement.pdf,CSV,reconciliation_analysis\2023\bank_statement_source_files\csv\ACC0078431_202312_202402_3M_statement.csv
RECON-202312-ACC0078432-3M,ACC0078432,IND23014388,Keystone Retail Bank,051001010784326,3,2023-12-01,2024-02-29 23:59:59,7496.96,-10342.94,49,44,reconciliation_analysis\2023\bank_statement_pdfs\ACC0078432_202312_202402_3M_statement.pdf,ISO20022_CAMT053_XML,reconciliation_analysis\2023\bank_statement_source_files\iso20022_camt053_xml\ACC0078432_202312_202402_3M_statement.xml
RECON-202312-ACC0078433-3M,ACC0078433,IND23014530,Keystone Retail Bank,510255010784335,3,2023-12-01,2024-02-29 23:59:59,13547.51,15200.36,7,0,reconciliation_analysis\2023\bank_statement_pdfs\ACC0078433_202312_202402_3M_statement.pdf,CSV,reconciliation_analysis\2023\bank_statement_source_files\csv\ACC0078433_202312_202402_3M_statement.csv
RECON-202312-ACC0078434-6M,ACC0078434,IND23011444,Keystone Retail Bank,160105270784348,6,2023-12-01,2024-05-31 23:59:59,12004.58,-21660.16,85,74,reconciliation_analysis\2023\bank_statement_pdfs\ACC0078434_202312_202405_6M_statement.pdf,CSV,reconciliation_analysis\2023\bank_statement_source_files\csv\ACC0078434_202312_202405_6M_statement.csv
RECON-202312-ACC0078435-3M,ACC0078435,IND23013389,Keystone Retail Bank,180305270784353,3,2023-12-01,2024-02-29 23:59:59,7791.68,-9796.91,77,73,reconciliation_analysis\2023\bank_statement_pdfs\ACC0078435_202312_202402_3M_statement.pdf,TXT,reconciliation_analysis\2023\bank_statement_source_files\txt\ACC0078435_202312_202402_3M_statement.txt
RECON-202312-ACC0078436-6M,ACC0078436,IND23005830,Keystone Retail Bank,191705280784364,6,2023-12-01,2024-05-31 23:59:59,11538.9,1341.26,77,67,reconciliation_analysis\2023\bank_statement_pdfs\ACC0078436_202312_202405_6M_statement.pdf,ISO20022_CAMT053_XML,reconciliation_analysis\2023\bank_statement_source_files\iso20022_camt053_xml\ACC0078436_202312_202405_6M_statement.xml
RECON-202312-ACC0078437-6M,ACC0078437,IND23006443,Keystone Retail Bank,204109010784377,6,2023-12-01,2024-05-31 23:59:59,11102.92,4145.63,47,36,reconciliation_analysis\2023\bank_statement_pdfs\ACC0078437_202312_202405_6M_statement.pdf,TXT,reconciliation_analysis\2023\bank_statement_source_files\txt\ACC0078437_202312_202405_6M_statement.txt
RECON-202312-ACC0078438-3M,ACC0078438,IND23014516,Keystone Retail Bank,018305020784382,3,2023-12-01,2024-02-29 23:59:59,3367.63,-7644.12,44,38,reconciliation_analysis\2023\bank_statement_pdfs\ACC0078438_202312_202402_3M_statement.pdf,ISO20022_CAMT053_XML,reconciliation_analysis\2023\bank_statement_source_files\iso20022_camt053_xml\ACC0078438_202312_202402_3M_statement.xml
RECON-202312-ACC0078439-3M,ACC0078439,IND23012785,Keystone Retail Bank,020909010784397,3,2023-12-01,2024-02-29 23:59:59,13887.14,-445.13,54,49,reconciliation_analysis\2023\bank_statement_pdfs\ACC0078439_202312_202402_3M_statement.pdf,ISO20022_CAMT053_XML,reconciliation_analysis\2023\bank_statement_source_files\iso20022_camt053_xml\ACC0078439_202312_202402_3M_statement.xml
RECON-202312-ACC0078440-3M,ACC0078440,IND23012526,Keystone Retail Bank,463005020784408,3,2023-12-01,2024-02-29 23:59:59,6064.38,5749.3,8,0,reconciliation_analysis\2023\bank_statement_pdfs\ACC0078440_202312_202402_3M_statement.pdf,TXT,reconciliation_analysis\2023\bank_statement_source_files\txt\ACC0078440_202312_202402_3M_statement.txt
RECON-202312-ACC0078441-3M,ACC0078441,IND23012381,Keystone Retail Bank,231805010784411,3,2023-12-01,2024-02-29 23:59:59,11644.12,11293.72,5,0,reconciliation_analysis\2023\bank_statement_pdfs\ACC0078441_202312_202402_3M_statement.pdf,CSV,reconciliation_analysis\2023\bank_statement_source_files\csv\ACC0078441_202312_202402_3M_statement.csv
RECON-202312-ACC0078442-6M,ACC0078442,IND23012381,Keystone Retail Bank,231705280784420,6,2023-12-01,2024-05-31 23:59:59,8195.27,7458.42,12,0,reconciliation_analysis\2023\bank_statement_pdfs\ACC0078442_202312_202405_6M_statement.pdf,ISO20022_CAMT053_XML,reconciliation_analysis\2023\bank_statement_source_files\iso20022_camt053_xml\ACC0078442_202312_202405_6M_statement.xml
RECON-202312-ACC0078443-6M,ACC0078443,IND23006733,Keystone Retail Bank,632005030784435,6,2023-12-01,2024-05-31 23:59:59,10492.13,9860.9,11,0,reconciliation_analysis\2023\bank_statement_pdfs\ACC0078443_202312_202405_6M_statement.pdf,ISO20022_CAMT053_XML,reconciliation_analysis\2023\bank_statement_source_files\iso20022_camt053_xml\ACC0078443_202312_202405_6M_statement.xml
RECON-202312-ACC0078444-6M,ACC0078444,IND23004685,Keystone Retail Bank,261050280784447,6,2023-12-01,2024-05-31 23:59:59,2804.67,-19665.47,66,53,reconciliation_analysis\2023\bank_statement_pdfs\ACC0078444_202312_202405_6M_statement.pdf,CSV,reconciliation_analysis\2023\bank_statement_source_files\csv\ACC0078444_202312_202405_6M_statement.csv
RECON-202312-ACC0078445-3M,ACC0078445,IND23006866,Keystone Retail Bank,051001010784451,3,2023-12-01,2024-02-29 23:59:59,8055.38,7788.99,5,0,reconciliation_analysis\2023\bank_statement_pdfs\ACC0078445_202312_202402_3M_statement.pdf,ISO20022_CAMT053_XML,reconciliation_analysis\2023\bank_statement_source_files\iso20022_camt053_xml\ACC0078445_202312_202402_3M_statement.xml
RECON-202312-ACC0078446-3M,ACC0078446,IND23012372,Keystone Retail Bank,221526030784463,3,2023-12-01,2024-02-29 23:59:59,10521.66,10299.38,7,0,reconciliation_analysis\2023\bank_statement_pdfs\ACC0078446_202312_202402_3M_statement.pdf,CSV,reconciliation_analysis\2023\bank_statement_source_files\csv\ACC0078446_202312_202402_3M_statement.csv
RECON-202312-ACC0078447-3M,ACC0078447,IND23008843,Keystone Retail Bank,250955280784473,3,2023-12-01,2024-02-29 23:59:59,11237.6,-17181.93,76,70,reconciliation_analysis\2023\bank_statement_pdfs\ACC0078447_202312_202402_3M_statement.pdf,ISO20022_CAMT053_XML,reconciliation_analysis\2023\bank_statement_source_files\iso20022_camt053_xml\ACC0078447_202312_202402_3M_statement.xml
RECON-202312-ACC0078448-6M,ACC0078448,IND23011773,Keystone Retail Bank,280605280784482,6,2023-12-01,2024-05-31 23:59:59,12851.49,-8876.93,93,83,reconciliation_analysis\2023\bank_statement_pdfs\ACC0078448_202312_202405_6M_statement.pdf,CSV,reconciliation_analysis\2023\bank_statement_source_files\csv\ACC0078448_202312_202405_6M_statement.csv
RECON-202312-ACC0078449-3M,ACC0078449,IND23003580,Keystone Retail Bank,018305030784498,3,2023-12-01,2024-02-29 23:59:59,6159.39,-11882.04,81,75,reconciliation_analysis\2023\bank_statement_pdfs\ACC0078449_202312_202402_3M_statement.pdf,ISO20022_CAMT053_XML,reconciliation_analysis\2023\bank_statement_source_files\iso20022_camt053_xml\ACC0078449_202312_202402_3M_statement.xml
RECON-202312-ACC0078450-3M,ACC0078450,IND23001097,Keystone Retail Bank,164705280784503,3,2023-12-01,2024-02-29 23:59:59,8705.13,-30071.64,67,61,reconciliation_analysis\2023\bank_statement_pdfs\ACC0078450_202312_202402_3M_statement.pdf,ISO20022_CAMT053_XML,reconciliation_analysis\2023\bank_statement_source_files\iso20022_camt053_xml\ACC0078450_202312_202402_3M_statement.xml
RECON-202312-ACC0078451-6M,ACC0078451,IND23001097,Keystone Retail Bank,164705030784511,6,2023-12-01,2024-05-31 23:59:59,16701.04,15884.6,15,0,reconciliation_analysis\2023\bank_statement_pdfs\ACC0078451_202312_202405_6M_statement.pdf,CSV,reconciliation_analysis\2023\bank_statement_source_files\csv\ACC0078451_202312_202405_6M_statement.csv
RECON-202312-ACC0078452-6M,ACC0078452,IND23011725,Keystone Retail Bank,025009030784527,6,2023-12-01,2024-05-31 23:59:59,11805.87,11608.21,11,0,reconciliation_analysis\2023\bank_statement_pdfs\ACC0078452_202312_202405_6M_statement.pdf,ISO20022_CAMT053_XML,reconciliation_analysis\2023\bank_statement_source_files\iso20022_camt053_xml\ACC0078452_202312_202405_6M_statement.xml
RECON-202312-ACC0078453-6M,ACC0078453,IND23014813,Keystone Retail Bank,632005280784534,6,2023-12-01,2024-05-31 23:59:59,8940.49,8204.0,12,0,reconciliation_analysis\2023\bank_statement_pdfs\ACC0078453_202312_202405_6M_statement.pdf,ISO20022_CAMT053_XML,reconciliation_analysis\2023\bank_statement_source_files\iso20022_camt053_xml\ACC0078453_202312_202405_6M_statement.xml
RECON-202312-ACC0078454-6M,ACC0078454,IND23004731,Keystone Retail Bank,231705030784545,6,2023-12-01,2024-05-31 23:59:59,1668.8,-23976.01,83,70,reconciliation_analysis\2023\bank_statement_pdfs\ACC0078454_202312_202405_6M_statement.pdf,CSV,reconciliation_analysis\2023\bank_statement_source_files\csv\ACC0078454_202312_202405_6M_statement.csv
RECON-202312-ACC0078455-3M,ACC0078455,IND23012248,Keystone Retail Bank,164605280784559,3,2023-12-01,2024-02-29 23:59:59,5342.36,-14457.36,67,65,reconciliation_analysis\2023\bank_statement_pdfs\ACC0078455_202312_202402_3M_statement.pdf,TXT,reconciliation_analysis\2023\bank_statement_source_files\txt\ACC0078455_202312_202402_3M_statement.txt
RECON-202312-ACC0078456-6M,ACC0078456,IND23013309,Keystone Retail Bank,463105280784569,6,2023-12-01,2024-05-31 23:59:59,3595.44,3136.52,12,0,reconciliation_analysis\2023\bank_statement_pdfs\ACC0078456_202312_202405_6M_statement.pdf,TXT,reconciliation_analysis\2023\bank_statement_source_files\txt\ACC0078456_202312_202405_6M_statement.txt
RECON-202312-ACC0078457-3M,ACC0078457,IND23009192,Keystone Retail Bank,204109280784572,3,2023-12-01,2024-02-29 23:59:59,949.39,-33312.54,72,67,reconciliation_analysis\2023\bank_statement_pdfs\ACC0078457_202312_202402_3M_statement.pdf,CSV,reconciliation_analysis\2023\bank_statement_source_files\csv\ACC0078457_202312_202402_3M_statement.csv
RECON-202312-ACC0078458-6M,ACC0078458,IND23014206,Keystone Retail Bank,140505030784586,6,2023-12-01,2024-05-31 23:59:59,718.61,-19656.65,65,53,reconciliation_analysis\2023\bank_statement_pdfs\ACC0078458_202312_202405_6M_statement.pdf,CSV,reconciliation_analysis\2023\bank_statement_source_files\csv\ACC0078458_202312_202405_6M_statement.csv
RECON-202312-ACC0078460-6M,ACC0078460,IND23003774,Keystone Retail Bank,050210270784601,6,2023-12-01,2024-05-31 23:59:59,7730.54,7135.5,15,0,reconciliation_analysis\2023\bank_statement_pdfs\ACC0078460_202312_202405_6M_statement.pdf,TXT,reconciliation_analysis\2023\bank_statement_source_files\txt\ACC0078460_202312_202405_6M_statement.txt
RECON-202312-ACC0078461-3M,ACC0078461,IND23005424,Keystone Retail Bank,050910010784613,3,2023-12-01,2024-02-29 23:59:59,13228.49,-635.93,70,63,reconciliation_analysis\2023\bank_statement_pdfs\ACC0078461_202312_202402_3M_statement.pdf,CSV,reconciliation_analysis\2023\bank_statement_source_files\csv\ACC0078461_202312_202402_3M_statement.csv
RECON-202312-ACC0078462-6M,ACC0078462,IND23012854,Keystone Retail Bank,204109030784624,6,2023-12-01,2024-05-31 23:59:59,14222.93,-28541.05,83,71,reconciliation_analysis\2023\bank_statement_pdfs\ACC0078462_202312_202405_6M_statement.pdf,ISO20022_CAMT053_XML,reconciliation_analysis\2023\bank_statement_source_files\iso20022_camt053_xml\ACC0078462_202312_202405_6M_statement.xml
RECON-202312-ACC0078463-3M,ACC0078463,IND23004087,Keystone Retail Bank,261550010784630,3,2023-12-01,2024-02-29 23:59:59,6057.85,5863.84,5,0,reconciliation_analysis\2023\bank_statement_pdfs\ACC0078463_202312_202402_3M_statement.pdf,CSV,reconciliation_analysis\2023\bank_statement_source_files\csv\ACC0078463_202312_202402_3M_statement.csv
RECON-202312-ACC0078464-3M,ACC0078464,IND23014713,Keystone Retail Bank,217805010784644,3,2023-12-01,2024-02-29 23:59:59,11988.79,-12111.61,50,46,reconciliation_analysis\2023\bank_statement_pdfs\ACC0078464_202312_202402_3M_statement.pdf,CSV,reconciliation_analysis\2023\bank_statement_source_files\csv\ACC0078464_202312_202402_3M_statement.csv
RECON-202312-ACC0078465-6M,ACC0078465,IND23011883,Keystone Retail Bank,195205020784656,6,2023-12-01,2024-05-31 23:59:59,16438.41,15880.63,10,0,reconciliation_analysis\2023\bank_statement_pdfs\ACC0078465_202312_202405_6M_statement.pdf,ISO20022_CAMT053_XML,reconciliation_analysis\2023\bank_statement_source_files\iso20022_camt053_xml\ACC0078465_202312_202405_6M_statement.xml
RECON-202312-ACC0078466-6M,ACC0078466,IND23007710,Keystone Retail Bank,261050020784661,6,2023-12-01,2024-05-31 23:59:59,7375.61,6745.07,14,0,reconciliation_analysis\2023\bank_statement_pdfs\ACC0078466_202312_202405_6M_statement.pdf,CSV,reconciliation_analysis\2023\bank_statement_source_files\csv\ACC0078466_202312_202405_6M_statement.csv
RECON-202312-ACC0078467-3M,ACC0078467,IND23011599,Keystone Retail Bank,168205020784671,3,2023-12-01,2024-02-29 23:59:59,6206.33,5856.45,7,0,reconciliation_analysis\2023\bank_statement_pdfs\ACC0078467_202312_202402_3M_statement.pdf,TXT,reconciliation_analysis\2023\bank_statement_source_files\txt\ACC0078467_202312_202402_3M_statement.txt
RECON-202312-ACC0078468-3M,ACC0078468,IND23011214,Keystone Retail Bank,510255270784684,3,2023-12-01,2024-02-29 23:59:59,3817.89,3535.93,4,0,reconciliation_analysis\2023\bank_statement_pdfs\ACC0078468_202312_202402_3M_statement.pdf,ISO20022_CAMT053_XML,reconciliation_analysis\2023\bank_statement_source_files\iso20022_camt053_xml\ACC0078468_202312_202402_3M_statement.xml
RECON-202312-ACC0078469-6M,ACC0078469,IND23009529,Keystone Retail Bank,121417020784691,6,2023-12-01,2024-05-31 23:59:59,14638.53,14327.79,11,0,reconciliation_analysis\2023\bank_statement_pdfs\ACC0078469_202312_202405_6M_statement.pdf,ISO20022_CAMT053_XML,reconciliation_analysis\2023\bank_statement_source_files\iso20022_camt053_xml\ACC0078469_202312_202405_6M_statement.xml
RECON-202312-ACC0078470-3M,ACC0078470,IND23011893,Keystone Retail Bank,050910030784700,3,2023-12-01,2024-02-29 23:59:59,11979.34,-7477.41,85,79,reconciliation_analysis\2023\bank_statement_pdfs\ACC0078470_202312_202402_3M_statement.pdf,TXT,reconciliation_analysis\2023\bank_statement_source_files\txt\ACC0078470_202312_202402_3M_statement.txt
RECON-202312-ACC0078471-6M,ACC0078471,IND23014065,Keystone Retail Bank,255005280784712,6,2023-12-01,2024-05-31 23:59:59,7629.29,8715.48,11,0,reconciliation_analysis\2023\bank_statement_pdfs\ACC0078471_202312_202405_6M_statement.pdf,TXT,reconciliation_analysis\2023\bank_statement_source_files\txt\ACC0078471_202312_202405_6M_statement.txt
RECON-202312-ACC0078472-6M,ACC0078472,IND23000739,Keystone Retail Bank,060210020784725,6,2023-12-01,2024-05-31 23:59:59,5295.37,-33415.28,80,69,reconciliation_analysis\2023\bank_statement_pdfs\ACC0078472_202312_202405_6M_statement.pdf,ISO20022_CAMT053_XML,reconciliation_analysis\2023\bank_statement_source_files\iso20022_camt053_xml\ACC0078472_202312_202405_6M_statement.xml
RECON-202312-ACC0078473-3M,ACC0078473,IND23007824,Keystone Retail Bank,050310020784734,3,2023-12-01,2024-02-29 23:59:59,15863.7,15741.78,4,0,reconciliation_analysis\2023\bank_statement_pdfs\ACC0078473_202312_202402_3M_statement.pdf,ISO20022_CAMT053_XML,reconciliation_analysis\2023\bank_statement_source_files\iso20022_camt053_xml\ACC0078473_202312_202402_3M_statement.xml
RECON-202312-ACC0078474-6M,ACC0078474,IND23003499,Keystone Retail Bank,025009280784742,6,2023-12-01,2024-05-31 23:59:59,5270.37,4676.61,11,0,reconciliation_analysis\2023\bank_statement_pdfs\ACC0078474_202312_202405_6M_statement.pdf,CSV,reconciliation_analysis\2023\bank_statement_source_files\csv\ACC0078474_202312_202405_6M_statement.csv
RECON-202312-ACC0078475-6M,ACC0078475,IND23004274,Keystone Retail Bank,198765030784750,6,2023-12-01,2024-05-31 23:59:59,12555.19,11683.58,14,0,reconciliation_analysis\2023\bank_statement_pdfs\ACC0078475_202312_202405_6M_statement.pdf,ISO20022_CAMT053_XML,reconciliation_analysis\2023\bank_statement_source_files\iso20022_camt053_xml\ACC0078475_202312_202405_6M_statement.xml
RECON-202312-ACC0078476-6M,ACC0078476,IND23013085,Keystone Retail Bank,025009270784761,6,2023-12-01,2024-05-31 23:59:59,16350.04,16014.17,8,0,reconciliation_analysis\2023\bank_statement_pdfs\ACC0078476_202312_202405_6M_statement.pdf,ISO20022_CAMT053_XML,reconciliation_analysis\2023\bank_statement_source_files\iso20022_camt053_xml\ACC0078476_202312_202405_6M_statement.xml
RECON-202312-ACC0078477-3M,ACC0078477,IND23000367,Keystone Retail Bank,280505010784779,3,2023-12-01,2024-02-29 23:59:59,2330.13,-4282.49,46,40,reconciliation_analysis\2023\bank_statement_pdfs\ACC0078477_202312_202402_3M_statement.pdf,CSV,reconciliation_analysis\2023\bank_statement_source_files\csv\ACC0078477_202312_202402_3M_statement.csv
RECON-202312-ACC0078478-3M,ACC0078478,IND23008996,Keystone Retail Bank,150205020784785,3,2023-12-01,2024-02-29 23:59:59,3459.25,3012.31,7,0,reconciliation_analysis\2023\bank_statement_pdfs\ACC0078478_202312_202402_3M_statement.pdf,CSV,reconciliation_analysis\2023\bank_statement_source_files\csv\ACC0078478_202312_202402_3M_statement.csv
RECON-202312-ACC0078479-6M,ACC0078479,IND23005269,Keystone Retail Bank,280605280784795,6,2023-12-01,2024-05-31 23:59:59,3377.13,-7715.38,69,60,reconciliation_analysis\2023\bank_statement_pdfs\ACC0078479_202312_202405_6M_statement.pdf,ISO20022_CAMT053_XML,reconciliation_analysis\2023\bank_statement_source_files\iso20022_camt053_xml\ACC0078479_202312_202405_6M_statement.xml
RECON-202312-ACC0078480-3M,ACC0078480,IND23007378,Keystone Retail Bank,210805270784808,3,2023-12-01,2024-02-29 23:59:59,2982.44,-16953.33,85,79,reconciliation_analysis\2023\bank_statement_pdfs\ACC0078480_202312_202402_3M_statement.pdf,ISO20022_CAMT053_XML,reconciliation_analysis\2023\bank_statement_source_files\iso20022_camt053_xml\ACC0078480_202312_202402_3M_statement.xml
RECON-202312-ACC0078481-6M,ACC0078481,IND23004387,Keystone Retail Bank,160205280784819,6,2023-12-01,2024-05-31 23:59:59,8605.36,-13381.32,84,72,reconciliation_analysis\2023\bank_statement_pdfs\ACC0078481_202312_202405_6M_statement.pdf,CSV,reconciliation_analysis\2023\bank_statement_source_files\csv\ACC0078481_202312_202405_6M_statement.csv
RECON-202312-ACC0078482-3M,ACC0078482,IND23014004,Keystone Retail Bank,463005030784827,3,2023-12-01,2024-02-29 23:59:59,2772.13,-10943.3,65,60,reconciliation_analysis\2023\bank_statement_pdfs\ACC0078482_202312_202402_3M_statement.pdf,CSV,reconciliation_analysis\2023\bank_statement_source_files\csv\ACC0078482_202312_202402_3M_statement.csv
RECON-202312-ACC0078483-6M,ACC0078483,IND23000726,Keystone Retail Bank,249305010784839,6,2023-12-01,2024-05-31 23:59:59,10587.25,-1441.72,81,70,reconciliation_analysis\2023\bank_statement_pdfs\ACC0078483_202312_202405_6M_statement.pdf,CSV,reconciliation_analysis\2023\bank_statement_source_files\csv\ACC0078483_202312_202405_6M_statement.csv
RECON-202312-ACC0078484-3M,ACC0078484,IND23013157,Keystone Retail Bank,632005270784848,3,2023-12-01,2024-02-29 23:59:59,5096.13,4781.03,5,0,reconciliation_analysis\2023\bank_statement_pdfs\ACC0078484_202312_202402_3M_statement.pdf,TXT,reconciliation_analysis\2023\bank_statement_source_files\txt\ACC0078484_202312_202402_3M_statement.txt
RECON-202312-ACC0078485-6M,ACC0078485,IND23009614,Keystone Retail Bank,195105280784853,6,2023-12-01,2024-05-31 23:59:59,2269.26,1782.61,9,0,reconciliation_analysis\2023\bank_statement_pdfs\ACC0078485_202312_202405_6M_statement.pdf,TXT,reconciliation_analysis\2023\bank_statement_source_files\txt\ACC0078485_202312_202405_6M_statement.txt
RECON-202312-ACC0078486-3M,ACC0078486,IND23007906,Keystone Retail Bank,164605280784862,3,2023-12-01,2024-02-29 23:59:59,4252.06,-24924.18,76,70,reconciliation_analysis\2023\bank_statement_pdfs\ACC0078486_202312_202402_3M_statement.pdf,ISO20022_CAMT053_XML,reconciliation_analysis\2023\bank_statement_source_files\iso20022_camt053_xml\ACC0078486_202312_202402_3M_statement.xml
RECON-202312-ACC0078487-3M,ACC0078487,IND23000083,Keystone Retail Bank,172005270784871,3,2023-12-01,2024-02-29 23:59:59,9469.07,-1599.98,54,49,reconciliation_analysis\2023\bank_statement_pdfs\ACC0078487_202312_202402_3M_statement.pdf,CSV,reconciliation_analysis\2023\bank_statement_source_files\csv\ACC0078487_202312_202402_3M_statement.csv
RECON-202312-ACC0078488-3M,ACC0078488,IND23002792,Keystone Retail Bank,221526010784885,3,2023-12-01,2024-02-29 23:59:59,13311.96,14319.56,7,0,reconciliation_analysis\2023\bank_statement_pdfs\ACC0078488_202312_202402_3M_statement.pdf,CSV,reconciliation_analysis\2023\bank_statement_source_files\csv\ACC0078488_202312_202402_3M_statement.csv
RECON-202312-ACC0078489-3M,ACC0078489,IND23012153,Keystone Retail Bank,125405270784894,3,2023-12-01,2024-02-29 23:59:59,16170.06,15619.87,5,0,reconciliation_analysis\2023\bank_statement_pdfs\ACC0078489_202312_202402_3M_statement.pdf,TXT,reconciliation_analysis\2023\bank_statement_source_files\txt\ACC0078489_202312_202402_3M_statement.txt
RECON-202312-ACC0078490-3M,ACC0078490,IND23005281,Keystone Retail Bank,198775020784900,3,2023-12-01,2024-02-29 23:59:59,13498.45,170.57,66,59,reconciliation_analysis\2023\bank_statement_pdfs\ACC0078490_202312_202402_3M_statement.pdf,ISO20022_CAMT053_XML,reconciliation_analysis\2023\bank_statement_source_files\iso20022_camt053_xml\ACC0078490_202312_202402_3M_statement.xml
RECON-202312-ACC0078491-6M,ACC0078491,IND23003047,Keystone Retail Bank,249305280784918,6,2023-12-01,2024-05-31 23:59:59,1239.5,664.01,10,0,reconciliation_analysis\2023\bank_statement_pdfs\ACC0078491_202312_202405_6M_statement.pdf,TXT,reconciliation_analysis\2023\bank_statement_source_files\txt\ACC0078491_202312_202405_6M_statement.txt
RECON-202312-ACC0078492-6M,ACC0078492,IND23007869,Keystone Retail Bank,198765280784920,6,2023-12-01,2024-05-31 23:59:59,5042.17,-6773.83,59,48,reconciliation_analysis\2023\bank_statement_pdfs\ACC0078492_202312_202405_6M_statement.pdf,CSV,reconciliation_analysis\2023\bank_statement_source_files\csv\ACC0078492_202312_202405_6M_statement.csv
RECON-202312-ACC0078493-6M,ACC0078493,IND23010959,Keystone Retail Bank,235205010784937,6,2023-12-01,2024-05-31 23:59:59,17156.65,16634.24,12,0,reconciliation_analysis\2023\bank_statement_pdfs\ACC0078493_202312_202405_6M_statement.pdf,CSV,reconciliation_analysis\2023\bank_statement_source_files\csv\ACC0078493_202312_202405_6M_statement.csv
RECON-202312-ACC0078494-3M,ACC0078494,IND23006959,Keystone Retail Bank,018505270784943,3,2023-12-01,2024-02-29 23:59:59,11197.6,-10561.67,82,78,reconciliation_analysis\2023\bank_statement_pdfs\ACC0078494_202312_202402_3M_statement.pdf,ISO20022_CAMT053_XML,reconciliation_analysis\2023\bank_statement_source_files\iso20022_camt053_xml\ACC0078494_202312_202402_3M_statement.xml
RECON-202312-ACC0078495-6M,ACC0078495,IND23001965,Keystone Retail Bank,204109270784957,6,2023-12-01,2024-05-31 23:59:59,5494.65,-17967.06,78,69,reconciliation_analysis\2023\bank_statement_pdfs\ACC0078495_202312_202405_6M_statement.pdf,ISO20022_CAMT053_XML,reconciliation_analysis\2023\bank_statement_source_files\iso20022_camt053_xml\ACC0078495_202312_202405_6M_statement.xml
RECON-202312-ACC0078496-3M,ACC0078496,IND23009852,Keystone Retail Bank,134705010784963,3,2023-12-01,2024-02-29 23:59:59,11080.74,10763.58,5,0,reconciliation_analysis\2023\bank_statement_pdfs\ACC0078496_202312_202402_3M_statement.pdf,ISO20022_CAMT053_XML,reconciliation_analysis\2023\bank_statement_source_files\iso20022_camt053_xml\ACC0078496_202312_202402_3M_statement.xml
RECON-202312-ACC0078497-3M,ACC0078497,IND23005756,Keystone Retail Bank,255355030784978,3,2023-12-01,2024-02-29 23:59:59,2010.56,-20852.61,71,68,reconciliation_analysis\2023\bank_statement_pdfs\ACC0078497_202312_202402_3M_statement.pdf,TXT,reconciliation_analysis\2023\bank_statement_source_files\txt\ACC0078497_202312_202402_3M_statement.txt
RECON-202312-ACC0078499-3M,ACC0078499,IND23008164,Keystone Retail Bank,168205270784994,3,2023-12-01,2024-02-29 23:59:59,2147.93,1923.34,5,0,reconciliation_analysis\2023\bank_statement_pdfs\ACC0078499_202312_202402_3M_statement.pdf,CSV,reconciliation_analysis\2023\bank_statement_source_files\csv\ACC0078499_202312_202402_3M_statement.csv
RECON-202312-ACC0078500-3M,ACC0078500,IND23008164,Keystone Retail Bank,168305280785008,3,2023-12-01,2024-02-29 23:59:59,6097.61,5894.66,4,0,reconciliation_analysis\2023\bank_statement_pdfs\ACC0078500_202312_202402_3M_statement.pdf,ISO20022_CAMT053_XML,reconciliation_analysis\2023\bank_statement_source_files\iso20022_camt053_xml\ACC0078500_202312_202402_3M_statement.xml
RECON-202312-ACC0078501-3M,ACC0078501,IND23014330,Keystone Retail Bank,180305280785011,3,2023-12-01,2024-02-29 23:59:59,17753.48,17197.2,7,0,reconciliation_analysis\2023\bank_statement_pdfs\ACC0078501_202312_202402_3M_statement.pdf,TXT,reconciliation_analysis\2023\bank_statement_source_files\txt\ACC0078501_202312_202402_3M_statement.txt
RECON-202312-ACC0078502-3M,ACC0078502,IND23014135,Keystone Retail Bank,060110270785020,3,2023-12-01,2024-02-29 23:59:59,15057.87,14690.05,7,0,reconciliation_analysis\2023\bank_statement_pdfs\ACC0078502_202312_202402_3M_statement.pdf,ISO20022_CAMT053_XML,reconciliation_analysis\2023\bank_statement_source_files\iso20022_camt053_xml\ACC0078502_202312_202402_3M_statement.xml
RECON-202312-ACC0078503-6M,ACC0078503,IND23007605,Keystone Retail Bank,012345030785035,6,2023-12-01,2024-05-31 23:59:59,13926.13,-20851.52,91,78,reconciliation_analysis\2023\bank_statement_pdfs\ACC0078503_202312_202405_6M_statement.pdf,ISO20022_CAMT053_XML,reconciliation_analysis\2023\bank_statement_source_files\iso20022_camt053_xml\ACC0078503_202312_202405_6M_statement.xml
RECON-202312-ACC0078504-3M,ACC0078504,IND23002647,Keystone Retail Bank,195205010785049,3,2023-12-01,2024-02-29 23:59:59,14448.63,-453.83,74,69,reconciliation_analysis\2023\bank_statement_pdfs\ACC0078504_202312_202402_3M_statement.pdf,ISO20022_CAMT053_XML,reconciliation_analysis\2023\bank_statement_source_files\iso20022_camt053_xml\ACC0078504_202312_202402_3M_statement.xml
RECON-202312-ACC0078505-3M,ACC0078505,IND23010323,Keystone Retail Bank,121417280785056,3,2023-12-01,2024-02-29 23:59:59,9679.84,-9788.72,88,83,reconciliation_analysis\2023\bank_statement_pdfs\ACC0078505_202312_202402_3M_statement.pdf,CSV,reconciliation_analysis\2023\bank_statement_source_files\csv\ACC0078505_202312_202402_3M_statement.csv
RECON-202312-ACC0078506-6M,ACC0078506,IND23008972,Keystone Retail Bank,510255270785067,6,2023-12-01,2024-05-31 23:59:59,2316.57,1598.95,11,0,reconciliation_analysis\2023\bank_statement_pdfs\ACC0078506_202312_202405_6M_statement.pdf,TXT,reconciliation_analysis\2023\bank_statement_source_files\txt\ACC0078506_202312_202405_6M_statement.txt
RECON-202312-ACC0078507-6M,ACC0078507,IND23000959,Keystone Retail Bank,025009020785072,6,2023-12-01,2024-05-31 23:59:59,16114.62,15635.92,10,0,reconciliation_analysis\2023\bank_statement_pdfs\ACC0078507_202312_202405_6M_statement.pdf,ISO20022_CAMT053_XML,reconciliation_analysis\2023\bank_statement_source_files\iso20022_camt053_xml\ACC0078507_202312_202405_6M_statement.xml
RECON-202312-ACC0078508-3M,ACC0078508,IND23000959,Keystone Retail Bank,632005280785088,3,2023-12-01,2024-02-29 23:59:59,5554.5,7743.76,7,0,reconciliation_analysis\2023\bank_statement_pdfs\ACC0078508_202312_202402_3M_statement.pdf,ISO20022_CAMT053_XML,reconciliation_analysis\2023\bank_statement_source_files\iso20022_camt053_xml\ACC0078508_202312_202402_3M_statement.xml
RECON-202312-ACC0078509-6M,ACC0078509,IND23005828,Keystone Retail Bank,198765020785090,6,2023-12-01,2024-05-31 23:59:59,11500.96,10722.27,12,0,reconciliation_analysis\2023\bank_statement_pdfs\ACC0078509_202312_202405_6M_statement.pdf,CSV,reconciliation_analysis\2023\bank_statement_source_files\csv\ACC0078509_202312_202405_6M_statement.csv
RECON-202312-ACC0078510-6M,ACC0078510,IND23001744,Keystone Retail Bank,175605020785108,6,2023-12-01,2024-05-31 23:59:59,2773.75,-15153.96,86,76,reconciliation_analysis\2023\bank_statement_pdfs\ACC0078510_202312_202405_6M_statement.pdf,ISO20022_CAMT053_XML,reconciliation_analysis\2023\bank_statement_source_files\iso20022_camt053_xml\ACC0078510_202312_202405_6M_statement.xml
RECON-202312-ACC0078511-3M,ACC0078511,IND23013621,Keystone Retail Bank,198775020785114,3,2023-12-01,2024-02-29 23:59:59,5444.67,5113.1,8,0,reconciliation_analysis\2023\bank_statement_pdfs\ACC0078511_202312_202402_3M_statement.pdf,CSV,reconciliation_analysis\2023\bank_statement_source_files\csv\ACC0078511_202312_202402_3M_statement.csv
RECON-202312-ACC0078512-6M,ACC0078512,IND23006969,Keystone Retail Bank,134605010785123,6,2023-12-01,2024-05-31 23:59:59,3140.27,4538.43,12,0,reconciliation_analysis\2023\bank_statement_pdfs\ACC0078512_202312_202405_6M_statement.pdf,ISO20022_CAMT053_XML,reconciliation_analysis\2023\bank_statement_source_files\iso20022_camt053_xml\ACC0078512_202312_202405_6M_statement.xml
RECON-202312-ACC0078513-6M,ACC0078513,IND23014812,Keystone Retail Bank,051001270785138,6,2023-12-01,2024-05-31 23:59:59,7237.36,6188.63,14,0,reconciliation_analysis\2023\bank_statement_pdfs\ACC0078513_202312_202405_6M_statement.pdf,ISO20022_CAMT053_XML,reconciliation_analysis\2023\bank_statement_source_files\iso20022_camt053_xml\ACC0078513_202312_202405_6M_statement.xml
RECON-202312-ACC0078514-6M,ACC0078514,IND23006653,Keystone Retail Bank,018505010785148,6,2023-12-01,2024-05-31 23:59:59,12992.65,-22280.1,93,83,reconciliation_analysis\2023\bank_statement_pdfs\ACC0078514_202312_202405_6M_statement.pdf,TXT,reconciliation_analysis\2023\bank_statement_source_files\txt\ACC0078514_202312_202405_6M_statement.txt
RECON-202312-ACC0078515-3M,ACC0078515,IND23006393,Keystone Retail Bank,012345010785153,3,2023-12-01,2024-02-29 23:59:59,13837.23,-23456.84,76,69,reconciliation_analysis\2023\bank_statement_pdfs\ACC0078515_202312_202402_3M_statement.pdf,CSV,reconciliation_analysis\2023\bank_statement_source_files\csv\ACC0078515_202312_202402_3M_statement.csv
RECON-202312-ACC0078516-3M,ACC0078516,IND23007064,Keystone Retail Bank,510255010785165,3,2023-12-01,2024-02-29 23:59:59,11926.05,-10410.05,76,72,reconciliation_analysis\2023\bank_statement_pdfs\ACC0078516_202312_202402_3M_statement.pdf,ISO20022_CAMT053_XML,reconciliation_analysis\2023\bank_statement_source_files\iso20022_camt053_xml\ACC0078516_202312_202402_3M_statement.xml
RECON-202312-ACC0078517-3M,ACC0078517,IND23002347,Keystone Retail Bank,261550020785174,3,2023-12-01,2024-02-29 23:59:59,7241.43,6851.55,6,0,reconciliation_analysis\2023\bank_statement_pdfs\ACC0078517_202312_202402_3M_statement.pdf,ISO20022_CAMT053_XML,reconciliation_analysis\2023\bank_statement_source_files\iso20022_camt053_xml\ACC0078517_202312_202402_3M_statement.xml
RECON-202312-ACC0078518-3M,ACC0078518,IND23002347,Keystone Retail Bank,198765280785189,3,2023-12-01,2024-02-29 23:59:59,9086.05,8693.77,5,0,reconciliation_analysis\2023\bank_statement_pdfs\ACC0078518_202312_202402_3M_statement.pdf,ISO20022_CAMT053_XML,reconciliation_analysis\2023\bank_statement_source_files\iso20022_camt053_xml\ACC0078518_202312_202402_3M_statement.xml
RECON-202312-ACC0078519-6M,ACC0078519,IND23012416,Keystone Retail Bank,270555010785199,6,2023-12-01,2024-05-31 23:59:59,5550.26,6153.45,13,0,reconciliation_analysis\2023\bank_statement_pdfs\ACC0078519_202312_202405_6M_statement.pdf,ISO20022_CAMT053_XML,reconciliation_analysis\2023\bank_statement_source_files\iso20022_camt053_xml\ACC0078519_202312_202405_6M_statement.xml
RECON-202312-ACC0078520-6M,ACC0078520,IND23012075,Keystone Retail Bank,050910010785201,6,2023-12-01,2024-05-31 23:59:59,8108.64,-23497.44,70,60,reconciliation_analysis\2023\bank_statement_pdfs\ACC0078520_202312_202405_6M_statement.pdf,ISO20022_CAMT053_XML,reconciliation_analysis\2023\bank_statement_source_files\iso20022_camt053_xml\ACC0078520_202312_202405_6M_statement.xml
RECON-202312-ACC0078521-6M,ACC0078521,IND23012075,Keystone Retail Bank,255005280785211,6,2023-12-01,2024-05-31 23:59:59,8107.06,7552.02,13,0,reconciliation_analysis\2023\bank_statement_pdfs\ACC0078521_202312_202405_6M_statement.pdf,TXT,reconciliation_analysis\2023\bank_statement_source_files\txt\ACC0078521_202312_202405_6M_statement.txt
RECON-202312-ACC0078522-6M,ACC0078522,IND23010827,Keystone Retail Bank,051001270785227,6,2023-12-01,2024-05-31 23:59:59,14370.46,15425.82,12,0,reconciliation_analysis\2023\bank_statement_pdfs\ACC0078522_202312_202405_6M_statement.pdf,CSV,reconciliation_analysis\2023\bank_statement_source_files\csv\ACC0078522_202312_202405_6M_statement.csv
RECON-202312-ACC0078525-6M,ACC0078525,IND23011088,Keystone Retail Bank,255005010785258,6,2023-12-01,2024-05-31 23:59:59,9843.89,-519.06,51,42,reconciliation_analysis\2023\bank_statement_pdfs\ACC0078525_202312_202405_6M_statement.pdf,ISO20022_CAMT053_XML,reconciliation_analysis\2023\bank_statement_source_files\iso20022_camt053_xml\ACC0078525_202312_202405_6M_statement.xml
RECON-202312-ACC0078526-6M,ACC0078526,IND23005668,Keystone Retail Bank,632005010785267,6,2023-12-01,2024-05-31 23:59:59,3312.51,2495.41,14,0,reconciliation_analysis\2023\bank_statement_pdfs\ACC0078526_202312_202405_6M_statement.pdf,ISO20022_CAMT053_XML,reconciliation_analysis\2023\bank_statement_source_files\iso20022_camt053_xml\ACC0078526_202312_202405_6M_statement.xml
RECON-202312-ACC0078527-6M,ACC0078527,IND23009653,Keystone Retail Bank,060210030785278,6,2023-12-01,2024-05-31 23:59:59,5338.47,4859.71,10,0,reconciliation_analysis\2023\bank_statement_pdfs\ACC0078527_202312_202405_6M_statement.pdf,ISO20022_CAMT053_XML,reconciliation_analysis\2023\bank_statement_source_files\iso20022_camt053_xml\ACC0078527_202312_202405_6M_statement.xml
RECON-202312-ACC0078528-3M,ACC0078528,IND23008999,Keystone Retail Bank,632005020785284,3,2023-12-01,2024-02-29 23:59:59,12155.54,-13733.27,93,89,reconciliation_analysis\2023\bank_statement_pdfs\ACC0078528_202312_202402_3M_statement.pdf,ISO20022_CAMT053_XML,reconciliation_analysis\2023\bank_statement_source_files\iso20022_camt053_xml\ACC0078528_202312_202402_3M_statement.xml
RECON-202312-ACC0078529-6M,ACC0078529,IND23008743,Keystone Retail Bank,255005030785292,6,2023-12-01,2024-05-31 23:59:59,10743.14,10165.47,11,0,reconciliation_analysis\2023\bank_statement_pdfs\ACC0078529_202312_202405_6M_statement.pdf,CSV,reconciliation_analysis\2023\bank_statement_source_files\csv\ACC0078529_202312_202405_6M_statement.csv
RECON-202312-ACC0078530-6M,ACC0078530,IND23009633,Keystone Retail Bank,255005010785301,6,2023-12-01,2024-05-31 23:59:59,17373.62,16874.93,11,0,reconciliation_analysis\2023\bank_statement_pdfs\ACC0078530_202312_202405_6M_statement.pdf,ISO20022_CAMT053_XML,reconciliation_analysis\2023\bank_statement_source_files\iso20022_camt053_xml\ACC0078530_202312_202405_6M_statement.xml
RECON-202312-ACC0078531-6M,ACC0078531,IND23005309,Keystone Retail Bank,150105030785319,6,2023-12-01,2024-05-31 23:59:59,3025.18,-34737.88,78,63,reconciliation_analysis\2023\bank_statement_pdfs\ACC0078531_202312_202405_6M_statement.pdf,ISO20022_CAMT053_XML,reconciliation_analysis\2023\bank_statement_source_files\iso20022_camt053_xml\ACC0078531_202312_202405_6M_statement.xml
RECON-202312-ACC0078532-6M,ACC0078532,IND23001857,Keystone Retail Bank,125405010785320,6,2023-12-01,2024-05-31 23:59:59,12037.17,10993.96,14,0,reconciliation_analysis\2023\bank_statement_pdfs\ACC0078532_202312_202405_6M_statement.pdf,CSV,reconciliation_analysis\2023\bank_statement_source_files\csv\ACC0078532_202312_202405_6M_statement.csv
RECON-202312-ACC0078533-6M,ACC0078533,IND23001857,Keystone Retail Bank,125505010785338,6,2023-12-01,2024-05-31 23:59:59,17073.51,16578.06,11,0,reconciliation_analysis\2023\bank_statement_pdfs\ACC0078533_202312_202405_6M_statement.pdf,ISO20022_CAMT053_XML,reconciliation_analysis\2023\bank_statement_source_files\iso20022_camt053_xml\ACC0078533_202312_202405_6M_statement.xml
RECON-202312-ACC0078534-3M,ACC0078534,IND23011998,Keystone Retail Bank,198765020785349,3,2023-12-01,2024-02-29 23:59:59,1987.03,4895.83,6,0,reconciliation_analysis\2023\bank_statement_pdfs\ACC0078534_202312_202402_3M_statement.pdf,CSV,reconciliation_analysis\2023\bank_statement_source_files\csv\ACC0078534_202312_202402_3M_statement.csv
RECON-202312-ACC0078535-3M,ACC0078535,IND23004973,Keystone Retail Bank,198765010785359,3,2023-12-01,2024-02-29 23:59:59,11275.13,-30625.22,71,63,reconciliation_analysis\2023\bank_statement_pdfs\ACC0078535_202312_202402_3M_statement.pdf,CSV,reconciliation_analysis\2023\bank_statement_source_files\csv\ACC0078535_202312_202402_3M_statement.csv
RECON-202312-ACC0078536-6M,ACC0078536,IND23002116,Keystone Retail Bank,235205270785365,6,2023-12-01,2024-05-31 23:59:59,12997.16,-4451.55,74,64,reconciliation_analysis\2023\bank_statement_pdfs\ACC0078536_202312_202405_6M_statement.pdf,ISO20022_CAMT053_XML,reconciliation_analysis\2023\bank_statement_source_files\iso20022_camt053_xml\ACC0078536_202312_202405_6M_statement.xml
RECON-202312-ACC0078537-3M,ACC0078537,IND23004488,Keystone Retail Bank,160105270785374,3,2023-12-01,2024-02-29 23:59:59,14007.64,13621.73,5,0,reconciliation_analysis\2023\bank_statement_pdfs\ACC0078537_202312_202402_3M_statement.pdf,ISO20022_CAMT053_XML,reconciliation_analysis\2023\bank_statement_source_files\iso20022_camt053_xml\ACC0078537_202312_202402_3M_statement.xml
RECON-202312-ACC0078538-6M,ACC0078538,IND23009329,Keystone Retail Bank,180305270785389,6,2023-12-01,2024-05-31 23:59:59,9052.56,-22790.05,85,72,reconciliation_analysis\2023\bank_statement_pdfs\ACC0078538_202312_202405_6M_statement.pdf,TXT,reconciliation_analysis\2023\bank_statement_source_files\txt\ACC0078538_202312_202405_6M_statement.txt
RECON-202312-ACC0078539-3M,ACC0078539,IND23013620,Keystone Retail Bank,280505270785394,3,2023-12-01,2024-02-29 23:59:59,3532.65,-21053.92,74,69,reconciliation_analysis\2023\bank_statement_pdfs\ACC0078539_202312_202402_3M_statement.pdf,TXT,reconciliation_analysis\2023\bank_statement_source_files\txt\ACC0078539_202312_202402_3M_statement.txt
RECON-202312-ACC0078540-3M,ACC0078540,IND23014595,Keystone Retail Bank,280605030785408,3,2023-12-01,2024-02-29 23:59:59,5334.28,4798.71,7,0,reconciliation_analysis\2023\bank_statement_pdfs\ACC0078540_202312_202402_3M_statement.pdf,CSV,reconciliation_analysis\2023\bank_statement_source_files\csv\ACC0078540_202312_202402_3M_statement.csv
RECON-202312-ACC0078541-6M,ACC0078541,IND23012919,Keystone Retail Bank,134605020785417,6,2023-12-01,2024-05-31 23:59:59,11756.29,-3903.7,82,66,reconciliation_analysis\2023\bank_statement_pdfs\ACC0078541_202312_202405_6M_statement.pdf,ISO20022_CAMT053_XML,reconciliation_analysis\2023\bank_statement_source_files\iso20022_camt053_xml\ACC0078541_202312_202405_6M_statement.xml
RECON-202312-ACC0078542-3M,ACC0078542,IND23000072,Keystone Retail Bank,160105030785425,3,2023-12-01,2024-02-29 23:59:59,3430.83,-23333.52,72,67,reconciliation_analysis\2023\bank_statement_pdfs\ACC0078542_202312_202402_3M_statement.pdf,CSV,reconciliation_analysis\2023\bank_statement_source_files\csv\ACC0078542_202312_202402_3M_statement.csv
RECON-202312-ACC0078543-3M,ACC0078543,IND23000185,Keystone Retail Bank,198765010785439,3,2023-12-01,2024-02-29 23:59:59,1863.43,1562.76,6,0,reconciliation_analysis\2023\bank_statement_pdfs\ACC0078543_202312_202402_3M_statement.pdf,ISO20022_CAMT053_XML,reconciliation_analysis\2023\bank_statement_source_files\iso20022_camt053_xml\ACC0078543_202312_202402_3M_statement.xml
RECON-202312-ACC0078544-6M,ACC0078544,IND23011916,Keystone Retail Bank,510255030785449,6,2023-12-01,2024-05-31 23:59:59,7338.74,-5984.42,80,67,reconciliation_analysis\2023\bank_statement_pdfs\ACC0078544_202312_202405_6M_statement.pdf,CSV,reconciliation_analysis\2023\bank_statement_source_files\csv\ACC0078544_202312_202405_6M_statement.csv
RECON-202312-ACC0078545-3M,ACC0078545,IND23000297,Keystone Retail Bank,121417030785457,3,2023-12-01,2024-02-29 23:59:59,1758.53,-46487.65,83,75,reconciliation_analysis\2023\bank_statement_pdfs\ACC0078545_202312_202402_3M_statement.pdf,TXT,reconciliation_analysis\2023\bank_statement_source_files\txt\ACC0078545_202312_202402_3M_statement.txt
RECON-202312-ACC0078547-6M,ACC0078547,IND23014256,Keystone Retail Bank,180205020785478,6,2023-12-01,2024-05-31 23:59:59,12157.83,-11052.84,65,52,reconciliation_analysis\2023\bank_statement_pdfs\ACC0078547_202312_202405_6M_statement.pdf,CSV,reconciliation_analysis\2023\bank_statement_source_files\csv\ACC0078547_202312_202405_6M_statement.csv
RECON-202312-ACC0078548-6M,ACC0078548,IND23011808,Keystone Retail Bank,020909030785483,6,2023-12-01,2024-05-31 23:59:59,6161.03,-4661.26,75,66,reconciliation_analysis\2023\bank_statement_pdfs\ACC0078548_202312_202405_6M_statement.pdf,CSV,reconciliation_analysis\2023\bank_statement_source_files\csv\ACC0078548_202312_202405_6M_statement.csv
RECON-202312-ACC0078549-6M,ACC0078549,IND23000399,Keystone Retail Bank,198775270785491,6,2023-12-01,2024-05-31 23:59:59,16280.81,15794.8,9,0,reconciliation_analysis\2023\bank_statement_pdfs\ACC0078549_202312_202405_6M_statement.pdf,ISO20022_CAMT053_XML,reconciliation_analysis\2023\bank_statement_source_files\iso20022_camt053_xml\ACC0078549_202312_202405_6M_statement.xml
RECON-202312-ACC0078550-6M,ACC0078550,IND23012322,Keystone Retail Bank,463105280785504,6,2023-12-01,2024-05-31 23:59:59,10934.71,-23788.84,67,56,reconciliation_analysis\2023\bank_statement_pdfs\ACC0078550_202312_202405_6M_statement.pdf,ISO20022_CAMT053_XML,reconciliation_analysis\2023\bank_statement_source_files\iso20022_camt053_xml\ACC0078550_202312_202405_6M_statement.xml
RECON-202312-ACC0078551-3M,ACC0078551,IND23002960,Keystone Retail Bank,242305020785519,3,2023-12-01,2024-02-29 23:59:59,4394.07,-20767.08,74,70,reconciliation_analysis\2023\bank_statement_pdfs\ACC0078551_202312_202402_3M_statement.pdf,ISO20022_CAMT053_XML,reconciliation_analysis\2023\bank_statement_source_files\iso20022_camt053_xml\ACC0078551_202312_202402_3M_statement.xml
RECON-202312-ACC0078552-6M,ACC0078552,IND23000431,Keystone Retail Bank,160105280785524,6,2023-12-01,2024-05-31 23:59:59,14590.67,13976.35,14,0,reconciliation_analysis\2023\bank_statement_pdfs\ACC0078552_202312_202405_6M_statement.pdf,ISO20022_CAMT053_XML,reconciliation_analysis\2023\bank_statement_source_files\iso20022_camt053_xml\ACC0078552_202312_202405_6M_statement.xml
RECON-202312-ACC0078553-3M,ACC0078553,IND23003085,Keystone Retail Bank,125405270785535,3,2023-12-01,2024-02-29 23:59:59,11390.68,-5841.63,75,70,reconciliation_analysis\2023\bank_statement_pdfs\ACC0078553_202312_202402_3M_statement.pdf,ISO20022_CAMT053_XML,reconciliation_analysis\2023\bank_statement_source_files\iso20022_camt053_xml\ACC0078553_202312_202402_3M_statement.xml
RECON-202312-ACC0078554-3M,ACC0078554,IND23010015,Keystone Retail Bank,238705010785542,3,2023-12-01,2024-02-29 23:59:59,6370.2,8575.42,9,0,reconciliation_analysis\2023\bank_statement_pdfs\ACC0078554_202312_202402_3M_statement.pdf,TXT,reconciliation_analysis\2023\bank_statement_source_files\txt\ACC0078554_202312_202402_3M_statement.txt
RECON-202312-ACC0078555-3M,ACC0078555,IND23008529,Keystone Retail Bank,184705280785555,3,2023-12-01,2024-02-29 23:59:59,11774.08,11624.75,5,0,reconciliation_analysis\2023\bank_statement_pdfs\ACC0078555_202312_202402_3M_statement.pdf,CSV,reconciliation_analysis\2023\bank_statement_source_files\csv\ACC0078555_202312_202402_3M_statement.csv
RECON-202312-ACC0078556-3M,ACC0078556,IND23001344,Keystone Retail Bank,175505280785565,3,2023-12-01,2024-02-29 23:59:59,3085.38,2943.43,5,0,reconciliation_analysis\2023\bank_statement_pdfs\ACC0078556_202312_202402_3M_statement.pdf,ISO20022_CAMT053_XML,reconciliation_analysis\2023\bank_statement_source_files\iso20022_camt053_xml\ACC0078556_202312_202402_3M_statement.xml
RECON-202312-ACC0078557-6M,ACC0078557,IND23001806,Keystone Retail Bank,140605030785575,6,2023-12-01,2024-05-31 23:59:59,6813.27,-28322.64,81,68,reconciliation_analysis\2023\bank_statement_pdfs\ACC0078557_202312_202405_6M_statement.pdf,ISO20022_CAMT053_XML,reconciliation_analysis\2023\bank_statement_source_files\iso20022_camt053_xml\ACC0078557_202312_202405_6M_statement.xml
RECON-202312-ACC0078558-3M,ACC0078558,IND23003691,Keystone Retail Bank,250655020785582,3,2023-12-01,2024-02-29 23:59:59,10913.98,-8976.68,69,66,reconciliation_analysis\2023\bank_statement_pdfs\ACC0078558_202312_202402_3M_statement.pdf,ISO20022_CAMT053_XML,reconciliation_analysis\2023\bank_statement_source_files\iso20022_camt053_xml\ACC0078558_202312_202402_3M_statement.xml
RECON-202312-ACC0078559-6M,ACC0078559,IND23013704,Keystone Retail Bank,134705010785597,6,2023-12-01,2024-05-31 23:59:59,766.28,-16318.54,81,69,reconciliation_analysis\2023\bank_statement_pdfs\ACC0078559_202312_202405_6M_statement.pdf,CSV,reconciliation_analysis\2023\bank_statement_source_files\csv\ACC0078559_202312_202405_6M_statement.csv
RECON-202312-ACC0078561-3M,ACC0078561,IND23007247,Keystone Retail Bank,168305030785614,3,2023-12-01,2024-02-29 23:59:59,5921.94,6888.94,9,0,reconciliation_analysis\2023\bank_statement_pdfs\ACC0078561_202312_202402_3M_statement.pdf,ISO20022_CAMT053_XML,reconciliation_analysis\2023\bank_statement_source_files\iso20022_camt053_xml\ACC0078561_202312_202402_3M_statement.xml
RECON-202312-ACC0078562-6M,ACC0078562,IND23007996,Keystone Retail Bank,214305020785625,6,2023-12-01,2024-05-31 23:59:59,5217.15,4619.44,11,0,reconciliation_analysis\2023\bank_statement_pdfs\ACC0078562_202312_202405_6M_statement.pdf,TXT,reconciliation_analysis\2023\bank_statement_source_files\txt\ACC0078562_202312_202405_6M_statement.txt
RECON-202312-ACC0078563-6M,ACC0078563,IND23003921,Keystone Retail Bank,463005270785631,6,2023-12-01,2024-05-31 23:59:59,17423.53,16507.57,13,0,reconciliation_analysis\2023\bank_statement_pdfs\ACC0078563_202312_202405_6M_statement.pdf,ISO20022_CAMT053_XML,reconciliation_analysis\2023\bank_statement_source_files\iso20022_camt053_xml\ACC0078563_202312_202405_6M_statement.xml
RECON-202312-ACC0078564-3M,ACC0078564,IND23009745,Keystone Retail Bank,140505270785649,3,2023-12-01,2024-02-29 23:59:59,10536.54,10247.37,7,0,reconciliation_analysis\2023\bank_statement_pdfs\ACC0078564_202312_202402_3M_statement.pdf,ISO20022_CAMT053_XML,reconciliation_analysis\2023\bank_statement_source_files\iso20022_camt053_xml\ACC0078564_202312_202402_3M_statement.xml
RECON-202312-ACC0078565-6M,ACC0078565,IND23012598,Keystone Retail Bank,200305280785651,6,2023-12-01,2024-05-31 23:59:59,8119.85,-13597.31,85,76,reconciliation_analysis\2023\bank_statement_pdfs\ACC0078565_202312_202405_6M_statement.pdf,CSV,reconciliation_analysis\2023\bank_statement_source_files\csv\ACC0078565_202312_202405_6M_statement.csv
RECON-202312-ACC0078566-3M,ACC0078566,IND23012426,Keystone Retail Bank,164605030785664,3,2023-12-01,2024-02-29 23:59:59,14216.1,13878.19,4,0,reconciliation_analysis\2023\bank_statement_pdfs\ACC0078566_202312_202402_3M_statement.pdf,ISO20022_CAMT053_XML,reconciliation_analysis\2023\bank_statement_source_files\iso20022_camt053_xml\ACC0078566_202312_202402_3M_statement.xml
RECON-202312-ACC0078569-6M,ACC0078569,IND23003727,Keystone Retail Bank,018305010785695,6,2023-12-01,2024-05-31 23:59:59,2834.37,2478.52,9,0,reconciliation_analysis\2023\bank_statement_pdfs\ACC0078569_202312_202405_6M_statement.pdf,CSV,reconciliation_analysis\2023\bank_statement_source_files\csv\ACC0078569_202312_202405_6M_statement.csv
RECON-202312-ACC0078570-3M,ACC0078570,IND23009338,Keystone Retail Bank,172005270785709,3,2023-12-01,2024-02-29 23:59:59,4958.47,4515.24,5,0,reconciliation_analysis\2023\bank_statement_pdfs\ACC0078570_202312_202402_3M_statement.pdf,ISO20022_CAMT053_XML,reconciliation_analysis\2023\bank_statement_source_files\iso20022_camt053_xml\ACC0078570_202312_202402_3M_statement.xml
RECON-202312-ACC0078571-3M,ACC0078571,IND23003379,Keystone Retail Bank,140605270785719,3,2023-12-01,2024-02-29 23:59:59,16143.37,15644.34,6,0,reconciliation_analysis\2023\bank_statement_pdfs\ACC0078571_202312_202402_3M_statement.pdf,TXT,reconciliation_analysis\2023\bank_statement_source_files\txt\ACC0078571_202312_202402_3M_statement.txt
RECON-202312-ACC0078572-6M,ACC0078572,IND23006739,Keystone Retail Bank,280505010785723,6,2023-12-01,2024-05-31 23:59:59,1819.65,1345.89,9,0,reconciliation_analysis\2023\bank_statement_pdfs\ACC0078572_202312_202405_6M_statement.pdf,CSV,reconciliation_analysis\2023\bank_statement_source_files\csv\ACC0078572_202312_202405_6M_statement.csv
RECON-202312-ACC0078573-6M,ACC0078573,IND23004213,Keystone Retail Bank,255355280785736,6,2023-12-01,2024-05-31 23:59:59,1790.63,-24885.6,95,84,reconciliation_analysis\2023\bank_statement_pdfs\ACC0078573_202312_202405_6M_statement.pdf,CSV,reconciliation_analysis\2023\bank_statement_source_files\csv\ACC0078573_202312_202405_6M_statement.csv
RECON-202312-ACC0078574-3M,ACC0078574,IND23010850,Keystone Retail Bank,172105030785742,3,2023-12-01,2024-02-29 23:59:59,2091.13,-9355.85,66,61,reconciliation_analysis\2023\bank_statement_pdfs\ACC0078574_202312_202402_3M_statement.pdf,ISO20022_CAMT053_XML,reconciliation_analysis\2023\bank_statement_source_files\iso20022_camt053_xml\ACC0078574_202312_202402_3M_statement.xml
RECON-202312-ACC0078575-3M,ACC0078575,IND23006514,Keystone Retail Bank,204109020785759,3,2023-12-01,2024-02-29 23:59:59,6179.87,-12710.44,74,70,reconciliation_analysis\2023\bank_statement_pdfs\ACC0078575_202312_202402_3M_statement.pdf,TXT,reconciliation_analysis\2023\bank_statement_source_files\txt\ACC0078575_202312_202402_3M_statement.txt
RECON-202312-ACC0078577-6M,ACC0078577,IND23000071,Keystone Retail Bank,180205030785771,6,2023-12-01,2024-05-31 23:59:59,3297.38,-66931.44,63,52,reconciliation_analysis\2023\bank_statement_pdfs\ACC0078577_202312_202405_6M_statement.pdf,ISO20022_CAMT053_XML,reconciliation_analysis\2023\bank_statement_source_files\iso20022_camt053_xml\ACC0078577_202312_202405_6M_statement.xml
RECON-202312-ACC0078578-6M,ACC0078578,IND23007860,Keystone Retail Bank,221426030785785,6,2023-12-01,2024-05-31 23:59:59,10230.76,-23023.41,67,58,reconciliation_analysis\2023\bank_statement_pdfs\ACC0078578_202312_202405_6M_statement.pdf,ISO20022_CAMT053_XML,reconciliation_analysis\2023\bank_statement_source_files\iso20022_camt053_xml\ACC0078578_202312_202405_6M_statement.xml
RECON-202312-ACC0078579-6M,ACC0078579,IND23001319,Keystone Retail Bank,430010270785795,6,2023-12-01,2024-05-31 23:59:59,10867.43,-5132.87,81,70,reconciliation_analysis\2023\bank_statement_pdfs\ACC0078579_202312_202405_6M_statement.pdf,CSV,reconciliation_analysis\2023\bank_statement_source_files\csv\ACC0078579_202312_202405_6M_statement.csv
RECON-202312-ACC0078580-3M,ACC0078580,IND23008693,Keystone Retail Bank,025009020785803,3,2023-12-01,2024-02-29 23:59:59,3002.24,-27779.68,73,69,reconciliation_analysis\2023\bank_statement_pdfs\ACC0078580_202312_202402_3M_statement.pdf,ISO20022_CAMT053_XML,reconciliation_analysis\2023\bank_statement_source_files\iso20022_camt053_xml\ACC0078580_202312_202402_3M_statement.xml
RECON-202312-ACC0078581-6M,ACC0078581,IND23012360,Keystone Retail Bank,210805020785815,6,2023-12-01,2024-05-31 23:59:59,7589.99,6899.57,11,0,reconciliation_analysis\2023\bank_statement_pdfs\ACC0078581_202312_202405_6M_statement.pdf,CSV,reconciliation_analysis\2023\bank_statement_source_files\csv\ACC0078581_202312_202405_6M_statement.csv
RECON-202312-ACC0078582-3M,ACC0078582,IND23014572,Keystone Retail Bank,198775020785829,3,2023-12-01,2024-02-29 23:59:59,7987.89,7720.53,5,0,reconciliation_analysis\2023\bank_statement_pdfs\ACC0078582_202312_202402_3M_statement.pdf,TXT,reconciliation_analysis\2023\bank_statement_source_files\txt\ACC0078582_202312_202402_3M_statement.txt
RECON-202312-ACC0078583-6M,ACC0078583,IND23011454,Keystone Retail Bank,470010270785835,6,2023-12-01,2024-05-31 23:59:59,16814.99,16140.47,11,0,reconciliation_analysis\2023\bank_statement_pdfs\ACC0078583_202312_202405_6M_statement.pdf,CSV,reconciliation_analysis\2023\bank_statement_source_files\csv\ACC0078583_202312_202405_6M_statement.csv
RECON-202312-ACC0078584-3M,ACC0078584,IND23012044,Keystone Retail Bank,018305030785844,3,2023-12-01,2024-02-29 23:59:59,3010.92,-36876.93,89,85,reconciliation_analysis\2023\bank_statement_pdfs\ACC0078584_202312_202402_3M_statement.pdf,CSV,reconciliation_analysis\2023\bank_statement_source_files\csv\ACC0078584_202312_202402_3M_statement.csv
RECON-202312-ACC0078585-3M,ACC0078585,IND23014435,Keystone Retail Bank,121417270785851,3,2023-12-01,2024-02-29 23:59:59,6085.18,-61042.67,43,38,reconciliation_analysis\2023\bank_statement_pdfs\ACC0078585_202312_202402_3M_statement.pdf,ISO20022_CAMT053_XML,reconciliation_analysis\2023\bank_statement_source_files\iso20022_camt053_xml\ACC0078585_202312_202402_3M_statement.xml
RECON-202312-ACC0078586-3M,ACC0078586,IND23007612,Keystone Retail Bank,430110020785864,3,2023-12-01,2024-02-29 23:59:59,9160.76,-34904.28,78,74,reconciliation_analysis\2023\bank_statement_pdfs\ACC0078586_202312_202402_3M_statement.pdf,ISO20022_CAMT053_XML,reconciliation_analysis\2023\bank_statement_source_files\iso20022_camt053_xml\ACC0078586_202312_202402_3M_statement.xml
RECON-202312-ACC0078587-3M,ACC0078587,IND23002606,Keystone Retail Bank,221426020785875,3,2023-12-01,2024-02-29 23:59:59,2423.05,-15059.21,63,59,reconciliation_analysis\2023\bank_statement_pdfs\ACC0078587_202312_202402_3M_statement.pdf,CSV,reconciliation_analysis\2023\bank_statement_source_files\csv\ACC0078587_202312_202402_3M_statement.csv
RECON-202312-ACC0078588-6M,ACC0078588,IND23000325,Keystone Retail Bank,228205020785887,6,2023-12-01,2024-05-31 23:59:59,4553.7,4083.29,8,0,reconciliation_analysis\2023\bank_statement_pdfs\ACC0078588_202312_202405_6M_statement.pdf,TXT,reconciliation_analysis\2023\bank_statement_source_files\txt\ACC0078588_202312_202405_6M_statement.txt
RECON-202312-ACC0078589-6M,ACC0078589,IND23011427,Keystone Retail Bank,242305030785894,6,2023-12-01,2024-05-31 23:59:59,11768.87,-22480.78,78,67,reconciliation_analysis\2023\bank_statement_pdfs\ACC0078589_202312_202405_6M_statement.pdf,TXT,reconciliation_analysis\2023\bank_statement_source_files\txt\ACC0078589_202312_202405_6M_statement.txt
RECON-202312-ACC0078590-3M,ACC0078590,IND23001476,Keystone Retail Bank,025009270785902,3,2023-12-01,2024-02-29 23:59:59,2492.21,2235.01,5,0,reconciliation_analysis\2023\bank_statement_pdfs\ACC0078590_202312_202402_3M_statement.pdf,ISO20022_CAMT053_XML,reconciliation_analysis\2023\bank_statement_source_files\iso20022_camt053_xml\ACC0078590_202312_202402_3M_statement.xml
RECON-202312-ACC0078591-6M,ACC0078591,IND23012628,Keystone Retail Bank,134705280785916,6,2023-12-01,2024-05-31 23:59:59,9721.93,-7230.93,73,63,reconciliation_analysis\2023\bank_statement_pdfs\ACC0078591_202312_202405_6M_statement.pdf,ISO20022_CAMT053_XML,reconciliation_analysis\2023\bank_statement_source_files\iso20022_camt053_xml\ACC0078591_202312_202405_6M_statement.xml
RECON-202312-ACC0078592-3M,ACC0078592,IND23000095,Keystone Retail Bank,235205020785926,3,2023-12-01,2024-02-29 23:59:59,3025.46,-22881.73,75,71,reconciliation_analysis\2023\bank_statement_pdfs\ACC0078592_202312_202402_3M_statement.pdf,CSV,reconciliation_analysis\2023\bank_statement_source_files\csv\ACC0078592_202312_202402_3M_statement.csv
RECON-202312-ACC0078593-6M,ACC0078593,IND23011456,Keystone Retail Bank,261550010785933,6,2023-12-01,2024-05-31 23:59:59,14235.37,13721.82,13,0,reconciliation_analysis\2023\bank_statement_pdfs\ACC0078593_202312_202405_6M_statement.pdf,ISO20022_CAMT053_XML,reconciliation_analysis\2023\bank_statement_source_files\iso20022_camt053_xml\ACC0078593_202312_202405_6M_statement.xml
RECON-202312-ACC0078595-6M,ACC0078595,IND23009152,Keystone Retail Bank,250955020785954,6,2023-12-01,2024-05-31 23:59:59,12189.02,-5165.3,76,66,reconciliation_analysis\2023\bank_statement_pdfs\ACC0078595_202312_202405_6M_statement.pdf,ISO20022_CAMT053_XML,reconciliation_analysis\2023\bank_statement_source_files\iso20022_camt053_xml\ACC0078595_202312_202405_6M_statement.xml
RECON-202312-ACC0078596-6M,ACC0078596,IND23002992,Keystone Retail Bank,134605020785962,6,2023-12-01,2024-05-31 23:59:59,829.54,546.84,11,0,reconciliation_analysis\2023\bank_statement_pdfs\ACC0078596_202312_202405_6M_statement.pdf,CSV,reconciliation_analysis\2023\bank_statement_source_files\csv\ACC0078596_202312_202405_6M_statement.csv
RECON-202312-ACC0078597-6M,ACC0078597,IND23005778,Keystone Retail Bank,060210010785976,6,2023-12-01,2024-05-31 23:59:59,1790.7,-23928.96,81,73,reconciliation_analysis\2023\bank_statement_pdfs\ACC0078597_202312_202405_6M_statement.pdf,CSV,reconciliation_analysis\2023\bank_statement_source_files\csv\ACC0078597_202312_202405_6M_statement.csv
RECON-202312-ACC0078598-3M,ACC0078598,IND23013613,Keystone Retail Bank,184605270785986,3,2023-12-01,2024-02-29 23:59:59,14734.75,-34488.73,75,70,reconciliation_analysis\2023\bank_statement_pdfs\ACC0078598_202312_202402_3M_statement.pdf,ISO20022_CAMT053_XML,reconciliation_analysis\2023\bank_statement_source_files\iso20022_camt053_xml\ACC0078598_202312_202402_3M_statement.xml
RECON-202312-ACC0078599-3M,ACC0078599,IND23008888,Keystone Retail Bank,140505010785998,3,2023-12-01,2024-02-29 23:59:59,5439.43,5047.56,5,0,reconciliation_analysis\2023\bank_statement_pdfs\ACC0078599_202312_202402_3M_statement.pdf,TXT,reconciliation_analysis\2023\bank_statement_source_files\txt\ACC0078599_202312_202402_3M_statement.txt
RECON-202312-ACC0078600-6M,ACC0078600,IND23004278,Keystone Retail Bank,184705030786008,6,2023-12-01,2024-05-31 23:59:59,13428.01,-8167.25,94,83,reconciliation_analysis\2023\bank_statement_pdfs\ACC0078600_202312_202405_6M_statement.pdf,CSV,reconciliation_analysis\2023\bank_statement_source_files\csv\ACC0078600_202312_202405_6M_statement.csv
RECON-202312-ACC0078601-6M,ACC0078601,IND23004060,Keystone Retail Bank,050310280786018,6,2023-12-01,2024-05-31 23:59:59,2045.66,-9064.78,58,44,reconciliation_analysis\2023\bank_statement_pdfs\ACC0078601_202312_202405_6M_statement.pdf,TXT,reconciliation_analysis\2023\bank_statement_source_files\txt\ACC0078601_202312_202405_6M_statement.txt
RECON-202312-ACC0078602-6M,ACC0078602,IND23011062,Keystone Retail Bank,255005010786024,6,2023-12-01,2024-05-31 23:59:59,12202.13,11785.39,10,0,reconciliation_analysis\2023\bank_statement_pdfs\ACC0078602_202312_202405_6M_statement.pdf,CSV,reconciliation_analysis\2023\bank_statement_source_files\csv\ACC0078602_202312_202405_6M_statement.csv
RECON-202312-ACC0078603-6M,ACC0078603,IND23011749,Keystone Retail Bank,184605270786038,6,2023-12-01,2024-05-31 23:59:59,2211.25,-26411.45,91,78,reconciliation_analysis\2023\bank_statement_pdfs\ACC0078603_202312_202405_6M_statement.pdf,TXT,reconciliation_analysis\2023\bank_statement_source_files\txt\ACC0078603_202312_202405_6M_statement.txt
RECON-202312-ACC0078604-3M,ACC0078604,IND23014637,Keystone Retail Bank,510255280786047,3,2023-12-01,2024-02-29 23:59:59,12751.48,-6042.44,50,46,reconciliation_analysis\2023\bank_statement_pdfs\ACC0078604_202312_202402_3M_statement.pdf,CSV,reconciliation_analysis\2023\bank_statement_source_files\csv\ACC0078604_202312_202402_3M_statement.csv
RECON-202312-ACC0078605-3M,ACC0078605,IND23012825,Keystone Retail Bank,463005030786058,3,2023-12-01,2024-02-29 23:59:59,4011.79,-8305.7,71,67,reconciliation_analysis\2023\bank_statement_pdfs\ACC0078605_202312_202402_3M_statement.pdf,TXT,reconciliation_analysis\2023\bank_statement_source_files\txt\ACC0078605_202312_202402_3M_statement.txt
RECON-202312-ACC0078606-6M,ACC0078606,IND23007073,Keystone Retail Bank,231705010786063,6,2023-12-01,2024-05-31 23:59:59,13855.98,-19646.24,78,70,reconciliation_analysis\2023\bank_statement_pdfs\ACC0078606_202312_202405_6M_statement.pdf,CSV,reconciliation_analysis\2023\bank_statement_source_files\csv\ACC0078606_202312_202405_6M_statement.csv
RECON-202312-ACC0078607-6M,ACC0078607,IND23007073,Keystone Retail Bank,231705280786071,6,2023-12-01,2024-05-31 23:59:59,2967.42,2453.26,11,0,reconciliation_analysis\2023\bank_statement_pdfs\ACC0078607_202312_202405_6M_statement.pdf,TXT,reconciliation_analysis\2023\bank_statement_source_files\txt\ACC0078607_202312_202405_6M_statement.txt
RECON-202312-ACC0078608-3M,ACC0078608,IND23006189,Keystone Retail Bank,261050280786089,3,2023-12-01,2024-02-29 23:59:59,16873.43,16449.03,7,0,reconciliation_analysis\2023\bank_statement_pdfs\ACC0078608_202312_202402_3M_statement.pdf,CSV,reconciliation_analysis\2023\bank_statement_source_files\csv\ACC0078608_202312_202402_3M_statement.csv
RECON-202312-ACC0078609-3M,ACC0078609,IND23010738,Keystone Retail Bank,175505020786091,3,2023-12-01,2024-02-29 23:59:59,5288.46,-2514.3,48,43,reconciliation_analysis\2023\bank_statement_pdfs\ACC0078609_202312_202402_3M_statement.pdf,ISO20022_CAMT053_XML,reconciliation_analysis\2023\bank_statement_source_files\iso20022_camt053_xml\ACC0078609_202312_202402_3M_statement.xml
RECON-202312-ACC0078610-6M,ACC0078610,IND23002627,Keystone Retail Bank,020909020786107,6,2023-12-01,2024-05-31 23:59:59,16356.68,18941.57,10,0,reconciliation_analysis\2023\bank_statement_pdfs\ACC0078610_202312_202405_6M_statement.pdf,TXT,reconciliation_analysis\2023\bank_statement_source_files\txt\ACC0078610_202312_202405_6M_statement.txt
RECON-202312-ACC0078611-3M,ACC0078611,IND23003516,Keystone Retail Bank,180205270786110,3,2023-12-01,2024-02-29 23:59:59,9684.38,9331.72,7,0,reconciliation_analysis\2023\bank_statement_pdfs\ACC0078611_202312_202402_3M_statement.pdf,ISO20022_CAMT053_XML,reconciliation_analysis\2023\bank_statement_source_files\iso20022_camt053_xml\ACC0078611_202312_202402_3M_statement.xml
RECON-202312-ACC0078612-3M,ACC0078612,IND23002097,Keystone Retail Bank,175605030786124,3,2023-12-01,2024-02-29 23:59:59,3656.77,-24962.12,92,87,reconciliation_analysis\2023\bank_statement_pdfs\ACC0078612_202312_202402_3M_statement.pdf,ISO20022_CAMT053_XML,reconciliation_analysis\2023\bank_statement_source_files\iso20022_camt053_xml\ACC0078612_202312_202402_3M_statement.xml
RECON-202312-ACC0078613-6M,ACC0078613,IND23001521,Keystone Retail Bank,198765280786133,6,2023-12-01,2024-05-31 23:59:59,3633.52,-11866.27,80,70,reconciliation_analysis\2023\bank_statement_pdfs\ACC0078613_202312_202405_6M_statement.pdf,ISO20022_CAMT053_XML,reconciliation_analysis\2023\bank_statement_source_files\iso20022_camt053_xml\ACC0078613_202312_202405_6M_statement.xml
RECON-202312-ACC0078614-3M,ACC0078614,IND23004111,Keystone Retail Bank,204109030786140,3,2023-12-01,2024-02-29 23:59:59,2660.53,-82673.29,78,73,reconciliation_analysis\2023\bank_statement_pdfs\ACC0078614_202312_202402_3M_statement.pdf,ISO20022_CAMT053_XML,reconciliation_analysis\2023\bank_statement_source_files\iso20022_camt053_xml\ACC0078614_202312_202402_3M_statement.xml
RECON-202312-ACC0078615-3M,ACC0078615,IND23004111,Keystone Retail Bank,470010280786155,3,2023-12-01,2024-02-29 23:59:59,17824.37,17428.56,6,0,reconciliation_analysis\2023\bank_statement_pdfs\ACC0078615_202312_202402_3M_statement.pdf,CSV,reconciliation_analysis\2023\bank_statement_source_files\csv\ACC0078615_202312_202402_3M_statement.csv
RECON-202312-ACC0078616-3M,ACC0078616,IND23005283,Keystone Retail Bank,018305270786167,3,2023-12-01,2024-02-29 23:59:59,7023.5,-26449.86,74,68,reconciliation_analysis\2023\bank_statement_pdfs\ACC0078616_202312_202402_3M_statement.pdf,TXT,reconciliation_analysis\2023\bank_statement_source_files\txt\ACC0078616_202312_202402_3M_statement.txt
RECON-202312-ACC0078617-6M,ACC0078617,IND23005283,Keystone Retail Bank,018305020786175,6,2023-12-01,2024-05-31 23:59:59,4419.87,3849.74,12,0,reconciliation_analysis\2023\bank_statement_pdfs\ACC0078617_202312_202405_6M_statement.pdf,TXT,reconciliation_analysis\2023\bank_statement_source_files\txt\ACC0078617_202312_202405_6M_statement.txt
RECON-202312-ACC0078618-6M,ACC0078618,IND23012525,Keystone Retail Bank,463005010786185,6,2023-12-01,2024-05-31 23:59:59,7721.46,-17882.74,82,74,reconciliation_analysis\2023\bank_statement_pdfs\ACC0078618_202312_202405_6M_statement.pdf,TXT,reconciliation_analysis\2023\bank_statement_source_files\txt\ACC0078618_202312_202405_6M_statement.txt
RECON-202312-ACC0078619-3M,ACC0078619,IND23001872,Keystone Retail Bank,018505030786190,3,2023-12-01,2024-02-29 23:59:59,12838.87,-16503.32,70,66,reconciliation_analysis\2023\bank_statement_pdfs\ACC0078619_202312_202402_3M_statement.pdf,ISO20022_CAMT053_XML,reconciliation_analysis\2023\bank_statement_source_files\iso20022_camt053_xml\ACC0078619_202312_202402_3M_statement.xml
RECON-202312-ACC0078620-6M,ACC0078620,IND23001872,Keystone Retail Bank,018505020786208,6,2023-12-01,2024-05-31 23:59:59,4729.53,3977.13,14,0,reconciliation_analysis\2023\bank_statement_pdfs\ACC0078620_202312_202405_6M_statement.pdf,ISO20022_CAMT053_XML,reconciliation_analysis\2023\bank_statement_source_files\iso20022_camt053_xml\ACC0078620_202312_202405_6M_statement.xml
RECON-202312-ACC0078621-3M,ACC0078621,IND23006156,Keystone Retail Bank,221305270786219,3,2023-12-01,2024-02-29 23:59:59,10422.9,-17661.75,87,82,reconciliation_analysis\2023\bank_statement_pdfs\ACC0078621_202312_202402_3M_statement.pdf,ISO20022_CAMT053_XML,reconciliation_analysis\2023\bank_statement_source_files\iso20022_camt053_xml\ACC0078621_202312_202402_3M_statement.xml
RECON-202312-ACC0078622-3M,ACC0078622,IND23012843,Keystone Retail Bank,470010270786227,3,2023-12-01,2024-02-29 23:59:59,8819.96,8333.24,6,0,reconciliation_analysis\2023\bank_statement_pdfs\ACC0078622_202312_202402_3M_statement.pdf,ISO20022_CAMT053_XML,reconciliation_analysis\2023\bank_statement_source_files\iso20022_camt053_xml\ACC0078622_202312_202402_3M_statement.xml
RECON-202312-ACC0078623-6M,ACC0078623,IND23002088,Keystone Retail Bank,210805270786235,6,2023-12-01,2024-05-31 23:59:59,13621.78,-3520.49,67,58,reconciliation_analysis\2023\bank_statement_pdfs\ACC0078623_202312_202405_6M_statement.pdf,ISO20022_CAMT053_XML,reconciliation_analysis\2023\bank_statement_source_files\iso20022_camt053_xml\ACC0078623_202312_202405_6M_statement.xml
RECON-202312-ACC0078624-3M,ACC0078624,IND23003168,Keystone Retail Bank,121417020786242,3,2023-12-01,2024-02-29 23:59:59,9218.11,-17412.3,79,76,reconciliation_analysis\2023\bank_statement_pdfs\ACC0078624_202312_202402_3M_statement.pdf,ISO20022_CAMT053_XML,reconciliation_analysis\2023\bank_statement_source_files\iso20022_camt053_xml\ACC0078624_202312_202402_3M_statement.xml
RECON-202312-ACC0078625-3M,ACC0078625,IND23006613,Keystone Retail Bank,270555030786258,3,2023-12-01,2024-02-29 23:59:59,1614.51,-27137.72,74,71,reconciliation_analysis\2023\bank_statement_pdfs\ACC0078625_202312_202402_3M_statement.pdf,ISO20022_CAMT053_XML,reconciliation_analysis\2023\bank_statement_source_files\iso20022_camt053_xml\ACC0078625_202312_202402_3M_statement.xml
RECON-202312-ACC0078626-3M,ACC0078626,IND23014563,Keystone Retail Bank,050210010786261,3,2023-12-01,2024-02-29 23:59:59,7485.53,-7742.85,49,43,reconciliation_analysis\2023\bank_statement_pdfs\ACC0078626_202312_202402_3M_statement.pdf,ISO20022_CAMT053_XML,reconciliation_analysis\2023\bank_statement_source_files\iso20022_camt053_xml\ACC0078626_202312_202402_3M_statement.xml
RECON-202312-ACC0078627-6M,ACC0078627,IND23005088,Keystone Retail Bank,168205020786277,6,2023-12-01,2024-05-31 23:59:59,17098.23,16040.21,15,0,reconciliation_analysis\2023\bank_statement_pdfs\ACC0078627_202312_202405_6M_statement.pdf,CSV,reconciliation_analysis\2023\bank_statement_source_files\csv\ACC0078627_202312_202405_6M_statement.csv
RECON-202312-ACC0078628-6M,ACC0078628,IND23006188,Keystone Retail Bank,235305010786283,6,2023-12-01,2024-05-31 23:59:59,3337.38,2698.45,13,0,reconciliation_analysis\2023\bank_statement_pdfs\ACC0078628_202312_202405_6M_statement.pdf,ISO20022_CAMT053_XML,reconciliation_analysis\2023\bank_statement_source_files\iso20022_camt053_xml\ACC0078628_202312_202405_6M_statement.xml
RECON-202312-ACC0078629-6M,ACC0078629,IND23009753,Keystone Retail Bank,188105010786295,6,2023-12-01,2024-05-31 23:59:59,3214.93,-39648.33,92,74,reconciliation_analysis\2023\bank_statement_pdfs\ACC0078629_202312_202405_6M_statement.pdf,CSV,reconciliation_analysis\2023\bank_statement_source_files\csv\ACC0078629_202312_202405_6M_statement.csv
RECON-202312-ACC0078630-3M,ACC0078630,IND23009753,Keystone Retail Bank,188105030786300,3,2023-12-01,2024-02-29 23:59:59,2913.94,2813.38,6,0,reconciliation_analysis\2023\bank_statement_pdfs\ACC0078630_202312_202402_3M_statement.pdf,CSV,reconciliation_analysis\2023\bank_statement_source_files\csv\ACC0078630_202312_202402_3M_statement.csv
RECON-202312-ACC0078631-3M,ACC0078631,IND23010020,Keystone Retail Bank,051001030786313,3,2023-12-01,2024-02-29 23:59:59,11783.37,11251.03,6,0,reconciliation_analysis\2023\bank_statement_pdfs\ACC0078631_202312_202402_3M_statement.pdf,CSV,reconciliation_analysis\2023\bank_statement_source_files\csv\ACC0078631_202312_202402_3M_statement.csv
RECON-202312-ACC0078632-6M,ACC0078632,IND23010020,Keystone Retail Bank,250655270786322,6,2023-12-01,2024-05-31 23:59:59,11061.74,10027.78,11,0,reconciliation_analysis\2023\bank_statement_pdfs\ACC0078632_202312_202405_6M_statement.pdf,TXT,reconciliation_analysis\2023\bank_statement_source_files\txt\ACC0078632_202312_202405_6M_statement.txt
RECON-202312-ACC0078633-3M,ACC0078633,IND23006573,Keystone Retail Bank,184705010786331,3,2023-12-01,2024-02-29 23:59:59,934.01,556.63,6,0,reconciliation_analysis\2023\bank_statement_pdfs\ACC0078633_202312_202402_3M_statement.pdf,ISO20022_CAMT053_XML,reconciliation_analysis\2023\bank_statement_source_files\iso20022_camt053_xml\ACC0078633_202312_202402_3M_statement.xml
RECON-202312-ACC0078634-3M,ACC0078634,IND23012074,Keystone Retail Bank,180305280786341,3,2023-12-01,2024-02-29 23:59:59,10018.37,9727.45,6,0,reconciliation_analysis\2023\bank_statement_pdfs\ACC0078634_202312_202402_3M_statement.pdf,TXT,reconciliation_analysis\2023\bank_statement_source_files\txt\ACC0078634_202312_202402_3M_statement.txt
RECON-202312-ACC0078635-6M,ACC0078635,IND23012074,Keystone Retail Bank,180205030786350,6,2023-12-01,2024-05-31 23:59:59,8844.25,8406.07,10,0,reconciliation_analysis\2023\bank_statement_pdfs\ACC0078635_202312_202405_6M_statement.pdf,TXT,reconciliation_analysis\2023\bank_statement_source_files\txt\ACC0078635_202312_202405_6M_statement.txt
RECON-202312-ACC0078636-6M,ACC0078636,IND23008021,Keystone Retail Bank,214305030786365,6,2023-12-01,2024-05-31 23:59:59,11041.35,-61182.98,95,85,reconciliation_analysis\2023\bank_statement_pdfs\ACC0078636_202312_202405_6M_statement.pdf,ISO20022_CAMT053_XML,reconciliation_analysis\2023\bank_statement_source_files\iso20022_camt053_xml\ACC0078636_202312_202405_6M_statement.xml
RECON-202312-ACC0078637-3M,ACC0078637,IND23008021,Keystone Retail Bank,214305280786375,3,2023-12-01,2024-02-29 23:59:59,8787.09,11417.92,6,0,reconciliation_analysis\2023\bank_statement_pdfs\ACC0078637_202312_202402_3M_statement.pdf,CSV,reconciliation_analysis\2023\bank_statement_source_files\csv\ACC0078637_202312_202402_3M_statement.csv
RECON-202312-ACC0078638-6M,ACC0078638,IND23001813,Keystone Retail Bank,632005020786381,6,2023-12-01,2024-05-31 23:59:59,2881.52,-35370.69,82,72,reconciliation_analysis\2023\bank_statement_pdfs\ACC0078638_202312_202405_6M_statement.pdf,CSV,reconciliation_analysis\2023\bank_statement_source_files\csv\ACC0078638_202312_202405_6M_statement.csv
RECON-202312-ACC0078639-6M,ACC0078639,IND23007212,Keystone Retail Bank,463005270786390,6,2023-12-01,2024-05-31 23:59:59,11734.29,13254.87,14,0,reconciliation_analysis\2023\bank_statement_pdfs\ACC0078639_202312_202405_6M_statement.pdf,CSV,reconciliation_analysis\2023\bank_statement_source_files\csv\ACC0078639_202312_202405_6M_statement.csv
RECON-202312-ACC0078640-6M,ACC0078640,IND23007924,Keystone Retail Bank,203705280786409,6,2023-12-01,2024-05-31 23:59:59,4043.67,-16638.14,82,70,reconciliation_analysis\2023\bank_statement_pdfs\ACC0078640_202312_202405_6M_statement.pdf,ISO20022_CAMT053_XML,reconciliation_analysis\2023\bank_statement_source_files\iso20022_camt053_xml\ACC0078640_202312_202405_6M_statement.xml
RECON-202312-ACC0078642-6M,ACC0078642,IND23005829,Keystone Retail Bank,250655280786429,6,2023-12-01,2024-05-31 23:59:59,4228.88,3604.13,11,0,reconciliation_analysis\2023\bank_statement_pdfs\ACC0078642_202312_202405_6M_statement.pdf,TXT,reconciliation_analysis\2023\bank_statement_source_files\txt\ACC0078642_202312_202405_6M_statement.txt
RECON-202312-ACC0078643-6M,ACC0078643,IND23011556,Keystone Retail Bank,221526010786436,6,2023-12-01,2024-05-31 23:59:59,6504.57,5828.63,11,0,reconciliation_analysis\2023\bank_statement_pdfs\ACC0078643_202312_202405_6M_statement.pdf,CSV,reconciliation_analysis\2023\bank_statement_source_files\csv\ACC0078643_202312_202405_6M_statement.csv
RECON-202312-ACC0078644-6M,ACC0078644,IND23007773,Keystone Retail Bank,280605010786445,6,2023-12-01,2024-05-31 23:59:59,1704.65,-36339.04,87,77,reconciliation_analysis\2023\bank_statement_pdfs\ACC0078644_202312_202405_6M_statement.pdf,CSV,reconciliation_analysis\2023\bank_statement_source_files\csv\ACC0078644_202312_202405_6M_statement.csv
RECON-202312-ACC0078645-3M,ACC0078645,IND23011591,Keystone Retail Bank,180305280786458,3,2023-12-01,2024-02-29 23:59:59,12421.29,11977.15,5,0,reconciliation_analysis\2023\bank_statement_pdfs\ACC0078645_202312_202402_3M_statement.pdf,CSV,reconciliation_analysis\2023\bank_statement_source_files\csv\ACC0078645_202312_202402_3M_statement.csv
RECON-202312-ACC0078646-3M,ACC0078646,IND23010148,Keystone Retail Bank,125505010786462,3,2023-12-01,2024-02-29 23:59:59,9027.02,-21035.67,70,64,reconciliation_analysis\2023\bank_statement_pdfs\ACC0078646_202312_202402_3M_statement.pdf,ISO20022_CAMT053_XML,reconciliation_analysis\2023\bank_statement_source_files\iso20022_camt053_xml\ACC0078646_202312_202402_3M_statement.xml
RECON-202312-ACC0078647-6M,ACC0078647,IND23010148,Keystone Retail Bank,125505280786470,6,2023-12-01,2024-05-31 23:59:59,2689.11,1948.17,12,0,reconciliation_analysis\2023\bank_statement_pdfs\ACC0078647_202312_202405_6M_statement.pdf,ISO20022_CAMT053_XML,reconciliation_analysis\2023\bank_statement_source_files\iso20022_camt053_xml\ACC0078647_202312_202405_6M_statement.xml
RECON-202312-ACC0078648-3M,ACC0078648,IND23013572,Keystone Retail Bank,261050010786482,3,2023-12-01,2024-02-29 23:59:59,6413.92,-6037.95,55,51,reconciliation_analysis\2023\bank_statement_pdfs\ACC0078648_202312_202402_3M_statement.pdf,CSV,reconciliation_analysis\2023\bank_statement_source_files\csv\ACC0078648_202312_202402_3M_statement.csv
RECON-202312-ACC0078649-6M,ACC0078649,IND23004624,Keystone Retail Bank,125405280786499,6,2023-12-01,2024-05-31 23:59:59,7387.31,6797.95,11,0,reconciliation_analysis\2023\bank_statement_pdfs\ACC0078649_202312_202405_6M_statement.pdf,ISO20022_CAMT053_XML,reconciliation_analysis\2023\bank_statement_source_files\iso20022_camt053_xml\ACC0078649_202312_202405_6M_statement.xml
RECON-202312-ACC0078650-6M,ACC0078650,IND23002807,Keystone Retail Bank,175605010786500,6,2023-12-01,2024-05-31 23:59:59,11846.46,-13885.51,66,56,reconciliation_analysis\2023\bank_statement_pdfs\ACC0078650_202312_202405_6M_statement.pdf,TXT,reconciliation_analysis\2023\bank_statement_source_files\txt\ACC0078650_202312_202405_6M_statement.txt
RECON-202312-ACC0078652-6M,ACC0078652,IND23013214,Keystone Retail Bank,050310270786528,6,2023-12-01,2024-05-31 23:59:59,5757.39,-11403.15,77,64,reconciliation_analysis\2023\bank_statement_pdfs\ACC0078652_202312_202405_6M_statement.pdf,CSV,reconciliation_analysis\2023\bank_statement_source_files\csv\ACC0078652_202312_202405_6M_statement.csv
RECON-202312-ACC0078654-3M,ACC0078654,IND23007204,Keystone Retail Bank,255355020786548,3,2023-12-01,2024-02-29 23:59:59,4902.52,-21291.57,74,67,reconciliation_analysis\2023\bank_statement_pdfs\ACC0078654_202312_202402_3M_statement.pdf,TXT,reconciliation_analysis\2023\bank_statement_source_files\txt\ACC0078654_202312_202402_3M_statement.txt
RECON-202312-ACC0078655-6M,ACC0078655,IND23000002,Keystone Retail Bank,184605010786556,6,2023-12-01,2024-05-31 23:59:59,11874.05,-2574.54,82,69,reconciliation_analysis\2023\bank_statement_pdfs\ACC0078655_202312_202405_6M_statement.pdf,CSV,reconciliation_analysis\2023\bank_statement_source_files\csv\ACC0078655_202312_202405_6M_statement.csv
RECON-202312-ACC0078656-3M,ACC0078656,IND23007193,Keystone Retail Bank,018305020786568,3,2023-12-01,2024-02-29 23:59:59,14568.18,-2872.88,90,87,reconciliation_analysis\2023\bank_statement_pdfs\ACC0078656_202312_202402_3M_statement.pdf,TXT,reconciliation_analysis\2023\bank_statement_source_files\txt\ACC0078656_202312_202402_3M_statement.txt
RECON-202312-ACC0078658-3M,ACC0078658,IND23013385,Keystone Retail Bank,121417280786582,3,2023-12-01,2024-02-29 23:59:59,10858.01,-18302.46,80,75,reconciliation_analysis\2023\bank_statement_pdfs\ACC0078658_202312_202402_3M_statement.pdf,ISO20022_CAMT053_XML,reconciliation_analysis\2023\bank_statement_source_files\iso20022_camt053_xml\ACC0078658_202312_202402_3M_statement.xml
RECON-202312-ACC0078659-3M,ACC0078659,IND23006327,Keystone Retail Bank,221426020786598,3,2023-12-01,2024-02-29 23:59:59,1874.84,-22403.09,74,72,reconciliation_analysis\2023\bank_statement_pdfs\ACC0078659_202312_202402_3M_statement.pdf,ISO20022_CAMT053_XML,reconciliation_analysis\2023\bank_statement_source_files\iso20022_camt053_xml\ACC0078659_202312_202402_3M_statement.xml
RECON-202312-ACC0078660-6M,ACC0078660,IND23011211,Keystone Retail Bank,255005020786603,6,2023-12-01,2024-05-31 23:59:59,8907.43,8254.37,12,0,reconciliation_analysis\2023\bank_statement_pdfs\ACC0078660_202312_202405_6M_statement.pdf,ISO20022_CAMT053_XML,reconciliation_analysis\2023\bank_statement_source_files\iso20022_camt053_xml\ACC0078660_202312_202405_6M_statement.xml
RECON-202312-ACC0078661-3M,ACC0078661,IND23002883,Keystone Retail Bank,632005280786612,3,2023-12-01,2024-02-29 23:59:59,3099.1,-28792.47,80,72,reconciliation_analysis\2023\bank_statement_pdfs\ACC0078661_202312_202402_3M_statement.pdf,TXT,reconciliation_analysis\2023\bank_statement_source_files\txt\ACC0078661_202312_202402_3M_statement.txt
RECON-202312-ACC0078662-3M,ACC0078662,IND23001109,Keystone Retail Bank,255355280786628,3,2023-12-01,2024-02-29 23:59:59,4794.42,4263.4,6,0,reconciliation_analysis\2023\bank_statement_pdfs\ACC0078662_202312_202402_3M_statement.pdf,CSV,reconciliation_analysis\2023\bank_statement_source_files\csv\ACC0078662_202312_202402_3M_statement.csv
RECON-202312-ACC0078663-3M,ACC0078663,IND23003046,Keystone Retail Bank,140605280786637,3,2023-12-01,2024-02-29 23:59:59,8004.0,7441.85,7,0,reconciliation_analysis\2023\bank_statement_pdfs\ACC0078663_202312_202402_3M_statement.pdf,TXT,reconciliation_analysis\2023\bank_statement_source_files\txt\ACC0078663_202312_202402_3M_statement.txt
RECON-202312-ACC0078664-6M,ACC0078664,IND23006660,Keystone Retail Bank,217705010786643,6,2023-12-01,2024-05-31 23:59:59,17534.69,17066.25,13,0,reconciliation_analysis\2023\bank_statement_pdfs\ACC0078664_202312_202405_6M_statement.pdf,TXT,reconciliation_analysis\2023\bank_statement_source_files\txt\ACC0078664_202312_202405_6M_statement.txt
RECON-202312-ACC0078665-6M,ACC0078665,IND23010370,Keystone Retail Bank,018305020786657,6,2023-12-01,2024-05-31 23:59:59,8157.03,-19150.25,82,69,reconciliation_analysis\2023\bank_statement_pdfs\ACC0078665_202312_202405_6M_statement.pdf,TXT,reconciliation_analysis\2023\bank_statement_source_files\txt\ACC0078665_202312_202405_6M_statement.txt
RECON-202312-ACC0078667-6M,ACC0078667,IND23013289,Keystone Retail Bank,172005030786671,6,2023-12-01,2024-05-31 23:59:59,1894.75,917.06,15,0,reconciliation_analysis\2023\bank_statement_pdfs\ACC0078667_202312_202405_6M_statement.pdf,ISO20022_CAMT053_XML,reconciliation_analysis\2023\bank_statement_source_files\iso20022_camt053_xml\ACC0078667_202312_202405_6M_statement.xml
RECON-202312-ACC0078668-6M,ACC0078668,IND23010160,Keystone Retail Bank,270555270786689,6,2023-12-01,2024-05-31 23:59:59,8333.01,-28776.38,74,63,reconciliation_analysis\2023\bank_statement_pdfs\ACC0078668_202312_202405_6M_statement.pdf,ISO20022_CAMT053_XML,reconciliation_analysis\2023\bank_statement_source_files\iso20022_camt053_xml\ACC0078668_202312_202405_6M_statement.xml
RECON-202312-ACC0078669-3M,ACC0078669,IND23013890,Keystone Retail Bank,175605030786697,3,2023-12-01,2024-02-29 23:59:59,11664.75,-23737.2,78,71,reconciliation_analysis\2023\bank_statement_pdfs\ACC0078669_202312_202402_3M_statement.pdf,ISO20022_CAMT053_XML,reconciliation_analysis\2023\bank_statement_source_files\iso20022_camt053_xml\ACC0078669_202312_202402_3M_statement.xml
RECON-202312-ACC0078670-6M,ACC0078670,IND23012836,Keystone Retail Bank,510255280786707,6,2023-12-01,2024-05-31 23:59:59,5217.95,4828.45,11,0,reconciliation_analysis\2023\bank_statement_pdfs\ACC0078670_202312_202405_6M_statement.pdf,ISO20022_CAMT053_XML,reconciliation_analysis\2023\bank_statement_source_files\iso20022_camt053_xml\ACC0078670_202312_202405_6M_statement.xml
RECON-202312-ACC0078671-6M,ACC0078671,IND23006895,Keystone Retail Bank,018505030786716,6,2023-12-01,2024-05-31 23:59:59,10414.92,-17228.72,79,66,reconciliation_analysis\2023\bank_statement_pdfs\ACC0078671_202312_202405_6M_statement.pdf,TXT,reconciliation_analysis\2023\bank_statement_source_files\txt\ACC0078671_202312_202405_6M_statement.txt
RECON-202312-ACC0078672-6M,ACC0078672,IND23006895,Keystone Retail Bank,018305270786729,6,2023-12-01,2024-05-31 23:59:59,17836.8,17235.67,11,0,reconciliation_analysis\2023\bank_statement_pdfs\ACC0078672_202312_202405_6M_statement.pdf,CSV,reconciliation_analysis\2023\bank_statement_source_files\csv\ACC0078672_202312_202405_6M_statement.csv
RECON-202312-ACC0078673-3M,ACC0078673,IND23007045,Keystone Retail Bank,204109280786730,3,2023-12-01,2024-02-29 23:59:59,6745.06,-31326.89,75,70,reconciliation_analysis\2023\bank_statement_pdfs\ACC0078673_202312_202402_3M_statement.pdf,ISO20022_CAMT053_XML,reconciliation_analysis\2023\bank_statement_source_files\iso20022_camt053_xml\ACC0078673_202312_202402_3M_statement.xml
RECON-202312-ACC0078674-6M,ACC0078674,IND23007045,Keystone Retail Bank,470010010786745,6,2023-12-01,2024-05-31 23:59:59,12205.01,11387.13,13,0,reconciliation_analysis\2023\bank_statement_pdfs\ACC0078674_202312_202405_6M_statement.pdf,TXT,reconciliation_analysis\2023\bank_statement_source_files\txt\ACC0078674_202312_202405_6M_statement.txt
RECON-202312-ACC0078675-3M,ACC0078675,IND23006654,Keystone Retail Bank,245705280786750,3,2023-12-01,2024-02-29 23:59:59,11424.89,-11589.43,64,57,reconciliation_analysis\2023\bank_statement_pdfs\ACC0078675_202312_202402_3M_statement.pdf,ISO20022_CAMT053_XML,reconciliation_analysis\2023\bank_statement_source_files\iso20022_camt053_xml\ACC0078675_202312_202402_3M_statement.xml
RECON-202312-ACC0078676-3M,ACC0078676,IND23007500,Keystone Retail Bank,214305030786767,3,2023-12-01,2024-02-29 23:59:59,9679.86,-31080.79,91,87,reconciliation_analysis\2023\bank_statement_pdfs\ACC0078676_202312_202402_3M_statement.pdf,TXT,reconciliation_analysis\2023\bank_statement_source_files\txt\ACC0078676_202312_202402_3M_statement.txt
RECON-202312-ACC0078677-3M,ACC0078677,IND23012774,Keystone Retail Bank,210705030786770,3,2023-12-01,2024-02-29 23:59:59,7335.03,1435.79,65,58,reconciliation_analysis\2023\bank_statement_pdfs\ACC0078677_202312_202402_3M_statement.pdf,CSV,reconciliation_analysis\2023\bank_statement_source_files\csv\ACC0078677_202312_202402_3M_statement.csv
RECON-202312-ACC0078678-6M,ACC0078678,IND23011364,Keystone Retail Bank,463105020786781,6,2023-12-01,2024-05-31 23:59:59,3296.71,-98766.24,88,76,reconciliation_analysis\2023\bank_statement_pdfs\ACC0078678_202312_202405_6M_statement.pdf,TXT,reconciliation_analysis\2023\bank_statement_source_files\txt\ACC0078678_202312_202405_6M_statement.txt
RECON-202312-ACC0078679-6M,ACC0078679,IND23005556,Keystone Retail Bank,280605030786792,6,2023-12-01,2024-05-31 23:59:59,7361.5,-10517.71,79,66,reconciliation_analysis\2023\bank_statement_pdfs\ACC0078679_202312_202405_6M_statement.pdf,TXT,reconciliation_analysis\2023\bank_statement_source_files\txt\ACC0078679_202312_202405_6M_statement.txt
RECON-202312-ACC0078680-3M,ACC0078680,IND23009274,Keystone Retail Bank,175605270786804,3,2023-12-01,2024-02-29 23:59:59,2233.62,-10723.67,74,67,reconciliation_analysis\2023\bank_statement_pdfs\ACC0078680_202312_202402_3M_statement.pdf,CSV,reconciliation_analysis\2023\bank_statement_source_files\csv\ACC0078680_202312_202402_3M_statement.csv
RECON-202312-ACC0078682-6M,ACC0078682,IND23007352,Keystone Retail Bank,050210030786821,6,2023-12-01,2024-05-31 23:59:59,6720.58,96736.51,98,84,reconciliation_analysis\2023\bank_statement_pdfs\ACC0078682_202312_202405_6M_statement.pdf,ISO20022_CAMT053_XML,reconciliation_analysis\2023\bank_statement_source_files\iso20022_camt053_xml\ACC0078682_202312_202405_6M_statement.xml
RECON-202312-ACC0078683-6M,ACC0078683,IND23014373,Keystone Retail Bank,280505020786838,6,2023-12-01,2024-05-31 23:59:59,1539.41,1001.51,10,0,reconciliation_analysis\2023\bank_statement_pdfs\ACC0078683_202312_202405_6M_statement.pdf,CSV,reconciliation_analysis\2023\bank_statement_source_files\csv\ACC0078683_202312_202405_6M_statement.csv
RECON-202312-ACC0078684-6M,ACC0078684,IND23003414,Keystone Retail Bank,221426030786846,6,2023-12-01,2024-05-31 23:59:59,12875.39,-9057.28,69,61,reconciliation_analysis\2023\bank_statement_pdfs\ACC0078684_202312_202405_6M_statement.pdf,CSV,reconciliation_analysis\2023\bank_statement_source_files\csv\ACC0078684_202312_202405_6M_statement.csv
RECON-202312-ACC0078685-3M,ACC0078685,IND23006756,Keystone Retail Bank,018305280786853,3,2023-12-01,2024-02-29 23:59:59,14358.71,895.84,71,65,reconciliation_analysis\2023\bank_statement_pdfs\ACC0078685_202312_202402_3M_statement.pdf,ISO20022_CAMT053_XML,reconciliation_analysis\2023\bank_statement_source_files\iso20022_camt053_xml\ACC0078685_202312_202402_3M_statement.xml
RECON-202312-ACC0078686-3M,ACC0078686,IND23010254,Keystone Retail Bank,217705020786866,3,2023-12-01,2024-02-29 23:59:59,6796.07,-9669.25,71,69,reconciliation_analysis\2023\bank_statement_pdfs\ACC0078686_202312_202402_3M_statement.pdf,ISO20022_CAMT053_XML,reconciliation_analysis\2023\bank_statement_source_files\iso20022_camt053_xml\ACC0078686_202312_202402_3M_statement.xml
RECON-202312-ACC0078687-6M,ACC0078687,IND23005364,Keystone Retail Bank,184705020786876,6,2023-12-01,2024-05-31 23:59:59,14535.6,13839.1,12,0,reconciliation_analysis\2023\bank_statement_pdfs\ACC0078687_202312_202405_6M_statement.pdf,CSV,reconciliation_analysis\2023\bank_statement_source_files\csv\ACC0078687_202312_202405_6M_statement.csv
RECON-202312-ACC0078688-3M,ACC0078688,IND23000444,Keystone Retail Bank,200205010786885,3,2023-12-01,2024-02-29 23:59:59,1891.73,-8738.04,65,59,reconciliation_analysis\2023\bank_statement_pdfs\ACC0078688_202312_202402_3M_statement.pdf,CSV,reconciliation_analysis\2023\bank_statement_source_files\csv\ACC0078688_202312_202402_3M_statement.csv
RECON-202312-ACC0078689-3M,ACC0078689,IND23013358,Keystone Retail Bank,632005030786899,3,2023-12-01,2024-02-29 23:59:59,1355.58,3274.79,10,0,reconciliation_analysis\2023\bank_statement_pdfs\ACC0078689_202312_202402_3M_statement.pdf,ISO20022_CAMT053_XML,reconciliation_analysis\2023\bank_statement_source_files\iso20022_camt053_xml\ACC0078689_202312_202402_3M_statement.xml
RECON-202312-ACC0078690-3M,ACC0078690,IND23003184,Keystone Retail Bank,463005270786907,3,2023-12-01,2024-02-29 23:59:59,2546.69,-49280.96,70,63,reconciliation_analysis\2023\bank_statement_pdfs\ACC0078690_202312_202402_3M_statement.pdf,CSV,reconciliation_analysis\2023\bank_statement_source_files\csv\ACC0078690_202312_202402_3M_statement.csv
RECON-202312-ACC0078692-6M,ACC0078692,IND23014237,Keystone Retail Bank,632005020786925,6,2023-12-01,2024-05-31 23:59:59,13183.12,-15756.43,55,41,reconciliation_analysis\2023\bank_statement_pdfs\ACC0078692_202312_202405_6M_statement.pdf,ISO20022_CAMT053_XML,reconciliation_analysis\2023\bank_statement_source_files\iso20022_camt053_xml\ACC0078692_202312_202405_6M_statement.xml
RECON-202312-ACC0078693-3M,ACC0078693,IND23002779,Keystone Retail Bank,198765010786938,3,2023-12-01,2024-02-29 23:59:59,7492.43,7102.58,6,0,reconciliation_analysis\2023\bank_statement_pdfs\ACC0078693_202312_202402_3M_statement.pdf,TXT,reconciliation_analysis\2023\bank_statement_source_files\txt\ACC0078693_202312_202402_3M_statement.txt
RECON-202312-ACC0078694-6M,ACC0078694,IND23010313,Keystone Retail Bank,060210270786948,6,2023-12-01,2024-05-31 23:59:59,6150.07,7055.8,13,0,reconciliation_analysis\2023\bank_statement_pdfs\ACC0078694_202312_202405_6M_statement.pdf,TXT,reconciliation_analysis\2023\bank_statement_source_files\txt\ACC0078694_202312_202405_6M_statement.txt
RECON-202312-ACC0078695-6M,ACC0078695,IND23012364,Keystone Retail Bank,198765020786955,6,2023-12-01,2024-05-31 23:59:59,5577.08,8437.87,13,0,reconciliation_analysis\2023\bank_statement_pdfs\ACC0078695_202312_202405_6M_statement.pdf,CSV,reconciliation_analysis\2023\bank_statement_source_files\csv\ACC0078695_202312_202405_6M_statement.csv
RECON-202312-ACC0078696-6M,ACC0078696,IND23006577,Keystone Retail Bank,221526010786963,6,2023-12-01,2024-05-31 23:59:59,9455.77,8808.67,14,0,reconciliation_analysis\2023\bank_statement_pdfs\ACC0078696_202312_202405_6M_statement.pdf,ISO20022_CAMT053_XML,reconciliation_analysis\2023\bank_statement_source_files\iso20022_camt053_xml\ACC0078696_202312_202405_6M_statement.xml
RECON-202312-ACC0078697-3M,ACC0078697,IND23008346,Keystone Retail Bank,463005280786979,3,2023-12-01,2024-02-29 23:59:59,10238.05,10103.26,3,0,reconciliation_analysis\2023\bank_statement_pdfs\ACC0078697_202312_202402_3M_statement.pdf,ISO20022_CAMT053_XML,reconciliation_analysis\2023\bank_statement_source_files\iso20022_camt053_xml\ACC0078697_202312_202402_3M_statement.xml
RECON-202312-ACC0078698-3M,ACC0078698,IND23012024,Keystone Retail Bank,203805030786989,3,2023-12-01,2024-02-29 23:59:59,12638.46,1772.09,71,66,reconciliation_analysis\2023\bank_statement_pdfs\ACC0078698_202312_202402_3M_statement.pdf,ISO20022_CAMT053_XML,reconciliation_analysis\2023\bank_statement_source_files\iso20022_camt053_xml\ACC0078698_202312_202402_3M_statement.xml
RECON-202312-ACC0078699-3M,ACC0078699,IND23012302,Keystone Retail Bank,430110030786997,3,2023-12-01,2024-02-29 23:59:59,12597.68,12182.29,7,0,reconciliation_analysis\2023\bank_statement_pdfs\ACC0078699_202312_202402_3M_statement.pdf,TXT,reconciliation_analysis\2023\bank_statement_source_files\txt\ACC0078699_202312_202402_3M_statement.txt
RECON-202312-ACC0078700-3M,ACC0078700,IND23005742,Keystone Retail Bank,020909280787008,3,2023-12-01,2024-02-29 23:59:59,12408.74,-10793.03,78,72,reconciliation_analysis\2023\bank_statement_pdfs\ACC0078700_202312_202402_3M_statement.pdf,CSV,reconciliation_analysis\2023\bank_statement_source_files\csv\ACC0078700_202312_202402_3M_statement.csv
RECON-202312-ACC0078701-6M,ACC0078701,IND23003020,Keystone Retail Bank,060110270787019,6,2023-12-01,2024-05-31 23:59:59,8561.79,-8689.49,88,78,reconciliation_analysis\2023\bank_statement_pdfs\ACC0078701_202312_202405_6M_statement.pdf,ISO20022_CAMT053_XML,reconciliation_analysis\2023\bank_statement_source_files\iso20022_camt053_xml\ACC0078701_202312_202405_6M_statement.xml
RECON-202312-ACC0078702-6M,ACC0078702,IND23003887,Keystone Retail Bank,280605010787024,6,2023-12-01,2024-05-31 23:59:59,6663.34,6014.03,13,0,reconciliation_analysis\2023\bank_statement_pdfs\ACC0078702_202312_202405_6M_statement.pdf,ISO20022_CAMT053_XML,reconciliation_analysis\2023\bank_statement_source_files\iso20022_camt053_xml\ACC0078702_202312_202405_6M_statement.xml
RECON-202312-ACC0078703-6M,ACC0078703,IND23002681,Keystone Retail Bank,050210280787036,6,2023-12-01,2024-05-31 23:59:59,3097.89,-78852.09,64,54,reconciliation_analysis\2023\bank_statement_pdfs\ACC0078703_202312_202405_6M_statement.pdf,ISO20022_CAMT053_XML,reconciliation_analysis\2023\bank_statement_source_files\iso20022_camt053_xml\ACC0078703_202312_202405_6M_statement.xml
RECON-202312-ACC0078704-3M,ACC0078704,IND23004639,Keystone Retail Bank,261050010787043,3,2023-12-01,2024-02-29 23:59:59,14608.81,14452.71,6,0,reconciliation_analysis\2023\bank_statement_pdfs\ACC0078704_202312_202402_3M_statement.pdf,ISO20022_CAMT053_XML,reconciliation_analysis\2023\bank_statement_source_files\iso20022_camt053_xml\ACC0078704_202312_202402_3M_statement.xml
RECON-202312-ACC0078705-3M,ACC0078705,IND23006283,Keystone Retail Bank,198765030787051,3,2023-12-01,2024-02-29 23:59:59,8235.51,-1496.81,47,43,reconciliation_analysis\2023\bank_statement_pdfs\ACC0078705_202312_202402_3M_statement.pdf,ISO20022_CAMT053_XML,reconciliation_analysis\2023\bank_statement_source_files\iso20022_camt053_xml\ACC0078705_202312_202402_3M_statement.xml
RECON-202312-ACC0078706-3M,ACC0078706,IND23002735,Keystone Retail Bank,125505030787067,3,2023-12-01,2024-02-29 23:59:59,13711.85,14943.64,9,0,reconciliation_analysis\2023\bank_statement_pdfs\ACC0078706_202312_202402_3M_statement.pdf,CSV,reconciliation_analysis\2023\bank_statement_source_files\csv\ACC0078706_202312_202402_3M_statement.csv
RECON-202312-ACC0078707-3M,ACC0078707,IND23004499,Keystone Retail Bank,012345020787070,3,2023-12-01,2024-02-29 23:59:59,5687.84,7366.04,7,0,reconciliation_analysis\2023\bank_statement_pdfs\ACC0078707_202312_202402_3M_statement.pdf,CSV,reconciliation_analysis\2023\bank_statement_source_files\csv\ACC0078707_202312_202402_3M_statement.csv
RECON-202312-ACC0078708-3M,ACC0078708,IND23013108,Keystone Retail Bank,270555020787089,3,2023-12-01,2024-02-29 23:59:59,15317.88,14900.69,7,0,reconciliation_analysis\2023\bank_statement_pdfs\ACC0078708_202312_202402_3M_statement.pdf,CSV,reconciliation_analysis\2023\bank_statement_source_files\csv\ACC0078708_202312_202402_3M_statement.csv
RECON-202312-ACC0078709-6M,ACC0078709,IND23013005,Keystone Retail Bank,168205270787099,6,2023-12-01,2024-05-31 23:59:59,7290.56,9074.35,15,0,reconciliation_analysis\2023\bank_statement_pdfs\ACC0078709_202312_202405_6M_statement.pdf,ISO20022_CAMT053_XML,reconciliation_analysis\2023\bank_statement_source_files\iso20022_camt053_xml\ACC0078709_202312_202405_6M_statement.xml
RECON-202312-ACC0078710-6M,ACC0078710,IND23012111,Keystone Retail Bank,280605010787104,6,2023-12-01,2024-05-31 23:59:59,2545.6,-14129.09,83,72,reconciliation_analysis\2023\bank_statement_pdfs\ACC0078710_202312_202405_6M_statement.pdf,ISO20022_CAMT053_XML,reconciliation_analysis\2023\bank_statement_source_files\iso20022_camt053_xml\ACC0078710_202312_202405_6M_statement.xml
RECON-202312-ACC0078711-3M,ACC0078711,IND23001270,Keystone Retail Bank,632005020787111,3,2023-12-01,2024-02-29 23:59:59,11373.65,-305.04,62,57,reconciliation_analysis\2023\bank_statement_pdfs\ACC0078711_202312_202402_3M_statement.pdf,CSV,reconciliation_analysis\2023\bank_statement_source_files\csv\ACC0078711_202312_202402_3M_statement.csv
RECON-202312-ACC0078712-6M,ACC0078712,IND23004931,Keystone Retail Bank,632005280787120,6,2023-12-01,2024-05-31 23:59:59,10360.32,13054.71,12,0,reconciliation_analysis\2023\bank_statement_pdfs\ACC0078712_202312_202405_6M_statement.pdf,ISO20022_CAMT053_XML,reconciliation_analysis\2023\bank_statement_source_files\iso20022_camt053_xml\ACC0078712_202312_202405_6M_statement.xml
RECON-202312-ACC0078713-3M,ACC0078713,IND23014410,Keystone Retail Bank,160205280787138,3,2023-12-01,2024-02-29 23:59:59,10847.18,10523.55,7,0,reconciliation_analysis\2023\bank_statement_pdfs\ACC0078713_202312_202402_3M_statement.pdf,CSV,reconciliation_analysis\2023\bank_statement_source_files\csv\ACC0078713_202312_202402_3M_statement.csv
RECON-202312-ACC0078714-6M,ACC0078714,IND23000565,Keystone Retail Bank,121417030787142,6,2023-12-01,2024-05-31 23:59:59,8732.26,8179.37,12,0,reconciliation_analysis\2023\bank_statement_pdfs\ACC0078714_202312_202405_6M_statement.pdf,ISO20022_CAMT053_XML,reconciliation_analysis\2023\bank_statement_source_files\iso20022_camt053_xml\ACC0078714_202312_202405_6M_statement.xml
RECON-202312-ACC0078715-3M,ACC0078715,IND23006859,Keystone Retail Bank,255355030787153,3,2023-12-01,2024-02-29 23:59:59,14208.48,13821.95,5,0,reconciliation_analysis\2023\bank_statement_pdfs\ACC0078715_202312_202402_3M_statement.pdf,CSV,reconciliation_analysis\2023\bank_statement_source_files\csv\ACC0078715_202312_202402_3M_statement.csv
RECON-202312-ACC0078716-6M,ACC0078716,IND23003992,Keystone Retail Bank,060110030787160,6,2023-12-01,2024-05-31 23:59:59,11811.47,11036.51,12,0,reconciliation_analysis\2023\bank_statement_pdfs\ACC0078716_202312_202405_6M_statement.pdf,ISO20022_CAMT053_XML,reconciliation_analysis\2023\bank_statement_source_files\iso20022_camt053_xml\ACC0078716_202312_202405_6M_statement.xml
RECON-202312-ACC0078717-3M,ACC0078717,IND23014803,Keystone Retail Bank,125405030787175,3,2023-12-01,2024-02-29 23:59:59,14582.16,-4121.65,55,53,reconciliation_analysis\2023\bank_statement_pdfs\ACC0078717_202312_202402_3M_statement.pdf,CSV,reconciliation_analysis\2023\bank_statement_source_files\csv\ACC0078717_202312_202402_3M_statement.csv
RECON-202312-ACC0078718-3M,ACC0078718,IND23012317,Keystone Retail Bank,198775270787186,3,2023-12-01,2024-02-29 23:59:59,11215.53,-11435.02,63,59,reconciliation_analysis\2023\bank_statement_pdfs\ACC0078718_202312_202402_3M_statement.pdf,CSV,reconciliation_analysis\2023\bank_statement_source_files\csv\ACC0078718_202312_202402_3M_statement.csv
RECON-202312-ACC0078719-3M,ACC0078719,IND23004801,Keystone Retail Bank,191705280787192,3,2023-12-01,2024-02-29 23:59:59,8191.49,-17701.64,64,59,reconciliation_analysis\2023\bank_statement_pdfs\ACC0078719_202312_202402_3M_statement.pdf,CSV,reconciliation_analysis\2023\bank_statement_source_files\csv\ACC0078719_202312_202402_3M_statement.csv
RECON-202312-ACC0078720-6M,ACC0078720,IND23009441,Keystone Retail Bank,261550270787208,6,2023-12-01,2024-05-31 23:59:59,5388.24,-31737.55,73,65,reconciliation_analysis\2023\bank_statement_pdfs\ACC0078720_202312_202405_6M_statement.pdf,CSV,reconciliation_analysis\2023\bank_statement_source_files\csv\ACC0078720_202312_202405_6M_statement.csv
RECON-202312-ACC0078721-3M,ACC0078721,IND23000933,Keystone Retail Bank,255355010787217,3,2023-12-01,2024-02-29 23:59:59,14607.04,-18234.65,82,78,reconciliation_analysis\2023\bank_statement_pdfs\ACC0078721_202312_202402_3M_statement.pdf,CSV,reconciliation_analysis\2023\bank_statement_source_files\csv\ACC0078721_202312_202402_3M_statement.csv
RECON-202312-ACC0078722-3M,ACC0078722,IND23006299,Keystone Retail Bank,261550020787225,3,2023-12-01,2024-02-29 23:59:59,2432.45,-14613.85,68,61,reconciliation_analysis\2023\bank_statement_pdfs\ACC0078722_202312_202402_3M_statement.pdf,CSV,reconciliation_analysis\2023\bank_statement_source_files\csv\ACC0078722_202312_202402_3M_statement.csv
RECON-202312-ACC0078723-6M,ACC0078723,IND23004075,Keystone Retail Bank,172005280787233,6,2023-12-01,2024-05-31 23:59:59,14675.58,-1452.32,86,74,reconciliation_analysis\2023\bank_statement_pdfs\ACC0078723_202312_202405_6M_statement.pdf,ISO20022_CAMT053_XML,reconciliation_analysis\2023\bank_statement_source_files\iso20022_camt053_xml\ACC0078723_202312_202405_6M_statement.xml
RECON-202312-ACC0078724-3M,ACC0078724,IND23004501,Keystone Retail Bank,203705010787249,3,2023-12-01,2024-02-29 23:59:59,17978.59,19523.64,8,0,reconciliation_analysis\2023\bank_statement_pdfs\ACC0078724_202312_202402_3M_statement.pdf,ISO20022_CAMT053_XML,reconciliation_analysis\2023\bank_statement_source_files\iso20022_camt053_xml\ACC0078724_202312_202402_3M_statement.xml
RECON-202312-ACC0078725-3M,ACC0078725,IND23005495,Keystone Retail Bank,160105270787256,3,2023-12-01,2024-02-29 23:59:59,2445.52,1824.42,9,0,reconciliation_analysis\2023\bank_statement_pdfs\ACC0078725_202312_202402_3M_statement.pdf,ISO20022_CAMT053_XML,reconciliation_analysis\2023\bank_statement_source_files\iso20022_camt053_xml\ACC0078725_202312_202402_3M_statement.xml
RECON-202312-ACC0078726-6M,ACC0078726,IND23004737,Keystone Retail Bank,463105010787263,6,2023-12-01,2024-05-31 23:59:59,12866.96,-13615.76,77,68,reconciliation_analysis\2023\bank_statement_pdfs\ACC0078726_202312_202405_6M_statement.pdf,ISO20022_CAMT053_XML,reconciliation_analysis\2023\bank_statement_source_files\iso20022_camt053_xml\ACC0078726_202312_202405_6M_statement.xml
RECON-202312-ACC0078727-6M,ACC0078727,IND23011562,Keystone Retail Bank,261550010787271,6,2023-12-01,2024-05-31 23:59:59,12659.68,12224.08,10,0,reconciliation_analysis\2023\bank_statement_pdfs\ACC0078727_202312_202405_6M_statement.pdf,CSV,reconciliation_analysis\2023\bank_statement_source_files\csv\ACC0078727_202312_202405_6M_statement.csv
RECON-202312-ACC0078728-6M,ACC0078728,IND23004384,Keystone Retail Bank,255355030787288,6,2023-12-01,2024-05-31 23:59:59,3374.36,-12226.38,71,60,reconciliation_analysis\2023\bank_statement_pdfs\ACC0078728_202312_202405_6M_statement.pdf,CSV,reconciliation_analysis\2023\bank_statement_source_files\csv\ACC0078728_202312_202405_6M_statement.csv
RECON-202312-ACC0078729-3M,ACC0078729,IND23005105,Keystone Retail Bank,200305270787294,3,2023-12-01,2024-02-29 23:59:59,7778.93,-28064.24,78,74,reconciliation_analysis\2023\bank_statement_pdfs\ACC0078729_202312_202402_3M_statement.pdf,ISO20022_CAMT053_XML,reconciliation_analysis\2023\bank_statement_source_files\iso20022_camt053_xml\ACC0078729_202312_202402_3M_statement.xml
RECON-202312-ACC0078730-3M,ACC0078730,IND23005105,Keystone Retail Bank,200305030787309,3,2023-12-01,2024-02-29 23:59:59,3586.18,3208.15,7,0,reconciliation_analysis\2023\bank_statement_pdfs\ACC0078730_202312_202402_3M_statement.pdf,ISO20022_CAMT053_XML,reconciliation_analysis\2023\bank_statement_source_files\iso20022_camt053_xml\ACC0078730_202312_202402_3M_statement.xml
RECON-202312-ACC0078731-6M,ACC0078731,IND23001156,Keystone Retail Bank,164605270787315,6,2023-12-01,2024-05-31 23:59:59,3087.62,-34186.47,83,72,reconciliation_analysis\2023\bank_statement_pdfs\ACC0078731_202312_202405_6M_statement.pdf,CSV,reconciliation_analysis\2023\bank_statement_source_files\csv\ACC0078731_202312_202405_6M_statement.csv
RECON-202312-ACC0078732-3M,ACC0078732,IND23011071,Keystone Retail Bank,018505270787324,3,2023-12-01,2024-02-29 23:59:59,6258.08,-48631.66,77,73,reconciliation_analysis\2023\bank_statement_pdfs\ACC0078732_202312_202402_3M_statement.pdf,TXT,reconciliation_analysis\2023\bank_statement_source_files\txt\ACC0078732_202312_202402_3M_statement.txt
RECON-202312-ACC0078733-3M,ACC0078733,IND23011071,Keystone Retail Bank,018505280787332,3,2023-12-01,2024-02-29 23:59:59,5498.42,5296.36,4,0,reconciliation_analysis\2023\bank_statement_pdfs\ACC0078733_202312_202402_3M_statement.pdf,CSV,reconciliation_analysis\2023\bank_statement_source_files\csv\ACC0078733_202312_202402_3M_statement.csv
RECON-202312-ACC0078734-6M,ACC0078734,IND23014854,Keystone Retail Bank,188105010787347,6,2023-12-01,2024-05-31 23:59:59,1507.64,-16502.56,61,48,reconciliation_analysis\2023\bank_statement_pdfs\ACC0078734_202312_202405_6M_statement.pdf,CSV,reconciliation_analysis\2023\bank_statement_source_files\csv\ACC0078734_202312_202405_6M_statement.csv
RECON-202312-ACC0078735-3M,ACC0078735,IND23012553,Keystone Retail Bank,134705030787351,3,2023-12-01,2024-02-29 23:59:59,11471.75,11264.43,5,0,reconciliation_analysis\2023\bank_statement_pdfs\ACC0078735_202312_202402_3M_statement.pdf,TXT,reconciliation_analysis\2023\bank_statement_source_files\txt\ACC0078735_202312_202402_3M_statement.txt
RECON-202312-ACC0078736-6M,ACC0078736,IND23012553,Keystone Retail Bank,134605270787363,6,2023-12-01,2024-05-31 23:59:59,5838.3,4827.95,15,0,reconciliation_analysis\2023\bank_statement_pdfs\ACC0078736_202312_202405_6M_statement.pdf,ISO20022_CAMT053_XML,reconciliation_analysis\2023\bank_statement_source_files\iso20022_camt053_xml\ACC0078736_202312_202405_6M_statement.xml
RECON-202312-ACC0078737-6M,ACC0078737,IND23000854,Keystone Retail Bank,261550020787378,6,2023-12-01,2024-05-31 23:59:59,10455.27,-26746.06,80,72,reconciliation_analysis\2023\bank_statement_pdfs\ACC0078737_202312_202405_6M_statement.pdf,ISO20022_CAMT053_XML,reconciliation_analysis\2023\bank_statement_source_files\iso20022_camt053_xml\ACC0078737_202312_202405_6M_statement.xml
RECON-202312-ACC0078738-3M,ACC0078738,IND23000854,Keystone Retail Bank,198765020787383,3,2023-12-01,2024-02-29 23:59:59,16126.36,15950.7,7,0,reconciliation_analysis\2023\bank_statement_pdfs\ACC0078738_202312_202402_3M_statement.pdf,ISO20022_CAMT053_XML,reconciliation_analysis\2023\bank_statement_source_files\iso20022_camt053_xml\ACC0078738_202312_202402_3M_statement.xml
RECON-202312-ACC0078739-6M,ACC0078739,IND23000475,Keystone Retail Bank,261550270787397,6,2023-12-01,2024-05-31 23:59:59,1937.95,-21978.4,84,75,reconciliation_analysis\2023\bank_statement_pdfs\ACC0078739_202312_202405_6M_statement.pdf,CSV,reconciliation_analysis\2023\bank_statement_source_files\csv\ACC0078739_202312_202405_6M_statement.csv
RECON-202312-ACC0078740-3M,ACC0078740,IND23009193,Keystone Retail Bank,050910020787404,3,2023-12-01,2024-02-29 23:59:59,10188.48,9744.63,6,0,reconciliation_analysis\2023\bank_statement_pdfs\ACC0078740_202312_202402_3M_statement.pdf,ISO20022_CAMT053_XML,reconciliation_analysis\2023\bank_statement_source_files\iso20022_camt053_xml\ACC0078740_202312_202402_3M_statement.xml
RECON-202312-ACC0078741-6M,ACC0078741,IND23007327,Keystone Retail Bank,198765020787418,6,2023-12-01,2024-05-31 23:59:59,8537.99,7973.7,9,0,reconciliation_analysis\2023\bank_statement_pdfs\ACC0078741_202312_202405_6M_statement.pdf,ISO20022_CAMT053_XML,reconciliation_analysis\2023\bank_statement_source_files\iso20022_camt053_xml\ACC0078741_202312_202405_6M_statement.xml
RECON-202312-ACC0078742-6M,ACC0078742,IND23014055,Keystone Retail Bank,195105010787422,6,2023-12-01,2024-05-31 23:59:59,11333.12,-15828.89,85,78,reconciliation_analysis\2023\bank_statement_pdfs\ACC0078742_202312_202405_6M_statement.pdf,CSV,reconciliation_analysis\2023\bank_statement_source_files\csv\ACC0078742_202312_202405_6M_statement.csv
RECON-202312-ACC0078743-6M,ACC0078743,IND23001120,Keystone Retail Bank,160205280787432,6,2023-12-01,2024-05-31 23:59:59,14087.28,-283.71,73,63,reconciliation_analysis\2023\bank_statement_pdfs\ACC0078743_202312_202405_6M_statement.pdf,ISO20022_CAMT053_XML,reconciliation_analysis\2023\bank_statement_source_files\iso20022_camt053_xml\ACC0078743_202312_202405_6M_statement.xml
RECON-202312-ACC0078744-6M,ACC0078744,IND23000337,Keystone Retail Bank,235305270787442,6,2023-12-01,2024-05-31 23:59:59,10634.48,10294.48,11,0,reconciliation_analysis\2023\bank_statement_pdfs\ACC0078744_202312_202405_6M_statement.pdf,ISO20022_CAMT053_XML,reconciliation_analysis\2023\bank_statement_source_files\iso20022_camt053_xml\ACC0078744_202312_202405_6M_statement.xml
RECON-202312-ACC0078745-6M,ACC0078745,IND23001598,Keystone Retail Bank,255355280787458,6,2023-12-01,2024-05-31 23:59:59,5752.94,4972.79,11,0,reconciliation_analysis\2023\bank_statement_pdfs\ACC0078745_202312_202405_6M_statement.pdf,ISO20022_CAMT053_XML,reconciliation_analysis\2023\bank_statement_source_files\iso20022_camt053_xml\ACC0078745_202312_202405_6M_statement.xml
RECON-202312-ACC0078746-6M,ACC0078746,IND23002967,Keystone Retail Bank,242305280787464,6,2023-12-01,2024-05-31 23:59:59,4594.36,-23207.21,81,70,reconciliation_analysis\2023\bank_statement_pdfs\ACC0078746_202312_202405_6M_statement.pdf,TXT,reconciliation_analysis\2023\bank_statement_source_files\txt\ACC0078746_202312_202405_6M_statement.txt
RECON-202312-ACC0078747-3M,ACC0078747,IND23005054,Keystone Retail Bank,250955280787470,3,2023-12-01,2024-02-29 23:59:59,9642.45,9250.88,6,0,reconciliation_analysis\2023\bank_statement_pdfs\ACC0078747_202312_202402_3M_statement.pdf,TXT,reconciliation_analysis\2023\bank_statement_source_files\txt\ACC0078747_202312_202402_3M_statement.txt
RECON-202312-ACC0078748-3M,ACC0078748,IND23011308,Keystone Retail Bank,140605010787486,3,2023-12-01,2024-02-29 23:59:59,6953.0,-7314.26,58,51,reconciliation_analysis\2023\bank_statement_pdfs\ACC0078748_202312_202402_3M_statement.pdf,TXT,reconciliation_analysis\2023\bank_statement_source_files\txt\ACC0078748_202312_202402_3M_statement.txt
RECON-202312-ACC0078749-6M,ACC0078749,IND23005665,Keystone Retail Bank,195105010787495,6,2023-12-01,2024-05-31 23:59:59,14918.05,-6809.81,96,82,reconciliation_analysis\2023\bank_statement_pdfs\ACC0078749_202312_202405_6M_statement.pdf,ISO20022_CAMT053_XML,reconciliation_analysis\2023\bank_statement_source_files\iso20022_camt053_xml\ACC0078749_202312_202405_6M_statement.xml
RECON-202312-ACC0078750-6M,ACC0078750,IND23007142,Keystone Retail Bank,125405270787506,6,2023-12-01,2024-05-31 23:59:59,3261.99,-9304.69,77,63,reconciliation_analysis\2023\bank_statement_pdfs\ACC0078750_202312_202405_6M_statement.pdf,ISO20022_CAMT053_XML,reconciliation_analysis\2023\bank_statement_source_files\iso20022_camt053_xml\ACC0078750_202312_202405_6M_statement.xml
RECON-202312-ACC0078751-3M,ACC0078751,IND23004362,Keystone Retail Bank,184605010787519,3,2023-12-01,2024-02-29 23:59:59,8626.75,-18911.29,85,80,reconciliation_analysis\2023\bank_statement_pdfs\ACC0078751_202312_202402_3M_statement.pdf,TXT,reconciliation_analysis\2023\bank_statement_source_files\txt\ACC0078751_202312_202402_3M_statement.txt
RECON-202312-ACC0078752-6M,ACC0078752,IND23011074,Keystone Retail Bank,221526020787523,6,2023-12-01,2024-05-31 23:59:59,6972.68,-11378.64,78,65,reconciliation_analysis\2023\bank_statement_pdfs\ACC0078752_202312_202405_6M_statement.pdf,ISO20022_CAMT053_XML,reconciliation_analysis\2023\bank_statement_source_files\iso20022_camt053_xml\ACC0078752_202312_202405_6M_statement.xml
RECON-202312-ACC0078753-6M,ACC0078753,IND23000922,Keystone Retail Bank,430110280787531,6,2023-12-01,2024-05-31 23:59:59,12366.4,-28091.54,70,61,reconciliation_analysis\2023\bank_statement_pdfs\ACC0078753_202312_202405_6M_statement.pdf,CSV,reconciliation_analysis\2023\bank_statement_source_files\csv\ACC0078753_202312_202405_6M_statement.csv
RECON-202312-ACC0078754-6M,ACC0078754,IND23011371,Keystone Retail Bank,270555030787542,6,2023-12-01,2024-05-31 23:59:59,616.38,-11464.38,76,62,reconciliation_analysis\2023\bank_statement_pdfs\ACC0078754_202312_202405_6M_statement.pdf,CSV,reconciliation_analysis\2023\bank_statement_source_files\csv\ACC0078754_202312_202405_6M_statement.csv
RECON-202312-ACC0078755-3M,ACC0078755,IND23005441,Keystone Retail Bank,121417020787554,3,2023-12-01,2024-02-29 23:59:59,8658.51,-18734.74,78,69,reconciliation_analysis\2023\bank_statement_pdfs\ACC0078755_202312_202402_3M_statement.pdf,CSV,reconciliation_analysis\2023\bank_statement_source_files\csv\ACC0078755_202312_202402_3M_statement.csv
RECON-202312-ACC0078757-6M,ACC0078757,IND23012714,Keystone Retail Bank,125405010787579,6,2023-12-01,2024-05-31 23:59:59,11402.03,10791.42,11,0,reconciliation_analysis\2023\bank_statement_pdfs\ACC0078757_202312_202405_6M_statement.pdf,CSV,reconciliation_analysis\2023\bank_statement_source_files\csv\ACC0078757_202312_202405_6M_statement.csv
RECON-202312-ACC0078758-3M,ACC0078758,IND23012714,Keystone Retail Bank,125405020787587,3,2023-12-01,2024-02-29 23:59:59,11004.45,10525.87,6,0,reconciliation_analysis\2023\bank_statement_pdfs\ACC0078758_202312_202402_3M_statement.pdf,CSV,reconciliation_analysis\2023\bank_statement_source_files\csv\ACC0078758_202312_202402_3M_statement.csv
RECON-202312-ACC0078759-6M,ACC0078759,IND23014377,Keystone Retail Bank,261550280787592,6,2023-12-01,2024-05-31 23:59:59,10266.66,9515.91,13,0,reconciliation_analysis\2023\bank_statement_pdfs\ACC0078759_202312_202405_6M_statement.pdf,ISO20022_CAMT053_XML,reconciliation_analysis\2023\bank_statement_source_files\iso20022_camt053_xml\ACC0078759_202312_202405_6M_statement.xml
RECON-202312-ACC0078760-3M,ACC0078760,IND23005143,Keystone Retail Bank,051001280787608,3,2023-12-01,2024-02-29 23:59:59,12558.27,-2565.65,67,61,reconciliation_analysis\2023\bank_statement_pdfs\ACC0078760_202312_202402_3M_statement.pdf,CSV,reconciliation_analysis\2023\bank_statement_source_files\csv\ACC0078760_202312_202402_3M_statement.csv
RECON-202312-ACC0078761-6M,ACC0078761,IND23004757,Keystone Retail Bank,217805270787614,6,2023-12-01,2024-05-31 23:59:59,1826.98,-20142.41,83,73,reconciliation_analysis\2023\bank_statement_pdfs\ACC0078761_202312_202405_6M_statement.pdf,ISO20022_CAMT053_XML,reconciliation_analysis\2023\bank_statement_source_files\iso20022_camt053_xml\ACC0078761_202312_202405_6M_statement.xml
RECON-202312-ACC0078762-6M,ACC0078762,IND23011716,Keystone Retail Bank,018305270787620,6,2023-12-01,2024-05-31 23:59:59,4430.36,3537.12,11,0,reconciliation_analysis\2023\bank_statement_pdfs\ACC0078762_202312_202405_6M_statement.pdf,TXT,reconciliation_analysis\2023\bank_statement_source_files\txt\ACC0078762_202312_202405_6M_statement.txt
RECON-202312-ACC0078763-6M,ACC0078763,IND23004041,Keystone Retail Bank,632005020787639,6,2023-12-01,2024-05-31 23:59:59,7244.82,-5178.25,71,60,reconciliation_analysis\2023\bank_statement_pdfs\ACC0078763_202312_202405_6M_statement.pdf,TXT,reconciliation_analysis\2023\bank_statement_source_files\txt\ACC0078763_202312_202405_6M_statement.txt
RECON-202312-ACC0078764-3M,ACC0078764,IND23011707,Keystone Retail Bank,224805020787645,3,2023-12-01,2024-02-29 23:59:59,14166.32,848.61,56,51,reconciliation_analysis\2023\bank_statement_pdfs\ACC0078764_202312_202402_3M_statement.pdf,ISO20022_CAMT053_XML,reconciliation_analysis\2023\bank_statement_source_files\iso20022_camt053_xml\ACC0078764_202312_202402_3M_statement.xml
RECON-202312-ACC0078765-3M,ACC0078765,IND23012135,Keystone Retail Bank,050210020787652,3,2023-12-01,2024-02-29 23:59:59,14169.75,13775.73,6,0,reconciliation_analysis\2023\bank_statement_pdfs\ACC0078765_202312_202402_3M_statement.pdf,ISO20022_CAMT053_XML,reconciliation_analysis\2023\bank_statement_source_files\iso20022_camt053_xml\ACC0078765_202312_202402_3M_statement.xml
RECON-202312-ACC0078766-3M,ACC0078766,IND23011569,Keystone Retail Bank,188205280787667,3,2023-12-01,2024-02-29 23:59:59,10466.73,9984.31,6,0,reconciliation_analysis\2023\bank_statement_pdfs\ACC0078766_202312_202402_3M_statement.pdf,CSV,reconciliation_analysis\2023\bank_statement_source_files\csv\ACC0078766_202312_202402_3M_statement.csv
RECON-202312-ACC0078767-3M,ACC0078767,IND23007338,Keystone Retail Bank,140505270787674,3,2023-12-01,2024-02-29 23:59:59,8381.33,-47378.39,96,89,reconciliation_analysis\2023\bank_statement_pdfs\ACC0078767_202312_202402_3M_statement.pdf,CSV,reconciliation_analysis\2023\bank_statement_source_files\csv\ACC0078767_202312_202402_3M_statement.csv
RECON-202312-ACC0078768-3M,ACC0078768,IND23007008,Keystone Retail Bank,221426280787686,3,2023-12-01,2024-02-29 23:59:59,5513.15,-11243.76,71,67,reconciliation_analysis\2023\bank_statement_pdfs\ACC0078768_202312_202402_3M_statement.pdf,CSV,reconciliation_analysis\2023\bank_statement_source_files\csv\ACC0078768_202312_202402_3M_statement.csv
RECON-202312-ACC0078769-6M,ACC0078769,IND23013265,Keystone Retail Bank,012345030787695,6,2023-12-01,2024-05-31 23:59:59,7414.08,6930.92,11,0,reconciliation_analysis\2023\bank_statement_pdfs\ACC0078769_202312_202405_6M_statement.pdf,ISO20022_CAMT053_XML,reconciliation_analysis\2023\bank_statement_source_files\iso20022_camt053_xml\ACC0078769_202312_202405_6M_statement.xml
RECON-202312-ACC0078770-3M,ACC0078770,IND23013226,Keystone Retail Bank,430110020787700,3,2023-12-01,2024-02-29 23:59:59,16247.65,15966.68,7,0,reconciliation_analysis\2023\bank_statement_pdfs\ACC0078770_202312_202402_3M_statement.pdf,TXT,reconciliation_analysis\2023\bank_statement_source_files\txt\ACC0078770_202312_202402_3M_statement.txt
RECON-202312-ACC0078771-3M,ACC0078771,IND23001027,Keystone Retail Bank,050310280787713,3,2023-12-01,2024-02-29 23:59:59,2738.35,2280.85,5,0,reconciliation_analysis\2023\bank_statement_pdfs\ACC0078771_202312_202402_3M_statement.pdf,TXT,reconciliation_analysis\2023\bank_statement_source_files\txt\ACC0078771_202312_202402_3M_statement.txt
RECON-202312-ACC0078772-3M,ACC0078772,IND23014585,Keystone Retail Bank,632005020787728,3,2023-12-01,2024-02-29 23:59:59,3061.48,-13292.33,47,42,reconciliation_analysis\2023\bank_statement_pdfs\ACC0078772_202312_202402_3M_statement.pdf,ISO20022_CAMT053_XML,reconciliation_analysis\2023\bank_statement_source_files\iso20022_camt053_xml\ACC0078772_202312_202402_3M_statement.xml
RECON-202312-ACC0078774-3M,ACC0078774,IND23014644,Keystone Retail Bank,012345010787740,3,2023-12-01,2024-02-29 23:59:59,14719.42,14376.74,4,0,reconciliation_analysis\2023\bank_statement_pdfs\ACC0078774_202312_202402_3M_statement.pdf,ISO20022_CAMT053_XML,reconciliation_analysis\2023\bank_statement_source_files\iso20022_camt053_xml\ACC0078774_202312_202402_3M_statement.xml
RECON-202312-ACC0078775-6M,ACC0078775,IND23010791,Keystone Retail Bank,175605030787758,6,2023-12-01,2024-05-31 23:59:59,1891.29,-19243.04,86,73,reconciliation_analysis\2023\bank_statement_pdfs\ACC0078775_202312_202405_6M_statement.pdf,CSV,reconciliation_analysis\2023\bank_statement_source_files\csv\ACC0078775_202312_202405_6M_statement.csv
RECON-202312-ACC0078776-3M,ACC0078776,IND23004214,Keystone Retail Bank,184605020787769,3,2023-12-01,2024-02-29 23:59:59,10531.37,10210.57,7,0,reconciliation_analysis\2023\bank_statement_pdfs\ACC0078776_202312_202402_3M_statement.pdf,CSV,reconciliation_analysis\2023\bank_statement_source_files\csv\ACC0078776_202312_202402_3M_statement.csv
RECON-202312-ACC0078777-3M,ACC0078777,IND23010173,Keystone Retail Bank,255005270787774,3,2023-12-01,2024-02-29 23:59:59,4256.86,4043.72,6,0,reconciliation_analysis\2023\bank_statement_pdfs\ACC0078777_202312_202402_3M_statement.pdf,CSV,reconciliation_analysis\2023\bank_statement_source_files\csv\ACC0078777_202312_202402_3M_statement.csv
RECON-202312-ACC0078778-3M,ACC0078778,IND23010173,Keystone Retail Bank,255005030787781,3,2023-12-01,2024-02-29 23:59:59,10463.45,9708.17,6,0,reconciliation_analysis\2023\bank_statement_pdfs\ACC0078778_202312_202402_3M_statement.pdf,CSV,reconciliation_analysis\2023\bank_statement_source_files\csv\ACC0078778_202312_202402_3M_statement.csv
RECON-202312-ACC0078779-3M,ACC0078779,IND23002870,Keystone Retail Bank,018505020787798,3,2023-12-01,2024-02-29 23:59:59,3018.84,2508.38,7,0,reconciliation_analysis\2023\bank_statement_pdfs\ACC0078779_202312_202402_3M_statement.pdf,TXT,reconciliation_analysis\2023\bank_statement_source_files\txt\ACC0078779_202312_202402_3M_statement.txt
RECON-202312-ACC0078780-3M,ACC0078780,IND23002870,Keystone Retail Bank,018305270787808,3,2023-12-01,2024-02-29 23:59:59,4006.86,3474.84,7,0,reconciliation_analysis\2023\bank_statement_pdfs\ACC0078780_202312_202402_3M_statement.pdf,ISO20022_CAMT053_XML,reconciliation_analysis\2023\bank_statement_source_files\iso20022_camt053_xml\ACC0078780_202312_202402_3M_statement.xml
RECON-202312-ACC0078781-3M,ACC0078781,IND23003356,Keystone Retail Bank,121417010787813,3,2023-12-01,2024-02-29 23:59:59,7025.19,-1746.56,43,38,reconciliation_analysis\2023\bank_statement_pdfs\ACC0078781_202312_202402_3M_statement.pdf,TXT,reconciliation_analysis\2023\bank_statement_source_files\txt\ACC0078781_202312_202402_3M_statement.txt
RECON-202312-ACC0078782-6M,ACC0078782,IND23003356,Keystone Retail Bank,121417270787822,6,2023-12-01,2024-05-31 23:59:59,17291.39,16644.06,9,0,reconciliation_analysis\2023\bank_statement_pdfs\ACC0078782_202312_202405_6M_statement.pdf,CSV,reconciliation_analysis\2023\bank_statement_source_files\csv\ACC0078782_202312_202405_6M_statement.csv
RECON-202312-ACC0078783-6M,ACC0078783,IND23004925,Keystone Retail Bank,172005270787832,6,2023-12-01,2024-05-31 23:59:59,15733.48,15352.13,10,0,reconciliation_analysis\2023\bank_statement_pdfs\ACC0078783_202312_202405_6M_statement.pdf,ISO20022_CAMT053_XML,reconciliation_analysis\2023\bank_statement_source_files\iso20022_camt053_xml\ACC0078783_202312_202405_6M_statement.xml
RECON-202312-ACC0078784-3M,ACC0078784,IND23011991,Keystone Retail Bank,204109030787845,3,2023-12-01,2024-02-29 23:59:59,10814.8,-2565.52,71,65,reconciliation_analysis\2023\bank_statement_pdfs\ACC0078784_202312_202402_3M_statement.pdf,CSV,reconciliation_analysis\2023\bank_statement_source_files\csv\ACC0078784_202312_202402_3M_statement.csv
RECON-202312-ACC0078785-3M,ACC0078785,IND23009444,Keystone Retail Bank,060110270787859,3,2023-12-01,2024-02-29 23:59:59,930.82,570.92,7,0,reconciliation_analysis\2023\bank_statement_pdfs\ACC0078785_202312_202402_3M_statement.pdf,TXT,reconciliation_analysis\2023\bank_statement_source_files\txt\ACC0078785_202312_202402_3M_statement.txt
RECON-202312-ACC0078786-3M,ACC0078786,IND23006057,Keystone Retail Bank,214205020787866,3,2023-12-01,2024-02-29 23:59:59,13718.68,-6766.85,76,71,reconciliation_analysis\2023\bank_statement_pdfs\ACC0078786_202312_202402_3M_statement.pdf,ISO20022_CAMT053_XML,reconciliation_analysis\2023\bank_statement_source_files\iso20022_camt053_xml\ACC0078786_202312_202402_3M_statement.xml
RECON-202312-ACC0078787-6M,ACC0078787,IND23004798,Keystone Retail Bank,200205270787875,6,2023-12-01,2024-05-31 23:59:59,2527.64,1988.57,9,0,reconciliation_analysis\2023\bank_statement_pdfs\ACC0078787_202312_202405_6M_statement.pdf,ISO20022_CAMT053_XML,reconciliation_analysis\2023\bank_statement_source_files\iso20022_camt053_xml\ACC0078787_202312_202405_6M_statement.xml
RECON-202312-ACC0078788-6M,ACC0078788,IND23001482,Keystone Retail Bank,463005020787889,6,2023-12-01,2024-05-31 23:59:59,17282.89,16442.96,14,0,reconciliation_analysis\2023\bank_statement_pdfs\ACC0078788_202312_202405_6M_statement.pdf,ISO20022_CAMT053_XML,reconciliation_analysis\2023\bank_statement_source_files\iso20022_camt053_xml\ACC0078788_202312_202405_6M_statement.xml
RECON-202312-ACC0078789-3M,ACC0078789,IND23005875,Keystone Retail Bank,025009280787892,3,2023-12-01,2024-02-29 23:59:59,3314.29,-8906.19,62,56,reconciliation_analysis\2023\bank_statement_pdfs\ACC0078789_202312_202402_3M_statement.pdf,CSV,reconciliation_analysis\2023\bank_statement_source_files\csv\ACC0078789_202312_202402_3M_statement.csv
RECON-202312-ACC0078790-3M,ACC0078790,IND23013842,Keystone Retail Bank,150105280787907,3,2023-12-01,2024-02-29 23:59:59,6958.56,-7060.83,62,56,reconciliation_analysis\2023\bank_statement_pdfs\ACC0078790_202312_202402_3M_statement.pdf,CSV,reconciliation_analysis\2023\bank_statement_source_files\csv\ACC0078790_202312_202402_3M_statement.csv
RECON-202312-ACC0078791-3M,ACC0078791,IND23014142,Keystone Retail Bank,184605020787910,3,2023-12-01,2024-02-29 23:59:59,2844.2,2432.37,8,0,reconciliation_analysis\2023\bank_statement_pdfs\ACC0078791_202312_202402_3M_statement.pdf,TXT,reconciliation_analysis\2023\bank_statement_source_files\txt\ACC0078791_202312_202402_3M_statement.txt
RECON-202312-ACC0078792-6M,ACC0078792,IND23013424,Keystone Retail Bank,051001020787920,6,2023-12-01,2024-05-31 23:59:59,954.47,414.22,12,0,reconciliation_analysis\2023\bank_statement_pdfs\ACC0078792_202312_202405_6M_statement.pdf,ISO20022_CAMT053_XML,reconciliation_analysis\2023\bank_statement_source_files\iso20022_camt053_xml\ACC0078792_202312_202405_6M_statement.xml
RECON-202312-ACC0078793-3M,ACC0078793,IND23011063,Keystone Retail Bank,214305020787936,3,2023-12-01,2024-02-29 23:59:59,6588.45,6361.06,5,0,reconciliation_analysis\2023\bank_statement_pdfs\ACC0078793_202312_202402_3M_statement.pdf,CSV,reconciliation_analysis\2023\bank_statement_source_files\csv\ACC0078793_202312_202402_3M_statement.csv
RECON-202312-ACC0078794-3M,ACC0078794,IND23006727,Keystone Retail Bank,020909280787946,3,2023-12-01,2024-02-29 23:59:59,16661.18,16365.36,6,0,reconciliation_analysis\2023\bank_statement_pdfs\ACC0078794_202312_202402_3M_statement.pdf,TXT,reconciliation_analysis\2023\bank_statement_source_files\txt\ACC0078794_202312_202402_3M_statement.txt
RECON-202312-ACC0078795-6M,ACC0078795,IND23008081,Keystone Retail Bank,134605030787950,6,2023-12-01,2024-05-31 23:59:59,8955.58,-20390.29,88,78,reconciliation_analysis\2023\bank_statement_pdfs\ACC0078795_202312_202405_6M_statement.pdf,ISO20022_CAMT053_XML,reconciliation_analysis\2023\bank_statement_source_files\iso20022_camt053_xml\ACC0078795_202312_202405_6M_statement.xml
RECON-202312-ACC0078796-3M,ACC0078796,IND23005146,Keystone Retail Bank,255005280787960,3,2023-12-01,2024-02-29 23:59:59,9575.21,-5878.36,67,63,reconciliation_analysis\2023\bank_statement_pdfs\ACC0078796_202312_202402_3M_statement.pdf,TXT,reconciliation_analysis\2023\bank_statement_source_files\txt\ACC0078796_202312_202402_3M_statement.txt
RECON-202312-ACC0078797-6M,ACC0078797,IND23000718,Keystone Retail Bank,160205010787979,6,2023-12-01,2024-05-31 23:59:59,1916.28,3666.18,12,0,reconciliation_analysis\2023\bank_statement_pdfs\ACC0078797_202312_202405_6M_statement.pdf,CSV,reconciliation_analysis\2023\bank_statement_source_files\csv\ACC0078797_202312_202405_6M_statement.csv
RECON-202312-ACC0078798-6M,ACC0078798,IND23014776,Keystone Retail Bank,050910270787987,6,2023-12-01,2024-05-31 23:59:59,4532.48,-6886.1,51,41,reconciliation_analysis\2023\bank_statement_pdfs\ACC0078798_202312_202405_6M_statement.pdf,ISO20022_CAMT053_XML,reconciliation_analysis\2023\bank_statement_source_files\iso20022_camt053_xml\ACC0078798_202312_202405_6M_statement.xml
RECON-202312-ACC0078799-3M,ACC0078799,IND23014319,Keystone Retail Bank,121417280787992,3,2023-12-01,2024-02-29 23:59:59,9724.12,9624.08,5,0,reconciliation_analysis\2023\bank_statement_pdfs\ACC0078799_202312_202402_3M_statement.pdf,TXT,reconciliation_analysis\2023\bank_statement_source_files\txt\ACC0078799_202312_202402_3M_statement.txt
RECON-202312-ACC0078800-3M,ACC0078800,IND23000159,Keystone Retail Bank,195105020788000,3,2023-12-01,2024-02-29 23:59:59,6255.04,8860.98,7,0,reconciliation_analysis\2023\bank_statement_pdfs\ACC0078800_202312_202402_3M_statement.pdf,CSV,reconciliation_analysis\2023\bank_statement_source_files\csv\ACC0078800_202312_202402_3M_statement.csv
RECON-202312-ACC0078801-3M,ACC0078801,IND23011843,Keystone Retail Bank,150205010788013,3,2023-12-01,2024-02-29 23:59:59,7517.04,-8481.01,69,65,reconciliation_analysis\2023\bank_statement_pdfs\ACC0078801_202312_202402_3M_statement.pdf,CSV,reconciliation_analysis\2023\bank_statement_source_files\csv\ACC0078801_202312_202402_3M_statement.csv
RECON-202312-ACC0078802-6M,ACC0078802,IND23004837,Keystone Retail Bank,198765280788024,6,2023-12-01,2024-05-31 23:59:59,8389.7,-1854.7,60,47,reconciliation_analysis\2023\bank_statement_pdfs\ACC0078802_202312_202405_6M_statement.pdf,TXT,reconciliation_analysis\2023\bank_statement_source_files\txt\ACC0078802_202312_202405_6M_statement.txt
RECON-202312-ACC0078803-6M,ACC0078803,IND23007154,Keystone Retail Bank,250655030788033,6,2023-12-01,2024-05-31 23:59:59,2056.25,-12964.79,76,65,reconciliation_analysis\2023\bank_statement_pdfs\ACC0078803_202312_202405_6M_statement.pdf,ISO20022_CAMT053_XML,reconciliation_analysis\2023\bank_statement_source_files\iso20022_camt053_xml\ACC0078803_202312_202405_6M_statement.xml
RECON-202312-ACC0078804-3M,ACC0078804,IND23002596,Keystone Retail Bank,168205020788042,3,2023-12-01,2024-02-29 23:59:59,8985.49,-67287.29,70,66,reconciliation_analysis\2023\bank_statement_pdfs\ACC0078804_202312_202402_3M_statement.pdf,TXT,reconciliation_analysis\2023\bank_statement_source_files\txt\ACC0078804_202312_202402_3M_statement.txt
RECON-202312-ACC0078805-6M,ACC0078805,IND23013994,Keystone Retail Bank,261550010788056,6,2023-12-01,2024-05-31 23:59:59,1102.05,293.16,15,0,reconciliation_analysis\2023\bank_statement_pdfs\ACC0078805_202312_202405_6M_statement.pdf,CSV,reconciliation_analysis\2023\bank_statement_source_files\csv\ACC0078805_202312_202405_6M_statement.csv
RECON-202312-ACC0078806-6M,ACC0078806,IND23010564,Keystone Retail Bank,060110020788062,6,2023-12-01,2024-05-31 23:59:59,5819.45,-36148.31,91,80,reconciliation_analysis\2023\bank_statement_pdfs\ACC0078806_202312_202405_6M_statement.pdf,ISO20022_CAMT053_XML,reconciliation_analysis\2023\bank_statement_source_files\iso20022_camt053_xml\ACC0078806_202312_202405_6M_statement.xml
RECON-202312-ACC0078807-6M,ACC0078807,IND23004790,Keystone Retail Bank,018505010788074,6,2023-12-01,2024-05-31 23:59:59,8727.52,8221.9,12,0,reconciliation_analysis\2023\bank_statement_pdfs\ACC0078807_202312_202405_6M_statement.pdf,TXT,reconciliation_analysis\2023\bank_statement_source_files\txt\ACC0078807_202312_202405_6M_statement.txt
RECON-202312-ACC0078808-6M,ACC0078808,IND23002997,Keystone Retail Bank,025009020788088,6,2023-12-01,2024-05-31 23:59:59,4704.87,-24023.91,84,73,reconciliation_analysis\2023\bank_statement_pdfs\ACC0078808_202312_202405_6M_statement.pdf,CSV,reconciliation_analysis\2023\bank_statement_source_files\csv\ACC0078808_202312_202405_6M_statement.csv
RECON-202312-ACC0078809-6M,ACC0078809,IND23014092,Keystone Retail Bank,430110010788095,6,2023-12-01,2024-05-31 23:59:59,1256.04,-17966.66,79,66,reconciliation_analysis\2023\bank_statement_pdfs\ACC0078809_202312_202405_6M_statement.pdf,CSV,reconciliation_analysis\2023\bank_statement_source_files\csv\ACC0078809_202312_202405_6M_statement.csv
RECON-202312-ACC0078810-6M,ACC0078810,IND23003026,Keystone Retail Bank,025009280788104,6,2023-12-01,2024-05-31 23:59:59,1604.11,-27349.88,89,80,reconciliation_analysis\2023\bank_statement_pdfs\ACC0078810_202312_202405_6M_statement.pdf,ISO20022_CAMT053_XML,reconciliation_analysis\2023\bank_statement_source_files\iso20022_camt053_xml\ACC0078810_202312_202405_6M_statement.xml
RECON-202312-ACC0078811-6M,ACC0078811,IND23013320,Keystone Retail Bank,255005010788111,6,2023-12-01,2024-05-31 23:59:59,11554.75,-8117.95,75,65,reconciliation_analysis\2023\bank_statement_pdfs\ACC0078811_202312_202405_6M_statement.pdf,ISO20022_CAMT053_XML,reconciliation_analysis\2023\bank_statement_source_files\iso20022_camt053_xml\ACC0078811_202312_202405_6M_statement.xml
RECON-202312-ACC0078812-3M,ACC0078812,IND23013725,Keystone Retail Bank,184705280788123,3,2023-12-01,2024-02-29 23:59:59,14645.25,-13407.42,77,75,reconciliation_analysis\2023\bank_statement_pdfs\ACC0078812_202312_202402_3M_statement.pdf,CSV,reconciliation_analysis\2023\bank_statement_source_files\csv\ACC0078812_202312_202402_3M_statement.csv
RECON-202312-ACC0078813-3M,ACC0078813,IND23014608,Keystone Retail Bank,121317030788133,3,2023-12-01,2024-02-29 23:59:59,10554.58,-13130.21,61,56,reconciliation_analysis\2023\bank_statement_pdfs\ACC0078813_202312_202402_3M_statement.pdf,ISO20022_CAMT053_XML,reconciliation_analysis\2023\bank_statement_source_files\iso20022_camt053_xml\ACC0078813_202312_202402_3M_statement.xml
RECON-202312-ACC0078814-6M,ACC0078814,IND23014721,Keystone Retail Bank,250955020788148,6,2023-12-01,2024-05-31 23:59:59,5481.47,-66642.27,52,41,reconciliation_analysis\2023\bank_statement_pdfs\ACC0078814_202312_202405_6M_statement.pdf,ISO20022_CAMT053_XML,reconciliation_analysis\2023\bank_statement_source_files\iso20022_camt053_xml\ACC0078814_202312_202405_6M_statement.xml
RECON-202312-ACC0078815-3M,ACC0078815,IND23001194,Keystone Retail Bank,228205010788152,3,2023-12-01,2024-02-29 23:59:59,3690.27,3403.78,6,0,reconciliation_analysis\2023\bank_statement_pdfs\ACC0078815_202312_202402_3M_statement.pdf,CSV,reconciliation_analysis\2023\bank_statement_source_files\csv\ACC0078815_202312_202402_3M_statement.csv
RECON-202312-ACC0078816-3M,ACC0078816,IND23006273,Keystone Retail Bank,280605030788165,3,2023-12-01,2024-02-29 23:59:59,8999.58,301.92,63,57,reconciliation_analysis\2023\bank_statement_pdfs\ACC0078816_202312_202402_3M_statement.pdf,CSV,reconciliation_analysis\2023\bank_statement_source_files\csv\ACC0078816_202312_202402_3M_statement.csv
RECON-202312-ACC0078817-3M,ACC0078817,IND23006333,Keystone Retail Bank,134705010788174,3,2023-12-01,2024-02-29 23:59:59,3255.66,2856.58,6,0,reconciliation_analysis\2023\bank_statement_pdfs\ACC0078817_202312_202402_3M_statement.pdf,TXT,reconciliation_analysis\2023\bank_statement_source_files\txt\ACC0078817_202312_202402_3M_statement.txt
RECON-202312-ACC0078818-3M,ACC0078818,IND23003377,Keystone Retail Bank,463105020788181,3,2023-12-01,2024-02-29 23:59:59,1155.74,-32201.2,93,86,reconciliation_analysis\2023\bank_statement_pdfs\ACC0078818_202312_202402_3M_statement.pdf,ISO20022_CAMT053_XML,reconciliation_analysis\2023\bank_statement_source_files\iso20022_camt053_xml\ACC0078818_202312_202402_3M_statement.xml
RECON-202312-ACC0078819-3M,ACC0078819,IND23003327,Keystone Retail Bank,463005010788192,3,2023-12-01,2024-02-29 23:59:59,1168.06,547.57,8,0,reconciliation_analysis\2023\bank_statement_pdfs\ACC0078819_202312_202402_3M_statement.pdf,ISO20022_CAMT053_XML,reconciliation_analysis\2023\bank_statement_source_files\iso20022_camt053_xml\ACC0078819_202312_202402_3M_statement.xml
RECON-202312-ACC0078820-6M,ACC0078820,IND23008816,Keystone Retail Bank,168205030788201,6,2023-12-01,2024-05-31 23:59:59,5985.34,-27932.74,93,84,reconciliation_analysis\2023\bank_statement_pdfs\ACC0078820_202312_202405_6M_statement.pdf,TXT,reconciliation_analysis\2023\bank_statement_source_files\txt\ACC0078820_202312_202405_6M_statement.txt
RECON-202312-ACC0078821-6M,ACC0078821,IND23009054,Keystone Retail Bank,231805280788210,6,2023-12-01,2024-05-31 23:59:59,4424.86,3961.13,11,0,reconciliation_analysis\2023\bank_statement_pdfs\ACC0078821_202312_202405_6M_statement.pdf,CSV,reconciliation_analysis\2023\bank_statement_source_files\csv\ACC0078821_202312_202405_6M_statement.csv
RECON-202312-ACC0078822-3M,ACC0078822,IND23007571,Keystone Retail Bank,175605020788221,3,2023-12-01,2024-02-29 23:59:59,4496.81,4188.24,8,0,reconciliation_analysis\2023\bank_statement_pdfs\ACC0078822_202312_202402_3M_statement.pdf,TXT,reconciliation_analysis\2023\bank_statement_source_files\txt\ACC0078822_202312_202402_3M_statement.txt
RECON-202312-ACC0078823-6M,ACC0078823,IND23002640,Keystone Retail Bank,204109030788237,6,2023-12-01,2024-05-31 23:59:59,3618.45,-15080.22,89,75,reconciliation_analysis\2023\bank_statement_pdfs\ACC0078823_202312_202405_6M_statement.pdf,ISO20022_CAMT053_XML,reconciliation_analysis\2023\bank_statement_source_files\iso20022_camt053_xml\ACC0078823_202312_202405_6M_statement.xml
RECON-202312-ACC0078824-3M,ACC0078824,IND23011484,Keystone Retail Bank,198765280788248,3,2023-12-01,2024-02-29 23:59:59,7122.43,6804.44,6,0,reconciliation_analysis\2023\bank_statement_pdfs\ACC0078824_202312_202402_3M_statement.pdf,TXT,reconciliation_analysis\2023\bank_statement_source_files\txt\ACC0078824_202312_202402_3M_statement.txt
RECON-202312-ACC0078825-3M,ACC0078825,IND23011123,Keystone Retail Bank,632005030788253,3,2023-12-01,2024-02-29 23:59:59,13770.61,-922.34,78,71,reconciliation_analysis\2023\bank_statement_pdfs\ACC0078825_202312_202402_3M_statement.pdf,ISO20022_CAMT053_XML,reconciliation_analysis\2023\bank_statement_source_files\iso20022_camt053_xml\ACC0078825_202312_202402_3M_statement.xml
RECON-202312-ACC0078826-6M,ACC0078826,IND23006340,Keystone Retail Bank,214205280788267,6,2023-12-01,2024-05-31 23:59:59,14876.11,14135.93,13,0,reconciliation_analysis\2023\bank_statement_pdfs\ACC0078826_202312_202405_6M_statement.pdf,ISO20022_CAMT053_XML,reconciliation_analysis\2023\bank_statement_source_files\iso20022_camt053_xml\ACC0078826_202312_202405_6M_statement.xml
RECON-202312-ACC0078827-6M,ACC0078827,IND23008820,Keystone Retail Bank,463105020788270,6,2023-12-01,2024-05-31 23:59:59,7873.76,-17205.26,76,60,reconciliation_analysis\2023\bank_statement_pdfs\ACC0078827_202312_202405_6M_statement.pdf,ISO20022_CAMT053_XML,reconciliation_analysis\2023\bank_statement_source_files\iso20022_camt053_xml\ACC0078827_202312_202405_6M_statement.xml
RECON-202312-ACC0078828-6M,ACC0078828,IND23004968,Keystone Retail Bank,012345010788285,6,2023-12-01,2024-05-31 23:59:59,2674.73,1890.76,14,0,reconciliation_analysis\2023\bank_statement_pdfs\ACC0078828_202312_202405_6M_statement.pdf,TXT,reconciliation_analysis\2023\bank_statement_source_files\txt\ACC0078828_202312_202405_6M_statement.txt
RECON-202312-ACC0078829-3M,ACC0078829,IND23000858,Keystone Retail Bank,018305270788290,3,2023-12-01,2024-02-29 23:59:59,2827.4,2528.03,5,0,reconciliation_analysis\2023\bank_statement_pdfs\ACC0078829_202312_202402_3M_statement.pdf,CSV,reconciliation_analysis\2023\bank_statement_source_files\csv\ACC0078829_202312_202402_3M_statement.csv
RECON-202312-ACC0078830-3M,ACC0078830,IND23012079,Keystone Retail Bank,172105030788301,3,2023-12-01,2024-02-29 23:59:59,8776.67,-29946.52,91,82,reconciliation_analysis\2023\bank_statement_pdfs\ACC0078830_202312_202402_3M_statement.pdf,CSV,reconciliation_analysis\2023\bank_statement_source_files\csv\ACC0078830_202312_202402_3M_statement.csv
RECON-202312-ACC0078831-3M,ACC0078831,IND23012079,Keystone Retail Bank,172105030788310,3,2023-12-01,2024-02-29 23:59:59,2515.1,2332.18,6,0,reconciliation_analysis\2023\bank_statement_pdfs\ACC0078831_202312_202402_3M_statement.pdf,ISO20022_CAMT053_XML,reconciliation_analysis\2023\bank_statement_source_files\iso20022_camt053_xml\ACC0078831_202312_202402_3M_statement.xml
RECON-202312-ACC0078832-3M,ACC0078832,IND23011852,Keystone Retail Bank,280605030788325,3,2023-12-01,2024-02-29 23:59:59,12142.88,-17148.35,71,65,reconciliation_analysis\2023\bank_statement_pdfs\ACC0078832_202312_202402_3M_statement.pdf,CSV,reconciliation_analysis\2023\bank_statement_source_files\csv\ACC0078832_202312_202402_3M_statement.csv
RECON-202312-ACC0078833-6M,ACC0078833,IND23010452,Keystone Retail Bank,051001030788339,6,2023-12-01,2024-05-31 23:59:59,14766.09,-569.62,79,68,reconciliation_analysis\2023\bank_statement_pdfs\ACC0078833_202312_202405_6M_statement.pdf,CSV,reconciliation_analysis\2023\bank_statement_source_files\csv\ACC0078833_202312_202405_6M_statement.csv
RECON-202312-ACC0078834-6M,ACC0078834,IND23007231,Keystone Retail Bank,050910270788342,6,2023-12-01,2024-05-31 23:59:59,7921.09,-18655.83,88,77,reconciliation_analysis\2023\bank_statement_pdfs\ACC0078834_202312_202405_6M_statement.pdf,ISO20022_CAMT053_XML,reconciliation_analysis\2023\bank_statement_source_files\iso20022_camt053_xml\ACC0078834_202312_202405_6M_statement.xml
RECON-202312-ACC0078835-3M,ACC0078835,IND23006656,Keystone Retail Bank,020909270788357,3,2023-12-01,2024-02-29 23:59:59,4919.78,7005.84,9,0,reconciliation_analysis\2023\bank_statement_pdfs\ACC0078835_202312_202402_3M_statement.pdf,TXT,reconciliation_analysis\2023\bank_statement_source_files\txt\ACC0078835_202312_202402_3M_statement.txt
RECON-202312-ACC0078836-3M,ACC0078836,IND23004175,Keystone Retail Bank,430010020788362,3,2023-12-01,2024-02-29 23:59:59,9129.26,8953.66,5,0,reconciliation_analysis\2023\bank_statement_pdfs\ACC0078836_202312_202402_3M_statement.pdf,ISO20022_CAMT053_XML,reconciliation_analysis\2023\bank_statement_source_files\iso20022_camt053_xml\ACC0078836_202312_202402_3M_statement.xml
RECON-202312-ACC0078837-3M,ACC0078837,IND23007339,Keystone Retail Bank,250655010788375,3,2023-12-01,2024-02-29 23:59:59,3598.97,-8446.91,63,58,reconciliation_analysis\2023\bank_statement_pdfs\ACC0078837_202312_202402_3M_statement.pdf,CSV,reconciliation_analysis\2023\bank_statement_source_files\csv\ACC0078837_202312_202402_3M_statement.csv
RECON-202312-ACC0078838-3M,ACC0078838,IND23013058,Keystone Retail Bank,632005270788380,3,2023-12-01,2024-02-29 23:59:59,8894.25,-14339.93,84,79,reconciliation_analysis\2023\bank_statement_pdfs\ACC0078838_202312_202402_3M_statement.pdf,ISO20022_CAMT053_XML,reconciliation_analysis\2023\bank_statement_source_files\iso20022_camt053_xml\ACC0078838_202312_202402_3M_statement.xml
RECON-202312-ACC0078839-6M,ACC0078839,IND23013058,Keystone Retail Bank,012345280788391,6,2023-12-01,2024-05-31 23:59:59,5030.47,4196.95,9,0,reconciliation_analysis\2023\bank_statement_pdfs\ACC0078839_202312_202405_6M_statement.pdf,ISO20022_CAMT053_XML,reconciliation_analysis\2023\bank_statement_source_files\iso20022_camt053_xml\ACC0078839_202312_202405_6M_statement.xml
RECON-202312-ACC0078841-3M,ACC0078841,IND23013964,Keystone Retail Bank,280605280788415,3,2023-12-01,2024-02-29 23:59:59,5766.42,-17573.87,81,75,reconciliation_analysis\2023\bank_statement_pdfs\ACC0078841_202312_202402_3M_statement.pdf,CSV,reconciliation_analysis\2023\bank_statement_source_files\csv\ACC0078841_202312_202402_3M_statement.csv
RECON-202312-ACC0078842-6M,ACC0078842,IND23011275,Keystone Retail Bank,224805280788420,6,2023-12-01,2024-05-31 23:59:59,14164.81,15451.74,11,0,reconciliation_analysis\2023\bank_statement_pdfs\ACC0078842_202312_202405_6M_statement.pdf,CSV,reconciliation_analysis\2023\bank_statement_source_files\csv\ACC0078842_202312_202405_6M_statement.csv
RECON-202312-ACC0078843-6M,ACC0078843,IND23001340,Keystone Retail Bank,160205010788432,6,2023-12-01,2024-05-31 23:59:59,12422.23,11863.94,12,0,reconciliation_analysis\2023\bank_statement_pdfs\ACC0078843_202312_202405_6M_statement.pdf,ISO20022_CAMT053_XML,reconciliation_analysis\2023\bank_statement_source_files\iso20022_camt053_xml\ACC0078843_202312_202405_6M_statement.xml
RECON-202312-ACC0078845-6M,ACC0078845,IND23004187,Keystone Retail Bank,060210010788455,6,2023-12-01,2024-05-31 23:59:59,7211.66,6748.73,10,0,reconciliation_analysis\2023\bank_statement_pdfs\ACC0078845_202312_202405_6M_statement.pdf,TXT,reconciliation_analysis\2023\bank_statement_source_files\txt\ACC0078845_202312_202405_6M_statement.txt
RECON-202312-ACC0078846-6M,ACC0078846,IND23002140,Keystone Retail Bank,160105030788468,6,2023-12-01,2024-05-31 23:59:59,9120.33,-2617.34,59,50,reconciliation_analysis\2023\bank_statement_pdfs\ACC0078846_202312_202405_6M_statement.pdf,TXT,reconciliation_analysis\2023\bank_statement_source_files\txt\ACC0078846_202312_202405_6M_statement.txt
RECON-202312-ACC0078847-3M,ACC0078847,IND23004981,Keystone Retail Bank,051001030788473,3,2023-12-01,2024-02-29 23:59:59,4684.95,4185.9,8,0,reconciliation_analysis\2023\bank_statement_pdfs\ACC0078847_202312_202402_3M_statement.pdf,ISO20022_CAMT053_XML,reconciliation_analysis\2023\bank_statement_source_files\iso20022_camt053_xml\ACC0078847_202312_202402_3M_statement.xml
RECON-202312-ACC0078848-3M,ACC0078848,IND23012895,Keystone Retail Bank,261550270788485,3,2023-12-01,2024-02-29 23:59:59,17112.08,16681.04,6,0,reconciliation_analysis\2023\bank_statement_pdfs\ACC0078848_202312_202402_3M_statement.pdf,CSV,reconciliation_analysis\2023\bank_statement_source_files\csv\ACC0078848_202312_202402_3M_statement.csv
RECON-202312-ACC0078849-6M,ACC0078849,IND23006187,Keystone Retail Bank,150105010788498,6,2023-12-01,2024-05-31 23:59:59,6036.19,-4779.58,77,62,reconciliation_analysis\2023\bank_statement_pdfs\ACC0078849_202312_202405_6M_statement.pdf,CSV,reconciliation_analysis\2023\bank_statement_source_files\csv\ACC0078849_202312_202405_6M_statement.csv
RECON-202312-ACC0078850-3M,ACC0078850,IND23008986,Keystone Retail Bank,221426280788505,3,2023-12-01,2024-02-29 23:59:59,4690.19,4149.25,8,0,reconciliation_analysis\2023\bank_statement_pdfs\ACC0078850_202312_202402_3M_statement.pdf,CSV,reconciliation_analysis\2023\bank_statement_source_files\csv\ACC0078850_202312_202402_3M_statement.csv
RECON-202312-ACC0078851-6M,ACC0078851,IND23009116,Keystone Retail Bank,250955270788514,6,2023-12-01,2024-05-31 23:59:59,17007.47,16381.87,10,0,reconciliation_analysis\2023\bank_statement_pdfs\ACC0078851_202312_202405_6M_statement.pdf,CSV,reconciliation_analysis\2023\bank_statement_source_files\csv\ACC0078851_202312_202405_6M_statement.csv
RECON-202312-ACC0078852-6M,ACC0078852,IND23013495,Keystone Retail Bank,198765010788525,6,2023-12-01,2024-05-31 23:59:59,17617.37,17054.86,11,0,reconciliation_analysis\2023\bank_statement_pdfs\ACC0078852_202312_202405_6M_statement.pdf,ISO20022_CAMT053_XML,reconciliation_analysis\2023\bank_statement_source_files\iso20022_camt053_xml\ACC0078852_202312_202405_6M_statement.xml
RECON-202312-ACC0078853-3M,ACC0078853,IND23008549,Keystone Retail Bank,214305020788533,3,2023-12-01,2024-02-29 23:59:59,10332.04,-4293.76,63,59,reconciliation_analysis\2023\bank_statement_pdfs\ACC0078853_202312_202402_3M_statement.pdf,ISO20022_CAMT053_XML,reconciliation_analysis\2023\bank_statement_source_files\iso20022_camt053_xml\ACC0078853_202312_202402_3M_statement.xml
RECON-202312-ACC0078854-3M,ACC0078854,IND23003780,Keystone Retail Bank,250655030788542,3,2023-12-01,2024-02-29 23:59:59,1592.35,983.97,7,0,reconciliation_analysis\2023\bank_statement_pdfs\ACC0078854_202312_202402_3M_statement.pdf,ISO20022_CAMT053_XML,reconciliation_analysis\2023\bank_statement_source_files\iso20022_camt053_xml\ACC0078854_202312_202402_3M_statement.xml
RECON-202312-ACC0078855-3M,ACC0078855,IND23003780,Keystone Retail Bank,250655010788553,3,2023-12-01,2024-02-29 23:59:59,11295.77,10902.83,6,0,reconciliation_analysis\2023\bank_statement_pdfs\ACC0078855_202312_202402_3M_statement.pdf,TXT,reconciliation_analysis\2023\bank_statement_source_files\txt\ACC0078855_202312_202402_3M_statement.txt
RECON-202312-ACC0078856-3M,ACC0078856,IND23008716,Keystone Retail Bank,250655030788560,3,2023-12-01,2024-02-29 23:59:59,16004.89,15803.47,4,0,reconciliation_analysis\2023\bank_statement_pdfs\ACC0078856_202312_202402_3M_statement.pdf,ISO20022_CAMT053_XML,reconciliation_analysis\2023\bank_statement_source_files\iso20022_camt053_xml\ACC0078856_202312_202402_3M_statement.xml
RECON-202312-ACC0078857-6M,ACC0078857,IND23008716,Keystone Retail Bank,051001010788573,6,2023-12-01,2024-05-31 23:59:59,4650.47,4016.5,11,0,reconciliation_analysis\2023\bank_statement_pdfs\ACC0078857_202312_202405_6M_statement.pdf,CSV,reconciliation_analysis\2023\bank_statement_source_files\csv\ACC0078857_202312_202405_6M_statement.csv
RECON-202312-ACC0078858-6M,ACC0078858,IND23003623,Keystone Retail Bank,051001280788581,6,2023-12-01,2024-05-31 23:59:59,10609.75,-10447.67,83,69,reconciliation_analysis\2023\bank_statement_pdfs\ACC0078858_202312_202405_6M_statement.pdf,ISO20022_CAMT053_XML,reconciliation_analysis\2023\bank_statement_source_files\iso20022_camt053_xml\ACC0078858_202312_202405_6M_statement.xml
RECON-202312-ACC0078859-6M,ACC0078859,IND23011613,Keystone Retail Bank,175605010788599,6,2023-12-01,2024-05-31 23:59:59,11372.86,-25470.47,83,72,reconciliation_analysis\2023\bank_statement_pdfs\ACC0078859_202312_202405_6M_statement.pdf,TXT,reconciliation_analysis\2023\bank_statement_source_files\txt\ACC0078859_202312_202405_6M_statement.txt
RECON-202312-ACC0078860-3M,ACC0078860,IND23001417,Keystone Retail Bank,051001270788608,3,2023-12-01,2024-02-29 23:59:59,10687.36,-23.78,73,69,reconciliation_analysis\2023\bank_statement_pdfs\ACC0078860_202312_202402_3M_statement.pdf,ISO20022_CAMT053_XML,reconciliation_analysis\2023\bank_statement_source_files\iso20022_camt053_xml\ACC0078860_202312_202402_3M_statement.xml
RECON-202312-ACC0078861-3M,ACC0078861,IND23008770,Keystone Retail Bank,125505010788611,3,2023-12-01,2024-02-29 23:59:59,4948.3,-20481.69,67,64,reconciliation_analysis\2023\bank_statement_pdfs\ACC0078861_202312_202402_3M_statement.pdf,CSV,reconciliation_analysis\2023\bank_statement_source_files\csv\ACC0078861_202312_202402_3M_statement.csv
RECON-202312-ACC0078862-6M,ACC0078862,IND23014023,Keystone Retail Bank,195105010788627,6,2023-12-01,2024-05-31 23:59:59,9669.95,-19635.73,90,76,reconciliation_analysis\2023\bank_statement_pdfs\ACC0078862_202312_202405_6M_statement.pdf,CSV,reconciliation_analysis\2023\bank_statement_source_files\csv\ACC0078862_202312_202405_6M_statement.csv
RECON-202312-ACC0078863-3M,ACC0078863,IND23011767,Keystone Retail Bank,470010030788634,3,2023-12-01,2024-02-29 23:59:59,10690.87,10543.96,6,0,reconciliation_analysis\2023\bank_statement_pdfs\ACC0078863_202312_202402_3M_statement.pdf,ISO20022_CAMT053_XML,reconciliation_analysis\2023\bank_statement_source_files\iso20022_camt053_xml\ACC0078863_202312_202402_3M_statement.xml
RECON-202312-ACC0078864-6M,ACC0078864,IND23006417,Keystone Retail Bank,270555020788640,6,2023-12-01,2024-05-31 23:59:59,13726.94,-13121.02,82,73,reconciliation_analysis\2023\bank_statement_pdfs\ACC0078864_202312_202405_6M_statement.pdf,ISO20022_CAMT053_XML,reconciliation_analysis\2023\bank_statement_source_files\iso20022_camt053_xml\ACC0078864_202312_202405_6M_statement.xml
RECON-202312-ACC0078865-3M,ACC0078865,IND23006417,Keystone Retail Bank,270555010788650,3,2023-12-01,2024-02-29 23:59:59,1246.57,875.12,8,0,reconciliation_analysis\2023\bank_statement_pdfs\ACC0078865_202312_202402_3M_statement.pdf,ISO20022_CAMT053_XML,reconciliation_analysis\2023\bank_statement_source_files\iso20022_camt053_xml\ACC0078865_202312_202402_3M_statement.xml
RECON-202312-ACC0078866-6M,ACC0078866,IND23004921,Keystone Retail Bank,175505270788661,6,2023-12-01,2024-05-31 23:59:59,10350.35,-24195.71,81,74,reconciliation_analysis\2023\bank_statement_pdfs\ACC0078866_202312_202405_6M_statement.pdf,CSV,reconciliation_analysis\2023\bank_statement_source_files\csv\ACC0078866_202312_202405_6M_statement.csv
RECON-202312-ACC0078867-6M,ACC0078867,IND23012466,Keystone Retail Bank,632005020788674,6,2023-12-01,2024-05-31 23:59:59,2976.44,2519.14,9,0,reconciliation_analysis\2023\bank_statement_pdfs\ACC0078867_202312_202405_6M_statement.pdf,ISO20022_CAMT053_XML,reconciliation_analysis\2023\bank_statement_source_files\iso20022_camt053_xml\ACC0078867_202312_202405_6M_statement.xml
RECON-202312-ACC0078868-3M,ACC0078868,IND23014643,Keystone Retail Bank,510255010788680,3,2023-12-01,2024-02-29 23:59:59,8604.77,-32115.33,55,51,reconciliation_analysis\2023\bank_statement_pdfs\ACC0078868_202312_202402_3M_statement.pdf,TXT,reconciliation_analysis\2023\bank_statement_source_files\txt\ACC0078868_202312_202402_3M_statement.txt
RECON-202312-ACC0078869-6M,ACC0078869,IND23005602,Keystone Retail Bank,160205280788691,6,2023-12-01,2024-05-31 23:59:59,2076.34,-27193.85,97,85,reconciliation_analysis\2023\bank_statement_pdfs\ACC0078869_202312_202405_6M_statement.pdf,CSV,reconciliation_analysis\2023\bank_statement_source_files\csv\ACC0078869_202312_202405_6M_statement.csv
RECON-202312-ACC0078870-6M,ACC0078870,IND23001895,Keystone Retail Bank,221426010788702,6,2023-12-01,2024-05-31 23:59:59,7517.85,9533.51,15,0,reconciliation_analysis\2023\bank_statement_pdfs\ACC0078870_202312_202405_6M_statement.pdf,CSV,reconciliation_analysis\2023\bank_statement_source_files\csv\ACC0078870_202312_202405_6M_statement.csv
RECON-202312-ACC0078871-6M,ACC0078871,IND23006850,Keystone Retail Bank,175505020788713,6,2023-12-01,2024-05-31 23:59:59,4969.59,-8882.01,74,63,reconciliation_analysis\2023\bank_statement_pdfs\ACC0078871_202312_202405_6M_statement.pdf,CSV,reconciliation_analysis\2023\bank_statement_source_files\csv\ACC0078871_202312_202405_6M_statement.csv
RECON-202312-ACC0078872-3M,ACC0078872,IND23001556,Keystone Retail Bank,198765030788729,3,2023-12-01,2024-02-29 23:59:59,13403.48,13341.63,5,0,reconciliation_analysis\2023\bank_statement_pdfs\ACC0078872_202312_202402_3M_statement.pdf,TXT,reconciliation_analysis\2023\bank_statement_source_files\txt\ACC0078872_202312_202402_3M_statement.txt
RECON-202312-ACC0078873-6M,ACC0078873,IND23002494,Keystone Retail Bank,050910270788735,6,2023-12-01,2024-05-31 23:59:59,3775.55,-19694.05,90,76,reconciliation_analysis\2023\bank_statement_pdfs\ACC0078873_202312_202405_6M_statement.pdf,CSV,reconciliation_analysis\2023\bank_statement_source_files\csv\ACC0078873_202312_202405_6M_statement.csv
RECON-202312-ACC0078874-6M,ACC0078874,IND23011110,Keystone Retail Bank,025009030788747,6,2023-12-01,2024-05-31 23:59:59,11185.37,1329.59,62,49,reconciliation_analysis\2023\bank_statement_pdfs\ACC0078874_202312_202405_6M_statement.pdf,ISO20022_CAMT053_XML,reconciliation_analysis\2023\bank_statement_source_files\iso20022_camt053_xml\ACC0078874_202312_202405_6M_statement.xml
RECON-202312-ACC0078875-3M,ACC0078875,IND23010836,Keystone Retail Bank,207205010788754,3,2023-12-01,2024-02-29 23:59:59,14961.63,-25854.42,79,75,reconciliation_analysis\2023\bank_statement_pdfs\ACC0078875_202312_202402_3M_statement.pdf,CSV,reconciliation_analysis\2023\bank_statement_source_files\csv\ACC0078875_202312_202402_3M_statement.csv
RECON-202312-ACC0078876-3M,ACC0078876,IND23001350,Keystone Retail Bank,180205030788769,3,2023-12-01,2024-02-29 23:59:59,7018.82,-60910.51,71,63,reconciliation_analysis\2023\bank_statement_pdfs\ACC0078876_202312_202402_3M_statement.pdf,CSV,reconciliation_analysis\2023\bank_statement_source_files\csv\ACC0078876_202312_202402_3M_statement.csv
RECON-202312-ACC0078877-3M,ACC0078877,IND23001350,Keystone Retail Bank,180205270788770,3,2023-12-01,2024-02-29 23:59:59,7655.3,7415.55,9,0,reconciliation_analysis\2023\bank_statement_pdfs\ACC0078877_202312_202402_3M_statement.pdf,ISO20022_CAMT053_XML,reconciliation_analysis\2023\bank_statement_source_files\iso20022_camt053_xml\ACC0078877_202312_202402_3M_statement.xml
RECON-202312-ACC0078879-3M,ACC0078879,IND23014325,Keystone Retail Bank,204109280788792,3,2023-12-01,2024-02-29 23:59:59,1534.12,775.24,8,0,reconciliation_analysis\2023\bank_statement_pdfs\ACC0078879_202312_202402_3M_statement.pdf,CSV,reconciliation_analysis\2023\bank_statement_source_files\csv\ACC0078879_202312_202402_3M_statement.csv
RECON-202312-ACC0078880-3M,ACC0078880,IND23006783,Keystone Retail Bank,261550280788804,3,2023-12-01,2024-02-29 23:59:59,14974.71,14487.42,7,0,reconciliation_analysis\2023\bank_statement_pdfs\ACC0078880_202312_202402_3M_statement.pdf,CSV,reconciliation_analysis\2023\bank_statement_source_files\csv\ACC0078880_202312_202402_3M_statement.csv
RECON-202312-ACC0078881-3M,ACC0078881,IND23001441,Keystone Retail Bank,060110020788811,3,2023-12-01,2024-02-29 23:59:59,3700.9,-27436.24,75,70,reconciliation_analysis\2023\bank_statement_pdfs\ACC0078881_202312_202402_3M_statement.pdf,CSV,reconciliation_analysis\2023\bank_statement_source_files\csv\ACC0078881_202312_202402_3M_statement.csv
RECON-202312-ACC0078882-3M,ACC0078882,IND23000506,Keystone Retail Bank,221526030788825,3,2023-12-01,2024-02-29 23:59:59,16193.4,15592.9,7,0,reconciliation_analysis\2023\bank_statement_pdfs\ACC0078882_202312_202402_3M_statement.pdf,ISO20022_CAMT053_XML,reconciliation_analysis\2023\bank_statement_source_files\iso20022_camt053_xml\ACC0078882_202312_202402_3M_statement.xml
RECON-202312-ACC0078883-3M,ACC0078883,IND23008729,Keystone Retail Bank,203705280788836,3,2023-12-01,2024-02-29 23:59:59,14783.97,741.27,58,54,reconciliation_analysis\2023\bank_statement_pdfs\ACC0078883_202312_202402_3M_statement.pdf,CSV,reconciliation_analysis\2023\bank_statement_source_files\csv\ACC0078883_202312_202402_3M_statement.csv
RECON-202312-ACC0078884-3M,ACC0078884,IND23005983,Keystone Retail Bank,430010010788845,3,2023-12-01,2024-02-29 23:59:59,16203.87,15775.16,5,0,reconciliation_analysis\2023\bank_statement_pdfs\ACC0078884_202312_202402_3M_statement.pdf,CSV,reconciliation_analysis\2023\bank_statement_source_files\csv\ACC0078884_202312_202402_3M_statement.csv
RECON-202312-ACC0078885-6M,ACC0078885,IND23013644,Keystone Retail Bank,250655280788856,6,2023-12-01,2024-05-31 23:59:59,3684.17,-12947.96,73,62,reconciliation_analysis\2023\bank_statement_pdfs\ACC0078885_202312_202405_6M_statement.pdf,ISO20022_CAMT053_XML,reconciliation_analysis\2023\bank_statement_source_files\iso20022_camt053_xml\ACC0078885_202312_202405_6M_statement.xml
RECON-202312-ACC0078886-6M,ACC0078886,IND23014310,Keystone Retail Bank,198765020788864,6,2023-12-01,2024-05-31 23:59:59,14396.12,1215.85,50,36,reconciliation_analysis\2023\bank_statement_pdfs\ACC0078886_202312_202405_6M_statement.pdf,CSV,reconciliation_analysis\2023\bank_statement_source_files\csv\ACC0078886_202312_202405_6M_statement.csv
RECON-202312-ACC0078887-3M,ACC0078887,IND23009094,Keystone Retail Bank,280605270788872,3,2023-12-01,2024-02-29 23:59:59,6135.22,5819.97,5,0,reconciliation_analysis\2023\bank_statement_pdfs\ACC0078887_202312_202402_3M_statement.pdf,TXT,reconciliation_analysis\2023\bank_statement_source_files\txt\ACC0078887_202312_202402_3M_statement.txt
RECON-202312-ACC0078888-6M,ACC0078888,IND23001716,Keystone Retail Bank,198765030788881,6,2023-12-01,2024-05-31 23:59:59,13521.23,13331.01,8,0,reconciliation_analysis\2023\bank_statement_pdfs\ACC0078888_202312_202405_6M_statement.pdf,CSV,reconciliation_analysis\2023\bank_statement_source_files\csv\ACC0078888_202312_202405_6M_statement.csv
RECON-202312-ACC0078889-3M,ACC0078889,IND23004103,Keystone Retail Bank,191705030788896,3,2023-12-01,2024-02-29 23:59:59,12842.77,12548.95,7,0,reconciliation_analysis\2023\bank_statement_pdfs\ACC0078889_202312_202402_3M_statement.pdf,CSV,reconciliation_analysis\2023\bank_statement_source_files\csv\ACC0078889_202312_202402_3M_statement.csv
RECON-202312-ACC0078891-3M,ACC0078891,IND23014249,Keystone Retail Bank,198765020788917,3,2023-12-01,2024-02-29 23:59:59,2601.66,-12781.66,47,42,reconciliation_analysis\2023\bank_statement_pdfs\ACC0078891_202312_202402_3M_statement.pdf,ISO20022_CAMT053_XML,reconciliation_analysis\2023\bank_statement_source_files\iso20022_camt053_xml\ACC0078891_202312_202402_3M_statement.xml
RECON-202312-ACC0078892-3M,ACC0078892,IND23012905,Keystone Retail Bank,280605280788924,3,2023-12-01,2024-02-29 23:59:59,2830.29,-22641.67,79,72,reconciliation_analysis\2023\bank_statement_pdfs\ACC0078892_202312_202402_3M_statement.pdf,ISO20022_CAMT053_XML,reconciliation_analysis\2023\bank_statement_source_files\iso20022_camt053_xml\ACC0078892_202312_202402_3M_statement.xml
RECON-202312-ACC0078894-3M,ACC0078894,IND23012174,Keystone Retail Bank,632005270788942,3,2023-12-01,2024-02-29 23:59:59,11328.52,-9046.37,73,68,reconciliation_analysis\2023\bank_statement_pdfs\ACC0078894_202312_202402_3M_statement.pdf,ISO20022_CAMT053_XML,reconciliation_analysis\2023\bank_statement_source_files\iso20022_camt053_xml\ACC0078894_202312_202402_3M_statement.xml
RECON-202312-ACC0078895-3M,ACC0078895,IND23002981,Keystone Retail Bank,198765020788953,3,2023-12-01,2024-02-29 23:59:59,7454.88,7143.91,5,0,reconciliation_analysis\2023\bank_statement_pdfs\ACC0078895_202312_202402_3M_statement.pdf,ISO20022_CAMT053_XML,reconciliation_analysis\2023\bank_statement_source_files\iso20022_camt053_xml\ACC0078895_202312_202402_3M_statement.xml
RECON-202312-ACC0078897-6M,ACC0078897,IND23012428,Keystone Retail Bank,018305030788976,6,2023-12-01,2024-05-31 23:59:59,3814.0,-29555.09,90,80,reconciliation_analysis\2023\bank_statement_pdfs\ACC0078897_202312_202405_6M_statement.pdf,TXT,reconciliation_analysis\2023\bank_statement_source_files\txt\ACC0078897_202312_202405_6M_statement.txt
RECON-202312-ACC0078898-3M,ACC0078898,IND23001970,Keystone Retail Bank,025009030788989,3,2023-12-01,2024-02-29 23:59:59,5023.17,-20468.84,60,57,reconciliation_analysis\2023\bank_statement_pdfs\ACC0078898_202312_202402_3M_statement.pdf,CSV,reconciliation_analysis\2023\bank_statement_source_files\csv\ACC0078898_202312_202402_3M_statement.csv
RECON-202312-ACC0078899-6M,ACC0078899,IND23013313,Keystone Retail Bank,018505010788994,6,2023-12-01,2024-05-31 23:59:59,6559.82,5972.68,12,0,reconciliation_analysis\2023\bank_statement_pdfs\ACC0078899_202312_202405_6M_statement.pdf,CSV,reconciliation_analysis\2023\bank_statement_source_files\csv\ACC0078899_202312_202405_6M_statement.csv
RECON-202312-ACC0078900-3M,ACC0078900,IND23012863,Keystone Retail Bank,125405270789004,3,2023-12-01,2024-02-29 23:59:59,9541.33,9227.34,6,0,reconciliation_analysis\2023\bank_statement_pdfs\ACC0078900_202312_202402_3M_statement.pdf,CSV,reconciliation_analysis\2023\bank_statement_source_files\csv\ACC0078900_202312_202402_3M_statement.csv
RECON-202312-ACC0078901-6M,ACC0078901,IND23006330,Keystone Retail Bank,250655270789016,6,2023-12-01,2024-05-31 23:59:59,13637.63,12861.96,15,0,reconciliation_analysis\2023\bank_statement_pdfs\ACC0078901_202312_202405_6M_statement.pdf,ISO20022_CAMT053_XML,reconciliation_analysis\2023\bank_statement_source_files\iso20022_camt053_xml\ACC0078901_202312_202405_6M_statement.xml
RECON-202312-ACC0078902-6M,ACC0078902,IND23002222,Keystone Retail Bank,012345030789022,6,2023-12-01,2024-05-31 23:59:59,8542.5,7849.94,11,0,reconciliation_analysis\2023\bank_statement_pdfs\ACC0078902_202312_202405_6M_statement.pdf,CSV,reconciliation_analysis\2023\bank_statement_source_files\csv\ACC0078902_202312_202405_6M_statement.csv
RECON-202312-ACC0078903-3M,ACC0078903,IND23014210,Keystone Retail Bank,195205010789036,3,2023-12-01,2024-02-29 23:59:59,8649.66,-6202.53,47,41,reconciliation_analysis\2023\bank_statement_pdfs\ACC0078903_202312_202402_3M_statement.pdf,ISO20022_CAMT053_XML,reconciliation_analysis\2023\bank_statement_source_files\iso20022_camt053_xml\ACC0078903_202312_202402_3M_statement.xml
RECON-202312-ACC0078904-3M,ACC0078904,IND23009960,Keystone Retail Bank,463005280789047,3,2023-12-01,2024-02-29 23:59:59,12345.51,-32905.11,77,73,reconciliation_analysis\2023\bank_statement_pdfs\ACC0078904_202312_202402_3M_statement.pdf,ISO20022_CAMT053_XML,reconciliation_analysis\2023\bank_statement_source_files\iso20022_camt053_xml\ACC0078904_202312_202402_3M_statement.xml
RECON-202312-ACC0078905-3M,ACC0078905,IND23014338,Keystone Retail Bank,188205280789058,3,2023-12-01,2024-02-29 23:59:59,11658.42,-13700.52,61,57,reconciliation_analysis\2023\bank_statement_pdfs\ACC0078905_202312_202402_3M_statement.pdf,CSV,reconciliation_analysis\2023\bank_statement_source_files\csv\ACC0078905_202312_202402_3M_statement.csv
RECON-202312-ACC0078906-3M,ACC0078906,IND23008363,Keystone Retail Bank,280505010789069,3,2023-12-01,2024-02-29 23:59:59,8994.09,-17318.29,63,59,reconciliation_analysis\2023\bank_statement_pdfs\ACC0078906_202312_202402_3M_statement.pdf,TXT,reconciliation_analysis\2023\bank_statement_source_files\txt\ACC0078906_202312_202402_3M_statement.txt
RECON-202312-ACC0078907-3M,ACC0078907,IND23011536,Keystone Retail Bank,175605010789070,3,2023-12-01,2024-02-29 23:59:59,13831.05,13357.6,7,0,reconciliation_analysis\2023\bank_statement_pdfs\ACC0078907_202312_202402_3M_statement.pdf,ISO20022_CAMT053_XML,reconciliation_analysis\2023\bank_statement_source_files\iso20022_camt053_xml\ACC0078907_202312_202402_3M_statement.xml
RECON-202312-ACC0078908-3M,ACC0078908,IND23005999,Keystone Retail Bank,255005020789084,3,2023-12-01,2024-02-29 23:59:59,2153.63,1912.86,5,0,reconciliation_analysis\2023\bank_statement_pdfs\ACC0078908_202312_202402_3M_statement.pdf,CSV,reconciliation_analysis\2023\bank_statement_source_files\csv\ACC0078908_202312_202402_3M_statement.csv
RECON-202312-ACC0078909-3M,ACC0078909,IND23000186,Keystone Retail Bank,012345280789096,3,2023-12-01,2024-02-29 23:59:59,2507.65,-7201.63,50,48,reconciliation_analysis\2023\bank_statement_pdfs\ACC0078909_202312_202402_3M_statement.pdf,CSV,reconciliation_analysis\2023\bank_statement_source_files\csv\ACC0078909_202312_202402_3M_statement.csv
RECON-202312-ACC0078910-6M,ACC0078910,IND23014773,Keystone Retail Bank,125405280789101,6,2023-12-01,2024-05-31 23:59:59,7068.19,6608.63,11,0,reconciliation_analysis\2023\bank_statement_pdfs\ACC0078910_202312_202405_6M_statement.pdf,CSV,reconciliation_analysis\2023\bank_statement_source_files\csv\ACC0078910_202312_202405_6M_statement.csv
RECON-202312-ACC0078911-6M,ACC0078911,IND23010386,Keystone Retail Bank,134705020789118,6,2023-12-01,2024-05-31 23:59:59,3079.41,-38393.33,78,66,reconciliation_analysis\2023\bank_statement_pdfs\ACC0078911_202312_202405_6M_statement.pdf,ISO20022_CAMT053_XML,reconciliation_analysis\2023\bank_statement_source_files\iso20022_camt053_xml\ACC0078911_202312_202405_6M_statement.xml
RECON-202312-ACC0078912-3M,ACC0078912,IND23001607,Keystone Retail Bank,134705280789127,3,2023-12-01,2024-02-29 23:59:59,9483.6,-17387.77,83,79,reconciliation_analysis\2023\bank_statement_pdfs\ACC0078912_202312_202402_3M_statement.pdf,TXT,reconciliation_analysis\2023\bank_statement_source_files\txt\ACC0078912_202312_202402_3M_statement.txt
RECON-202312-ACC0078913-6M,ACC0078913,IND23003730,Keystone Retail Bank,018505280789134,6,2023-12-01,2024-05-31 23:59:59,4953.7,-35170.82,88,78,reconciliation_analysis\2023\bank_statement_pdfs\ACC0078913_202312_202405_6M_statement.pdf,ISO20022_CAMT053_XML,reconciliation_analysis\2023\bank_statement_source_files\iso20022_camt053_xml\ACC0078913_202312_202405_6M_statement.xml
RECON-202312-ACC0078914-3M,ACC0078914,IND23002520,Keystone Retail Bank,255005020789146,3,2023-12-01,2024-02-29 23:59:59,13005.35,-14086.57,84,80,reconciliation_analysis\2023\bank_statement_pdfs\ACC0078914_202312_202402_3M_statement.pdf,ISO20022_CAMT053_XML,reconciliation_analysis\2023\bank_statement_source_files\iso20022_camt053_xml\ACC0078914_202312_202402_3M_statement.xml
RECON-202312-ACC0078915-3M,ACC0078915,IND23010575,Keystone Retail Bank,180305010789152,3,2023-12-01,2024-02-29 23:59:59,9325.47,9029.86,7,0,reconciliation_analysis\2023\bank_statement_pdfs\ACC0078915_202312_202402_3M_statement.pdf,ISO20022_CAMT053_XML,reconciliation_analysis\2023\bank_statement_source_files\iso20022_camt053_xml\ACC0078915_202312_202402_3M_statement.xml
RECON-202312-ACC0078916-3M,ACC0078916,IND23010575,Keystone Retail Bank,180205010789162,3,2023-12-01,2024-02-29 23:59:59,2810.3,2551.16,5,0,reconciliation_analysis\2023\bank_statement_pdfs\ACC0078916_202312_202402_3M_statement.pdf,CSV,reconciliation_analysis\2023\bank_statement_source_files\csv\ACC0078916_202312_202402_3M_statement.csv
RECON-202312-ACC0078917-6M,ACC0078917,IND23010973,Keystone Retail Bank,051001280789179,6,2023-12-01,2024-05-31 23:59:59,1992.58,1229.39,15,0,reconciliation_analysis\2023\bank_statement_pdfs\ACC0078917_202312_202405_6M_statement.pdf,CSV,reconciliation_analysis\2023\bank_statement_source_files\csv\ACC0078917_202312_202405_6M_statement.csv
RECON-202312-ACC0078918-6M,ACC0078918,IND23004852,Keystone Retail Bank,632005020789182,6,2023-12-01,2024-05-31 23:59:59,13696.03,324.17,70,57,reconciliation_analysis\2023\bank_statement_pdfs\ACC0078918_202312_202405_6M_statement.pdf,ISO20022_CAMT053_XML,reconciliation_analysis\2023\bank_statement_source_files\iso20022_camt053_xml\ACC0078918_202312_202405_6M_statement.xml
RECON-202312-ACC0078919-3M,ACC0078919,IND23013215,Keystone Retail Bank,632005270789192,3,2023-12-01,2024-02-29 23:59:59,5358.36,4891.04,8,0,reconciliation_analysis\2023\bank_statement_pdfs\ACC0078919_202312_202402_3M_statement.pdf,CSV,reconciliation_analysis\2023\bank_statement_source_files\csv\ACC0078919_202312_202402_3M_statement.csv
RECON-202312-ACC0078920-6M,ACC0078920,IND23005586,Keystone Retail Bank,214205020789202,6,2023-12-01,2024-05-31 23:59:59,6125.55,5585.02,11,0,reconciliation_analysis\2023\bank_statement_pdfs\ACC0078920_202312_202405_6M_statement.pdf,CSV,reconciliation_analysis\2023\bank_statement_source_files\csv\ACC0078920_202312_202405_6M_statement.csv
RECON-202312-ACC0078921-6M,ACC0078921,IND23000743,Keystone Retail Bank,228205010789213,6,2023-12-01,2024-05-31 23:59:59,13505.65,-23551.78,81,70,reconciliation_analysis\2023\bank_statement_pdfs\ACC0078921_202312_202405_6M_statement.pdf,TXT,reconciliation_analysis\2023\bank_statement_source_files\txt\ACC0078921_202312_202405_6M_statement.txt
RECON-202312-ACC0078922-6M,ACC0078922,IND23007640,Keystone Retail Bank,203805030789226,6,2023-12-01,2024-05-31 23:59:59,5914.26,-11671.62,81,73,reconciliation_analysis\2023\bank_statement_pdfs\ACC0078922_202312_202405_6M_statement.pdf,CSV,reconciliation_analysis\2023\bank_statement_source_files\csv\ACC0078922_202312_202405_6M_statement.csv
RECON-202312-ACC0078923-3M,ACC0078923,IND23002038,Keystone Retail Bank,168205270789239,3,2023-12-01,2024-02-29 23:59:59,5149.18,4913.76,6,0,reconciliation_analysis\2023\bank_statement_pdfs\ACC0078923_202312_202402_3M_statement.pdf,CSV,reconciliation_analysis\2023\bank_statement_source_files\csv\ACC0078923_202312_202402_3M_statement.csv
RECON-202312-ACC0078924-3M,ACC0078924,IND23014541,Keystone Retail Bank,255005270789245,3,2023-12-01,2024-02-29 23:59:59,10030.58,-292.49,42,38,reconciliation_analysis\2023\bank_statement_pdfs\ACC0078924_202312_202402_3M_statement.pdf,ISO20022_CAMT053_XML,reconciliation_analysis\2023\bank_statement_source_files\iso20022_camt053_xml\ACC0078924_202312_202402_3M_statement.xml
RECON-202312-ACC0078925-3M,ACC0078925,IND23005385,Keystone Retail Bank,250655270789258,3,2023-12-01,2024-02-29 23:59:59,11533.94,-11150.37,72,68,reconciliation_analysis\2023\bank_statement_pdfs\ACC0078925_202312_202402_3M_statement.pdf,CSV,reconciliation_analysis\2023\bank_statement_source_files\csv\ACC0078925_202312_202402_3M_statement.csv
RECON-202312-ACC0078926-3M,ACC0078926,IND23011764,Keystone Retail Bank,198775030789262,3,2023-12-01,2024-02-29 23:59:59,3598.07,5988.98,10,0,reconciliation_analysis\2023\bank_statement_pdfs\ACC0078926_202312_202402_3M_statement.pdf,ISO20022_CAMT053_XML,reconciliation_analysis\2023\bank_statement_source_files\iso20022_camt053_xml\ACC0078926_202312_202402_3M_statement.xml
RECON-202312-ACC0078929-3M,ACC0078929,IND23014335,Keystone Retail Bank,224705280789297,3,2023-12-01,2024-02-29 23:59:59,5779.39,5416.26,6,0,reconciliation_analysis\2023\bank_statement_pdfs\ACC0078929_202312_202402_3M_statement.pdf,ISO20022_CAMT053_XML,reconciliation_analysis\2023\bank_statement_source_files\iso20022_camt053_xml\ACC0078929_202312_202402_3M_statement.xml
RECON-202312-ACC0078930-3M,ACC0078930,IND23008699,Keystone Retail Bank,012345270789300,3,2023-12-01,2024-02-29 23:59:59,672.36,-27479.78,70,66,reconciliation_analysis\2023\bank_statement_pdfs\ACC0078930_202312_202402_3M_statement.pdf,CSV,reconciliation_analysis\2023\bank_statement_source_files\csv\ACC0078930_202312_202402_3M_statement.csv
RECON-202312-ACC0078931-6M,ACC0078931,IND23012354,Keystone Retail Bank,160105010789316,6,2023-12-01,2024-05-31 23:59:59,13698.38,12949.92,12,0,reconciliation_analysis\2023\bank_statement_pdfs\ACC0078931_202312_202405_6M_statement.pdf,TXT,reconciliation_analysis\2023\bank_statement_source_files\txt\ACC0078931_202312_202405_6M_statement.txt
RECON-202312-ACC0078932-6M,ACC0078932,IND23003629,Keystone Retail Bank,280505280789326,6,2023-12-01,2024-05-31 23:59:59,7483.88,-6015.36,65,55,reconciliation_analysis\2023\bank_statement_pdfs\ACC0078932_202312_202405_6M_statement.pdf,ISO20022_CAMT053_XML,reconciliation_analysis\2023\bank_statement_source_files\iso20022_camt053_xml\ACC0078932_202312_202405_6M_statement.xml
RECON-202312-ACC0078933-3M,ACC0078933,IND23002829,Keystone Retail Bank,172105010789339,3,2023-12-01,2024-02-29 23:59:59,9957.57,9543.89,6,0,reconciliation_analysis\2023\bank_statement_pdfs\ACC0078933_202312_202402_3M_statement.pdf,CSV,reconciliation_analysis\2023\bank_statement_source_files\csv\ACC0078933_202312_202402_3M_statement.csv
RECON-202312-ACC0078934-6M,ACC0078934,IND23007286,Keystone Retail Bank,204109030789343,6,2023-12-01,2024-05-31 23:59:59,13924.76,-7992.32,76,66,reconciliation_analysis\2023\bank_statement_pdfs\ACC0078934_202312_202405_6M_statement.pdf,TXT,reconciliation_analysis\2023\bank_statement_source_files\txt\ACC0078934_202312_202405_6M_statement.txt
RECON-202312-ACC0078936-3M,ACC0078936,IND23002451,Keystone Retail Bank,164605030789366,3,2023-12-01,2024-02-29 23:59:59,8614.3,-8443.38,64,57,reconciliation_analysis\2023\bank_statement_pdfs\ACC0078936_202312_202402_3M_statement.pdf,CSV,reconciliation_analysis\2023\bank_statement_source_files\csv\ACC0078936_202312_202402_3M_statement.csv
RECON-202312-ACC0078937-6M,ACC0078937,IND23009667,Keystone Retail Bank,280505270789372,6,2023-12-01,2024-05-31 23:59:59,5978.32,-15125.17,54,38,reconciliation_analysis\2023\bank_statement_pdfs\ACC0078937_202312_202405_6M_statement.pdf,CSV,reconciliation_analysis\2023\bank_statement_source_files\csv\ACC0078937_202312_202405_6M_statement.csv
RECON-202312-ACC0078938-3M,ACC0078938,IND23007953,Keystone Retail Bank,020909010789383,3,2023-12-01,2024-02-29 23:59:59,14925.95,-7321.17,76,70,reconciliation_analysis\2023\bank_statement_pdfs\ACC0078938_202312_202402_3M_statement.pdf,ISO20022_CAMT053_XML,reconciliation_analysis\2023\bank_statement_source_files\iso20022_camt053_xml\ACC0078938_202312_202402_3M_statement.xml
RECON-202312-ACC0078939-6M,ACC0078939,IND23007953,Keystone Retail Bank,020909030789390,6,2023-12-01,2024-05-31 23:59:59,5785.21,5093.95,13,0,reconciliation_analysis\2023\bank_statement_pdfs\ACC0078939_202312_202405_6M_statement.pdf,CSV,reconciliation_analysis\2023\bank_statement_source_files\csv\ACC0078939_202312_202405_6M_statement.csv
RECON-202312-ACC0078940-3M,ACC0078940,IND23014049,Keystone Retail Bank,160105030789403,3,2023-12-01,2024-02-29 23:59:59,6921.87,-8062.21,71,66,reconciliation_analysis\2023\bank_statement_pdfs\ACC0078940_202312_202402_3M_statement.pdf,ISO20022_CAMT053_XML,reconciliation_analysis\2023\bank_statement_source_files\iso20022_camt053_xml\ACC0078940_202312_202402_3M_statement.xml
RECON-202312-ACC0078941-3M,ACC0078941,IND23009587,Keystone Retail Bank,050210030789417,3,2023-12-01,2024-02-29 23:59:59,5119.74,-11444.63,63,57,reconciliation_analysis\2023\bank_statement_pdfs\ACC0078941_202312_202402_3M_statement.pdf,ISO20022_CAMT053_XML,reconciliation_analysis\2023\bank_statement_source_files\iso20022_camt053_xml\ACC0078941_202312_202402_3M_statement.xml
RECON-202312-ACC0078942-3M,ACC0078942,IND23012397,Keystone Retail Bank,180205270789420,3,2023-12-01,2024-02-29 23:59:59,4888.07,-19238.74,75,69,reconciliation_analysis\2023\bank_statement_pdfs\ACC0078942_202312_202402_3M_statement.pdf,ISO20022_CAMT053_XML,reconciliation_analysis\2023\bank_statement_source_files\iso20022_camt053_xml\ACC0078942_202312_202402_3M_statement.xml
RECON-202312-ACC0078943-3M,ACC0078943,IND23008640,Keystone Retail Bank,134605030789430,3,2023-12-01,2024-02-29 23:59:59,11872.73,-13447.52,81,74,reconciliation_analysis\2023\bank_statement_pdfs\ACC0078943_202312_202402_3M_statement.pdf,ISO20022_CAMT053_XML,reconciliation_analysis\2023\bank_statement_source_files\iso20022_camt053_xml\ACC0078943_202312_202402_3M_statement.xml
RECON-202312-ACC0078945-3M,ACC0078945,IND23003096,Keystone Retail Bank,150205020789459,3,2023-12-01,2024-02-29 23:59:59,14023.82,15772.63,7,0,reconciliation_analysis\2023\bank_statement_pdfs\ACC0078945_202312_202402_3M_statement.pdf,TXT,reconciliation_analysis\2023\bank_statement_source_files\txt\ACC0078945_202312_202402_3M_statement.txt
RECON-202312-ACC0078946-6M,ACC0078946,IND23003096,Keystone Retail Bank,150105030789468,6,2023-12-01,2024-05-31 23:59:59,5352.17,4554.04,13,0,reconciliation_analysis\2023\bank_statement_pdfs\ACC0078946_202312_202405_6M_statement.pdf,ISO20022_CAMT053_XML,reconciliation_analysis\2023\bank_statement_source_files\iso20022_camt053_xml\ACC0078946_202312_202405_6M_statement.xml
RECON-202312-ACC0078947-3M,ACC0078947,IND23007336,Keystone Retail Bank,168305020789479,3,2023-12-01,2024-02-29 23:59:59,779.14,-27767.64,81,76,reconciliation_analysis\2023\bank_statement_pdfs\ACC0078947_202312_202402_3M_statement.pdf,CSV,reconciliation_analysis\2023\bank_statement_source_files\csv\ACC0078947_202312_202402_3M_statement.csv
RECON-202312-ACC0078948-6M,ACC0078948,IND23014730,Keystone Retail Bank,198775280789487,6,2023-12-01,2024-05-31 23:59:59,11556.4,-11618.71,70,59,reconciliation_analysis\2023\bank_statement_pdfs\ACC0078948_202312_202405_6M_statement.pdf,TXT,reconciliation_analysis\2023\bank_statement_source_files\txt\ACC0078948_202312_202405_6M_statement.txt
RECON-202312-ACC0078949-3M,ACC0078949,IND23003301,Keystone Retail Bank,164705270789492,3,2023-12-01,2024-02-29 23:59:59,17462.82,17235.38,6,0,reconciliation_analysis\2023\bank_statement_pdfs\ACC0078949_202312_202402_3M_statement.pdf,CSV,reconciliation_analysis\2023\bank_statement_source_files\csv\ACC0078949_202312_202402_3M_statement.csv
RECON-202312-ACC0078950-3M,ACC0078950,IND23000590,Keystone Retail Bank,191605020789502,3,2023-12-01,2024-02-29 23:59:59,17146.06,16781.55,6,0,reconciliation_analysis\2023\bank_statement_pdfs\ACC0078950_202312_202402_3M_statement.pdf,ISO20022_CAMT053_XML,reconciliation_analysis\2023\bank_statement_source_files\iso20022_camt053_xml\ACC0078950_202312_202402_3M_statement.xml
RECON-202312-ACC0078951-3M,ACC0078951,IND23003238,Keystone Retail Bank,255005280789511,3,2023-12-01,2024-02-29 23:59:59,14481.81,-9597.68,80,75,reconciliation_analysis\2023\bank_statement_pdfs\ACC0078951_202312_202402_3M_statement.pdf,ISO20022_CAMT053_XML,reconciliation_analysis\2023\bank_statement_source_files\iso20022_camt053_xml\ACC0078951_202312_202402_3M_statement.xml
RECON-202312-ACC0078952-6M,ACC0078952,IND23011145,Keystone Retail Bank,051001030789525,6,2023-12-01,2024-05-31 23:59:59,3355.34,-5921.25,52,42,reconciliation_analysis\2023\bank_statement_pdfs\ACC0078952_202312_202405_6M_statement.pdf,ISO20022_CAMT053_XML,reconciliation_analysis\2023\bank_statement_source_files\iso20022_camt053_xml\ACC0078952_202312_202405_6M_statement.xml
RECON-202312-ACC0078953-3M,ACC0078953,IND23008568,Keystone Retail Bank,180305270789536,3,2023-12-01,2024-02-29 23:59:59,16577.36,16356.39,5,0,reconciliation_analysis\2023\bank_statement_pdfs\ACC0078953_202312_202402_3M_statement.pdf,TXT,reconciliation_analysis\2023\bank_statement_source_files\txt\ACC0078953_202312_202402_3M_statement.txt
RECON-202312-ACC0078954-6M,ACC0078954,IND23014512,Keystone Retail Bank,198765280789541,6,2023-12-01,2024-05-31 23:59:59,3703.3,3178.63,8,0,reconciliation_analysis\2023\bank_statement_pdfs\ACC0078954_202312_202405_6M_statement.pdf,TXT,reconciliation_analysis\2023\bank_statement_source_files\txt\ACC0078954_202312_202405_6M_statement.txt
RECON-202312-ACC0078955-3M,ACC0078955,IND23014116,Keystone Retail Bank,255005280789557,3,2023-12-01,2024-02-29 23:59:59,6141.59,-32716.71,90,85,reconciliation_analysis\2023\bank_statement_pdfs\ACC0078955_202312_202402_3M_statement.pdf,ISO20022_CAMT053_XML,reconciliation_analysis\2023\bank_statement_source_files\iso20022_camt053_xml\ACC0078955_202312_202402_3M_statement.xml
RECON-202312-ACC0078956-6M,ACC0078956,IND23006244,Keystone Retail Bank,261550270789564,6,2023-12-01,2024-05-31 23:59:59,9116.29,8309.72,11,0,reconciliation_analysis\2023\bank_statement_pdfs\ACC0078956_202312_202405_6M_statement.pdf,TXT,reconciliation_analysis\2023\bank_statement_source_files\txt\ACC0078956_202312_202405_6M_statement.txt
RECON-202312-ACC0078957-3M,ACC0078957,IND23004277,Keystone Retail Bank,217805280789577,3,2023-12-01,2024-02-29 23:59:59,8361.25,-7668.01,68,64,reconciliation_analysis\2023\bank_statement_pdfs\ACC0078957_202312_202402_3M_statement.pdf,TXT,reconciliation_analysis\2023\bank_statement_source_files\txt\ACC0078957_202312_202402_3M_statement.txt
RECON-202312-ACC0078958-6M,ACC0078958,IND23004277,Keystone Retail Bank,217705030789586,6,2023-12-01,2024-05-31 23:59:59,13266.59,12483.49,13,0,reconciliation_analysis\2023\bank_statement_pdfs\ACC0078958_202312_202405_6M_statement.pdf,CSV,reconciliation_analysis\2023\bank_statement_source_files\csv\ACC0078958_202312_202405_6M_statement.csv
RECON-202312-ACC0078959-3M,ACC0078959,IND23004090,Keystone Retail Bank,228205270789599,3,2023-12-01,2024-02-29 23:59:59,11081.29,154.66,52,47,reconciliation_analysis\2023\bank_statement_pdfs\ACC0078959_202312_202402_3M_statement.pdf,ISO20022_CAMT053_XML,reconciliation_analysis\2023\bank_statement_source_files\iso20022_camt053_xml\ACC0078959_202312_202402_3M_statement.xml
RECON-202312-ACC0078960-6M,ACC0078960,IND23013170,Keystone Retail Bank,198765020789603,6,2023-12-01,2024-05-31 23:59:59,5910.33,5014.48,12,0,reconciliation_analysis\2023\bank_statement_pdfs\ACC0078960_202312_202405_6M_statement.pdf,CSV,reconciliation_analysis\2023\bank_statement_source_files\csv\ACC0078960_202312_202405_6M_statement.csv
RECON-202312-ACC0078961-3M,ACC0078961,IND23014478,Keystone Retail Bank,250955270789611,3,2023-12-01,2024-02-29 23:59:59,6228.22,-13270.42,60,52,reconciliation_analysis\2023\bank_statement_pdfs\ACC0078961_202312_202402_3M_statement.pdf,ISO20022_CAMT053_XML,reconciliation_analysis\2023\bank_statement_source_files\iso20022_camt053_xml\ACC0078961_202312_202402_3M_statement.xml
RECON-202312-ACC0078962-3M,ACC0078962,IND23012966,Keystone Retail Bank,195205020789624,3,2023-12-01,2024-02-29 23:59:59,9703.19,10953.06,6,0,reconciliation_analysis\2023\bank_statement_pdfs\ACC0078962_202312_202402_3M_statement.pdf,ISO20022_CAMT053_XML,reconciliation_analysis\2023\bank_statement_source_files\iso20022_camt053_xml\ACC0078962_202312_202402_3M_statement.xml
RECON-202312-ACC0078963-3M,ACC0078963,IND23008425,Keystone Retail Bank,632005270789638,3,2023-12-01,2024-02-29 23:59:59,3772.97,-27594.02,80,72,reconciliation_analysis\2023\bank_statement_pdfs\ACC0078963_202312_202402_3M_statement.pdf,ISO20022_CAMT053_XML,reconciliation_analysis\2023\bank_statement_source_files\iso20022_camt053_xml\ACC0078963_202312_202402_3M_statement.xml
RECON-202312-ACC0078965-3M,ACC0078965,IND23001951,Keystone Retail Bank,430010270789657,3,2023-12-01,2024-02-29 23:59:59,13741.43,1926.6,64,57,reconciliation_analysis\2023\bank_statement_pdfs\ACC0078965_202312_202402_3M_statement.pdf,ISO20022_CAMT053_XML,reconciliation_analysis\2023\bank_statement_source_files\iso20022_camt053_xml\ACC0078965_202312_202402_3M_statement.xml
RECON-202312-ACC0078966-6M,ACC0078966,IND23013600,Keystone Retail Bank,632005020789664,6,2023-12-01,2024-05-31 23:59:59,7353.67,8840.59,14,0,reconciliation_analysis\2023\bank_statement_pdfs\ACC0078966_202312_202405_6M_statement.pdf,ISO20022_CAMT053_XML,reconciliation_analysis\2023\bank_statement_source_files\iso20022_camt053_xml\ACC0078966_202312_202405_6M_statement.xml
RECON-202312-ACC0078967-3M,ACC0078967,IND23012333,Keystone Retail Bank,221526280789674,3,2023-12-01,2024-02-29 23:59:59,657.85,-28551.84,71,67,reconciliation_analysis\2023\bank_statement_pdfs\ACC0078967_202312_202402_3M_statement.pdf,ISO20022_CAMT053_XML,reconciliation_analysis\2023\bank_statement_source_files\iso20022_camt053_xml\ACC0078967_202312_202402_3M_statement.xml
RECON-202312-ACC0078968-6M,ACC0078968,IND23012333,Keystone Retail Bank,221526010789684,6,2023-12-01,2024-05-31 23:59:59,9642.94,8716.97,13,0,reconciliation_analysis\2023\bank_statement_pdfs\ACC0078968_202312_202405_6M_statement.pdf,CSV,reconciliation_analysis\2023\bank_statement_source_files\csv\ACC0078968_202312_202405_6M_statement.csv
RECON-202312-ACC0078969-3M,ACC0078969,IND23003893,Keystone Retail Bank,255355010789699,3,2023-12-01,2024-02-29 23:59:59,9608.48,-10780.96,68,63,reconciliation_analysis\2023\bank_statement_pdfs\ACC0078969_202312_202402_3M_statement.pdf,ISO20022_CAMT053_XML,reconciliation_analysis\2023\bank_statement_source_files\iso20022_camt053_xml\ACC0078969_202312_202402_3M_statement.xml
RECON-202312-ACC0078970-6M,ACC0078970,IND23008284,Keystone Retail Bank,242305030789701,6,2023-12-01,2024-05-31 23:59:59,7692.72,-8887.63,72,60,reconciliation_analysis\2023\bank_statement_pdfs\ACC0078970_202312_202405_6M_statement.pdf,ISO20022_CAMT053_XML,reconciliation_analysis\2023\bank_statement_source_files\iso20022_camt053_xml\ACC0078970_202312_202405_6M_statement.xml
RECON-202312-ACC0078971-3M,ACC0078971,IND23008647,Keystone Retail Bank,198765010789711,3,2023-12-01,2024-02-29 23:59:59,2042.81,-49828.92,73,66,reconciliation_analysis\2023\bank_statement_pdfs\ACC0078971_202312_202402_3M_statement.pdf,ISO20022_CAMT053_XML,reconciliation_analysis\2023\bank_statement_source_files\iso20022_camt053_xml\ACC0078971_202312_202402_3M_statement.xml
RECON-202312-ACC0078972-3M,ACC0078972,IND23005444,Keystone Retail Bank,231805020789728,3,2023-12-01,2024-02-29 23:59:59,7697.35,7245.91,5,0,reconciliation_analysis\2023\bank_statement_pdfs\ACC0078972_202312_202402_3M_statement.pdf,CSV,reconciliation_analysis\2023\bank_statement_source_files\csv\ACC0078972_202312_202402_3M_statement.csv
RECON-202312-ACC0078973-6M,ACC0078973,IND23004803,Keystone Retail Bank,632005270789736,6,2023-12-01,2024-05-31 23:59:59,14448.16,-7763.49,82,74,reconciliation_analysis\2023\bank_statement_pdfs\ACC0078973_202312_202405_6M_statement.pdf,ISO20022_CAMT053_XML,reconciliation_analysis\2023\bank_statement_source_files\iso20022_camt053_xml\ACC0078973_202312_202405_6M_statement.xml
RECON-202312-ACC0078974-3M,ACC0078974,IND23011932,Keystone Retail Bank,018305280789743,3,2023-12-01,2024-02-29 23:59:59,14146.68,-9394.6,92,84,reconciliation_analysis\2023\bank_statement_pdfs\ACC0078974_202312_202402_3M_statement.pdf,ISO20022_CAMT053_XML,reconciliation_analysis\2023\bank_statement_source_files\iso20022_camt053_xml\ACC0078974_202312_202402_3M_statement.xml
RECON-202312-ACC0078975-6M,ACC0078975,IND23007734,Keystone Retail Bank,632005010789754,6,2023-12-01,2024-05-31 23:59:59,4412.4,3953.36,10,0,reconciliation_analysis\2023\bank_statement_pdfs\ACC0078975_202312_202405_6M_statement.pdf,TXT,reconciliation_analysis\2023\bank_statement_source_files\txt\ACC0078975_202312_202405_6M_statement.txt
RECON-202312-ACC0078976-6M,ACC0078976,IND23000473,Keystone Retail Bank,255355020789769,6,2023-12-01,2024-05-31 23:59:59,7980.45,-12210.74,68,59,reconciliation_analysis\2023\bank_statement_pdfs\ACC0078976_202312_202405_6M_statement.pdf,CSV,reconciliation_analysis\2023\bank_statement_source_files\csv\ACC0078976_202312_202405_6M_statement.csv
RECON-202312-ACC0078977-3M,ACC0078977,IND23014471,Keystone Retail Bank,255005010789772,3,2023-12-01,2024-02-29 23:59:59,4266.74,-12140.71,47,44,reconciliation_analysis\2023\bank_statement_pdfs\ACC0078977_202312_202402_3M_statement.pdf,ISO20022_CAMT053_XML,reconciliation_analysis\2023\bank_statement_source_files\iso20022_camt053_xml\ACC0078977_202312_202402_3M_statement.xml
RECON-202312-ACC0078978-6M,ACC0078978,IND23012112,Keystone Retail Bank,198765270789784,6,2023-12-01,2024-05-31 23:59:59,6057.65,-25168.68,94,82,reconciliation_analysis\2023\bank_statement_pdfs\ACC0078978_202312_202405_6M_statement.pdf,ISO20022_CAMT053_XML,reconciliation_analysis\2023\bank_statement_source_files\iso20022_camt053_xml\ACC0078978_202312_202405_6M_statement.xml
RECON-202312-ACC0078979-3M,ACC0078979,IND23009385,Keystone Retail Bank,125505030789798,3,2023-12-01,2024-02-29 23:59:59,1760.65,-22565.45,80,76,reconciliation_analysis\2023\bank_statement_pdfs\ACC0078979_202312_202402_3M_statement.pdf,ISO20022_CAMT053_XML,reconciliation_analysis\2023\bank_statement_source_files\iso20022_camt053_xml\ACC0078979_202312_202402_3M_statement.xml
RECON-202312-ACC0078980-3M,ACC0078980,IND23009685,Keystone Retail Bank,261550270789804,3,2023-12-01,2024-02-29 23:59:59,14085.79,17183.1,6,0,reconciliation_analysis\2023\bank_statement_pdfs\ACC0078980_202312_202402_3M_statement.pdf,CSV,reconciliation_analysis\2023\bank_statement_source_files\csv\ACC0078980_202312_202402_3M_statement.csv
RECON-202312-ACC0078981-6M,ACC0078981,IND23008594,Keystone Retail Bank,198765280789818,6,2023-12-01,2024-05-31 23:59:59,2711.12,-24211.03,87,78,reconciliation_analysis\2023\bank_statement_pdfs\ACC0078981_202312_202405_6M_statement.pdf,ISO20022_CAMT053_XML,reconciliation_analysis\2023\bank_statement_source_files\iso20022_camt053_xml\ACC0078981_202312_202405_6M_statement.xml
RECON-202312-ACC0078982-6M,ACC0078982,IND23005078,Keystone Retail Bank,188105280789826,6,2023-12-01,2024-05-31 23:59:59,1977.46,1253.03,14,0,reconciliation_analysis\2023\bank_statement_pdfs\ACC0078982_202312_202405_6M_statement.pdf,ISO20022_CAMT053_XML,reconciliation_analysis\2023\bank_statement_source_files\iso20022_camt053_xml\ACC0078982_202312_202405_6M_statement.xml
RECON-202312-ACC0078984-6M,ACC0078984,IND23013458,Keystone Retail Bank,140505010789841,6,2023-12-01,2024-05-31 23:59:59,4600.55,-22061.8,97,83,reconciliation_analysis\2023\bank_statement_pdfs\ACC0078984_202312_202405_6M_statement.pdf,CSV,reconciliation_analysis\2023\bank_statement_source_files\csv\ACC0078984_202312_202405_6M_statement.csv
RECON-202312-ACC0078985-3M,ACC0078985,IND23001243,Keystone Retail Bank,204109270789854,3,2023-12-01,2024-02-29 23:59:59,7664.14,7432.53,5,0,reconciliation_analysis\2023\bank_statement_pdfs\ACC0078985_202312_202402_3M_statement.pdf,TXT,reconciliation_analysis\2023\bank_statement_source_files\txt\ACC0078985_202312_202402_3M_statement.txt
RECON-202312-ACC0078986-3M,ACC0078986,IND23008445,Keystone Retail Bank,168205030789862,3,2023-12-01,2024-02-29 23:59:59,11076.35,10878.66,6,0,reconciliation_analysis\2023\bank_statement_pdfs\ACC0078986_202312_202402_3M_statement.pdf,CSV,reconciliation_analysis\2023\bank_statement_source_files\csv\ACC0078986_202312_202402_3M_statement.csv
RECON-202312-ACC0078987-6M,ACC0078987,IND23013707,Keystone Retail Bank,250955020789870,6,2023-12-01,2024-05-31 23:59:59,14949.96,-10073.39,83,74,reconciliation_analysis\2023\bank_statement_pdfs\ACC0078987_202312_202405_6M_statement.pdf,ISO20022_CAMT053_XML,reconciliation_analysis\2023\bank_statement_source_files\iso20022_camt053_xml\ACC0078987_202312_202405_6M_statement.xml
RECON-202312-ACC0078988-3M,ACC0078988,IND23002131,Keystone Retail Bank,198765010789882,3,2023-12-01,2024-02-29 23:59:59,1213.83,-11226.91,84,78,reconciliation_analysis\2023\bank_statement_pdfs\ACC0078988_202312_202402_3M_statement.pdf,CSV,reconciliation_analysis\2023\bank_statement_source_files\csv\ACC0078988_202312_202402_3M_statement.csv
RECON-202312-ACC0078989-3M,ACC0078989,IND23004726,Keystone Retail Bank,198765020789890,3,2023-12-01,2024-02-29 23:59:59,13684.6,13294.73,7,0,reconciliation_analysis\2023\bank_statement_pdfs\ACC0078989_202312_202402_3M_statement.pdf,CSV,reconciliation_analysis\2023\bank_statement_source_files\csv\ACC0078989_202312_202402_3M_statement.csv
RECON-202312-ACC0078991-6M,ACC0078991,IND23008415,Keystone Retail Bank,012345020789916,6,2023-12-01,2024-05-31 23:59:59,9768.83,-20469.43,85,75,reconciliation_analysis\2023\bank_statement_pdfs\ACC0078991_202312_202405_6M_statement.pdf,CSV,reconciliation_analysis\2023\bank_statement_source_files\csv\ACC0078991_202312_202405_6M_statement.csv
RECON-202312-ACC0078992-6M,ACC0078992,IND23000318,Keystone Retail Bank,172105020789927,6,2023-12-01,2024-05-31 23:59:59,4776.53,3975.3,13,0,reconciliation_analysis\2023\bank_statement_pdfs\ACC0078992_202312_202405_6M_statement.pdf,ISO20022_CAMT053_XML,reconciliation_analysis\2023\bank_statement_source_files\iso20022_camt053_xml\ACC0078992_202312_202405_6M_statement.xml
RECON-202312-ACC0078993-3M,ACC0078993,IND23009736,Keystone Retail Bank,121317030789936,3,2023-12-01,2024-02-29 23:59:59,8376.16,8195.41,5,0,reconciliation_analysis\2023\bank_statement_pdfs\ACC0078993_202312_202402_3M_statement.pdf,CSV,reconciliation_analysis\2023\bank_statement_source_files\csv\ACC0078993_202312_202402_3M_statement.csv
RECON-202312-ACC0078994-6M,ACC0078994,IND23002417,Keystone Retail Bank,140605280789947,6,2023-12-01,2024-05-31 23:59:59,10349.88,-11185.81,83,72,reconciliation_analysis\2023\bank_statement_pdfs\ACC0078994_202312_202405_6M_statement.pdf,ISO20022_CAMT053_XML,reconciliation_analysis\2023\bank_statement_source_files\iso20022_camt053_xml\ACC0078994_202312_202405_6M_statement.xml
RECON-202312-ACC0078995-6M,ACC0078995,IND23009601,Keystone Retail Bank,221426020789951,6,2023-12-01,2024-05-31 23:59:59,10740.91,-2761.4,76,63,reconciliation_analysis\2023\bank_statement_pdfs\ACC0078995_202312_202405_6M_statement.pdf,CSV,reconciliation_analysis\2023\bank_statement_source_files\csv\ACC0078995_202312_202405_6M_statement.csv
RECON-202312-ACC0078996-3M,ACC0078996,IND23004930,Keystone Retail Bank,250955270789960,3,2023-12-01,2024-02-29 23:59:59,11873.11,-1969.73,54,51,reconciliation_analysis\2023\bank_statement_pdfs\ACC0078996_202312_202402_3M_statement.pdf,CSV,reconciliation_analysis\2023\bank_statement_source_files\csv\ACC0078996_202312_202402_3M_statement.csv
RECON-202312-ACC0078997-6M,ACC0078997,IND23011576,Keystone Retail Bank,018305270789977,6,2023-12-01,2024-05-31 23:59:59,1475.01,-14433.58,94,86,reconciliation_analysis\2023\bank_statement_pdfs\ACC0078997_202312_202405_6M_statement.pdf,CSV,reconciliation_analysis\2023\bank_statement_source_files\csv\ACC0078997_202312_202405_6M_statement.csv
RECON-202312-ACC0078998-3M,ACC0078998,IND23004385,Keystone Retail Bank,280505020789988,3,2023-12-01,2024-02-29 23:59:59,13137.91,-12645.91,86,80,reconciliation_analysis\2023\bank_statement_pdfs\ACC0078998_202312_202402_3M_statement.pdf,CSV,reconciliation_analysis\2023\bank_statement_source_files\csv\ACC0078998_202312_202402_3M_statement.csv
RECON-202312-ACC0078999-6M,ACC0078999,IND23007847,Keystone Retail Bank,255005010789996,6,2023-12-01,2024-05-31 23:59:59,3017.87,-7889.98,65,54,reconciliation_analysis\2023\bank_statement_pdfs\ACC0078999_202312_202405_6M_statement.pdf,ISO20022_CAMT053_XML,reconciliation_analysis\2023\bank_statement_source_files\iso20022_camt053_xml\ACC0078999_202312_202405_6M_statement.xml
RECON-202312-ACC0079000-6M,ACC0079000,IND23006862,Keystone Retail Bank,134705030790007,6,2023-12-01,2024-05-31 23:59:59,10838.35,-36585.6,87,72,reconciliation_analysis\2023\bank_statement_pdfs\ACC0079000_202312_202405_6M_statement.pdf,TXT,reconciliation_analysis\2023\bank_statement_source_files\txt\ACC0079000_202312_202405_6M_statement.txt
RECON-202312-ACC0079001-6M,ACC0079001,IND23005096,Keystone Retail Bank,470010020790015,6,2023-12-01,2024-05-31 23:59:59,2444.98,-34256.07,81,67,reconciliation_analysis\2023\bank_statement_pdfs\ACC0079001_202312_202405_6M_statement.pdf,CSV,reconciliation_analysis\2023\bank_statement_source_files\csv\ACC0079001_202312_202405_6M_statement.csv
RECON-202312-ACC0079002-3M,ACC0079002,IND23014851,Keystone Retail Bank,050910030790024,3,2023-12-01,2024-02-29 23:59:59,14904.05,1135.8,52,45,reconciliation_analysis\2023\bank_statement_pdfs\ACC0079002_202312_202402_3M_statement.pdf,CSV,reconciliation_analysis\2023\bank_statement_source_files\csv\ACC0079002_202312_202402_3M_statement.csv
RECON-202312-ACC0079003-3M,ACC0079003,IND23010696,Keystone Retail Bank,221205020790035,3,2023-12-01,2024-02-29 23:59:59,11833.16,11496.54,6,0,reconciliation_analysis\2023\bank_statement_pdfs\ACC0079003_202312_202402_3M_statement.pdf,CSV,reconciliation_analysis\2023\bank_statement_source_files\csv\ACC0079003_202312_202402_3M_statement.csv
RECON-202312-ACC0079004-3M,ACC0079004,IND23004490,Keystone Retail Bank,510255280790041,3,2023-12-01,2024-02-29 23:59:59,13324.43,-20468.32,79,73,reconciliation_analysis\2023\bank_statement_pdfs\ACC0079004_202312_202402_3M_statement.pdf,ISO20022_CAMT053_XML,reconciliation_analysis\2023\bank_statement_source_files\iso20022_camt053_xml\ACC0079004_202312_202402_3M_statement.xml
RECON-202312-ACC0079005-3M,ACC0079005,IND23005487,Keystone Retail Bank,221526030790054,3,2023-12-01,2024-02-29 23:59:59,1562.11,-12805.82,63,55,reconciliation_analysis\2023\bank_statement_pdfs\ACC0079005_202312_202402_3M_statement.pdf,ISO20022_CAMT053_XML,reconciliation_analysis\2023\bank_statement_source_files\iso20022_camt053_xml\ACC0079005_202312_202402_3M_statement.xml
RECON-202312-ACC0079006-6M,ACC0079006,IND23009327,Keystone Retail Bank,198775010790065,6,2023-12-01,2024-05-31 23:59:59,12797.59,-17488.76,83,72,reconciliation_analysis\2023\bank_statement_pdfs\ACC0079006_202312_202405_6M_statement.pdf,CSV,reconciliation_analysis\2023\bank_statement_source_files\csv\ACC0079006_202312_202405_6M_statement.csv
RECON-202312-ACC0079007-3M,ACC0079007,IND23003278,Keystone Retail Bank,280505010790075,3,2023-12-01,2024-02-29 23:59:59,1605.11,-28495.01,66,60,reconciliation_analysis\2023\bank_statement_pdfs\ACC0079007_202312_202402_3M_statement.pdf,ISO20022_CAMT053_XML,reconciliation_analysis\2023\bank_statement_source_files\iso20022_camt053_xml\ACC0079007_202312_202402_3M_statement.xml
RECON-202312-ACC0079009-3M,ACC0079009,IND23001549,Keystone Retail Bank,463005270790090,3,2023-12-01,2024-02-29 23:59:59,993.3,-12444.19,72,67,reconciliation_analysis\2023\bank_statement_pdfs\ACC0079009_202312_202402_3M_statement.pdf,ISO20022_CAMT053_XML,reconciliation_analysis\2023\bank_statement_source_files\iso20022_camt053_xml\ACC0079009_202312_202402_3M_statement.xml
RECON-202312-ACC0079010-6M,ACC0079010,IND23013494,Keystone Retail Bank,051001270790104,6,2023-12-01,2024-05-31 23:59:59,5399.64,4573.65,13,0,reconciliation_analysis\2023\bank_statement_pdfs\ACC0079010_202312_202405_6M_statement.pdf,CSV,reconciliation_analysis\2023\bank_statement_source_files\csv\ACC0079010_202312_202405_6M_statement.csv
RECON-202312-ACC0079011-3M,ACC0079011,IND23009382,Keystone Retail Bank,430010030790116,3,2023-12-01,2024-02-29 23:59:59,6040.57,5902.6,3,0,reconciliation_analysis\2023\bank_statement_pdfs\ACC0079011_202312_202402_3M_statement.pdf,ISO20022_CAMT053_XML,reconciliation_analysis\2023\bank_statement_source_files\iso20022_camt053_xml\ACC0079011_202312_202402_3M_statement.xml
RECON-202312-ACC0079012-6M,ACC0079012,IND23000958,Keystone Retail Bank,188105270790128,6,2023-12-01,2024-05-31 23:59:59,10335.03,-3679.02,66,55,reconciliation_analysis\2023\bank_statement_pdfs\ACC0079012_202312_202405_6M_statement.pdf,ISO20022_CAMT053_XML,reconciliation_analysis\2023\bank_statement_source_files\iso20022_camt053_xml\ACC0079012_202312_202405_6M_statement.xml
RECON-202312-ACC0079013-3M,ACC0079013,IND23007443,Keystone Retail Bank,214305020790137,3,2023-12-01,2024-02-29 23:59:59,961.12,-12467.16,65,58,reconciliation_analysis\2023\bank_statement_pdfs\ACC0079013_202312_202402_3M_statement.pdf,CSV,reconciliation_analysis\2023\bank_statement_source_files\csv\ACC0079013_202312_202402_3M_statement.csv
RECON-202312-ACC0079014-3M,ACC0079014,IND23006297,Keystone Retail Bank,198775030790143,3,2023-12-01,2024-02-29 23:59:59,5550.77,-43169.15,86,80,reconciliation_analysis\2023\bank_statement_pdfs\ACC0079014_202312_202402_3M_statement.pdf,ISO20022_CAMT053_XML,reconciliation_analysis\2023\bank_statement_source_files\iso20022_camt053_xml\ACC0079014_202312_202402_3M_statement.xml
RECON-202312-ACC0079015-3M,ACC0079015,IND23012626,Keystone Retail Bank,463105270790151,3,2023-12-01,2024-02-29 23:59:59,6348.29,-13971.5,68,62,reconciliation_analysis\2023\bank_statement_pdfs\ACC0079015_202312_202402_3M_statement.pdf,ISO20022_CAMT053_XML,reconciliation_analysis\2023\bank_statement_source_files\iso20022_camt053_xml\ACC0079015_202312_202402_3M_statement.xml
RECON-202312-ACC0079016-3M,ACC0079016,IND23000508,Keystone Retail Bank,255005030790160,3,2023-12-01,2024-02-29 23:59:59,13530.26,13454.55,6,0,reconciliation_analysis\2023\bank_statement_pdfs\ACC0079016_202312_202402_3M_statement.pdf,TXT,reconciliation_analysis\2023\bank_statement_source_files\txt\ACC0079016_202312_202402_3M_statement.txt
RECON-202312-ACC0079017-3M,ACC0079017,IND23000164,Keystone Retail Bank,250955280790171,3,2023-12-01,2024-02-29 23:59:59,4898.36,-30378.42,96,93,reconciliation_analysis\2023\bank_statement_pdfs\ACC0079017_202312_202402_3M_statement.pdf,CSV,reconciliation_analysis\2023\bank_statement_source_files\csv\ACC0079017_202312_202402_3M_statement.csv
RECON-202312-ACC0079018-6M,ACC0079018,IND23011266,Keystone Retail Bank,430110010790180,6,2023-12-01,2024-05-31 23:59:59,8166.35,7240.36,12,0,reconciliation_analysis\2023\bank_statement_pdfs\ACC0079018_202312_202405_6M_statement.pdf,CSV,reconciliation_analysis\2023\bank_statement_source_files\csv\ACC0079018_202312_202405_6M_statement.csv
RECON-202312-ACC0079020-3M,ACC0079020,IND23004534,Keystone Retail Bank,150205030790204,3,2023-12-01,2024-02-29 23:59:59,1859.54,1359.97,6,0,reconciliation_analysis\2023\bank_statement_pdfs\ACC0079020_202312_202402_3M_statement.pdf,TXT,reconciliation_analysis\2023\bank_statement_source_files\txt\ACC0079020_202312_202402_3M_statement.txt
RECON-202312-ACC0079021-3M,ACC0079021,IND23007404,Keystone Retail Bank,134705020790213,3,2023-12-01,2024-02-29 23:59:59,4647.09,-15437.66,69,63,reconciliation_analysis\2023\bank_statement_pdfs\ACC0079021_202312_202402_3M_statement.pdf,TXT,reconciliation_analysis\2023\bank_statement_source_files\txt\ACC0079021_202312_202402_3M_statement.txt
RECON-202312-ACC0079023-3M,ACC0079023,IND23005699,Keystone Retail Bank,261550010790230,3,2023-12-01,2024-02-29 23:59:59,15815.25,15435.99,5,0,reconciliation_analysis\2023\bank_statement_pdfs\ACC0079023_202312_202402_3M_statement.pdf,CSV,reconciliation_analysis\2023\bank_statement_source_files\csv\ACC0079023_202312_202402_3M_statement.csv
RECON-202312-ACC0079025-6M,ACC0079025,IND23003474,Keystone Retail Bank,198775010790252,6,2023-12-01,2024-05-31 23:59:59,8560.21,-1117.08,69,61,reconciliation_analysis\2023\bank_statement_pdfs\ACC0079025_202312_202405_6M_statement.pdf,CSV,reconciliation_analysis\2023\bank_statement_source_files\csv\ACC0079025_202312_202405_6M_statement.csv
RECON-202312-ACC0079026-3M,ACC0079026,IND23009929,Keystone Retail Bank,168305280790261,3,2023-12-01,2024-02-29 23:59:59,15430.98,15142.44,5,0,reconciliation_analysis\2023\bank_statement_pdfs\ACC0079026_202312_202402_3M_statement.pdf,CSV,reconciliation_analysis\2023\bank_statement_source_files\csv\ACC0079026_202312_202402_3M_statement.csv
RECON-202312-ACC0079027-6M,ACC0079027,IND23008112,Keystone Retail Bank,018305280790277,6,2023-12-01,2024-05-31 23:59:59,9205.13,8745.79,11,0,reconciliation_analysis\2023\bank_statement_pdfs\ACC0079027_202312_202405_6M_statement.pdf,TXT,reconciliation_analysis\2023\bank_statement_source_files\txt\ACC0079027_202312_202405_6M_statement.txt
RECON-202312-ACC0079028-3M,ACC0079028,IND23001164,Keystone Retail Bank,020909270790282,3,2023-12-01,2024-02-29 23:59:59,7089.09,-30481.97,85,79,reconciliation_analysis\2023\bank_statement_pdfs\ACC0079028_202312_202402_3M_statement.pdf,ISO20022_CAMT053_XML,reconciliation_analysis\2023\bank_statement_source_files\iso20022_camt053_xml\ACC0079028_202312_202402_3M_statement.xml
RECON-202312-ACC0079029-6M,ACC0079029,IND23009966,Keystone Retail Bank,121317030790291,6,2023-12-01,2024-05-31 23:59:59,10664.84,-11214.0,78,67,reconciliation_analysis\2023\bank_statement_pdfs\ACC0079029_202312_202405_6M_statement.pdf,ISO20022_CAMT053_XML,reconciliation_analysis\2023\bank_statement_source_files\iso20022_camt053_xml\ACC0079029_202312_202405_6M_statement.xml
RECON-202312-ACC0079030-3M,ACC0079030,IND23004391,Keystone Retail Bank,198765030790305,3,2023-12-01,2024-02-29 23:59:59,13499.51,-8701.44,71,63,reconciliation_analysis\2023\bank_statement_pdfs\ACC0079030_202312_202402_3M_statement.pdf,CSV,reconciliation_analysis\2023\bank_statement_source_files\csv\ACC0079030_202312_202402_3M_statement.csv
RECON-202312-ACC0079031-6M,ACC0079031,IND23010653,Keystone Retail Bank,018505030790318,6,2023-12-01,2024-05-31 23:59:59,14879.9,13923.88,13,0,reconciliation_analysis\2023\bank_statement_pdfs\ACC0079031_202312_202405_6M_statement.pdf,ISO20022_CAMT053_XML,reconciliation_analysis\2023\bank_statement_source_files\iso20022_camt053_xml\ACC0079031_202312_202405_6M_statement.xml
RECON-202312-ACC0079032-6M,ACC0079032,IND23006199,Keystone Retail Bank,060110280790326,6,2023-12-01,2024-05-31 23:59:59,14569.28,13937.25,12,0,reconciliation_analysis\2023\bank_statement_pdfs\ACC0079032_202312_202405_6M_statement.pdf,ISO20022_CAMT053_XML,reconciliation_analysis\2023\bank_statement_source_files\iso20022_camt053_xml\ACC0079032_202312_202405_6M_statement.xml
RECON-202312-ACC0079033-6M,ACC0079033,IND23006399,Keystone Retail Bank,463105020790338,6,2023-12-01,2024-05-31 23:59:59,4966.7,-16996.57,89,72,reconciliation_analysis\2023\bank_statement_pdfs\ACC0079033_202312_202405_6M_statement.pdf,CSV,reconciliation_analysis\2023\bank_statement_source_files\csv\ACC0079033_202312_202405_6M_statement.csv
RECON-202312-ACC0079034-6M,ACC0079034,IND23004536,Keystone Retail Bank,250955010790341,6,2023-12-01,2024-05-31 23:59:59,14387.72,-6614.95,78,67,reconciliation_analysis\2023\bank_statement_pdfs\ACC0079034_202312_202405_6M_statement.pdf,CSV,reconciliation_analysis\2023\bank_statement_source_files\csv\ACC0079034_202312_202405_6M_statement.csv
RECON-202312-ACC0079035-3M,ACC0079035,IND23012534,Keystone Retail Bank,261050010790351,3,2023-12-01,2024-02-29 23:59:59,4770.02,4572.23,5,0,reconciliation_analysis\2023\bank_statement_pdfs\ACC0079035_202312_202402_3M_statement.pdf,CSV,reconciliation_analysis\2023\bank_statement_source_files\csv\ACC0079035_202312_202402_3M_statement.csv
RECON-202312-ACC0079036-3M,ACC0079036,IND23010114,Keystone Retail Bank,430010270790369,3,2023-12-01,2024-02-29 23:59:59,5750.7,-29104.62,75,69,reconciliation_analysis\2023\bank_statement_pdfs\ACC0079036_202312_202402_3M_statement.pdf,ISO20022_CAMT053_XML,reconciliation_analysis\2023\bank_statement_source_files\iso20022_camt053_xml\ACC0079036_202312_202402_3M_statement.xml
RECON-202312-ACC0079038-6M,ACC0079038,IND23011199,Keystone Retail Bank,051001020790381,6,2023-12-01,2024-05-31 23:59:59,12405.18,11727.24,15,0,reconciliation_analysis\2023\bank_statement_pdfs\ACC0079038_202312_202405_6M_statement.pdf,TXT,reconciliation_analysis\2023\bank_statement_source_files\txt\ACC0079038_202312_202405_6M_statement.txt
RECON-202312-ACC0079039-3M,ACC0079039,IND23012985,Keystone Retail Bank,221526270790396,3,2023-12-01,2024-02-29 23:59:59,3511.51,-6959.87,72,65,reconciliation_analysis\2023\bank_statement_pdfs\ACC0079039_202312_202402_3M_statement.pdf,CSV,reconciliation_analysis\2023\bank_statement_source_files\csv\ACC0079039_202312_202402_3M_statement.csv
RECON-202312-ACC0079040-6M,ACC0079040,IND23007444,Keystone Retail Bank,012345030790403,6,2023-12-01,2024-05-31 23:59:59,12660.09,11869.15,14,0,reconciliation_analysis\2023\bank_statement_pdfs\ACC0079040_202312_202405_6M_statement.pdf,ISO20022_CAMT053_XML,reconciliation_analysis\2023\bank_statement_source_files\iso20022_camt053_xml\ACC0079040_202312_202405_6M_statement.xml
RECON-202312-ACC0079041-3M,ACC0079041,IND23011230,Keystone Retail Bank,160205030790418,3,2023-12-01,2024-02-29 23:59:59,5910.66,8337.01,6,0,reconciliation_analysis\2023\bank_statement_pdfs\ACC0079041_202312_202402_3M_statement.pdf,CSV,reconciliation_analysis\2023\bank_statement_source_files\csv\ACC0079041_202312_202402_3M_statement.csv
RECON-202312-ACC0079042-3M,ACC0079042,IND23004128,Keystone Retail Bank,191705270790429,3,2023-12-01,2024-02-29 23:59:59,8538.45,8387.87,5,0,reconciliation_analysis\2023\bank_statement_pdfs\ACC0079042_202312_202402_3M_statement.pdf,CSV,reconciliation_analysis\2023\bank_statement_source_files\csv\ACC0079042_202312_202402_3M_statement.csv
RECON-202312-ACC0079043-6M,ACC0079043,IND23000249,Keystone Retail Bank,261550020790435,6,2023-12-01,2024-05-31 23:59:59,13700.04,1631.08,76,66,reconciliation_analysis\2023\bank_statement_pdfs\ACC0079043_202312_202405_6M_statement.pdf,CSV,reconciliation_analysis\2023\bank_statement_source_files\csv\ACC0079043_202312_202405_6M_statement.csv
RECON-202312-ACC0079044-3M,ACC0079044,IND23006328,Keystone Retail Bank,168305030790448,3,2023-12-01,2024-02-29 23:59:59,11916.58,-38330.85,83,77,reconciliation_analysis\2023\bank_statement_pdfs\ACC0079044_202312_202402_3M_statement.pdf,TXT,reconciliation_analysis\2023\bank_statement_source_files\txt\ACC0079044_202312_202402_3M_statement.txt
RECON-202312-ACC0079045-3M,ACC0079045,IND23002366,Keystone Retail Bank,204109030790457,3,2023-12-01,2024-02-29 23:59:59,6974.76,6680.17,4,0,reconciliation_analysis\2023\bank_statement_pdfs\ACC0079045_202312_202402_3M_statement.pdf,ISO20022_CAMT053_XML,reconciliation_analysis\2023\bank_statement_source_files\iso20022_camt053_xml\ACC0079045_202312_202402_3M_statement.xml
RECON-202312-ACC0079046-3M,ACC0079046,IND23013243,Keystone Retail Bank,510255020790461,3,2023-12-01,2024-02-29 23:59:59,12491.52,13248.14,7,0,reconciliation_analysis\2023\bank_statement_pdfs\ACC0079046_202312_202402_3M_statement.pdf,ISO20022_CAMT053_XML,reconciliation_analysis\2023\bank_statement_source_files\iso20022_camt053_xml\ACC0079046_202312_202402_3M_statement.xml
RECON-202312-ACC0079047-3M,ACC0079047,IND23014381,Keystone Retail Bank,050310030790477,3,2023-12-01,2024-02-29 23:59:59,11286.82,-4323.04,57,52,reconciliation_analysis\2023\bank_statement_pdfs\ACC0079047_202312_202402_3M_statement.pdf,ISO20022_CAMT053_XML,reconciliation_analysis\2023\bank_statement_source_files\iso20022_camt053_xml\ACC0079047_202312_202402_3M_statement.xml
RECON-202312-ACC0079048-3M,ACC0079048,IND23004284,Keystone Retail Bank,261550020790480,3,2023-12-01,2024-02-29 23:59:59,17030.44,16546.17,7,0,reconciliation_analysis\2023\bank_statement_pdfs\ACC0079048_202312_202402_3M_statement.pdf,ISO20022_CAMT053_XML,reconciliation_analysis\2023\bank_statement_source_files\iso20022_camt053_xml\ACC0079048_202312_202402_3M_statement.xml
RECON-202312-ACC0079049-3M,ACC0079049,IND23009670,Keystone Retail Bank,198765280790495,3,2023-12-01,2024-02-29 23:59:59,15366.29,14984.23,6,0,reconciliation_analysis\2023\bank_statement_pdfs\ACC0079049_202312_202402_3M_statement.pdf,ISO20022_CAMT053_XML,reconciliation_analysis\2023\bank_statement_source_files\iso20022_camt053_xml\ACC0079049_202312_202402_3M_statement.xml
RECON-202312-ACC0079050-6M,ACC0079050,IND23001689,Keystone Retail Bank,207305020790507,6,2023-12-01,2024-05-31 23:59:59,3231.72,-6009.71,71,59,reconciliation_analysis\2023\bank_statement_pdfs\ACC0079050_202312_202405_6M_statement.pdf,ISO20022_CAMT053_XML,reconciliation_analysis\2023\bank_statement_source_files\iso20022_camt053_xml\ACC0079050_202312_202405_6M_statement.xml
RECON-202312-ACC0079051-6M,ACC0079051,IND23010560,Keystone Retail Bank,172105280790513,6,2023-12-01,2024-05-31 23:59:59,14169.84,-16337.57,90,76,reconciliation_analysis\2023\bank_statement_pdfs\ACC0079051_202312_202405_6M_statement.pdf,CSV,reconciliation_analysis\2023\bank_statement_source_files\csv\ACC0079051_202312_202405_6M_statement.csv
RECON-202312-ACC0079052-6M,ACC0079052,IND23009561,Keystone Retail Bank,150105030790527,6,2023-12-01,2024-05-31 23:59:59,9402.43,8810.7,11,0,reconciliation_analysis\2023\bank_statement_pdfs\ACC0079052_202312_202405_6M_statement.pdf,ISO20022_CAMT053_XML,reconciliation_analysis\2023\bank_statement_source_files\iso20022_camt053_xml\ACC0079052_202312_202405_6M_statement.xml
RECON-202312-ACC0079053-3M,ACC0079053,IND23011953,Keystone Retail Bank,164705020790532,3,2023-12-01,2024-02-29 23:59:59,14062.21,-28829.78,77,75,reconciliation_analysis\2023\bank_statement_pdfs\ACC0079053_202312_202402_3M_statement.pdf,CSV,reconciliation_analysis\2023\bank_statement_source_files\csv\ACC0079053_202312_202402_3M_statement.csv
RECON-202312-ACC0079054-6M,ACC0079054,IND23010861,Keystone Retail Bank,250955270790547,6,2023-12-01,2024-05-31 23:59:59,4397.35,3813.55,11,0,reconciliation_analysis\2023\bank_statement_pdfs\ACC0079054_202312_202405_6M_statement.pdf,ISO20022_CAMT053_XML,reconciliation_analysis\2023\bank_statement_source_files\iso20022_camt053_xml\ACC0079054_202312_202405_6M_statement.xml
RECON-202312-ACC0079055-3M,ACC0079055,IND23010861,Keystone Retail Bank,255355270790552,3,2023-12-01,2024-02-29 23:59:59,4419.5,3916.47,6,0,reconciliation_analysis\2023\bank_statement_pdfs\ACC0079055_202312_202402_3M_statement.pdf,ISO20022_CAMT053_XML,reconciliation_analysis\2023\bank_statement_source_files\iso20022_camt053_xml\ACC0079055_202312_202402_3M_statement.xml
RECON-202312-ACC0079056-6M,ACC0079056,IND23006190,Keystone Retail Bank,050210010790569,6,2023-12-01,2024-05-31 23:59:59,6392.49,-27875.88,88,78,reconciliation_analysis\2023\bank_statement_pdfs\ACC0079056_202312_202405_6M_statement.pdf,ISO20022_CAMT053_XML,reconciliation_analysis\2023\bank_statement_source_files\iso20022_camt053_xml\ACC0079056_202312_202405_6M_statement.xml
RECON-202312-ACC0079057-3M,ACC0079057,IND23002685,Keystone Retail Bank,150205010790573,3,2023-12-01,2024-02-29 23:59:59,12237.42,-1942.41,55,50,reconciliation_analysis\2023\bank_statement_pdfs\ACC0079057_202312_202402_3M_statement.pdf,CSV,reconciliation_analysis\2023\bank_statement_source_files\csv\ACC0079057_202312_202402_3M_statement.csv
RECON-202312-ACC0079059-3M,ACC0079059,IND23009463,Keystone Retail Bank,164605020790597,3,2023-12-01,2024-02-29 23:59:59,9359.28,9111.9,9,0,reconciliation_analysis\2023\bank_statement_pdfs\ACC0079059_202312_202402_3M_statement.pdf,ISO20022_CAMT053_XML,reconciliation_analysis\2023\bank_statement_source_files\iso20022_camt053_xml\ACC0079059_202312_202402_3M_statement.xml
RECON-202312-ACC0079060-3M,ACC0079060,IND23003922,Keystone Retail Bank,261550030790603,3,2023-12-01,2024-02-29 23:59:59,1370.43,980.82,8,0,reconciliation_analysis\2023\bank_statement_pdfs\ACC0079060_202312_202402_3M_statement.pdf,ISO20022_CAMT053_XML,reconciliation_analysis\2023\bank_statement_source_files\iso20022_camt053_xml\ACC0079060_202312_202402_3M_statement.xml
RECON-202312-ACC0079061-6M,ACC0079061,IND23010449,Keystone Retail Bank,470010270790614,6,2023-12-01,2024-05-31 23:59:59,6294.4,5663.01,12,0,reconciliation_analysis\2023\bank_statement_pdfs\ACC0079061_202312_202405_6M_statement.pdf,CSV,reconciliation_analysis\2023\bank_statement_source_files\csv\ACC0079061_202312_202405_6M_statement.csv
RECON-202312-ACC0079062-3M,ACC0079062,IND23000930,Keystone Retail Bank,261550030790621,3,2023-12-01,2024-02-29 23:59:59,1603.69,-7050.71,59,56,reconciliation_analysis\2023\bank_statement_pdfs\ACC0079062_202312_202402_3M_statement.pdf,ISO20022_CAMT053_XML,reconciliation_analysis\2023\bank_statement_source_files\iso20022_camt053_xml\ACC0079062_202312_202402_3M_statement.xml
RECON-202312-ACC0079063-3M,ACC0079063,IND23005075,Keystone Retail Bank,203805280790635,3,2023-12-01,2024-02-29 23:59:59,7727.67,-6963.76,68,63,reconciliation_analysis\2023\bank_statement_pdfs\ACC0079063_202312_202402_3M_statement.pdf,CSV,reconciliation_analysis\2023\bank_statement_source_files\csv\ACC0079063_202312_202402_3M_statement.csv
RECON-202312-ACC0079064-6M,ACC0079064,IND23010432,Keystone Retail Bank,121317020790649,6,2023-12-01,2024-05-31 23:59:59,4593.56,3979.69,14,0,reconciliation_analysis\2023\bank_statement_pdfs\ACC0079064_202312_202405_6M_statement.pdf,ISO20022_CAMT053_XML,reconciliation_analysis\2023\bank_statement_source_files\iso20022_camt053_xml\ACC0079064_202312_202405_6M_statement.xml
RECON-202312-ACC0079065-3M,ACC0079065,IND23003867,Keystone Retail Bank,164705020790658,3,2023-12-01,2024-02-29 23:59:59,11890.18,5030.72,42,35,reconciliation_analysis\2023\bank_statement_pdfs\ACC0079065_202312_202402_3M_statement.pdf,ISO20022_CAMT053_XML,reconciliation_analysis\2023\bank_statement_source_files\iso20022_camt053_xml\ACC0079065_202312_202402_3M_statement.xml
RECON-202312-ACC0079066-6M,ACC0079066,IND23009203,Keystone Retail Bank,250655280790665,6,2023-12-01,2024-05-31 23:59:59,2245.82,-40169.0,89,80,reconciliation_analysis\2023\bank_statement_pdfs\ACC0079066_202312_202405_6M_statement.pdf,CSV,reconciliation_analysis\2023\bank_statement_source_files\csv\ACC0079066_202312_202405_6M_statement.csv
RECON-202312-ACC0079067-3M,ACC0079067,IND23005570,Keystone Retail Bank,221426030790671,3,2023-12-01,2024-02-29 23:59:59,3855.74,3372.07,8,0,reconciliation_analysis\2023\bank_statement_pdfs\ACC0079067_202312_202402_3M_statement.pdf,TXT,reconciliation_analysis\2023\bank_statement_source_files\txt\ACC0079067_202312_202402_3M_statement.txt
RECON-202312-ACC0079068-6M,ACC0079068,IND23004799,Keystone Retail Bank,430110020790689,6,2023-12-01,2024-05-31 23:59:59,4030.02,3340.95,11,0,reconciliation_analysis\2023\bank_statement_pdfs\ACC0079068_202312_202405_6M_statement.pdf,CSV,reconciliation_analysis\2023\bank_statement_source_files\csv\ACC0079068_202312_202405_6M_statement.csv
RECON-202312-ACC0079069-6M,ACC0079069,IND23010587,Keystone Retail Bank,060110010790694,6,2023-12-01,2024-05-31 23:59:59,13849.2,-18466.24,91,80,reconciliation_analysis\2023\bank_statement_pdfs\ACC0079069_202312_202405_6M_statement.pdf,ISO20022_CAMT053_XML,reconciliation_analysis\2023\bank_statement_source_files\iso20022_camt053_xml\ACC0079069_202312_202405_6M_statement.xml
RECON-202312-ACC0079070-6M,ACC0079070,IND23014143,Keystone Retail Bank,012345280790708,6,2023-12-01,2024-05-31 23:59:59,11498.58,-34673.54,97,86,reconciliation_analysis\2023\bank_statement_pdfs\ACC0079070_202312_202405_6M_statement.pdf,TXT,reconciliation_analysis\2023\bank_statement_source_files\txt\ACC0079070_202312_202405_6M_statement.txt
RECON-202312-ACC0079072-6M,ACC0079072,IND23002029,Keystone Retail Bank,214305030790725,6,2023-12-01,2024-05-31 23:59:59,11688.07,-37727.11,91,83,reconciliation_analysis\2023\bank_statement_pdfs\ACC0079072_202312_202405_6M_statement.pdf,CSV,reconciliation_analysis\2023\bank_statement_source_files\csv\ACC0079072_202312_202405_6M_statement.csv
RECON-202312-ACC0079073-6M,ACC0079073,IND23001751,Keystone Retail Bank,463105020790730,6,2023-12-01,2024-05-31 23:59:59,5774.34,5374.86,12,0,reconciliation_analysis\2023\bank_statement_pdfs\ACC0079073_202312_202405_6M_statement.pdf,ISO20022_CAMT053_XML,reconciliation_analysis\2023\bank_statement_source_files\iso20022_camt053_xml\ACC0079073_202312_202405_6M_statement.xml
RECON-202312-ACC0079074-6M,ACC0079074,IND23001751,Keystone Retail Bank,463005270790741,6,2023-12-01,2024-05-31 23:59:59,10717.81,10167.73,11,0,reconciliation_analysis\2023\bank_statement_pdfs\ACC0079074_202312_202405_6M_statement.pdf,CSV,reconciliation_analysis\2023\bank_statement_source_files\csv\ACC0079074_202312_202405_6M_statement.csv
RECON-202312-ACC0079075-3M,ACC0079075,IND23004137,Keystone Retail Bank,250955280790751,3,2023-12-01,2024-02-29 23:59:59,11987.34,-9718.79,75,67,reconciliation_analysis\2023\bank_statement_pdfs\ACC0079075_202312_202402_3M_statement.pdf,CSV,reconciliation_analysis\2023\bank_statement_source_files\csv\ACC0079075_202312_202402_3M_statement.csv
RECON-202312-ACC0079076-6M,ACC0079076,IND23006877,Keystone Retail Bank,214205010790764,6,2023-12-01,2024-05-31 23:59:59,9757.84,9312.44,9,0,reconciliation_analysis\2023\bank_statement_pdfs\ACC0079076_202312_202405_6M_statement.pdf,CSV,reconciliation_analysis\2023\bank_statement_source_files\csv\ACC0079076_202312_202405_6M_statement.csv
RECON-202312-ACC0079077-6M,ACC0079077,IND23002696,Keystone Retail Bank,140505010790777,6,2023-12-01,2024-05-31 23:59:59,11838.75,11365.73,12,0,reconciliation_analysis\2023\bank_statement_pdfs\ACC0079077_202312_202405_6M_statement.pdf,CSV,reconciliation_analysis\2023\bank_statement_source_files\csv\ACC0079077_202312_202405_6M_statement.csv
RECON-202312-ACC0079079-6M,ACC0079079,IND23009703,Keystone Retail Bank,140605020790793,6,2023-12-01,2024-05-31 23:59:59,1993.88,-8643.34,74,69,reconciliation_analysis\2023\bank_statement_pdfs\ACC0079079_202312_202405_6M_statement.pdf,CSV,reconciliation_analysis\2023\bank_statement_source_files\csv\ACC0079079_202312_202405_6M_statement.csv
RECON-202312-ACC0079080-3M,ACC0079080,IND23012961,Keystone Retail Bank,221426010790806,3,2023-12-01,2024-02-29 23:59:59,2922.12,2684.23,7,0,reconciliation_analysis\2023\bank_statement_pdfs\ACC0079080_202312_202402_3M_statement.pdf,ISO20022_CAMT053_XML,reconciliation_analysis\2023\bank_statement_source_files\iso20022_camt053_xml\ACC0079080_202312_202402_3M_statement.xml
RECON-202312-ACC0079081-6M,ACC0079081,IND23008380,Keystone Retail Bank,510255030790817,6,2023-12-01,2024-05-31 23:59:59,14966.64,14309.86,12,0,reconciliation_analysis\2023\bank_statement_pdfs\ACC0079081_202312_202405_6M_statement.pdf,CSV,reconciliation_analysis\2023\bank_statement_source_files\csv\ACC0079081_202312_202405_6M_statement.csv
RECON-202312-ACC0079082-3M,ACC0079082,IND23000928,Keystone Retail Bank,204109020790823,3,2023-12-01,2024-02-29 23:59:59,5498.44,5050.76,8,0,reconciliation_analysis\2023\bank_statement_pdfs\ACC0079082_202312_202402_3M_statement.pdf,CSV,reconciliation_analysis\2023\bank_statement_source_files\csv\ACC0079082_202312_202402_3M_statement.csv
RECON-202312-ACC0079083-3M,ACC0079083,IND23002371,Keystone Retail Bank,280505030790831,3,2023-12-01,2024-02-29 23:59:59,10577.72,-414.67,72,65,reconciliation_analysis\2023\bank_statement_pdfs\ACC0079083_202312_202402_3M_statement.pdf,CSV,reconciliation_analysis\2023\bank_statement_source_files\csv\ACC0079083_202312_202402_3M_statement.csv
RECON-202312-ACC0079084-6M,ACC0079084,IND23004314,Keystone Retail Bank,280505270790842,6,2023-12-01,2024-05-31 23:59:59,13785.11,13310.85,11,0,reconciliation_analysis\2023\bank_statement_pdfs\ACC0079084_202312_202405_6M_statement.pdf,ISO20022_CAMT053_XML,reconciliation_analysis\2023\bank_statement_source_files\iso20022_camt053_xml\ACC0079084_202312_202405_6M_statement.xml
RECON-202312-ACC0079085-3M,ACC0079085,IND23002657,Keystone Retail Bank,188105020790850,3,2023-12-01,2024-02-29 23:59:59,7979.9,-17296.7,75,70,reconciliation_analysis\2023\bank_statement_pdfs\ACC0079085_202312_202402_3M_statement.pdf,CSV,reconciliation_analysis\2023\bank_statement_source_files\csv\ACC0079085_202312_202402_3M_statement.csv
RECON-202312-ACC0079086-3M,ACC0079086,IND23002657,Keystone Retail Bank,188105020790869,3,2023-12-01,2024-02-29 23:59:59,4102.84,3668.0,7,0,reconciliation_analysis\2023\bank_statement_pdfs\ACC0079086_202312_202402_3M_statement.pdf,ISO20022_CAMT053_XML,reconciliation_analysis\2023\bank_statement_source_files\iso20022_camt053_xml\ACC0079086_202312_202402_3M_statement.xml
RECON-202312-ACC0079087-6M,ACC0079087,IND23012642,Keystone Retail Bank,470010280790873,6,2023-12-01,2024-05-31 23:59:59,9481.2,8722.4,14,0,reconciliation_analysis\2023\bank_statement_pdfs\ACC0079087_202312_202405_6M_statement.pdf,TXT,reconciliation_analysis\2023\bank_statement_source_files\txt\ACC0079087_202312_202405_6M_statement.txt
RECON-202312-ACC0079088-3M,ACC0079088,IND23003343,Keystone Retail Bank,245805020790888,3,2023-12-01,2024-02-29 23:59:59,3883.76,3445.04,7,0,reconciliation_analysis\2023\bank_statement_pdfs\ACC0079088_202312_202402_3M_statement.pdf,ISO20022_CAMT053_XML,reconciliation_analysis\2023\bank_statement_source_files\iso20022_camt053_xml\ACC0079088_202312_202402_3M_statement.xml
RECON-202312-ACC0079089-6M,ACC0079089,IND23003659,Keystone Retail Bank,180205280790891,6,2023-12-01,2024-05-31 23:59:59,2208.63,-16781.66,77,67,reconciliation_analysis\2023\bank_statement_pdfs\ACC0079089_202312_202405_6M_statement.pdf,ISO20022_CAMT053_XML,reconciliation_analysis\2023\bank_statement_source_files\iso20022_camt053_xml\ACC0079089_202312_202405_6M_statement.xml
RECON-202312-ACC0079090-3M,ACC0079090,IND23000988,Keystone Retail Bank,198775270790903,3,2023-12-01,2024-02-29 23:59:59,2833.2,-22983.43,76,70,reconciliation_analysis\2023\bank_statement_pdfs\ACC0079090_202312_202402_3M_statement.pdf,ISO20022_CAMT053_XML,reconciliation_analysis\2023\bank_statement_source_files\iso20022_camt053_xml\ACC0079090_202312_202402_3M_statement.xml
RECON-202312-ACC0079091-3M,ACC0079091,IND23011383,Keystone Retail Bank,025009270790914,3,2023-12-01,2024-02-29 23:59:59,16532.54,16255.88,4,0,reconciliation_analysis\2023\bank_statement_pdfs\ACC0079091_202312_202402_3M_statement.pdf,CSV,reconciliation_analysis\2023\bank_statement_source_files\csv\ACC0079091_202312_202402_3M_statement.csv
RECON-202312-ACC0079092-3M,ACC0079092,IND23000335,Keystone Retail Bank,060110280790924,3,2023-12-01,2024-02-29 23:59:59,2814.57,-3729.9,69,63,reconciliation_analysis\2023\bank_statement_pdfs\ACC0079092_202312_202402_3M_statement.pdf,ISO20022_CAMT053_XML,reconciliation_analysis\2023\bank_statement_source_files\iso20022_camt053_xml\ACC0079092_202312_202402_3M_statement.xml
RECON-202312-ACC0079093-3M,ACC0079093,IND23000335,Keystone Retail Bank,060110030790932,3,2023-12-01,2024-02-29 23:59:59,12817.5,12305.35,6,0,reconciliation_analysis\2023\bank_statement_pdfs\ACC0079093_202312_202402_3M_statement.pdf,CSV,reconciliation_analysis\2023\bank_statement_source_files\csv\ACC0079093_202312_202402_3M_statement.csv
RECON-202312-ACC0079094-6M,ACC0079094,IND23007811,Keystone Retail Bank,191705010790947,6,2023-12-01,2024-05-31 23:59:59,12341.39,-33214.94,92,74,reconciliation_analysis\2023\bank_statement_pdfs\ACC0079094_202312_202405_6M_statement.pdf,ISO20022_CAMT053_XML,reconciliation_analysis\2023\bank_statement_source_files\iso20022_camt053_xml\ACC0079094_202312_202405_6M_statement.xml
RECON-202312-ACC0079095-3M,ACC0079095,IND23012689,Keystone Retail Bank,191605030790955,3,2023-12-01,2024-02-29 23:59:59,12298.38,-3368.64,71,65,reconciliation_analysis\2023\bank_statement_pdfs\ACC0079095_202312_202402_3M_statement.pdf,ISO20022_CAMT053_XML,reconciliation_analysis\2023\bank_statement_source_files\iso20022_camt053_xml\ACC0079095_202312_202402_3M_statement.xml
RECON-202312-ACC0079096-6M,ACC0079096,IND23000420,Keystone Retail Bank,463105010790964,6,2023-12-01,2024-05-31 23:59:59,15741.46,14945.36,12,0,reconciliation_analysis\2023\bank_statement_pdfs\ACC0079096_202312_202405_6M_statement.pdf,CSV,reconciliation_analysis\2023\bank_statement_source_files\csv\ACC0079096_202312_202405_6M_statement.csv
RECON-202312-ACC0079097-3M,ACC0079097,IND23010966,Keystone Retail Bank,018505010790972,3,2023-12-01,2024-02-29 23:59:59,14947.36,14554.23,5,0,reconciliation_analysis\2023\bank_statement_pdfs\ACC0079097_202312_202402_3M_statement.pdf,CSV,reconciliation_analysis\2023\bank_statement_source_files\csv\ACC0079097_202312_202402_3M_statement.csv
RECON-202312-ACC0079099-6M,ACC0079099,IND23011100,Keystone Retail Bank,172105020790997,6,2023-12-01,2024-05-31 23:59:59,9320.54,-1007.63,51,42,reconciliation_analysis\2023\bank_statement_pdfs\ACC0079099_202312_202405_6M_statement.pdf,CSV,reconciliation_analysis\2023\bank_statement_source_files\csv\ACC0079099_202312_202405_6M_statement.csv
RECON-202312-ACC0079100-6M,ACC0079100,IND23010340,Keystone Retail Bank,463005280791007,6,2023-12-01,2024-05-31 23:59:59,7350.21,-21227.19,82,70,reconciliation_analysis\2023\bank_statement_pdfs\ACC0079100_202312_202405_6M_statement.pdf,TXT,reconciliation_analysis\2023\bank_statement_source_files\txt\ACC0079100_202312_202405_6M_statement.txt
RECON-202312-ACC0079102-6M,ACC0079102,IND23012424,Keystone Retail Bank,280505270791029,6,2023-12-01,2024-05-31 23:59:59,8137.55,-3153.06,73,59,reconciliation_analysis\2023\bank_statement_pdfs\ACC0079102_202312_202405_6M_statement.pdf,ISO20022_CAMT053_XML,reconciliation_analysis\2023\bank_statement_source_files\iso20022_camt053_xml\ACC0079102_202312_202405_6M_statement.xml
RECON-202312-ACC0079104-3M,ACC0079104,IND23001715,Keystone Retail Bank,168305010791047,3,2023-12-01,2024-02-29 23:59:59,3044.0,-13824.0,82,75,reconciliation_analysis\2023\bank_statement_pdfs\ACC0079104_202312_202402_3M_statement.pdf,TXT,reconciliation_analysis\2023\bank_statement_source_files\txt\ACC0079104_202312_202402_3M_statement.txt
RECON-202312-ACC0079105-6M,ACC0079105,IND23013970,Keystone Retail Bank,280605020791054,6,2023-12-01,2024-05-31 23:59:59,14637.83,-21473.31,95,81,reconciliation_analysis\2023\bank_statement_pdfs\ACC0079105_202312_202405_6M_statement.pdf,ISO20022_CAMT053_XML,reconciliation_analysis\2023\bank_statement_source_files\iso20022_camt053_xml\ACC0079105_202312_202405_6M_statement.xml
RECON-202312-ACC0079106-6M,ACC0079106,IND23013970,Keystone Retail Bank,280605030791062,6,2023-12-01,2024-05-31 23:59:59,3119.95,2533.87,12,0,reconciliation_analysis\2023\bank_statement_pdfs\ACC0079106_202312_202405_6M_statement.pdf,CSV,reconciliation_analysis\2023\bank_statement_source_files\csv\ACC0079106_202312_202405_6M_statement.csv
RECON-202312-ACC0079107-3M,ACC0079107,IND23003864,Keystone Retail Bank,632005280791071,3,2023-12-01,2024-02-29 23:59:59,7861.52,10585.69,8,0,reconciliation_analysis\2023\bank_statement_pdfs\ACC0079107_202312_202402_3M_statement.pdf,TXT,reconciliation_analysis\2023\bank_statement_source_files\txt\ACC0079107_202312_202402_3M_statement.txt
RECON-202312-ACC0079108-6M,ACC0079108,IND23001664,Keystone Retail Bank,180205020791087,6,2023-12-01,2024-05-31 23:59:59,9718.8,10816.31,12,0,reconciliation_analysis\2023\bank_statement_pdfs\ACC0079108_202312_202405_6M_statement.pdf,CSV,reconciliation_analysis\2023\bank_statement_source_files\csv\ACC0079108_202312_202405_6M_statement.csv
RECON-202312-ACC0079109-6M,ACC0079109,IND23008224,Keystone Retail Bank,632005270791090,6,2023-12-01,2024-05-31 23:59:59,4754.04,3561.98,13,0,reconciliation_analysis\2023\bank_statement_pdfs\ACC0079109_202312_202405_6M_statement.pdf,ISO20022_CAMT053_XML,reconciliation_analysis\2023\bank_statement_source_files\iso20022_camt053_xml\ACC0079109_202312_202405_6M_statement.xml
RECON-202312-ACC0079110-6M,ACC0079110,IND23001911,Keystone Retail Bank,430010030791106,6,2023-12-01,2024-05-31 23:59:59,13685.97,2120.15,47,37,reconciliation_analysis\2023\bank_statement_pdfs\ACC0079110_202312_202405_6M_statement.pdf,ISO20022_CAMT053_XML,reconciliation_analysis\2023\bank_statement_source_files\iso20022_camt053_xml\ACC0079110_202312_202405_6M_statement.xml
RECON-202312-ACC0079111-3M,ACC0079111,IND23008492,Keystone Retail Bank,200205030791117,3,2023-12-01,2024-02-29 23:59:59,11354.53,10894.25,5,0,reconciliation_analysis\2023\bank_statement_pdfs\ACC0079111_202312_202402_3M_statement.pdf,CSV,reconciliation_analysis\2023\bank_statement_source_files\csv\ACC0079111_202312_202402_3M_statement.csv
RECON-202312-ACC0079112-3M,ACC0079112,IND23001663,Keystone Retail Bank,020909020791128,3,2023-12-01,2024-02-29 23:59:59,11158.83,1098.78,69,61,reconciliation_analysis\2023\bank_statement_pdfs\ACC0079112_202312_202402_3M_statement.pdf,ISO20022_CAMT053_XML,reconciliation_analysis\2023\bank_statement_source_files\iso20022_camt053_xml\ACC0079112_202312_202402_3M_statement.xml
RECON-202312-ACC0079113-6M,ACC0079113,IND23006351,Keystone Retail Bank,168205010791137,6,2023-12-01,2024-05-31 23:59:59,7864.4,-12906.84,64,54,reconciliation_analysis\2023\bank_statement_pdfs\ACC0079113_202312_202405_6M_statement.pdf,CSV,reconciliation_analysis\2023\bank_statement_source_files\csv\ACC0079113_202312_202405_6M_statement.csv
RECON-202312-ACC0079114-6M,ACC0079114,IND23011573,Keystone Retail Bank,198765030791144,6,2023-12-01,2024-05-31 23:59:59,4071.58,-24492.34,78,68,reconciliation_analysis\2023\bank_statement_pdfs\ACC0079114_202312_202405_6M_statement.pdf,CSV,reconciliation_analysis\2023\bank_statement_source_files\csv\ACC0079114_202312_202405_6M_statement.csv
RECON-202312-ACC0079115-3M,ACC0079115,IND23012712,Keystone Retail Bank,203805020791152,3,2023-12-01,2024-02-29 23:59:59,4405.19,3870.42,6,0,reconciliation_analysis\2023\bank_statement_pdfs\ACC0079115_202312_202402_3M_statement.pdf,ISO20022_CAMT053_XML,reconciliation_analysis\2023\bank_statement_source_files\iso20022_camt053_xml\ACC0079115_202312_202402_3M_statement.xml
RECON-202312-ACC0079116-6M,ACC0079116,IND23003670,Keystone Retail Bank,207305010791169,6,2023-12-01,2024-05-31 23:59:59,12612.0,4077.24,69,60,reconciliation_analysis\2023\bank_statement_pdfs\ACC0079116_202312_202405_6M_statement.pdf,CSV,reconciliation_analysis\2023\bank_statement_source_files\csv\ACC0079116_202312_202405_6M_statement.csv
RECON-202312-ACC0079117-3M,ACC0079117,IND23011844,Keystone Retail Bank,018505270791177,3,2023-12-01,2024-02-29 23:59:59,9577.28,-24996.13,72,67,reconciliation_analysis\2023\bank_statement_pdfs\ACC0079117_202312_202402_3M_statement.pdf,CSV,reconciliation_analysis\2023\bank_statement_source_files\csv\ACC0079117_202312_202402_3M_statement.csv
RECON-202312-ACC0079118-3M,ACC0079118,IND23008301,Keystone Retail Bank,188105020791180,3,2023-12-01,2024-02-29 23:59:59,9796.75,9619.99,4,0,reconciliation_analysis\2023\bank_statement_pdfs\ACC0079118_202312_202402_3M_statement.pdf,ISO20022_CAMT053_XML,reconciliation_analysis\2023\bank_statement_source_files\iso20022_camt053_xml\ACC0079118_202312_202402_3M_statement.xml
RECON-202312-ACC0079120-6M,ACC0079120,IND23006416,Keystone Retail Bank,150105030791204,6,2023-12-01,2024-05-31 23:59:59,9561.72,-4660.12,70,57,reconciliation_analysis\2023\bank_statement_pdfs\ACC0079120_202312_202405_6M_statement.pdf,ISO20022_CAMT053_XML,reconciliation_analysis\2023\bank_statement_source_files\iso20022_camt053_xml\ACC0079120_202312_202405_6M_statement.xml
RECON-202312-ACC0079121-3M,ACC0079121,IND23013140,Keystone Retail Bank,255005270791214,3,2023-12-01,2024-02-29 23:59:59,10275.1,-19656.73,73,67,reconciliation_analysis\2023\bank_statement_pdfs\ACC0079121_202312_202402_3M_statement.pdf,CSV,reconciliation_analysis\2023\bank_statement_source_files\csv\ACC0079121_202312_202402_3M_statement.csv
RECON-202312-ACC0079122-6M,ACC0079122,IND23004334,Keystone Retail Bank,463105270791221,6,2023-12-01,2024-05-31 23:59:59,12705.29,12054.41,12,0,reconciliation_analysis\2023\bank_statement_pdfs\ACC0079122_202312_202405_6M_statement.pdf,CSV,reconciliation_analysis\2023\bank_statement_source_files\csv\ACC0079122_202312_202405_6M_statement.csv
RECON-202312-ACC0079123-6M,ACC0079123,IND23010683,Keystone Retail Bank,191605010791232,6,2023-12-01,2024-05-31 23:59:59,12002.5,11326.13,12,0,reconciliation_analysis\2023\bank_statement_pdfs\ACC0079123_202312_202405_6M_statement.pdf,ISO20022_CAMT053_XML,reconciliation_analysis\2023\bank_statement_source_files\iso20022_camt053_xml\ACC0079123_202312_202405_6M_statement.xml
RECON-202312-ACC0079124-3M,ACC0079124,IND23011161,Keystone Retail Bank,050910020791248,3,2023-12-01,2024-02-29 23:59:59,3820.93,3361.99,7,0,reconciliation_analysis\2023\bank_statement_pdfs\ACC0079124_202312_202402_3M_statement.pdf,ISO20022_CAMT053_XML,reconciliation_analysis\2023\bank_statement_source_files\iso20022_camt053_xml\ACC0079124_202312_202402_3M_statement.xml
RECON-202312-ACC0079126-6M,ACC0079126,IND23014168,Keystone Retail Bank,255005020791268,6,2023-12-01,2024-05-31 23:59:59,5401.66,-7828.96,60,48,reconciliation_analysis\2023\bank_statement_pdfs\ACC0079126_202312_202405_6M_statement.pdf,CSV,reconciliation_analysis\2023\bank_statement_source_files\csv\ACC0079126_202312_202405_6M_statement.csv
RECON-202312-ACC0079127-6M,ACC0079127,IND23007011,Keystone Retail Bank,168305020791279,6,2023-12-01,2024-05-31 23:59:59,2119.8,-12257.83,71,63,reconciliation_analysis\2023\bank_statement_pdfs\ACC0079127_202312_202405_6M_statement.pdf,CSV,reconciliation_analysis\2023\bank_statement_source_files\csv\ACC0079127_202312_202405_6M_statement.csv
RECON-202312-ACC0079128-3M,ACC0079128,IND23002240,Keystone Retail Bank,242205020791281,3,2023-12-01,2024-02-29 23:59:59,8858.47,-19484.54,80,72,reconciliation_analysis\2023\bank_statement_pdfs\ACC0079128_202312_202402_3M_statement.pdf,CSV,reconciliation_analysis\2023\bank_statement_source_files\csv\ACC0079128_202312_202402_3M_statement.csv
RECON-202312-ACC0079129-3M,ACC0079129,IND23000234,Keystone Retail Bank,188205270791297,3,2023-12-01,2024-02-29 23:59:59,3384.6,-16564.96,72,68,reconciliation_analysis\2023\bank_statement_pdfs\ACC0079129_202312_202402_3M_statement.pdf,ISO20022_CAMT053_XML,reconciliation_analysis\2023\bank_statement_source_files\iso20022_camt053_xml\ACC0079129_202312_202402_3M_statement.xml
RECON-202312-ACC0079130-6M,ACC0079130,IND23011257,Keystone Retail Bank,195105030791308,6,2023-12-01,2024-05-31 23:59:59,15268.91,14621.76,11,0,reconciliation_analysis\2023\bank_statement_pdfs\ACC0079130_202312_202405_6M_statement.pdf,TXT,reconciliation_analysis\2023\bank_statement_source_files\txt\ACC0079130_202312_202405_6M_statement.txt
RECON-202312-ACC0079131-3M,ACC0079131,IND23005953,Keystone Retail Bank,140605020791318,3,2023-12-01,2024-02-29 23:59:59,4570.75,-14094.63,70,63,reconciliation_analysis\2023\bank_statement_pdfs\ACC0079131_202312_202402_3M_statement.pdf,ISO20022_CAMT053_XML,reconciliation_analysis\2023\bank_statement_source_files\iso20022_camt053_xml\ACC0079131_202312_202402_3M_statement.xml
RECON-202312-ACC0079133-3M,ACC0079133,IND23010894,Keystone Retail Bank,255355270791337,3,2023-12-01,2024-02-29 23:59:59,12376.61,-18934.31,79,73,reconciliation_analysis\2023\bank_statement_pdfs\ACC0079133_202312_202402_3M_statement.pdf,ISO20022_CAMT053_XML,reconciliation_analysis\2023\bank_statement_source_files\iso20022_camt053_xml\ACC0079133_202312_202402_3M_statement.xml
RECON-202312-ACC0079134-6M,ACC0079134,IND23004903,Keystone Retail Bank,430110270791349,6,2023-12-01,2024-05-31 23:59:59,16565.7,16167.24,12,0,reconciliation_analysis\2023\bank_statement_pdfs\ACC0079134_202312_202405_6M_statement.pdf,TXT,reconciliation_analysis\2023\bank_statement_source_files\txt\ACC0079134_202312_202405_6M_statement.txt
RECON-202312-ACC0079135-6M,ACC0079135,IND23012551,Keystone Retail Bank,134705030791355,6,2023-12-01,2024-05-31 23:59:59,1403.97,-18920.93,85,72,reconciliation_analysis\2023\bank_statement_pdfs\ACC0079135_202312_202405_6M_statement.pdf,CSV,reconciliation_analysis\2023\bank_statement_source_files\csv\ACC0079135_202312_202405_6M_statement.csv
RECON-202312-ACC0079136-6M,ACC0079136,IND23009794,Keystone Retail Bank,207205270791366,6,2023-12-01,2024-05-31 23:59:59,17865.64,17397.17,12,0,reconciliation_analysis\2023\bank_statement_pdfs\ACC0079136_202312_202405_6M_statement.pdf,CSV,reconciliation_analysis\2023\bank_statement_source_files\csv\ACC0079136_202312_202405_6M_statement.csv
RECON-202312-ACC0079137-6M,ACC0079137,IND23014518,Keystone Retail Bank,250955020791376,6,2023-12-01,2024-05-31 23:59:59,5710.51,4659.87,15,0,reconciliation_analysis\2023\bank_statement_pdfs\ACC0079137_202312_202405_6M_statement.pdf,ISO20022_CAMT053_XML,reconciliation_analysis\2023\bank_statement_source_files\iso20022_camt053_xml\ACC0079137_202312_202405_6M_statement.xml
RECON-202312-ACC0079139-3M,ACC0079139,IND23006196,Keystone Retail Bank,164605280791390,3,2023-12-01,2024-02-29 23:59:59,3047.22,-11371.55,62,60,reconciliation_analysis\2023\bank_statement_pdfs\ACC0079139_202312_202402_3M_statement.pdf,CSV,reconciliation_analysis\2023\bank_statement_source_files\csv\ACC0079139_202312_202402_3M_statement.csv
RECON-202312-ACC0079140-6M,ACC0079140,IND23005529,Keystone Retail Bank,140605020791407,6,2023-12-01,2024-05-31 23:59:59,4028.24,-20251.04,78,65,reconciliation_analysis\2023\bank_statement_pdfs\ACC0079140_202312_202405_6M_statement.pdf,ISO20022_CAMT053_XML,reconciliation_analysis\2023\bank_statement_source_files\iso20022_camt053_xml\ACC0079140_202312_202405_6M_statement.xml
RECON-202312-ACC0079141-6M,ACC0079141,IND23000635,Keystone Retail Bank,204109030791410,6,2023-12-01,2024-05-31 23:59:59,6418.05,5846.65,10,0,reconciliation_analysis\2023\bank_statement_pdfs\ACC0079141_202312_202405_6M_statement.pdf,TXT,reconciliation_analysis\2023\bank_statement_source_files\txt\ACC0079141_202312_202405_6M_statement.txt
RECON-202312-ACC0079142-3M,ACC0079142,IND23001972,Keystone Retail Bank,134605280791428,3,2023-12-01,2024-02-29 23:59:59,14318.4,-5028.68,79,73,reconciliation_analysis\2023\bank_statement_pdfs\ACC0079142_202312_202402_3M_statement.pdf,ISO20022_CAMT053_XML,reconciliation_analysis\2023\bank_statement_source_files\iso20022_camt053_xml\ACC0079142_202312_202402_3M_statement.xml
RECON-202312-ACC0079143-3M,ACC0079143,IND23005061,Keystone Retail Bank,018305030791435,3,2023-12-01,2024-02-29 23:59:59,4033.05,-20740.92,82,74,reconciliation_analysis\2023\bank_statement_pdfs\ACC0079143_202312_202402_3M_statement.pdf,CSV,reconciliation_analysis\2023\bank_statement_source_files\csv\ACC0079143_202312_202402_3M_statement.csv
RECON-202312-ACC0079144-6M,ACC0079144,IND23003619,Keystone Retail Bank,214305020791449,6,2023-12-01,2024-05-31 23:59:59,7610.41,-622.57,68,59,reconciliation_analysis\2023\bank_statement_pdfs\ACC0079144_202312_202405_6M_statement.pdf,ISO20022_CAMT053_XML,reconciliation_analysis\2023\bank_statement_source_files\iso20022_camt053_xml\ACC0079144_202312_202405_6M_statement.xml
RECON-202312-ACC0079145-6M,ACC0079145,IND23009628,Keystone Retail Bank,217705010791459,6,2023-12-01,2024-05-31 23:59:59,2073.06,-26009.76,81,70,reconciliation_analysis\2023\bank_statement_pdfs\ACC0079145_202312_202405_6M_statement.pdf,ISO20022_CAMT053_XML,reconciliation_analysis\2023\bank_statement_source_files\iso20022_camt053_xml\ACC0079145_202312_202405_6M_statement.xml
RECON-202312-ACC0079146-6M,ACC0079146,IND23009784,Keystone Retail Bank,261050020791466,6,2023-12-01,2024-05-31 23:59:59,11465.09,10750.77,12,0,reconciliation_analysis\2023\bank_statement_pdfs\ACC0079146_202312_202405_6M_statement.pdf,ISO20022_CAMT053_XML,reconciliation_analysis\2023\bank_statement_source_files\iso20022_camt053_xml\ACC0079146_202312_202405_6M_statement.xml
RECON-202312-ACC0079147-6M,ACC0079147,IND23004985,Keystone Retail Bank,121317280791479,6,2023-12-01,2024-05-31 23:59:59,900.48,-15655.45,71,59,reconciliation_analysis\2023\bank_statement_pdfs\ACC0079147_202312_202405_6M_statement.pdf,ISO20022_CAMT053_XML,reconciliation_analysis\2023\bank_statement_source_files\iso20022_camt053_xml\ACC0079147_202312_202405_6M_statement.xml
RECON-202312-ACC0079148-3M,ACC0079148,IND23011017,Keystone Retail Bank,125405270791484,3,2023-12-01,2024-02-29 23:59:59,15740.11,15490.87,7,0,reconciliation_analysis\2023\bank_statement_pdfs\ACC0079148_202312_202402_3M_statement.pdf,CSV,reconciliation_analysis\2023\bank_statement_source_files\csv\ACC0079148_202312_202402_3M_statement.csv
RECON-202312-ACC0079149-6M,ACC0079149,IND23009039,Keystone Retail Bank,188105280791493,6,2023-12-01,2024-05-31 23:59:59,797.36,-10222.53,65,53,reconciliation_analysis\2023\bank_statement_pdfs\ACC0079149_202312_202405_6M_statement.pdf,ISO20022_CAMT053_XML,reconciliation_analysis\2023\bank_statement_source_files\iso20022_camt053_xml\ACC0079149_202312_202405_6M_statement.xml
RECON-202312-ACC0079150-3M,ACC0079150,IND23008586,Keystone Retail Bank,180205280791505,3,2023-12-01,2024-02-29 23:59:59,16922.51,16567.65,6,0,reconciliation_analysis\2023\bank_statement_pdfs\ACC0079150_202312_202402_3M_statement.pdf,CSV,reconciliation_analysis\2023\bank_statement_source_files\csv\ACC0079150_202312_202402_3M_statement.csv
RECON-202312-ACC0079152-3M,ACC0079152,IND23006793,Keystone Retail Bank,018305030791524,3,2023-12-01,2024-02-29 23:59:59,5540.16,-12233.58,53,47,reconciliation_analysis\2023\bank_statement_pdfs\ACC0079152_202312_202402_3M_statement.pdf,CSV,reconciliation_analysis\2023\bank_statement_source_files\csv\ACC0079152_202312_202402_3M_statement.csv
RECON-202312-ACC0079153-6M,ACC0079153,IND23000199,Keystone Retail Bank,150205010791536,6,2023-12-01,2024-05-31 23:59:59,4484.04,-13537.13,68,60,reconciliation_analysis\2023\bank_statement_pdfs\ACC0079153_202312_202405_6M_statement.pdf,TXT,reconciliation_analysis\2023\bank_statement_source_files\txt\ACC0079153_202312_202405_6M_statement.txt
RECON-202312-ACC0079154-6M,ACC0079154,IND23014669,Keystone Retail Bank,198775030791544,6,2023-12-01,2024-05-31 23:59:59,4266.39,3545.25,12,0,reconciliation_analysis\2023\bank_statement_pdfs\ACC0079154_202312_202405_6M_statement.pdf,CSV,reconciliation_analysis\2023\bank_statement_source_files\csv\ACC0079154_202312_202405_6M_statement.csv
RECON-202312-ACC0079155-6M,ACC0079155,IND23009089,Keystone Retail Bank,470010280791550,6,2023-12-01,2024-05-31 23:59:59,12048.13,-8981.68,82,70,reconciliation_analysis\2023\bank_statement_pdfs\ACC0079155_202312_202405_6M_statement.pdf,ISO20022_CAMT053_XML,reconciliation_analysis\2023\bank_statement_source_files\iso20022_camt053_xml\ACC0079155_202312_202405_6M_statement.xml
RECON-202312-ACC0079156-3M,ACC0079156,IND23013996,Keystone Retail Bank,025009280791565,3,2023-12-01,2024-02-29 23:59:59,17362.65,17115.01,6,0,reconciliation_analysis\2023\bank_statement_pdfs\ACC0079156_202312_202402_3M_statement.pdf,TXT,reconciliation_analysis\2023\bank_statement_source_files\txt\ACC0079156_202312_202402_3M_statement.txt
RECON-202312-ACC0079158-6M,ACC0079158,IND23001595,Keystone Retail Bank,261050030791581,6,2023-12-01,2024-05-31 23:59:59,10903.94,-24717.73,91,79,reconciliation_analysis\2023\bank_statement_pdfs\ACC0079158_202312_202405_6M_statement.pdf,CSV,reconciliation_analysis\2023\bank_statement_source_files\csv\ACC0079158_202312_202405_6M_statement.csv
RECON-202312-ACC0079159-6M,ACC0079159,IND23011840,Keystone Retail Bank,018505010791597,6,2023-12-01,2024-05-31 23:59:59,7122.25,-12016.91,90,81,reconciliation_analysis\2023\bank_statement_pdfs\ACC0079159_202312_202405_6M_statement.pdf,TXT,reconciliation_analysis\2023\bank_statement_source_files\txt\ACC0079159_202312_202405_6M_statement.txt
RECON-202312-ACC0079160-6M,ACC0079160,IND23013578,Keystone Retail Bank,051001010791603,6,2023-12-01,2024-05-31 23:59:59,9497.85,-17017.7,83,72,reconciliation_analysis\2023\bank_statement_pdfs\ACC0079160_202312_202405_6M_statement.pdf,CSV,reconciliation_analysis\2023\bank_statement_source_files\csv\ACC0079160_202312_202405_6M_statement.csv
RECON-202312-ACC0079161-6M,ACC0079161,IND23013560,Keystone Retail Bank,470010280791612,6,2023-12-01,2024-05-31 23:59:59,10343.19,-15727.19,91,82,reconciliation_analysis\2023\bank_statement_pdfs\ACC0079161_202312_202405_6M_statement.pdf,CSV,reconciliation_analysis\2023\bank_statement_source_files\csv\ACC0079161_202312_202405_6M_statement.csv
RECON-202312-ACC0079162-3M,ACC0079162,IND23010652,Keystone Retail Bank,050210020791629,3,2023-12-01,2024-02-29 23:59:59,9315.82,-6363.91,74,68,reconciliation_analysis\2023\bank_statement_pdfs\ACC0079162_202312_202402_3M_statement.pdf,CSV,reconciliation_analysis\2023\bank_statement_source_files\csv\ACC0079162_202312_202402_3M_statement.csv
RECON-202312-ACC0079164-3M,ACC0079164,IND23009833,Keystone Retail Bank,463105020791640,3,2023-12-01,2024-02-29 23:59:59,5871.75,-7690.36,70,66,reconciliation_analysis\2023\bank_statement_pdfs\ACC0079164_202312_202402_3M_statement.pdf,CSV,reconciliation_analysis\2023\bank_statement_source_files\csv\ACC0079164_202312_202402_3M_statement.csv
RECON-202312-ACC0079165-6M,ACC0079165,IND23006380,Keystone Retail Bank,207205270791651,6,2023-12-01,2024-05-31 23:59:59,9817.57,9277.89,9,0,reconciliation_analysis\2023\bank_statement_pdfs\ACC0079165_202312_202405_6M_statement.pdf,ISO20022_CAMT053_XML,reconciliation_analysis\2023\bank_statement_source_files\iso20022_camt053_xml\ACC0079165_202312_202405_6M_statement.xml
RECON-202312-ACC0079167-6M,ACC0079167,IND23011819,Keystone Retail Bank,250955020791670,6,2023-12-01,2024-05-31 23:59:59,12305.45,-14392.07,96,83,reconciliation_analysis\2023\bank_statement_pdfs\ACC0079167_202312_202405_6M_statement.pdf,ISO20022_CAMT053_XML,reconciliation_analysis\2023\bank_statement_source_files\iso20022_camt053_xml\ACC0079167_202312_202405_6M_statement.xml
RECON-202312-ACC0079168-3M,ACC0079168,IND23011928,Keystone Retail Bank,150105030791688,3,2023-12-01,2024-02-29 23:59:59,12889.91,12555.45,6,0,reconciliation_analysis\2023\bank_statement_pdfs\ACC0079168_202312_202402_3M_statement.pdf,ISO20022_CAMT053_XML,reconciliation_analysis\2023\bank_statement_source_files\iso20022_camt053_xml\ACC0079168_202312_202402_3M_statement.xml
RECON-202312-ACC0079169-3M,ACC0079169,IND23002324,Keystone Retail Bank,280505270791690,3,2023-12-01,2024-02-29 23:59:59,4429.31,-5970.78,40,36,reconciliation_analysis\2023\bank_statement_pdfs\ACC0079169_202312_202402_3M_statement.pdf,CSV,reconciliation_analysis\2023\bank_statement_source_files\csv\ACC0079169_202312_202402_3M_statement.csv
RECON-202312-ACC0079170-6M,ACC0079170,IND23000951,Keystone Retail Bank,125505010791705,6,2023-12-01,2024-05-31 23:59:59,7399.46,-31002.03,80,71,reconciliation_analysis\2023\bank_statement_pdfs\ACC0079170_202312_202405_6M_statement.pdf,CSV,reconciliation_analysis\2023\bank_statement_source_files\csv\ACC0079170_202312_202405_6M_statement.csv
RECON-202312-ACC0079171-6M,ACC0079171,IND23009923,Keystone Retail Bank,221526270791715,6,2023-12-01,2024-05-31 23:59:59,12293.71,12398.3,12,0,reconciliation_analysis\2023\bank_statement_pdfs\ACC0079171_202312_202405_6M_statement.pdf,CSV,reconciliation_analysis\2023\bank_statement_source_files\csv\ACC0079171_202312_202405_6M_statement.csv
RECON-202312-ACC0079173-3M,ACC0079173,IND23003825,Keystone Retail Bank,051001030791736,3,2023-12-01,2024-02-29 23:59:59,11747.7,11375.34,8,0,reconciliation_analysis\2023\bank_statement_pdfs\ACC0079173_202312_202402_3M_statement.pdf,TXT,reconciliation_analysis\2023\bank_statement_source_files\txt\ACC0079173_202312_202402_3M_statement.txt
RECON-202312-ACC0079174-3M,ACC0079174,IND23002836,Keystone Retail Bank,195205010791747,3,2023-12-01,2024-02-29 23:59:59,3774.35,3427.39,4,0,reconciliation_analysis\2023\bank_statement_pdfs\ACC0079174_202312_202402_3M_statement.pdf,CSV,reconciliation_analysis\2023\bank_statement_source_files\csv\ACC0079174_202312_202402_3M_statement.csv
RECON-202312-ACC0079175-6M,ACC0079175,IND23008809,Keystone Retail Bank,060210010791754,6,2023-12-01,2024-05-31 23:59:59,6568.57,-9416.75,69,61,reconciliation_analysis\2023\bank_statement_pdfs\ACC0079175_202312_202405_6M_statement.pdf,ISO20022_CAMT053_XML,reconciliation_analysis\2023\bank_statement_source_files\iso20022_camt053_xml\ACC0079175_202312_202405_6M_statement.xml
RECON-202312-ACC0079176-6M,ACC0079176,IND23012407,Keystone Retail Bank,242205270791764,6,2023-12-01,2024-05-31 23:59:59,14802.88,14278.82,12,0,reconciliation_analysis\2023\bank_statement_pdfs\ACC0079176_202312_202405_6M_statement.pdf,TXT,reconciliation_analysis\2023\bank_statement_source_files\txt\ACC0079176_202312_202405_6M_statement.txt
RECON-202312-ACC0079177-6M,ACC0079177,IND23012407,Keystone Retail Bank,242205280791772,6,2023-12-01,2024-05-31 23:59:59,2384.06,1787.18,13,0,reconciliation_analysis\2023\bank_statement_pdfs\ACC0079177_202312_202405_6M_statement.pdf,ISO20022_CAMT053_XML,reconciliation_analysis\2023\bank_statement_source_files\iso20022_camt053_xml\ACC0079177_202312_202405_6M_statement.xml
RECON-202312-ACC0079178-6M,ACC0079178,IND23011269,Keystone Retail Bank,172005270791783,6,2023-12-01,2024-05-31 23:59:59,12723.07,12173.35,14,0,reconciliation_analysis\2023\bank_statement_pdfs\ACC0079178_202312_202405_6M_statement.pdf,ISO20022_CAMT053_XML,reconciliation_analysis\2023\bank_statement_source_files\iso20022_camt053_xml\ACC0079178_202312_202405_6M_statement.xml
RECON-202312-ACC0079179-6M,ACC0079179,IND23011269,Keystone Retail Bank,172005010791792,6,2023-12-01,2024-05-31 23:59:59,4945.93,4273.05,10,0,reconciliation_analysis\2023\bank_statement_pdfs\ACC0079179_202312_202405_6M_statement.pdf,CSV,reconciliation_analysis\2023\bank_statement_source_files\csv\ACC0079179_202312_202405_6M_statement.csv
RECON-202312-ACC0079180-3M,ACC0079180,IND23010012,Keystone Retail Bank,221426020791804,3,2023-12-01,2024-02-29 23:59:59,2178.81,-23943.73,73,67,reconciliation_analysis\2023\bank_statement_pdfs\ACC0079180_202312_202402_3M_statement.pdf,CSV,reconciliation_analysis\2023\bank_statement_source_files\csv\ACC0079180_202312_202402_3M_statement.csv
RECON-202312-ACC0079181-3M,ACC0079181,IND23013943,Keystone Retail Bank,175505280791816,3,2023-12-01,2024-02-29 23:59:59,17747.99,17563.56,6,0,reconciliation_analysis\2023\bank_statement_pdfs\ACC0079181_202312_202402_3M_statement.pdf,CSV,reconciliation_analysis\2023\bank_statement_source_files\csv\ACC0079181_202312_202402_3M_statement.csv
RECON-202312-ACC0079182-3M,ACC0079182,IND23005016,Keystone Retail Bank,255005010791821,3,2023-12-01,2024-02-29 23:59:59,7232.06,6783.62,6,0,reconciliation_analysis\2023\bank_statement_pdfs\ACC0079182_202312_202402_3M_statement.pdf,ISO20022_CAMT053_XML,reconciliation_analysis\2023\bank_statement_source_files\iso20022_camt053_xml\ACC0079182_202312_202402_3M_statement.xml
RECON-202312-ACC0079183-6M,ACC0079183,IND23006657,Keystone Retail Bank,632005270791830,6,2023-12-01,2024-05-31 23:59:59,7115.84,-26742.79,79,69,reconciliation_analysis\2023\bank_statement_pdfs\ACC0079183_202312_202405_6M_statement.pdf,ISO20022_CAMT053_XML,reconciliation_analysis\2023\bank_statement_source_files\iso20022_camt053_xml\ACC0079183_202312_202405_6M_statement.xml
RECON-202312-ACC0079184-6M,ACC0079184,IND23012600,Keystone Retail Bank,060110020791843,6,2023-12-01,2024-05-31 23:59:59,8758.37,-7478.84,71,59,reconciliation_analysis\2023\bank_statement_pdfs\ACC0079184_202312_202405_6M_statement.pdf,ISO20022_CAMT053_XML,reconciliation_analysis\2023\bank_statement_source_files\iso20022_camt053_xml\ACC0079184_202312_202405_6M_statement.xml
RECON-202312-ACC0079185-6M,ACC0079185,IND23014334,Keystone Retail Bank,134705010791857,6,2023-12-01,2024-05-31 23:59:59,5737.94,-7955.91,61,46,reconciliation_analysis\2023\bank_statement_pdfs\ACC0079185_202312_202405_6M_statement.pdf,ISO20022_CAMT053_XML,reconciliation_analysis\2023\bank_statement_source_files\iso20022_camt053_xml\ACC0079185_202312_202405_6M_statement.xml
RECON-202312-ACC0079186-6M,ACC0079186,IND23014166,Keystone Retail Bank,204109280791868,6,2023-12-01,2024-05-31 23:59:59,7151.16,-9009.06,58,48,reconciliation_analysis\2023\bank_statement_pdfs\ACC0079186_202312_202405_6M_statement.pdf,CSV,reconciliation_analysis\2023\bank_statement_source_files\csv\ACC0079186_202312_202405_6M_statement.csv
RECON-202312-ACC0079187-6M,ACC0079187,IND23008518,Keystone Retail Bank,280605020791876,6,2023-12-01,2024-05-31 23:59:59,11080.32,-16017.71,80,69,reconciliation_analysis\2023\bank_statement_pdfs\ACC0079187_202312_202405_6M_statement.pdf,TXT,reconciliation_analysis\2023\bank_statement_source_files\txt\ACC0079187_202312_202405_6M_statement.txt
RECON-202312-ACC0079189-6M,ACC0079189,IND23005933,Keystone Retail Bank,231705010791897,6,2023-12-01,2024-05-31 23:59:59,7975.53,-7505.4,53,44,reconciliation_analysis\2023\bank_statement_pdfs\ACC0079189_202312_202405_6M_statement.pdf,CSV,reconciliation_analysis\2023\bank_statement_source_files\csv\ACC0079189_202312_202405_6M_statement.csv
RECON-202312-ACC0079190-6M,ACC0079190,IND23014654,Keystone Retail Bank,280505030791901,6,2023-12-01,2024-05-31 23:59:59,12774.01,-11845.61,63,51,reconciliation_analysis\2023\bank_statement_pdfs\ACC0079190_202312_202405_6M_statement.pdf,CSV,reconciliation_analysis\2023\bank_statement_source_files\csv\ACC0079190_202312_202405_6M_statement.csv
RECON-202312-ACC0079191-3M,ACC0079191,IND23005717,Keystone Retail Bank,050210030791913,3,2023-12-01,2024-02-29 23:59:59,8771.99,8464.64,6,0,reconciliation_analysis\2023\bank_statement_pdfs\ACC0079191_202312_202402_3M_statement.pdf,CSV,reconciliation_analysis\2023\bank_statement_source_files\csv\ACC0079191_202312_202402_3M_statement.csv
RECON-202312-ACC0079192-3M,ACC0079192,IND23002729,Keystone Retail Bank,224705020791926,3,2023-12-01,2024-02-29 23:59:59,2785.3,2478.44,7,0,reconciliation_analysis\2023\bank_statement_pdfs\ACC0079192_202312_202402_3M_statement.pdf,ISO20022_CAMT053_XML,reconciliation_analysis\2023\bank_statement_source_files\iso20022_camt053_xml\ACC0079192_202312_202402_3M_statement.xml
RECON-202312-ACC0079193-6M,ACC0079193,IND23000548,Keystone Retail Bank,250955030791937,6,2023-12-01,2024-05-31 23:59:59,8785.98,-30775.21,80,73,reconciliation_analysis\2023\bank_statement_pdfs\ACC0079193_202312_202405_6M_statement.pdf,ISO20022_CAMT053_XML,reconciliation_analysis\2023\bank_statement_source_files\iso20022_camt053_xml\ACC0079193_202312_202405_6M_statement.xml
RECON-202312-ACC0079194-3M,ACC0079194,IND23002329,Keystone Retail Bank,168205270791940,3,2023-12-01,2024-02-29 23:59:59,6259.22,-11869.12,67,61,reconciliation_analysis\2023\bank_statement_pdfs\ACC0079194_202312_202402_3M_statement.pdf,ISO20022_CAMT053_XML,reconciliation_analysis\2023\bank_statement_source_files\iso20022_camt053_xml\ACC0079194_202312_202402_3M_statement.xml
RECON-202312-ACC0079195-6M,ACC0079195,IND23007593,Keystone Retail Bank,051001030791950,6,2023-12-01,2024-05-31 23:59:59,14921.42,14280.28,12,0,reconciliation_analysis\2023\bank_statement_pdfs\ACC0079195_202312_202405_6M_statement.pdf,ISO20022_CAMT053_XML,reconciliation_analysis\2023\bank_statement_source_files\iso20022_camt053_xml\ACC0079195_202312_202405_6M_statement.xml
RECON-202312-ACC0079196-3M,ACC0079196,IND23005039,Keystone Retail Bank,255005030791963,3,2023-12-01,2024-02-29 23:59:59,15729.7,15168.48,6,0,reconciliation_analysis\2023\bank_statement_pdfs\ACC0079196_202312_202402_3M_statement.pdf,CSV,reconciliation_analysis\2023\bank_statement_source_files\csv\ACC0079196_202312_202402_3M_statement.csv
RECON-202312-ACC0079197-3M,ACC0079197,IND23002561,Keystone Retail Bank,172005010791970,3,2023-12-01,2024-02-29 23:59:59,1347.11,1167.64,4,0,reconciliation_analysis\2023\bank_statement_pdfs\ACC0079197_202312_202402_3M_statement.pdf,ISO20022_CAMT053_XML,reconciliation_analysis\2023\bank_statement_source_files\iso20022_camt053_xml\ACC0079197_202312_202402_3M_statement.xml
RECON-202312-ACC0079198-6M,ACC0079198,IND23012737,Keystone Retail Bank,198775020791983,6,2023-12-01,2024-05-31 23:59:59,9314.91,-11198.43,57,46,reconciliation_analysis\2023\bank_statement_pdfs\ACC0079198_202312_202405_6M_statement.pdf,CSV,reconciliation_analysis\2023\bank_statement_source_files\csv\ACC0079198_202312_202405_6M_statement.csv
RECON-202312-ACC0079199-6M,ACC0079199,IND23014172,Keystone Retail Bank,188205030791991,6,2023-12-01,2024-05-31 23:59:59,4848.66,-13646.76,57,46,reconciliation_analysis\2023\bank_statement_pdfs\ACC0079199_202312_202405_6M_statement.pdf,CSV,reconciliation_analysis\2023\bank_statement_source_files\csv\ACC0079199_202312_202405_6M_statement.csv
RECON-202312-ACC0079200-6M,ACC0079200,IND23011653,Keystone Retail Bank,430110280792007,6,2023-12-01,2024-05-31 23:59:59,3478.9,-9636.98,77,67,reconciliation_analysis\2023\bank_statement_pdfs\ACC0079200_202312_202405_6M_statement.pdf,ISO20022_CAMT053_XML,reconciliation_analysis\2023\bank_statement_source_files\iso20022_camt053_xml\ACC0079200_202312_202405_6M_statement.xml
RECON-202312-ACC0079201-3M,ACC0079201,IND23004554,Keystone Retail Bank,261050030792017,3,2023-12-01,2024-02-29 23:59:59,11303.48,-31021.22,72,65,reconciliation_analysis\2023\bank_statement_pdfs\ACC0079201_202312_202402_3M_statement.pdf,CSV,reconciliation_analysis\2023\bank_statement_source_files\csv\ACC0079201_202312_202402_3M_statement.csv
RECON-202312-ACC0079202-3M,ACC0079202,IND23004554,Keystone Retail Bank,261050270792028,3,2023-12-01,2024-02-29 23:59:59,15972.12,15631.96,4,0,reconciliation_analysis\2023\bank_statement_pdfs\ACC0079202_202312_202402_3M_statement.pdf,CSV,reconciliation_analysis\2023\bank_statement_source_files\csv\ACC0079202_202312_202402_3M_statement.csv
RECON-202312-ACC0079203-6M,ACC0079203,IND23001108,Keystone Retail Bank,250955270792036,6,2023-12-01,2024-05-31 23:59:59,8732.17,8225.46,11,0,reconciliation_analysis\2023\bank_statement_pdfs\ACC0079203_202312_202405_6M_statement.pdf,ISO20022_CAMT053_XML,reconciliation_analysis\2023\bank_statement_source_files\iso20022_camt053_xml\ACC0079203_202312_202405_6M_statement.xml
RECON-202312-ACC0079204-3M,ACC0079204,IND23001108,Keystone Retail Bank,250955270792045,3,2023-12-01,2024-02-29 23:59:59,14175.54,13940.57,5,0,reconciliation_analysis\2023\bank_statement_pdfs\ACC0079204_202312_202402_3M_statement.pdf,CSV,reconciliation_analysis\2023\bank_statement_source_files\csv\ACC0079204_202312_202402_3M_statement.csv
RECON-202312-ACC0079205-6M,ACC0079205,IND23008780,Keystone Retail Bank,221526020792053,6,2023-12-01,2024-05-31 23:59:59,10319.9,-9961.55,71,60,reconciliation_analysis\2023\bank_statement_pdfs\ACC0079205_202312_202405_6M_statement.pdf,TXT,reconciliation_analysis\2023\bank_statement_source_files\txt\ACC0079205_202312_202405_6M_statement.txt
RECON-202312-ACC0079206-3M,ACC0079206,IND23012499,Keystone Retail Bank,018505010792069,3,2023-12-01,2024-02-29 23:59:59,3024.86,-20566.48,65,60,reconciliation_analysis\2023\bank_statement_pdfs\ACC0079206_202312_202402_3M_statement.pdf,ISO20022_CAMT053_XML,reconciliation_analysis\2023\bank_statement_source_files\iso20022_camt053_xml\ACC0079206_202312_202402_3M_statement.xml
RECON-202312-ACC0079207-6M,ACC0079207,IND23001871,Keystone Retail Bank,270555280792073,6,2023-12-01,2024-05-31 23:59:59,7160.58,-21131.77,83,70,reconciliation_analysis\2023\bank_statement_pdfs\ACC0079207_202312_202405_6M_statement.pdf,CSV,reconciliation_analysis\2023\bank_statement_source_files\csv\ACC0079207_202312_202405_6M_statement.csv
RECON-202312-ACC0079208-6M,ACC0079208,IND23001610,Keystone Retail Bank,470010270792087,6,2023-12-01,2024-05-31 23:59:59,14341.81,-1428.3,75,62,reconciliation_analysis\2023\bank_statement_pdfs\ACC0079208_202312_202405_6M_statement.pdf,ISO20022_CAMT053_XML,reconciliation_analysis\2023\bank_statement_source_files\iso20022_camt053_xml\ACC0079208_202312_202405_6M_statement.xml
RECON-202312-ACC0079209-6M,ACC0079209,IND23012346,Keystone Retail Bank,224705020792096,6,2023-12-01,2024-05-31 23:59:59,7972.91,10588.61,12,0,reconciliation_analysis\2023\bank_statement_pdfs\ACC0079209_202312_202405_6M_statement.pdf,ISO20022_CAMT053_XML,reconciliation_analysis\2023\bank_statement_source_files\iso20022_camt053_xml\ACC0079209_202312_202405_6M_statement.xml
RECON-202312-ACC0079210-3M,ACC0079210,IND23007179,Keystone Retail Bank,221526020792106,3,2023-12-01,2024-02-29 23:59:59,14491.52,-1790.09,62,57,reconciliation_analysis\2023\bank_statement_pdfs\ACC0079210_202312_202402_3M_statement.pdf,CSV,reconciliation_analysis\2023\bank_statement_source_files\csv\ACC0079210_202312_202402_3M_statement.csv
RECON-202312-ACC0079211-3M,ACC0079211,IND23013116,Keystone Retail Bank,261550020792111,3,2023-12-01,2024-02-29 23:59:59,10828.77,471.72,60,53,reconciliation_analysis\2023\bank_statement_pdfs\ACC0079211_202312_202402_3M_statement.pdf,TXT,reconciliation_analysis\2023\bank_statement_source_files\txt\ACC0079211_202312_202402_3M_statement.txt
RECON-202312-ACC0079213-3M,ACC0079213,IND23014268,Keystone Retail Bank,125405270792134,3,2023-12-01,2024-02-29 23:59:59,8953.05,-6959.66,49,45,reconciliation_analysis\2023\bank_statement_pdfs\ACC0079213_202312_202402_3M_statement.pdf,CSV,reconciliation_analysis\2023\bank_statement_source_files\csv\ACC0079213_202312_202402_3M_statement.csv
RECON-202312-ACC0079214-6M,ACC0079214,IND23014827,Keystone Retail Bank,121317280792147,6,2023-12-01,2024-05-31 23:59:59,1146.46,-31572.14,62,56,reconciliation_analysis\2023\bank_statement_pdfs\ACC0079214_202312_202405_6M_statement.pdf,ISO20022_CAMT053_XML,reconciliation_analysis\2023\bank_statement_source_files\iso20022_camt053_xml\ACC0079214_202312_202405_6M_statement.xml
RECON-202312-ACC0079215-3M,ACC0079215,IND23003845,Keystone Retail Bank,134605270792151,3,2023-12-01,2024-02-29 23:59:59,4655.39,4051.82,6,0,reconciliation_analysis\2023\bank_statement_pdfs\ACC0079215_202312_202402_3M_statement.pdf,CSV,reconciliation_analysis\2023\bank_statement_source_files\csv\ACC0079215_202312_202402_3M_statement.csv
RECON-202312-ACC0079217-3M,ACC0079217,IND23001375,Keystone Retail Bank,175605280792172,3,2023-12-01,2024-02-29 23:59:59,5155.95,4809.04,6,0,reconciliation_analysis\2023\bank_statement_pdfs\ACC0079217_202312_202402_3M_statement.pdf,ISO20022_CAMT053_XML,reconciliation_analysis\2023\bank_statement_source_files\iso20022_camt053_xml\ACC0079217_202312_202402_3M_statement.xml
RECON-202312-ACC0079218-6M,ACC0079218,IND23000439,Keystone Retail Bank,250655280792181,6,2023-12-01,2024-05-31 23:59:59,1721.36,815.37,13,0,reconciliation_analysis\2023\bank_statement_pdfs\ACC0079218_202312_202405_6M_statement.pdf,CSV,reconciliation_analysis\2023\bank_statement_source_files\csv\ACC0079218_202312_202405_6M_statement.csv
RECON-202312-ACC0079220-3M,ACC0079220,IND23006939,Keystone Retail Bank,238705270792203,3,2023-12-01,2024-02-29 23:59:59,2591.33,2297.29,6,0,reconciliation_analysis\2023\bank_statement_pdfs\ACC0079220_202312_202402_3M_statement.pdf,CSV,reconciliation_analysis\2023\bank_statement_source_files\csv\ACC0079220_202312_202402_3M_statement.csv
RECON-202312-ACC0079221-6M,ACC0079221,IND23007505,Keystone Retail Bank,025009020792215,6,2023-12-01,2024-05-31 23:59:59,12638.49,12003.87,10,0,reconciliation_analysis\2023\bank_statement_pdfs\ACC0079221_202312_202405_6M_statement.pdf,CSV,reconciliation_analysis\2023\bank_statement_source_files\csv\ACC0079221_202312_202405_6M_statement.csv
RECON-202312-ACC0079222-3M,ACC0079222,IND23002526,Keystone Retail Bank,430010020792222,3,2023-12-01,2024-02-29 23:59:59,2810.89,-31818.5,84,75,reconciliation_analysis\2023\bank_statement_pdfs\ACC0079222_202312_202402_3M_statement.pdf,ISO20022_CAMT053_XML,reconciliation_analysis\2023\bank_statement_source_files\iso20022_camt053_xml\ACC0079222_202312_202402_3M_statement.xml
RECON-202312-ACC0079223-6M,ACC0079223,IND23007317,Keystone Retail Bank,060110030792234,6,2023-12-01,2024-05-31 23:59:59,12870.77,11732.32,14,0,reconciliation_analysis\2023\bank_statement_pdfs\ACC0079223_202312_202405_6M_statement.pdf,ISO20022_CAMT053_XML,reconciliation_analysis\2023\bank_statement_source_files\iso20022_camt053_xml\ACC0079223_202312_202405_6M_statement.xml
RECON-202312-ACC0079224-6M,ACC0079224,IND23011001,Keystone Retail Bank,231805010792242,6,2023-12-01,2024-05-31 23:59:59,13167.94,-15768.06,94,81,reconciliation_analysis\2023\bank_statement_pdfs\ACC0079224_202312_202405_6M_statement.pdf,CSV,reconciliation_analysis\2023\bank_statement_source_files\csv\ACC0079224_202312_202405_6M_statement.csv
RECON-202312-ACC0079226-3M,ACC0079226,IND23014211,Keystone Retail Bank,463105020792265,3,2023-12-01,2024-02-29 23:59:59,3147.07,5557.28,6,0,reconciliation_analysis\2023\bank_statement_pdfs\ACC0079226_202312_202402_3M_statement.pdf,CSV,reconciliation_analysis\2023\bank_statement_source_files\csv\ACC0079226_202312_202402_3M_statement.csv
RECON-202312-ACC0079227-6M,ACC0079227,IND23014327,Keystone Retail Bank,195105020792273,6,2023-12-01,2024-05-31 23:59:59,9311.14,8607.55,13,0,reconciliation_analysis\2023\bank_statement_pdfs\ACC0079227_202312_202405_6M_statement.pdf,ISO20022_CAMT053_XML,reconciliation_analysis\2023\bank_statement_source_files\iso20022_camt053_xml\ACC0079227_202312_202405_6M_statement.xml
RECON-202312-ACC0079228-6M,ACC0079228,IND23014082,Keystone Retail Bank,125505270792286,6,2023-12-01,2024-05-31 23:59:59,10739.52,-4897.42,83,75,reconciliation_analysis\2023\bank_statement_pdfs\ACC0079228_202312_202405_6M_statement.pdf,ISO20022_CAMT053_XML,reconciliation_analysis\2023\bank_statement_source_files\iso20022_camt053_xml\ACC0079228_202312_202405_6M_statement.xml
RECON-202312-ACC0079229-6M,ACC0079229,IND23014439,Keystone Retail Bank,051001280792290,6,2023-12-01,2024-05-31 23:59:59,4422.53,3500.62,13,0,reconciliation_analysis\2023\bank_statement_pdfs\ACC0079229_202312_202405_6M_statement.pdf,CSV,reconciliation_analysis\2023\bank_statement_source_files\csv\ACC0079229_202312_202405_6M_statement.csv
RECON-202312-ACC0079230-3M,ACC0079230,IND23002891,Keystone Retail Bank,012345020792304,3,2023-12-01,2024-02-29 23:59:59,17418.3,17074.59,7,0,reconciliation_analysis\2023\bank_statement_pdfs\ACC0079230_202312_202402_3M_statement.pdf,CSV,reconciliation_analysis\2023\bank_statement_source_files\csv\ACC0079230_202312_202402_3M_statement.csv
RECON-202312-ACC0079233-6M,ACC0079233,IND23002987,Keystone Retail Bank,221426020792330,6,2023-12-01,2024-05-31 23:59:59,3050.9,2425.53,12,0,reconciliation_analysis\2023\bank_statement_pdfs\ACC0079233_202312_202405_6M_statement.pdf,ISO20022_CAMT053_XML,reconciliation_analysis\2023\bank_statement_source_files\iso20022_camt053_xml\ACC0079233_202312_202405_6M_statement.xml
RECON-202312-ACC0079234-3M,ACC0079234,IND23009096,Keystone Retail Bank,198765270792341,3,2023-12-01,2024-02-29 23:59:59,11396.63,-12670.2,77,71,reconciliation_analysis\2023\bank_statement_pdfs\ACC0079234_202312_202402_3M_statement.pdf,ISO20022_CAMT053_XML,reconciliation_analysis\2023\bank_statement_source_files\iso20022_camt053_xml\ACC0079234_202312_202402_3M_statement.xml
RECON-202312-ACC0079236-3M,ACC0079236,IND23012100,Keystone Retail Bank,270555030792367,3,2023-12-01,2024-02-29 23:59:59,3172.01,2844.17,5,0,reconciliation_analysis\2023\bank_statement_pdfs\ACC0079236_202312_202402_3M_statement.pdf,CSV,reconciliation_analysis\2023\bank_statement_source_files\csv\ACC0079236_202312_202402_3M_statement.csv
RECON-202312-ACC0079238-6M,ACC0079238,IND23014781,Keystone Retail Bank,125505010792384,6,2023-12-01,2024-05-31 23:59:59,5482.27,-13430.26,56,45,reconciliation_analysis\2023\bank_statement_pdfs\ACC0079238_202312_202405_6M_statement.pdf,CSV,reconciliation_analysis\2023\bank_statement_source_files\csv\ACC0079238_202312_202405_6M_statement.csv
RECON-202312-ACC0079239-3M,ACC0079239,IND23012398,Keystone Retail Bank,430010020792393,3,2023-12-01,2024-02-29 23:59:59,9157.51,-14398.69,89,82,reconciliation_analysis\2023\bank_statement_pdfs\ACC0079239_202312_202402_3M_statement.pdf,ISO20022_CAMT053_XML,reconciliation_analysis\2023\bank_statement_source_files\iso20022_camt053_xml\ACC0079239_202312_202402_3M_statement.xml
RECON-202312-ACC0079240-3M,ACC0079240,IND23009091,Keystone Retail Bank,430010030792409,3,2023-12-01,2024-02-29 23:59:59,14031.39,14494.52,9,0,reconciliation_analysis\2023\bank_statement_pdfs\ACC0079240_202312_202402_3M_statement.pdf,ISO20022_CAMT053_XML,reconciliation_analysis\2023\bank_statement_source_files\iso20022_camt053_xml\ACC0079240_202312_202402_3M_statement.xml
RECON-202312-ACC0079241-3M,ACC0079241,IND23001136,Keystone Retail Bank,168305030792419,3,2023-12-01,2024-02-29 23:59:59,12010.14,-1063.51,54,50,reconciliation_analysis\2023\bank_statement_pdfs\ACC0079241_202312_202402_3M_statement.pdf,ISO20022_CAMT053_XML,reconciliation_analysis\2023\bank_statement_source_files\iso20022_camt053_xml\ACC0079241_202312_202402_3M_statement.xml
RECON-202312-ACC0079242-6M,ACC0079242,IND23006483,Keystone Retail Bank,261050270792420,6,2023-12-01,2024-05-31 23:59:59,11339.39,-21103.36,76,66,reconciliation_analysis\2023\bank_statement_pdfs\ACC0079242_202312_202405_6M_statement.pdf,ISO20022_CAMT053_XML,reconciliation_analysis\2023\bank_statement_source_files\iso20022_camt053_xml\ACC0079242_202312_202405_6M_statement.xml
RECON-202312-ACC0079243-3M,ACC0079243,IND23006483,Keystone Retail Bank,261050010792439,3,2023-12-01,2024-02-29 23:59:59,1443.65,1255.33,5,0,reconciliation_analysis\2023\bank_statement_pdfs\ACC0079243_202312_202402_3M_statement.pdf,CSV,reconciliation_analysis\2023\bank_statement_source_files\csv\ACC0079243_202312_202402_3M_statement.csv
RECON-202312-ACC0079245-3M,ACC0079245,IND23005805,Keystone Retail Bank,012345020792457,3,2023-12-01,2024-02-29 23:59:59,4023.87,-5733.33,72,67,reconciliation_analysis\2023\bank_statement_pdfs\ACC0079245_202312_202402_3M_statement.pdf,ISO20022_CAMT053_XML,reconciliation_analysis\2023\bank_statement_source_files\iso20022_camt053_xml\ACC0079245_202312_202402_3M_statement.xml
RECON-202312-ACC0079246-6M,ACC0079246,IND23009917,Keystone Retail Bank,121417030792467,6,2023-12-01,2024-05-31 23:59:59,15927.4,15080.79,13,0,reconciliation_analysis\2023\bank_statement_pdfs\ACC0079246_202312_202405_6M_statement.pdf,ISO20022_CAMT053_XML,reconciliation_analysis\2023\bank_statement_source_files\iso20022_camt053_xml\ACC0079246_202312_202405_6M_statement.xml
RECON-202312-ACC0079247-6M,ACC0079247,IND23007014,Keystone Retail Bank,250655270792477,6,2023-12-01,2024-05-31 23:59:59,6818.37,6331.77,9,0,reconciliation_analysis\2023\bank_statement_pdfs\ACC0079247_202312_202405_6M_statement.pdf,CSV,reconciliation_analysis\2023\bank_statement_source_files\csv\ACC0079247_202312_202405_6M_statement.csv
RECON-202312-ACC0079248-3M,ACC0079248,IND23013938,Keystone Retail Bank,430110010792482,3,2023-12-01,2024-02-29 23:59:59,5879.3,-17929.11,59,52,reconciliation_analysis\2023\bank_statement_pdfs\ACC0079248_202312_202402_3M_statement.pdf,TXT,reconciliation_analysis\2023\bank_statement_source_files\txt\ACC0079248_202312_202402_3M_statement.txt
RECON-202312-ACC0079250-3M,ACC0079250,IND23013878,Keystone Retail Bank,203805030792507,3,2023-12-01,2024-02-29 23:59:59,1124.7,1004.89,7,0,reconciliation_analysis\2023\bank_statement_pdfs\ACC0079250_202312_202402_3M_statement.pdf,ISO20022_CAMT053_XML,reconciliation_analysis\2023\bank_statement_source_files\iso20022_camt053_xml\ACC0079250_202312_202402_3M_statement.xml
RECON-202312-ACC0079251-3M,ACC0079251,IND23014252,Keystone Retail Bank,221426020792518,3,2023-12-01,2024-02-29 23:59:59,8657.05,-4349.45,41,38,reconciliation_analysis\2023\bank_statement_pdfs\ACC0079251_202312_202402_3M_statement.pdf,ISO20022_CAMT053_XML,reconciliation_analysis\2023\bank_statement_source_files\iso20022_camt053_xml\ACC0079251_202312_202402_3M_statement.xml
RECON-202312-ACC0079252-3M,ACC0079252,IND23003116,Keystone Retail Bank,150105270792527,3,2023-12-01,2024-02-29 23:59:59,4146.77,3863.77,6,0,reconciliation_analysis\2023\bank_statement_pdfs\ACC0079252_202312_202402_3M_statement.pdf,ISO20022_CAMT053_XML,reconciliation_analysis\2023\bank_statement_source_files\iso20022_camt053_xml\ACC0079252_202312_202402_3M_statement.xml
RECON-202312-ACC0079253-6M,ACC0079253,IND23008728,Keystone Retail Bank,280505020792536,6,2023-12-01,2024-05-31 23:59:59,6674.39,6216.9,11,0,reconciliation_analysis\2023\bank_statement_pdfs\ACC0079253_202312_202405_6M_statement.pdf,ISO20022_CAMT053_XML,reconciliation_analysis\2023\bank_statement_source_files\iso20022_camt053_xml\ACC0079253_202312_202405_6M_statement.xml
RECON-202312-ACC0079254-6M,ACC0079254,IND23002193,Keystone Retail Bank,050310020792547,6,2023-12-01,2024-05-31 23:59:59,6888.35,6168.0,12,0,reconciliation_analysis\2023\bank_statement_pdfs\ACC0079254_202312_202405_6M_statement.pdf,ISO20022_CAMT053_XML,reconciliation_analysis\2023\bank_statement_source_files\iso20022_camt053_xml\ACC0079254_202312_202405_6M_statement.xml
RECON-202312-ACC0079255-3M,ACC0079255,IND23003665,Keystone Retail Bank,172005020792558,3,2023-12-01,2024-02-29 23:59:59,2747.92,2521.38,6,0,reconciliation_analysis\2023\bank_statement_pdfs\ACC0079255_202312_202402_3M_statement.pdf,ISO20022_CAMT053_XML,reconciliation_analysis\2023\bank_statement_source_files\iso20022_camt053_xml\ACC0079255_202312_202402_3M_statement.xml
RECON-202312-ACC0079256-6M,ACC0079256,IND23008353,Keystone Retail Bank,255005270792562,6,2023-12-01,2024-05-31 23:59:59,13618.19,12704.12,11,0,reconciliation_analysis\2023\bank_statement_pdfs\ACC0079256_202312_202405_6M_statement.pdf,ISO20022_CAMT053_XML,reconciliation_analysis\2023\bank_statement_source_files\iso20022_camt053_xml\ACC0079256_202312_202405_6M_statement.xml
RECON-202312-ACC0079257-6M,ACC0079257,IND23004265,Keystone Retail Bank,204109030792571,6,2023-12-01,2024-05-31 23:59:59,5548.95,-18222.02,87,78,reconciliation_analysis\2023\bank_statement_pdfs\ACC0079257_202312_202405_6M_statement.pdf,ISO20022_CAMT053_XML,reconciliation_analysis\2023\bank_statement_source_files\iso20022_camt053_xml\ACC0079257_202312_202405_6M_statement.xml
RECON-202312-ACC0079258-6M,ACC0079258,IND23001742,Keystone Retail Bank,191705030792587,6,2023-12-01,2024-05-31 23:59:59,1970.04,1237.81,13,0,reconciliation_analysis\2023\bank_statement_pdfs\ACC0079258_202312_202405_6M_statement.pdf,ISO20022_CAMT053_XML,reconciliation_analysis\2023\bank_statement_source_files\iso20022_camt053_xml\ACC0079258_202312_202405_6M_statement.xml
RECON-202312-ACC0079259-3M,ACC0079259,IND23014715,Keystone Retail Bank,463105270792597,3,2023-12-01,2024-02-29 23:59:59,13043.91,-2278.67,58,52,reconciliation_analysis\2023\bank_statement_pdfs\ACC0079259_202312_202402_3M_statement.pdf,ISO20022_CAMT053_XML,reconciliation_analysis\2023\bank_statement_source_files\iso20022_camt053_xml\ACC0079259_202312_202402_3M_statement.xml
RECON-202312-ACC0079260-6M,ACC0079260,IND23013188,Keystone Retail Bank,125405020792606,6,2023-12-01,2024-05-31 23:59:59,9631.74,1092.88,61,50,reconciliation_analysis\2023\bank_statement_pdfs\ACC0079260_202312_202405_6M_statement.pdf,CSV,reconciliation_analysis\2023\bank_statement_source_files\csv\ACC0079260_202312_202405_6M_statement.csv
RECON-202312-ACC0079261-3M,ACC0079261,IND23014460,Keystone Retail Bank,632005030792613,3,2023-12-01,2024-02-29 23:59:59,9688.53,-6723.35,55,49,reconciliation_analysis\2023\bank_statement_pdfs\ACC0079261_202312_202402_3M_statement.pdf,CSV,reconciliation_analysis\2023\bank_statement_source_files\csv\ACC0079261_202312_202402_3M_statement.csv
RECON-202312-ACC0079262-3M,ACC0079262,IND23000252,Keystone Retail Bank,221205270792623,3,2023-12-01,2024-02-29 23:59:59,4215.45,-17996.38,77,72,reconciliation_analysis\2023\bank_statement_pdfs\ACC0079262_202312_202402_3M_statement.pdf,TXT,reconciliation_analysis\2023\bank_statement_source_files\txt\ACC0079262_202312_202402_3M_statement.txt
RECON-202312-ACC0079263-3M,ACC0079263,IND23010387,Keystone Retail Bank,463105280792630,3,2023-12-01,2024-02-29 23:59:59,6844.06,6531.49,6,0,reconciliation_analysis\2023\bank_statement_pdfs\ACC0079263_202312_202402_3M_statement.pdf,ISO20022_CAMT053_XML,reconciliation_analysis\2023\bank_statement_source_files\iso20022_camt053_xml\ACC0079263_202312_202402_3M_statement.xml
RECON-202312-ACC0079264-6M,ACC0079264,IND23013415,Keystone Retail Bank,214305020792644,6,2023-12-01,2024-05-31 23:59:59,4909.73,-7812.23,70,56,reconciliation_analysis\2023\bank_statement_pdfs\ACC0079264_202312_202405_6M_statement.pdf,ISO20022_CAMT053_XML,reconciliation_analysis\2023\bank_statement_source_files\iso20022_camt053_xml\ACC0079264_202312_202405_6M_statement.xml
RECON-202312-ACC0079265-6M,ACC0079265,IND23002129,Keystone Retail Bank,510255280792656,6,2023-12-01,2024-05-31 23:59:59,8000.53,-28875.33,86,76,reconciliation_analysis\2023\bank_statement_pdfs\ACC0079265_202312_202405_6M_statement.pdf,TXT,reconciliation_analysis\2023\bank_statement_source_files\txt\ACC0079265_202312_202405_6M_statement.txt
RECON-202312-ACC0079266-3M,ACC0079266,IND23003346,Keystone Retail Bank,255005030792668,3,2023-12-01,2024-02-29 23:59:59,11453.95,11035.57,5,0,reconciliation_analysis\2023\bank_statement_pdfs\ACC0079266_202312_202402_3M_statement.pdf,TXT,reconciliation_analysis\2023\bank_statement_source_files\txt\ACC0079266_202312_202402_3M_statement.txt
RECON-202312-ACC0079267-3M,ACC0079267,IND23008229,Keystone Retail Bank,210705020792675,3,2023-12-01,2024-02-29 23:59:59,14443.37,-14050.53,94,87,reconciliation_analysis\2023\bank_statement_pdfs\ACC0079267_202312_202402_3M_statement.pdf,ISO20022_CAMT053_XML,reconciliation_analysis\2023\bank_statement_source_files\iso20022_camt053_xml\ACC0079267_202312_202402_3M_statement.xml
RECON-202312-ACC0079268-3M,ACC0079268,IND23009103,Keystone Retail Bank,214205280792681,3,2023-12-01,2024-02-29 23:59:59,6123.1,5882.75,6,0,reconciliation_analysis\2023\bank_statement_pdfs\ACC0079268_202312_202402_3M_statement.pdf,CSV,reconciliation_analysis\2023\bank_statement_source_files\csv\ACC0079268_202312_202402_3M_statement.csv
RECON-202312-ACC0079269-6M,ACC0079269,IND23010031,Keystone Retail Bank,210805280792692,6,2023-12-01,2024-05-31 23:59:59,6933.26,-11433.48,75,67,reconciliation_analysis\2023\bank_statement_pdfs\ACC0079269_202312_202405_6M_statement.pdf,CSV,reconciliation_analysis\2023\bank_statement_source_files\csv\ACC0079269_202312_202405_6M_statement.csv
RECON-202312-ACC0079270-6M,ACC0079270,IND23006369,Keystone Retail Bank,172005010792700,6,2023-12-01,2024-05-31 23:59:59,853.82,-8378.89,73,60,reconciliation_analysis\2023\bank_statement_pdfs\ACC0079270_202312_202405_6M_statement.pdf,CSV,reconciliation_analysis\2023\bank_statement_source_files\csv\ACC0079270_202312_202405_6M_statement.csv
RECON-202312-ACC0079272-6M,ACC0079272,IND23014835,Keystone Retail Bank,168205020792724,6,2023-12-01,2024-05-31 23:59:59,7112.99,-5782.15,55,43,reconciliation_analysis\2023\bank_statement_pdfs\ACC0079272_202312_202405_6M_statement.pdf,ISO20022_CAMT053_XML,reconciliation_analysis\2023\bank_statement_source_files\iso20022_camt053_xml\ACC0079272_202312_202405_6M_statement.xml
RECON-202312-ACC0079273-6M,ACC0079273,IND23008032,Keystone Retail Bank,051001020792736,6,2023-12-01,2024-05-31 23:59:59,11172.21,12579.1,15,0,reconciliation_analysis\2023\bank_statement_pdfs\ACC0079273_202312_202405_6M_statement.pdf,ISO20022_CAMT053_XML,reconciliation_analysis\2023\bank_statement_source_files\iso20022_camt053_xml\ACC0079273_202312_202405_6M_statement.xml
RECON-202312-ACC0079274-6M,ACC0079274,IND23003387,Keystone Retail Bank,012345030792741,6,2023-12-01,2024-05-31 23:59:59,903.5,71.48,13,0,reconciliation_analysis\2023\bank_statement_pdfs\ACC0079274_202312_202405_6M_statement.pdf,TXT,reconciliation_analysis\2023\bank_statement_source_files\txt\ACC0079274_202312_202405_6M_statement.txt
RECON-202312-ACC0079275-6M,ACC0079275,IND23003350,Keystone Retail Bank,175605270792753,6,2023-12-01,2024-05-31 23:59:59,10277.66,-16495.09,75,64,reconciliation_analysis\2023\bank_statement_pdfs\ACC0079275_202312_202405_6M_statement.pdf,CSV,reconciliation_analysis\2023\bank_statement_source_files\csv\ACC0079275_202312_202405_6M_statement.csv
RECON-202312-ACC0079276-3M,ACC0079276,IND23013658,Keystone Retail Bank,245805030792769,3,2023-12-01,2024-02-29 23:59:59,1773.15,-32052.92,67,61,reconciliation_analysis\2023\bank_statement_pdfs\ACC0079276_202312_202402_3M_statement.pdf,ISO20022_CAMT053_XML,reconciliation_analysis\2023\bank_statement_source_files\iso20022_camt053_xml\ACC0079276_202312_202402_3M_statement.xml
RECON-202312-ACC0079277-3M,ACC0079277,IND23013658,Keystone Retail Bank,245705010792771,3,2023-12-01,2024-02-29 23:59:59,8147.5,7950.87,6,0,reconciliation_analysis\2023\bank_statement_pdfs\ACC0079277_202312_202402_3M_statement.pdf,TXT,reconciliation_analysis\2023\bank_statement_source_files\txt\ACC0079277_202312_202402_3M_statement.txt
RECON-202312-ACC0079278-3M,ACC0079278,IND23012128,Keystone Retail Bank,261550030792781,3,2023-12-01,2024-02-29 23:59:59,2119.53,-8628.72,73,65,reconciliation_analysis\2023\bank_statement_pdfs\ACC0079278_202312_202402_3M_statement.pdf,CSV,reconciliation_analysis\2023\bank_statement_source_files\csv\ACC0079278_202312_202402_3M_statement.csv
RECON-202312-ACC0079279-3M,ACC0079279,IND23007621,Keystone Retail Bank,198765020792797,3,2023-12-01,2024-02-29 23:59:59,13444.33,13106.69,5,0,reconciliation_analysis\2023\bank_statement_pdfs\ACC0079279_202312_202402_3M_statement.pdf,CSV,reconciliation_analysis\2023\bank_statement_source_files\csv\ACC0079279_202312_202402_3M_statement.csv
RECON-202312-ACC0079280-3M,ACC0079280,IND23011722,Keystone Retail Bank,255005030792800,3,2023-12-01,2024-02-29 23:59:59,3649.11,2899.54,7,0,reconciliation_analysis\2023\bank_statement_pdfs\ACC0079280_202312_202402_3M_statement.pdf,ISO20022_CAMT053_XML,reconciliation_analysis\2023\bank_statement_source_files\iso20022_camt053_xml\ACC0079280_202312_202402_3M_statement.xml
RECON-202312-ACC0079281-3M,ACC0079281,IND23011722,Keystone Retail Bank,250655010792815,3,2023-12-01,2024-02-29 23:59:59,10433.35,9634.28,8,0,reconciliation_analysis\2023\bank_statement_pdfs\ACC0079281_202312_202402_3M_statement.pdf,CSV,reconciliation_analysis\2023\bank_statement_source_files\csv\ACC0079281_202312_202402_3M_statement.csv
RECON-202312-ACC0079282-3M,ACC0079282,IND23004126,Keystone Retail Bank,050910020792827,3,2023-12-01,2024-02-29 23:59:59,8795.99,-17929.23,65,60,reconciliation_analysis\2023\bank_statement_pdfs\ACC0079282_202312_202402_3M_statement.pdf,CSV,reconciliation_analysis\2023\bank_statement_source_files\csv\ACC0079282_202312_202402_3M_statement.csv
RECON-202312-ACC0079283-6M,ACC0079283,IND23014514,Keystone Retail Bank,134705280792837,6,2023-12-01,2024-05-31 23:59:59,6930.2,-7106.52,53,42,reconciliation_analysis\2023\bank_statement_pdfs\ACC0079283_202312_202405_6M_statement.pdf,CSV,reconciliation_analysis\2023\bank_statement_source_files\csv\ACC0079283_202312_202405_6M_statement.csv
RECON-202312-ACC0079284-3M,ACC0079284,IND23004702,Keystone Retail Bank,510255270792844,3,2023-12-01,2024-02-29 23:59:59,8586.64,-25648.68,73,66,reconciliation_analysis\2023\bank_statement_pdfs\ACC0079284_202312_202402_3M_statement.pdf,ISO20022_CAMT053_XML,reconciliation_analysis\2023\bank_statement_source_files\iso20022_camt053_xml\ACC0079284_202312_202402_3M_statement.xml
RECON-202312-ACC0079285-3M,ACC0079285,IND23008153,Keystone Retail Bank,050310270792851,3,2023-12-01,2024-02-29 23:59:59,4865.42,-25000.25,77,70,reconciliation_analysis\2023\bank_statement_pdfs\ACC0079285_202312_202402_3M_statement.pdf,ISO20022_CAMT053_XML,reconciliation_analysis\2023\bank_statement_source_files\iso20022_camt053_xml\ACC0079285_202312_202402_3M_statement.xml
RECON-202312-ACC0079286-6M,ACC0079286,IND23008153,Keystone Retail Bank,050310020792869,6,2023-12-01,2024-05-31 23:59:59,8267.43,7815.06,10,0,reconciliation_analysis\2023\bank_statement_pdfs\ACC0079286_202312_202405_6M_statement.pdf,ISO20022_CAMT053_XML,reconciliation_analysis\2023\bank_statement_source_files\iso20022_camt053_xml\ACC0079286_202312_202405_6M_statement.xml
RECON-202312-ACC0079287-6M,ACC0079287,IND23003093,Keystone Retail Bank,198765010792878,6,2023-12-01,2024-05-31 23:59:59,4208.23,-21424.87,84,71,reconciliation_analysis\2023\bank_statement_pdfs\ACC0079287_202312_202405_6M_statement.pdf,ISO20022_CAMT053_XML,reconciliation_analysis\2023\bank_statement_source_files\iso20022_camt053_xml\ACC0079287_202312_202405_6M_statement.xml
RECON-202312-ACC0079288-3M,ACC0079288,IND23000441,Keystone Retail Bank,221526270792885,3,2023-12-01,2024-02-29 23:59:59,8513.81,-4976.82,83,79,reconciliation_analysis\2023\bank_statement_pdfs\ACC0079288_202312_202402_3M_statement.pdf,ISO20022_CAMT053_XML,reconciliation_analysis\2023\bank_statement_source_files\iso20022_camt053_xml\ACC0079288_202312_202402_3M_statement.xml
RECON-202312-ACC0079289-6M,ACC0079289,IND23011098,Keystone Retail Bank,510255270792899,6,2023-12-01,2024-05-31 23:59:59,4520.91,-21859.38,58,48,reconciliation_analysis\2023\bank_statement_pdfs\ACC0079289_202312_202405_6M_statement.pdf,TXT,reconciliation_analysis\2023\bank_statement_source_files\txt\ACC0079289_202312_202405_6M_statement.txt
RECON-202312-ACC0079290-3M,ACC0079290,IND23004174,Keystone Retail Bank,125405270792901,3,2023-12-01,2024-02-29 23:59:59,10057.89,-24995.0,71,66,reconciliation_analysis\2023\bank_statement_pdfs\ACC0079290_202312_202402_3M_statement.pdf,ISO20022_CAMT053_XML,reconciliation_analysis\2023\bank_statement_source_files\iso20022_camt053_xml\ACC0079290_202312_202402_3M_statement.xml
RECON-202312-ACC0079291-6M,ACC0079291,IND23004250,Keystone Retail Bank,255005280792918,6,2023-12-01,2024-05-31 23:59:59,17199.46,16536.52,11,0,reconciliation_analysis\2023\bank_statement_pdfs\ACC0079291_202312_202405_6M_statement.pdf,ISO20022_CAMT053_XML,reconciliation_analysis\2023\bank_statement_source_files\iso20022_camt053_xml\ACC0079291_202312_202405_6M_statement.xml
RECON-202312-ACC0079292-3M,ACC0079292,IND23008305,Keystone Retail Bank,175605010792922,3,2023-12-01,2024-02-29 23:59:59,10661.74,10401.78,6,0,reconciliation_analysis\2023\bank_statement_pdfs\ACC0079292_202312_202402_3M_statement.pdf,CSV,reconciliation_analysis\2023\bank_statement_source_files\csv\ACC0079292_202312_202402_3M_statement.csv
RECON-202312-ACC0079293-6M,ACC0079293,IND23008715,Keystone Retail Bank,210805270792933,6,2023-12-01,2024-05-31 23:59:59,14101.49,-811.91,71,60,reconciliation_analysis\2023\bank_statement_pdfs\ACC0079293_202312_202405_6M_statement.pdf,CSV,reconciliation_analysis\2023\bank_statement_source_files\csv\ACC0079293_202312_202405_6M_statement.csv
RECON-202312-ACC0079294-6M,ACC0079294,IND23014739,Keystone Retail Bank,463005280792944,6,2023-12-01,2024-05-31 23:59:59,5743.87,5032.86,16,0,reconciliation_analysis\2023\bank_statement_pdfs\ACC0079294_202312_202405_6M_statement.pdf,ISO20022_CAMT053_XML,reconciliation_analysis\2023\bank_statement_source_files\iso20022_camt053_xml\ACC0079294_202312_202405_6M_statement.xml
RECON-202312-ACC0079295-3M,ACC0079295,IND23000851,Keystone Retail Bank,195105020792951,3,2023-12-01,2024-02-29 23:59:59,7216.72,-3801.19,60,56,reconciliation_analysis\2023\bank_statement_pdfs\ACC0079295_202312_202402_3M_statement.pdf,ISO20022_CAMT053_XML,reconciliation_analysis\2023\bank_statement_source_files\iso20022_camt053_xml\ACC0079295_202312_202402_3M_statement.xml
RECON-202312-ACC0079296-6M,ACC0079296,IND23014229,Keystone Retail Bank,255005020792963,6,2023-12-01,2024-05-31 23:59:59,9516.45,-11058.39,62,50,reconciliation_analysis\2023\bank_statement_pdfs\ACC0079296_202312_202405_6M_statement.pdf,ISO20022_CAMT053_XML,reconciliation_analysis\2023\bank_statement_source_files\iso20022_camt053_xml\ACC0079296_202312_202405_6M_statement.xml
RECON-202312-ACC0079297-3M,ACC0079297,COM23000183,Keystone Retail Bank,255005010792973,3,2023-12-01,2024-02-29 23:59:59,13528.46,-26382.8,75,69,reconciliation_analysis\2023\bank_statement_pdfs\ACC0079297_202312_202402_3M_statement.pdf,CSV,reconciliation_analysis\2023\bank_statement_source_files\csv\ACC0079297_202312_202402_3M_statement.csv
RECON-202312-ACC0079298-3M,ACC0079298,COM23000075,Keystone Retail Bank,255005280792981,3,2023-12-01,2024-02-29 23:59:59,15790.84,18302.7,5,0,reconciliation_analysis\2023\bank_statement_pdfs\ACC0079298_202312_202402_3M_statement.pdf,TXT,reconciliation_analysis\2023\bank_statement_source_files\txt\ACC0079298_202312_202402_3M_statement.txt
RECON-202312-ACC0079299-3M,ACC0079299,COM23000168,Keystone Retail Bank,250655270792995,3,2023-12-01,2024-02-29 23:59:59,17231.67,16758.11,5,0,reconciliation_analysis\2023\bank_statement_pdfs\ACC0079299_202312_202402_3M_statement.pdf,ISO20022_CAMT053_XML,reconciliation_analysis\2023\bank_statement_source_files\iso20022_camt053_xml\ACC0079299_202312_202402_3M_statement.xml
RECON-202312-ACC0079300-3M,ACC0079300,COM23000127,Keystone Retail Bank,051001030793001,3,2023-12-01,2024-02-29 23:59:59,3429.44,-40670.83,78,73,reconciliation_analysis\2023\bank_statement_pdfs\ACC0079300_202312_202402_3M_statement.pdf,TXT,reconciliation_analysis\2023\bank_statement_source_files\txt\ACC0079300_202312_202402_3M_statement.txt
RECON-202312-ACC0079301-3M,ACC0079301,COM23000120,Keystone Retail Bank,051001280793011,3,2023-12-01,2024-02-29 23:59:59,6431.84,-49455.98,90,85,reconciliation_analysis\2023\bank_statement_pdfs\ACC0079301_202312_202402_3M_statement.pdf,ISO20022_CAMT053_XML,reconciliation_analysis\2023\bank_statement_source_files\iso20022_camt053_xml\ACC0079301_202312_202402_3M_statement.xml
RECON-202312-ACC0079302-3M,ACC0079302,COM23000140,Keystone Retail Bank,250655270793029,3,2023-12-01,2024-02-29 23:59:59,14452.16,-32988.63,84,80,reconciliation_analysis\2023\bank_statement_pdfs\ACC0079302_202312_202402_3M_statement.pdf,CSV,reconciliation_analysis\2023\bank_statement_source_files\csv\ACC0079302_202312_202402_3M_statement.csv
RECON-202312-ACC0079303-3M,ACC0079303,COM23000142,Keystone Retail Bank,255005280793033,3,2023-12-01,2024-02-29 23:59:59,8903.08,-44260.16,80,76,reconciliation_analysis\2023\bank_statement_pdfs\ACC0079303_202312_202402_3M_statement.pdf,ISO20022_CAMT053_XML,reconciliation_analysis\2023\bank_statement_source_files\iso20022_camt053_xml\ACC0079303_202312_202402_3M_statement.xml
RECON-202312-ACC0079304-6M,ACC0079304,COM23000132,Keystone Retail Bank,250655280793046,6,2023-12-01,2024-05-31 23:59:59,13655.63,13173.91,11,0,reconciliation_analysis\2023\bank_statement_pdfs\ACC0079304_202312_202405_6M_statement.pdf,CSV,reconciliation_analysis\2023\bank_statement_source_files\csv\ACC0079304_202312_202405_6M_statement.csv
