comm_id,account_id,customer_id,channel,direction,timestamp,subject,body,sentiment,is_complaint,complaint_category
COMM-202401-000001,ACC0024062,COM21000198,branch_visit,inbound,12/01/2024 11:05,Complaint about service,The service delay is frustrating. I have followed up more than once and still do not have a proper answer.,positive,False,
COMM-202401-000002,ACC0066404,IND23023776,branch_visit,inbound,27/01/2024 11:45,Why did my debit order fail?,"My debit order did not go through and I need to know whether it was insufficient funds, a retry problem or a bank processing issue. The account should not be charged twice.",negative,True,other
COMM-202401-000003,ACC0065998,IND23015237,chatbot,inbound,2024-01-30T14:29:34+02:00,Unauthorised bank charge enquiry,Please explain the latest bank charge on my statement. I cannot see why this fee was taken and I want it reversed if it was incorrect.,neutral,False,
COMM-202401-000004,ACC0051847,IND22016064,whatsapp,inbound,05-Jan-2024 17:17,Agent transfer request,The automated response is not solving my issue. Please transfer me to a consultant who can check the account.,neutral,False,
COMM-202401-000005,ACC0050721,IND22006980,app_message,inbound,2024-01-12T20:57:33+02:00,Home Loan rate increase question,I am worried my home loan instalment may change. Please confirm whether my repayment will be repriced and from which date. I saw the article 'Retail banks sharpen arrears analytics as payment stress persists' and wanted to check how it affects my account.,neutral,False,
COMM-202401-000006,ACC0052255,IND22015378,phone_call,inbound,24/01/2024 10:41,Unauthorised bank charge enquiry,Please explain the latest bank charge on my statement. I cannot see why this fee was taken and I want it reversed if it was incorrect.,neutral,False,
COMM-202401-000007,ACC0016509,IND19014407,branch_visit,inbound,19/01/2024 12:30,Cash deposit issue,I made a cash deposit but the amount is not showing correctly. Please investigate the branch or ATM record.,neutral,False,
COMM-202401-000008,ACC0053766,IND22016018,chatbot,inbound,2024-01-28T16:04:47+02:00,Reset password,I need help resetting my password and confirming that my profile has not been locked.,positive,False,
COMM-202401-000009,ACC0073921,IND23001950,sms,outbound,2024-01-23T18:17:15+02:00,New statement available,"Your latest account statement is available. Please review the charges, interest and debit order activity.",negative,True,failed_transaction
COMM-202401-000010,ACC0077204,IND23014715,sms,outbound,2024-01-24T05:23:43+02:00,New statement available,"Your latest account statement is available. Please review the charges, interest and debit order activity.",negative,True,fee_dispute
COMM-202401-000011,ACC0062270,IND23005818,email,inbound,2024-01-31 17:17:03,Account enquiry,Please assist with my banking enquiry.,negative,True,statement_error
COMM-202401-000012,ACC0060899,IND23004686,chatbot,inbound,2024-01-05T10:55:44+02:00,Reset password,I need help resetting my password and confirming that my profile has not been locked.,neutral,False,
COMM-202401-000013,ACC0043230,IND22013038,app_message,inbound,2024-01-10T22:09:50+02:00,App login problem,The app is not behaving properly and I cannot complete what should be a simple transaction. Please check whether there is an issue on my profile.,neutral,False,
COMM-202401-000014,ACC0001069,IND19001364,email,inbound,2024-01-28 12:57:59,Suggestion for bank app,I have feedback on the app experience and would like the product team to review it.,neutral,False,
COMM-202401-000015,ACC0023143,IND21007572,social_media,inbound,2024/01/11 20:51:20,App login problem,"Hi there, The app is not behaving properly and I cannot complete what should be a simple transaction. Please check whether there is an issue on my profile.",neutral,False,
COMM-202401-000016,ACC0063909,IND23020940,app_message,inbound,2024-01-20T17:25:33+02:00,Home Loan rate increase question,I am worried my home loan instalment may change. Please confirm whether my repayment will be repriced and from which date. I saw the article 'Operational resilience returns to the agenda after payment interruptions' and wanted to check how it affects my account.,positive,False,
COMM-202401-000017,ACC0044893,IND22011943,phone_call,inbound,21/01/2024 11:52,Card blocked at ATM,My card was blocked at the ATM and I need access restored or a replacement card arranged. I have an urgent payment to make.,negative,True,service_delay
COMM-202401-000018,ACC0049099,IND22017823,app_message,outbound,2024-01-29T07:46:59+02:00,New statement available,"Your latest account statement is available. Please review the charges, interest and debit order activity.",neutral,False,
COMM-202401-000019,ACC0032568,IND21003034,phone_call,inbound,12/01/2024 12:34,Unauthorised bank charge enquiry,Please explain the latest bank charge on my statement. I cannot see why this fee was taken and I want it reversed if it was incorrect.,negative,True,statement_error
COMM-202401-000020,ACC0077739,IND23015387,chatbot,inbound,2024-01-02T07:01:56+02:00,Unauthorised bank charge enquiry,Please explain the latest bank charge on my statement. I cannot see why this fee was taken and I want it reversed if it was incorrect.,neutral,False,
COMM-202401-000021,ACC0042325,IND22008232,chatbot,inbound,2024-01-15T06:10:17+02:00,Agent transfer request,The automated response is not solving my issue. Please transfer me to a consultant who can check the account.,negative,True,digital_issue
COMM-202401-000022,ACC0020233,IND20000185,sms,outbound,2024-01-25T08:11:53+02:00,Suspicious transaction alert,We detected activity that may require confirmation. Please reply or contact the bank if this transaction was not yours.,neutral,False,
COMM-202401-000023,ACC0038161,IND22015877,app_message,outbound,2024-01-31T06:17:22+02:00,New statement available,"Your latest account statement is available. Please review the charges, interest and debit order activity.",neutral,False,
COMM-202401-000024,ACC0048847,IND22001791,app_message,inbound,2024-01-14T07:55:40+02:00,Digital wallet setup help,I need help setting up the digital wallet and linking it to the right account. The app keeps asking me to try again later.,negative,True,service_delay
COMM-202401-000025,ACC0036465,IND21011901,phone_call,inbound,12/01/2024 11:31,Why did my debit order fail?,"My debit order did not go through and I need to know whether it was insufficient funds, a retry problem or a bank processing issue. The account should not be charged twice.",negative,True,staff_behavior
COMM-202401-000026,ACC0026847,IND21011856,branch_visit,inbound,11/01/2024 11:45,Statement copy request,Please send me a copy of my latest statement and confirm the closing balance used for the month-end calculation.,neutral,False,
COMM-202401-000027,ACC0062766,IND23020087,branch_visit,inbound,18/01/2024 11:30,Complaint about service,The service delay is frustrating. I have followed up more than once and still do not have a proper answer.,positive,False,
COMM-202401-000028,ACC0075155,IND23019550,whatsapp,inbound,13-Jan-2024 16:36,Agent transfer request,The automated response is not solving my issue. Please transfer me to a consultant who can check the account.,neutral,False,
COMM-202401-000029,ACC0077583,IND23001916,app_message,inbound,2024-01-16T12:50:00+02:00,Balance check,Please confirm my available balance and whether any debit orders are still pending.,neutral,False,
COMM-202401-000030,ACC0011330,IND19011635,chatbot,outbound,2024-01-14T10:23:25+02:00,New statement available,"Your latest account statement is available. Please review the charges, interest and debit order activity.",neutral,False,
COMM-202401-000031,ACC0026501,IND21011483,whatsapp,inbound,13-Jan-2024 15:20,Unauthorised bank charge enquiry,Please explain the latest bank charge on my statement. I cannot see why this fee was taken and I want it reversed if it was incorrect.,neutral,False,
COMM-202401-000032,ACC0073961,IND23007534,whatsapp,inbound,31-Jan-2024 19:03,Unauthorised bank charge enquiry,Please explain the latest bank charge on my statement. I cannot see why this fee was taken and I want it reversed if it was incorrect.,neutral,False,
COMM-202401-000033,ACC0049206,IND22013286,chatbot,inbound,2024-01-14T16:32:28+02:00,App login problem,The app is not behaving properly and I cannot complete what should be a simple transaction. Please check whether there is an issue on my profile.,neutral,False,
COMM-202401-000034,ACC0027688,IND21006643,email,inbound,2024-01-07 17:10:03,Unauthorised bank charge enquiry,Please explain the latest bank charge on my statement. I cannot see why this fee was taken and I want it reversed if it was incorrect.,neutral,False,
COMM-202401-000035,ACC0040122,IND22009990,email,inbound,2024-01-18 16:22:36,Statement copy request,Please send me a copy of my latest statement and confirm the closing balance used for the month-end calculation.,negative,True,digital_issue
COMM-202401-000036,ACC0038393,IND22013586,social_media,inbound,2024/01/22 12:52:59,Home Loan rate increase question,I am worried my home loan instalment may change. Please confirm whether my repayment will be repriced and from which date. I saw the article 'Banking analytics agenda: five signals to watch this month' and wanted to check how it affects my account.,negative,True,failed_transaction
COMM-202401-000037,ACC0041227,IND22004084,phone_call,inbound,01/01/2024 12:32,Card blocked at ATM,"Hi there, My card was blocked at the ATM and I need access restored or a replacement card arranged. I have an urgent payment to make.",neutral,False,
COMM-202401-000038,ACC0035231,IND21016469,app_message,inbound,2024-01-16T11:03:01+02:00,Balance check,Please confirm my available balance and whether any debit orders are still pending.,negative,True,digital_issue
COMM-202401-000039,ACC0044204,IND22014864,branch_visit,inbound,15/01/2024 08:05,Statement copy request,Please send me a copy of my latest statement and confirm the closing balance used for the month-end calculation.,negative,True,statement_error
COMM-202401-000040,ACC0001772,IND19009977,whatsapp,inbound,23-Jan-2024 10:08,Home Loan rate increase question,"Eish, I am worried my home loan instalment may change. Please confirm whether my repayment will be repriced and from which date. I saw the article 'Banking analytics agenda: five signals to watch this month' and wanted to check how it affects my account.",neutral,False,
COMM-202401-000041,ACC0016521,IND19022672,phone_call,inbound,03/01/2024 10:22,Why did my debit order fail?,"My debit order did not go through and I need to know whether it was insufficient funds, a retry problem or a bank processing issue. The account should not be charged twice.",positive,False,
COMM-202401-000042,ACC0016481,IND19021313,whatsapp,inbound,19-Jan-2024 17:06,Home Loan rate increase question,I am worried my home loan instalment may change. Please confirm whether my repayment will be repriced and from which date. I saw the article 'Digital channels reshape banking workloads as customer growth continues' and wanted to check how it affects my account.,neutral,False,
COMM-202401-000043,ACC0057561,IND23003104,app_message,outbound,2024-01-06T08:52:54+02:00,New statement available,"Your latest account statement is available. Please review the charges, interest and debit order activity.",neutral,False,
COMM-202401-000044,ACC0033599,IND21009658,chatbot,inbound,2024-01-27T07:22:15+02:00,Unauthorised bank charge enquiry,Please explain the latest bank charge on my statement. I cannot see why this fee was taken and I want it reversed if it was incorrect.,neutral,False,
COMM-202401-000045,ACC0017475,IND19007484,phone_call,inbound,05/01/2024 18:59,Card blocked at ATM,My card was blocked at the ATM and I need access restored or a replacement card arranged. I have an urgent payment to make.,neutral,False,
COMM-202401-000046,ACC0031340,IND21007769,email,inbound,2024-01-17 11:41:06,Statement copy request,Please send me a copy of my latest statement and confirm the closing balance used for the month-end calculation.,neutral,False,
COMM-202401-000047,ACC0025960,IND21006730,whatsapp,inbound,09-Jan-2024 20:34,App login problem,The app is not behaving properly and I cannot complete what should be a simple transaction. Please check whether there is an issue on my profile.,neutral,False,
COMM-202401-000048,ACC0004157,IND19011584,chatbot,inbound,2024-01-31T10:09:44+02:00,App login problem,The app is not behaving properly and I cannot complete what should be a simple transaction. Please check whether there is an issue on my profile.,negative,True,failed_transaction
COMM-202401-000049,ACC0036358,IND21002230,whatsapp,inbound,07-Jan-2024 16:50,Agent transfer request,The automated response is not solving my issue. Please transfer me to a consultant who can check the account.,neutral,False,
COMM-202401-000050,ACC0045538,IND22004779,chatbot,inbound,2024-01-16T18:10:49+02:00,Reset password,I need help resetting my password and confirming that my profile has not been locked.,neutral,False,
COMM-202401-000051,ACC0045232,IND22016647,email,outbound,2024-01-01 17:51:21,New statement available,"Your latest account statement is available. Please review the charges, interest and debit order activity.",positive,False,
COMM-202401-000052,ACC0000637,IND19000666,app_message,inbound,2024-01-18T05:17:20+02:00,App login problem,The app is not behaving properly and I cannot complete what should be a simple transaction. Please check whether there is an issue on my profile.,negative,True,service_delay
COMM-202401-000053,ACC0076028,IND23015811,app_message,inbound,2024-01-27T13:16:29+02:00,Balance check,Please confirm my available balance and whether any debit orders are still pending.,negative,True,service_delay
COMM-202401-000054,ACC0007571,IND19014352,whatsapp,outbound,16-Jan-2024 15:46,New statement available,"Your latest account statement is available. Please review the charges, interest and debit order activity.",neutral,False,
COMM-202401-000055,ACC0010306,IND19001943,social_media,inbound,2024/01/21 20:52:36,Home Loan rate increase question,I am worried my home loan instalment may change. Please confirm whether my repayment will be repriced and from which date. I saw the article 'Banks watch debit-order strain as households adjust spending' and wanted to check how it affects my account.,negative,True,fee_dispute
COMM-202401-000056,ACC0037659,IND22017215,email,inbound,2024-01-27 07:19:21,Account enquiry,Please assist with my banking enquiry.,neutral,False,
COMM-202401-000057,ACC0067613,IND23009836,social_media,inbound,2024/01/11 10:39:23,Unauthorised bank charge enquiry,Please explain the latest bank charge on my statement. I cannot see why this fee was taken and I want it reversed if it was incorrect.,negative,False,
COMM-202401-000058,ACC0008363,IND19001972,sms,outbound,2024-01-04T08:43:37+02:00,New statement available,"Your latest account statement is available. Please review the charges, interest and debit order activity.",positive,False,
COMM-202401-000059,ACC0046045,IND22016750,app_message,inbound,2024-01-26T06:48:01+02:00,Transfer not reflecting,I made a transfer and it is still not reflecting. Please check whether the payment is delayed in your system.,neutral,False,
COMM-202401-000060,ACC0046410,IND22000157,email,inbound,2024-01-30 08:25:25,Unauthorised bank charge enquiry,Please explain the latest bank charge on my statement. I cannot see why this fee was taken and I want it reversed if it was incorrect.,positive,False,
COMM-202401-000061,ACC0007215,IND19007154,sms,outbound,2024-01-25T06:40:37+02:00,Your loan repayment failed due to insufficient funds,Your scheduled loan repayment was not successful. Please fund your account or contact us to discuss payment options.,negative,True,incorrect_charge
COMM-202401-000062,ACC0028008,IND21005036,email,inbound,2024-01-10 15:54:08,Why did my debit order fail?,"My debit order did not go through and I need to know whether it was insufficient funds, a retry problem or a bank processing issue. The account should not be charged twice.",negative,True,statement_error
COMM-202401-000063,ACC0069537,IND23011574,whatsapp,inbound,13-Jan-2024 15:09,Home Loan rate increase question,I am worried my home loan instalment may change. Please confirm whether my repayment will be repriced and from which date. I saw the article 'Statement delays add noise to month-end finance controls' and wanted to check how it affects my account.,negative,True,fee_dispute
COMM-202401-000064,ACC0001908,IND19016414,chatbot,inbound,2024-01-23T15:33:47+02:00,Agent transfer request,The automated response is not solving my issue. Please transfer me to a consultant who can check the account.,negative,True,service_delay
COMM-202401-000065,ACC0071349,IND23015643,phone_call,inbound,24/01/2024 07:51,Home Loan rate increase question,I am worried my home loan instalment may change. Please confirm whether my repayment will be repriced and from which date. I saw the article 'Statement delays add noise to month-end finance controls' and wanted to check how it affects my account.,negative,True,failed_transaction
COMM-202401-000066,ACC0039944,IND22009940,chatbot,outbound,2024-01-05T19:53:00+02:00,New statement available,"Your latest account statement is available. Please review the charges, interest and debit order activity.",neutral,False,
COMM-202401-000067,ACC0053511,IND22019994,chatbot,inbound,2024-01-20T08:52:24+02:00,Why did my debit order fail?,"My debit order did not go through and I need to know whether it was insufficient funds, a retry problem or a bank processing issue. The account should not be charged twice.",negative,True,service_delay
COMM-202401-000068,ACC0029911,IND21011559,chatbot,inbound,2024-01-14T16:07:47+02:00,App login problem,The app is not behaving properly and I cannot complete what should be a simple transaction. Please check whether there is an issue on my profile.,neutral,False,
COMM-202401-000069,ACC0029411,IND21006454,branch_visit,inbound,19/01/2024 10:20,Branch appointment request,I would like to book time at the branch to sort out my account and get printed documents for my records.,negative,True,other
COMM-202401-000070,ACC0014042,IND19002071,social_media,inbound,2024/01/29 14:15:39,Home Loan rate increase question,I am worried my home loan instalment may change. Please confirm whether my repayment will be repriced and from which date. I saw the article 'Banking analytics agenda: five signals to watch this month' and wanted to check how it affects my account.,negative,True,failed_transaction
COMM-202401-000071,ACC0028556,IND21014835,email,outbound,2024-01-15 17:59:33,New statement available,"Your latest account statement is available. Please review the charges, interest and debit order activity.",neutral,False,
COMM-202401-000072,ACC0027872,IND21001179,email,outbound,2024-01-31 12:11:35,New statement available,"Your latest account statement is available. Please review the charges, interest and debit order activity.",neutral,False,
COMM-202401-000073,ACC0034661,IND21002293,phone_call,inbound,05/01/2024 16:54,Card blocked at ATM,My card was blocked at the ATM and I need access restored or a replacement card arranged. I have an urgent payment to make.,neutral,False,
COMM-202401-000074,ACC0038187,IND22002761,chatbot,inbound,2024-01-02T10:27:43+02:00,Unauthorised bank charge enquiry,Please explain the latest bank charge on my statement. I cannot see why this fee was taken and I want it reversed if it was incorrect.,neutral,False,
COMM-202401-000075,ACC0007127,IND19007655,email,inbound,2024-01-01 14:04:11,Statement copy request,Please send me a copy of my latest statement and confirm the closing balance used for the month-end calculation.,negative,False,
COMM-202401-000076,ACC0009830,IND19007707,app_message,inbound,2024-01-05T01:20:53+02:00,Why did my debit order fail?,"My debit order did not go through and I need to know whether it was insufficient funds, a retry problem or a bank processing issue. The account should not be charged twice.",negative,True,failed_transaction
COMM-202401-000077,ACC0076085,IND23023930,branch_visit,inbound,22/01/2024 09:50,Home Loan rate increase question,I am worried my home loan instalment may change. Please confirm whether my repayment will be repriced and from which date. I saw the article 'Digital channels reshape banking workloads as customer growth continues' and wanted to check how it affects my account.,negative,True,failed_transaction
COMM-202401-000078,ACC0049656,IND22014590,app_message,outbound,2024-01-24T07:20:36+02:00,New statement available,"Your latest account statement is available. Please review the charges, interest and debit order activity.",positive,False,
COMM-202401-000079,ACC0076963,IND23016349,app_message,inbound,2024-01-23T13:57:13+02:00,Home Loan rate increase question,I am worried my home loan instalment may change. Please confirm whether my repayment will be repriced and from which date. I saw the article 'Retail banks sharpen arrears analytics as payment stress persists' and wanted to check how it affects my account.,negative,True,service_delay
COMM-202401-000080,ACC0027304,IND21006949,social_media,inbound,2024/01/31 08:33:00,Kudos to branch staff,The branch team helped me quickly and explained the account options clearly. Please pass on my thanks.,positive,False,
COMM-202401-000081,ACC0052620,IND22000062,chatbot,inbound,2024-01-01T14:18:33+02:00,Reset password,I need help resetting my password and confirming that my profile has not been locked.,positive,False,
COMM-202401-000082,ACC0048522,IND22016326,sms,outbound,2024-01-15T18:21:57+02:00,Branch holiday hours,Please note adjusted branch hours this month. Digital channels remain available for balance checks and transfers.,neutral,False,
COMM-202401-000083,ACC0067439,IND23023626,app_message,inbound,2024-01-01T13:41:06+02:00,Why did my debit order fail?,"My debit order did not go through and I need to know whether it was insufficient funds, a retry problem or a bank processing issue. The account should not be charged twice.",negative,True,failed_transaction
COMM-202401-000084,ACC0017571,IND19014161,branch_visit,inbound,29/01/2024 10:10,Home Loan rate increase question,I am worried my home loan instalment may change. Please confirm whether my repayment will be repriced and from which date. I saw the article 'Operational resilience returns to the agenda after payment interruptions' and wanted to check how it affects my account.,positive,False,
COMM-202401-000085,ACC0077440,IND23004137,phone_call,inbound,29/01/2024 08:50,Home Loan rate increase question,I am worried my home loan instalment may change. Please confirm whether my repayment will be repriced and from which date. I saw the article 'Conduct teams press for clearer evidence on fees and failed payments' and wanted to check how it affects my account.,neutral,False,
COMM-202401-000086,ACC0004089,IND19011651,chatbot,inbound,2024-01-19T16:39:28+02:00,Unauthorised bank charge enquiry,Please explain the latest bank charge on my statement. I cannot see why this fee was taken and I want it reversed if it was incorrect.,neutral,False,
COMM-202401-000087,ACC0025143,IND21014997,social_media,inbound,2024/01/05 16:31:47,Why did my debit order fail?,"My debit order did not go through and I need to know whether it was insufficient funds, a retry problem or a bank processing issue. The account should not be charged twice.",negative,True,digital_issue
COMM-202401-000088,ACC0071715,IND23000124,branch_visit,inbound,18/01/2024 12:10,Statement copy request,Please send me a copy of my latest statement and confirm the closing balance used for the month-end calculation.,positive,False,
COMM-202401-000089,ACC0051440,IND22013342,whatsapp,inbound,26-Jan-2024 13:56,Home Loan rate increase question,I am worried my home loan instalment may change. Please confirm whether my repayment will be repriced and from which date. I saw the article 'Operational resilience returns to the agenda after payment interruptions' and wanted to check how it affects my account.,neutral,False,
COMM-202401-000090,ACC0060727,IND23009104,social_media,inbound,2024/01/09 11:01:19,Unauthorised bank charge enquiry,Please explain the latest bank charge on my statement. I cannot see why this fee was taken and I want it reversed if it was incorrect.,negative,True,incorrect_charge
COMM-202401-000091,ACC0030583,IND21003552,sms,outbound,2024-01-22T11:28:42+02:00,New statement available,"Your latest account statement is available. Please review the charges, interest and debit order activity.",negative,True,service_delay
COMM-202401-000092,ACC0047752,IND22017458,whatsapp,inbound,19-Jan-2024 09:14,Home Loan rate increase question,I am worried my home loan instalment may change. Please confirm whether my repayment will be repriced and from which date. I saw the article 'Retail banks sharpen arrears analytics as payment stress persists' and wanted to check how it affects my account.,negative,True,service_delay
COMM-202401-000093,ACC0055823,IND22015746,email,outbound,2024-01-19 11:11:00,New statement available,"Your latest account statement is available. Please review the charges, interest and debit order activity.",neutral,False,
COMM-202401-000094,ACC0000811,IND19000169,whatsapp,inbound,18-Jan-2024 07:06,Why did my debit order fail?,"My debit order did not go through and I need to know whether it was insufficient funds, a retry problem or a bank processing issue. The account should not be charged twice.",negative,True,failed_transaction
COMM-202401-000095,ACC0017920,IND19007686,branch_visit,inbound,03/01/2024 08:15,Card blocked at ATM,My card was blocked at the ATM and I need access restored or a replacement card arranged. I have an urgent payment to make.,positive,False,
COMM-202401-000096,ACC0017134,IND19003394,app_message,inbound,2024-01-13T11:44:21+02:00,Why did my debit order fail?,"My debit order did not go through and I need to know whether it was insufficient funds, a retry problem or a bank processing issue. The account should not be charged twice.",negative,True,service_delay
COMM-202401-000097,ACC0076597,IND23001924,sms,outbound,2024-01-12T09:54:44+02:00,Your loan repayment failed due to insufficient funds,Your scheduled loan repayment was not successful. Please fund your account or contact us to discuss payment options.,neutral,False,
COMM-202401-000098,ACC0023744,IND21008551,social_media,inbound,2024/01/09 08:35:23,Why did my debit order fail?,"My debit order did not go through and I need to know whether it was insufficient funds, a retry problem or a bank processing issue. The account should not be charged twice.",negative,True,digital_issue
COMM-202401-000099,ACC0054452,COM22000176,app_message,inbound,2024-01-16T08:17:40+02:00,App login problem,The app is not behaving properly and I cannot complete what should be a simple transaction. Please check whether there is an issue on my profile.,neutral,False,
COMM-202401-000100,ACC0077523,IND23003959,whatsapp,inbound,26-Jan-2024 13:59,Why did my debit order fail?,"My debit order did not go through and I need to know whether it was insufficient funds, a retry problem or a bank processing issue. The account should not be charged twice.",negative,True,failed_transaction
COMM-202401-000101,ACC0023466,IND21009986,app_message,inbound,2024-01-25T10:07:58+02:00,Transfer not reflecting,I made a transfer and it is still not reflecting. Please check whether the payment is delayed in your system.,neutral,False,
COMM-202401-000102,ACC0063779,IND23007823,phone_call,inbound,17/01/2024 07:25,Home Loan rate increase question,I am worried my home loan instalment may change. Please confirm whether my repayment will be repriced and from which date. I saw the article 'Statement delays add noise to month-end finance controls' and wanted to check how it affects my account.,negative,True,fee_dispute
COMM-202401-000103,ACC0074209,IND23014397,sms,outbound,2024-01-28T17:10:56+02:00,New statement available,"Your latest account statement is available. Please review the charges, interest and debit order activity.",neutral,False,
COMM-202401-000104,ACC0029518,IND21015905,chatbot,inbound,2024-01-25T18:10:38+02:00,Agent transfer request,The automated response is not solving my issue. Please transfer me to a consultant who can check the account.,neutral,False,
COMM-202401-000105,ACC0024460,IND21001010,whatsapp,inbound,15-Jan-2024 18:46,Reset password,I need help resetting my password and confirming that my profile has not been locked.,neutral,False,
COMM-202401-000106,ACC0071997,IND23014401,whatsapp,inbound,05-Jan-2024 20:04,App login problem,The app is not behaving properly and I cannot complete what should be a simple transaction. Please check whether there is an issue on my profile.,neutral,False,
COMM-202401-000107,ACC0064705,IND23001589,app_message,inbound,2024-01-07T07:58:28+02:00,Transfer not reflecting,I made a transfer and it is still not reflecting. Please check whether the payment is delayed in your system.,negative,True,service_delay
COMM-202401-000108,ACC0071843,IND23019228,sms,outbound,2024-01-31T08:36:58+02:00,New statement available,"Your latest account statement is available. Please review the charges, interest and debit order activity.",negative,True,failed_transaction
COMM-202401-000109,ACC0062540,IND23004600,whatsapp,inbound,30-Jan-2024 13:31,App login problem,The app is not behaving properly and I cannot complete what should be a simple transaction. Please check whether there is an issue on my profile.,negative,True,failed_transaction
COMM-202401-000110,ACC0028017,IND21015829,social_media,inbound,2024/01/02 15:45:12,Kudos to branch staff,The branch team helped me quickly and explained the account options clearly. Please pass on my thanks.,positive,False,
COMM-202401-000111,ACC0065874,IND23013861,sms,outbound,2024-01-25T14:20:13+02:00,Branch holiday hours,Please note adjusted branch hours this month. Digital channels remain available for balance checks and transfers.,positive,False,
COMM-202401-000112,ACC0032664,IND21004335,app_message,inbound,2024-01-21T17:34:56+02:00,Digital wallet setup help,I need help setting up the digital wallet and linking it to the right account. The app keeps asking me to try again later.,negative,False,
COMM-202401-000113,ACC0027718,IND21013648,chatbot,inbound,2024-01-12T07:12:26+02:00,Reset password,I need help resetting my password and confirming that my profile has not been locked.,neutral,False,
COMM-202401-000114,ACC0006692,IND19007934,whatsapp,inbound,20-Jan-2024 18:45,Agent transfer request,The automated response is not solving my issue. Please transfer me to a consultant who can check the account.,negative,True,digital_issue
COMM-202401-000115,ACC0044014,IND22000759,whatsapp,inbound,26-Jan-2024 22:16,Home Loan rate increase question,I am worried my home loan instalment may change. Please confirm whether my repayment will be repriced and from which date. I saw the article 'Operational resilience returns to the agenda after payment interruptions' and wanted to check how it affects my account.,positive,False,
COMM-202401-000116,ACC0035676,IND21007448,phone_call,inbound,27/01/2024 14:00,Home Loan rate increase question,I am worried my home loan instalment may change. Please confirm whether my repayment will be repriced and from which date. I saw the article 'Statement delays add noise to month-end finance controls' and wanted to check how it affects my account.,negative,True,service_delay
COMM-202401-000117,ACC0055175,IND22006934,social_media,inbound,2024/01/20 18:37:03,Complaint about service,The service delay is frustrating. I have followed up more than once and still do not have a proper answer.,neutral,False,
COMM-202401-000118,ACC0001696,IND19002701,sms,outbound,2024-01-08T08:18:07+02:00,New statement available,"Your latest account statement is available. Please review the charges, interest and debit order activity.",positive,False,
COMM-202401-000119,ACC0043845,IND22004247,chatbot,inbound,2024-01-07T09:20:22+02:00,Why did my debit order fail?,"My debit order did not go through and I need to know whether it was insufficient funds, a retry problem or a bank processing issue. The account should not be charged twice.",negative,True,failed_transaction
COMM-202401-000120,ACC0045787,IND22009284,sms,inbound,2024-01-22T12:53:06+02:00,Branch appointment request,I would like to book time at the branch to sort out my account and get printed documents for my records.,negative,True,service_delay
COMM-202401-000121,ACC0051779,IND22010054,whatsapp,inbound,20-Jan-2024 11:21,Reset password,I need help resetting my password and confirming that my profile has not been locked.,neutral,False,
COMM-202401-000122,ACC0057839,IND23014779,app_message,outbound,2024-01-26T08:44:52+02:00,New statement available,"Your latest account statement is available. Please review the charges, interest and debit order activity.",neutral,False,
COMM-202401-000123,ACC0065873,IND23013861,sms,outbound,2024-01-27T10:04:17+02:00,Branch holiday hours,Please note adjusted branch hours this month. Digital channels remain available for balance checks and transfers.,negative,True,statement_error
COMM-202401-000124,ACC0058280,IND23008800,sms,outbound,2024-01-08T13:24:46+02:00,Suspicious transaction alert,We detected activity that may require confirmation. Please reply or contact the bank if this transaction was not yours.,negative,True,fraud_concern
COMM-202401-000125,ACC0033072,IND21011581,phone_call,inbound,10/01/2024 08:22,Unauthorised bank charge enquiry,Please explain the latest bank charge on my statement. I cannot see why this fee was taken and I want it reversed if it was incorrect.,neutral,False,
COMM-202401-000126,ACC0043006,IND22011887,sms,outbound,2024-01-08T11:17:36+02:00,New statement available,"Your latest account statement is available. Please review the charges, interest and debit order activity.",neutral,False,
COMM-202401-000127,ACC0008572,IND19014873,phone_call,inbound,04/01/2024 10:03,Home Loan rate increase question,I am worried my home loan instalment may change. Please confirm whether my repayment will be repriced and from which date.,neutral,False,
COMM-202401-000128,ACC0024585,IND21009748,phone_call,inbound,17/01/2024 12:55,Branch appointment request,I would like to book time at the branch to sort out my account and get printed documents for my records.,neutral,False,
COMM-202401-000129,ACC0004398,IND19004868,app_message,inbound,2024-01-16T12:26:52+02:00,Unauthorised bank charge enquiry,Please explain the latest bank charge on my statement. I cannot see why this fee was taken and I want it reversed if it was incorrect.,neutral,False,
COMM-202401-000130,ACC0028935,IND21006459,app_message,inbound,2024-01-30T08:28:14+02:00,Balance check,Please confirm my available balance and whether any debit orders are still pending.,positive,False,
COMM-202401-000131,ACC0004157,IND19011584,phone_call,inbound,19/01/2024 09:29,Why did my debit order fail?,"My debit order did not go through and I need to know whether it was insufficient funds, a retry problem or a bank processing issue. The account should not be charged twice.",negative,True,service_delay
COMM-202401-000132,ACC0056389,IND22003537,chatbot,inbound,2024-01-06T07:14:40+02:00,App login problem,The app is not behaving properly and I cannot complete what should be a simple transaction. Please check whether there is an issue on my profile.,negative,True,digital_issue
COMM-202401-000133,ACC0002258,IND19014680,branch_visit,inbound,31/01/2024 12:15,Why did my debit order fail?,"My debit order did not go through and I need to know whether it was insufficient funds, a retry problem or a bank processing issue. The account should not be charged twice.",negative,True,statement_error
COMM-202401-000134,ACC0069096,IND23019095,phone_call,inbound,02/01/2024 11:46,Unauthorised bank charge enquiry,Please explain the latest bank charge on my statement. I cannot see why this fee was taken and I want it reversed if it was incorrect.,positive,False,
COMM-202401-000135,ACC0004146,IND19002494,chatbot,inbound,2024-01-11T15:16:02+02:00,Why did my debit order fail?,"My debit order did not go through and I need to know whether it was insufficient funds, a retry problem or a bank processing issue. The account should not be charged twice.",negative,True,failed_transaction
COMM-202401-000136,ACC0015194,IND19010344,whatsapp,inbound,08-Jan-2024 08:00,Unauthorised bank charge enquiry,"Hi there, Please explain the latest bank charge on my statement. I cannot see why this fee was taken and I want it reversed if it was incorrect.",neutral,False,
COMM-202401-000137,ACC0011594,IND19009558,whatsapp,inbound,11-Jan-2024 16:25,Unauthorised bank charge enquiry,Please explain the latest bank charge on my statement. I cannot see why this fee was taken and I want it reversed if it was incorrect.,positive,False,
COMM-202401-000138,ACC0032554,IND21001088,chatbot,outbound,2024-01-11T12:49:32+02:00,New statement available,"Your latest account statement is available. Please review the charges, interest and debit order activity.",neutral,False,
COMM-202401-000139,ACC0043230,IND22013038,phone_call,inbound,31/01/2024 08:32,Why did my debit order fail?,"My debit order did not go through and I need to know whether it was insufficient funds, a retry problem or a bank processing issue. The account should not be charged twice.",negative,True,other
COMM-202401-000140,ACC0066089,IND23003077,chatbot,outbound,2024-01-25T09:41:05+02:00,New statement available,"Your latest account statement is available. Please review the charges, interest and debit order activity.",neutral,False,
COMM-202401-000141,ACC0032473,IND21002062,phone_call,inbound,05/01/2024 12:17,Unauthorised bank charge enquiry,Please explain the latest bank charge on my statement. I cannot see why this fee was taken and I want it reversed if it was incorrect.,negative,True,statement_error
COMM-202401-000142,ACC0058906,IND23002382,branch_visit,inbound,16/01/2024 14:05,Branch appointment request,I would like to book time at the branch to sort out my account and get printed documents for my records.,negative,False,
COMM-202401-000143,ACC0054590,IND22024785,sms,outbound,2024-01-25T08:02:55+02:00,New statement available,"Your latest account statement is available. Please review the charges, interest and debit order activity.",negative,True,digital_issue
COMM-202401-000144,ACC0032562,IND21009022,chatbot,outbound,2024-01-15T14:04:37+02:00,New statement available,"Your latest account statement is available. Please review the charges, interest and debit order activity.",neutral,False,
COMM-202401-000145,ACC0076752,IND23008625,social_media,inbound,2024/01/27 10:37:29,Complaint about service,The service delay is frustrating. I have followed up more than once and still do not have a proper answer.,negative,True,fraud_concern
COMM-202401-000146,ACC0031753,IND21002755,chatbot,inbound,2024-01-20T11:31:06+02:00,Home Loan rate increase question,I am worried my home loan instalment may change. Please confirm whether my repayment will be repriced and from which date. I saw the article 'Retail banks sharpen arrears analytics as payment stress persists' and wanted to check how it affects my account.,negative,True,fee_dispute
COMM-202401-000147,ACC0011512,IND19010258,chatbot,inbound,2024-01-25T16:46:30+02:00,Home Loan rate increase question,I am worried my home loan instalment may change. Please confirm whether my repayment will be repriced and from which date. I saw the article 'Banking analytics agenda: five signals to watch this month' and wanted to check how it affects my account.,negative,True,service_delay
COMM-202401-000148,ACC0026606,IND21000462,chatbot,inbound,2024-01-24T17:59:57+02:00,App login problem,The app is not behaving properly and I cannot complete what should be a simple transaction. Please check whether there is an issue on my profile.,neutral,False,
COMM-202401-000149,ACC0068157,IND23023243,chatbot,inbound,2024-01-28T17:12:35+02:00,Agent transfer request,The automated response is not solving my issue. Please transfer me to a consultant who can check the account.,negative,False,
COMM-202401-000150,ACC0027157,IND21013849,app_message,inbound,2024-01-08T09:03:39+02:00,App login problem,The app is not behaving properly and I cannot complete what should be a simple transaction. Please check whether there is an issue on my profile.,negative,True,failed_transaction
COMM-202401-000151,ACC0035619,IND21016514,whatsapp,inbound,26-Jan-2024 19:31,App login problem,"Howzit, The app is not behaving properly and I cannot complete what should be a simple transaction. Please check whether there is an issue on my profile.",neutral,False,
COMM-202401-000152,ACC0028996,IND21013355,social_media,inbound,2024/01/14 14:06:20,Home Loan rate increase question,I am worried my home loan instalment may change. Please confirm whether my repayment will be repriced and from which date. I saw the article 'Retail banks sharpen arrears analytics as payment stress persists' and wanted to check how it affects my account.,positive,False,
COMM-202401-000153,ACC0047359,IND22002297,branch_visit,inbound,05/01/2024 10:10,Cash deposit issue,I made a cash deposit but the amount is not showing correctly. Please investigate the branch or ATM record.,neutral,False,
COMM-202401-000154,ACC0075450,IND23013479,phone_call,inbound,18/01/2024 17:26,Home Loan rate increase question,I am worried my home loan instalment may change. Please confirm whether my repayment will be repriced and from which date. I saw the article 'Retail banks sharpen arrears analytics as payment stress persists' and wanted to check how it affects my account.,positive,False,
COMM-202401-000155,ACC0036512,IND21012282,whatsapp,outbound,28-Jan-2024 09:27,New statement available,"Your latest account statement is available. Please review the charges, interest and debit order activity.",neutral,False,
COMM-202401-000156,ACC0002842,IND19014493,whatsapp,inbound,04-Jan-2024 13:43,Why did my debit order fail?,"My debit order did not go through and I need to know whether it was insufficient funds, a retry problem or a bank processing issue. The account should not be charged twice.",negative,True,failed_transaction
COMM-202401-000157,ACC0030526,IND21014441,branch_visit,inbound,27/01/2024 10:30,Why did my debit order fail?,"My debit order did not go through and I need to know whether it was insufficient funds, a retry problem or a bank processing issue. The account should not be charged twice.",negative,True,digital_issue
COMM-202401-000158,ACC0047512,IND22006271,email,inbound,2024-01-01 11:12:02,App login problem,The app is not behaving properly and I cannot complete what should be a simple transaction. Please check whether there is an issue on my profile.,neutral,False,
COMM-202401-000159,ACC0013299,IND19004426,sms,outbound,2024-01-21T14:19:34+02:00,Your loan repayment failed due to insufficient funds,Your scheduled loan repayment was not successful. Please fund your account or contact us to discuss payment options.,neutral,False,
COMM-202401-000160,ACC0002884,IND19002085,phone_call,inbound,28/01/2024 16:40,Why did my debit order fail?,"My debit order did not go through and I need to know whether it was insufficient funds, a retry problem or a bank processing issue. The account should not be charged twice.",negative,True,digital_issue
COMM-202401-000161,ACC0010306,IND19001943,app_message,inbound,2024-01-15T13:13:59+02:00,Home Loan rate increase question,I am worried my home loan instalment may change. Please confirm whether my repayment will be repriced and from which date. I saw the article 'Retail banks sharpen arrears analytics as payment stress persists' and wanted to check how it affects my account.,negative,True,fee_dispute
COMM-202401-000162,ACC0003560,IND19010424,sms,inbound,2024-01-29T18:13:31+02:00,Home Loan rate increase question,I am worried my home loan instalment may change. Please confirm whether my repayment will be repriced and from which date. I saw the article 'Digital channels reshape banking workloads as customer growth continues' and wanted to check how it affects my account.,neutral,False,
COMM-202401-000163,ACC0023568,IND21002794,phone_call,inbound,30/01/2024 14:27,Why did my debit order fail?,"My debit order did not go through and I need to know whether it was insufficient funds, a retry problem or a bank processing issue. The account should not be charged twice.",negative,True,staff_behavior
COMM-202401-000164,ACC0078036,IND23014275,whatsapp,inbound,24-Jan-2024 17:31,Home Loan rate increase question,I am worried my home loan instalment may change. Please confirm whether my repayment will be repriced and from which date. I saw the article 'Statement delays add noise to month-end finance controls' and wanted to check how it affects my account.,negative,True,fee_dispute
COMM-202401-000165,ACC0027890,IND21010145,phone_call,inbound,28/01/2024 11:50,Why did my debit order fail?,"My debit order did not go through and I need to know whether it was insufficient funds, a retry problem or a bank processing issue. The account should not be charged twice.",negative,True,incorrect_charge
COMM-202401-000166,ACC0024062,COM21000198,email,inbound,2024-01-09 07:10:35,Statement copy request,Please send me a copy of my latest statement and confirm the closing balance used for the month-end calculation.,negative,True,fee_dispute
COMM-202401-000167,ACC0054514,IND22007185,whatsapp,inbound,11-Jan-2024 19:58,Home Loan rate increase question,I am worried my home loan instalment may change. Please confirm whether my repayment will be repriced and from which date. I saw the article 'Statement delays add noise to month-end finance controls' and wanted to check how it affects my account.,negative,True,failed_transaction
COMM-202401-000168,ACC0029071,IND21004605,app_message,inbound,2024-01-13T09:50:38+02:00,Transfer not reflecting,I made a transfer and it is still not reflecting. Please check whether the payment is delayed in your system.,negative,True,service_delay
COMM-202401-000169,ACC0061215,IND23006724,app_message,inbound,2024-01-08T15:11:52+02:00,App login problem,The app is not behaving properly and I cannot complete what should be a simple transaction. Please check whether there is an issue on my profile.,positive,False,
COMM-202401-000170,ACC0020795,IND20001394,chatbot,inbound,2024-01-29T08:22:19+02:00,Reset password,I need help resetting my password and confirming that my profile has not been locked.,neutral,False,
COMM-202401-000171,ACC0012494,IND19001976,phone_call,inbound,08/01/2024 18:28,Branch appointment request,I would like to book time at the branch to sort out my account and get printed documents for my records.,neutral,False,
COMM-202401-000172,ACC0034477,IND21009656,whatsapp,inbound,27-Jan-2024 13:16,Home Loan rate increase question,I am worried my home loan instalment may change. Please confirm whether my repayment will be repriced and from which date. I saw the article 'Conduct teams press for clearer evidence on fees and failed payments' and wanted to check how it affects my account.,neutral,False,
COMM-202401-000173,ACC0030526,IND21014441,branch_visit,inbound,11/01/2024 09:15,Statement copy request,Please send me a copy of my latest statement and confirm the closing balance used for the month-end calculation.,negative,True,digital_issue
COMM-202401-000174,ACC0042777,COM22000217,chatbot,outbound,2024-01-13T08:16:19+02:00,New statement available,"Your latest account statement is available. Please review the charges, interest and debit order activity.",neutral,False,
COMM-202401-000175,ACC0060451,IND23011613,app_message,inbound,2024-01-29T18:59:13+02:00,Why did my debit order fail?,"My debit order did not go through and I need to know whether it was insufficient funds, a retry problem or a bank processing issue. The account should not be charged twice.",negative,True,failed_transaction
COMM-202401-000176,ACC0002140,IND19013361,social_media,inbound,2024/01/06 12:58:54,App login problem,The app is not behaving properly and I cannot complete what should be a simple transaction. Please check whether there is an issue on my profile.,neutral,False,
COMM-202401-000177,ACC0020557,IND20002290,app_message,inbound,2024-01-31T13:42:29+02:00,Home Loan rate increase question,I am worried my home loan instalment may change. Please confirm whether my repayment will be repriced and from which date. I saw the article 'Statement delays add noise to month-end finance controls' and wanted to check how it affects my account.,neutral,False,
COMM-202401-000178,ACC0009553,IND19013623,branch_visit,inbound,09/01/2024 11:30,Cash deposit issue,I made a cash deposit but the amount is not showing correctly. Please investigate the branch or ATM record.,neutral,False,
COMM-202401-000179,ACC0054433,IND22016192,app_message,inbound,2024-01-30T14:43:01+02:00,Digital wallet setup help,I need help setting up the digital wallet and linking it to the right account. The app keeps asking me to try again later.,neutral,False,
COMM-202401-000180,ACC0070341,IND23001615,app_message,inbound,2024-01-05T10:09:27+02:00,App login problem,The app is not behaving properly and I cannot complete what should be a simple transaction. Please check whether there is an issue on my profile.,neutral,False,
COMM-202401-000181,ACC0057220,IND22000634,phone_call,inbound,16/01/2024 14:53,Home Loan rate increase question,I am worried my home loan instalment may change. Please confirm whether my repayment will be repriced and from which date.,neutral,False,
COMM-202401-000182,ACC0029314,IND21005893,app_message,inbound,2024-01-16T19:34:59+02:00,Balance check,Please confirm my available balance and whether any debit orders are still pending.,neutral,False,
COMM-202401-000183,ACC0031286,IND21009085,whatsapp,outbound,14-Jan-2024 19:30,New statement available,"Your latest account statement is available. Please review the charges, interest and debit order activity.",neutral,False,
COMM-202401-000184,ACC0034872,IND21005577,app_message,inbound,2024-01-26T21:15:57+02:00,Why did my debit order fail?,"My debit order did not go through and I need to know whether it was insufficient funds, a retry problem or a bank processing issue. The account should not be charged twice.",negative,True,service_delay
COMM-202401-000185,ACC0048548,IND22013989,whatsapp,inbound,12-Jan-2024 18:15,Unauthorised bank charge enquiry,Please explain the latest bank charge on my statement. I cannot see why this fee was taken and I want it reversed if it was incorrect.,neutral,False,
COMM-202401-000186,ACC0039578,IND22010595,chatbot,outbound,2024-01-20T18:39:47+02:00,New statement available,"Your latest account statement is available. Please review the charges, interest and debit order activity.",neutral,False,
COMM-202401-000187, ACC0071335 ,IND23016183,phone_call,inbound,31/01/2024 14:50,Home Loan rate increase question,I am worried my home loan instalment may change. Please confirm whether my repayment will be repriced and from which date. I saw the article 'Retail banks sharpen arrears analytics as payment stress persists' and wanted to check how it affects my account.,negative,True,fee_dispute
COMM-202401-000188,ACC0073114,IND23004675,whatsapp,inbound,14-Jan-2024 09:21,Why did my debit order fail?,"My debit order did not go through and I need to know whether it was insufficient funds, a retry problem or a bank processing issue. The account should not be charged twice.",negative,True,service_delay
COMM-202401-000189,ACC0051059,IND22002900,email,inbound,2024-01-28 19:31:50,Home Loan rate increase question,I am worried my home loan instalment may change. Please confirm whether my repayment will be repriced and from which date. I saw the article 'Digital channels reshape banking workloads as customer growth continues' and wanted to check how it affects my account.,positive,False,
COMM-202401-000190,ACC0034132,IND21004460,whatsapp,inbound,24-Jan-2024 12:05,Agent transfer request,The automated response is not solving my issue. Please transfer me to a consultant who can check the account.,negative,True,failed_transaction
COMM-202401-000191,ACC0056900,IND22002160,whatsapp,inbound,13-Jan-2024 13:52,Agent transfer request,The automated response is not solving my issue. Please transfer me to a consultant who can check the account.,neutral,False,
COMM-202401-000192,ACC0045501,IND22005998,whatsapp,outbound,15-Jan-2024 09:36,New statement available,"Your latest account statement is available. Please review the charges, interest and debit order activity.",neutral,False,
COMM-202401-000193,ACC0055581,IND22016546,whatsapp,inbound,24-Jan-2024 15:09,Home Loan rate increase question,I am worried my home loan instalment may change. Please confirm whether my repayment will be repriced and from which date. I saw the article 'Digital channels reshape banking workloads as customer growth continues' and wanted to check how it affects my account.,neutral,False,
COMM-202401-000194,ACC0056751,IND22004736,branch_visit,inbound,28/01/2024 11:00,Home Loan rate increase question,I am worried my home loan instalment may change. Please confirm whether my repayment will be repriced and from which date. I saw the article 'Retail banks sharpen arrears analytics as payment stress persists' and wanted to check how it affects my account.,neutral,False,
COMM-202401-000195,ACC0014282,IND19015192,app_message,inbound,2024-01-13T13:58:29+02:00,Unauthorised bank charge enquiry,Please explain the latest bank charge on my statement. I cannot see why this fee was taken and I want it reversed if it was incorrect.,neutral,False,
COMM-202401-000196,ACC0033141,IND21006040,phone_call,inbound,07/01/2024 10:23,Home Loan rate increase question,I am worried my home loan instalment may change. Please confirm whether my repayment will be repriced and from which date.,positive,False,
COMM-202401-000197,ACC0005381,IND19009960,social_media,inbound,2024/01/18 08:50:36,App login problem,The app is not behaving properly and I cannot complete what should be a simple transaction. Please check whether there is an issue on my profile.,neutral,False,
COMM-202401-000198,ACC0043333,IND22001804,email,inbound,2024-01-31 06:40:11,Home Loan rate increase question,I am worried my home loan instalment may change. Please confirm whether my repayment will be repriced and from which date. I saw the article 'Banks watch debit-order strain as households adjust spending' and wanted to check how it affects my account.,neutral,False,
COMM-202401-000199,ACC0015441,IND19009828,phone_call,inbound,24/01/2024 07:34,Home Loan rate increase question,I am worried my home loan instalment may change. Please confirm whether my repayment will be repriced and from which date. I saw the article 'Digital channels reshape banking workloads as customer growth continues' and wanted to check how it affects my account.,negative,True,service_delay
COMM-202401-000200,ACC0057203,IND22012476,app_message,inbound,2024-01-14T18:37:32+02:00,Digital wallet setup help,I need help setting up the digital wallet and linking it to the right account. The app keeps asking me to try again later.,neutral,False,
COMM-202401-000201,ACC0070888,COM23000275,email,inbound,2024-01-31 14:51:02,Home Loan rate increase question,I am worried my home loan instalment may change. Please confirm whether my repayment will be repriced and from which date. I saw the article 'Banking analytics agenda: five signals to watch this month' and wanted to check how it affects my account.,negative,True,fee_dispute
COMM-202401-000202,ACC0035901,IND21010727,sms,outbound,2024-01-20T17:35:37+02:00,Branch holiday hours,Please note adjusted branch hours this month. Digital channels remain available for balance checks and transfers.,negative,True,other
COMM-202401-000203,ACC0031093,IND21004305,branch_visit,inbound,24/01/2024 10:50,Complaint about service,The service delay is frustrating. I have followed up more than once and still do not have a proper answer.,neutral,False,
COMM-202401-000204,ACC0013904,IND19000190,whatsapp,inbound,06-Jan-2024 12:05,Unauthorised bank charge enquiry,Please explain the latest bank charge on my statement. I cannot see why this fee was taken and I want it reversed if it was incorrect.,neutral,False,
COMM-202401-000205,ACC0008044,IND19006154,phone_call,inbound,09/01/2024 12:19,Home Loan rate increase question,I am worried my home loan instalment may change. Please confirm whether my repayment will be repriced and from which date.,neutral,False,
COMM-202401-000206,ACC0048434,IND22019747,email,inbound,2024-01-18 11:33:26,Statement copy request,Please send me a copy of my latest statement and confirm the closing balance used for the month-end calculation.,negative,True,staff_behavior
COMM-202401-000207,ACC0024761,IND21009291,whatsapp,inbound,28-Jan-2024 14:53,Agent transfer request,The automated response is not solving my issue. Please transfer me to a consultant who can check the account.,negative,True,failed_transaction
COMM-202401-000208,ACC0049907,IND22011815,sms,outbound,2024-01-28T21:54:54+02:00,New statement available,"Your latest account statement is available. Please review the charges, interest and debit order activity.",neutral,False,
COMM-202401-000209,ACC0065790,IND23012973,app_message,outbound,2024-01-19T18:37:18+02:00,New statement available,"Your latest account statement is available. Please review the charges, interest and debit order activity.",positive,False,
COMM-202401-000210,ACC0020515,IND20000716,branch_visit,inbound,13/01/2024 08:05,Card blocked at ATM,My card was blocked at the ATM and I need access restored or a replacement card arranged. I have an urgent payment to make.,negative,True,staff_behavior
COMM-202401-000211,ACC0076493,IND23002475,sms,outbound,2024-01-05T19:05:53+02:00,Branch holiday hours,Please note adjusted branch hours this month. Digital channels remain available for balance checks and transfers.,negative,True,digital_issue
COMM-202401-000212,ACC0039336,IND22016645,branch_visit,inbound,24/01/2024 08:05,Card blocked at ATM,My card was blocked at the ATM and I need access restored or a replacement card arranged. I have an urgent payment to make.,negative,True,staff_behavior
COMM-202401-000213,ACC0057818,IND23000712,phone_call,inbound,16/01/2024 13:00,Unauthorised bank charge enquiry,Please explain the latest bank charge on my statement. I cannot see why this fee was taken and I want it reversed if it was incorrect.,neutral,False,
COMM-202401-000214,ACC0044108,IND22005315,whatsapp,inbound,01-Jan-2024 06:34,Unauthorised bank charge enquiry,Please explain the latest bank charge on my statement. I cannot see why this fee was taken and I want it reversed if it was incorrect.,neutral,False,
COMM-202401-000215,ACC0033083,IND21006597,social_media,inbound,2024/01/08 09:11:07,Unauthorised bank charge enquiry,Please explain the latest bank charge on my statement. I cannot see why this fee was taken and I want it reversed if it was incorrect.,positive,False,
COMM-202401-000216,ACC0029548,IND21008313,sms,outbound,2024-01-23T19:36:21+02:00,New statement available,"Your latest account statement is available. Please review the charges, interest and debit order activity.",negative,True,service_delay
COMM-202401-000217,ACC0049395,IND22014812,branch_visit,inbound,23/01/2024 13:45,Home Loan rate increase question,I am worried my home loan instalment may change. Please confirm whether my repayment will be repriced and from which date. I saw the article 'Banks watch debit-order strain as households adjust spending' and wanted to check how it affects my account.,neutral,False,
COMM-202401-000218,ACC0064978,IND23025801,app_message,inbound,2024-01-02T10:18:35+02:00,Balance check,Please confirm my available balance and whether any debit orders are still pending.,neutral,False,
COMM-202401-000219,ACC0030383,IND21010672,sms,outbound,2024-01-16T12:57:50+02:00,New statement available,"Your latest account statement is available. Please review the charges, interest and debit order activity.",negative,True,other
COMM-202401-000220,ACC0024565,IND21002088,branch_visit,inbound,11/01/2024 11:20,Statement copy request,Please send me a copy of my latest statement and confirm the closing balance used for the month-end calculation.,negative,True,fraud_concern
COMM-202401-000221,ACC0052177,IND22022211,branch_visit,inbound,16/01/2024 14:10,Branch appointment request,I would like to book time at the branch to sort out my account and get printed documents for my records.,negative,True,other
COMM-202401-000222,ACC0030739,IND21001793,chatbot,inbound,2024-01-05T16:07:09+02:00,Agent transfer request,The automated response is not solving my issue. Please transfer me to a consultant who can check the account.,neutral,False,
COMM-202401-000223,ACC0062052,IND23005795,whatsapp,inbound,16-Jan-2024 09:55,Unauthorised bank charge enquiry,Please explain the latest bank charge on my statement. I cannot see why this fee was taken and I want it reversed if it was incorrect.,neutral,False,
COMM-202401-000224,ACC0051326,IND22010428,whatsapp,inbound,11-Jan-2024 08:48,Home Loan rate increase question,I am worried my home loan instalment may change. Please confirm whether my repayment will be repriced and from which date. I saw the article 'Banks watch debit-order strain as households adjust spending' and wanted to check how it affects my account.,neutral,False,
COMM-202401-000225,ACC0027639,IND21012198,branch_visit,inbound,02/01/2024 10:30,Statement copy request,Please send me a copy of my latest statement and confirm the closing balance used for the month-end calculation.,negative,True,staff_behavior
COMM-202401-000226,ACC0000845,IND19009812,branch_visit,inbound,26/01/2024 10:00,Home Loan rate increase question,I am worried my home loan instalment may change. Please confirm whether my repayment will be repriced and from which date. I saw the article 'Conduct teams press for clearer evidence on fees and failed payments' and wanted to check how it affects my account.,negative,True,service_delay
COMM-202401-000227,ACC0055871,IND22020460,app_message,inbound,2024-01-04T16:29:26+02:00,App login problem,The app is not behaving properly and I cannot complete what should be a simple transaction. Please check whether there is an issue on my profile.,positive,False,
COMM-202401-000228,ACC0027662,IND21016119,chatbot,inbound,2024-01-16T10:37:59+02:00,Why did my debit order fail?,"My debit order did not go through and I need to know whether it was insufficient funds, a retry problem or a bank processing issue. The account should not be charged twice.",negative,True,digital_issue
COMM-202401-000229,ACC0074565,IND23010412,chatbot,inbound,2024-01-14T16:34:42+02:00,Reset password,I need help resetting my password and confirming that my profile has not been locked.,neutral,False,
COMM-202401-000230,ACC0002078,IND19001195,app_message,inbound,2024-01-07T10:32:48+02:00,Why did my debit order fail?,"My debit order did not go through and I need to know whether it was insufficient funds, a retry problem or a bank processing issue. The account should not be charged twice.",negative,True,failed_transaction
COMM-202401-000231,ACC0072470,IND23012215,chatbot,inbound,2024-01-23T08:05:21+02:00,Home Loan rate increase question,I am worried my home loan instalment may change. Please confirm whether my repayment will be repriced and from which date. I saw the article 'Banking analytics agenda: five signals to watch this month' and wanted to check how it affects my account.,negative,True,failed_transaction
COMM-202401-000232,ACC0072488,IND23018624,email,inbound,2024-01-30 09:37:57,Unauthorised bank charge enquiry,Please explain the latest bank charge on my statement. I cannot see why this fee was taken and I want it reversed if it was incorrect.,positive,False,
COMM-202401-000233,ACC0012356,IND19014034,chatbot,outbound,2024-01-27T15:53:16+02:00,New statement available,"Your latest account statement is available. Please review the charges, interest and debit order activity.",positive,False,
COMM-202401-000234,ACC0075296,IND23028164,whatsapp,inbound,03-Jan-2024 08:49,App login problem,"Eish, The app is not behaving properly and I cannot complete what should be a simple transaction. Please check whether there is an issue on my profile.",negative,True,service_delay
COMM-202401-000235,ACC0050381,IND22004199,whatsapp,inbound,15-Jan-2024 19:27,Agent transfer request,The automated response is not solving my issue. Please transfer me to a consultant who can check the account.,neutral,False,
COMM-202401-000236,ACC0064380,IND23017041,sms,outbound,2024-01-25T03:57:48+02:00,Suspicious transaction alert,We detected activity that may require confirmation. Please reply or contact the bank if this transaction was not yours.,neutral,False,
COMM-202401-000237,ACC0005579,IND19010467,chatbot,inbound,2024-01-15T00:30:25+02:00,App login problem,The app is not behaving properly and I cannot complete what should be a simple transaction. Please check whether there is an issue on my profile.,negative,False,
COMM-202401-000238,ACC0034037,IND21002737,social_media,inbound,2024/01/28 22:32:16,Home Loan rate increase question,I am worried my home loan instalment may change. Please confirm whether my repayment will be repriced and from which date. I saw the article 'Statement delays add noise to month-end finance controls' and wanted to check how it affects my account.,neutral,False,
COMM-202401-000239,ACC0004133,IND19012062,phone_call,inbound,26/01/2024 15:27,Home Loan rate increase question,I am worried my home loan instalment may change. Please confirm whether my repayment will be repriced and from which date. I saw the article 'Digital channels reshape banking workloads as customer growth continues' and wanted to check how it affects my account.,neutral,False,
COMM-202401-000240,ACC0024522,IND21006183,social_media,inbound,2024/01/09 19:37:13,Why did my debit order fail?,"My debit order did not go through and I need to know whether it was insufficient funds, a retry problem or a bank processing issue. The account should not be charged twice.",negative,True,failed_transaction
COMM-202401-000241,ACC0068812,IND23008499,phone_call,inbound,27/01/2024 07:10,Branch appointment request,I would like to book time at the branch to sort out my account and get printed documents for my records.,neutral,False,
COMM-202401-000242,ACC0034047,IND21008257,phone_call,inbound,11/01/2024 17:31,Why did my debit order fail?,"My debit order did not go through and I need to know whether it was insufficient funds, a retry problem or a bank processing issue. The account should not be charged twice.",neutral,False,
COMM-202401-000243,ACC0006519,IND19014312,app_message,outbound,2024-01-30T18:34:53+02:00,New statement available,"Your latest account statement is available. Please review the charges, interest and debit order activity.",neutral,False,
COMM-202401-000244,ACC0023223,IND21013704,app_message,inbound,2024-01-30T08:36:47+02:00,Unauthorised bank charge enquiry,Please explain the latest bank charge on my statement. I cannot see why this fee was taken and I want it reversed if it was incorrect.,positive,False,
COMM-202401-000245,ACC0063775,IND23005278,whatsapp,inbound,31-Jan-2024 12:07,App login problem,The app is not behaving properly and I cannot complete what should be a simple transaction. Please check whether there is an issue on my profile.,neutral,False,
COMM-202401-000246,ACC0056041,IND22010901,app_message,outbound,2024-01-15T20:58:05+02:00,New statement available,"Your latest account statement is available. Please review the charges, interest and debit order activity.",negative,False,
COMM-202401-000247,ACC0061402,IND23005140,sms,outbound,2024-01-12T07:59:57+02:00,Your loan repayment failed due to insufficient funds,Your scheduled loan repayment was not successful. Please fund your account or contact us to discuss payment options.,neutral,False,
COMM-202401-000248,ACC0037878,IND22000563,chatbot,inbound,2024-01-11T17:25:47+02:00,Agent transfer request,The automated response is not solving my issue. Please transfer me to a consultant who can check the account.,neutral,False,
COMM-202401-000249,ACC0046401,IND22017792,chatbot,inbound,2024-01-29T09:31:38+02:00,Reset password,I need help resetting my password and confirming that my profile has not been locked.,negative,True,failed_transaction
COMM-202401-000250,ACC0028235,IND21010944,chatbot,inbound,2024-01-21T07:37:20+02:00,Reset password,I need help resetting my password and confirming that my profile has not been locked.,negative,True,failed_transaction
COMM-202401-000251,ACC0025392,IND21007646,whatsapp,inbound,27-Jan-2024 08:31,Home Loan rate increase question,I am worried my home loan instalment may change. Please confirm whether my repayment will be repriced and from which date. I saw the article 'Digital channels reshape banking workloads as customer growth continues' and wanted to check how it affects my account.,negative,True,fee_dispute
COMM-202401-000252,ACC0016524,IND19015767,phone_call,inbound,24/01/2024 09:11,Home Loan rate increase question,I am worried my home loan instalment may change. Please confirm whether my repayment will be repriced and from which date.,negative,False,
COMM-202401-000253,ACC0038958,IND22015962,phone_call,inbound,26/01/2024 15:31,Home Loan rate increase question,I am worried my home loan instalment may change. Please confirm whether my repayment will be repriced and from which date. I saw the article 'Statement delays add noise to month-end finance controls' and wanted to check how it affects my account.,neutral,False,
COMM-202401-000254,ACC0045501,IND22005998,app_message,outbound,2024-01-05T19:33:53+02:00,New statement available,"Your latest account statement is available. Please review the charges, interest and debit order activity.",negative,False,
COMM-202401-000255,ACC0004359,IND19003393,app_message,outbound,2024-01-01T11:17:47+02:00,New statement available,"Your latest account statement is available. Please review the charges, interest and debit order activity.",neutral,False,
COMM-202401-000256,ACC0043287,IND22004712,email,inbound,2024-01-31 07:12:29,Suggestion for bank app,I have feedback on the app experience and would like the product team to review it.,negative,True,fraud_concern
COMM-202401-000257,ACC0024908,IND21001520,chatbot,outbound,2024-01-05T07:39:37+02:00,New statement available,"Your latest account statement is available. Please review the charges, interest and debit order activity.",neutral,False,
COMM-202401-000258,ACC0029822,IND21010165,app_message,outbound,2024-01-31T12:53:14+02:00,New statement available,"Your latest account statement is available. Please review the charges, interest and debit order activity.",neutral,False,
COMM-202401-000259,ACC0023277,IND21004862,sms,inbound,2024-01-12T17:26:09+02:00,Statement copy request,Please send me a copy of my latest statement and confirm the closing balance used for the month-end calculation.,negative,True,failed_transaction
COMM-202401-000260,ACC0061572,IND23005220,social_media,inbound,2024/01/22 21:27:21,Kudos to branch staff,The branch team helped me quickly and explained the account options clearly. Please pass on my thanks.,negative,True,digital_issue
COMM-202401-000261,ACC0066728,IND23022821,whatsapp,inbound,12-Jan-2024 18:55,Why did my debit order fail?,"My debit order did not go through and I need to know whether it was insufficient funds, a retry problem or a bank processing issue. The account should not be charged twice.",negative,True,digital_issue
COMM-202401-000262,ACC0059886,IND23000795,branch_visit,inbound,20/01/2024 09:10,Cash deposit issue,I made a cash deposit but the amount is not showing correctly. Please investigate the branch or ATM record.,neutral,False,
COMM-202401-000263,ACC0014808,IND19003893,phone_call,inbound,20/01/2024 17:03,Home Loan rate increase question,I am worried my home loan instalment may change. Please confirm whether my repayment will be repriced and from which date.,neutral,False,
COMM-202401-000264,ACC0026489,IND21010012,whatsapp,inbound,13-Jan-2024 04:42,Agent transfer request,The automated response is not solving my issue. Please transfer me to a consultant who can check the account.,negative,True,digital_issue
COMM-202401-000265,ACC0074322,IND23008690,branch_visit,inbound,26/01/2024 13:45,Card blocked at ATM,My card was blocked at the ATM and I need access restored or a replacement card arranged. I have an urgent payment to make.,positive,False,
COMM-202401-000266,ACC0062622,IND23025312,chatbot,inbound,2024-01-04T17:11:12+02:00,App login problem,The app is not behaving properly and I cannot complete what should be a simple transaction. Please check whether there is an issue on my profile.,negative,False,
COMM-202401-000267,ACC0033979,IND21007878,phone_call,inbound,27/01/2024 18:25,Card blocked at ATM,My card was blocked at the ATM and I need access restored or a replacement card arranged. I have an urgent payment to make.,neutral,False,
COMM-202401-000268,ACC0031091,IND21007166,whatsapp,inbound,10-Jan-2024 11:21,App login problem,The app is not behaving properly and I cannot complete what should be a simple transaction. Please check whether there is an issue on my profile.,neutral,False,
COMM-202401-000269,ACC0065598,IND23006463,app_message,inbound,2024-01-19T10:12:47+02:00,Transfer not reflecting,I made a transfer and it is still not reflecting. Please check whether the payment is delayed in your system.,negative,False,
COMM-202401-000270,ACC0056347,IND22020342,branch_visit,inbound,09/01/2024 13:10,Home Loan rate increase question,I am worried my home loan instalment may change. Please confirm whether my repayment will be repriced and from which date. I saw the article 'Banks watch debit-order strain as households adjust spending' and wanted to check how it affects my account.,negative,True,failed_transaction
COMM-202401-000271,ACC0005256,IND19015582,email,outbound,2024-01-10 21:19:33,New statement available,"Your latest account statement is available. Please review the charges, interest and debit order activity.",neutral,False,
COMM-202401-000272,ACC0007493,IND19003510,phone_call,inbound,20/01/2024 14:39,Why did my debit order fail?,"My debit order did not go through and I need to know whether it was insufficient funds, a retry problem or a bank processing issue. The account should not be charged twice.",negative,True,fee_dispute
COMM-202401-000273,ACC0032705,IND21008955,app_message,inbound,2024-01-08T10:29:59+02:00,Home Loan rate increase question,I am worried my home loan instalment may change. Please confirm whether my repayment will be repriced and from which date. I saw the article 'Statement delays add noise to month-end finance controls' and wanted to check how it affects my account.,negative,False,
COMM-202401-000274,ACC0036219,IND21013923,app_message,inbound,2024-01-09T09:03:13+02:00,App login problem,The app is not behaving properly and I cannot complete what should be a simple transaction. Please check whether there is an issue on my profile.,neutral,False,
COMM-202401-000275,ACC0078161,IND23000679,app_message,inbound,2024-01-28T10:30:37+02:00,Why did my debit order fail?,"My debit order did not go through and I need to know whether it was insufficient funds, a retry problem or a bank processing issue. The account should not be charged twice.",negative,True,service_delay
COMM-202401-000276,ACC0032959,IND21012878,social_media,inbound,2024/01/03 07:38:56,Kudos to branch staff,The branch team helped me quickly and explained the account options clearly. Please pass on my thanks.,positive,False,
COMM-202401-000277,ACC0065685,IND23006068,phone_call,inbound,16/01/2024 16:41,Why did my debit order fail?,"My debit order did not go through and I need to know whether it was insufficient funds, a retry problem or a bank processing issue. The account should not be charged twice.",negative,True,digital_issue
COMM-202401-000278,ACC0063157,IND23001614,chatbot,inbound,2024-01-26T18:32:23+02:00,Home Loan rate increase question,I am worried my home loan instalment may change. Please confirm whether my repayment will be repriced and from which date. I saw the article 'Banking analytics agenda: five signals to watch this month' and wanted to check how it affects my account.,negative,True,service_delay
COMM-202401-000279,ACC0045417,IND22016729,phone_call,inbound,13/01/2024 17:41,Card blocked at ATM,My card was blocked at the ATM and I need access restored or a replacement card arranged. I have an urgent payment to make.,positive,False,
COMM-202401-000280,ACC0060665,IND23000746,sms,inbound,2024-01-28T11:50:42+02:00,Why did my debit order fail?,"My debit order did not go through and I need to know whether it was insufficient funds, a retry problem or a bank processing issue. The account should not be charged twice.",positive,False,
COMM-202401-000281,ACC0057421,IND22007903,whatsapp,inbound,03-Jan-2024 19:32,Unauthorised bank charge enquiry,Please explain the latest bank charge on my statement. I cannot see why this fee was taken and I want it reversed if it was incorrect.,neutral,False,
COMM-202401-000282,ACC0027151,IND21013770,branch_visit,inbound,25/01/2024 08:05,Cash deposit issue,I made a cash deposit but the amount is not showing correctly. Please investigate the branch or ATM record.,negative,True,digital_issue
COMM-202401-000283,ACC0051312,IND22000023,email,inbound,2024-01-17 12:24:35,Suggestion for bank app,I have feedback on the app experience and would like the product team to review it.,negative,False,
COMM-202401-000284,ACC0025773,IND21012002,phone_call,inbound,31/01/2024 14:19,Home Loan rate increase question,"Howzit, I am worried my home loan instalment may change. Please confirm whether my repayment will be repriced and from which date. I saw the article 'Banks watch debit-order strain as households adjust spending' and wanted to check how it affects my account.",negative,False,
COMM-202401-000285,ACC0070459,IND23015494,sms,outbound,2024-01-23T14:47:20+02:00,Suspicious transaction alert,We detected activity that may require confirmation. Please reply or contact the bank if this transaction was not yours.,neutral,False,
COMM-202401-000286,ACC0035231,IND21016469,branch_visit,inbound,14/01/2024 10:20,Home Loan rate increase question,I am worried my home loan instalment may change. Please confirm whether my repayment will be repriced and from which date. I saw the article 'Conduct teams press for clearer evidence on fees and failed payments' and wanted to check how it affects my account.,negative,True,failed_transaction
COMM-202401-000287,ACC0058153,IND23006910,phone_call,inbound,26/01/2024 18:36,Why did my debit order fail?,"Eish, My debit order did not go through and I need to know whether it was insufficient funds, a retry problem or a bank processing issue. The account should not be charged twice.",negative,True,statement_error
COMM-202401-000288,ACC0012219,IND19008337,branch_visit,inbound,30/01/2024 12:00,Branch appointment request,I would like to book time at the branch to sort out my account and get printed documents for my records.,neutral,False,
COMM-202401-000289,ACC0064666,IND23014313,email,inbound,2024-01-28 17:55:56,Home Loan rate increase question,I am worried my home loan instalment may change. Please confirm whether my repayment will be repriced and from which date. I saw the article 'Banking analytics agenda: five signals to watch this month' and wanted to check how it affects my account.,neutral,False,
COMM-202401-000290,ACC0046181,IND22012227,email,inbound,2024-01-12 20:25:11,Account enquiry,Please assist with my banking enquiry.,neutral,False,
COMM-202401-000291,ACC0043287,IND22004712,app_message,inbound,2024-01-01T09:52:13+02:00,Why did my debit order fail?,"My debit order did not go through and I need to know whether it was insufficient funds, a retry problem or a bank processing issue. The account should not be charged twice.",negative,True,failed_transaction
COMM-202401-000292,ACC0060451,IND23011613,whatsapp,inbound,28-Jan-2024 18:27,Home Loan rate increase question,I am worried my home loan instalment may change. Please confirm whether my repayment will be repriced and from which date. I saw the article 'Banking analytics agenda: five signals to watch this month' and wanted to check how it affects my account.,negative,True,fee_dispute
COMM-202401-000293,ACC0068695,IND23000405,branch_visit,inbound,26/01/2024 10:20,Home Loan rate increase question,I am worried my home loan instalment may change. Please confirm whether my repayment will be repriced and from which date. I saw the article 'Banks watch debit-order strain as households adjust spending' and wanted to check how it affects my account.,neutral,False,
COMM-202401-000294,ACC0073052,IND23011503,sms,outbound,2024-01-28T13:18:56+02:00,Branch holiday hours,Please note adjusted branch hours this month. Digital channels remain available for balance checks and transfers.,neutral,False,
COMM-202401-000295,ACC0001880,IND19004294,sms,outbound,2024-01-22T17:50:35+02:00,New statement available,"Your latest account statement is available. Please review the charges, interest and debit order activity.",neutral,False,
COMM-202401-000296,ACC0053251,IND22006066,phone_call,inbound,16/01/2024 13:12,Card blocked at ATM,My card was blocked at the ATM and I need access restored or a replacement card arranged. I have an urgent payment to make.,neutral,False,
COMM-202401-000297,ACC0033343,IND21012588,email,inbound,2024-01-16 19:44:45,Why did my debit order fail?,"My debit order did not go through and I need to know whether it was insufficient funds, a retry problem or a bank processing issue. The account should not be charged twice.",negative,True,staff_behavior
COMM-202401-000298,ACC0034978,IND21011184,app_message,outbound,2024-01-17T11:27:53+02:00,New statement available,"Your latest account statement is available. Please review the charges, interest and debit order activity.",positive,False,
COMM-202401-000299,ACC0044021,IND22006117,sms,outbound,2024-01-20T18:46:41+02:00,Suspicious transaction alert,We detected activity that may require confirmation. Please reply or contact the bank if this transaction was not yours.,neutral,False,
COMM-202401-000300,ACC0053114,IND22015771,phone_call,inbound,23/01/2024 16:10,Home Loan rate increase question,I am worried my home loan instalment may change. Please confirm whether my repayment will be repriced and from which date. I saw the article 'Conduct teams press for clearer evidence on fees and failed payments' and wanted to check how it affects my account.,negative,True,failed_transaction
COMM-202401-000301,ACC0038413,IND22001365,app_message,inbound,2024-01-02T17:28:40+02:00,Digital wallet setup help,I need help setting up the digital wallet and linking it to the right account. The app keeps asking me to try again later.,negative,True,service_delay
COMM-202401-000302,ACC0015441,IND19009828,phone_call,inbound,14/01/2024 12:38,Branch appointment request,I would like to book time at the branch to sort out my account and get printed documents for my records.,negative,True,staff_behavior
COMM-202401-000303,ACC0052620,IND22000062,whatsapp,inbound,22-Jan-2024 16:19,Why did my debit order fail?,"My debit order did not go through and I need to know whether it was insufficient funds, a retry problem or a bank processing issue. The account should not be charged twice.",negative,True,service_delay
COMM-202401-000304,ACC0008990,IND19004746,chatbot,inbound,2024-01-24T07:22:59+02:00,Why did my debit order fail?,"My debit order did not go through and I need to know whether it was insufficient funds, a retry problem or a bank processing issue. The account should not be charged twice.",negative,True,service_delay
COMM-202401-000305,ACC0063157,IND23001614,phone_call,inbound,19/01/2024 14:48,Why did my debit order fail?,"My debit order did not go through and I need to know whether it was insufficient funds, a retry problem or a bank processing issue. The account should not be charged twice.",negative,True,digital_issue
COMM-202401-000306,ACC0056265,IND22002415,phone_call,inbound,20/01/2024 09:31,Branch appointment request,I would like to book time at the branch to sort out my account and get printed documents for my records.,positive,False,
COMM-202401-000307,ACC0049754,IND22018776,social_media,inbound,2024/01/12 22:39:56,Home Loan rate increase question,I am worried my home loan instalment may change. Please confirm whether my repayment will be repriced and from which date. I saw the article 'Banks watch debit-order strain as households adjust spending' and wanted to check how it affects my account.,positive,False,
COMM-202401-000308,ACC0029567,IND21007717,branch_visit,inbound,14/01/2024 08:45,Complaint about service,The service delay is frustrating. I have followed up more than once and still do not have a proper answer.,positive,False,
COMM-202401-000309,ACC0013153,IND19004697,whatsapp,inbound,23-Jan-2024 20:25,App login problem,The app is not behaving properly and I cannot complete what should be a simple transaction. Please check whether there is an issue on my profile.,neutral,False,
COMM-202401-000310,ACC0050727,IND22000868,sms,outbound,2024-01-23T18:54:50+02:00,New statement available,"Your latest account statement is available. Please review the charges, interest and debit order activity.",neutral,False,
COMM-202401-000311,ACC0051143,IND22003467,branch_visit,inbound,17/01/2024 12:05,Complaint about service,The service delay is frustrating. I have followed up more than once and still do not have a proper answer.,neutral,False,
COMM-202401-000312,ACC0062226,IND23002414,whatsapp,inbound,29-Jan-2024 16:22,Unauthorised bank charge enquiry,Please explain the latest bank charge on my statement. I cannot see why this fee was taken and I want it reversed if it was incorrect.,positive,False,
COMM-202401-000313,ACC0041683,IND22010802,app_message,inbound,2024-01-31T14:16:24+02:00,Transfer not reflecting,I made a transfer and it is still not reflecting. Please check whether the payment is delayed in your system.,neutral,False,
COMM-202401-000314,ACC0042044,IND22010681,whatsapp,inbound,16-Jan-2024 16:45,Agent transfer request,The automated response is not solving my issue. Please transfer me to a consultant who can check the account.,positive,False,
COMM-202401-000315,ACC0041862,IND22001716,whatsapp,inbound,08-Jan-2024 16:26,Agent transfer request,The automated response is not solving my issue. Please transfer me to a consultant who can check the account.,neutral,False,
COMM-202401-000316,ACC0023174,IND21010030,chatbot,inbound,2024-01-19T13:03:04+02:00,App login problem,The app is not behaving properly and I cannot complete what should be a simple transaction. Please check whether there is an issue on my profile.,negative,True,digital_issue
COMM-202401-000317,ACC0040116,IND22011247,chatbot,inbound,2024-01-14T08:57:29+02:00,Agent transfer request,The automated response is not solving my issue. Please transfer me to a consultant who can check the account.,negative,True,service_delay
COMM-202401-000318,ACC0031188,IND21008991,whatsapp,outbound,28-Jan-2024 07:34,New statement available,"Your latest account statement is available. Please review the charges, interest and debit order activity.",neutral,False,
COMM-202401-000319,ACC0076402,IND23012505,email,inbound,2024-01-06 10:51:24,Why did my debit order fail?,"My debit order did not go through and I need to know whether it was insufficient funds, a retry problem or a bank processing issue. The account should not be charged twice.",negative,True,incorrect_charge
COMM-202401-000320,ACC0011428,IND19000865,chatbot,inbound,2024-01-29T16:07:52+02:00,Agent transfer request,The automated response is not solving my issue. Please transfer me to a consultant who can check the account.,negative,True,service_delay
COMM-202401-000321,ACC0033613,IND21004932,email,inbound,2024-01-28 13:36:27,Unauthorised bank charge enquiry,Please explain the latest bank charge on my statement. I cannot see why this fee was taken and I want it reversed if it was incorrect.,negative,True,fee_dispute
COMM-202401-000322,ACC0026375,IND21009017,app_message,inbound,2024-01-03T06:02:53+02:00,Unauthorised bank charge enquiry,Please explain the latest bank charge on my statement. I cannot see why this fee was taken and I want it reversed if it was incorrect.,negative,True,fee_dispute
COMM-202401-000323,ACC0062509,IND23005114,social_media,inbound,2024/01/09 19:14:26,Kudos to branch staff,The branch team helped me quickly and explained the account options clearly. Please pass on my thanks.,neutral,False,
COMM-202401-000324,ACC0051666,IND22001345,phone_call,inbound,05/01/2024 12:44,Home Loan rate increase question,I am worried my home loan instalment may change. Please confirm whether my repayment will be repriced and from which date.,negative,True,fee_dispute
COMM-202401-000325,ACC0006085,IND19012573,sms,outbound,2024-01-26T11:22:36+02:00,New statement available,"Your latest account statement is available. Please review the charges, interest and debit order activity.",negative,True,fee_dispute
COMM-202401-000326,ACC0034635,IND21010200,whatsapp,inbound,22-Jan-2024 19:28,Unauthorised bank charge enquiry,Please explain the latest bank charge on my statement. I cannot see why this fee was taken and I want it reversed if it was incorrect.,neutral,False,
COMM-202401-000327,ACC0040091,IND22011534,whatsapp,outbound,24-Jan-2024 06:41,New statement available,"Your latest account statement is available. Please review the charges, interest and debit order activity.",positive,False,
COMM-202401-000328,ACC0017446,IND19013286,social_media,inbound,2024/01/08 09:58:23,Kudos to branch staff,The branch team helped me quickly and explained the account options clearly. Please pass on my thanks.,positive,False,
COMM-202401-000329,ACC0026661,IND21011412,social_media,inbound,2024/01/01 12:48:01,App login problem,"Eish, The app is not behaving properly and I cannot complete what should be a simple transaction. Please check whether there is an issue on my profile.",positive,False,
COMM-202401-000330,ACC0032302,IND21007114,social_media,inbound,2024/01/26 08:35:29,Home Loan rate increase question,I am worried my home loan instalment may change. Please confirm whether my repayment will be repriced and from which date. I saw the article 'Operational resilience returns to the agenda after payment interruptions' and wanted to check how it affects my account.,neutral,False,
COMM-202401-000331,ACC0038168,IND22017187,social_media,inbound,2024/01/06 11:40:51,Unauthorised bank charge enquiry,Please explain the latest bank charge on my statement. I cannot see why this fee was taken and I want it reversed if it was incorrect.,positive,False,
COMM-202401-000332,ACC0042785,COM22000436,phone_call,inbound,29/01/2024 17:18,Home Loan rate increase question,I am worried my home loan instalment may change. Please confirm whether my repayment will be repriced and from which date. I saw the article 'Conduct teams press for clearer evidence on fees and failed payments' and wanted to check how it affects my account.,neutral,False,
COMM-202401-000333,ACC0076802,IND23012759,chatbot,inbound,2024-01-30T15:21:04+02:00,Reset password,I need help resetting my password and confirming that my profile has not been locked.,neutral,False,
COMM-202401-000334,ACC0031745,IND21001306,phone_call,inbound,20/01/2024 15:41,Branch appointment request,I would like to book time at the branch to sort out my account and get printed documents for my records.,neutral,False,
COMM-202401-000335,ACC0035849,COM21000327,sms,outbound,2024-01-22T19:16:09+02:00,Your loan repayment failed due to insufficient funds,Your scheduled loan repayment was not successful. Please fund your account or contact us to discuss payment options.,neutral,False,
COMM-202401-000336,ACC0032479,IND21012712,chatbot,inbound,2024-01-30T16:12:27+02:00,Agent transfer request,The automated response is not solving my issue. Please transfer me to a consultant who can check the account.,neutral,False,
COMM-202401-000337,ACC0064787,IND23023484,chatbot,inbound,2024-01-01T07:54:40+02:00,Why did my debit order fail?,"My debit order did not go through and I need to know whether it was insufficient funds, a retry problem or a bank processing issue. The account should not be charged twice.",negative,True,failed_transaction
COMM-202401-000338,ACC0067732,IND23014555,branch_visit,inbound,27/01/2024 12:15,Home Loan rate increase question,I am worried my home loan instalment may change. Please confirm whether my repayment will be repriced and from which date. I saw the article 'Statement delays add noise to month-end finance controls' and wanted to check how it affects my account.,positive,False,
COMM-202401-000339,ACC0026310,IND21007906,branch_visit,inbound,09/01/2024 15:10,Complaint about service,The service delay is frustrating. I have followed up more than once and still do not have a proper answer.,neutral,False,
COMM-202401-000340,ACC0071349,IND23015643,whatsapp,inbound,30-Jan-2024 09:43,Home Loan rate increase question,I am worried my home loan instalment may change. Please confirm whether my repayment will be repriced and from which date. I saw the article 'Operational resilience returns to the agenda after payment interruptions' and wanted to check how it affects my account.,negative,False,
COMM-202401-000341,ACC0050726,IND22017335,whatsapp,outbound,11-Jan-2024 11:36,New statement available,"Your latest account statement is available. Please review the charges, interest and debit order activity.",neutral,False,
COMM-202401-000342,ACC0011377,IND19012177,sms,outbound,2024-01-28T07:39:51+02:00,Branch holiday hours,Please note adjusted branch hours this month. Digital channels remain available for balance checks and transfers.,neutral,False,
COMM-202401-000343,ACC0027642,IND21014750,chatbot,outbound,2024-01-19T08:33:09+02:00,New statement available,"Your latest account statement is available. Please review the charges, interest and debit order activity.",neutral,False,
COMM-202401-000344,ACC0045728,IND22015765,app_message,inbound,2024-01-11T22:56:36+02:00,Transfer not reflecting,I made a transfer and it is still not reflecting. Please check whether the payment is delayed in your system.,neutral,False,
COMM-202401-000345, ACC0014975 ,IND19000727,app_message,inbound,2024-01-15T02:43:30+02:00,Home Loan rate increase question,I am worried my home loan instalment may change. Please confirm whether my repayment will be repriced and from which date. I saw the article 'Conduct teams press for clearer evidence on fees and failed payments' and wanted to check how it affects my account.,neutral,False,
COMM-202401-000346,ACC0006439,IND19010454,whatsapp,inbound,21-Jan-2024 18:52,Unauthorised bank charge enquiry,Please explain the latest bank charge on my statement. I cannot see why this fee was taken and I want it reversed if it was incorrect.,negative,False,
COMM-202401-000347,ACC0016554,IND19000992,whatsapp,inbound,25-Jan-2024 22:08,Why did my debit order fail?,"My debit order did not go through and I need to know whether it was insufficient funds, a retry problem or a bank processing issue. The account should not be charged twice.",negative,True,digital_issue
COMM-202401-000348,ACC0050282,IND22014331,whatsapp,inbound,20-Jan-2024 17:38,Why did my debit order fail?,"My debit order did not go through and I need to know whether it was insufficient funds, a retry problem or a bank processing issue. The account should not be charged twice.",negative,True,failed_transaction
COMM-202401-000349,ACC0022622,IND21013791,social_media,inbound,2024/01/18 08:30:56,Complaint about service,The service delay is frustrating. I have followed up more than once and still do not have a proper answer.,neutral,False,
COMM-202401-000350,ACC0026307,IND21005606,whatsapp,inbound,24-Jan-2024 17:05,Unauthorised bank charge enquiry,Please explain the latest bank charge on my statement. I cannot see why this fee was taken and I want it reversed if it was incorrect.,negative,True,incorrect_charge
COMM-202401-000351,ACC0063157,IND23001614,branch_visit,inbound,20/01/2024 11:30,Card blocked at ATM,My card was blocked at the ATM and I need access restored or a replacement card arranged. I have an urgent payment to make.,negative,True,fee_dispute
COMM-202401-000352,ACC0042937,IND22001070,sms,outbound,2024-01-31T07:20:05+02:00,New statement available,"Your latest account statement is available. Please review the charges, interest and debit order activity.",neutral,False,
COMM-202401-000353,ACC0022715,IND21008530,branch_visit,inbound,30/01/2024 14:20,Home Loan rate increase question,I am worried my home loan instalment may change. Please confirm whether my repayment will be repriced and from which date. I saw the article 'Banking analytics agenda: five signals to watch this month' and wanted to check how it affects my account.,negative,False,
COMM-202401-000354,ACC0022999,IND21008604,phone_call,inbound,13/01/2024 10:28,Unauthorised bank charge enquiry,Please explain the latest bank charge on my statement. I cannot see why this fee was taken and I want it reversed if it was incorrect.,neutral,False,
COMM-202401-000355,ACC0048021,IND22003340,app_message,inbound,2024-01-06T12:15:35+02:00,Balance check,Please confirm my available balance and whether any debit orders are still pending.,neutral,False,
COMM-202401-000356,ACC0074935,IND23000276,chatbot,inbound,2024-01-23T16:53:59+02:00,App login problem,The app is not behaving properly and I cannot complete what should be a simple transaction. Please check whether there is an issue on my profile.,neutral,False,
COMM-202401-000357,ACC0049513,IND22013301,whatsapp,inbound,23-Jan-2024 13:51,Unauthorised bank charge enquiry,Please explain the latest bank charge on my statement. I cannot see why this fee was taken and I want it reversed if it was incorrect.,neutral,False,
COMM-202401-000358,ACC0043175,IND22006331,whatsapp,inbound,14-Jan-2024 17:59,App login problem,The app is not behaving properly and I cannot complete what should be a simple transaction. Please check whether there is an issue on my profile.,negative,True,digital_issue
COMM-202401-000359,ACC0043668,IND22007613,branch_visit,inbound,18/01/2024 11:20,Card blocked at ATM,My card was blocked at the ATM and I need access restored or a replacement card arranged. I have an urgent payment to make.,negative,True,service_delay
COMM-202401-000360,ACC0052892,IND22006660,app_message,outbound,2024-01-31T16:36:13+02:00,New statement available,"Your latest account statement is available. Please review the charges, interest and debit order activity.",negative,False,
COMM-202401-000361,ACC0008363,IND19001972,chatbot,inbound,2024-01-21T11:01:03+02:00,App login problem,The app is not behaving properly and I cannot complete what should be a simple transaction. Please check whether there is an issue on my profile.,neutral,False,
COMM-202401-000362,ACC0077038,IND23018970,social_media,inbound,2024/01/15 14:30:38,Kudos to branch staff,The branch team helped me quickly and explained the account options clearly. Please pass on my thanks.,positive,False,
COMM-202401-000363,ACC0078838,IND23013058,sms,outbound,2024-01-15T09:39:34+02:00,Suspicious transaction alert,We detected activity that may require confirmation. Please reply or contact the bank if this transaction was not yours.,negative,True,fraud_concern
COMM-202401-000364,ACC0058426,IND23012370,email,inbound,2024-01-15 18:50:42,Statement copy request,Please send me a copy of my latest statement and confirm the closing balance used for the month-end calculation.,negative,True,staff_behavior
COMM-202401-000365,ACC0023655,IND21007433,email,inbound,2024-01-05 18:48:12,App login problem,The app is not behaving properly and I cannot complete what should be a simple transaction. Please check whether there is an issue on my profile.,neutral,False,
COMM-202401-000366,ACC0054734,IND22023914,phone_call,inbound,19/01/2024 16:55,Card blocked at ATM,My card was blocked at the ATM and I need access restored or a replacement card arranged. I have an urgent payment to make.,negative,True,other
COMM-202401-000367,ACC0049625,IND22015626,whatsapp,outbound,29-Jan-2024 15:20,New statement available,"Your latest account statement is available. Please review the charges, interest and debit order activity.",neutral,False,
COMM-202401-000368,ACC0032372,IND21007989,app_message,inbound,2024-01-20T19:38:46+02:00,Why did my debit order fail?,"My debit order did not go through and I need to know whether it was insufficient funds, a retry problem or a bank processing issue. The account should not be charged twice.",negative,True,digital_issue
COMM-202401-000369,ACC0067086,IND23004897,social_media,inbound,2024/01/24 18:19:45,Why did my debit order fail?,"My debit order did not go through and I need to know whether it was insufficient funds, a retry problem or a bank processing issue. The account should not be charged twice.",negative,True,other
COMM-202401-000370,ACC0020611,IND20001118,social_media,inbound,2024/01/24 07:22:03,App login problem,The app is not behaving properly and I cannot complete what should be a simple transaction. Please check whether there is an issue on my profile.,negative,True,digital_issue
COMM-202401-000371,ACC0040820,IND22005346,app_message,outbound,2024-01-27T14:43:03+02:00,New statement available,"Your latest account statement is available. Please review the charges, interest and debit order activity.",neutral,False,
COMM-202401-000372,ACC0061029,COM23000399,sms,outbound,2024-01-16T14:54:08+02:00,Branch holiday hours,Please note adjusted branch hours this month. Digital channels remain available for balance checks and transfers.,neutral,False,
COMM-202401-000373,ACC0048822,IND22020517,whatsapp,outbound,30-Jan-2024 20:37,New statement available,"Your latest account statement is available. Please review the charges, interest and debit order activity.",positive,False,
COMM-202401-000374,ACC0035296,IND21020414,phone_call,inbound,15/01/2024 14:25,Home Loan rate increase question,I am worried my home loan instalment may change. Please confirm whether my repayment will be repriced and from which date.,neutral,False,
COMM-202401-000375,ACC0065089,IND23008490,social_media,inbound,2024/01/30 13:09:09,App login problem,The app is not behaving properly and I cannot complete what should be a simple transaction. Please check whether there is an issue on my profile.,negative,True,failed_transaction
COMM-202401-000376,ACC0060843,IND23010644,phone_call,inbound,12/01/2024 12:22,Unauthorised bank charge enquiry,Please explain the latest bank charge on my statement. I cannot see why this fee was taken and I want it reversed if it was incorrect.,negative,False,
COMM-202401-000377,ACC0022281,IND21001471,app_message,inbound,2024-01-09T02:19:36+02:00,Digital wallet setup help,I need help setting up the digital wallet and linking it to the right account. The app keeps asking me to try again later.,neutral,False,
COMM-202401-000378,ACC0022032,IND21006553,sms,outbound,2024-01-22T20:16:12+02:00,New statement available,"Your latest account statement is available. Please review the charges, interest and debit order activity.",positive,False,
COMM-202401-000379,ACC0040258,IND22012144,phone_call,inbound,15/01/2024 09:34,Why did my debit order fail?,"My debit order did not go through and I need to know whether it was insufficient funds, a retry problem or a bank processing issue. The account should not be charged twice.",negative,True,digital_issue
COMM-202401-000380,ACC0021234,IND20002448,app_message,inbound,2024-01-11T20:48:19+02:00,Transfer not reflecting,I made a transfer and it is still not reflecting. Please check whether the payment is delayed in your system.,neutral,False,
