comm_id,account_id,customer_id,channel,direction,timestamp,subject,body,sentiment,is_complaint,complaint_category
COMM-202403-000001,ACC0080935,IND2401018062,email,outbound,2024-03-04 09:06:38,New statement available,"Your latest account statement is available. Please review the charges, interest and debit order activity.",positive,False,
COMM-202403-000002,ACC0080859,IND2401003948,whatsapp,inbound,27-Mar-2024 21:28,Reset password,I need help resetting my password and confirming that my profile has not been locked.,negative,True,service_delay
COMM-202403-000003,ACC0049662,IND2208018509,branch_visit,inbound,19/03/2024 15:30,Why did my debit order fail?,"My debit order did not go through and I need to know whether it was insufficient funds, a retry problem or a bank processing issue. The account should not be charged twice.",negative,True,digital_issue
COMM-202403-000004,ACC0034132,IND2110004460,phone_call,inbound,01/03/2024 18:56,Card blocked at ATM,My card was blocked at the ATM and I need access restored or a replacement card arranged. I have an urgent payment to make.,neutral,False,
COMM-202403-000005,ACC0042215,IND2203002976,social_media,inbound,2024/03/29 08:39:45,App login problem,The app is not behaving properly and I cannot complete what should be a simple transaction. Please check whether there is an issue on my profile.,negative,True,digital_issue
COMM-202403-000006,ACC0023404,IND2102001158,email,inbound,2024-03-25 09:49:21,Home Loan rate increase question,I am worried my home loan instalment may change. Please confirm whether my repayment will be repriced and from which date. I saw the article 'Retail banks sharpen arrears analytics as payment stress persists' and wanted to check how it affects my account.,positive,False,
COMM-202403-000007,ACC0083211,IND2402014193,branch_visit,inbound,12/03/2024 13:00,Complaint about service,The service delay is frustrating. I have followed up more than once and still do not have a proper answer.,neutral,False,
COMM-202403-000008,ACC0011294,IND1908016111,email,inbound,2024-03-09 10:08:22,Why did my debit order fail?,"My debit order did not go through and I need to know whether it was insufficient funds, a retry problem or a bank processing issue. The account should not be charged twice.",negative,True,other
COMM-202403-000009,ACC0021594,IND2101000368,email,outbound,2024-03-25 14:00:59,New statement available,"Your latest account statement is available. Please review the charges, interest and debit order activity.",neutral,False,
COMM-202403-000010,ACC0034489,IND2111011607,email,inbound,2024-03-13 15:56:09,Unauthorised bank charge enquiry,Please explain the latest bank charge on my statement. I cannot see why this fee was taken and I want it reversed if it was incorrect.,neutral,False,
COMM-202403-000011,ACC0012109,IND1908002079,phone_call,inbound,13/03/2024 07:23,Home Loan rate increase question,I am worried my home loan instalment may change. Please confirm whether my repayment will be repriced and from which date. I saw the article 'Retail banks sharpen arrears analytics as payment stress persists' and wanted to check how it affects my account.,neutral,False,
COMM-202403-000012,ACC0027668,IND2105001162,sms,outbound,2024-03-27T12:22:51+02:00,Your loan repayment failed due to insufficient funds,Your scheduled loan repayment was not successful. Please fund your account or contact us to discuss payment options.,negative,True,incorrect_charge
COMM-202403-000013,ACC0058886,IND2301011528,whatsapp,inbound,16-Mar-2024 17:49,Unauthorised bank charge enquiry,Please explain the latest bank charge on my statement. I cannot see why this fee was taken and I want it reversed if it was incorrect.,neutral,False,
COMM-202403-000014,ACC0005647,IND1904010661,sms,outbound,2024-03-13T22:06:36+02:00,New statement available,"Your latest account statement is available. Please review the charges, interest and debit order activity.",negative,True,failed_transaction
COMM-202403-000015,ACC0020823,IND2010002336,app_message,inbound,2024-03-30T06:07:29+02:00,Balance check,Please confirm my available balance and whether any debit orders are still pending.,negative,True,service_delay
COMM-202403-000016,ACC0044511,IND2205018982,app_message,inbound,2024-03-25T20:29:47+02:00,App login problem,The app is not behaving properly and I cannot complete what should be a simple transaction. Please check whether there is an issue on my profile.,negative,False,
COMM-202403-000017,ACC0032554,IND2109001088,app_message,inbound,2024-03-03T12:58:12+02:00,Balance check,Please confirm my available balance and whether any debit orders are still pending.,negative,False,
COMM-202403-000018,ACC0070562,IND2307011197,social_media,inbound,2024/03/26 10:02:03,Home Loan rate increase question,I am worried my home loan instalment may change. Please confirm whether my repayment will be repriced and from which date. I saw the article 'Banking analytics agenda: five signals to watch this month' and wanted to check how it affects my account.,negative,True,failed_transaction
COMM-202403-000019,ACC0083080,IND2402014681,branch_visit,inbound,24/03/2024 12:15,Why did my debit order fail?,"My debit order did not go through and I need to know whether it was insufficient funds, a retry problem or a bank processing issue. The account should not be charged twice.",negative,True,other
COMM-202403-000020,ACC0058394,IND2301013340,app_message,outbound,2024-03-09T09:53:31+02:00,New statement available,"Your latest account statement is available. Please review the charges, interest and debit order activity.",neutral,False,
COMM-202403-000021,ACC0025557,IND2104008241,branch_visit,inbound,07/03/2024 12:05,Complaint about service,The service delay is frustrating. I have followed up more than once and still do not have a proper answer.,negative,True,digital_issue
COMM-202403-000022,ACC0025063,IND2103004450,branch_visit,inbound,13/03/2024 08:20,Statement copy request,Please send me a copy of my latest statement and confirm the closing balance used for the month-end calculation.,neutral,False,
COMM-202403-000023,ACC0066846,IND2305010845,app_message,inbound,2024-03-13T18:43:44+02:00,Why did my debit order fail?,"My debit order did not go through and I need to know whether it was insufficient funds, a retry problem or a bank processing issue. The account should not be charged twice.",negative,True,digital_issue
COMM-202403-000024,ACC0066080,IND2305019751,branch_visit,inbound,15/03/2024 15:10,Cash deposit issue,I made a cash deposit but the amount is not showing correctly. Please investigate the branch or ATM record.,neutral,False,
COMM-202403-000025,ACC0062802,IND2304016095,app_message,inbound,2024-03-25T23:57:29+02:00,Home Loan rate increase question,I am worried my home loan instalment may change. Please confirm whether my repayment will be repriced and from which date. I saw the article 'Digital channels reshape banking workloads as customer growth continues' and wanted to check how it affects my account.,neutral,False,
COMM-202403-000026,ACC0054483,IND2211012234,sms,outbound,2024-03-29T11:57:56+02:00,Your loan repayment failed due to insufficient funds,Your scheduled loan repayment was not successful. Please fund your account or contact us to discuss payment options.,negative,True,staff_behavior
COMM-202403-000027,ACC0070041,IND2307002332,chatbot,inbound,2024-03-25T06:05:37+02:00,App login problem,The app is not behaving properly and I cannot complete what should be a simple transaction. Please check whether there is an issue on my profile.,positive,False,
COMM-202403-000028,ACC0057646,IND2301008635,app_message,inbound,2024-03-20T15:37:27+02:00,Transfer not reflecting,I made a transfer and it is still not reflecting. Please check whether the payment is delayed in your system.,neutral,False,
COMM-202403-000029,ACC0020776,IND2010001207,whatsapp,outbound,24-Mar-2024 07:32,New statement available,"Your latest account statement is available. Please review the charges, interest and debit order activity.",neutral,False,
COMM-202403-000030,ACC0022904,IND2102012051,app_message,inbound,2024-03-03T18:50:05+02:00,Digital wallet setup help,I need help setting up the digital wallet and linking it to the right account. The app keeps asking me to try again later.,negative,True,failed_transaction
COMM-202403-000031,ACC0083001,IND2402004199,app_message,inbound,2024-03-28T11:52:54+02:00,Unauthorised bank charge enquiry,Please explain the latest bank charge on my statement. I cannot see why this fee was taken and I want it reversed if it was incorrect.,negative,True,incorrect_charge
COMM-202403-000032,ACC0067316,IND2306024486,chatbot,inbound,2024-03-29T10:53:21+02:00,Unauthorised bank charge enquiry,Please explain the latest bank charge on my statement. I cannot see why this fee was taken and I want it reversed if it was incorrect.,negative,False,
COMM-202403-000033,ACC0081059,IND2401004940,email,inbound,2024-03-01 15:03:02,Suggestion for bank app,I have feedback on the app experience and would like the product team to review it.,neutral,False,
COMM-202403-000034,ACC0029541,IND2106014882,branch_visit,inbound,05/03/2024 09:00,Branch appointment request,I would like to book time at the branch to sort out my account and get printed documents for my records.,negative,False,
COMM-202403-000035,ACC0082679,IND2402013762,whatsapp,inbound,15-Mar-2024 14:48,Agent transfer request,The automated response is not solving my issue. Please transfer me to a consultant who can check the account.,neutral,False,
COMM-202403-000036,ACC0002601,IND1902015358,whatsapp,inbound,14-Mar-2024 08:41,Why did my debit order fail?,"My debit order did not go through and I need to know whether it was insufficient funds, a retry problem or a bank processing issue. The account should not be charged twice.",negative,True,digital_issue
COMM-202403-000037,ACC0015238,IND1910009294,sms,outbound,2024-03-09T17:49:58+02:00,Branch holiday hours,Please note adjusted branch hours this month. Digital channels remain available for balance checks and transfers.,positive,False,
COMM-202403-000038,ACC0038987,IND2201019709,phone_call,inbound,18/03/2024 08:27,Home Loan rate increase question,I am worried my home loan instalment may change. Please confirm whether my repayment will be repriced and from which date.,positive,False,
COMM-202403-000039,ACC0013561,IND1909006814,whatsapp,inbound,04-Mar-2024 18:23,App login problem,The app is not behaving properly and I cannot complete what should be a simple transaction. Please check whether there is an issue on my profile.,negative,False,
COMM-202403-000040,ACC0027707,IND2105005476,branch_visit,inbound,18/03/2024 11:45,Branch appointment request,I would like to book time at the branch to sort out my account and get printed documents for my records.,neutral,False,
COMM-202403-000041,ACC0005785,IND1904004403,branch_visit,inbound,23/03/2024 09:30,Complaint about service,The service delay is frustrating. I have followed up more than once and still do not have a proper answer.,neutral,False,
COMM-202403-000042,ACC0001096,IND1901016205,sms,inbound,2024-03-11T19:35:26+02:00,Why did my debit order fail?,"My debit order did not go through and I need to know whether it was insufficient funds, a retry problem or a bank processing issue. The account should not be charged twice.",negative,True,incorrect_charge
COMM-202403-000043,ACC0080487,IND2401004847,app_message,inbound,2024-03-01T14:29:35+02:00,Transfer not reflecting,I made a transfer and it is still not reflecting. Please check whether the payment is delayed in your system.,positive,False,
COMM-202403-000044,ACC0025398,IND2104013568,branch_visit,inbound,20/03/2024 15:15,Statement copy request,Please send me a copy of my latest statement and confirm the closing balance used for the month-end calculation.,neutral,False,
COMM-202403-000045,ACC0036200,IND2112008814,whatsapp,outbound,17-Mar-2024 12:03,New statement available,"Your latest account statement is available. Please review the charges, interest and debit order activity.",neutral,False,
COMM-202403-000046,ACC0017628,IND19016677,branch_visit,inbound,02/03/2024 08:30,Complaint about service,The service delay is frustrating. I have followed up more than once and still do not have a proper answer.,negative,True,staff_behavior
COMM-202403-000047,ACC0054514,IND2211007185,chatbot,inbound,2024-03-18T12:02:53+02:00,Agent transfer request,The automated response is not solving my issue. Please transfer me to a consultant who can check the account.,positive,False,
COMM-202403-000048,ACC0063053,IND2304001562,whatsapp,inbound,22-Mar-2024 10:44,Why did my debit order fail?,"My debit order did not go through and I need to know whether it was insufficient funds, a retry problem or a bank processing issue. The account should not be charged twice.",negative,True,service_delay
COMM-202403-000049,ACC0038486,IND2201019144,branch_visit,inbound,09/03/2024 14:10,Card blocked at ATM,My card was blocked at the ATM and I need access restored or a replacement card arranged. I have an urgent payment to make.,neutral,False,
COMM-202403-000050,ACC0082795,IND2402003496,whatsapp,inbound,17-Mar-2024 15:01,Why did my debit order fail?,"My debit order did not go through and I need to know whether it was insufficient funds, a retry problem or a bank processing issue. The account should not be charged twice.",negative,True,service_delay
COMM-202403-000051,ACC0043001,IND2204011014,app_message,inbound,2024-03-24T13:25:50+02:00,Balance check,Please confirm my available balance and whether any debit orders are still pending.,positive,False,
COMM-202403-000052,ACC0058148,IND2301011085,chatbot,inbound,2024-03-23T13:24:02+02:00,Why did my debit order fail?,"My debit order did not go through and I need to know whether it was insufficient funds, a retry problem or a bank processing issue. The account should not be charged twice.",negative,True,service_delay
COMM-202403-000053,ACC0075953,IND2310020899,email,inbound,2024-03-30 12:45:55,Statement copy request,Please send me a copy of my latest statement and confirm the closing balance used for the month-end calculation.,neutral,False,
COMM-202403-000054,ACC0065138,IND2305023076,phone_call,inbound,29/03/2024 14:01,Unauthorised bank charge enquiry,Please explain the latest bank charge on my statement. I cannot see why this fee was taken and I want it reversed if it was incorrect.,negative,True,incorrect_charge
COMM-202403-000055,ACC0042364,IND2203000595,chatbot,inbound,2024-03-02T19:39:21+02:00,Why did my debit order fail?,"My debit order did not go through and I need to know whether it was insufficient funds, a retry problem or a bank processing issue. The account should not be charged twice.",negative,True,service_delay
COMM-202403-000056,ACC0069525,IND2307003285,whatsapp,inbound,24-Mar-2024 06:09,Home Loan rate increase question,I am worried my home loan instalment may change. Please confirm whether my repayment will be repriced and from which date. I saw the article 'Conduct teams press for clearer evidence on fees and failed payments' and wanted to check how it affects my account.,negative,True,failed_transaction
COMM-202403-000057,ACC0079809,IND2401012690,whatsapp,inbound,08-Mar-2024 16:35,Agent transfer request,The automated response is not solving my issue. Please transfer me to a consultant who can check the account.,negative,True,service_delay
COMM-202403-000058,ACC0042327,IND2203011430,app_message,inbound,2024-03-25T19:32:17+02:00,Transfer not reflecting,I made a transfer and it is still not reflecting. Please check whether the payment is delayed in your system.,negative,True,digital_issue
COMM-202403-000059,ACC0058876,IND2301005480,phone_call,inbound,24/03/2024 14:27,Home Loan rate increase question,I am worried my home loan instalment may change. Please confirm whether my repayment will be repriced and from which date. I saw the article 'Operational resilience returns to the agenda after payment interruptions' and wanted to check how it affects my account.,neutral,False,
COMM-202403-000060,ACC0044212,IND2205016674,app_message,outbound,2024-03-28T11:51:55+02:00,New statement available,"Your latest account statement is available. Please review the charges, interest and debit order activity.",neutral,False,
COMM-202403-000061,ACC0051082,IND2209003033,phone_call,inbound,22/03/2024 14:20,Home Loan rate increase question,I am worried my home loan instalment may change. Please confirm whether my repayment will be repriced and from which date. I saw the article 'Operational resilience returns to the agenda after payment interruptions' and wanted to check how it affects my account.,positive,False,
COMM-202403-000062,ACC0044579,IND2205011002,email,inbound,2024-03-02 06:22:00,Account enquiry,Please assist with my banking enquiry.,neutral,False,
COMM-202403-000063,ACC0058474,IND2301014479,branch_visit,inbound,14/03/2024 12:00,Card blocked at ATM,My card was blocked at the ATM and I need access restored or a replacement card arranged. I have an urgent payment to make.,neutral,False,
COMM-202403-000064,ACC0035719,IND2111005228,social_media,inbound,2024/03/02 14:57:05,Kudos to branch staff,The branch team helped me quickly and explained the account options clearly. Please pass on my thanks.,positive,False,
COMM-202403-000065,ACC0082214,IND2402017601,sms,outbound,2024-03-09T12:54:04+02:00,New statement available,"Your latest account statement is available. Please review the charges, interest and debit order activity.",neutral,False,
COMM-202403-000066,ACC0056746,IND2212010519,app_message,inbound,2024-03-27T09:27:53+02:00,Balance check,Please confirm my available balance and whether any debit orders are still pending.,negative,True,service_delay
COMM-202403-000067,ACC0032871,IND2109010887,branch_visit,inbound,30/03/2024 10:15,Home Loan rate increase question,I am worried my home loan instalment may change. Please confirm whether my repayment will be repriced and from which date. I saw the article 'Retail banks sharpen arrears analytics as payment stress persists' and wanted to check how it affects my account.,negative,True,failed_transaction
COMM-202403-000068,ACC0026885,IND2104014982,sms,outbound,2024-03-10T21:34:23+02:00,Branch holiday hours,Please note adjusted branch hours this month. Digital channels remain available for balance checks and transfers.,neutral,False,
COMM-202403-000069,ACC0043464,IND2204009995,phone_call,inbound,27/03/2024 16:03,Home Loan rate increase question,I am worried my home loan instalment may change. Please confirm whether my repayment will be repriced and from which date.,positive,False,
COMM-202403-000070,ACC0066934,IND2305009008,sms,outbound,2024-03-24T15:33:43+02:00,Branch holiday hours,Please note adjusted branch hours this month. Digital channels remain available for balance checks and transfers.,negative,False,
COMM-202403-000071,ACC0015390,IND1910000910,sms,inbound,2024-03-19T13:04:56+02:00,Why did my debit order fail?,"My debit order did not go through and I need to know whether it was insufficient funds, a retry problem or a bank processing issue. The account should not be charged twice.",neutral,False,
COMM-202403-000072,ACC0080859,IND2401003948,app_message,inbound,2024-03-20T02:09:11+02:00,Unauthorised bank charge enquiry,Please explain the latest bank charge on my statement. I cannot see why this fee was taken and I want it reversed if it was incorrect.,neutral,False,
COMM-202403-000073,ACC0062404,IND2304015994,app_message,inbound,2024-03-10T06:32:01+02:00,Digital wallet setup help,I need help setting up the digital wallet and linking it to the right account. The app keeps asking me to try again later.,neutral,False,
COMM-202403-000074,ACC0022904,IND2102012051,app_message,inbound,2024-03-22T08:21:43+02:00,Unauthorised bank charge enquiry,Please explain the latest bank charge on my statement. I cannot see why this fee was taken and I want it reversed if it was incorrect.,negative,True,fee_dispute
COMM-202403-000075,ACC0002378,IND1902000460,phone_call,inbound,26/03/2024 07:12,Home Loan rate increase question,I am worried my home loan instalment may change. Please confirm whether my repayment will be repriced and from which date. I saw the article 'Statement delays add noise to month-end finance controls' and wanted to check how it affects my account.,neutral,False,
COMM-202403-000076,ACC0005775,IND1904005306,whatsapp,inbound,03-Mar-2024 13:23,App login problem,The app is not behaving properly and I cannot complete what should be a simple transaction. Please check whether there is an issue on my profile.,neutral,False,
COMM-202403-000077,ACC0080171,IND2401002194,whatsapp,inbound,21-Mar-2024 06:42,Home Loan rate increase question,I am worried my home loan instalment may change. Please confirm whether my repayment will be repriced and from which date. I saw the article 'Operational resilience returns to the agenda after payment interruptions' and wanted to check how it affects my account.,neutral,False,
COMM-202403-000078,ACC0036257,IND2112002953,whatsapp,inbound,15-Mar-2024 10:12,Reset password,I need help resetting my password and confirming that my profile has not been locked.,positive,False,
COMM-202403-000079,ACC0045733,IND2205004191,app_message,inbound,2024-03-22T19:17:24+02:00,Why did my debit order fail?,"My debit order did not go through and I need to know whether it was insufficient funds, a retry problem or a bank processing issue. The account should not be charged twice.",negative,True,service_delay
COMM-202403-000080,ACC0028723,IND2106007141,phone_call,inbound,09/03/2024 13:27,Why did my debit order fail?,"My debit order did not go through and I need to know whether it was insufficient funds, a retry problem or a bank processing issue. The account should not be charged twice.",neutral,False,
COMM-202403-000081,ACC0059761,IND2302010773,branch_visit,inbound,03/03/2024 09:45,Home Loan rate increase question,I am worried my home loan instalment may change. Please confirm whether my repayment will be repriced and from which date. I saw the article 'Banks watch debit-order strain as households adjust spending' and wanted to check how it affects my account.,neutral,False,
COMM-202403-000082,ACC0027927,IND2105009386,social_media,inbound,2024/03/15 15:01:18,Complaint about service,The service delay is frustrating. I have followed up more than once and still do not have a proper answer.,positive,False,
COMM-202403-000083,ACC0061779,IND2303000881,phone_call,inbound,11/03/2024 07:59,Home Loan rate increase question,I am worried my home loan instalment may change. Please confirm whether my repayment will be repriced and from which date.,neutral,False,
COMM-202403-000084,ACC0047518,IND2207005121,sms,outbound,2024-03-22T16:06:32+02:00,Your loan repayment failed due to insufficient funds,Your scheduled loan repayment was not successful. Please fund your account or contact us to discuss payment options.,neutral,False,
COMM-202403-000085,ACC0041085,IND2202014694,whatsapp,inbound,16-Mar-2024 08:54,Reset password,I need help resetting my password and confirming that my profile has not been locked.,negative,True,digital_issue
COMM-202403-000086,ACC0060187,IND2302002272,branch_visit,inbound,18/03/2024 14:45,Statement copy request,Please send me a copy of my latest statement and confirm the closing balance used for the month-end calculation.,negative,True,fraud_concern
COMM-202403-000087,ACC0062232,IND2303003030,app_message,inbound,2024-03-28T05:43:08+02:00,Home Loan rate increase question,I am worried my home loan instalment may change. Please confirm whether my repayment will be repriced and from which date. I saw the article 'Operational resilience returns to the agenda after payment interruptions' and wanted to check how it affects my account.,negative,True,fee_dispute
COMM-202403-000088,ACC0021690,IND2101000721,whatsapp,inbound,11-Mar-2024 13:20,App login problem,The app is not behaving properly and I cannot complete what should be a simple transaction. Please check whether there is an issue on my profile.,positive,False,
COMM-202403-000089,ACC0003412,IND1903008372,email,inbound,2024-03-06 11:20:25,Statement copy request,Please send me a copy of my latest statement and confirm the closing balance used for the month-end calculation.,positive,False,
COMM-202403-000090,ACC0056266,IND2211000469,app_message,inbound,2024-03-03T11:14:03+02:00,Home Loan rate increase question,I am worried my home loan instalment may change. Please confirm whether my repayment will be repriced and from which date. I saw the article 'Banks watch debit-order strain as households adjust spending' and wanted to check how it affects my account.,neutral,False,
COMM-202403-000091,ACC0054483,IND2211012234,chatbot,inbound,2024-03-08T15:47:55+02:00,Why did my debit order fail?,"My debit order did not go through and I need to know whether it was insufficient funds, a retry problem or a bank processing issue. The account should not be charged twice.",negative,True,failed_transaction
COMM-202403-000092,ACC0051631,IND2209022484,social_media,inbound,2024/03/04 06:08:41,Complaint about service,The service delay is frustrating. I have followed up more than once and still do not have a proper answer.,negative,False,
COMM-202403-000093,ACC0033015,IND2109011290,sms,inbound,2024-03-09T06:51:56+02:00,Suspicious transaction alert,There is activity on my account that I do not recognise. Please block the card if needed and tell me what evidence you require for the dispute.,positive,False,
COMM-202403-000094,ACC0008154,IND1905012320,app_message,inbound,2024-03-30T10:50:22+02:00,Why did my debit order fail?,"My debit order did not go through and I need to know whether it was insufficient funds, a retry problem or a bank processing issue. The account should not be charged twice.",negative,True,service_delay
COMM-202403-000095,ACC0053669,IND2210010924,chatbot,inbound,2024-03-14T08:59:49+02:00,Why did my debit order fail?,"My debit order did not go through and I need to know whether it was insufficient funds, a retry problem or a bank processing issue. The account should not be charged twice.",negative,True,digital_issue
COMM-202403-000096,ACC0053399,IND2210016759,email,inbound,2024-03-27 12:44:47,Suggestion for bank app,I have feedback on the app experience and would like the product team to review it.,negative,True,incorrect_charge
COMM-202403-000097,ACC0020365,COM2007000049,email,inbound,2024-03-09 08:08:00,App login problem,The app is not behaving properly and I cannot complete what should be a simple transaction. Please check whether there is an issue on my profile.,neutral,False,
COMM-202403-000098,ACC0050537,IND2208004058,branch_visit,inbound,19/03/2024 09:05,Branch appointment request,I would like to book time at the branch to sort out my account and get printed documents for my records.,negative,True,staff_behavior
COMM-202403-000099,ACC0074445,IND2309015327,sms,outbound,2024-03-30T12:56:44+02:00,New statement available,"Your latest account statement is available. Please review the charges, interest and debit order activity.",negative,False,
COMM-202403-000100,ACC0073939,IND2309010717,branch_visit,inbound,28/03/2024 12:45,Branch appointment request,I would like to book time at the branch to sort out my account and get printed documents for my records.,neutral,False,
COMM-202403-000101,ACC0020386,IND2008000592,branch_visit,inbound,18/03/2024 15:45,Why did my debit order fail?,"My debit order did not go through and I need to know whether it was insufficient funds, a retry problem or a bank processing issue. The account should not be charged twice.",negative,True,digital_issue
COMM-202403-000102,ACC0049875,IND2208011904,app_message,inbound,2024-03-20T10:50:30+02:00,Home Loan rate increase question,I am worried my home loan instalment may change. Please confirm whether my repayment will be repriced and from which date. I saw the article 'Operational resilience returns to the agenda after payment interruptions' and wanted to check how it affects my account.,neutral,False,
COMM-202403-000103,ACC0036463,IND2112012639,app_message,inbound,2024-03-16T10:14:37+02:00,Transfer not reflecting,I made a transfer and it is still not reflecting. Please check whether the payment is delayed in your system.,neutral,False,
COMM-202403-000104,ACC0033622,IND2110012011,sms,outbound,2024-03-21T17:27:13+02:00,New statement available,"Your latest account statement is available. Please review the charges, interest and debit order activity.",negative,True,failed_transaction
COMM-202403-000105,ACC0048621,IND2207019497,chatbot,inbound,2024-03-25T17:22:21+02:00,Home Loan rate increase question,I am worried my home loan instalment may change. Please confirm whether my repayment will be repriced and from which date. I saw the article 'Banking analytics agenda: five signals to watch this month' and wanted to check how it affects my account.,neutral,False,
COMM-202403-000106,ACC0024640,IND2103009902,chatbot,inbound,2024-03-08T08:35:31+02:00,Agent transfer request,The automated response is not solving my issue. Please transfer me to a consultant who can check the account.,neutral,False,
COMM-202403-000107,ACC0025738,IND2104004766,social_media,inbound,2024/03/25 07:41:43,Home Loan rate increase question,I am worried my home loan instalment may change. Please confirm whether my repayment will be repriced and from which date. I saw the article 'Banks watch debit-order strain as households adjust spending' and wanted to check how it affects my account.,negative,True,service_delay
COMM-202403-000108,ACC0060472,IND2302001255,app_message,inbound,2024-03-27T20:06:46+02:00,Home Loan rate increase question,I am worried my home loan instalment may change. Please confirm whether my repayment will be repriced and from which date. I saw the article 'Banking analytics agenda: five signals to watch this month' and wanted to check how it affects my account.,neutral,False,
COMM-202403-000109,ACC0049962,IND2208008521,app_message,inbound,2024-03-03T04:23:13+02:00,Balance check,Please confirm my available balance and whether any debit orders are still pending.,neutral,False,
COMM-202403-000110,ACC0068048,IND2306022024,branch_visit,inbound,30/03/2024 08:00,Statement copy request,Please send me a copy of my latest statement and confirm the closing balance used for the month-end calculation.,neutral,False,
COMM-202403-000111,ACC0071241,IND2308021838,chatbot,inbound,2024-03-09T16:48:56+02:00,Unauthorised bank charge enquiry,Please explain the latest bank charge on my statement. I cannot see why this fee was taken and I want it reversed if it was incorrect.,negative,True,fee_dispute
COMM-202403-000112,ACC0033887,IND2110012565,sms,outbound,2024-03-10T22:35:51+02:00,Branch holiday hours,Please note adjusted branch hours this month. Digital channels remain available for balance checks and transfers.,positive,False,
COMM-202403-000113,ACC0058523,IND2301016144,phone_call,inbound,18/03/2024 09:28,Why did my debit order fail?,"My debit order did not go through and I need to know whether it was insufficient funds, a retry problem or a bank processing issue. The account should not be charged twice.",negative,True,incorrect_charge
COMM-202403-000114,ACC0031597,IND2108002367,phone_call,inbound,12/03/2024 14:16,Card blocked at ATM,My card was blocked at the ATM and I need access restored or a replacement card arranged. I have an urgent payment to make.,negative,True,incorrect_charge
COMM-202403-000115,ACC0043613,IND2204008712,sms,outbound,2024-03-20T18:52:28+02:00,Branch holiday hours,Please note adjusted branch hours this month. Digital channels remain available for balance checks and transfers.,neutral,False,
COMM-202403-000116,ACC0035461,IND2111007186,social_media,inbound,2024/03/26 15:37:57,Kudos to branch staff,The branch team helped me quickly and explained the account options clearly. Please pass on my thanks.,negative,False,
COMM-202403-000117,ACC0009601,IND1906003617,app_message,outbound,2024-03-24T17:12:28+02:00,New statement available,"Your latest account statement is available. Please review the charges, interest and debit order activity.",neutral,False,
COMM-202403-000118,ACC0055453,IND2211010303,phone_call,inbound,09/03/2024 16:33,Why did my debit order fail?,"My debit order did not go through and I need to know whether it was insufficient funds, a retry problem or a bank processing issue. The account should not be charged twice.",negative,True,service_delay
COMM-202403-000119,ACC0055359,IND2211010989,chatbot,inbound,2024-03-27T13:46:00+02:00,Why did my debit order fail?,"My debit order did not go through and I need to know whether it was insufficient funds, a retry problem or a bank processing issue. The account should not be charged twice.",negative,True,failed_transaction
COMM-202403-000120,ACC0039001,IND2201002793,whatsapp,inbound,31-Mar-2024 07:55,Unauthorised bank charge enquiry,Please explain the latest bank charge on my statement. I cannot see why this fee was taken and I want it reversed if it was incorrect.,neutral,False,
COMM-202403-000121,ACC0075802,IND2310025656,chatbot,inbound,2024-03-31T08:21:38+02:00,Why did my debit order fail?,"My debit order did not go through and I need to know whether it was insufficient funds, a retry problem or a bank processing issue. The account should not be charged twice.",negative,True,failed_transaction
COMM-202403-000122,ACC0006553,IND1904009487,whatsapp,inbound,12-Mar-2024 13:43,Why did my debit order fail?,"My debit order did not go through and I need to know whether it was insufficient funds, a retry problem or a bank processing issue. The account should not be charged twice.",negative,True,service_delay
COMM-202403-000123,ACC0023932,IND2102010346,chatbot,outbound,2024-03-29T20:54:43+02:00,New statement available,"Your latest account statement is available. Please review the charges, interest and debit order activity.",neutral,False,
COMM-202403-000124,ACC0024249,IND2103008031,branch_visit,inbound,30/03/2024 13:30,Branch appointment request,I would like to book time at the branch to sort out my account and get printed documents for my records.,neutral,False,
COMM-202403-000125,ACC0053554,IND2210019977,sms,outbound,2024-03-01T04:57:05+02:00,Your loan repayment failed due to insufficient funds,Your scheduled loan repayment was not successful. Please fund your account or contact us to discuss payment options.,negative,True,fraud_concern
COMM-202403-000126,ACC0051240,IND2209017942,sms,outbound,2024-03-13T17:15:20+02:00,New statement available,"Your latest account statement is available. Please review the charges, interest and debit order activity.",negative,True,failed_transaction
COMM-202403-000127,ACC0041418,IND2203014230,whatsapp,inbound,27-Mar-2024 14:07,Reset password,I need help resetting my password and confirming that my profile has not been locked.,neutral,False,
COMM-202403-000128,ACC0028487,IND2105002015,sms,outbound,2024-03-20T19:24:40+02:00,Branch holiday hours,Please note adjusted branch hours this month. Digital channels remain available for balance checks and transfers.,neutral,False,
COMM-202403-000129,ACC0069842,IND2307007416,app_message,inbound,2024-03-13T17:19:06+02:00,Unauthorised bank charge enquiry,Please explain the latest bank charge on my statement. I cannot see why this fee was taken and I want it reversed if it was incorrect.,negative,True,incorrect_charge
COMM-202403-000130,ACC0072513,IND2308017366,email,inbound,2024-03-23 09:12:48,Account enquiry,Please assist with my banking enquiry.,negative,True,fee_dispute
COMM-202403-000131,ACC0030806,IND2107011992,app_message,inbound,2024-03-08T09:35:18+02:00,Why did my debit order fail?,"My debit order did not go through and I need to know whether it was insufficient funds, a retry problem or a bank processing issue. The account should not be charged twice.",negative,True,service_delay
COMM-202403-000132,ACC0059491,COM2301000218,phone_call,inbound,10/03/2024 10:30,Branch appointment request,I would like to book time at the branch to sort out my account and get printed documents for my records.,positive,False,
COMM-202403-000133,ACC0042327,IND2203011430,chatbot,inbound,2024-03-28T16:20:55+02:00,Home Loan rate increase question,I am worried my home loan instalment may change. Please confirm whether my repayment will be repriced and from which date. I saw the article 'Operational resilience returns to the agenda after payment interruptions' and wanted to check how it affects my account.,negative,True,service_delay
COMM-202403-000134,ACC0057169,IND2212002202,app_message,inbound,2024-03-07T12:46:56+02:00,Balance check,Please confirm my available balance and whether any debit orders are still pending.,neutral,False,
COMM-202403-000135,ACC0011084,IND1907011352,app_message,outbound,2024-03-20T07:59:38+02:00,New statement available,"Your latest account statement is available. Please review the charges, interest and debit order activity.",neutral,False,
COMM-202403-000136,ACC0024963,IND2103009274,whatsapp,inbound,19-Mar-2024 18:07,Why did my debit order fail?,"My debit order did not go through and I need to know whether it was insufficient funds, a retry problem or a bank processing issue. The account should not be charged twice.",negative,True,failed_transaction
COMM-202403-000137,ACC0016547,IND1911008923,email,outbound,2024-03-29 15:04:13,New statement available,"Your latest account statement is available. Please review the charges, interest and debit order activity.",neutral,False,
COMM-202403-000138,ACC0047733,IND2207017615,phone_call,inbound,31/03/2024 09:17,Home Loan rate increase question,I am worried my home loan instalment may change. Please confirm whether my repayment will be repriced and from which date.,neutral,False,
COMM-202403-000139,ACC0031188,IND2107008991,branch_visit,inbound,12/03/2024 09:45,Complaint about service,The service delay is frustrating. I have followed up more than once and still do not have a proper answer.,neutral,False,
COMM-202403-000140,ACC0045000,IND2205007509,branch_visit,inbound,27/03/2024 11:10,Home Loan rate increase question,I am worried my home loan instalment may change. Please confirm whether my repayment will be repriced and from which date. I saw the article 'Statement delays add noise to month-end finance controls' and wanted to check how it affects my account.,neutral,False,
COMM-202403-000141,ACC0022776,IND2102005052,email,inbound,2024-03-05 20:16:52,Unauthorised bank charge enquiry,Please explain the latest bank charge on my statement. I cannot see why this fee was taken and I want it reversed if it was incorrect.,neutral,False,
COMM-202403-000142,ACC0064092,IND2304004996,whatsapp,inbound,13-Mar-2024 02:32,App login problem,The app is not behaving properly and I cannot complete what should be a simple transaction. Please check whether there is an issue on my profile.,negative,True,service_delay
COMM-202403-000143,ACC0032859,IND2109003621,phone_call,inbound,19/03/2024 13:19,Why did my debit order fail?,"My debit order did not go through and I need to know whether it was insufficient funds, a retry problem or a bank processing issue. The account should not be charged twice.",negative,True,failed_transaction
COMM-202403-000144,ACC0027927,IND2105009386,branch_visit,inbound,06/03/2024 12:20,Cash deposit issue,I made a cash deposit but the amount is not showing correctly. Please investigate the branch or ATM record.,neutral,False,
COMM-202403-000145,ACC0014042,IND1909002071,chatbot,inbound,2024-03-29T08:53:13+02:00,Home Loan rate increase question,I am worried my home loan instalment may change. Please confirm whether my repayment will be repriced and from which date. I saw the article 'Conduct teams press for clearer evidence on fees and failed payments' and wanted to check how it affects my account.,negative,True,failed_transaction
COMM-202403-000146,ACC0082866,IND2402021174,phone_call,inbound,27/03/2024 18:36,Card blocked at ATM,My card was blocked at the ATM and I need access restored or a replacement card arranged. I have an urgent payment to make.,neutral,False,
COMM-202403-000147,ACC0073486,IND2309016921,phone_call,inbound,29/03/2024 08:11,Why did my debit order fail?,"My debit order did not go through and I need to know whether it was insufficient funds, a retry problem or a bank processing issue. The account should not be charged twice.",negative,True,digital_issue
COMM-202403-000148,ACC0023901,IND2102000939,whatsapp,inbound,24-Mar-2024 10:01,Unauthorised bank charge enquiry,Please explain the latest bank charge on my statement. I cannot see why this fee was taken and I want it reversed if it was incorrect.,neutral,False,
COMM-202403-000149,ACC0026464,IND2104014932,chatbot,inbound,2024-03-26T13:12:48+02:00,Agent transfer request,The automated response is not solving my issue. Please transfer me to a consultant who can check the account.,negative,True,failed_transaction
COMM-202403-000150,ACC0008677,IND1906008421,app_message,outbound,2024-03-14T09:02:26+02:00,New statement available,"Your latest account statement is available. Please review the charges, interest and debit order activity.",neutral,False,
COMM-202403-000151,ACC0040745,IND2202008584,sms,inbound,2024-03-24T08:50:47+02:00,Why did my debit order fail?,"My debit order did not go through and I need to know whether it was insufficient funds, a retry problem or a bank processing issue. The account should not be charged twice.",negative,True,staff_behavior
COMM-202403-000152,ACC0067227,IND2306015651,phone_call,inbound,11/03/2024 17:48,Card blocked at ATM,My card was blocked at the ATM and I need access restored or a replacement card arranged. I have an urgent payment to make.,negative,False,
COMM-202403-000153,ACC0035354,IND2111014520,chatbot,inbound,2024-03-14T10:07:56+02:00,Agent transfer request,The automated response is not solving my issue. Please transfer me to a consultant who can check the account.,negative,True,service_delay
COMM-202403-000154,ACC0077718,IND2311016473,whatsapp,inbound,22-Mar-2024 09:48,Unauthorised bank charge enquiry,Please explain the latest bank charge on my statement. I cannot see why this fee was taken and I want it reversed if it was incorrect.,negative,True,fee_dispute
COMM-202403-000155,ACC0010240,IND1907016260,social_media,inbound,2024/03/14 12:38:12,Kudos to branch staff,The branch team helped me quickly and explained the account options clearly. Please pass on my thanks.,negative,False,
COMM-202403-000156,ACC0068712,IND2306022591,email,inbound,2024-03-22 13:25:50,Home Loan rate increase question,I am worried my home loan instalment may change. Please confirm whether my repayment will be repriced and from which date. I saw the article 'Statement delays add noise to month-end finance controls' and wanted to check how it affects my account.,neutral,False,
COMM-202403-000157,ACC0080115,IND2401009494,email,inbound,2024-03-11 11:46:21,Unauthorised bank charge enquiry,Please explain the latest bank charge on my statement. I cannot see why this fee was taken and I want it reversed if it was incorrect.,negative,False,
COMM-202403-000158,ACC0032405,IND2109012429,app_message,outbound,2024-03-28T15:29:38+02:00,New statement available,"Your latest account statement is available. Please review the charges, interest and debit order activity.",neutral,False,
COMM-202403-000159,ACC0006297,IND1904004165,branch_visit,inbound,24/03/2024 15:10,Cash deposit issue,I made a cash deposit but the amount is not showing correctly. Please investigate the branch or ATM record.,positive,False,
COMM-202403-000160,ACC0041049,IND2202017193,email,inbound,2024-03-27 08:27:10,Suggestion for bank app,I have feedback on the app experience and would like the product team to review it.,neutral,False,
COMM-202403-000161,ACC0063590,IND2304002925,email,outbound,2024-03-06 17:06:29,New statement available,"Your latest account statement is available. Please review the charges, interest and debit order activity.",neutral,False,
COMM-202403-000162,ACC0058819,IND2301016019,email,inbound,2024-03-17 17:02:20,Unauthorised bank charge enquiry,Please explain the latest bank charge on my statement. I cannot see why this fee was taken and I want it reversed if it was incorrect.,neutral,False,
COMM-202403-000163,ACC0069948,IND2307004904,whatsapp,inbound,20-Mar-2024 15:53,Why did my debit order fail?,"My debit order did not go through and I need to know whether it was insufficient funds, a retry problem or a bank processing issue. The account should not be charged twice.",negative,True,failed_transaction
COMM-202403-000164,ACC0004713,IND1903001899,branch_visit,inbound,01/03/2024 09:30,Statement copy request,Please send me a copy of my latest statement and confirm the closing balance used for the month-end calculation.,positive,False,
COMM-202403-000165,ACC0083335,IND2402014568,phone_call,inbound,29/03/2024 11:46,Branch appointment request,I would like to book time at the branch to sort out my account and get printed documents for my records.,neutral,False,
COMM-202403-000166,ACC0001129,IND1901005846,social_media,inbound,2024/03/09 09:06:22,Kudos to branch staff,The branch team helped me quickly and explained the account options clearly. Please pass on my thanks.,negative,True,other
COMM-202403-000167,ACC0030201,IND2107002200,social_media,inbound,2024/03/27 09:23:19,Home Loan rate increase question,"Hi there, I am worried my home loan instalment may change. Please confirm whether my repayment will be repriced and from which date. I saw the article 'Operational resilience returns to the agenda after payment interruptions' and wanted to check how it affects my account.",positive,False,
COMM-202403-000168,ACC0078706,IND2312002735,email,inbound,2024-03-28 15:29:48,Statement copy request,Please send me a copy of my latest statement and confirm the closing balance used for the month-end calculation.,neutral,False,
COMM-202403-000169,ACC0001924,IND1902001686,phone_call,inbound,31/03/2024 17:33,Home Loan rate increase question,I am worried my home loan instalment may change. Please confirm whether my repayment will be repriced and from which date. I saw the article 'Banking analytics agenda: five signals to watch this month' and wanted to check how it affects my account.,negative,True,service_delay
COMM-202403-000170,ACC0067437,IND2306011386,email,inbound,2024-03-13 13:12:29,App login problem,The app is not behaving properly and I cannot complete what should be a simple transaction. Please check whether there is an issue on my profile.,negative,True,failed_transaction
COMM-202403-000171,ACC0048691,IND2207019466,phone_call,inbound,01/03/2024 16:19,Why did my debit order fail?,"Eish, My debit order did not go through and I need to know whether it was insufficient funds, a retry problem or a bank processing issue. The account should not be charged twice.",negative,True,statement_error
COMM-202403-000172,ACC0056395,IND2211007712,chatbot,inbound,2024-03-22T17:01:13+02:00,Home Loan rate increase question,I am worried my home loan instalment may change. Please confirm whether my repayment will be repriced and from which date. I saw the article 'Digital channels reshape banking workloads as customer growth continues' and wanted to check how it affects my account.,negative,False,
COMM-202403-000173,ACC0025677,IND2104007765,whatsapp,inbound,24-Mar-2024 13:06,Unauthorised bank charge enquiry,Please explain the latest bank charge on my statement. I cannot see why this fee was taken and I want it reversed if it was incorrect.,neutral,False,
COMM-202403-000174,ACC0001282,IND1901007129,whatsapp,outbound,05-Mar-2024 17:09,New statement available,"Your latest account statement is available. Please review the charges, interest and debit order activity.",neutral,False,
COMM-202403-000175,ACC0006324,IND1904000214,whatsapp,inbound,24-Mar-2024 11:38,Home Loan rate increase question,I am worried my home loan instalment may change. Please confirm whether my repayment will be repriced and from which date. I saw the article 'Retail banks sharpen arrears analytics as payment stress persists' and wanted to check how it affects my account.,neutral,False,
COMM-202403-000176,ACC0080172,IND2401003102,sms,inbound,2024-03-23T13:54:40+02:00,Home Loan rate increase question,I am worried my home loan instalment may change. Please confirm whether my repayment will be repriced and from which date. I saw the article 'Digital channels reshape banking workloads as customer growth continues' and wanted to check how it affects my account.,neutral,False,
COMM-202403-000177,ACC0013854,IND1909007307,whatsapp,inbound,14-Mar-2024 15:27,App login problem,The app is not behaving properly and I cannot complete what should be a simple transaction. Please check whether there is an issue on my profile.,neutral,False,
COMM-202403-000178,ACC0052906,IND2210012668,chatbot,inbound,2024-03-28T18:02:34+02:00,Home Loan rate increase question,I am worried my home loan instalment may change. Please confirm whether my repayment will be repriced and from which date. I saw the article 'Digital channels reshape banking workloads as customer growth continues' and wanted to check how it affects my account.,negative,True,fee_dispute
COMM-202403-000179,ACC0062833,IND2304004313,whatsapp,outbound,10-Mar-2024 22:58,New statement available,"Your latest account statement is available. Please review the charges, interest and debit order activity.",neutral,False,
COMM-202403-000180,ACC0082374,IND2402002436,sms,outbound,2024-03-21T11:22:55+02:00,Branch holiday hours,Please note adjusted branch hours this month. Digital channels remain available for balance checks and transfers.,neutral,False,
COMM-202403-000181,ACC0029027,IND2106005027,chatbot,inbound,2024-03-20T20:52:39+02:00,Reset password,I need help resetting my password and confirming that my profile has not been locked.,neutral,False,
COMM-202403-000182,ACC0068526,IND2306011050,whatsapp,inbound,04-Mar-2024 20:42,Reset password,I need help resetting my password and confirming that my profile has not been locked.,neutral,False,
COMM-202403-000183,ACC0021300,IND2012001529,email,inbound,2024-03-30 06:54:14,Home Loan rate increase question,I am worried my home loan instalment may change. Please confirm whether my repayment will be repriced and from which date. I saw the article 'Digital channels reshape banking workloads as customer growth continues' and wanted to check how it affects my account.,negative,True,service_delay
COMM-202403-000184,ACC0016257,IND1911002620,chatbot,inbound,2024-03-02T11:48:51+02:00,Reset password,I need help resetting my password and confirming that my profile has not been locked.,positive,False,
COMM-202403-000185,ACC0001493,IND1901010838,email,inbound,2024-03-15 18:07:44,App login problem,The app is not behaving properly and I cannot complete what should be a simple transaction. Please check whether there is an issue on my profile.,negative,True,failed_transaction
COMM-202403-000186,ACC0006480,IND1904014719,whatsapp,inbound,22-Mar-2024 18:21,Agent transfer request,The automated response is not solving my issue. Please transfer me to a consultant who can check the account.,neutral,False,
COMM-202403-000187,ACC0052401,IND2209006208,chatbot,inbound,2024-03-13T12:22:01+02:00,Home Loan rate increase question,I am worried my home loan instalment may change. Please confirm whether my repayment will be repriced and from which date. I saw the article 'Retail banks sharpen arrears analytics as payment stress persists' and wanted to check how it affects my account.,neutral,False,
COMM-202403-000188,ACC0057735,IND2301004140,app_message,outbound,2024-03-23T15:10:03+02:00,New statement available,"Your latest account statement is available. Please review the charges, interest and debit order activity.",neutral,False,
COMM-202403-000189,ACC0080433,IND2401009486,whatsapp,outbound,03-Mar-2024 09:02,New statement available,"Your latest account statement is available. Please review the charges, interest and debit order activity.",neutral,False,
COMM-202403-000190,ACC0065790,IND2305012973,email,inbound,2024-03-31 16:25:33,Account enquiry,Please assist with my banking enquiry.,neutral,False,
COMM-202403-000191,ACC0051395,IND2209008658,phone_call,inbound,08/03/2024 12:03,Branch appointment request,I would like to book time at the branch to sort out my account and get printed documents for my records.,positive,False,
COMM-202403-000192,ACC0024043,COM2102000032,app_message,inbound,2024-03-23T11:02:58+02:00,Digital wallet setup help,I need help setting up the digital wallet and linking it to the right account. The app keeps asking me to try again later.,positive,False,
COMM-202403-000193,ACC0044509,IND2205009688,sms,outbound,2024-03-20T15:32:20+02:00,Your loan repayment failed due to insufficient funds,Your scheduled loan repayment was not successful. Please fund your account or contact us to discuss payment options.,negative,False,
COMM-202403-000194,ACC0046280,IND2206009526,social_media,inbound,2024/03/28 19:44:35,App login problem,The app is not behaving properly and I cannot complete what should be a simple transaction. Please check whether there is an issue on my profile.,positive,False,
COMM-202403-000195,ACC0028542,IND2106008093,email,inbound,2024-03-26 08:58:47,Account enquiry,Please assist with my banking enquiry.,negative,True,failed_transaction
COMM-202403-000196,ACC0077111,IND2311019151,app_message,inbound,2024-03-28T13:57:52+02:00,Digital wallet setup help,I need help setting up the digital wallet and linking it to the right account. The app keeps asking me to try again later.,negative,True,digital_issue
COMM-202403-000197,ACC0076294,IND2310020358,phone_call,inbound,11/03/2024 08:32,Why did my debit order fail?,"My debit order did not go through and I need to know whether it was insufficient funds, a retry problem or a bank processing issue. The account should not be charged twice.",negative,True,incorrect_charge
COMM-202403-000198,ACC0073263,IND2309003007,branch_visit,inbound,12/03/2024 08:15,Home Loan rate increase question,I am worried my home loan instalment may change. Please confirm whether my repayment will be repriced and from which date. I saw the article 'Conduct teams press for clearer evidence on fees and failed payments' and wanted to check how it affects my account.,negative,True,failed_transaction
COMM-202403-000199,ACC0067199,IND2306023982,whatsapp,inbound,05-Mar-2024 04:29,Why did my debit order fail?,"My debit order did not go through and I need to know whether it was insufficient funds, a retry problem or a bank processing issue. The account should not be charged twice.",negative,True,failed_transaction
COMM-202403-000200,ACC0068115,IND2306026106,social_media,inbound,2024/03/20 06:40:51,Kudos to branch staff,The branch team helped me quickly and explained the account options clearly. Please pass on my thanks.,positive,False,
COMM-202403-000201,ACC0020116,IND2007001907,app_message,inbound,2024-03-11T07:35:14+02:00,Digital wallet setup help,I need help setting up the digital wallet and linking it to the right account. The app keeps asking me to try again later.,neutral,False,
COMM-202403-000202,ACC0054656,IND2211010201,whatsapp,inbound,22-Mar-2024 18:17,App login problem,The app is not behaving properly and I cannot complete what should be a simple transaction. Please check whether there is an issue on my profile.,positive,False,
COMM-202403-000203,ACC0046674,IND2206011532,sms,outbound,2024-03-28T18:09:56+02:00,New statement available,"Your latest account statement is available. Please review the charges, interest and debit order activity.",negative,True,service_delay
COMM-202403-000204,ACC0012386,IND1908016064,app_message,inbound,2024-03-26T08:43:19+02:00,Transfer not reflecting,I made a transfer and it is still not reflecting. Please check whether the payment is delayed in your system.,neutral,False,
COMM-202403-000205,ACC0062548,IND2304004319,whatsapp,inbound,02-Mar-2024 10:23,App login problem,The app is not behaving properly and I cannot complete what should be a simple transaction. Please check whether there is an issue on my profile.,positive,False,
COMM-202403-000206,ACC0026847,IND2104011856,social_media,inbound,2024/03/28 13:18:20,Unauthorised bank charge enquiry,Please explain the latest bank charge on my statement. I cannot see why this fee was taken and I want it reversed if it was incorrect.,neutral,False,
COMM-202403-000207,ACC0071957,IND2308026274,app_message,outbound,2024-03-01T10:37:28+02:00,New statement available,"Your latest account statement is available. Please review the charges, interest and debit order activity.",neutral,False,
COMM-202403-000208,ACC0023613,IND2102010652,social_media,inbound,2024/03/09 08:30:51,Complaint about service,The service delay is frustrating. I have followed up more than once and still do not have a proper answer.,negative,True,statement_error
COMM-202403-000209,ACC0028273,IND2105010096,app_message,inbound,2024-03-25T19:19:09+02:00,Home Loan rate increase question,I am worried my home loan instalment may change. Please confirm whether my repayment will be repriced and from which date. I saw the article 'Retail banks sharpen arrears analytics as payment stress persists' and wanted to check how it affects my account.,negative,False,
COMM-202403-000210,ACC0077951,IND2311018732,sms,outbound,2024-03-27T16:01:42+02:00,Your loan repayment failed due to insufficient funds,Your scheduled loan repayment was not successful. Please fund your account or contact us to discuss payment options.,negative,True,fee_dispute
COMM-202403-000211,ACC0041905,IND2203014124,phone_call,inbound,22/03/2024 16:54,Home Loan rate increase question,"Howzit, I am worried my home loan instalment may change. Please confirm whether my repayment will be repriced and from which date. I saw the article 'Banks watch debit-order strain as households adjust spending' and wanted to check how it affects my account.",neutral,False,
COMM-202403-000212,ACC0066787,IND2305012145,chatbot,inbound,2024-03-12T16:25:08+02:00,App login problem,The app is not behaving properly and I cannot complete what should be a simple transaction. Please check whether there is an issue on my profile.,neutral,False,
COMM-202403-000213,ACC0025315,IND2104016901,email,outbound,2024-03-24 11:22:35,New statement available,"Your latest account statement is available. Please review the charges, interest and debit order activity.",negative,False,
COMM-202403-000214,ACC0057338,IND2212001666,phone_call,inbound,28/03/2024 15:22,Home Loan rate increase question,"Eish, I am worried my home loan instalment may change. Please confirm whether my repayment will be repriced and from which date. I saw the article 'Operational resilience returns to the agenda after payment interruptions' and wanted to check how it affects my account.",positive,False,
COMM-202403-000215,ACC0036539,IND2112003612,social_media,inbound,2024/03/08 11:15:41,Why did my debit order fail?,"My debit order did not go through and I need to know whether it was insufficient funds, a retry problem or a bank processing issue. The account should not be charged twice.",negative,True,fee_dispute
COMM-202403-000216,ACC0003918,IND1903003745,app_message,inbound,2024-03-20T15:36:56+02:00,App login problem,The app is not behaving properly and I cannot complete what should be a simple transaction. Please check whether there is an issue on my profile.,negative,False,
COMM-202403-000217,ACC0047319,IND2206001027,branch_visit,inbound,23/03/2024 09:00,Complaint about service,The service delay is frustrating. I have followed up more than once and still do not have a proper answer.,neutral,False,
COMM-202403-000218,ACC0081486,COM2401000006,app_message,inbound,2024-03-05T06:56:16+02:00,App login problem,The app is not behaving properly and I cannot complete what should be a simple transaction. Please check whether there is an issue on my profile.,neutral,False,
COMM-202403-000219,ACC0052868,IND2210005673,whatsapp,inbound,13-Mar-2024 20:20,Reset password,I need help resetting my password and confirming that my profile has not been locked.,negative,True,digital_issue
COMM-202403-000220,ACC0020895,IND2010001768,email,inbound,2024-03-21 17:06:15,App login problem,The app is not behaving properly and I cannot complete what should be a simple transaction. Please check whether there is an issue on my profile.,negative,True,failed_transaction
COMM-202403-000221,ACC0031651,IND2108004383,app_message,inbound,2024-03-07T12:07:50+02:00,Digital wallet setup help,I need help setting up the digital wallet and linking it to the right account. The app keeps asking me to try again later.,neutral,False,
COMM-202403-000222,ACC0066800,IND2305021333,whatsapp,outbound,22-Mar-2024 08:53,New statement available,"Your latest account statement is available. Please review the charges, interest and debit order activity.",neutral,False,
COMM-202403-000223,ACC0029256,IND2106013264,phone_call,inbound,23/03/2024 17:52,Branch appointment request,I would like to book time at the branch to sort out my account and get printed documents for my records.,neutral,False,
COMM-202403-000224,ACC0037538,IND2201006334,sms,outbound,2024-03-04T18:18:10+02:00,Suspicious transaction alert,We detected activity that may require confirmation. Please reply or contact the bank if this transaction was not yours.,neutral,False,
COMM-202403-000225,ACC0043911,IND2204013895,whatsapp,inbound,13-Mar-2024 17:23,App login problem,The app is not behaving properly and I cannot complete what should be a simple transaction. Please check whether there is an issue on my profile.,neutral,False,
COMM-202403-000226,ACC0016477,IND1911000053,app_message,inbound,2024-03-23T17:32:19+02:00,App login problem,The app is not behaving properly and I cannot complete what should be a simple transaction. Please check whether there is an issue on my profile.,neutral,False,
COMM-202403-000227,ACC0050504,IND2208012233,email,outbound,2024-03-24 15:20:03,New statement available,"Your latest account statement is available. Please review the charges, interest and debit order activity.",neutral,False,
COMM-202403-000228,ACC0066244,IND2305010099,sms,outbound,2024-03-13T18:38:25+02:00,Suspicious transaction alert,We detected activity that may require confirmation. Please reply or contact the bank if this transaction was not yours.,neutral,False,
COMM-202403-000229,ACC0007015,IND1905007961,phone_call,inbound,28/03/2024 12:07,Card blocked at ATM,My card was blocked at the ATM and I need access restored or a replacement card arranged. I have an urgent payment to make.,neutral,False,
COMM-202403-000230,ACC0028797,IND2106010810,whatsapp,inbound,27-Mar-2024 11:23,Why did my debit order fail?,"My debit order did not go through and I need to know whether it was insufficient funds, a retry problem or a bank processing issue. The account should not be charged twice.",negative,True,digital_issue
COMM-202403-000231,ACC0083227,IND2402006261,chatbot,inbound,2024-03-27T08:59:16+02:00,Reset password,I need help resetting my password and confirming that my profile has not been locked.,negative,True,digital_issue
COMM-202403-000232,ACC0041650,IND2203013473,app_message,outbound,2024-03-09T21:43:50+02:00,New statement available,"Your latest account statement is available. Please review the charges, interest and debit order activity.",negative,False,
COMM-202403-000233,ACC0048543,IND2207004470,chatbot,inbound,2024-03-13T06:52:12+02:00,Why did my debit order fail?,"My debit order did not go through and I need to know whether it was insufficient funds, a retry problem or a bank processing issue. The account should not be charged twice.",negative,True,service_delay
COMM-202403-000234,ACC0006557,IND1904008107,app_message,inbound,2024-03-05T06:03:37+02:00,App login problem,The app is not behaving properly and I cannot complete what should be a simple transaction. Please check whether there is an issue on my profile.,neutral,False,
COMM-202403-000235,ACC0047643,IND2207012389,email,outbound,2024-03-31 11:31:03,New statement available,"Your latest account statement is available. Please review the charges, interest and debit order activity.",neutral,False,
COMM-202403-000236,ACC0048305,IND2207001203,email,outbound,2024-03-23 16:13:26,New statement available,"Your latest account statement is available. Please review the charges, interest and debit order activity.",positive,False,
COMM-202403-000237,ACC0069270,COM2306000229,social_media,inbound,2024/03/18 06:43:41,Home Loan rate increase question,I am worried my home loan instalment may change. Please confirm whether my repayment will be repriced and from which date. I saw the article 'Conduct teams press for clearer evidence on fees and failed payments' and wanted to check how it affects my account.,neutral,False,
COMM-202403-000238,ACC0000072,IND1901005479,branch_visit,inbound,10/03/2024 13:15,Why did my debit order fail?,"My debit order did not go through and I need to know whether it was insufficient funds, a retry problem or a bank processing issue. The account should not be charged twice.",negative,True,fraud_concern
COMM-202403-000239,ACC0031928,IND2108001330,app_message,inbound,2024-03-04T16:31:54+02:00,Why did my debit order fail?,"My debit order did not go through and I need to know whether it was insufficient funds, a retry problem or a bank processing issue. The account should not be charged twice.",negative,True,digital_issue
COMM-202403-000240,ACC0057015,IND2212009499,app_message,inbound,2024-03-02T07:19:30+02:00,Unauthorised bank charge enquiry,Please explain the latest bank charge on my statement. I cannot see why this fee was taken and I want it reversed if it was incorrect.,neutral,False,
COMM-202403-000241,ACC0078124,IND2311003142,whatsapp,inbound,04-Mar-2024 19:48,Unauthorised bank charge enquiry,Please explain the latest bank charge on my statement. I cannot see why this fee was taken and I want it reversed if it was incorrect.,negative,True,incorrect_charge
COMM-202403-000242,ACC0073713,IND2309019405,branch_visit,inbound,18/03/2024 10:15,Why did my debit order fail?,"My debit order did not go through and I need to know whether it was insufficient funds, a retry problem or a bank processing issue. The account should not be charged twice.",negative,True,staff_behavior
COMM-202403-000243,ACC0034791,IND2111012873,email,inbound,2024-03-19 06:58:49,Home Loan rate increase question,I am worried my home loan instalment may change. Please confirm whether my repayment will be repriced and from which date. I saw the article 'Statement delays add noise to month-end finance controls' and wanted to check how it affects my account.,negative,True,service_delay
COMM-202403-000244,ACC0030783,IND2107001514,whatsapp,inbound,12-Mar-2024 02:25,Home Loan rate increase question,I am worried my home loan instalment may change. Please confirm whether my repayment will be repriced and from which date. I saw the article 'Conduct teams press for clearer evidence on fees and failed payments' and wanted to check how it affects my account.,positive,False,
COMM-202403-000245,ACC0059761,IND2302010773,phone_call,inbound,23/03/2024 18:20,Branch appointment request,I would like to book time at the branch to sort out my account and get printed documents for my records.,neutral,False,
COMM-202403-000246,ACC0082260,IND2402004385,whatsapp,inbound,31-Mar-2024 11:07,App login problem,The app is not behaving properly and I cannot complete what should be a simple transaction. Please check whether there is an issue on my profile.,positive,False,
COMM-202403-000247,ACC0007755,IND1905009883,email,inbound,2024-03-06 07:46:42,Suggestion for bank app,I have feedback on the app experience and would like the product team to review it.,neutral,False,
COMM-202403-000248,ACC0045055,IND2205001272,phone_call,inbound,30/03/2024 07:16,Home Loan rate increase question,I am worried my home loan instalment may change. Please confirm whether my repayment will be repriced and from which date.,neutral,False,
COMM-202403-000249,ACC0072892,IND2308023139,branch_visit,inbound,13/03/2024 15:20,Home Loan rate increase question,I am worried my home loan instalment may change. Please confirm whether my repayment will be repriced and from which date. I saw the article 'Retail banks sharpen arrears analytics as payment stress persists' and wanted to check how it affects my account.,negative,True,failed_transaction
COMM-202403-000250,ACC0003301,IND1902004365,whatsapp,inbound,16-Mar-2024 09:13,Why did my debit order fail?,"My debit order did not go through and I need to know whether it was insufficient funds, a retry problem or a bank processing issue. The account should not be charged twice.",negative,True,service_delay
COMM-202403-000251,ACC0004905,IND1903004211,whatsapp,inbound,17-Mar-2024 17:14,Unauthorised bank charge enquiry,Please explain the latest bank charge on my statement. I cannot see why this fee was taken and I want it reversed if it was incorrect.,negative,True,fee_dispute
COMM-202403-000252,ACC0075143,IND2310007631,phone_call,inbound,24/03/2024 14:21,Why did my debit order fail?,"My debit order did not go through and I need to know whether it was insufficient funds, a retry problem or a bank processing issue. The account should not be charged twice.",neutral,False,
COMM-202403-000253,ACC0032115,IND2109000763,branch_visit,inbound,17/03/2024 10:20,Card blocked at ATM,My card was blocked at the ATM and I need access restored or a replacement card arranged. I have an urgent payment to make.,neutral,False,
COMM-202403-000254,ACC0019958,IND2006001647,chatbot,inbound,2024-03-13T09:20:13+02:00,Why did my debit order fail?,"My debit order did not go through and I need to know whether it was insufficient funds, a retry problem or a bank processing issue. The account should not be charged twice.",negative,True,failed_transaction
COMM-202403-000255,ACC0039253,IND2202022090,chatbot,inbound,2024-03-19T09:26:17+02:00,Unauthorised bank charge enquiry,Please explain the latest bank charge on my statement. I cannot see why this fee was taken and I want it reversed if it was incorrect.,neutral,False,
COMM-202403-000256,ACC0000278,IND1901005139,chatbot,inbound,2024-03-20T15:29:28+02:00,Unauthorised bank charge enquiry,Please explain the latest bank charge on my statement. I cannot see why this fee was taken and I want it reversed if it was incorrect.,neutral,False,
COMM-202403-000257,ACC0034717,IND2111006353,chatbot,inbound,2024-03-19T18:50:07+02:00,Agent transfer request,The automated response is not solving my issue. Please transfer me to a consultant who can check the account.,neutral,False,
COMM-202403-000258,ACC0066199,IND2305011473,sms,outbound,2024-03-13T21:53:51+02:00,New statement available,"Your latest account statement is available. Please review the charges, interest and debit order activity.",negative,False,
COMM-202403-000259,ACC0030379,IND2107000904,branch_visit,inbound,09/03/2024 11:05,Why did my debit order fail?,"My debit order did not go through and I need to know whether it was insufficient funds, a retry problem or a bank processing issue. The account should not be charged twice.",negative,True,staff_behavior
COMM-202403-000260,ACC0004095,IND1903021972,phone_call,inbound,27/03/2024 07:00,Branch appointment request,I would like to book time at the branch to sort out my account and get printed documents for my records.,neutral,False,
COMM-202403-000261,ACC0011529,IND1908004634,whatsapp,inbound,17-Mar-2024 07:09,Unauthorised bank charge enquiry,Please explain the latest bank charge on my statement. I cannot see why this fee was taken and I want it reversed if it was incorrect.,negative,True,statement_error
COMM-202403-000262,ACC0067183,IND2306002666,phone_call,inbound,26/03/2024 15:26,Why did my debit order fail?,"My debit order did not go through and I need to know whether it was insufficient funds, a retry problem or a bank processing issue. The account should not be charged twice.",neutral,False,
COMM-202403-000263,ACC0024305,IND2103008701,sms,outbound,2024-03-19T16:19:30+02:00,Branch holiday hours,Please note adjusted branch hours this month. Digital channels remain available for balance checks and transfers.,positive,False,
COMM-202403-000264,ACC0027420,IND2105011844,chatbot,inbound,2024-03-07T17:04:02+02:00,Unauthorised bank charge enquiry,Please explain the latest bank charge on my statement. I cannot see why this fee was taken and I want it reversed if it was incorrect.,neutral,False,
COMM-202403-000265,ACC0050219,IND2208011424,whatsapp,inbound,04-Mar-2024 11:46,Agent transfer request,The automated response is not solving my issue. Please transfer me to a consultant who can check the account.,neutral,False,
COMM-202403-000266,ACC0007476,IND1905013953,app_message,inbound,2024-03-04T04:28:10+02:00,Transfer not reflecting,I made a transfer and it is still not reflecting. Please check whether the payment is delayed in your system.,negative,True,digital_issue
COMM-202403-000267,ACC0059921,IND2302015927,sms,outbound,2024-03-23T10:34:23+02:00,New statement available,"Your latest account statement is available. Please review the charges, interest and debit order activity.",negative,True,failed_transaction
COMM-202403-000268,ACC0058372,IND2301010170,phone_call,inbound,03/03/2024 12:00,Why did my debit order fail?,"My debit order did not go through and I need to know whether it was insufficient funds, a retry problem or a bank processing issue. The account should not be charged twice.",neutral,False,
COMM-202403-000269,ACC0055530,IND2211023088,sms,inbound,2024-03-12T12:24:56+02:00,Suspicious transaction alert,There is activity on my account that I do not recognise. Please block the card if needed and tell me what evidence you require for the dispute.,neutral,False,
COMM-202403-000270,ACC0058730,IND2301012612,phone_call,inbound,04/03/2024 16:37,Home Loan rate increase question,I am worried my home loan instalment may change. Please confirm whether my repayment will be repriced and from which date.,neutral,False,
COMM-202403-000271,ACC0016464,IND1911019122,app_message,inbound,2024-03-31T13:42:22+02:00,Home Loan rate increase question,I am worried my home loan instalment may change. Please confirm whether my repayment will be repriced and from which date. I saw the article 'Banks watch debit-order strain as households adjust spending' and wanted to check how it affects my account.,neutral,False,
COMM-202403-000272,ACC0023546,IND2102006300,whatsapp,outbound,23-Mar-2024 19:39,New statement available,"Your latest account statement is available. Please review the charges, interest and debit order activity.",neutral,False,
COMM-202403-000273,ACC0065598,IND2305006463,branch_visit,inbound,22/03/2024 15:45,Cash deposit issue,I made a cash deposit but the amount is not showing correctly. Please investigate the branch or ATM record.,negative,True,staff_behavior
COMM-202403-000274,ACC0019997,IND2006001592,chatbot,inbound,2024-03-28T20:10:40+02:00,Home Loan rate increase question,I am worried my home loan instalment may change. Please confirm whether my repayment will be repriced and from which date. I saw the article 'Banking analytics agenda: five signals to watch this month' and wanted to check how it affects my account.,negative,False,
COMM-202403-000275,ACC0043446,IND2204002881,phone_call,inbound,27/03/2024 16:01,Why did my debit order fail?,"My debit order did not go through and I need to know whether it was insufficient funds, a retry problem or a bank processing issue. The account should not be charged twice.",neutral,False,
COMM-202403-000276,ACC0064431,IND2304013412,sms,outbound,2024-03-18T16:29:05+02:00,Your loan repayment failed due to insufficient funds,Your scheduled loan repayment was not successful. Please fund your account or contact us to discuss payment options.,negative,True,fraud_concern
COMM-202403-000277,ACC0054267,IND2210015635,email,inbound,2024-03-01 13:34:55,Statement copy request,Please send me a copy of my latest statement and confirm the closing balance used for the month-end calculation.,negative,True,fraud_concern
COMM-202403-000278,ACC0072054,IND2308020237,app_message,inbound,2024-03-30T19:03:16+02:00,Why did my debit order fail?,"My debit order did not go through and I need to know whether it was insufficient funds, a retry problem or a bank processing issue. The account should not be charged twice.",negative,True,digital_issue
COMM-202403-000279,ACC0031124,IND2107010032,email,inbound,2024-03-20 18:03:27,Home Loan rate increase question,I am worried my home loan instalment may change. Please confirm whether my repayment will be repriced and from which date. I saw the article 'Retail banks sharpen arrears analytics as payment stress persists' and wanted to check how it affects my account.,negative,True,fee_dispute
COMM-202403-000280,ACC0082132,IND2402013899,social_media,inbound,2024/03/18 15:43:38,Unauthorised bank charge enquiry,Please explain the latest bank charge on my statement. I cannot see why this fee was taken and I want it reversed if it was incorrect.,neutral,False,
COMM-202403-000281,ACC0029617,IND2106015627,phone_call,inbound,29/03/2024 13:16,Why did my debit order fail?,"Howzit, My debit order did not go through and I need to know whether it was insufficient funds, a retry problem or a bank processing issue. The account should not be charged twice.",neutral,False,
COMM-202403-000282,ACC0071587,IND2308023624,whatsapp,inbound,22-Mar-2024 12:13,App login problem,The app is not behaving properly and I cannot complete what should be a simple transaction. Please check whether there is an issue on my profile.,negative,True,digital_issue
COMM-202403-000283,ACC0044047,IND2204011801,branch_visit,inbound,30/03/2024 13:15,Card blocked at ATM,My card was blocked at the ATM and I need access restored or a replacement card arranged. I have an urgent payment to make.,neutral,False,
COMM-202403-000284,ACC0042777,COM2203000217,chatbot,inbound,2024-03-27T16:04:00+02:00,Home Loan rate increase question,I am worried my home loan instalment may change. Please confirm whether my repayment will be repriced and from which date. I saw the article 'Digital channels reshape banking workloads as customer growth continues' and wanted to check how it affects my account.,negative,True,service_delay
COMM-202403-000285,ACC0061065,COM2302000165,branch_visit,inbound,16/03/2024 10:20,Card blocked at ATM,My card was blocked at the ATM and I need access restored or a replacement card arranged. I have an urgent payment to make.,negative,True,fraud_concern
COMM-202403-000286,ACC0061503,IND2303010957,social_media,inbound,2024/03/25 14:01:41,Complaint about service,The service delay is frustrating. I have followed up more than once and still do not have a proper answer.,negative,True,digital_issue
COMM-202403-000287,ACC0032623,IND2109003540,phone_call,inbound,20/03/2024 18:10,Branch appointment request,I would like to book time at the branch to sort out my account and get printed documents for my records.,negative,False,
COMM-202403-000288,ACC0080733,IND2401018849,phone_call,inbound,26/03/2024 16:56,Unauthorised bank charge enquiry,Please explain the latest bank charge on my statement. I cannot see why this fee was taken and I want it reversed if it was incorrect.,neutral,False,
COMM-202403-000289,ACC0032789,IND2109012666,whatsapp,inbound,13-Mar-2024 18:22,Home Loan rate increase question,I am worried my home loan instalment may change. Please confirm whether my repayment will be repriced and from which date. I saw the article 'Retail banks sharpen arrears analytics as payment stress persists' and wanted to check how it affects my account.,neutral,False,
COMM-202403-000290,ACC0078985,IND2312001243,app_message,inbound,2024-03-31T22:29:24+02:00,Transfer not reflecting,I made a transfer and it is still not reflecting. Please check whether the payment is delayed in your system.,neutral,False,
COMM-202403-000291,ACC0022326,IND2101006861,whatsapp,inbound,28-Mar-2024 19:33,Unauthorised bank charge enquiry,Please explain the latest bank charge on my statement. I cannot see why this fee was taken and I want it reversed if it was incorrect.,neutral,False,
COMM-202403-000292,ACC0001273,IND1901004976,sms,inbound,2024-03-12T16:49:07+02:00,Home Loan rate increase question,I am worried my home loan instalment may change. Please confirm whether my repayment will be repriced and from which date. I saw the article 'Banks watch debit-order strain as households adjust spending' and wanted to check how it affects my account.,neutral,False,
COMM-202403-000293,ACC0036702,IND2112001608,branch_visit,inbound,27/03/2024 11:30,Why did my debit order fail?,"My debit order did not go through and I need to know whether it was insufficient funds, a retry problem or a bank processing issue. The account should not be charged twice.",negative,True,incorrect_charge
COMM-202403-000294,ACC0054502,IND2211018581,sms,outbound,2024-03-02T01:56:30+02:00,Branch holiday hours,Please note adjusted branch hours this month. Digital channels remain available for balance checks and transfers.,neutral,False,
COMM-202403-000295,ACC0047555,IND2207012358,app_message,inbound,2024-03-24T08:57:09+02:00,Why did my debit order fail?,"My debit order did not go through and I need to know whether it was insufficient funds, a retry problem or a bank processing issue. The account should not be charged twice.",negative,True,failed_transaction
COMM-202403-000296,ACC0053554,IND2210019977,whatsapp,inbound,08-Mar-2024 12:44,Agent transfer request,The automated response is not solving my issue. Please transfer me to a consultant who can check the account.,negative,True,service_delay
COMM-202403-000297,ACC0041077,IND2202001178,email,outbound,2024-03-30 18:42:59,New statement available,"Your latest account statement is available. Please review the charges, interest and debit order activity.",neutral,False,
COMM-202403-000298,ACC0070451,IND2307004564,branch_visit,inbound,19/03/2024 13:00,Cash deposit issue,I made a cash deposit but the amount is not showing correctly. Please investigate the branch or ATM record.,neutral,False,
COMM-202403-000299,ACC0022102,IND2101001032,social_media,inbound,2024/03/01 13:55:50,Unauthorised bank charge enquiry,Please explain the latest bank charge on my statement. I cannot see why this fee was taken and I want it reversed if it was incorrect.,neutral,False,
COMM-202403-000300,ACC0013388,IND1909009767,sms,outbound,2024-03-30T17:27:53+02:00,Suspicious transaction alert,We detected activity that may require confirmation. Please reply or contact the bank if this transaction was not yours.,neutral,False,
COMM-202403-000301,ACC0009444,IND1906013712,branch_visit,inbound,20/03/2024 12:50,Complaint about service,The service delay is frustrating. I have followed up more than once and still do not have a proper answer.,negative,True,digital_issue
COMM-202403-000302,ACC0080157,IND2401015885,whatsapp,inbound,30-Mar-2024 16:35,Unauthorised bank charge enquiry,Please explain the latest bank charge on my statement. I cannot see why this fee was taken and I want it reversed if it was incorrect.,neutral,False,
COMM-202403-000303,ACC0051062,IND2209008988,email,inbound,2024-03-03 12:08:32,Account enquiry,Please assist with my banking enquiry.,negative,True,incorrect_charge
COMM-202403-000304,ACC0066697,IND2305023446,phone_call,inbound,08/03/2024 16:16,Branch appointment request,I would like to book time at the branch to sort out my account and get printed documents for my records.,negative,True,service_delay
COMM-202403-000305,ACC0050624,IND2208000338,social_media,inbound,2024/03/01 08:05:48,Unauthorised bank charge enquiry,Please explain the latest bank charge on my statement. I cannot see why this fee was taken and I want it reversed if it was incorrect.,neutral,False,
COMM-202403-000306,ACC0046653,IND2206015227,chatbot,outbound,2024-03-29T16:13:56+02:00,New statement available,"Your latest account statement is available. Please review the charges, interest and debit order activity.",neutral,False,
COMM-202403-000307,ACC0001964,IND1902008409,phone_call,inbound,12/03/2024 10:47,Why did my debit order fail?,"My debit order did not go through and I need to know whether it was insufficient funds, a retry problem or a bank processing issue. The account should not be charged twice.",positive,False,
COMM-202403-000308,ACC0027902,IND2105000023,branch_visit,inbound,13/03/2024 09:50,Why did my debit order fail?,"My debit order did not go through and I need to know whether it was insufficient funds, a retry problem or a bank processing issue. The account should not be charged twice.",negative,True,incorrect_charge
COMM-202403-000309,ACC0040435,IND2202007457,app_message,inbound,2024-03-27T12:31:22+02:00,Digital wallet setup help,I need help setting up the digital wallet and linking it to the right account. The app keeps asking me to try again later.,negative,True,digital_issue
COMM-202403-000310,ACC0004157,IND1903011584,phone_call,inbound,10/03/2024 09:32,Why did my debit order fail?,"Hi there, My debit order did not go through and I need to know whether it was insufficient funds, a retry problem or a bank processing issue. The account should not be charged twice.",neutral,False,
COMM-202403-000311,ACC0051780,IND2209010054,sms,outbound,2024-03-16T20:01:47+02:00,Your loan repayment failed due to insufficient funds,Your scheduled loan repayment was not successful. Please fund your account or contact us to discuss payment options.,negative,True,digital_issue
COMM-202403-000312,ACC0083503,COM2402000388,social_media,inbound,2024/03/26 21:46:06,Kudos to branch staff,The branch team helped me quickly and explained the account options clearly. Please pass on my thanks.,negative,False,
COMM-202403-000313,ACC0016509,IND1911014407,whatsapp,inbound,25-Mar-2024 07:31,Agent transfer request,The automated response is not solving my issue. Please transfer me to a consultant who can check the account.,negative,True,digital_issue
COMM-202403-000314,ACC0022976,IND2102008090,email,inbound,2024-03-31 15:45:26,Account enquiry,Please assist with my banking enquiry.,negative,True,other
COMM-202403-000315,ACC0037796,IND2201003528,chatbot,inbound,2024-03-19T11:16:03+02:00,Home Loan rate increase question,I am worried my home loan instalment may change. Please confirm whether my repayment will be repriced and from which date. I saw the article 'Operational resilience returns to the agenda after payment interruptions' and wanted to check how it affects my account.,negative,True,failed_transaction
COMM-202403-000316,ACC0029386,IND2106013623,email,inbound,2024-03-25 09:52:28,Home Loan rate increase question,I am worried my home loan instalment may change. Please confirm whether my repayment will be repriced and from which date. I saw the article 'Banking analytics agenda: five signals to watch this month' and wanted to check how it affects my account.,neutral,False,
COMM-202403-000317,ACC0048050,IND2207003460,branch_visit,inbound,12/03/2024 11:30,Statement copy request,Please send me a copy of my latest statement and confirm the closing balance used for the month-end calculation.,neutral,False,
COMM-202403-000318,ACC0045433,IND2205007224,whatsapp,inbound,08-Mar-2024 12:26,Unauthorised bank charge enquiry,Please explain the latest bank charge on my statement. I cannot see why this fee was taken and I want it reversed if it was incorrect.,negative,True,incorrect_charge
COMM-202403-000319,ACC0027610,IND2105001079,app_message,outbound,2024-03-18T04:14:17+02:00,New statement available,"Your latest account statement is available. Please review the charges, interest and debit order activity.",positive,False,
COMM-202403-000320,ACC0068860,IND2306007853,app_message,inbound,2024-03-27T15:43:46+02:00,Why did my debit order fail?,"My debit order did not go through and I need to know whether it was insufficient funds, a retry problem or a bank processing issue. The account should not be charged twice.",negative,True,digital_issue
COMM-202403-000321,ACC0040347,IND2202016609,app_message,inbound,2024-03-31T13:24:37+02:00,Unauthorised bank charge enquiry,Please explain the latest bank charge on my statement. I cannot see why this fee was taken and I want it reversed if it was incorrect.,neutral,False,
COMM-202403-000322,ACC0009553,IND1906013623,app_message,inbound,2024-03-04T19:00:41+02:00,App login problem,The app is not behaving properly and I cannot complete what should be a simple transaction. Please check whether there is an issue on my profile.,neutral,False,
COMM-202403-000323,ACC0016490,IND1911022225,email,inbound,2024-03-04 10:27:51,Why did my debit order fail?,"My debit order did not go through and I need to know whether it was insufficient funds, a retry problem or a bank processing issue. The account should not be charged twice.",negative,True,incorrect_charge
COMM-202403-000324,ACC0052187,IND2209015499,app_message,inbound,2024-03-09T22:15:09+02:00,Balance check,Please confirm my available balance and whether any debit orders are still pending.,neutral,False,
COMM-202403-000325,ACC0063909,IND2304020940,phone_call,inbound,10/03/2024 18:42,Home Loan rate increase question,I am worried my home loan instalment may change. Please confirm whether my repayment will be repriced and from which date.,neutral,False,
COMM-202403-000326,ACC0034945,IND2111007721,branch_visit,inbound,15/03/2024 12:50,Cash deposit issue,I made a cash deposit but the amount is not showing correctly. Please investigate the branch or ATM record.,negative,True,service_delay
COMM-202403-000327,ACC0035676,IND2111007448,app_message,inbound,2024-03-26T12:06:21+02:00,Why did my debit order fail?,"My debit order did not go through and I need to know whether it was insufficient funds, a retry problem or a bank processing issue. The account should not be charged twice.",negative,True,service_delay
COMM-202403-000328,ACC0081539,IND2402016288,app_message,outbound,2024-03-01T19:35:33+02:00,New statement available,"Your latest account statement is available. Please review the charges, interest and debit order activity.",negative,False,
COMM-202403-000329,ACC0060056,IND2302005253,whatsapp,inbound,08-Mar-2024 10:52,Reset password,I need help resetting my password and confirming that my profile has not been locked.,negative,True,service_delay
COMM-202403-000330,ACC0076295,IND2310023302,phone_call,inbound,16/03/2024 18:20,Why did my debit order fail?,"My debit order did not go through and I need to know whether it was insufficient funds, a retry problem or a bank processing issue. The account should not be charged twice.",neutral,False,
COMM-202403-000331,ACC0067446,IND2306019019,app_message,inbound,2024-03-13T17:07:26+02:00,Home Loan rate increase question,I am worried my home loan instalment may change. Please confirm whether my repayment will be repriced and from which date. I saw the article 'Statement delays add noise to month-end finance controls' and wanted to check how it affects my account.,neutral,False,
COMM-202403-000332,ACC0055269,IND2211026075,email,inbound,2024-03-23 19:33:43,Suggestion for bank app,I have feedback on the app experience and would like the product team to review it.,neutral,False,
COMM-202403-000333,ACC0052155,IND2209011014,whatsapp,outbound,18-Mar-2024 13:30,New statement available,"Your latest account statement is available. Please review the charges, interest and debit order activity.",neutral,False,
COMM-202403-000334,ACC0034182,IND2110006159,app_message,inbound,2024-03-30T09:45:14+02:00,App login problem,The app is not behaving properly and I cannot complete what should be a simple transaction. Please check whether there is an issue on my profile.,neutral,False,
COMM-202403-000335,ACC0050309,IND2208005671,chatbot,inbound,2024-03-14T21:44:20+02:00,Unauthorised bank charge enquiry,Please explain the latest bank charge on my statement. I cannot see why this fee was taken and I want it reversed if it was incorrect.,negative,True,fee_dispute
COMM-202403-000336,ACC0060754,IND2302015794,phone_call,inbound,25/03/2024 08:02,Branch appointment request,I would like to book time at the branch to sort out my account and get printed documents for my records.,positive,False,
COMM-202403-000337,ACC0072901,IND2308025100,app_message,inbound,2024-03-05T09:01:54+02:00,Unauthorised bank charge enquiry,Please explain the latest bank charge on my statement. I cannot see why this fee was taken and I want it reversed if it was incorrect.,neutral,False,
COMM-202403-000338,ACC0077221,IND2311017950,sms,outbound,2024-03-16T20:59:41+02:00,Branch holiday hours,Please note adjusted branch hours this month. Digital channels remain available for balance checks and transfers.,neutral,False,
COMM-202403-000339,ACC0006077,IND1904014368,sms,outbound,2024-03-05T08:37:31+02:00,Suspicious transaction alert,We detected activity that may require confirmation. Please reply or contact the bank if this transaction was not yours.,negative,True,fraud_concern
COMM-202403-000340,ACC0023277,IND2102004862,app_message,inbound,2024-03-24T15:17:11+02:00,App login problem,The app is not behaving properly and I cannot complete what should be a simple transaction. Please check whether there is an issue on my profile.,neutral,False,
COMM-202403-000341,ACC0058277,IND2301007756,whatsapp,inbound,26-Mar-2024 21:12,Unauthorised bank charge enquiry,Please explain the latest bank charge on my statement. I cannot see why this fee was taken and I want it reversed if it was incorrect.,neutral,False,
COMM-202403-000342,ACC0046674,IND2206011532,whatsapp,inbound,19-Mar-2024 20:58,App login problem,The app is not behaving properly and I cannot complete what should be a simple transaction. Please check whether there is an issue on my profile.,neutral,False,
COMM-202403-000343,ACC0016490,IND1911022225,app_message,inbound,2024-03-27T15:53:20+02:00,Home Loan rate increase question,I am worried my home loan instalment may change. Please confirm whether my repayment will be repriced and from which date. I saw the article 'Banking analytics agenda: five signals to watch this month' and wanted to check how it affects my account.,negative,True,failed_transaction
COMM-202403-000344,ACC0015619,IND1911002882,app_message,inbound,2024-03-31T12:02:35+02:00,Unauthorised bank charge enquiry,Please explain the latest bank charge on my statement. I cannot see why this fee was taken and I want it reversed if it was incorrect.,negative,True,incorrect_charge
COMM-202403-000345,ACC0060887,IND2302011733,whatsapp,outbound,21-Mar-2024 12:09,New statement available,"Your latest account statement is available. Please review the charges, interest and debit order activity.",positive,False,
COMM-202403-000346,ACC0014521,IND1910008432,chatbot,inbound,2024-03-13T13:14:32+02:00,Reset password,I need help resetting my password and confirming that my profile has not been locked.,positive,False,
COMM-202403-000347,ACC0027927,IND2105009386,whatsapp,inbound,20-Mar-2024 20:07,Why did my debit order fail?,"My debit order did not go through and I need to know whether it was insufficient funds, a retry problem or a bank processing issue. The account should not be charged twice.",negative,True,failed_transaction
COMM-202403-000348,ACC0051210,IND2209016547,sms,outbound,2024-03-25T19:15:27+02:00,Your loan repayment failed due to insufficient funds,Your scheduled loan repayment was not successful. Please fund your account or contact us to discuss payment options.,negative,True,fraud_concern
COMM-202403-000349,ACC0020326,IND2007003061,social_media,inbound,2024/03/20 14:08:02,Unauthorised bank charge enquiry,Please explain the latest bank charge on my statement. I cannot see why this fee was taken and I want it reversed if it was incorrect.,negative,True,fee_dispute
COMM-202403-000350,ACC0005143,IND1903021316,branch_visit,inbound,10/03/2024 15:15,Card blocked at ATM,My card was blocked at the ATM and I need access restored or a replacement card arranged. I have an urgent payment to make.,neutral,False,
COMM-202403-000351,ACC0078101,IND2311005376,phone_call,inbound,10/03/2024 16:27,Card blocked at ATM,My card was blocked at the ATM and I need access restored or a replacement card arranged. I have an urgent payment to make.,neutral,False,
COMM-202403-000352,ACC0030419,IND2107002724,whatsapp,inbound,17-Mar-2024 06:02,Why did my debit order fail?,"My debit order did not go through and I need to know whether it was insufficient funds, a retry problem or a bank processing issue. The account should not be charged twice.",negative,True,failed_transaction
COMM-202403-000353,ACC0028792,IND2106003114,app_message,inbound,2024-03-02T17:52:16+02:00,Transfer not reflecting,I made a transfer and it is still not reflecting. Please check whether the payment is delayed in your system.,neutral,False,
COMM-202403-000354,ACC0023019,IND2102009425,app_message,inbound,2024-03-26T14:21:08+02:00,App login problem,The app is not behaving properly and I cannot complete what should be a simple transaction. Please check whether there is an issue on my profile.,neutral,False,
COMM-202403-000355,ACC0066255,IND2305014369,phone_call,inbound,29/03/2024 14:14,Card blocked at ATM,My card was blocked at the ATM and I need access restored or a replacement card arranged. I have an urgent payment to make.,neutral,False,
COMM-202403-000356,ACC0068757,IND2306011110,app_message,inbound,2024-03-20T19:28:45+02:00,Balance check,Please confirm my available balance and whether any debit orders are still pending.,neutral,False,
COMM-202403-000357,ACC0025724,IND2104019915,whatsapp,inbound,13-Mar-2024 09:20,Unauthorised bank charge enquiry,Please explain the latest bank charge on my statement. I cannot see why this fee was taken and I want it reversed if it was incorrect.,neutral,False,
COMM-202403-000358,ACC0002601,IND1902015358,chatbot,inbound,2024-03-17T20:34:30+02:00,Home Loan rate increase question,I am worried my home loan instalment may change. Please confirm whether my repayment will be repriced and from which date. I saw the article 'Banks watch debit-order strain as households adjust spending' and wanted to check how it affects my account.,positive,False,
COMM-202403-000359,ACC0046835,IND2206006061,chatbot,inbound,2024-03-06T17:24:26+02:00,App login problem,The app is not behaving properly and I cannot complete what should be a simple transaction. Please check whether there is an issue on my profile.,neutral,False,
COMM-202403-000360,ACC0054443,IND2210020981,sms,inbound,2024-03-04T16:05:30+02:00,Branch appointment request,I would like to book time at the branch to sort out my account and get printed documents for my records.,neutral,False,
COMM-202403-000361,ACC0068040,IND2306003145,chatbot,inbound,2024-03-11T10:47:16+02:00,Home Loan rate increase question,I am worried my home loan instalment may change. Please confirm whether my repayment will be repriced and from which date. I saw the article 'Statement delays add noise to month-end finance controls' and wanted to check how it affects my account.,negative,False,
COMM-202403-000362,ACC0002781,IND1902014982,chatbot,inbound,2024-03-28T14:43:10+02:00,Home Loan rate increase question,I am worried my home loan instalment may change. Please confirm whether my repayment will be repriced and from which date. I saw the article 'Retail banks sharpen arrears analytics as payment stress persists' and wanted to check how it affects my account.,positive,False,
COMM-202403-000363,ACC0031696,IND2108008763,social_media,inbound,2024/03/15 14:06:12,Kudos to branch staff,The branch team helped me quickly and explained the account options clearly. Please pass on my thanks.,negative,True,digital_issue
COMM-202403-000364,ACC0053375,IND2210014464,sms,outbound,2024-03-20T20:35:58+02:00,New statement available,"Your latest account statement is available. Please review the charges, interest and debit order activity.",neutral,False,
COMM-202403-000365,ACC0005236,IND1903010753,branch_visit,inbound,14/03/2024 12:20,Branch appointment request,I would like to book time at the branch to sort out my account and get printed documents for my records.,neutral,False,
COMM-202403-000366,ACC0023053,IND2102001779,branch_visit,inbound,24/03/2024 08:10,Home Loan rate increase question,I am worried my home loan instalment may change. Please confirm whether my repayment will be repriced and from which date. I saw the article 'Digital channels reshape banking workloads as customer growth continues' and wanted to check how it affects my account.,negative,True,failed_transaction
COMM-202403-000367,ACC0070017,IND2307017909,chatbot,inbound,2024-03-28T12:37:32+02:00,Why did my debit order fail?,"My debit order did not go through and I need to know whether it was insufficient funds, a retry problem or a bank processing issue. The account should not be charged twice.",negative,True,digital_issue
COMM-202403-000368,ACC0043548,IND2204011080,chatbot,inbound,2024-03-23T22:59:21+02:00,Agent transfer request,The automated response is not solving my issue. Please transfer me to a consultant who can check the account.,negative,True,digital_issue
COMM-202403-000369,ACC0016498,IND1911019567,sms,outbound,2024-03-24T22:17:53+02:00,Suspicious transaction alert,We detected activity that may require confirmation. Please reply or contact the bank if this transaction was not yours.,negative,True,fraud_concern
COMM-202403-000370,ACC0051164,IND2209016656,phone_call,inbound,18/03/2024 18:02,Unauthorised bank charge enquiry,Please explain the latest bank charge on my statement. I cannot see why this fee was taken and I want it reversed if it was incorrect.,neutral,False,
COMM-202403-000371,ACC0042839,IND2204008429,sms,outbound,2024-03-13T20:17:59+02:00,Branch holiday hours,Please note adjusted branch hours this month. Digital channels remain available for balance checks and transfers.,positive,False,
COMM-202403-000372,ACC0030115,IND2107001662,chatbot,inbound,2024-03-28T06:57:29+02:00,Why did my debit order fail?,"My debit order did not go through and I need to know whether it was insufficient funds, a retry problem or a bank processing issue. The account should not be charged twice.",negative,True,digital_issue
COMM-202403-000373,ACC0044174,COM2204000211,app_message,inbound,2024-03-26T13:04:44+02:00,Balance check,Please confirm my available balance and whether any debit orders are still pending.,positive,False,
COMM-202403-000374,ACC0025061,IND2103008437,phone_call,inbound,08/03/2024 14:15,Unauthorised bank charge enquiry,Please explain the latest bank charge on my statement. I cannot see why this fee was taken and I want it reversed if it was incorrect.,negative,True,fee_dispute
COMM-202403-000375,ACC0047328,IND2206000236,whatsapp,inbound,06-Mar-2024 19:15,App login problem,The app is not behaving properly and I cannot complete what should be a simple transaction. Please check whether there is an issue on my profile.,neutral,False,
