comm_id,account_id,customer_id,channel,direction,timestamp,subject,body,sentiment,linked_news_title,linked_event_date,is_complaint,complaint_category
COMM-202203-000001,ACC0031434,IND21008718,phone_call,inbound,28/03/2022 17:15,Unauthorised bank charge enquiry,Please explain the latest bank charge on my statement. I cannot see why this fee was taken and I want it reversed if it was incorrect.,neutral,,,False,
COMM-202203-000002,ACC0000708,IND19015529,app_message,inbound,2022-03-22T18:59:40+02:00,Digital wallet setup help,I need help setting up the digital wallet and linking it to the right account. The app keeps asking me to try again later.,neutral,,,False,
COMM-202203-000003,ACC0041377,COM22000069,branch_visit,inbound,26/03/2022 11:20,Card blocked at ATM,My card was blocked at the ATM and I need access restored or a replacement card arranged. I have an urgent payment to make.,neutral,,,False,
COMM-202203-000004,ACC0021381,COM20000093,branch_visit,inbound,30/03/2022 11:00,Branch appointment request,I would like to book time at the branch to sort out my account and get printed documents for my records.,negative,,,True,failed_transaction
COMM-202203-000005,ACC0020817,IND20001707,sms,outbound,2022-03-20T07:55:44+02:00,New statement available,"Your latest account statement is available. Please review the charges, interest and debit order activity.",neutral,Operational resilience returns to the agenda after payment interruptions,,False,
COMM-202203-000006,ACC0010157,IND19012944,phone_call,inbound,09/03/2022 08:07,Why did my debit order fail?,"My debit order did not go through and I need to know whether it was insufficient funds, a retry problem or a bank processing issue. The account should not be charged twice.",negative,,,True,staff_behavior
COMM-202203-000007,ACC0033067,IND21006493,sms,inbound,2022-03-23T01:21:01+02:00,Why did my debit order fail?,"My debit order did not go through and I need to know whether it was insufficient funds, a retry problem or a bank processing issue. The account should not be charged twice.",negative,,,False,
COMM-202203-000008,ACC0002623,IND19011260,phone_call,inbound,02/03/2022 13:01,Why did my debit order fail?,"My debit order did not go through and I need to know whether it was insufficient funds, a retry problem or a bank processing issue. The account should not be charged twice.",positive,,,False,
COMM-202203-000009,ACC0029090,IND21010347,phone_call,inbound,18/03/2022 11:59,Why did my debit order fail?,"My debit order did not go through and I need to know whether it was insufficient funds, a retry problem or a bank processing issue. The account should not be charged twice.",negative,,,True,other
COMM-202203-000010,ACC0014647,IND19005372,phone_call,inbound,21/03/2022 09:30,Home Loan rate increase question,I am worried my home loan instalment may change. Please confirm whether my repayment will be repriced and from which date. I saw the article 'Operational resilience returns to the agenda after payment interruptions' and wanted to check how it affects my account.,negative,Operational resilience returns to the agenda after payment interruptions,,True,fee_dispute
COMM-202203-000011,ACC0024582,IND21002294,phone_call,inbound,13/03/2022 14:46,Unauthorised bank charge enquiry,"Howzit, Please explain the latest bank charge on my statement. I cannot see why this fee was taken and I want it reversed if it was incorrect.",neutral,,,False,
COMM-202203-000012,ACC0002719,IND19013176,app_message,inbound,2022-03-29T09:24:11+02:00,Why did my debit order fail?,"My debit order did not go through and I need to know whether it was insufficient funds, a retry problem or a bank processing issue. The account should not be charged twice.",negative,,,True,failed_transaction
COMM-202203-000013,ACC0021923,IND21006312,email,inbound,2022-03-03 14:23:02,App login problem,The app is not behaving properly and I cannot complete what should be a simple transaction. Please check whether there is an issue on my profile.,neutral,,,False,
COMM-202203-000014,ACC0022264,IND21007260,branch_visit,inbound,28/03/2022 15:50,Complaint about service,The service delay is frustrating. I have followed up more than once and still do not have a proper answer.,neutral,,,False,
COMM-202203-000015,ACC0002341,IND19001126,email,inbound,2022-03-22 16:03:24,Account enquiry,Please assist with my banking enquiry.,neutral,,,False,
COMM-202203-000016,ACC0032943,IND21003279,sms,outbound,2022-03-27T08:46:27+02:00,New statement available,"Your latest account statement is available. Please review the charges, interest and debit order activity.",neutral,Operational resilience returns to the agenda after payment interruptions,,False,
COMM-202203-000017,ACC0025591,IND21015219,email,inbound,2022-03-29 07:52:09,Why did my debit order fail?,"My debit order did not go through and I need to know whether it was insufficient funds, a retry problem or a bank processing issue. The account should not be charged twice.",negative,,,True,fee_dispute
COMM-202203-000018,ACC0007040,IND19011954,branch_visit,inbound,15/03/2022 11:20,Cash deposit issue,I made a cash deposit but the amount is not showing correctly. Please investigate the branch or ATM record.,neutral,,,False,
COMM-202203-000019,ACC0016137,IND19013890,branch_visit,inbound,02/03/2022 08:00,Why did my debit order fail?,"My debit order did not go through and I need to know whether it was insufficient funds, a retry problem or a bank processing issue. The account should not be charged twice.",negative,,,True,staff_behavior
COMM-202203-000020,ACC0016315,IND19012459,sms,outbound,2022-03-21T16:13:11+02:00,New statement available,"Your latest account statement is available. Please review the charges, interest and debit order activity.",negative,,,False,
COMM-202203-000021,ACC0034489,IND21011607,app_message,outbound,2022-03-04T18:46:02+02:00,New statement available,"Your latest account statement is available. Please review the charges, interest and debit order activity.",neutral,,,False,
COMM-202203-000022,ACC0023241,IND21008308,app_message,inbound,2022-03-14T05:25:26+02:00,Why did my debit order fail?,"My debit order did not go through and I need to know whether it was insufficient funds, a retry problem or a bank processing issue. The account should not be charged twice.",negative,,,True,failed_transaction
COMM-202203-000023,ACC0032653,IND21004264,app_message,inbound,2022-03-13T11:29:03+02:00,Balance check,Please confirm my available balance and whether any debit orders are still pending.,neutral,,,False,
COMM-202203-000024,ACC0007625,IND19000348,phone_call,inbound,19/03/2022 10:32,Unauthorised bank charge enquiry,Please explain the latest bank charge on my statement. I cannot see why this fee was taken and I want it reversed if it was incorrect.,negative,,,True,incorrect_charge
COMM-202203-000025,ACC0029020,IND21011010,app_message,inbound,2022-03-30T07:34:45+02:00,Unauthorised bank charge enquiry,Please explain the latest bank charge on my statement. I cannot see why this fee was taken and I want it reversed if it was incorrect.,positive,,,False,
COMM-202203-000026,ACC0002010,IND19014883,email,inbound,2022-03-27 07:32:59,Account enquiry,Please assist with my banking enquiry.,neutral,,,False,
COMM-202203-000027,ACC0026660,IND21008217,app_message,inbound,2022-03-31T07:13:01+02:00,Home Loan rate increase question,I am worried my home loan instalment may change. Please confirm whether my repayment will be repriced and from which date. I saw the article 'Banks watch debit-order strain as households adjust spending' and wanted to check how it affects my account.,negative,Banks watch debit-order strain as households adjust spending,,True,service_delay
COMM-202203-000028,ACC0002481,IND19000798,sms,outbound,2022-03-22T17:31:40+02:00,New statement available,"Your latest account statement is available. Please review the charges, interest and debit order activity.",neutral,,,False,
COMM-202203-000029,ACC0011709,IND19002966,branch_visit,inbound,08/03/2022 13:50,Branch appointment request,I would like to book time at the branch to sort out my account and get printed documents for my records.,negative,,,True,fraud_concern
COMM-202203-000030,ACC0029596,IND21013940,email,inbound,2022-03-27 13:07:45,App login problem,The app is not behaving properly and I cannot complete what should be a simple transaction. Please check whether there is an issue on my profile.,neutral,,,False,
COMM-202203-000031,ACC0029194,IND21010468,phone_call,inbound,22/03/2022 09:34,Home Loan rate increase question,I am worried my home loan instalment may change. Please confirm whether my repayment will be repriced and from which date. I saw the article 'Digital channels reshape banking workloads as customer growth continues' and wanted to check how it affects my account.,neutral,Digital channels reshape banking workloads as customer growth continues,,False,
COMM-202203-000032,ACC0027478,IND21014356,branch_visit,inbound,06/03/2022 10:50,Why did my debit order fail?,"My debit order did not go through and I need to know whether it was insufficient funds, a retry problem or a bank processing issue. The account should not be charged twice.",negative,,,True,incorrect_charge
COMM-202203-000033,ACC0037373,IND22010882,branch_visit,inbound,23/03/2022 15:20,Statement copy request,Please send me a copy of my latest statement and confirm the closing balance used for the month-end calculation.,negative,,,True,staff_behavior
COMM-202203-000034,ACC0013427,IND19014760,phone_call,inbound,18/03/2022 17:18,Why did my debit order fail?,"Howzit, My debit order did not go through and I need to know whether it was insufficient funds, a retry problem or a bank processing issue. The account should not be charged twice.",negative,,,True,statement_error
COMM-202203-000035,ACC0027845,IND21011216,app_message,inbound,2022-03-27T19:27:35+02:00,Why did my debit order fail?,"My debit order did not go through and I need to know whether it was insufficient funds, a retry problem or a bank processing issue. The account should not be charged twice.",negative,,,True,failed_transaction
COMM-202203-000036,ACC0026935,IND21013914,sms,outbound,2022-03-16T00:07:47+02:00,Your loan repayment failed due to insufficient funds,Your scheduled loan repayment was not successful. Please fund your account or contact us to discuss payment options.,negative,,,True,other
COMM-202203-000037,ACC0017638,IND19006959,email,inbound,2022-03-05 11:34:50,App login problem,The app is not behaving properly and I cannot complete what should be a simple transaction. Please check whether there is an issue on my profile.,positive,,,False,
COMM-202203-000038,ACC0031462,IND21008739,email,inbound,2022-03-10 11:08:50,Statement copy request,Please send me a copy of my latest statement and confirm the closing balance used for the month-end calculation.,negative,,,False,
COMM-202203-000039,ACC0031342,IND21007321,email,outbound,2022-03-30 07:53:20,New statement available,"Your latest account statement is available. Please review the charges, interest and debit order activity.",neutral,,,False,
COMM-202203-000040,ACC0014042,IND19002071,sms,inbound,2022-03-02T15:40:40+02:00,Statement copy request,Please send me a copy of my latest statement and confirm the closing balance used for the month-end calculation.,neutral,,,False,
COMM-202203-000041,ACC0018313,IND19011708,email,outbound,2022-03-02 11:51:38,New statement available,"Your latest account statement is available. Please review the charges, interest and debit order activity.",positive,,,False,
COMM-202203-000042,ACC0023678,IND21008941,phone_call,inbound,09/03/2022 16:50,Card blocked at ATM,My card was blocked at the ATM and I need access restored or a replacement card arranged. I have an urgent payment to make.,neutral,,,False,
COMM-202203-000043,ACC0008268,IND19009572,app_message,inbound,2022-03-10T07:36:59+02:00,App login problem,The app is not behaving properly and I cannot complete what should be a simple transaction. Please check whether there is an issue on my profile.,positive,,,False,
COMM-202203-000044,ACC0026175,IND21017884,sms,outbound,2022-03-27T07:31:33+02:00,New statement available,"Your latest account statement is available. Please review the charges, interest and debit order activity.",negative,,,True,incorrect_charge
COMM-202203-000045,ACC0031697,IND21001020,app_message,inbound,2022-03-06T06:49:41+02:00,Digital wallet setup help,I need help setting up the digital wallet and linking it to the right account. The app keeps asking me to try again later.,negative,,,True,failed_transaction
COMM-202203-000046,ACC0025553,IND21001482,email,inbound,2022-03-11 18:32:19,Statement copy request,Please send me a copy of my latest statement and confirm the closing balance used for the month-end calculation.,positive,,,False,
COMM-202203-000047,ACC0009391,IND19010476,email,inbound,2022-03-22 20:31:06,Suggestion for bank app,I have feedback on the app experience and would like the product team to review it.,negative,,,True,staff_behavior
COMM-202203-000048,ACC0009194,IND19001245,phone_call,inbound,30/03/2022 08:24,Home Loan rate increase question,I am worried my home loan instalment may change. Please confirm whether my repayment will be repriced and from which date. I saw the article 'Conduct teams press for clearer evidence on fees and failed payments' and wanted to check how it affects my account.,positive,Conduct teams press for clearer evidence on fees and failed payments,,False,
COMM-202203-000049,ACC0011724,IND19019660,phone_call,inbound,29/03/2022 08:19,Home Loan rate increase question,I am worried my home loan instalment may change. Please confirm whether my repayment will be repriced and from which date. I saw the article 'Operational resilience returns to the agenda after payment interruptions' and wanted to check how it affects my account.,neutral,Operational resilience returns to the agenda after payment interruptions,,False,
COMM-202203-000050,ACC0000071,IND19001466,email,inbound,2022-03-01 11:26:03,Statement copy request,Please send me a copy of my latest statement and confirm the closing balance used for the month-end calculation.,neutral,,,False,
COMM-202203-000051,ACC0025772,IND21012168,phone_call,inbound,04/03/2022 15:57,Card blocked at ATM,My card was blocked at the ATM and I need access restored or a replacement card arranged. I have an urgent payment to make.,neutral,,,False,
COMM-202203-000052,ACC0034083,IND21000101,branch_visit,inbound,11/03/2022 11:20,Card blocked at ATM,My card was blocked at the ATM and I need access restored or a replacement card arranged. I have an urgent payment to make.,neutral,,,False,
COMM-202203-000053,ACC0036788,IND21012555,app_message,inbound,2022-03-04T16:55:56+02:00,Why did my debit order fail?,"My debit order did not go through and I need to know whether it was insufficient funds, a retry problem or a bank processing issue. The account should not be charged twice.",negative,,,True,failed_transaction
COMM-202203-000054,ACC0012171,IND19019262,app_message,inbound,2022-03-16T20:48:17+02:00,Why did my debit order fail?,"My debit order did not go through and I need to know whether it was insufficient funds, a retry problem or a bank processing issue. The account should not be charged twice.",negative,,,True,digital_issue
COMM-202203-000055,ACC0013944,IND19015221,sms,inbound,2022-03-21T11:09:10+02:00,Why did my debit order fail?,"My debit order did not go through and I need to know whether it was insufficient funds, a retry problem or a bank processing issue. The account should not be charged twice.",negative,,,True,statement_error
COMM-202203-000056,ACC0030574,IND21004684,phone_call,inbound,27/03/2022 11:11,Home Loan rate increase question,I am worried my home loan instalment may change. Please confirm whether my repayment will be repriced and from which date. I saw the article 'Banking analytics agenda: five signals to watch this month' and wanted to check how it affects my account.,positive,Banking analytics agenda: five signals to watch this month,,False,
COMM-202203-000057,ACC0014919,IND19003502,app_message,inbound,2022-03-28T22:21:05+02:00,Home Loan rate increase question,I am worried my home loan instalment may change. Please confirm whether my repayment will be repriced and from which date. I saw the article 'Retail banks sharpen arrears analytics as payment stress persists' and wanted to check how it affects my account.,positive,Retail banks sharpen arrears analytics as payment stress persists,,False,
COMM-202203-000058,ACC0040463,IND22005079,app_message,inbound,2022-03-23T18:11:04+02:00,Home Loan rate increase question,I am worried my home loan instalment may change. Please confirm whether my repayment will be repriced and from which date. I saw the article 'Statement delays add noise to month-end finance controls' and wanted to check how it affects my account.,negative,Statement delays add noise to month-end finance controls,,True,fee_dispute
COMM-202203-000059,ACC0029803,IND21010413,sms,outbound,2022-03-24T07:26:54+02:00,New statement available,"Your latest account statement is available. Please review the charges, interest and debit order activity.",positive,Banks watch debit-order strain as households adjust spending,,False,
COMM-202203-000060,ACC0000365,IND19005374,phone_call,inbound,07/03/2022 09:15,Home Loan rate increase question,I am worried my home loan instalment may change. Please confirm whether my repayment will be repriced and from which date. I saw the article 'Banks watch debit-order strain as households adjust spending' and wanted to check how it affects my account.,negative,Banks watch debit-order strain as households adjust spending,,True,service_delay
COMM-202203-000061,ACC0034956,IND21018151,sms,outbound,2022-03-11T03:43:29+02:00,Your loan repayment failed due to insufficient funds,Your scheduled loan repayment was not successful. Please fund your account or contact us to discuss payment options.,negative,,,True,incorrect_charge
COMM-202203-000062,ACC0025603,IND21001576,email,inbound,2022-03-25 19:23:48,Home Loan rate increase question,I am worried my home loan instalment may change. Please confirm whether my repayment will be repriced and from which date. I saw the article 'Conduct teams press for clearer evidence on fees and failed payments' and wanted to check how it affects my account.,negative,Conduct teams press for clearer evidence on fees and failed payments,,True,service_delay
COMM-202203-000063,ACC0024905,IND21004884,branch_visit,inbound,06/03/2022 11:05,Branch appointment request,I would like to book time at the branch to sort out my account and get printed documents for my records.,neutral,,,False,
COMM-202203-000064,ACC0034767,IND21001784,email,inbound,2022-03-28 19:36:44,Why did my debit order fail?,"My debit order did not go through and I need to know whether it was insufficient funds, a retry problem or a bank processing issue. The account should not be charged twice.",negative,,,True,digital_issue
COMM-202203-000065,ACC0005308,IND19003285,phone_call,inbound,12/03/2022 11:58,Why did my debit order fail?,"My debit order did not go through and I need to know whether it was insufficient funds, a retry problem or a bank processing issue. The account should not be charged twice.",neutral,,,False,
COMM-202203-000066,ACC0016704,IND19017422,sms,outbound,2022-03-21T16:56:43+02:00,Branch holiday hours,Please note adjusted branch hours this month. Digital channels remain available for balance checks and transfers.,neutral,,,False,
COMM-202203-000067,ACC0000708,IND19015529,branch_visit,inbound,14/03/2022 15:05,Statement copy request,Please send me a copy of my latest statement and confirm the closing balance used for the month-end calculation.,neutral,,,False,
COMM-202203-000068,ACC0016874,IND19014924,app_message,outbound,2022-03-06T15:14:50+02:00,New statement available,"Your latest account statement is available. Please review the charges, interest and debit order activity.",positive,,,False,
COMM-202203-000069,ACC0040146,IND22013294,phone_call,inbound,09/03/2022 10:09,Why did my debit order fail?,"My debit order did not go through and I need to know whether it was insufficient funds, a retry problem or a bank processing issue. The account should not be charged twice.",negative,,,True,digital_issue
COMM-202203-000070,ACC0030633,IND21006441,phone_call,inbound,02/03/2022 13:35,Unauthorised bank charge enquiry,Please explain the latest bank charge on my statement. I cannot see why this fee was taken and I want it reversed if it was incorrect.,neutral,,,False,
COMM-202203-000071,ACC0040463,IND22005079,email,inbound,2022-03-26 17:44:56,App login problem,The app is not behaving properly and I cannot complete what should be a simple transaction. Please check whether there is an issue on my profile.,neutral,,,False,
COMM-202203-000072,ACC0031175,IND21011938,branch_visit,inbound,21/03/2022 11:10,Branch appointment request,I would like to book time at the branch to sort out my account and get printed documents for my records.,neutral,,,False,
COMM-202203-000073,ACC0024114,IND21005306,app_message,inbound,2022-03-04T19:58:27+02:00,Why did my debit order fail?,"My debit order did not go through and I need to know whether it was insufficient funds, a retry problem or a bank processing issue. The account should not be charged twice.",negative,,,True,failed_transaction
COMM-202203-000074,ACC0039620,IND22006996,phone_call,inbound,01/03/2022 13:54,Why did my debit order fail?,"My debit order did not go through and I need to know whether it was insufficient funds, a retry problem or a bank processing issue. The account should not be charged twice.",neutral,,,False,
COMM-202203-000075,ACC0009050,IND19006126,email,inbound,2022-03-08 15:37:05,Suggestion for bank app,I have feedback on the app experience and would like the product team to review it.,negative,,,True,service_delay
COMM-202203-000076,ACC0025083,IND21003632,email,inbound,2022-03-19 17:44:20,Statement copy request,Please send me a copy of my latest statement and confirm the closing balance used for the month-end calculation.,neutral,,,False,
COMM-202203-000077,ACC0040324,IND22020454,email,inbound,2022-03-03 15:32:19,Statement copy request,Please send me a copy of my latest statement and confirm the closing balance used for the month-end calculation.,negative,,,True,other
COMM-202203-000078,ACC0033973,IND21005417,sms,outbound,2022-03-19T06:37:27+02:00,New statement available,"Your latest account statement is available. Please review the charges, interest and debit order activity.",neutral,,,False,
COMM-202203-000079,ACC0012218,IND19008337,sms,outbound,2022-03-17T22:22:02+02:00,New statement available,"Your latest account statement is available. Please review the charges, interest and debit order activity.",neutral,Retail banks sharpen arrears analytics as payment stress persists,,False,
COMM-202203-000080,ACC0017580,IND19004330,app_message,inbound,2022-03-28T11:42:12+02:00,Home Loan rate increase question,I am worried my home loan instalment may change. Please confirm whether my repayment will be repriced and from which date. I saw the article 'Banks watch debit-order strain as households adjust spending' and wanted to check how it affects my account.,negative,Banks watch debit-order strain as households adjust spending,,True,fee_dispute
COMM-202203-000081,ACC0024602,IND21007314,app_message,inbound,2022-03-28T10:46:22+02:00,Transfer not reflecting,I made a transfer and it is still not reflecting. Please check whether the payment is delayed in your system.,negative,,,True,digital_issue
COMM-202203-000082,ACC0025603,IND21001576,sms,outbound,2022-03-25T09:47:42+02:00,Your loan repayment failed due to insufficient funds,Your scheduled loan repayment was not successful. Please fund your account or contact us to discuss payment options.,negative,,,True,staff_behavior
COMM-202203-000083,ACC0012387,IND19019017,branch_visit,inbound,09/03/2022 14:10,Branch appointment request,I would like to book time at the branch to sort out my account and get printed documents for my records.,positive,,,False,
COMM-202203-000084,ACC0011441,IND19004907,sms,outbound,2022-03-30T03:37:48+02:00,Branch holiday hours,Please note adjusted branch hours this month. Digital channels remain available for balance checks and transfers.,negative,,,False,
COMM-202203-000085,ACC0012594,IND19010354,sms,outbound,2022-03-04T20:15:30+02:00,New statement available,"Your latest account statement is available. Please review the charges, interest and debit order activity.",negative,,,True,service_delay
COMM-202203-000086,ACC0028396,IND21005145,branch_visit,inbound,31/03/2022 08:10,Branch appointment request,I would like to book time at the branch to sort out my account and get printed documents for my records.,neutral,,,False,
COMM-202203-000087,ACC0012470,IND19001172,email,inbound,2022-03-25 13:14:21,Statement copy request,Please send me a copy of my latest statement and confirm the closing balance used for the month-end calculation.,negative,,,False,
COMM-202203-000088,ACC0018319,IND19009350,phone_call,inbound,30/03/2022 08:27,Home Loan rate increase question,I am worried my home loan instalment may change. Please confirm whether my repayment will be repriced and from which date. I saw the article 'Banks watch debit-order strain as households adjust spending' and wanted to check how it affects my account.,neutral,Banks watch debit-order strain as households adjust spending,,False,
COMM-202203-000089,ACC0002716,IND19017246,app_message,inbound,2022-03-01T12:36:00+02:00,Unauthorised bank charge enquiry,Please explain the latest bank charge on my statement. I cannot see why this fee was taken and I want it reversed if it was incorrect.,neutral,,,False,
COMM-202203-000090,ACC0001460,IND19002706,app_message,inbound,2022-03-24T13:55:01+02:00,Digital wallet setup help,I need help setting up the digital wallet and linking it to the right account. The app keeps asking me to try again later.,neutral,,,False,
COMM-202203-000091,ACC0035367,IND21018510,branch_visit,inbound,06/03/2022 15:20,Cash deposit issue,I made a cash deposit but the amount is not showing correctly. Please investigate the branch or ATM record.,neutral,,,False,
COMM-202203-000092,ACC0010473,IND19002485,phone_call,inbound,29/03/2022 16:19,Why did my debit order fail?,"My debit order did not go through and I need to know whether it was insufficient funds, a retry problem or a bank processing issue. The account should not be charged twice.",positive,,,False,
COMM-202203-000093,ACC0008473,IND19002141,app_message,inbound,2022-03-27T12:27:43+02:00,Home Loan rate increase question,I am worried my home loan instalment may change. Please confirm whether my repayment will be repriced and from which date. I saw the article 'Digital channels reshape banking workloads as customer growth continues' and wanted to check how it affects my account.,neutral,Digital channels reshape banking workloads as customer growth continues,,False,
COMM-202203-000094,ACC0032208,IND21008866,app_message,inbound,2022-03-16T17:13:52+02:00,Balance check,Please confirm my available balance and whether any debit orders are still pending.,negative,,,True,failed_transaction
COMM-202203-000095,ACC0036912,IND21010585,email,inbound,2022-03-02 22:21:33,Suggestion for bank app,I have feedback on the app experience and would like the product team to review it.,neutral,,,False,
COMM-202203-000096,ACC0026584,IND21015705,phone_call,inbound,11/03/2022 15:04,Why did my debit order fail?,"My debit order did not go through and I need to know whether it was insufficient funds, a retry problem or a bank processing issue. The account should not be charged twice.",negative,,,True,fee_dispute
COMM-202203-000097,ACC0012158,IND19016865,phone_call,inbound,15/03/2022 13:40,Card blocked at ATM,My card was blocked at the ATM and I need access restored or a replacement card arranged. I have an urgent payment to make.,neutral,,,False,
COMM-202203-000098,ACC0024328,IND21006300,phone_call,inbound,23/03/2022 13:24,Home Loan rate increase question,"Eish, I am worried my home loan instalment may change. Please confirm whether my repayment will be repriced and from which date. I saw the article 'Conduct teams press for clearer evidence on fees and failed payments' and wanted to check how it affects my account.",negative,Conduct teams press for clearer evidence on fees and failed payments,,True,service_delay
COMM-202203-000099,ACC0017510,IND19006204,phone_call,inbound,21/03/2022 10:28,Home Loan rate increase question,I am worried my home loan instalment may change. Please confirm whether my repayment will be repriced and from which date. I saw the article 'Retail banks sharpen arrears analytics as payment stress persists' and wanted to check how it affects my account.,neutral,Retail banks sharpen arrears analytics as payment stress persists,,False,
COMM-202203-000100,ACC0020284,IND20003470,sms,outbound,2022-03-15T16:50:53+02:00,Your loan repayment failed due to insufficient funds,Your scheduled loan repayment was not successful. Please fund your account or contact us to discuss payment options.,negative,,,False,
COMM-202203-000101,ACC0016143,IND19009170,phone_call,inbound,03/03/2022 10:58,Why did my debit order fail?,"My debit order did not go through and I need to know whether it was insufficient funds, a retry problem or a bank processing issue. The account should not be charged twice.",positive,,,False,
COMM-202203-000102,ACC0017533,IND19014872,email,inbound,2022-03-20 10:45:57,Home Loan rate increase question,I am worried my home loan instalment may change. Please confirm whether my repayment will be repriced and from which date. I saw the article 'Operational resilience returns to the agenda after payment interruptions' and wanted to check how it affects my account.,neutral,Operational resilience returns to the agenda after payment interruptions,,False,
COMM-202203-000103,ACC0017073,IND19005237,app_message,inbound,2022-03-26T17:34:13+02:00,Transfer not reflecting,I made a transfer and it is still not reflecting. Please check whether the payment is delayed in your system.,neutral,,,False,
COMM-202203-000104,ACC0026297,IND21000573,app_message,inbound,2022-03-19T16:36:46+02:00,Unauthorised bank charge enquiry,Please explain the latest bank charge on my statement. I cannot see why this fee was taken and I want it reversed if it was incorrect.,neutral,,,False,
COMM-202203-000105,ACC0025002,IND21010382,app_message,inbound,2022-03-06T08:23:09+02:00,Unauthorised bank charge enquiry,Please explain the latest bank charge on my statement. I cannot see why this fee was taken and I want it reversed if it was incorrect.,neutral,,,False,
COMM-202203-000106,ACC0000227,IND19010979,email,outbound,2022-03-27 14:55:57,New statement available,"Your latest account statement is available. Please review the charges, interest and debit order activity.",neutral,,,False,
COMM-202203-000107,ACC0032434,IND21001667,app_message,inbound,2022-03-01T14:32:43+02:00,Transfer not reflecting,I made a transfer and it is still not reflecting. Please check whether the payment is delayed in your system.,negative,,,True,service_delay
COMM-202203-000108,ACC0036086,IND21004780,phone_call,inbound,13/03/2022 17:22,Card blocked at ATM,My card was blocked at the ATM and I need access restored or a replacement card arranged. I have an urgent payment to make.,negative,,,True,statement_error
COMM-202203-000109,ACC0020944,IND20002422,sms,outbound,2022-03-20T11:17:12+02:00,New statement available,"Your latest account statement is available. Please review the charges, interest and debit order activity.",neutral,,,False,
COMM-202203-000110,ACC0015812,IND19011944,branch_visit,inbound,30/03/2022 10:45,Home Loan rate increase question,I am worried my home loan instalment may change. Please confirm whether my repayment will be repriced and from which date. I saw the article 'Digital channels reshape banking workloads as customer growth continues' and wanted to check how it affects my account.,neutral,Digital channels reshape banking workloads as customer growth continues,,False,
COMM-202203-000111,ACC0013691,IND19016883,phone_call,inbound,14/03/2022 09:44,Branch appointment request,I would like to book time at the branch to sort out my account and get printed documents for my records.,positive,,,False,
COMM-202203-000112,ACC0032534,IND21001804,app_message,inbound,2022-03-19T13:43:50+02:00,Digital wallet setup help,I need help setting up the digital wallet and linking it to the right account. The app keeps asking me to try again later.,neutral,,,False,
COMM-202203-000113,ACC0006594,IND19013477,branch_visit,inbound,18/03/2022 09:10,Statement copy request,Please send me a copy of my latest statement and confirm the closing balance used for the month-end calculation.,positive,,,False,
COMM-202203-000114,ACC0008599,IND19005041,app_message,inbound,2022-03-14T14:03:00+02:00,Unauthorised bank charge enquiry,Please explain the latest bank charge on my statement. I cannot see why this fee was taken and I want it reversed if it was incorrect.,neutral,,,False,
COMM-202203-000115,ACC0008711,IND19016560,branch_visit,inbound,21/03/2022 14:50,Complaint about service,The service delay is frustrating. I have followed up more than once and still do not have a proper answer.,neutral,,,False,
COMM-202203-000116,ACC0027536,IND21015628,branch_visit,inbound,22/03/2022 14:50,Cash deposit issue,I made a cash deposit but the amount is not showing correctly. Please investigate the branch or ATM record.,neutral,,,False,
COMM-202203-000117,ACC0038503,IND22012207,app_message,inbound,2022-03-28T18:10:36+02:00,Digital wallet setup help,I need help setting up the digital wallet and linking it to the right account. The app keeps asking me to try again later.,neutral,,,False,
COMM-202203-000118,ACC0011662,IND19007783,app_message,inbound,2022-03-17T09:41:22+02:00,Balance check,Please confirm my available balance and whether any debit orders are still pending.,negative,,,False,
COMM-202203-000119,ACC0009571,IND19008258,phone_call,inbound,23/03/2022 11:03,Home Loan rate increase question,I am worried my home loan instalment may change. Please confirm whether my repayment will be repriced and from which date. I saw the article 'Retail banks sharpen arrears analytics as payment stress persists' and wanted to check how it affects my account.,negative,Retail banks sharpen arrears analytics as payment stress persists,,False,
COMM-202203-000120,ACC0025267,IND21004420,app_message,inbound,2022-03-20T13:16:57+02:00,Digital wallet setup help,I need help setting up the digital wallet and linking it to the right account. The app keeps asking me to try again later.,neutral,,,False,
COMM-202203-000121,ACC0025322,IND21004741,app_message,inbound,2022-03-14T10:03:58+02:00,App login problem,The app is not behaving properly and I cannot complete what should be a simple transaction. Please check whether there is an issue on my profile.,negative,,,True,digital_issue
COMM-202203-000122,ACC0021536,IND21007096,app_message,inbound,2022-03-24T15:54:03+02:00,App login problem,The app is not behaving properly and I cannot complete what should be a simple transaction. Please check whether there is an issue on my profile.,neutral,,,False,
COMM-202203-000123,ACC0032241,IND21009163,email,inbound,2022-03-18 20:30:08,Home Loan rate increase question,I am worried my home loan instalment may change. Please confirm whether my repayment will be repriced and from which date. I saw the article 'Conduct teams press for clearer evidence on fees and failed payments' and wanted to check how it affects my account.,negative,Conduct teams press for clearer evidence on fees and failed payments,,False,
COMM-202203-000124,ACC0037773,IND22004327,app_message,outbound,2022-03-19T21:32:04+02:00,New statement available,"Your latest account statement is available. Please review the charges, interest and debit order activity.",positive,,,False,
COMM-202203-000125,ACC0016878,IND19009638,app_message,inbound,2022-03-18T07:08:33+02:00,App login problem,The app is not behaving properly and I cannot complete what should be a simple transaction. Please check whether there is an issue on my profile.,neutral,,,False,
COMM-202203-000126,ACC0032620,IND21012598,app_message,inbound,2022-03-04T13:41:30+02:00,Unauthorised bank charge enquiry,Please explain the latest bank charge on my statement. I cannot see why this fee was taken and I want it reversed if it was incorrect.,neutral,,,False,
COMM-202203-000127,ACC0025591,IND21015219,sms,outbound,2022-03-31T16:19:35+02:00,Branch holiday hours,Please note adjusted branch hours this month. Digital channels remain available for balance checks and transfers.,negative,,,True,digital_issue
COMM-202203-000128,ACC0004795,IND19017504,branch_visit,inbound,13/03/2022 15:10,Why did my debit order fail?,"My debit order did not go through and I need to know whether it was insufficient funds, a retry problem or a bank processing issue. The account should not be charged twice.",negative,,,True,digital_issue
COMM-202203-000129,ACC0029339,IND21000482,app_message,inbound,2022-03-18T11:49:49+02:00,Why did my debit order fail?,"My debit order did not go through and I need to know whether it was insufficient funds, a retry problem or a bank processing issue. The account should not be charged twice.",negative,,,True,failed_transaction
COMM-202203-000130,ACC0027891,IND21000293,email,inbound,2022-03-16 08:53:28,Why did my debit order fail?,"My debit order did not go through and I need to know whether it was insufficient funds, a retry problem or a bank processing issue. The account should not be charged twice.",negative,,,True,other
COMM-202203-000131,ACC0037194,IND22009805,app_message,inbound,2022-03-24T19:30:28+02:00,Home Loan rate increase question,I am worried my home loan instalment may change. Please confirm whether my repayment will be repriced and from which date. I saw the article 'Digital channels reshape banking workloads as customer growth continues' and wanted to check how it affects my account.,negative,Digital channels reshape banking workloads as customer growth continues,,True,fee_dispute
COMM-202203-000132,ACC0034439,IND21019284,app_message,inbound,2022-03-04T13:46:47+02:00,Transfer not reflecting,I made a transfer and it is still not reflecting. Please check whether the payment is delayed in your system.,negative,,,True,digital_issue
COMM-202203-000133,ACC0034767,IND21001784,branch_visit,inbound,23/03/2022 13:15,Why did my debit order fail?,"My debit order did not go through and I need to know whether it was insufficient funds, a retry problem or a bank processing issue. The account should not be charged twice.",negative,,,True,other
COMM-202203-000134,ACC0021806,IND21008373,phone_call,inbound,30/03/2022 08:10,Branch appointment request,I would like to book time at the branch to sort out my account and get printed documents for my records.,negative,,,False,
COMM-202203-000135,ACC0021036,IND20002969,sms,outbound,2022-03-21T23:50:05+02:00,Your loan repayment failed due to insufficient funds,Your scheduled loan repayment was not successful. Please fund your account or contact us to discuss payment options.,negative,,,True,incorrect_charge
COMM-202203-000136,ACC0038451,IND22017884,phone_call,inbound,12/03/2022 10:33,Home Loan rate increase question,I am worried my home loan instalment may change. Please confirm whether my repayment will be repriced and from which date.,positive,,,False,
COMM-202203-000137,ACC0008409,IND19009601,sms,outbound,2022-03-23T07:18:47+02:00,Branch holiday hours,Please note adjusted branch hours this month. Digital channels remain available for balance checks and transfers.,neutral,,,False,
COMM-202203-000138,ACC0010801,IND19002300,phone_call,inbound,02/03/2022 10:11,Why did my debit order fail?,"My debit order did not go through and I need to know whether it was insufficient funds, a retry problem or a bank processing issue. The account should not be charged twice.",neutral,,,False,
COMM-202203-000139,ACC0011827,IND19019306,sms,outbound,2022-03-17T18:28:11+02:00,New statement available,"Your latest account statement is available. Please review the charges, interest and debit order activity.",neutral,Banks watch debit-order strain as households adjust spending,,False,
COMM-202203-000140,ACC0032458,IND21005445,phone_call,inbound,09/03/2022 12:11,Home Loan rate increase question,I am worried my home loan instalment may change. Please confirm whether my repayment will be repriced and from which date.,positive,,,False,
COMM-202203-000141,ACC0011113,IND19013275,sms,outbound,2022-03-29T12:13:46+02:00,New statement available,"Your latest account statement is available. Please review the charges, interest and debit order activity.",positive,Statement delays add noise to month-end finance controls,,False,
COMM-202203-000142,ACC0035025,IND21001539,branch_visit,inbound,31/03/2022 15:00,Complaint about service,The service delay is frustrating. I have followed up more than once and still do not have a proper answer.,neutral,,,False,
COMM-202203-000143,ACC0029613,IND21012589,phone_call,inbound,27/03/2022 17:42,Unauthorised bank charge enquiry,"Hi there, Please explain the latest bank charge on my statement. I cannot see why this fee was taken and I want it reversed if it was incorrect.",positive,,,False,
COMM-202203-000144,ACC0020817,IND20001707,app_message,inbound,2022-03-19T13:17:18+02:00,Home Loan rate increase question,I am worried my home loan instalment may change. Please confirm whether my repayment will be repriced and from which date. I saw the article 'Statement delays add noise to month-end finance controls' and wanted to check how it affects my account.,neutral,Statement delays add noise to month-end finance controls,,False,
COMM-202203-000145,ACC0039139,IND22023661,sms,outbound,2022-03-21T09:52:11+02:00,Your loan repayment failed due to insufficient funds,Your scheduled loan repayment was not successful. Please fund your account or contact us to discuss payment options.,positive,,,False,
COMM-202203-000146,ACC0033819,IND21004270,app_message,inbound,2022-03-16T19:37:09+02:00,Digital wallet setup help,I need help setting up the digital wallet and linking it to the right account. The app keeps asking me to try again later.,neutral,,,False,
COMM-202203-000147,ACC0013679,IND19011920,app_message,inbound,2022-03-29T08:06:07+02:00,Unauthorised bank charge enquiry,Please explain the latest bank charge on my statement. I cannot see why this fee was taken and I want it reversed if it was incorrect.,negative,,,True,fee_dispute
COMM-202203-000148,ACC0018333,COM19000105,phone_call,inbound,15/03/2022 16:26,Branch appointment request,I would like to book time at the branch to sort out my account and get printed documents for my records.,negative,,,False,
COMM-202203-000149,ACC0038652,IND22015612,branch_visit,inbound,29/03/2022 14:15,Complaint about service,The service delay is frustrating. I have followed up more than once and still do not have a proper answer.,neutral,,,False,
COMM-202203-000150,ACC0026935,IND21013914,email,inbound,2022-03-15 11:16:01,Suggestion for bank app,I have feedback on the app experience and would like the product team to review it.,neutral,,,False,
COMM-202203-000151,ACC0009435,IND19009724,phone_call,inbound,29/03/2022 14:16,Why did my debit order fail?,"My debit order did not go through and I need to know whether it was insufficient funds, a retry problem or a bank processing issue. The account should not be charged twice.",positive,,,False,
COMM-202203-000152,ACC0020545,IND20000069,phone_call,inbound,09/03/2022 12:47,Why did my debit order fail?,"My debit order did not go through and I need to know whether it was insufficient funds, a retry problem or a bank processing issue. The account should not be charged twice.",neutral,,,False,
COMM-202203-000153,ACC0036739,IND21001126,branch_visit,inbound,07/03/2022 13:15,Cash deposit issue,I made a cash deposit but the amount is not showing correctly. Please investigate the branch or ATM record.,neutral,,,False,
COMM-202203-000154,ACC0024216,IND21000747,branch_visit,inbound,27/03/2022 14:10,Home Loan rate increase question,I am worried my home loan instalment may change. Please confirm whether my repayment will be repriced and from which date. I saw the article 'Conduct teams press for clearer evidence on fees and failed payments' and wanted to check how it affects my account.,neutral,Conduct teams press for clearer evidence on fees and failed payments,,False,
COMM-202203-000155,ACC0011078,IND19012587,branch_visit,inbound,09/03/2022 08:10,Statement copy request,Please send me a copy of my latest statement and confirm the closing balance used for the month-end calculation.,neutral,,,False,
COMM-202203-000156,ACC0034265,IND21004000,phone_call,inbound,29/03/2022 11:36,Home Loan rate increase question,I am worried my home loan instalment may change. Please confirm whether my repayment will be repriced and from which date. I saw the article 'Retail banks sharpen arrears analytics as payment stress persists' and wanted to check how it affects my account.,negative,Retail banks sharpen arrears analytics as payment stress persists,,True,failed_transaction
COMM-202203-000157,ACC0011277,COM19000015,app_message,inbound,2022-03-26T11:49:19+02:00,Unauthorised bank charge enquiry,Please explain the latest bank charge on my statement. I cannot see why this fee was taken and I want it reversed if it was incorrect.,neutral,,,False,
COMM-202203-000158,ACC0040266,IND22006786,app_message,inbound,2022-03-26T10:13:06+02:00,Why did my debit order fail?,"My debit order did not go through and I need to know whether it was insufficient funds, a retry problem or a bank processing issue. The account should not be charged twice.",negative,,,True,digital_issue
COMM-202203-000159,ACC0025141,IND21009970,app_message,inbound,2022-03-19T07:37:14+02:00,Transfer not reflecting,I made a transfer and it is still not reflecting. Please check whether the payment is delayed in your system.,negative,,,True,service_delay
COMM-202203-000160,ACC0021758,IND21009848,phone_call,inbound,28/03/2022 18:08,Unauthorised bank charge enquiry,Please explain the latest bank charge on my statement. I cannot see why this fee was taken and I want it reversed if it was incorrect.,neutral,,,False,
COMM-202203-000161,ACC0024224,IND21008856,app_message,inbound,2022-03-06T21:27:57+02:00,Why did my debit order fail?,"My debit order did not go through and I need to know whether it was insufficient funds, a retry problem or a bank processing issue. The account should not be charged twice.",negative,,,True,failed_transaction
COMM-202203-000162,ACC0017979,IND19004903,sms,outbound,2022-03-25T11:02:45+02:00,Suspicious transaction alert,We detected activity that may require confirmation. Please reply or contact the bank if this transaction was not yours.,negative,,,True,fraud_concern
COMM-202203-000163,ACC0034372,IND21013686,email,inbound,2022-03-31 08:45:52,Account enquiry,Please assist with my banking enquiry.,positive,,,False,
COMM-202203-000164,ACC0012571,IND19001949,sms,outbound,2022-03-15T14:03:28+02:00,Suspicious transaction alert,We detected activity that may require confirmation. Please reply or contact the bank if this transaction was not yours.,neutral,,,False,
COMM-202203-000165,ACC0006131,IND19010064,email,inbound,2022-03-22 16:05:06,Statement copy request,Please send me a copy of my latest statement and confirm the closing balance used for the month-end calculation.,neutral,,,False,
COMM-202203-000166,ACC0021951,IND21002334,sms,outbound,2022-03-16T15:09:25+02:00,Your loan repayment failed due to insufficient funds,Your scheduled loan repayment was not successful. Please fund your account or contact us to discuss payment options.,neutral,,,False,
COMM-202203-000167,ACC0013954,IND19015770,branch_visit,inbound,28/03/2022 15:20,Card blocked at ATM,My card was blocked at the ATM and I need access restored or a replacement card arranged. I have an urgent payment to make.,neutral,,,False,
COMM-202203-000168,ACC0010918,IND19012194,email,inbound,2022-03-14 16:53:32,App login problem,The app is not behaving properly and I cannot complete what should be a simple transaction. Please check whether there is an issue on my profile.,positive,,,False,
COMM-202203-000169,ACC0036282,IND21000516,sms,inbound,2022-03-11T12:51:29+02:00,Suspicious transaction alert,There is activity on my account that I do not recognise. Please block the card if needed and tell me what evidence you require for the dispute.,negative,,,True,fraud_concern
COMM-202203-000170,ACC0034767,IND21001784,phone_call,inbound,05/03/2022 16:06,Why did my debit order fail?,"My debit order did not go through and I need to know whether it was insufficient funds, a retry problem or a bank processing issue. The account should not be charged twice.",negative,,,True,other
COMM-202203-000171,ACC0012171,IND19019262,branch_visit,inbound,05/03/2022 14:00,Why did my debit order fail?,"My debit order did not go through and I need to know whether it was insufficient funds, a retry problem or a bank processing issue. The account should not be charged twice.",negative,,,True,digital_issue
COMM-202203-000172,ACC0030615,IND21013452,email,inbound,2022-03-09 14:09:16,Statement copy request,Please send me a copy of my latest statement and confirm the closing balance used for the month-end calculation.,negative,,,True,failed_transaction
COMM-202203-000173,ACC0022841,IND21000277,phone_call,inbound,18/03/2022 12:04,Home Loan rate increase question,"Hi there, I am worried my home loan instalment may change. Please confirm whether my repayment will be repriced and from which date. I saw the article 'Conduct teams press for clearer evidence on fees and failed payments' and wanted to check how it affects my account.",negative,Conduct teams press for clearer evidence on fees and failed payments,,True,fee_dispute
COMM-202203-000174,ACC0027287,IND21000050,branch_visit,inbound,31/03/2022 15:45,Home Loan rate increase question,I am worried my home loan instalment may change. Please confirm whether my repayment will be repriced and from which date. I saw the article 'Banking analytics agenda: five signals to watch this month' and wanted to check how it affects my account.,negative,Banking analytics agenda: five signals to watch this month,,False,
COMM-202203-000175,ACC0016962,IND19020006,app_message,inbound,2022-03-30T19:57:30+02:00,Unauthorised bank charge enquiry,Please explain the latest bank charge on my statement. I cannot see why this fee was taken and I want it reversed if it was incorrect.,negative,,,True,incorrect_charge
COMM-202203-000176,ACC0015915,IND19019141,email,inbound,2022-03-27 20:07:18,Unauthorised bank charge enquiry,Please explain the latest bank charge on my statement. I cannot see why this fee was taken and I want it reversed if it was incorrect.,negative,,,True,incorrect_charge
COMM-202203-000177,ACC0040372,IND22003938,phone_call,inbound,06/03/2022 17:05,Why did my debit order fail?,"My debit order did not go through and I need to know whether it was insufficient funds, a retry problem or a bank processing issue. The account should not be charged twice.",negative,,,True,statement_error
COMM-202203-000178,ACC0024093,IND21002703,sms,outbound,2022-03-20T17:35:35+02:00,New statement available,"Your latest account statement is available. Please review the charges, interest and debit order activity.",negative,Operational resilience returns to the agenda after payment interruptions,,True,service_delay
COMM-202203-000179,ACC0006009,IND19001618,sms,outbound,2022-03-03T19:54:51+02:00,Your loan repayment failed due to insufficient funds,Your scheduled loan repayment was not successful. Please fund your account or contact us to discuss payment options.,negative,,,True,service_delay
COMM-202203-000180,ACC0037885,IND22000479,phone_call,inbound,27/03/2022 12:44,Home Loan rate increase question,"Howzit, I am worried my home loan instalment may change. Please confirm whether my repayment will be repriced and from which date. I saw the article 'Banking analytics agenda: five signals to watch this month' and wanted to check how it affects my account.",neutral,Banking analytics agenda: five signals to watch this month,,False,
COMM-202203-000181,ACC0023909,IND21013618,phone_call,inbound,24/03/2022 14:12,Branch appointment request,I would like to book time at the branch to sort out my account and get printed documents for my records.,neutral,,,False,
COMM-202203-000182,ACC0032373,IND21012627,sms,outbound,2022-03-15T17:08:29+02:00,New statement available,"Your latest account statement is available. Please review the charges, interest and debit order activity.",negative,Banks watch debit-order strain as households adjust spending,,True,service_delay
COMM-202203-000183,ACC0025080,IND21002637,phone_call,inbound,26/03/2022 12:10,Card blocked at ATM,My card was blocked at the ATM and I need access restored or a replacement card arranged. I have an urgent payment to make.,neutral,,,False,
COMM-202203-000184,ACC0017986,IND19011000,sms,outbound,2022-03-10T16:42:01+02:00,New statement available,"Your latest account statement is available. Please review the charges, interest and debit order activity.",negative,,,True,other
COMM-202203-000185,ACC0014445,IND19007288,phone_call,inbound,10/03/2022 07:43,Why did my debit order fail?,"My debit order did not go through and I need to know whether it was insufficient funds, a retry problem or a bank processing issue. The account should not be charged twice.",negative,,,True,service_delay
COMM-202203-000186,ACC0029912,IND21011559,app_message,inbound,2022-03-05T18:38:56+02:00,Digital wallet setup help,I need help setting up the digital wallet and linking it to the right account. The app keeps asking me to try again later.,negative,,,False,
COMM-202203-000187,ACC0035835,COM21000086,app_message,inbound,2022-03-11T19:18:33+02:00,Balance check,Please confirm my available balance and whether any debit orders are still pending.,negative,,,True,digital_issue
COMM-202203-000188,ACC0011320,IND19003717,branch_visit,inbound,26/03/2022 11:20,Branch appointment request,I would like to book time at the branch to sort out my account and get printed documents for my records.,neutral,,,False,
COMM-202203-000189,ACC0017477,IND19015557,app_message,inbound,2022-03-10T17:28:09+02:00,Unauthorised bank charge enquiry,Please explain the latest bank charge on my statement. I cannot see why this fee was taken and I want it reversed if it was incorrect.,positive,,,False,
COMM-202203-000190,ACC0000506,IND19003263,app_message,inbound,2022-03-01T06:04:06+02:00,Why did my debit order fail?,"My debit order did not go through and I need to know whether it was insufficient funds, a retry problem or a bank processing issue. The account should not be charged twice.",negative,,,True,digital_issue
COMM-202203-000191,ACC0016050,IND19014779,phone_call,inbound,21/03/2022 18:27,Home Loan rate increase question,"Howzit, I am worried my home loan instalment may change. Please confirm whether my repayment will be repriced and from which date.",negative,,,False,
COMM-202203-000192,ACC0034506,IND21002731,app_message,outbound,2022-03-19T17:40:28+02:00,New statement available,"Your latest account statement is available. Please review the charges, interest and debit order activity.",neutral,Digital channels reshape banking workloads as customer growth continues,,False,
COMM-202203-000193,ACC0024552,IND21007843,email,outbound,2022-03-10 19:16:41,New statement available,"Your latest account statement is available. Please review the charges, interest and debit order activity.",neutral,,,False,
COMM-202203-000194,ACC0004727,IND19005207,phone_call,inbound,28/03/2022 18:15,Why did my debit order fail?,"My debit order did not go through and I need to know whether it was insufficient funds, a retry problem or a bank processing issue. The account should not be charged twice.",negative,,,True,fraud_concern
COMM-202203-000195,ACC0025080,IND21002637,sms,inbound,2022-03-25T06:52:25+02:00,Branch appointment request,I would like to book time at the branch to sort out my account and get printed documents for my records.,neutral,,,False,
COMM-202203-000196,ACC0030651,IND21011310,app_message,inbound,2022-03-11T00:36:44+02:00,Why did my debit order fail?,"My debit order did not go through and I need to know whether it was insufficient funds, a retry problem or a bank processing issue. The account should not be charged twice.",negative,,,True,digital_issue
COMM-202203-000197,ACC0000047,IND19006418,email,inbound,2022-03-19 06:00:08,Home Loan rate increase question,I am worried my home loan instalment may change. Please confirm whether my repayment will be repriced and from which date. I saw the article 'Conduct teams press for clearer evidence on fees and failed payments' and wanted to check how it affects my account.,neutral,Conduct teams press for clearer evidence on fees and failed payments,,False,
COMM-202203-000198,ACC0032699,IND21009657,app_message,outbound,2022-03-02T16:02:49+02:00,New statement available,"Your latest account statement is available. Please review the charges, interest and debit order activity.",neutral,,,False,
COMM-202203-000199,ACC0040372,IND22003938,branch_visit,inbound,26/03/2022 11:50,Branch appointment request,I would like to book time at the branch to sort out my account and get printed documents for my records.,negative,,,True,staff_behavior
COMM-202203-000200,ACC0002941,IND19004381,branch_visit,inbound,27/03/2022 08:10,Cash deposit issue,I made a cash deposit but the amount is not showing correctly. Please investigate the branch or ATM record.,negative,,,False,
COMM-202203-000201,ACC0014333,IND19008114,email,inbound,2022-03-24 17:59:05,Statement copy request,Please send me a copy of my latest statement and confirm the closing balance used for the month-end calculation.,negative,,,True,failed_transaction
COMM-202203-000202,ACC0001018,IND19007141,phone_call,inbound,21/03/2022 17:54,Why did my debit order fail?,"My debit order did not go through and I need to know whether it was insufficient funds, a retry problem or a bank processing issue. The account should not be charged twice.",negative,,,True,fraud_concern
COMM-202203-000203,ACC0025300,IND21009969,app_message,outbound,2022-03-11T14:03:04+02:00,New statement available,"Your latest account statement is available. Please review the charges, interest and debit order activity.",neutral,,,False,
COMM-202203-000204,ACC0040729,IND22024275,phone_call,inbound,13/03/2022 18:12,Home Loan rate increase question,I am worried my home loan instalment may change. Please confirm whether my repayment will be repriced and from which date. I saw the article 'Statement delays add noise to month-end finance controls' and wanted to check how it affects my account.,neutral,Statement delays add noise to month-end finance controls,,False,
COMM-202203-000205,ACC0038592,IND22021300,phone_call,inbound,06/03/2022 09:50,Card blocked at ATM,My card was blocked at the ATM and I need access restored or a replacement card arranged. I have an urgent payment to make.,neutral,,,False,
COMM-202203-000206,ACC0007160,IND19009221,branch_visit,inbound,16/03/2022 08:50,Home Loan rate increase question,I am worried my home loan instalment may change. Please confirm whether my repayment will be repriced and from which date. I saw the article 'Retail banks sharpen arrears analytics as payment stress persists' and wanted to check how it affects my account.,negative,Retail banks sharpen arrears analytics as payment stress persists,,False,
COMM-202203-000207,ACC0030615,IND21013452,branch_visit,inbound,28/03/2022 13:30,Why did my debit order fail?,"My debit order did not go through and I need to know whether it was insufficient funds, a retry problem or a bank processing issue. The account should not be charged twice.",negative,,,True,failed_transaction
COMM-202203-000208,ACC0031013,IND21001340,app_message,inbound,2022-03-20T17:53:46+02:00,Why did my debit order fail?,"My debit order did not go through and I need to know whether it was insufficient funds, a retry problem or a bank processing issue. The account should not be charged twice.",negative,,,True,failed_transaction
COMM-202203-000209,ACC0036895,IND21000737,email,inbound,2022-03-31 18:39:03,Suggestion for bank app,I have feedback on the app experience and would like the product team to review it.,neutral,,,False,
COMM-202203-000210,ACC0022401,IND21004500,branch_visit,inbound,10/03/2022 14:05,Home Loan rate increase question,I am worried my home loan instalment may change. Please confirm whether my repayment will be repriced and from which date. I saw the article 'Banks watch debit-order strain as households adjust spending' and wanted to check how it affects my account.,neutral,Banks watch debit-order strain as households adjust spending,,False,
COMM-202203-000211,ACC0031627,IND21006032,branch_visit,inbound,18/03/2022 09:20,Complaint about service,The service delay is frustrating. I have followed up more than once and still do not have a proper answer.,neutral,,,False,
COMM-202203-000212,ACC0034620,IND21001828,phone_call,inbound,16/03/2022 07:56,Why did my debit order fail?,"My debit order did not go through and I need to know whether it was insufficient funds, a retry problem or a bank processing issue. The account should not be charged twice.",neutral,,,False,
COMM-202203-000213,ACC0028365,IND21001848,branch_visit,inbound,28/03/2022 09:45,Card blocked at ATM,My card was blocked at the ATM and I need access restored or a replacement card arranged. I have an urgent payment to make.,neutral,,,False,
COMM-202203-000214,ACC0013924,IND19018539,branch_visit,inbound,26/03/2022 13:00,Home Loan rate increase question,I am worried my home loan instalment may change. Please confirm whether my repayment will be repriced and from which date. I saw the article 'Banking analytics agenda: five signals to watch this month' and wanted to check how it affects my account.,neutral,Banking analytics agenda: five signals to watch this month,,False,
COMM-202203-000215,ACC0030445,IND21011589,app_message,inbound,2022-03-06T16:13:31+02:00,Why did my debit order fail?,"My debit order did not go through and I need to know whether it was insufficient funds, a retry problem or a bank processing issue. The account should not be charged twice.",negative,,,True,digital_issue
COMM-202203-000216,ACC0024416,IND21005025,email,inbound,2022-03-13 10:40:56,Why did my debit order fail?,"My debit order did not go through and I need to know whether it was insufficient funds, a retry problem or a bank processing issue. The account should not be charged twice.",negative,,,True,failed_transaction
COMM-202203-000217,ACC0028349,IND21005201,email,inbound,2022-03-25 22:23:58,Account enquiry,Please assist with my banking enquiry.,positive,,,False,
COMM-202203-000218,ACC0016853,IND19017322,phone_call,inbound,29/03/2022 09:40,Home Loan rate increase question,I am worried my home loan instalment may change. Please confirm whether my repayment will be repriced and from which date. I saw the article 'Retail banks sharpen arrears analytics as payment stress persists' and wanted to check how it affects my account.,neutral,Retail banks sharpen arrears analytics as payment stress persists,,False,
COMM-202203-000219,ACC0016960,IND19002996,branch_visit,inbound,16/03/2022 09:10,Branch appointment request,I would like to book time at the branch to sort out my account and get printed documents for my records.,neutral,,,False,
COMM-202203-000220,ACC0027243,IND21005346,sms,outbound,2022-03-03T10:38:00+02:00,New statement available,"Your latest account statement is available. Please review the charges, interest and debit order activity.",neutral,Banks watch debit-order strain as households adjust spending,,False,
COMM-202203-000221,ACC0016895,IND19009396,phone_call,inbound,06/03/2022 11:34,Why did my debit order fail?,"My debit order did not go through and I need to know whether it was insufficient funds, a retry problem or a bank processing issue. The account should not be charged twice.",negative,,,True,other
COMM-202203-000222,ACC0026175,IND21017884,branch_visit,inbound,15/03/2022 08:15,Why did my debit order fail?,"My debit order did not go through and I need to know whether it was insufficient funds, a retry problem or a bank processing issue. The account should not be charged twice.",negative,,,True,staff_behavior
COMM-202203-000223,ACC0015361,IND19005519,phone_call,inbound,02/03/2022 11:28,Unauthorised bank charge enquiry,Please explain the latest bank charge on my statement. I cannot see why this fee was taken and I want it reversed if it was incorrect.,positive,,,False,
COMM-202203-000224,ACC0018313,IND19011708,phone_call,inbound,29/03/2022 14:03,Unauthorised bank charge enquiry,"Eish, Please explain the latest bank charge on my statement. I cannot see why this fee was taken and I want it reversed if it was incorrect.",neutral,,,False,
COMM-202203-000225,ACC0039059,IND22013880,app_message,inbound,2022-03-22T11:19:20+02:00,Unauthorised bank charge enquiry,Please explain the latest bank charge on my statement. I cannot see why this fee was taken and I want it reversed if it was incorrect.,neutral,,,False,
COMM-202203-000226,ACC0041069,IND22010789,branch_visit,inbound,11/03/2022 12:30,Card blocked at ATM,My card was blocked at the ATM and I need access restored or a replacement card arranged. I have an urgent payment to make.,neutral,,,False,
COMM-202203-000227,ACC0031492,IND21000484,phone_call,inbound,14/03/2022 10:30,Unauthorised bank charge enquiry,"Hi there, Please explain the latest bank charge on my statement. I cannot see why this fee was taken and I want it reversed if it was incorrect.",negative,,,True,statement_error
COMM-202203-000228,ACC0010291,IND19007161,branch_visit,inbound,29/03/2022 13:30,Home Loan rate increase question,I am worried my home loan instalment may change. Please confirm whether my repayment will be repriced and from which date. I saw the article 'Banking analytics agenda: five signals to watch this month' and wanted to check how it affects my account.,neutral,Banking analytics agenda: five signals to watch this month,,False,
COMM-202203-000229,ACC0035739,IND21012953,sms,outbound,2022-03-01T00:30:25+02:00,Branch holiday hours,Please note adjusted branch hours this month. Digital channels remain available for balance checks and transfers.,negative,,,True,failed_transaction
COMM-202203-000230,ACC0018174,IND19008032,email,inbound,2022-03-27 11:51:39,Home Loan rate increase question,I am worried my home loan instalment may change. Please confirm whether my repayment will be repriced and from which date. I saw the article 'Digital channels reshape banking workloads as customer growth continues' and wanted to check how it affects my account.,neutral,Digital channels reshape banking workloads as customer growth continues,,False,
COMM-202203-000231,ACC0031837,IND21002556,app_message,outbound,2022-03-07T14:44:43+02:00,New statement available,"Your latest account statement is available. Please review the charges, interest and debit order activity.",neutral,,,False,
COMM-202203-000232,ACC0001839,IND19013991,app_message,inbound,2022-03-23T15:29:31+02:00,App login problem,The app is not behaving properly and I cannot complete what should be a simple transaction. Please check whether there is an issue on my profile.,negative,,,True,service_delay
COMM-202203-000233,ACC0026200,IND21010746,phone_call,inbound,01/03/2022 15:39,Why did my debit order fail?,"My debit order did not go through and I need to know whether it was insufficient funds, a retry problem or a bank processing issue. The account should not be charged twice.",neutral,,,False,
COMM-202203-000234,ACC0028208,IND21009513,email,inbound,2022-03-02 08:32:25,Unauthorised bank charge enquiry,Please explain the latest bank charge on my statement. I cannot see why this fee was taken and I want it reversed if it was incorrect.,neutral,,,False,
COMM-202203-000235,ACC0035605,IND21004922,phone_call,inbound,15/03/2022 12:19,Why did my debit order fail?,"My debit order did not go through and I need to know whether it was insufficient funds, a retry problem or a bank processing issue. The account should not be charged twice.",positive,,,False,
COMM-202203-000236,ACC0034340,IND21014443,branch_visit,inbound,21/03/2022 10:00,Branch appointment request,I would like to book time at the branch to sort out my account and get printed documents for my records.,negative,,,True,service_delay
COMM-202203-000237,ACC0003057,IND19010891,email,inbound,2022-03-08 12:01:27,Suggestion for bank app,I have feedback on the app experience and would like the product team to review it.,neutral,,,False,
COMM-202203-000238,ACC0014333,IND19008114,email,inbound,2022-03-13 14:17:12,Home Loan rate increase question,I am worried my home loan instalment may change. Please confirm whether my repayment will be repriced and from which date. I saw the article 'Retail banks sharpen arrears analytics as payment stress persists' and wanted to check how it affects my account.,negative,Retail banks sharpen arrears analytics as payment stress persists,,False,
COMM-202203-000239,ACC0028254,IND21002904,email,inbound,2022-03-28 17:22:10,Home Loan rate increase question,I am worried my home loan instalment may change. Please confirm whether my repayment will be repriced and from which date. I saw the article 'Digital channels reshape banking workloads as customer growth continues' and wanted to check how it affects my account.,neutral,Digital channels reshape banking workloads as customer growth continues,,False,
COMM-202203-000240,ACC0015477,IND19012830,phone_call,inbound,31/03/2022 17:26,Card blocked at ATM,My card was blocked at the ATM and I need access restored or a replacement card arranged. I have an urgent payment to make.,neutral,,,False,
COMM-202203-000241,ACC0030651,IND21011310,phone_call,inbound,26/03/2022 17:19,Home Loan rate increase question,I am worried my home loan instalment may change. Please confirm whether my repayment will be repriced and from which date. I saw the article 'Retail banks sharpen arrears analytics as payment stress persists' and wanted to check how it affects my account.,negative,Retail banks sharpen arrears analytics as payment stress persists,,False,
COMM-202203-000242,ACC0037551,IND22001098,phone_call,inbound,05/03/2022 11:49,Card blocked at ATM,"Eish, My card was blocked at the ATM and I need access restored or a replacement card arranged. I have an urgent payment to make.",positive,,,False,
COMM-202203-000243,ACC0003746,IND19003798,email,inbound,2022-03-10 09:36:26,Unauthorised bank charge enquiry,Please explain the latest bank charge on my statement. I cannot see why this fee was taken and I want it reversed if it was incorrect.,neutral,,,False,
COMM-202203-000244,ACC0040795,IND22002479,email,inbound,2022-03-12 08:03:08,Unauthorised bank charge enquiry,Please explain the latest bank charge on my statement. I cannot see why this fee was taken and I want it reversed if it was incorrect.,neutral,,,False,
COMM-202203-000245,ACC0010645,IND19009058,sms,outbound,2022-03-22T14:45:21+02:00,Suspicious transaction alert,We detected activity that may require confirmation. Please reply or contact the bank if this transaction was not yours.,neutral,,,False,
COMM-202203-000246,ACC0003888,IND19003310,app_message,inbound,2022-03-02T14:23:01+02:00,Digital wallet setup help,I need help setting up the digital wallet and linking it to the right account. The app keeps asking me to try again later.,negative,,,False,
COMM-202203-000247,ACC0014455,IND19002201,app_message,inbound,2022-03-20T04:10:17+02:00,Home Loan rate increase question,I am worried my home loan instalment may change. Please confirm whether my repayment will be repriced and from which date. I saw the article 'Retail banks sharpen arrears analytics as payment stress persists' and wanted to check how it affects my account.,negative,Retail banks sharpen arrears analytics as payment stress persists,,True,fee_dispute
COMM-202203-000248,ACC0033253,IND21001734,app_message,inbound,2022-03-24T16:09:29+02:00,Why did my debit order fail?,"My debit order did not go through and I need to know whether it was insufficient funds, a retry problem or a bank processing issue. The account should not be charged twice.",negative,,,True,service_delay
COMM-202203-000249,ACC0009042,IND19002747,app_message,inbound,2022-03-03T13:54:53+02:00,App login problem,The app is not behaving properly and I cannot complete what should be a simple transaction. Please check whether there is an issue on my profile.,positive,,,False,
COMM-202203-000250,ACC0028311,IND21005996,sms,outbound,2022-03-18T16:38:06+02:00,Suspicious transaction alert,We detected activity that may require confirmation. Please reply or contact the bank if this transaction was not yours.,neutral,,,False,
COMM-202203-000251,ACC0014495,IND19002896,sms,outbound,2022-03-06T18:21:42+02:00,Your loan repayment failed due to insufficient funds,Your scheduled loan repayment was not successful. Please fund your account or contact us to discuss payment options.,negative,,,True,service_delay
COMM-202203-000252,ACC0025303,IND21004877,sms,outbound,2022-03-05T05:17:17+02:00,Your loan repayment failed due to insufficient funds,Your scheduled loan repayment was not successful. Please fund your account or contact us to discuss payment options.,negative,,,True,other
COMM-202203-000253,ACC0019876,IND20003092,sms,outbound,2022-03-10T07:11:31+02:00,Suspicious transaction alert,We detected activity that may require confirmation. Please reply or contact the bank if this transaction was not yours.,neutral,,,False,
COMM-202203-000254,ACC0004795,IND19017504,app_message,inbound,2022-03-11T00:35:27+02:00,Why did my debit order fail?,"My debit order did not go through and I need to know whether it was insufficient funds, a retry problem or a bank processing issue. The account should not be charged twice.",negative,,,True,digital_issue
COMM-202203-000255,ACC0036581,IND21008471,email,inbound,2022-03-13 13:43:51,Unauthorised bank charge enquiry,Please explain the latest bank charge on my statement. I cannot see why this fee was taken and I want it reversed if it was incorrect.,negative,,,True,fee_dispute
COMM-202203-000256,ACC0021978,IND21002443,sms,outbound,2022-03-23T18:27:29+02:00,New statement available,"Your latest account statement is available. Please review the charges, interest and debit order activity.",negative,Digital channels reshape banking workloads as customer growth continues,,True,service_delay
COMM-202203-000257,ACC0036846,IND21013878,app_message,inbound,2022-03-02T08:05:36+02:00,Transfer not reflecting,I made a transfer and it is still not reflecting. Please check whether the payment is delayed in your system.,neutral,,,False,
COMM-202203-000258,ACC0005980,IND19012426,email,inbound,2022-03-07 08:04:25,Unauthorised bank charge enquiry,Please explain the latest bank charge on my statement. I cannot see why this fee was taken and I want it reversed if it was incorrect.,neutral,,,False,
COMM-202203-000259,ACC0020277,IND20001045,app_message,inbound,2022-03-10T15:59:46+02:00,Transfer not reflecting,I made a transfer and it is still not reflecting. Please check whether the payment is delayed in your system.,negative,,,False,
COMM-202203-000260,ACC0021610,IND21003582,app_message,inbound,2022-03-24T11:38:38+02:00,Balance check,Please confirm my available balance and whether any debit orders are still pending.,negative,,,False,
COMM-202203-000261,ACC0022715,IND21008530,phone_call,inbound,15/03/2022 15:11,Branch appointment request,I would like to book time at the branch to sort out my account and get printed documents for my records.,neutral,,,False,
COMM-202203-000262,ACC0006519,IND19014312,sms,inbound,2022-03-31T11:43:47+02:00,Statement copy request,Please send me a copy of my latest statement and confirm the closing balance used for the month-end calculation.,neutral,,,False,
COMM-202203-000263,ACC0021036,IND20002969,app_message,inbound,2022-03-09T19:57:01+02:00,Why did my debit order fail?,"My debit order did not go through and I need to know whether it was insufficient funds, a retry problem or a bank processing issue. The account should not be charged twice.",negative,,,True,failed_transaction
COMM-202203-000264,ACC0034893,IND21017168,app_message,inbound,2022-03-23T16:14:48+02:00,App login problem,The app is not behaving properly and I cannot complete what should be a simple transaction. Please check whether there is an issue on my profile.,neutral,,,False,
COMM-202203-000265,ACC0008875,IND19005222,phone_call,inbound,30/03/2022 09:35,Branch appointment request,I would like to book time at the branch to sort out my account and get printed documents for my records.,neutral,,,False,
COMM-202203-000266,ACC0028606,IND21003997,sms,inbound,2022-03-24T09:47:05+02:00,Why did my debit order fail?,"My debit order did not go through and I need to know whether it was insufficient funds, a retry problem or a bank processing issue. The account should not be charged twice.",negative,,,True,staff_behavior
COMM-202203-000267,ACC0031633,IND21001904,phone_call,inbound,28/03/2022 11:30,Home Loan rate increase question,I am worried my home loan instalment may change. Please confirm whether my repayment will be repriced and from which date. I saw the article 'Banks watch debit-order strain as households adjust spending' and wanted to check how it affects my account.,negative,Banks watch debit-order strain as households adjust spending,,True,service_delay
COMM-202203-000268,ACC0027847,IND21012431,branch_visit,inbound,13/03/2022 09:30,Cash deposit issue,I made a cash deposit but the amount is not showing correctly. Please investigate the branch or ATM record.,neutral,,,False,
COMM-202203-000269,ACC0015297,IND19009160,app_message,inbound,2022-03-20T10:33:05+02:00,Unauthorised bank charge enquiry,Please explain the latest bank charge on my statement. I cannot see why this fee was taken and I want it reversed if it was incorrect.,positive,,,False,
COMM-202203-000270,ACC0035316,IND21016287,phone_call,inbound,12/03/2022 17:16,Why did my debit order fail?,"My debit order did not go through and I need to know whether it was insufficient funds, a retry problem or a bank processing issue. The account should not be charged twice.",neutral,,,False,
COMM-202203-000271,ACC0036227,IND21007918,sms,outbound,2022-03-09T13:32:50+02:00,Suspicious transaction alert,We detected activity that may require confirmation. Please reply or contact the bank if this transaction was not yours.,negative,,,True,fraud_concern
COMM-202203-000272,ACC0011226,IND19010790,email,inbound,2022-03-29 07:22:10,Home Loan rate increase question,I am worried my home loan instalment may change. Please confirm whether my repayment will be repriced and from which date. I saw the article 'Operational resilience returns to the agenda after payment interruptions' and wanted to check how it affects my account.,neutral,Operational resilience returns to the agenda after payment interruptions,,False,
COMM-202203-000273,ACC0000710,IND19010571,sms,outbound,2022-03-24T12:15:37+02:00,Suspicious transaction alert,We detected activity that may require confirmation. Please reply or contact the bank if this transaction was not yours.,neutral,,,False,
COMM-202203-000274,ACC0036038,IND21000805,app_message,inbound,2022-03-15T13:08:31+02:00,Why did my debit order fail?,"My debit order did not go through and I need to know whether it was insufficient funds, a retry problem or a bank processing issue. The account should not be charged twice.",negative,,,True,failed_transaction
COMM-202203-000275,ACC0006305,IND19009929,email,inbound,2022-03-06 19:47:10,Suggestion for bank app,I have feedback on the app experience and would like the product team to review it.,negative,,,True,other
COMM-202203-000276,ACC0021690,IND21000721,app_message,outbound,2022-03-17T07:22:13+02:00,New statement available,"Your latest account statement is available. Please review the charges, interest and debit order activity.",positive,,,False,
COMM-202203-000277,ACC0005648,IND19009144,sms,inbound,2022-03-01T08:02:23+02:00,Why did my debit order fail?,"My debit order did not go through and I need to know whether it was insufficient funds, a retry problem or a bank processing issue. The account should not be charged twice.",positive,,,False,
COMM-202203-000278,ACC0000687,IND19005091,sms,outbound,2022-03-13T16:41:45+02:00,New statement available,"Your latest account statement is available. Please review the charges, interest and debit order activity.",neutral,Statement delays add noise to month-end finance controls,,False,
COMM-202203-000279,ACC0016196,IND19007874,app_message,inbound,2022-03-13T10:24:39+02:00,Home Loan rate increase question,I am worried my home loan instalment may change. Please confirm whether my repayment will be repriced and from which date. I saw the article 'Retail banks sharpen arrears analytics as payment stress persists' and wanted to check how it affects my account.,negative,Retail banks sharpen arrears analytics as payment stress persists,,True,fee_dispute
COMM-202203-000280,ACC0022649,IND21012659,sms,outbound,2022-03-20T12:39:56+02:00,New statement available,"Your latest account statement is available. Please review the charges, interest and debit order activity.",neutral,,,False,
COMM-202203-000281,ACC0027299,IND21014504,sms,outbound,2022-03-10T12:25:52+02:00,New statement available,"Your latest account statement is available. Please review the charges, interest and debit order activity.",neutral,,,False,
COMM-202203-000282,ACC0015763,IND19000944,app_message,inbound,2022-03-01T13:59:08+02:00,Unauthorised bank charge enquiry,Please explain the latest bank charge on my statement. I cannot see why this fee was taken and I want it reversed if it was incorrect.,neutral,,,False,
COMM-202203-000283,ACC0038401,IND22021173,email,outbound,2022-03-25 15:44:22,New statement available,"Your latest account statement is available. Please review the charges, interest and debit order activity.",neutral,,,False,
COMM-202203-000284,ACC0023054,IND21003761,branch_visit,inbound,27/03/2022 15:00,Home Loan rate increase question,I am worried my home loan instalment may change. Please confirm whether my repayment will be repriced and from which date. I saw the article 'Retail banks sharpen arrears analytics as payment stress persists' and wanted to check how it affects my account.,neutral,Retail banks sharpen arrears analytics as payment stress persists,,False,
COMM-202203-000285,ACC0025555,IND21017519,phone_call,inbound,10/03/2022 07:40,Branch appointment request,I would like to book time at the branch to sort out my account and get printed documents for my records.,neutral,,,False,
COMM-202203-000286,ACC0015194,IND19010344,phone_call,inbound,31/03/2022 16:32,Home Loan rate increase question,I am worried my home loan instalment may change. Please confirm whether my repayment will be repriced and from which date. I saw the article 'Operational resilience returns to the agenda after payment interruptions' and wanted to check how it affects my account.,neutral,Operational resilience returns to the agenda after payment interruptions,,False,
COMM-202203-000287,ACC0015024,IND19002690,email,inbound,2022-03-12 20:23:56,App login problem,The app is not behaving properly and I cannot complete what should be a simple transaction. Please check whether there is an issue on my profile.,neutral,,,False,
COMM-202203-000288,ACC0021427,IND21005878,email,inbound,2022-03-22 09:46:58,Home Loan rate increase question,I am worried my home loan instalment may change. Please confirm whether my repayment will be repriced and from which date. I saw the article 'Conduct teams press for clearer evidence on fees and failed payments' and wanted to check how it affects my account.,negative,Conduct teams press for clearer evidence on fees and failed payments,,True,failed_transaction
COMM-202203-000289,ACC0022241,IND21001041,branch_visit,inbound,14/03/2022 08:30,Cash deposit issue,I made a cash deposit but the amount is not showing correctly. Please investigate the branch or ATM record.,negative,,,True,incorrect_charge
COMM-202203-000290,ACC0028807,IND21002866,branch_visit,inbound,27/03/2022 08:05,Card blocked at ATM,My card was blocked at the ATM and I need access restored or a replacement card arranged. I have an urgent payment to make.,neutral,,,False,
COMM-202203-000291,ACC0008179,IND19006039,branch_visit,inbound,27/03/2022 10:30,Why did my debit order fail?,"My debit order did not go through and I need to know whether it was insufficient funds, a retry problem or a bank processing issue. The account should not be charged twice.",negative,,,True,fee_dispute
COMM-202203-000292,ACC0031084,IND21003127,sms,outbound,2022-03-18T13:25:42+02:00,Branch holiday hours,Please note adjusted branch hours this month. Digital channels remain available for balance checks and transfers.,neutral,,,False,
COMM-202203-000293,ACC0030822,IND21005437,branch_visit,inbound,30/03/2022 08:05,Card blocked at ATM,My card was blocked at the ATM and I need access restored or a replacement card arranged. I have an urgent payment to make.,neutral,,,False,
COMM-202203-000294,ACC0007465,IND19013094,sms,outbound,2022-03-30T20:42:55+02:00,Branch holiday hours,Please note adjusted branch hours this month. Digital channels remain available for balance checks and transfers.,neutral,,,False,
COMM-202203-000295,ACC0016033,IND19019937,branch_visit,inbound,26/03/2022 12:10,Branch appointment request,I would like to book time at the branch to sort out my account and get printed documents for my records.,negative,,,True,service_delay
COMM-202203-000296,ACC0019899,IND20003102,branch_visit,inbound,19/03/2022 12:10,Home Loan rate increase question,I am worried my home loan instalment may change. Please confirm whether my repayment will be repriced and from which date. I saw the article 'Conduct teams press for clearer evidence on fees and failed payments' and wanted to check how it affects my account.,positive,Conduct teams press for clearer evidence on fees and failed payments,,False,
COMM-202203-000297,ACC0036254,IND21011330,app_message,inbound,2022-03-20T08:51:39+02:00,Unauthorised bank charge enquiry,Please explain the latest bank charge on my statement. I cannot see why this fee was taken and I want it reversed if it was incorrect.,neutral,,,False,
COMM-202203-000298,ACC0039489,IND22004594,sms,outbound,2022-03-18T11:37:56+02:00,Your loan repayment failed due to insufficient funds,Your scheduled loan repayment was not successful. Please fund your account or contact us to discuss payment options.,negative,,,True,failed_transaction
COMM-202203-000299,ACC0037335,IND22009297,app_message,inbound,2022-03-24T03:57:54+02:00,Why did my debit order fail?,"My debit order did not go through and I need to know whether it was insufficient funds, a retry problem or a bank processing issue. The account should not be charged twice.",negative,,,True,service_delay
COMM-202203-000300,ACC0018275,IND19008358,phone_call,inbound,24/03/2022 07:46,Home Loan rate increase question,I am worried my home loan instalment may change. Please confirm whether my repayment will be repriced and from which date. I saw the article 'Statement delays add noise to month-end finance controls' and wanted to check how it affects my account.,negative,Statement delays add noise to month-end finance controls,,True,failed_transaction
COMM-202203-000301,ACC0011965,IND19017536,sms,outbound,2022-03-14T05:38:21+02:00,Branch holiday hours,Please note adjusted branch hours this month. Digital channels remain available for balance checks and transfers.,neutral,,,False,
COMM-202203-000302,ACC0034540,IND21019612,branch_visit,inbound,21/03/2022 09:50,Home Loan rate increase question,I am worried my home loan instalment may change. Please confirm whether my repayment will be repriced and from which date. I saw the article 'Digital channels reshape banking workloads as customer growth continues' and wanted to check how it affects my account.,neutral,Digital channels reshape banking workloads as customer growth continues,,False,
COMM-202203-000303,ACC0020853,IND20000565,app_message,inbound,2022-03-27T19:43:12+02:00,Unauthorised bank charge enquiry,Please explain the latest bank charge on my statement. I cannot see why this fee was taken and I want it reversed if it was incorrect.,neutral,,,False,
COMM-202203-000304,ACC0033671,IND21010469,sms,outbound,2022-03-24T15:11:02+02:00,Your loan repayment failed due to insufficient funds,Your scheduled loan repayment was not successful. Please fund your account or contact us to discuss payment options.,negative,,,True,fraud_concern
COMM-202203-000305,ACC0008311,IND19013961,app_message,inbound,2022-03-07T15:09:37+02:00,Transfer not reflecting,I made a transfer and it is still not reflecting. Please check whether the payment is delayed in your system.,negative,,,False,
COMM-202203-000306,ACC0016120,IND19006598,app_message,inbound,2022-03-05T09:11:36+02:00,Digital wallet setup help,I need help setting up the digital wallet and linking it to the right account. The app keeps asking me to try again later.,negative,,,True,failed_transaction
COMM-202203-000307,ACC0029471,IND21002100,app_message,outbound,2022-03-01T15:08:31+02:00,New statement available,"Your latest account statement is available. Please review the charges, interest and debit order activity.",neutral,,,False,
COMM-202203-000308,ACC0007937,IND19005070,sms,outbound,2022-03-31T17:53:38+02:00,New statement available,"Your latest account statement is available. Please review the charges, interest and debit order activity.",positive,Digital channels reshape banking workloads as customer growth continues,,False,
COMM-202203-000309,ACC0020882,IND20002786,sms,outbound,2022-03-21T08:27:41+02:00,Your loan repayment failed due to insufficient funds,Your scheduled loan repayment was not successful. Please fund your account or contact us to discuss payment options.,negative,,,True,incorrect_charge
COMM-202203-000310,ACC0031061,IND21013545,branch_visit,inbound,16/03/2022 08:05,Cash deposit issue,I made a cash deposit but the amount is not showing correctly. Please investigate the branch or ATM record.,neutral,,,False,
COMM-202203-000311,ACC0022907,IND21000252,app_message,inbound,2022-03-19T16:01:43+02:00,Home Loan rate increase question,I am worried my home loan instalment may change. Please confirm whether my repayment will be repriced and from which date. I saw the article 'Conduct teams press for clearer evidence on fees and failed payments' and wanted to check how it affects my account.,negative,Conduct teams press for clearer evidence on fees and failed payments,,True,service_delay
COMM-202203-000312,ACC0017103,IND19013233,email,inbound,2022-03-19 21:48:44,Account enquiry,Please assist with my banking enquiry.,negative,,,False,
COMM-202203-000313,ACC0013095,IND19016086,app_message,outbound,2022-03-11T15:22:10+02:00,New statement available,"Your latest account statement is available. Please review the charges, interest and debit order activity.",neutral,Banks watch debit-order strain as households adjust spending,,False,
COMM-202203-000314,ACC0036824,IND21010053,phone_call,inbound,04/03/2022 13:27,Branch appointment request,I would like to book time at the branch to sort out my account and get printed documents for my records.,negative,,,False,
COMM-202203-000315,ACC0022323,IND21006744,app_message,inbound,2022-03-18T09:28:42+02:00,Home Loan rate increase question,I am worried my home loan instalment may change. Please confirm whether my repayment will be repriced and from which date. I saw the article 'Conduct teams press for clearer evidence on fees and failed payments' and wanted to check how it affects my account.,negative,Conduct teams press for clearer evidence on fees and failed payments,,True,failed_transaction
COMM-202203-000316,ACC0024369,IND21001809,branch_visit,inbound,29/03/2022 11:15,Cash deposit issue,I made a cash deposit but the amount is not showing correctly. Please investigate the branch or ATM record.,negative,,,True,statement_error
COMM-202203-000317,ACC0030494,IND21010580,app_message,inbound,2022-03-12T20:42:30+02:00,Digital wallet setup help,I need help setting up the digital wallet and linking it to the right account. The app keeps asking me to try again later.,negative,,,True,failed_transaction
COMM-202203-000318,ACC0011818,IND19002541,phone_call,inbound,22/03/2022 10:10,Why did my debit order fail?,"My debit order did not go through and I need to know whether it was insufficient funds, a retry problem or a bank processing issue. The account should not be charged twice.",negative,,,True,digital_issue
COMM-202203-000319,ACC0011396,IND19013318,phone_call,inbound,16/03/2022 13:33,Home Loan rate increase question,I am worried my home loan instalment may change. Please confirm whether my repayment will be repriced and from which date. I saw the article 'Conduct teams press for clearer evidence on fees and failed payments' and wanted to check how it affects my account.,negative,Conduct teams press for clearer evidence on fees and failed payments,,True,service_delay
COMM-202203-000320,ACC0003241,IND19001412,app_message,outbound,2022-03-30T21:56:28+02:00,New statement available,"Your latest account statement is available. Please review the charges, interest and debit order activity.",negative,,,False,
COMM-202203-000321,ACC0033114,IND21010013,app_message,inbound,2022-03-27T11:02:05+02:00,Transfer not reflecting,I made a transfer and it is still not reflecting. Please check whether the payment is delayed in your system.,negative,,,True,digital_issue
COMM-202203-000322,ACC0030273,IND21004174,app_message,inbound,2022-03-30T17:27:20+02:00,Why did my debit order fail?,"My debit order did not go through and I need to know whether it was insufficient funds, a retry problem or a bank processing issue. The account should not be charged twice.",negative,,,True,failed_transaction
COMM-202203-000323,ACC0024865,IND21003899,app_message,inbound,2022-03-25T11:22:58+02:00,Why did my debit order fail?,"My debit order did not go through and I need to know whether it was insufficient funds, a retry problem or a bank processing issue. The account should not be charged twice.",negative,,,True,digital_issue
COMM-202203-000324,ACC0005916,IND19007104,sms,outbound,2022-03-27T17:56:53+02:00,New statement available,"Your latest account statement is available. Please review the charges, interest and debit order activity.",negative,,,True,fee_dispute
COMM-202203-000325,ACC0012597,IND19008158,phone_call,inbound,26/03/2022 11:05,Branch appointment request,I would like to book time at the branch to sort out my account and get printed documents for my records.,negative,,,True,service_delay
COMM-202203-000326,ACC0017346,IND19008124,email,inbound,2022-03-01 08:32:18,Statement copy request,Please send me a copy of my latest statement and confirm the closing balance used for the month-end calculation.,negative,,,True,other
COMM-202203-000327,ACC0023474,IND21000831,app_message,inbound,2022-03-22T17:07:24+02:00,Digital wallet setup help,I need help setting up the digital wallet and linking it to the right account. The app keeps asking me to try again later.,negative,,,True,service_delay
COMM-202203-000328,ACC0027148,IND21000468,phone_call,inbound,26/03/2022 12:47,Unauthorised bank charge enquiry,Please explain the latest bank charge on my statement. I cannot see why this fee was taken and I want it reversed if it was incorrect.,neutral,,,False,
COMM-202203-000329,ACC0014815,IND19007574,branch_visit,inbound,23/03/2022 13:15,Card blocked at ATM,My card was blocked at the ATM and I need access restored or a replacement card arranged. I have an urgent payment to make.,negative,,,False,
COMM-202203-000330,ACC0033831,IND21002772,sms,outbound,2022-03-23T13:35:38+02:00,New statement available,"Your latest account statement is available. Please review the charges, interest and debit order activity.",neutral,Operational resilience returns to the agenda after payment interruptions,,False,
COMM-202203-000331,ACC0032623,IND21003540,sms,outbound,2022-03-21T22:07:01+02:00,Your loan repayment failed due to insufficient funds,Your scheduled loan repayment was not successful. Please fund your account or contact us to discuss payment options.,negative,,,True,service_delay
COMM-202203-000332,ACC0040297,IND22018671,app_message,inbound,2022-03-25T19:51:45+02:00,App login problem,The app is not behaving properly and I cannot complete what should be a simple transaction. Please check whether there is an issue on my profile.,neutral,,,False,
COMM-202203-000333,ACC0028021,IND21000269,sms,outbound,2022-03-04T18:03:18+02:00,Your loan repayment failed due to insufficient funds,Your scheduled loan repayment was not successful. Please fund your account or contact us to discuss payment options.,neutral,,,False,
COMM-202203-000334,ACC0000003,IND19007744,branch_visit,inbound,22/03/2022 10:30,Complaint about service,The service delay is frustrating. I have followed up more than once and still do not have a proper answer.,neutral,,,False,
COMM-202203-000335,ACC0007702,IND19001060,email,inbound,2022-03-16 16:28:31,Home Loan rate increase question,I am worried my home loan instalment may change. Please confirm whether my repayment will be repriced and from which date. I saw the article 'Banks watch debit-order strain as households adjust spending' and wanted to check how it affects my account.,negative,Banks watch debit-order strain as households adjust spending,,True,fee_dispute
COMM-202203-000336,ACC0021659,IND21007281,app_message,inbound,2022-03-26T17:53:16+02:00,Unauthorised bank charge enquiry,Please explain the latest bank charge on my statement. I cannot see why this fee was taken and I want it reversed if it was incorrect.,neutral,,,False,
COMM-202203-000337,ACC0021305,IND20001802,email,inbound,2022-03-21 20:29:58,Statement copy request,Please send me a copy of my latest statement and confirm the closing balance used for the month-end calculation.,negative,,,True,failed_transaction
COMM-202203-000338,ACC0011688,IND19017736,branch_visit,inbound,21/03/2022 09:10,Cash deposit issue,I made a cash deposit but the amount is not showing correctly. Please investigate the branch or ATM record.,neutral,,,False,
COMM-202203-000339,ACC0000922,IND19002862,app_message,inbound,2022-03-28T13:42:49+02:00,Digital wallet setup help,I need help setting up the digital wallet and linking it to the right account. The app keeps asking me to try again later.,positive,,,False,
COMM-202203-000340,ACC0037828,IND22012536,email,inbound,2022-03-31 17:32:48,Home Loan rate increase question,I am worried my home loan instalment may change. Please confirm whether my repayment will be repriced and from which date. I saw the article 'Operational resilience returns to the agenda after payment interruptions' and wanted to check how it affects my account.,negative,Operational resilience returns to the agenda after payment interruptions,,True,fee_dispute
COMM-202203-000341,ACC0023894,IND21014386,email,inbound,2022-03-25 11:24:17,Home Loan rate increase question,I am worried my home loan instalment may change. Please confirm whether my repayment will be repriced and from which date. I saw the article 'Digital channels reshape banking workloads as customer growth continues' and wanted to check how it affects my account.,negative,Digital channels reshape banking workloads as customer growth continues,,True,failed_transaction
COMM-202203-000342,ACC0004054,IND19013514,phone_call,inbound,21/03/2022 10:09,Home Loan rate increase question,"Eish, I am worried my home loan instalment may change. Please confirm whether my repayment will be repriced and from which date. I saw the article 'Operational resilience returns to the agenda after payment interruptions' and wanted to check how it affects my account.",positive,Operational resilience returns to the agenda after payment interruptions,,False,
COMM-202203-000343,ACC0038980,IND22009686,app_message,inbound,2022-03-07T17:44:43+02:00,Unauthorised bank charge enquiry,Please explain the latest bank charge on my statement. I cannot see why this fee was taken and I want it reversed if it was incorrect.,neutral,,,False,
