transaction_id,account_id,customer_id,loan_id,debit_order_id,installment_number,transaction_date,transaction_time,amount,debit_credit,status,failure_reason,description,immediate_payment,receiving_account,transaction_cost,ewallet_number,channel,loan_type,payment_type,is_recovery_attempt,source_system,has_data_error,data_error_types
TXNL201900000001,ACC0001282,IND19007129,LN2019010000002,,8,2019-09-14,02:54:42,1592.74,Debit,Completed,,Loan Payment - LN2019010000002,False,,2.5,,Automated,Home Loan,standard_payment,False,loan_payment_generator,False,
TXNL201900000002,ACC0000071,IND19001466,LN2019010000009,,8,2019-09-30,03:21:17,2024.12,Debit,Completed,,Loan Payment - LN2019010000009,False,,2.5,,Automated,Home Loan,standard_payment,False,loan_payment_generator,False,
TXNL201900000003,ACC0001490,IND19011784,LN2019010000010,,8,2019-09-23,04:06:06,2454.22,Debit,Completed,,Loan Payment - LN2019010000010,False,,2.5,,Automated,Home Loan,standard_payment,False,loan_payment_generator,False,
TXNL201900000004,ACC0000278,IND19005139,LN2019010000015,LDO20190000001,8,2019-09-29,02:07:02,2472.86,Debit,Completed,,Loan Payment - LN2019010000015,False,,0.81,,Automated,Vehicle Loan,standard_payment,False,loan_payment_generator,False,
TXNL201900000005,ACC0000597,IND19000749,LN2019010000017,LDO20190000001,8,2019-09-22,03:41:42,1458.14,Debit,Completed,,Loan Payment - LN2019010000017,False,,1.83,,Automated,Home Loan,standard_payment,False,loan_payment_generator,False,
TXNL201900000006,ACC0000731,IND19012784,LN2019010000018,LDO20190000001,8,2019-09-30,02:52:38,4603.72,Debit,Failed,account_blocked,Loan Payment - LN2019010000018,False,,1.23,,Automated,Home Loan,standard_payment,False,loan_payment_generator,False,
TXNL201900000007,ACC0000999,IND19000704,LN2019010000021,LDO20190000001,8,2019-09-30,04:06:37,1106.27,Debit,Completed,,Loan Payment - LN20190100...,False,,1.49,,Automated,Home Loan,standard_payment,False,loan_payment_generator,True,truncated_description
TXNL201900000008,ACC0000362,IND19010400,LN2019010000034,LDO20190000001,8,2019-09-20,03:13:47,1585.16,Debit,Completed,,Loan Payment - LN2019010000034,False,,0.04,,Automated,Home Loan,standard_payment,False,loan_payment_generator,False,
TXNL201900000009,ACC0000761,IND19003341,LN2019010000037,LDO20190000001,7,2019-09-10,03:04:08,1929.69,Debit,Completed,,Loan Payment - LN2019010000037,False,,0.34,,Automated,Home Loan,standard_payment,False,loan_payment_generator,False,
TXNL201900000010,ACC0000661,IND19013332,LN2019010000040,LDO20190000001,8,2019-09-25,03:25:48,3565.48,Debit,Completed,,Loan Payment - LN2019010000040,False,,1.38,,Automated,Personal Loan,standard_payment,False,loan_payment_generator,False,
TXNL201900000011,ACC0000361,IND19010400,LN2019010000048,LDO20190000001,8,2019-09-30,03:47:11,990.52,Debit,Completed,,Loan Payment - LN2019010000048,False,,1.4,,Automated,Personal Loan,standard_payment,False,loan_payment_generator,False,
TXNL201900000012,ACC0000305,IND19009608,LN2019010000064,LDO20190000001,8,2019-09-15,03:20:19,2594.15,Debit,Completed,,Loan Payment - LN2019010000064,False,,1.05,,Automated,Personal Loan,standard_payment,False,loan_payment_generator,False,
TXNL201900000013,ACC0000093,IND19006568,LN2019010000071,LDO20190000002,8,2019-09-13,03:02:26,1850.78,Debit,Failed,account_blocked,Loan Payment - LN2019010000071,False,,0.57,,Automated,Home Loan,standard_payment,False,loan_payment_generator,False,
TXNL201900000014,ACC0000412,IND19013952,LN2019010000075,,8,2019-09-30,04:11:08,3629.72,Debit,Completed,,Loan Payment - LN2019010000075,False,,2.5,,Automated,Vehicle Loan,standard_payment,False,loan_payment_generator,False,
TXNL201900000015,ACC0000227,IND19010979,LN2019010000078,LDO20190000002,8,2019-09-13,04:32:20,686.25,Debit,Completed,,Loan Payment - LN2019010000078,False,,1.72,,Automated,Vehicle Loan,standard_payment,False,loan_payment_generator,False,
TXNL201900000016,ACC0000895,IND19014589,LN2019010000089,LDO20190000003,8,2019-09-30,02:27:50,1496.91,Debit,Completed,,Loan Payment - LN2019010000089,False,,0.61,,Automated,Vehicle Loan,standard_payment,False,loan_payment_generator,False,
TXNL201900000017,ACC0000190,IND19004840,LN2019010000090,LDO20190000004,7,2019-09-04,02:21:33,3511.44,Debit,Completed,,Loan Payment - LN2019010000090,False,,1.97,,Automated,Personal Loan,standard_payment,False,loan_payment_generator,False,
TXNL201900000018,ACC0001088,IND19010913,LN2019010000094,,8,2019-09-20,04:22:23,27702.74,Debit,Completed,,Loan Payment - LN2019010000094,False,,2.5,,Automated,Personal Loan,standard_payment,False,loan_payment_generator,False,
TXNL201900000019,ACC0001439,IND19009694,LN2019010000095,LDO20190000002,8,2019-09-18,03:28:11,1221.56,Debit,Completed,,Loan Payment - LN2019010000095,False,,0.24,,Automated,Vehicle Loan,standard_payment,False,loan_payment_generator,False,
TXNL201900000020,ACC0000263,IND19010479,LN2019010000097,LDO20190000005,8,2019-09-14,04:16:51,5630.01,Debit,Completed,,Loan Payment - LN2019010000097,False,,1.45,,Automated,Home Loan,standard_payment,False,loan_payment_generator,False,
TXNL201900000021,ACC0000410,IND19006375,LN2019010000101,LDO20190000006,8,2019-09-22,04:39:19,1399.59,Debit,Completed,,Loan Payment - LN2019010000101 - Extra Principal,False,,0.21,,Automated,Home Loan,extra_payment,False,loan_payment_generator,False,
TXNL201900000022,ACC0000187,IND19005404,LN2019010000103,LDO20190000003,8,2019-09-29,03:56:55,1397.88,Debit,Completed,,Loan Payment - LN2019010000103,False,,0.94,,Automated,Home Loan,standard_payment,False,loan_payment_generator,False,
TXNL201900000023,ACC0000901,IND19009242,LN2019010000104,LDO20190000004,8,2019-09-28,02:44:12,2070.51,Debit,Completed,,Loan Payment - LN2019010000104,False,,1.35,,Automated,Personal Loan,standard_payment,False,loan_payment_generator,False,
TXNL201900000024,ACC0000365,IND19005374,LN2019010000112,,8,2019-09-20,03:00:11,9497.71,Debit,Completed,,Loan Payment - LN2019010000112,False,,2.5,,Automated,Home Loan,standard_payment,False,loan_payment_generator,False,
TXNL201900000025,ACC0000066,IND19000708,LN2019010000114,LDO20190000007,8,2019-09-24,04:55:05,3062.01,Debit,Completed,,Loan Payment - LN2019010000114,False,,0.76,,Automated,Vehicle Loan,standard_payment,False,loan_payment_generator,False,
TXNL201900000026,ACC0000041,IND19003405,LN2019010000118,LDO20190000008,8,2019-09-11,03:15:54,1317.23,Debit,Completed,,Loan Payment - LN2019010000118,False,,1.54,,Automated,Vehicle Loan,standard_payment,False,loan_payment_generator,False,
TXNL201900000027,ACC0000146,IND19003418,LN2019010000122,LDO20190000009,7,2019-09-04,04:16:41,760.72,Debit,Completed,,Loan Payment - LN2019010000122 - Partial,False,,1.54,,Automated,Personal Loan,partial_payment,False,loan_payment_generator,False,
TXNL201900000028,ACC0000812,IND19000596,LN2019010000123,LDO20190000010,7,2019-09-08,03:40:35,3065.36,Debit,Completed,,Loan Payment - LN2019010000123,False,,1.21,,Automated,Home Loan,standard_payment,False,loan_payment_generator,False,
TXNL201900000029,ACC0000726,IND19012497,LN2019010000124,LDO20190000011,8,2019-09-13,04:51:52,371.99,Debit,Completed,,Loan Payment - LN2019010000124,False,,0.02,,Automated,Home Loan,standard_payment,False,loan_payment_generator,False,
TXNL201900000030,ACC0000959,IND19007081,LN2019010000129,LDO20190000012,8,2019-09-14,03:48:06,1082.28,Debit,Completed,,Loan Payment - LN2019010000129,False,,1.81,,Automated,Vehicle Loan,standard_payment,False,loan_payment_generator,False,
TXNL201900000031,ACC0000635,IND19017267,LN2019010000138,LDO20190000002,7,2019-09-03,02:38:47,5989.53,Debit,Failed,insufficient_funds,Loan Payment - LN2019010000138,False,,1.83,,Automated,Vehicle Loan,standard_payment,False,loan_payment_generator,False,
TXNL201900000032,ACC0000642,IND19009914,LN2019010000142,LDO20190000013,8,2019-09-24,02:01:18,740.28,Debit,Completed,,Loan Payment - LN2019010000142,False,,0.24,,Automated,Vehicle Loan,standard_payment,False,loan_payment_generator,False,
TXNL201900000033,ACC0001601,IND19014936,LN2019010000149,LDO20190000005,8,2019-09-13,04:43:48,1342.76,Debit,Completed,,Loan Payment - LN2019010000149,False,,0.27,,Automated,Vehicle Loan,standard_payment,False,loan_payment_generator,False,
TXNL201900000034,ACC0000615,IND19010153,LN2019010000152,LDO20190000014,8,2019-09-20,04:30:55,3016.9,Debit,Completed,,Loan Payment - LN2019010000152,False,,1.82,,Automated,Home Loan,standard_payment,False,loan_payment_generator,False,
TXNL201900000035,ACC0001661,COM19000313,LN2019010000156,LDO20190000006,8,2019-09-14,03:34:02,4855.01,Debit,Completed,,Loan Payment - LN2019010000156,False,,1.06,,Automated,Business Loan,standard_payment,False,loan_payment_generator,False,
TXNL201900000036,ACC0000626,IND19000516,LN2019010000160,LDO20190000003,8,2019-09-27,03:37:23,2924.36,Debit,Completed,,Loan Payment - LN2019010000160 - Extra Principal,False,,1.1,,Automated,Home Loan,extra_payment,False,loan_payment_generator,False,
TXNL201900000037,ACC0001092,IND19002621,LN2019010000162,LDO20190000015,8,2019-09-27,03:23:52,1579.38,Debit,Completed,,Loan Payment - LN2019010000162,False,,1.27,,Automated,Vehicle Loan,standard_payment,False,loan_payment_generator,False,
TXNL201900000038,ACC0001482,IND19001446,LN2019010000169,LDO20190000016,8,2019-09-26,04:29:38,1384.01,Debit,Completed,,Loan Payment - LN2019010000169,False,,0.42,,Automated,Vehicle Loan,standard_payment,False,loan_payment_generator,False,
TXNL201900000039,ACC0000544,IND19004718,LN2019010000182,LDO20190000004,8,2019-09-22,04:58:18,3538.33,Debit,Completed,,Loan Payment - LN2019010000182,False,,0.36,,Automated,Vehicle Loan,standard_payment,False,loan_payment_generator,False,
TXNL201900000040,ACC0001221,IND19011832,LN2019010000190,LDO20190000017,8,2019-09-15,03:09:05,5061.94,Debit,Completed,,Loan Payment - LN2019010000190,False,,1.45,,Automated,Home Loan,standard_payment,False,loan_payment_generator,False,
TXNL201900000041,ACC0000233,IND19001157,LN2019010000192,,8,2019-09-16,03:00:10,3022.14,Debit,Completed,,Loan Payment - LN2019010000192,False,,2.5,,Automated,Vehicle Loan,standard_payment,False,loan_payment_generator,False,
TXNL201900000042,ACC0000224,IND19008065,LN2019010000206,LDO20190000007,8,2019-09-14,02:18:25,1575.25,Debit,Completed,,Loan Payment - LN2019010000206,False,,0.58,,Automated,Vehicle Loan,standard_payment,False,loan_payment_generator,False,
TXNL201900000043,ACC0001568,IND19016231,LN2019010000212,LDO20190000008,8,2019-09-30,23:04:34,2892.9,Debit,Completed,,Loan Payment - LN2019010000212,False,,0.62,,Automated,Personal Loan,standard_payment,False,loan_payment_generator,True,timestamp_shift
TXNL201900000044,ACC0000708,IND19015529,LN2019010000217,LDO20190000018,8,2019-09-27,03:06:41,1520.07,Debit,Completed,,Loan Payment - LN2019010000217,False,,0.46,,Automated,Home Loan,standard_payment,False,loan_payment_generator,False,
TXNL201900000045,ACC0001510,IND19016623,LN2019010000221,LDO20190000019,8,2019-09-19,04:18:32,4093.97,Debit,Completed,,Loan Payment - LN2019010000221,False,,0.56,,Automated,Home Loan,standard_payment,False,loan_payment_generator,False,
TXNL201900000046,ACC0000091,IND19012355,LN2019010000228,LDO20190000020,8,2019-09-18,03:44:55,2454.25,Debit,Completed,,Loan Payment - LN2019010000228,False,,1.19,,Automated,Vehicle Loan,standard_payment,False,loan_payment_generator,False,
TXNL201900000047,ACC0001340,IND19008807,LN2019010000234,LDO20190000021,8,2019-09-30,04:02:13,1707.41,Debit,Completed,,Loan Payment - LN2019010000234,False,,1.02,,Automated,Vehicle Loan,standard_payment,False,loan_payment_generator,False,
TXNL201900000048,ACC0001373,IND19006253,LN2019010000235,LDO20190000022,8,2019-09-26,03:55:28,4531.03,Debit,Completed,,Loan Payment - LN2019010000235,False,,1.25,,Automated,Vehicle Loan,standard_payment,False,loan_payment_generator,False,
TXNL201900000049,ACC0001291,IND19005742,LN2019010000238,LDO20190000009,8,2019-09-17,02:36:30,1155.73,Debit,Completed,,Loan Payment - LN2019010000238,False,,1.1,,Automated,Home Loan,standard_payment,False,loan_payment_generator,False,
TXNL201900000050,ACC0000295,IND19012061,LN2019010000258,LDO20190000010,8,2019-09-17,03:08:31,1803.51,Debit,Completed,,Loan Payment - LN2019010000258,False,,0.17,,Automated,Home Loan,standard_payment,False,loan_payment_generator,False,
TXNL201900000051,ACC0000166,IND19004971,LN2019010000260,LDO20190000023,8,2019-09-30,02:48:08,1481.13,Debit,Completed,,Loan Payment - LN2019010000260,False,,1.29,,Automated,Personal Loan,standard_payment,False,loan_payment_generator,False,
TXNL201900000052,ACC0000030,IND19010515,LN2019010000266,LDO20190000011,8,2019-09-25,02:01:21,1516.71,Debit,Completed,,Loan Payment - LN2019010000266,False,,0.53,,Automated,Home Loan,standard_payment,False,loan_payment_generator,False,
TXNL201900000053,ACC0000717,IND19015259,LN2019010000274,LDO20190000024,7,2019-09-10,03:21:26,916.67,Debit,Completed,,Loan Payment - LN2019010000274,False,,0.29,,Automated,Home Loan,standard_payment,False,loan_payment_generator,False,
TXNL201900000054,ACC0001416,IND19002948,LN2019010000279,LDO20190000012,8,2019-09-10,04:41:14,4691.89,Debit,Completed,,Loan Payment - LN2019010000279,False,,0.32,,Automated,Personal Loan,standard_payment,False,loan_payment_generator,False,
TXNL201900000055,ACC0000115,IND19013155,LN2019010000284,LDO20190000025,8,2019-09-27,02:36:38,1427.41,Debit,Completed,,Loan Payment - LN2019010000284,False,,0.04,,Automated,Home Loan,standard_payment,False,loan_payment_generator,False,
TXNL201900000056,ACC0001420,IND19005575,LN2019010000292,LDO20190000002,8,2019-09-15,02:36:11,17242.21,Debit,Completed,,Loan Payment - LN2019010000292,False,,1.82,,Automated,Personal Loan,standard_payment,False,loan_payment_generator,False,
TXNL201900000057,ACC0001436,IND19002442,LN2019010000293,LDO20190000013,8,2019-09-27,04:19:37,10757.66,Debit,Completed,,Loan Payment - LN2019010000293,False,,1.52,,Automated,Personal Loan,standard_payment,False,loan_payment_generator,False,
TXNL201900000058,ACC0000701,IND19016305,LN2019010000299,LDO20190000026,8,2019-09-14,03:04:35,2803.82,Debit,Completed,,Loan Payment - LN2019010000299,False,,0.57,,Automated,Personal Loan,standard_payment,False,loan_payment_generator,False,
TXNL201900000059,ACC0001255,IND19002467,LN2019010000300,LDO20190000005,8,2019-09-18,02:49:39,2816.5,Debit,Completed,,Loan Payment - LN2019010000300,False,,0.77,,Automated,Personal Loan,standard_payment,False,loan_payment_generator,False,
TXNL201900000060,ACC0000938,IND19013886,LN2019010000306,LDO20190000014,8,2019-09-27,02:03:15,2472.35,Debit,Completed,,Loan Payment - LN2019010000306,False,,0.9,,Automated,Personal Loan,standard_payment,False,loan_payment_generator,False,
TXNL201900000061,ACC0000656,IND19013092,LN2019010000312,LDO20190000006,8,2019-09-11,02:27:04,2556.29,Debit,Completed,,Loan Payment - LN2019010000312,False,,1.14,,Automated,Home Loan,standard_payment,False,loan_payment_generator,False,
TXNL201900000062,ACC0000695,IND19002767,LN2019010000321,LDO20190000027,7,2019-09-02,03:43:20,2580.81,Debit,Completed,,Loan Payment - LN2019010000321,False,,1.44,,Automated,Personal Loan,standard_payment,False,loan_payment_generator,False,
TXNL201900000063,ACC0000456,IND19006712,LN2019010000324,LDO20190000003,8,2019-09-28,02:41:19,577.1,Debit,Completed,,Loan Payment - LN2019010000324,False,,0.09,,Automated,Home Loan,standard_payment,False,loan_payment_generator,False,
TXNL201900000064,ACC0001167,IND19004585,LN2019010000343,LDO20190000028,8,2019-09-29,03:16:55,2426.09,Debit,Completed,,Loan Payment - LN2019010000343,False,,0.6,,Automated,Home Loan,standard_payment,False,loan_payment_generator,False,
TXNL201900000065,ACC0000213,IND19003541,LN2019010000347,LDO20190000015,8,2019-09-11,03:08:57,1164.39,Debit,Completed,,Loan Payment - LN2019010000347,False,,1.98,,Automated,Vehicle Loan,standard_payment,False,loan_payment_generator,False,
TXNL201900000066,ACC0000060,IND19004334,LN2019010000350,LDO20190000029,8,2019-09-14,03:03:20,1643.06,Debit,Completed,,Loan Payment - LN2019010000350,False,,0.32,,Automated,Home Loan,standard_payment,False,loan_payment_generator,False,
TXNL201900000067,ACC0000646,IND19017126,LN2019010000351,LDO20190000030,7,2019-09-07,02:31:50,2527.92,Debit,Completed,,Loan Payment - LN2019010000351 - Recovery,False,,1.58,,Automated,Personal Loan,recovery_payment,True,loan_payment_generator,False,
TXNL201900000068,ACC0000457,IND19014286,LN2019010000356,LDO20190000031,7,2019-09-04,02:16:25,1307.42,Debit,Completed,,Loan Payment - LN2019010000356 - Partial,False,,0.33,,Automated,Home Loan,partial_payment,False,loan_payment_generator,False,
TXNL201900000069,ACC0001358,IND19015137,LN2019010000368,LDO20190000032,8,2019-09-17,04:24:49,906.4,Debit,Completed,,Loan Payment - LN2019010000368,False,,0.7,,Automated,Home Loan,standard_payment,False,loan_payment_generator,False,
TXNL201900000070,ACC0000551,IND19010018,LN2019010000378,LDO20190000033,7,2019-09-04,03:58:02,4462.51,Debit,Completed,,Loan Payment - LN2019010000378,False,,0.59,,Automated,Home Loan,standard_payment,False,loan_payment_generator,False,
TXNL201900000071,ACC0000417,IND19009850,LN2019010000380,LDO20190000034,7,2019-09-04,04:52:03,6671.0,Debit,Completed,,Loan Payment - LN2019010000380,False,,1.37,,Automated,Vehicle Loan,standard_payment,False,loan_payment_generator,False,
TXNL201900000072,ACC0000732,IND19013668,LN2019010000386,LDO20190000035,8,2019-09-16,02:37:38,5822.18,Debit,Completed,,Loan Payment - LN2019010000386,False,,0.51,,Automated,Home Loan,standard_payment,False,loan_payment_generator,False,
TXNL201900000073,ACC0000333,IND19016196,LN2019010000387,LDO20190000036,7,2019-09-04,04:27:34,4417.62,Debit,Completed,,Loan Payment - LN2019010000387,False,,1.0,,Automated,Vehicle Loan,standard_payment,False,loan_payment_generator,False,
TXNL201900000074,ACC0001449,IND19011707,LN2019010000388,LDO20190000037,8,2019-09-15,04:59:09,3506.91,Debit,Completed,,Loan Payment - LN2019010000388,False,,1.42,,Automated,Home Loan,standard_payment,False,loan_payment_generator,False,
TXNL201900000075,ACC0001041,IND19014771,LN2019010000390,LDO20190000038,7,2019-09-09,02:11:13,2202.53,Debit,Completed,,Loan Payment - LN2019010000390,False,,1.42,,Automated,Home Loan,standard_payment,False,loan_payment_generator,False,
TXNL201900000076,ACC0001571,IND19015093,LN2019010000404,LDO20190000039,8,2019-09-20,03:36:13,3640.07,Debit,Completed,,Loan Payment - LN20190100...,False,,1.21,,Automated,Vehicle Loan,standard_payment,False,loan_payment_generator,True,truncated_description
TXNL201900000077,ACC0000724,IND19005518,LN2019010000406,LDO20190000040,8,2019-09-30,02:06:24,2165.86,Debit,Completed,,Loan Payment - LN2019010000406 - Late Fee,False,,1.53,,Automated,Home Loan,late_payment,False,loan_payment_generator,False,
TXNL201900000078,ACC0000669,IND19015013,LN2019010000408,LDO20190000041,8,2019-09-21,02:18:37,4733.93,Debit,Completed,,Loan Payment - LN2019010000408 - Extra Principal,False,,0.27,,Automated,Personal Loan,extra_payment,False,loan_payment_generator,False,
TXNL201900000079,ACC0000392,IND19006420,LN2019010000422,LDO20190000016,8,2019-09-14,04:55:46,3242.75,Debit,Completed,,Loan Payment - LN2019010000422,False,,0.28,,Automated,Personal Loan,standard_payment,False,loan_payment_generator,False,
TXNL201900000080,ACC0001215,IND19009203,LN2019010000449,LDO20190000004,7,2019-09-03,02:58:01,245.6,Debit,Completed,,Loan Payment - LN2019010000449,False,,1.37,,Automated,Home Loan,standard_payment,False,loan_payment_generator,False,
TXNL201900000081,ACC0000677,IND19014762,LN2019010000450,LDO20190000042,8,2019-09-23,03:26:34,2083.6,Debit,Completed,,Loan Payment - LN2019010000450,False,,0.2,,Automated,Home Loan,standard_payment,False,loan_payment_generator,False,
TXNL201900000082,ACC0001668,COM19000073,LN2019010000455,LDO20190000017,8,2019-09-27,03:27:40,14981.17,Debit,Completed,,Loan Payment - LN2019010000455,False,,1.84,,Automated,Business Loan,standard_payment,False,loan_payment_generator,False,
TXNL201900000083,ACC0000769,IND19003379,LN2019010000462,,8,2019-09-19,04:46:25,1029.76,Debit,Completed,,Loan Payment - LN2019010000462,False,,2.5,,Automated,Home Loan,standard_payment,False,loan_payment_generator,False,
TXNL201900000084,ACC0000639,IND19007802,LN2019010000464,LDO20190000043,8,2019-09-26,02:05:19,2125.65,Debit,Failed,account_blocked,Loan Payment - LN2019010000464 - Recovery,False,,0.28,,Automated,Home Loan,recovery_payment,True,loan_payment_generator,False,
TXNL201900000085,ACC0000029,IND19014833,LN2019010000478,LDO20190000044,8,2019-09-28,03:13:09,1635.7,Debit,Completed,,Loan Payment - LN2019010000478,False,,0.19,,Automated,Home Loan,standard_payment,False,loan_payment_generator,False,
TXNL201900000086,ACC0000311,IND19003026,LN2019010000487,LDO20190000008,7,2019-09-09,03:26:25,450.66,Debit,Completed,,Loan Payment - LN2019010000487,False,,1.62,,Automated,Home Loan,standard_payment,False,loan_payment_generator,False,
TXNL201900000087,ACC0000416,IND19005427,LN2019010000496,LDO20190000018,7,2019-09-02,04:06:19,297.43,Debit,Completed,,Loan Payment - LN2019010000496,False,,1.87,,Automated,Home Loan,standard_payment,False,loan_payment_generator,False,
TXNL201900000088,ACC0000155,IND19004807,LN2019010000506,LDO20190000019,8,2019-09-22,03:58:26,1750.32,Debit,Completed,,Loan Payment - LN2019010000506,False,,0.62,,Automated,Personal Loan,standard_payment,False,loan_payment_generator,False,
TXNL201900000089,ACC0001365,IND19015299,LN2019010000510,LDO20190000045,8,2019-09-18,02:55:48,305.32,Debit,Completed,,Loan Payment - LN2019010000510,False,,0.21,,Automated,Home Loan,standard_payment,False,loan_payment_generator,False,
 TXNL201900000090 ,ACC0001281,IND19007129,LN2019010000517,LDO20190000046,7,2019-09-02,02:51:40,1723.73,Debit,Completed,,Loan Payment - LN2019010000517,False,,1.09,,Automated,Personal Loan,standard_payment,False,loan_payment_generator,True,whitespace_in_id
TXNL201900000091,ACC0001214,IND19003792,LN2019010000525,LDO20190000047,7,2019-09-03,04:41:22,788.26,Debit,Completed,,Loan Payment - LN2019010000525,False,,1.91,,Automated,Personal Loan,standard_payment,False,loan_payment_generator,False,
TXNL201900000092,ACC0000964,IND19014388,LN2019010000542,LDO20190000048,8,2019-09-10,03:48:29,2668.1,Debit,Completed,,Loan Payment - LN2019010000542,False,,0.15,,Automated,Home Loan,standard_payment,False,loan_payment_generator,False,
TXNL201900000093,ACC0000932,IND19008584,LN2019010000557,LDO20190000049,8,2019-09-29,02:32:40,3493.79,Debit,Completed,,Loan Payment - LN2019010000557,False,,1.57,,Automated,Home Loan,standard_payment,False,loan_payment_generator,False,
TXNL201900000094,ACC0001001,IND19005012,LN2019010000562,LDO20190000050,8,2019-09-21,04:40:27,1563.13,Debit,Completed,,Loan Payment - LN2019010000562,False,,1.46,,Automated,Home Loan,standard_payment,False,loan_payment_generator,False,
TXNL201900000095,ACC0001173,IND19009154,LN2019010000564,LDO20190000051,8,2019-09-20,04:38:20,1118.46,Debit,Completed,,Loan Payment - LN2019010000564,False,,1.59,,Automated,Personal Loan,standard_payment,False,loan_payment_generator,False,
TXNL201900000096,ACC0001267,IND19012469,LN2019010000566,LDO20190000052,8,2019-09-23,02:39:15,1509.55,Debit,Completed,,Loan Payment - LN2019010000566 - Late Fee,False,,1.83,,Automated,Home Loan,late_payment,False,loan_payment_generator,False,
TXNL201900000097,ACC0001556,IND19015946,LN2019010000568,LDO20190000053,8,2019-09-17,04:14:00,4858.36,Debit,Completed,,Loan Payment - LN2019010000568,False,,0.77,,Automated,Personal Loan,standard_payment,False,loan_payment_generator,False,
TXNL201900000098,ACC0000607,IND19001644,LN2019010000574,LDO20190000054,8,2019-09-10,04:58:01,1656.14,Debit,Completed,,Loan Payment - LN2019010000574,False,,0.24,,Automated,Home Loan,standard_payment,False,loan_payment_generator,False,
TXNL201900000099,ACC0000922,IND19002862,LN2019010000575,LDO20190000055,7,2019-09-02,04:00:29,1134.12,Debit,Failed,account_blocked,Loan Payment - LN2019010000575,False,,0.34,,Automated,Home Loan,standard_payment,False,loan_payment_generator,False,
TXNL201900000100,ACC0000229,IND19003127,LN2019010000592,LDO20190000020,8,2019-09-23,04:55:02,3882.22,Debit,Completed,,Loan Payment - LN2019010000592,False,,1.28,,Automated,Home Loan,standard_payment,False,loan_payment_generator,False,
TXNL201900000101,ACC0000184,IND19000180,LN2019010000593,LDO20190000021,7,2019-09-06,03:01:28,471.84,Debit,Completed,,Loan Payment - LN2019010000593,False,,0.83,,Automated,Home Loan,standard_payment,False,loan_payment_generator,False,
TXNL201900000102,ACC0001644,COM19000369,LN2019010000594,LDO20190000056,8,2019-09-14,03:15:59,2023.43,Debit,Completed,,Loan Payment - LN2019010000594,False,,1.09,,Automated,Business Loan,standard_payment,False,loan_payment_generator,False,
TXNL201900000103,ACC0000975,IND19015550,LN2019010000601,LDO20190000057,8,2019-09-11,02:59:25,1295.89,Debit,Completed,,Loan Payment - LN2019010000601,False,,1.26,,Automated,Vehicle Loan,standard_payment,False,loan_payment_generator,False,
TXNL201900000104,ACC0000593,IND19002980,LN2019010000612,LDO20190000022,8,2019-09-13,03:46:47,1141.67,Debit,Completed,,Loan Payment - LN2019010000612,False,,1.61,,Automated,Vehicle Loan,standard_payment,False,loan_payment_generator,False,
TXNL201900000105,ACC0000428,IND19005094,LN2019010000618,LDO20190000009,7,2019-09-03,02:56:50,1123.68,Debit,Completed,,Loan Payment - LN2019010000618 - Partial,False,,1.9,,Automated,Home Loan,partial_payment,False,loan_payment_generator,False,
TXNL201900000106,ACC0000793,IND19015483,LN2019010000623,LDO20190000058,7,2019-09-01,03:13:09,1424.0,Debit,Completed,,Loan Payment - LN20190100...,False,,1.4,,Automated,Home Loan,standard_payment,False,loan_payment_generator,True,truncated_description
TXNL201900000107,ACC0001156,IND19014489,LN2019010000629,LDO20190000023,8,2019-09-25,02:54:53,2104.45,Debit,Completed,,Loan Payment - LN2019010000629,False,,0.38,,Automated,Personal Loan,standard_payment,False,loan_payment_generator,False,
TXNL201900000108,ACC0001412,IND19009021,LN2019010000641,LDO20190000059,7,2019-09-03,03:05:16,1955.34,Debit,Cancelled,customer_stop_instruction,Loan Payment - LN2019010000641,False,,1.94,,Automated,Vehicle Loan,standard_payment,False,loan_payment_generator,True,status_inconsistency
TXNL201900000109,ACC0001163,IND19009831,LN2019010000642,LDO20190000060,8,2019-09-19,04:56:35,3065.78,Debit,Completed,,Loan Payment - LN2019010000642,False,,1.67,,Automated,Vehicle Loan,standard_payment,False,loan_payment_generator,False,
TXNL201900000110,ACC0000116,IND19013155,LN2019010000644,LDO20190000061,8,2019-09-17,03:37:38,449.28,Debit,Completed,,Loan Payment - LN2019010000644,False,,0.9,,Automated,Home Loan,standard_payment,False,loan_payment_generator,False,
TXNL201900000111,ACC0001128,IND19005846,LN2019010000646,LDO20190000062,8,2019-09-13,02:45:32,641.97,Debit,Completed,,Loan Payment - LN2019010000646,False,,1.17,,Automated,Home Loan,standard_payment,False,loan_payment_generator,False,
TXNL201900000112,ACC0000739,IND19008202,LN2019010000648,LDO20190000011,8,2019-09-23,03:44:13,2393.26,Debit,Completed,,Loan Payment - LN2019010000648,False,,1.92,,Automated,Vehicle Loan,standard_payment,False,loan_payment_generator,False,
TXNL201900000113,ACC0000774,IND19000369,LN2019010000659,LDO20190000063,8,2019-09-10,04:28:08,2156.62,Debit,Completed,,Loan Payment - LN20190100...,False,,1.79,,Automated,Home Loan,standard_payment,False,loan_payment_generator,True,truncated_description
TXNL201900000114,ACC0000118,IND19007840,LN2019010000664,LDO20190000024,8,2019-09-19,04:23:42,513.14,Debit,Failed,bank_timeout,Loan Payment - LN2019010000664,False,,0.73,,Automated,Home Loan,standard_payment,False,loan_payment_generator,False,
TXNL201900000115,ACC0000105,IND19015632,LN2019010000674,LDO20190000064,8,2019-09-12,03:03:34,2532.33,Debit,Completed,,Loan Payment - LN2019010000674,False,,0.65,,Automated,Home Loan,standard_payment,False,loan_payment_generator,False,
TXNL201900000116,ACC0000904,IND19010238,LN2019010000678,LDO20190000012,8,2019-09-27,02:52:24,1031.73,Debit,Completed,,Loan Payment - LN2019010000678,False,,0.61,,Automated,Home Loan,standard_payment,False,loan_payment_generator,False,
TXNL201900000117,ACC0000076,IND19009052,LN2019010000679,LDO20190000065,8,2019-09-29,02:15:02,538.09,Debit,Completed,,Loan Payment - LN2019010000679,False,,0.0,,Automated,Home Loan,standard_payment,False,loan_payment_generator,False,
TXNL201900000118,ACC0001613,IND19012778,LN2019010000682,LDO20190000066,8,2019-09-19,03:21:57,8350.74,Debit,Completed,,Loan Payment - LN2019010000682,False,,0.96,,Automated,Personal Loan,standard_payment,False,loan_payment_generator,False,
TXNL201900000119,ACC0001369,IND19008338,LN2019010000686,LDO20190000025,8,2019-09-16,02:15:48,1849.77,Debit,Failed,account_blocked,Loan Payment - LN2019010000686,False,,1.93,,Automated,Vehicle Loan,standard_payment,False,loan_payment_generator,False,
TXNL201900000120,ACC0000268,IND19014141,LN2019010000690,LDO20190000067,8,2019-09-13,04:36:07,1983.74,Debit,Completed,,Loan Payment - LN2019010000690,False,,1.68,,Automated,Vehicle Loan,standard_payment,False,loan_payment_generator,False,
TXNL201900000121,ACC0001013,IND19008033,LN2019010000693,LDO20190000068,8,2019-09-30,02:20:19,1777.39,Debit,Completed,,Loan Payment - LN2019010000693,False,,1.29,,Automated,Vehicle Loan,standard_payment,False,loan_payment_generator,False,
TXNL201900000122,ACC0001012,IND19008033,LN2019010000707,LDO20190000069,8,2019-09-21,03:43:55,4840.02,Debit,Completed,,Loan Payment - LN2019010000707,False,,1.52,,Automated,Home Loan,standard_payment,False,loan_payment_generator,False,
TXNL201900000123,ACC0000813,IND19000596,LN2019010000711,LDO20190000070,7,2019-09-01,02:19:39,1725.59,Debit,Completed,,Loan Payment - LN2019010000711,False,,1.72,,Automated,Home Loan,standard_payment,False,loan_payment_generator,False,
TXNL201900000124,ACC0001516,IND19008680,LN2019010000721,LDO20190000071,8,2019-09-20,04:00:49,2387.66,Debit,Completed,,Loan Payment - LN2019010000721,False,,0.28,,Automated,Home Loan,standard_payment,False,loan_payment_generator,False,
TXNL201900000125,ACC0000821,IND19014965,LN2019010000724,LDO20190000002,8,2019-09-15,02:22:29,1392.1,Debit,Completed,,Loan Payment - LN2019010000724,False,,1.83,,Automated,Vehicle Loan,standard_payment,False,loan_payment_generator,False,
TXNL201900000126,ACC0000588,IND19011813,LN2019010000727,LDO20190000072,8,2019-09-30,02:20:25,1158.89,Debit,Completed,,Loan Payment - LN2019010000727,False,,0.98,,Automated,Home Loan,standard_payment,False,loan_payment_generator,False,
TXNL201900000127,ACC0000766,IND19001627,LN2019010000750,LDO20190000013,8,2019-09-17,03:47:07,5575.99,Debit,Completed,,Loan Payment - LN2019010000750,False,,0.66,,Automated,Home Loan,standard_payment,False,loan_payment_generator,False,
TXNL201900000128,ACC0000757,IND19010588,LN2019010000753,LDO20190000073,7,2019-09-06,03:09:44,684.93,Debit,Completed,,Loan Payment - LN2019010000753,False,,0.26,,Automated,Personal Loan,standard_payment,False,loan_payment_generator,False,
TXNL201900000129,ACC0001371,IND19016093,LN2019010000763,LDO20190000074,8,2019-09-27,07:01:45,4166.3,Debit,Completed,,Loan Payment - LN2019010000763,False,,1.18,,Automated,Home Loan,standard_payment,False,loan_payment_generator,True,timestamp_shift
TXNL201900000130,ACC0001554,IND19011219,LN2019010000771,LDO20190000075,7,2019-09-04,03:56:52,3607.53,Debit,Failed,insufficient_funds,Loan Payment - LN2019010000771,False,,1.88,,Automated,Vehicle Loan,standard_payment,False,loan_payment_generator,False,
TXNL201900000131,ACC0000608,IND19000251,LN2019010000776,LDO20190000026,8,2019-09-30,04:15:44,534.72,Debit,Completed,,Loan Payment - LN2019010000776,False,,0.5,,Automated,Vehicle Loan,standard_payment,False,loan_payment_generator,False,
TXNL201900000132,ACC0000969,IND19014108,LN2019010000780,LDO20190000005,8,2019-09-30,00:52:48,3896.87,Debit,Completed,,Loan Payment - LN2019010000780,False,,0.01,,Automated,Home Loan,standard_payment,False,loan_payment_generator,True,timestamp_shift
TXNL201900000133,ACC0001628,IND19009273,LN2019010000783,LDO20190000076,8,2019-09-26,02:17:29,1559.06,Debit,Completed,,Loan Payment - LN2019010000783,False,,1.74,,Automated,Vehicle Loan,standard_payment,False,loan_payment_generator,False,
TXNL201900000134,ACC0000128,IND19004900,LN2019010000785,LDO20190000077,7,2019-09-01,03:47:47,1346.37,Debit,Completed,,Loan Payment - LN2019010000785,False,,1.15,,Automated,Personal Loan,standard_payment,False,loan_payment_generator,False,
TXNL201900000135,ACC0000393,IND19006420,LN2019010000790,LDO20190000078,7,2019-09-01,03:41:20,1020.55,Debit,Completed,,Loan Payment - LN2019010000790,False,,1.51,,Automated,Home Loan,standard_payment,False,loan_payment_generator,False,
TXNL201900000136,ACC0000160,IND19007622,LN2019010000799,LDO20190000014,7,2019-09-03,02:49:44,3219.2,Debit,Completed,,Loan Payment - LN2019010000799,False,,1.76,,Automated,Personal Loan,standard_payment,False,loan_payment_generator,False,
TXNL201900000137,ACC0001479,IND19015112,LN2019010000807,LDO20190000006,8,2019-09-30,02:27:28,1896.09,Debit,Completed,,Loan Payment - LN2019010000807,False,,0.88,,Automated,Personal Loan,standard_payment,False,loan_payment_generator,False,
TXNL201900000138,ACC0001468,IND19010490,LN2019010000824,LDO20190000079,8,2019-09-15,04:36:29,3738.5,Debit,Completed,,Loan Payment - LN2019010000824 - Late Fee,False,,1.46,,Automated,Vehicle Loan,late_payment,False,loan_payment_generator,False,
TXNL201900000139,ACC0000845,IND19009812,LN2019010000828,LDO20190000080,8,2019-09-21,02:51:17,1557.11,Debit,Completed,,Loan Payment - LN2019010000828,False,,1.22,,Automated,Home Loan,standard_payment,False,loan_payment_generator,False,
TXNL201900000140,ACC0000163,IND19007764,LN2019010000838,LDO20190000027,8,2019-09-23,02:07:24,1379.8,Debit,Completed,,Loan Payment - LN2019010000838,False,,0.48,,Automated,Home Loan,standard_payment,False,loan_payment_generator,False,
TXNL201900000141,ACC0001296,IND19006088,LN2019010000841,LDO20190000003,8,2019-09-22,02:36:13,13864.74,Debit,Completed,,Loan Payment - LN2019010000841,False,,0.7,,Automated,Personal Loan,standard_payment,False,loan_payment_generator,False,
TXNL201900000142,ACC0000145,IND19010296,LN2019010000842,LDO20190000081,8,2019-09-28,03:39:31,1729.34,Debit,Completed,,Loan Payment - LN2019010000842,False,,0.65,,Automated,Personal Loan,standard_payment,False,loan_payment_generator,False,
TXNL201900000143,ACC0001378,IND19007735,LN2019010000853,LDO20190000082,7,2019-09-02,02:46:22,2129.96,Debit,Completed,,Loan Payment - LN2019010000853,False,,0.21,,Automated,Vehicle Loan,standard_payment,False,loan_payment_generator,False,
TXNL201900000144,ACC0001489,IND19006045,LN2019010000856,LDO20190000083,8,2019-09-18,02:02:29,1325.85,Debit,Completed,,Loan Payment - LN2019010000856,False,,1.89,,Automated,Vehicle Loan,standard_payment,False,loan_payment_generator,False,
TXNL201900000145,ACC0000122,IND19013761,LN2019010000859,LDO20190000028,7,2019-09-02,04:48:05,1017.84,Debit,Failed,invalid_account_details,Loan Payment - LN2019010000859,False,,0.14,,Automated,Home Loan,standard_payment,False,loan_payment_generator,False,
TXNL201900000146,ACC0001437,IND19003474,LN2019010000866,LDO20190000015,8,2019-09-15,03:21:05,2718.8,Debit,Completed,,Loan Payment - LN2019010000866,False,,0.08,,Automated,Personal Loan,standard_payment,False,loan_payment_generator,False,
TXNL201900000147,ACC0000982,IND19010294,LN2019010000869,LDO20190000029,8,2019-09-22,03:42:03,5173.16,Debit,Completed,,Loan Payment - LN2019010000869,False,,1.15,,Automated,Personal Loan,standard_payment,False,loan_payment_generator,False,
TXNL201900000148,ACC0000520,IND19009308,LN2019010000873,LDO20190000030,8,2019-09-22,04:35:02,1240.5,Debit,Completed,,Loan Payment - LN2019010000873,False,,1.26,,Automated,Home Loan,standard_payment,False,loan_payment_generator,False,
TXNL201900000149,ACC0000711,IND19003817,LN2019010000888,LDO20190000084,8,2019-09-12,04:55:08,356.97,Debit,Completed,,Loan Payment - LN2019010000888,False,,1.5,,Automated,Home Loan,standard_payment,False,loan_payment_generator,False,
TXNL201900000150,ACC0000996,IND19014347,LN2019010000890,LDO20190000031,8,2019-09-30,04:51:49,8593.66,Debit,Failed,mandate_limit,Loan Payment - LN2019010000890,False,,0.78,,Automated,Personal Loan,standard_payment,False,loan_payment_generator,False,
TXNL201900000151,ACC0000386,IND19013498,LN2019010000897,LDO20190000085,8,2019-09-22,02:56:14,4403.12,Debit,Completed,,Loan Payment - LN2019010000897,False,,1.4,,Automated,Home Loan,standard_payment,False,loan_payment_generator,False,
TXNL201900000152,ACC0001660,COM19000038,LN2019010000898,LDO20190000086,8,2019-09-30,03:20:17,5119.57,Debit,Completed,,Loan Payment - LN2019010000898,False,,1.51,,Automated,Business Loan,standard_payment,False,loan_payment_generator,False,
TXNL201900000153,ACC0000600,IND19006065,LN2019010000911,LDO20190000032,8,2019-09-29,02:36:59,1019.47,Debit,Completed,,Loan Payment - LN2019010000911,False,,1.05,,Automated,Vehicle Loan,standard_payment,False,loan_payment_generator,False,
TXNL201900000154,ACC0000220,IND19000552,LN2019010000916,LDO20190000087,8,2019-09-28,02:53:27,1940.6,Debit,Completed,,Loan Payment - LN2019010000916,False,,0.81,,Automated,Vehicle Loan,standard_payment,False,loan_payment_generator,False,
TXNL201900000155,ACC0000330,IND19007194,LN2019010000917,LDO20190000033,8,2019-09-18,03:53:01,606.42,Debit,Completed,,Loan Payment - LN2019010000917,False,,1.75,,Automated,Home Loan,standard_payment,False,loan_payment_generator,False,
TXNL201900000156,ACC0000763,IND19016056,LN2019010000919,LDO20190000088,8,2019-09-25,02:12:11,3480.27,Debit,Completed,,Loan Payment - LN2019010000919,False,,1.92,,Automated,Vehicle Loan,standard_payment,False,loan_payment_generator,False,
TXNL201900000157,ACC0000289,IND19016939,LN2019010000932,LDO20190000089,8,2019-09-30,03:16:24,2514.71,Debit,Completed,,Loan Payment - LN2019010000932 - Partial,False,,1.16,,Automated,Vehicle Loan,partial_payment,False,loan_payment_generator,False,
TXNL201900000158,ACC0001493,IND19010838,LN2019010000934,LDO20190000090,8,2019-09-19,03:48:58,2297.2,Debit,Completed,,Loan Payment - LN2019010000934,False,,0.29,,Automated,Home Loan,standard_payment,False,loan_payment_generator,False,
TXNL201900000159,ACC0000391,IND19009645,LN2019010000945,LDO20190000034,8,2019-09-19,02:02:32,3297.79,Debit,Completed,,Loan Payment - LN2019010000945,False,,1.1,,Automated,Personal Loan,standard_payment,False,loan_payment_generator,False,
TXNL201900000160,ACC0000798,IND19013925,LN2019010000952,LDO20190000091,7,2019-09-06,02:22:36,1005.26,Debit,Completed,,Loan Payment - LN2019010000952,False,,0.4,,Automated,Home Loan,standard_payment,False,loan_payment_generator,False,
TXNL201900000161,ACC0000134,IND19012457,LN2019010000957,LDO20190000092,8,2019-09-17,02:41:42,2759.69,Debit,Completed,,Loan Payment - LN2019010000957,False,,1.51,,Automated,Personal Loan,standard_payment,False,loan_payment_generator,False,
TXNL201900000162,ACC0000841,IND19006895,LN2019010000958,LDO20190000093,8,2019-09-10,04:51:12,1128.8,Debit,Completed,,Loan Payment - LN2019010000958,False,,0.09,,Automated,Home Loan,standard_payment,False,loan_payment_generator,False,
TXNL201900000163,ACC0000658,IND19011862,LN2019010000959,LDO20190000094,8,2019-09-29,04:51:02,253.83,Debit,Completed,,Loan Payment - LN2019010000959,False,,1.3,,Automated,Home Loan,standard_payment,False,loan_payment_generator,False,
TXNL201900000164,ACC0000531,IND19010760,LN2019010000970,LDO20190000035,8,2019-09-19,04:23:14,2709.95,Debit,Completed,,Loan Payment - LN2019010000970,False,,0.74,,Automated,Personal Loan,standard_payment,False,loan_payment_generator,False,
TXNL201900000165,ACC0001460,IND19002706,LN2019010000996,LDO20190000036,7,2019-09-06,04:57:21,1220.79,Debit,Completed,,Loan Payment - LN2019010000996,False,,1.6,,Automated,Vehicle Loan,standard_payment,False,loan_payment_generator,False,
TXNL201900000166,ACC0000371,IND19014162,LN2019010001000,LDO20190000037,8,2019-09-09,03:05:03,1534.73,Debit,Completed,,Loan Payment - LN2019010001000,False,,1.87,,Automated,Vehicle Loan,standard_payment,False,loan_payment_generator,False,
TXNL201900000167,ACC0001626,IND19004114,LN2019010001025,LDO20190000038,8,2019-09-19,02:18:35,1604.76,Debit,Completed,,Loan Payment - LN2019010001025,False,,0.92,,Automated,Personal Loan,standard_payment,False,loan_payment_generator,False,
TXNL201900000168,ACC0000879,IND19011453,LN2019010001027,LDO20190000095,7,2019-09-01,03:20:52,2533.38,Debit,Failed,insufficient_funds,Loan Payment - LN2019010001027,False,,1.5,,Automated,Home Loan,standard_payment,False,loan_payment_generator,False,
TXNL201900000169,ACC0000973,IND19012041,LN2019010001042,LDO20190000096,8,2019-09-10,03:55:21,2575.46,Debit,Completed,,Loan Payment - LN2019010001042,False,,1.78,,Automated,Home Loan,standard_payment,False,loan_payment_generator,False,
TXNL201900000170,ACC0000684,IND19005459,LN2019010001052,LDO20190000097,8,2019-09-22,04:01:23,1462.52,Debit,Completed,,Loan Payment - LN2019010001052,False,,1.34,,Automated,Personal Loan,standard_payment,False,loan_payment_generator,False,
TXNL201900000171,ACC0000272,IND19000376,LN2019010001058,LDO20190000098,7,2019-09-05,04:35:38,5783.8,Debit,Completed,,Loan Payment - LN2019010001058,False,,0.12,,Automated,Home Loan,standard_payment,False,loan_payment_generator,False,
TXNL201900000172,ACC0000438,IND19012444,LN2019010001066,LDO20190000039,7,2019-09-02,04:26:29,6094.61,Debit,Completed,,Loan Payment - LN2019010001066,False,,0.07,,Automated,Home Loan,standard_payment,False,loan_payment_generator,False,
TXNL201900000173,ACC0000418,IND19014051,LN2019010001070,LDO20190000099,8,2019-09-30,04:17:56,2264.49,Debit,Completed,,Loan Payment - LN2019010001070,False,,1.22,,Automated,Personal Loan,standard_payment,False,loan_payment_generator,False,
TXNL201900000174,ACC0000203,IND19005110,LN2019010001082,LDO20190000100,7,2019-09-02,04:21:19,413.5,Debit,Completed,,Loan Payment - LN2019010001082,False,,1.13,,Automated,Home Loan,standard_payment,False,loan_payment_generator,False,
TXNL201900000175,ACC0001069,IND19001364,LN2019010001084,LDO20190000101,8,2019-09-13,02:03:08,1198.05,Debit,Completed,,Loan Payment - LN2019010001084,False,,1.1,,Automated,Home Loan,standard_payment,False,loan_payment_generator,False,
TXNL201900000176,ACC0001528,IND19005983,LN2019010001092,LDO20190000040,8,2019-09-23,02:17:31,202.89,Debit,Completed,,Loan Payment - LN20190100...,False,,1.96,,Automated,Home Loan,standard_payment,False,loan_payment_generator,True,truncated_description
TXNL201900000177,ACC0000637,IND19000666,LN2019010001113,LDO20190000041,8,2019-09-27,03:04:09,1551.58,Debit,Failed,mandate_limit,Loan Payment - LN2019010001113,False,,1.05,,Automated,Home Loan,standard_payment,False,loan_payment_generator,False,
TXNL201900000178,ACC0000542,IND19006210,LN2019010001114,LDO20190000016,8,2019-09-27,03:32:23,3324.12,Debit,Completed,,Loan Payment - LN2019010001114,False,,1.77,,Automated,Vehicle Loan,standard_payment,False,loan_payment_generator,False,
TXNL201900000179,ACC0000072,IND19005479,LN2019010001116,LDO20190000004,8,2019-09-24,02:43:31,905.2,Debit,Completed,,Loan Payment - LN2019010001116,False,,1.48,,Automated,Home Loan,standard_payment,False,loan_payment_generator,False,
TXNL201900000180,ACC0000811,IND19000169,LN2019010001120,LDO20190000042,8,2019-09-29,04:18:49,3254.67,Debit,Completed,,Loan Payment - LN2019010001120,False,,0.94,,Automated,Vehicle Loan,standard_payment,False,loan_payment_generator,False,
TXNL201900000181,ACC0001096,IND19016205,LN2019010001121,LDO20190000017,7,2019-09-03,04:39:19,1608.95,Debit,Cancelled,customer_stop_instruction,Loan Payment - LN20190100...,False,,0.72,,Automated,Home Loan,standard_payment,False,loan_payment_generator,True,truncated_description
TXNL201900000182,ACC0000836,IND19001994,LN2019010001130,,8,2019-09-14,03:42:50,269.6,Debit,Completed,,Loan Payment - LN2019010001130,False,,2.5,,Automated,Home Loan,standard_payment,False,loan_payment_generator,False,
TXNL201900000183,ACC0000770,IND19003379,LN2019010001133,LDO20190000043,7,2019-09-02,04:47:38,2945.25,Debit,Completed,,Loan Payment - LN20190100...,False,,0.34,,Automated,Home Loan,standard_payment,False,loan_payment_generator,True,truncated_description
TXNL201900000184,ACC0001363,IND19001188,LN2019010001140,LDO20190000044,8,2019-09-29,02:59:25,824.37,Debit,Completed,,Loan Payment - LN2019010001140,False,,0.15,,Automated,Vehicle Loan,standard_payment,False,loan_payment_generator,False,
TXNL201900000185,ACC0001266,IND19016300,LN2019010001143,LDO20190000102,8,2019-09-19,03:59:44,7659.4,Debit,Completed,,Loan Payment - LN2019010001143,False,,0.61,,Automated,Vehicle Loan,standard_payment,False,loan_payment_generator,False,
TXNL201900000186,ACC0000810,IND19014075,LN2019010001146,LDO20190000007,8,2019-09-19,04:08:38,2602.46,Debit,Completed,,Loan Payment - LN2019010001146,False,,1.73,,Automated,Home Loan,standard_payment,False,loan_payment_generator,False,
TXNL201900000187,ACC0000820,IND19016780,LN2019010001149,LDO20190000008,7,2019-09-02,04:46:11,4338.5,Debit,Completed,,Loan Payment - LN2019010001149,False,,1.96,,Automated,Personal Loan,standard_payment,False,loan_payment_generator,False,
TXNL201900000188,ACC0001343,IND19009143,LN2019010001157,LDO20190000103,8,2019-09-16,03:25:11,3027.98,Debit,Completed,,Loan Payment - LN2019010001157,False,,1.99,,Automated,Home Loan,standard_payment,False,loan_payment_generator,False,
TXNL201900000189,ACC0000585,IND19004309,LN2019010001163,LDO20190000104,8,2019-09-17,04:36:36,1790.42,Debit,Completed,,Loan Payment - LN2019010001163 - Partial,False,,1.37,,Automated,Home Loan,partial_payment,False,loan_payment_generator,False,
TXNL201900000190,ACC0001676,COM19000298,LN2019010001164,LDO20190000018,8,2019-09-21,02:20:04,8795.74,Debit,Completed,,Loan Payment - LN2019010001164,False,,1.81,,Automated,Business Loan,standard_payment,False,loan_payment_generator,False,
TXNL201900000191,ACC0000390,IND19002143,LN2019010001167,LDO20190000105,8,2019-09-15,03:51:22,753.48,Debit,Completed,,Loan Payment - LN2019010001167,False,,0.86,,Automated,Personal Loan,standard_payment,False,loan_payment_generator,False,
TXNL201900000192,ACC0001016,IND19007315,LN2019010001180,LDO20190000106,8,2019-09-23,03:56:18,2112.96,Debit,Completed,,Loan Payment - LN2019010001180,False,,0.41,,Automated,Home Loan,standard_payment,False,loan_payment_generator,False,
TXNL201900000193,ACC0000169,IND19015276,LN2019010001182,LDO20190000107,8,2019-09-18,02:25:18,1584.57,Debit,Completed,,Loan Payment - LN2019010001182,False,,1.49,,Automated,Home Loan,standard_payment,False,loan_payment_generator,False,
TXNL201900000194,ACC0000723,IND19010495,LN2019010001185,LDO20190000108,8,2019-09-25,04:31:48,1082.3,Debit,Completed,,Loan Payment - LN2019010001185,False,,1.74,,Automated,Vehicle Loan,standard_payment,False,loan_payment_generator,False,
TXNL201900000195,ACC0001029,IND19009696,LN2019010001192,LDO20190000109,8,2019-09-18,04:17:27,3515.28,Debit,Completed,,Loan Payment - LN2019010001192,False,,0.51,,Automated,Vehicle Loan,standard_payment,False,loan_payment_generator,False,
TXNL201900000196,ACC0000506,IND19003263,LN2019010001197,LDO20190000110,8,2019-09-11,02:32:07,3040.75,Debit,Completed,,Loan Payment - LN2019010001197,False,,1.37,,Automated,Personal Loan,standard_payment,False,loan_payment_generator,False,
TXNL201900000197,ACC0000415,IND19016238,LN2019010001200,LDO20190000019,8,2019-09-15,03:19:35,287.51,Debit,Completed,,Loan Payment - LN2019010001200,False,,1.94,,Automated,Home Loan,standard_payment,False,loan_payment_generator,False,
TXNL201900000198,ACC0000086,IND19000654,LN2019010001211,LDO20190000045,8,2019-09-18,04:48:55,894.48,Debit,Failed,mandate_limit,Loan Payment - LN2019010001211,False,,0.52,,Automated,Home Loan,standard_payment,False,loan_payment_generator,False,
TXNL201900000199,ACC0000552,IND19010018,LN2019010001212,LDO20190000111,7,2019-09-02,02:46:26,3438.02,Debit,Completed,,Loan Payment - LN2019010001212,False,,0.61,,Automated,Vehicle Loan,standard_payment,False,loan_payment_generator,False,
TXNL201900000200,ACC0001185,IND19002045,LN2019010001230,LDO20190000112,8,2019-09-11,02:12:41,2425.0,Debit,Completed,,Loan Payment - LN2019010001230,False,,0.74,,Automated,Personal Loan,standard_payment,False,loan_payment_generator,False,
TXNL201900000201,ACC0001486,IND19010904,LN2019010001234,LDO20190000046,7,2019-09-05,03:20:23,3157.23,Debit,Completed,,Loan Payment - LN2019010001234,False,,0.38,,Automated,Home Loan,standard_payment,False,loan_payment_generator,False,
TXNL201900000202,ACC0000515,IND19011906,LN2019010001239,LDO20190000113,7,2019-09-03,02:28:14,1843.66,Debit,Completed,,Loan Payment - LN2019010001239,False,,0.74,,Automated,Home Loan,standard_payment,False,loan_payment_generator,False,
TXNL201900000203,ACC0000604,IND19004880,LN2019010001245,LDO20190000114,8,2019-09-14,03:15:38,2672.53,Debit,Completed,,Loan Payment - LN2019010001245 - Partial,False,,0.55,,Automated,Home Loan,partial_payment,False,loan_payment_generator,False,
TXNL201900000204,ACC0001152,IND19000150,LN2019010001247,LDO20190000115,7,2019-09-01,04:55:09,1343.18,Debit,Completed,,Loan Payment - LN20190100...,False,,1.53,,Automated,Home Loan,partial_payment,False,loan_payment_generator,True,truncated_description
TXNL201900000205,ACC0001298,IND19009380,LN2019010001249,LDO20190000047,7,2019-09-10,03:56:36,3296.05,Debit,Completed,,Loan Payment - LN2019010001249,False,,0.45,,Automated,Home Loan,standard_payment,False,loan_payment_generator,False,
TXNL201900000206,ACC0001164,IND19004303,LN2019010001252,LDO20190000116,7,2019-09-07,02:49:26,427.21,Debit,Completed,,Loan Payment - LN2019010001252 - Extra Principal,False,,0.48,,Automated,Home Loan,extra_payment,False,loan_payment_generator,False,
TXNL201900000207,ACC0001662,COM19000313,LN2019010001254,LDO20190000117,8,2019-09-29,04:23:27,23937.54,Debit,Completed,,Loan Payment - LN2019010001254 - Late Fee,False,,0.09,,Automated,Business Loan,late_payment,False,loan_payment_generator,False,
TXNL201900000208,ACC0000183,IND19008327,LN2019010001260,LDO20190000118,7,2019-09-02,04:52:03,2519.02,Debit,Completed,,Loan Payment - LN2019010001260,False,,1.46,,Automated,Home Loan,standard_payment,False,loan_payment_generator,False,
TXNL201900000209,ACC0000590,IND19004200,LN2019010001263,LDO20190000048,8,2019-09-29,02:49:05,7273.99,Debit,Completed,,Loan Payment - LN2019010001263,False,,1.38,,Automated,Personal Loan,standard_payment,False,loan_payment_generator,False,
TXNL201900000210,ACC0000210,IND19008013,LN2019010001264,LDO20190000119,7,2019-09-01,04:08:48,898.38,Debit,Completed,,Loan Payment - LN2019010001264,False,,1.02,,Automated,Personal Loan,standard_payment,False,loan_payment_generator,False,
TXNL201900000211,ACC0001018,IND19007141,LN2019010001270,LDO20190000049,8,2019-09-23,02:40:20,2853.41,Debit,Completed,,Loan Payment - LN2019010001270,False,,0.7,,Automated,Home Loan,standard_payment,False,loan_payment_generator,False,
TXNL201900000212,ACC0000550,IND19004219,LN2019010001283,LDO20190000120,8,2019-09-20,03:06:37,2267.43,Debit,Completed,,Loan Payment - LN2019010001283,False,,1.97,,Automated,Personal Loan,standard_payment,False,loan_payment_generator,False,
TXNL201900000213,ACC0000889,IND19001057,LN2019010001302,LDO20190000121,8,2019-09-30,03:33:23,2279.58,Debit,Completed,,Loan Payment - LN2019010001302,False,,1.41,,Automated,Home Loan,standard_payment,False,loan_payment_generator,False,
TXNL201900000214,ACC0001153,IND19015308,LN2019010001309,LDO20190000050,8,2019-09-23,03:02:08,450.35,Debit,Completed,,Loan Payment - LN2019010001309,False,,1.15,,Automated,Home Loan,standard_payment,False,loan_payment_generator,False,
TXNL201900000215,ACC0000049,IND19014761,LN2019010001310,LDO20190000122,8,2019-09-29,04:56:04,2320.46,Debit,Completed,,Loan Payment - LN2019010001310,False,,1.44,,Automated,Vehicle Loan,standard_payment,False,loan_payment_generator,False,
TXNL201900000216,ACC0000189,IND19003338,LN2019010001311,LDO20190000123,8,2019-09-12,02:06:00,1140.95,Debit,Completed,,Loan Payment - LN2019010001311,False,,0.77,,Automated,Home Loan,standard_payment,False,loan_payment_generator,False,
TXNL201900000217,ACC0000404,IND19012958,LN2019010001314,LDO20190000124,8,2019-09-16,02:49:17,1003.52,Debit,Completed,,Loan Payment - LN2019010001314,False,,1.02,,Automated,Personal Loan,standard_payment,False,loan_payment_generator,False,
TXNL201900000218,ACC0001355,IND19009031,LN2019010001315,LDO20190000125,7,2019-09-04,02:15:15,4273.48,Debit,Completed,,Loan Payment - LN2019010001315,False,,0.63,,Automated,Personal Loan,standard_payment,False,loan_payment_generator,False,
TXNL201900000219,ACC0000159,IND19009851,LN2019010001326,LDO20190000126,8,2019-09-28,04:05:04,1772.07,Debit,Completed,,Loan Payment - LN2019010001326,False,,1.56,,Automated,Home Loan,standard_payment,False,loan_payment_generator,False,
TXNL201900000220,ACC0000721,IND19006161,LN2019010001331,LDO20190000127,8,2019-09-20,04:59:55,3202.46,Debit,Completed,,Loan Payment - LN2019010001331,False,,1.73,,Automated,Home Loan,standard_payment,False,loan_payment_generator,False,
TXNL201900000221,ACC0001494,IND19015488,LN2019010001339,LDO20190000128,8,2019-09-20,04:41:12,1182.67,Debit,Completed,,Loan Payment - LN2019010001339,False,,0.67,,Automated,Personal Loan,standard_payment,False,loan_payment_generator,False,
TXNL201900000222,ACC0000460,IND19006127,LN2019010001349,LDO20190000051,7,2019-09-06,03:22:18,1312.57,Debit,Completed,,Loan Payment - LN2019010001349,False,,1.94,,Automated,Home Loan,standard_payment,False,loan_payment_generator,True,amount_rounding_error
TXNL201900000223,ACC0001046,IND19014386,LN2019010001351,LDO20190000129,7,2019-09-02,03:36:51,1152.7,Debit,Completed,,Loan Payment - LN2019010001351,False,,1.77,,Automated,Home Loan,standard_payment,False,loan_payment_generator,False,
TXNL201900000224,ACC0001374,IND19009678,LN2019010001352,LDO20190000052,8,2019-09-15,04:37:07,988.97,Debit,Completed,,Loan Payment - LN2019010001352,False,,1.9,,Automated,Personal Loan,standard_payment,False,loan_payment_generator,False,
TXNL201900000225,ACC0001036,IND19011001,LN2019010001377,LDO20190000130,7,2019-09-06,02:46:12,2821.71,Debit,Completed,,Loan Payment - LN2019010001377,False,,0.6,,Automated,Personal Loan,standard_payment,False,loan_payment_generator,False,
TXNL201900000226,ACC0001641,COM19000218,LN2019010001380,LDO20190000131,7,2019-09-02,04:56:04,19612.6,Debit,Completed,,Loan Payment - LN2019010001380,False,,0.65,,Automated,Business Loan,standard_payment,False,loan_payment_generator,False,
TXNL201900000227,ACC0001344,IND19009855,LN2019010001385,LDO20190000053,7,2019-09-02,03:42:54,2122.86,Debit,Completed,,Loan Payment - LN2019010001385,False,,1.63,,Automated,Home Loan,standard_payment,False,loan_payment_generator,False,
TXNL201900000228,ACC0001129,IND19005846,LN2019010001386,LDO20190000054,8,2019-09-11,02:13:07,726.09,Debit,Completed,,Loan Payment - LN2019010001386,False,,1.24,,Automated,Home Loan,standard_payment,False,loan_payment_generator,False,
TXNL201900000229,ACC0001335,IND19015197,LN2019010001399,LDO20190000132,8,2019-09-10,03:56:54,2433.11,Debit,Completed,,Loan Payment - LN2019010001399,False,,1.15,,Automated,Personal Loan,standard_payment,False,loan_payment_generator,False,
TXNL201900000230,ACC0000505,IND19012808,LN2019010001412,LDO20190000133,8,2019-09-27,04:31:36,569.56,Debit,Completed,,Loan Payment - LN2019010001412,False,,0.79,,Automated,Personal Loan,standard_payment,False,loan_payment_generator,False,
TXNL201900000231,ACC0000687,IND19005091,LN2019010001414,LDO20190000055,8,2019-09-30,02:03:20,178.15,Debit,Completed,,Loan Payment - LN2019010001414,False,,0.39,,Automated,Home Loan,standard_payment,False,loan_payment_generator,False,
TXNL201900000232,ACC0000234,IND19015431,LN2019010001420,LDO20190000134,7,2019-09-04,03:11:30,3045.32,Debit,Failed,mandate_limit,Loan Payment - LN2019010001420,False,,0.69,,Automated,Home Loan,standard_payment,False,loan_payment_generator,False,
TXNL201900000233,ACC0000702,IND19016305,LN2019010001423,LDO20190000020,8,2019-09-10,04:11:43,3469.0,Debit,Completed,,Loan Payment - LN2019010001423,False,,1.36,,Automated,Home Loan,standard_payment,False,loan_payment_generator,False,
TXNL201900000234,ACC0000276,IND19007519,LN2019010001435,LDO20190000021,8,2019-09-30,03:48:24,2171.77,Debit,Completed,,Loan Payment - LN2019010001435,False,,1.54,,Automated,Vehicle Loan,standard_payment,False,loan_payment_generator,False,
TXNL201900000235,ACC0001187,IND19002773,LN2019010001436,LDO20190000056,8,2019-09-08,03:13:25,2475.06,Debit,Completed,,Loan Payment - LN2019010001436 - Late Fee,False,,0.78,,Automated,Vehicle Loan,late_payment,False,loan_payment_generator,False,
TXNL201900000236,ACC0001320,IND19001004,LN2019010001440,LDO20190000135,8,2019-09-17,02:36:21,1503.05,Debit,Completed,,Loan Payment - LN2019010001440,False,,0.21,,Automated,Vehicle Loan,standard_payment,False,loan_payment_generator,False,
TXNL201900000237,ACC0000003,IND19007744,LN2019010001447,LDO20190000136,8,2019-09-17,03:40:45,2833.94,Debit,Failed,mandate_limit,Loan Payment - LN2019010001447,False,,1.55,,Automated,Vehicle Loan,standard_payment,False,loan_payment_generator,False,
TXNL201900000238,ACC0000804,IND19003109,LN2019010001449,LDO20190000137,7,2019-09-03,03:01:22,1271.13,Debit,Completed,,Loan Payment - LN2019010001449,False,,1.05,,Automated,Home Loan,standard_payment,False,loan_payment_generator,False,
TXNL201900000239,ACC0000978,IND19008839,LN2019010001451,LDO20190000057,7,2019-09-04,03:57:58,703.77,Debit,Completed,,Loan Payment - LN2019010001451,False,,1.13,,Automated,Home Loan,standard_payment,False,loan_payment_generator,False,
TXNL201900000240,ACC0000463,IND19014060,LN2019010001455,LDO20190000022,7,2019-09-09,04:10:50,1650.2,Debit,Completed,,Loan Payment - LN2019010001455,False,,1.22,,Automated,Home Loan,standard_payment,False,loan_payment_generator,False,
TXNL201900000241,ACC0001594,IND19015422,LN2019010001467,LDO20190000009,8,2019-09-27,03:26:34,832.06,Debit,Failed,bank_timeout,Loan Payment - LN2019010001467,False,,1.93,,Automated,Vehicle Loan,standard_payment,False,loan_payment_generator,False,
TXNL201900000242,ACC0001480,IND19013470,LN2019010001473,LDO20190000138,8,2019-09-18,04:46:56,1598.74,Debit,Completed,,Loan Payment - LN2019010001473,False,,1.23,,Automated,Home Loan,standard_payment,False,loan_payment_generator,False,
TXNL201900000243,ACC0000265,IND19009394,LN2019010001482,LDO20190000058,8,2019-09-23,04:24:34,1152.8,Debit,Completed,,Loan Payment - LN2019010001482,False,,0.2,,Automated,Home Loan,standard_payment,False,loan_payment_generator,False,
TXNL201900000244,ACC0000710,IND19010571,LN2019010001488,LDO20190000140,8,2019-09-25,04:43:42,628.95,Debit,Completed,,Loan Payment - LN2019010001488,False,,1.32,,Automated,Home Loan,standard_payment,False,loan_payment_generator,False,
TXNL201900000245,ACC0001381,IND19013372,LN2019010001489,LDO20190000141,8,2019-09-20,03:32:59,915.3,Debit,Completed,,Loan Payment - LN2019010001489,False,,1.74,,Automated,Vehicle Loan,standard_payment,False,loan_payment_generator,False,
TXNL201900000246,ACC0000589,IND19011813,LN2019010001501,LDO20190000142,8,2019-09-19,04:25:12,1104.98,Debit,Completed,,Loan Payment - LN2019010001501,False,,0.69,,Automated,Vehicle Loan,standard_payment,False,loan_payment_generator,False,
TXNL201900000247,ACC0001117,IND19016009,LN2019010001502,LDO20190000143,8,2019-09-10,02:22:01,5757.69,Debit,Completed,,Loan Payment - LN2019010001502,False,,0.2,,Automated,Home Loan,standard_payment,False,loan_payment_generator,False,
TXNL201900000248,ACC0001578,IND19013200,LN2019010001503,LDO20190000010,8,2019-09-30,04:58:27,1411.31,Debit,Completed,,Loan Payment - LN2019010001503,False,,1.39,,Automated,Vehicle Loan,standard_payment,False,loan_payment_generator,False,
TXNL201900000249,ACC0000047,IND19006418,LN2019010001505,LDO20190000023,8,2019-09-30,02:27:31,1048.91,Debit,Completed,,Loan Payment - LN2019010001505,False,,1.98,,Automated,Home Loan,standard_payment,False,loan_payment_generator,False,
TXNL201900000250,ACC0001632,IND19007111,LN2019010001511,LDO20190000144,7,2019-09-03,03:49:58,3857.86,Debit,Completed,,Loan Payment - LN2019010001511,False,,0.64,,Automated,Home Loan,standard_payment,False,loan_payment_generator,False,
TXNL201900000251,ACC0000619,IND19013703,LN2019010001517,LDO20190000145,8,2019-09-18,04:12:53,3471.59,Debit,Completed,,Loan Payment - LN2019010001517,False,,1.69,,Automated,Personal Loan,standard_payment,False,loan_payment_generator,False,
TXNL201900000252,ACC0001150,IND19003805,LN2019010001521,LDO20190000146,8,2019-09-28,02:35:21,1383.77,Debit,Completed,,Loan Payment - LN20190100...,False,,0.9,,Automated,Home Loan,standard_payment,False,loan_payment_generator,True,truncated_description
TXNL201900000253,ACC0001273,IND19004976,LN2019010001532,LDO20190000147,8,2019-09-29,02:27:39,236.0,Debit,Completed,,Loan Payment - LN2019010001532,False,,1.0,,Automated,Home Loan,standard_payment,False,loan_payment_generator,False,
TXNL201900000254,ACC0000140,IND19000343,LN2019010001537,LDO20190000148,8,2019-09-17,03:08:48,467.12,Debit,Completed,,Loan Payment - LN2019010001537,False,,0.56,,Automated,Personal Loan,standard_payment,False,loan_payment_generator,False,
TXNL201900000255,ACC0000405,IND19005493,LN2019010001575,LDO20190000150,8,2019-09-17,03:07:21,877.05,Debit,Completed,,Loan Payment - LN2019010001575,False,,1.3,,Automated,Personal Loan,standard_payment,False,loan_payment_generator,False,
TXNL201900000256,ACC0001223,IND19005824,LN2019010001580,LDO20190000059,8,2019-09-14,04:11:48,691.46,Debit,Completed,,Loan Payment - LN2019010001580,False,,0.3,,Automated,Home Loan,standard_payment,False,loan_payment_generator,False,
TXNL201900000257,ACC0002719,IND19013176,LN2019020000017,LDO20190000151,6,2019-09-02,02:24:34,2346.2,Debit,Completed,,Loan Payment - LN2019020000017,False,,1.11,,Automated,Personal Loan,standard_payment,False,loan_payment_generator,False,
TXNL201900000258,ACC0001701,IND19000332,LN2019020000021,LDO20190000060,7,2019-09-19,04:32:23,1646.67,Debit,Completed,,Loan Payment - LN2019020000021,False,,0.25,,Automated,Personal Loan,standard_payment,False,loan_payment_generator,False,
TXNL201900000259,ACC0002906,IND19014412,LN2019020000027,LDO20190000061,6,2019-09-01,03:18:56,560.47,Debit,Completed,,Loan Payment - LN2019020000027,False,,1.09,,Automated,Home Loan,standard_payment,False,loan_payment_generator,False,
TXNL201900000260,ACC0001774,IND19001403,LN2019020000030,LDO20190000152,7,2019-09-12,04:34:22,1265.99,Debit,Completed,,Loan Payment - LN2019020000030,False,,1.59,,Automated,Vehicle Loan,standard_payment,False,loan_payment_generator,False,
TXNL201900000261,ACC0001880,IND19004294,LN2019020000032,LDO20190000062,7,2019-09-16,04:00:46,6367.9,Debit,Completed,,Loan Payment - LN2019020000032,False,,0.94,,Automated,Home Loan,standard_payment,False,loan_payment_generator,False,
TXNL201900000262,ACC0002442,IND19011212,LN2019020000038,LDO20190000011,7,2019-09-13,04:44:10,15924.35,Debit,Completed,,Loan Payment - LN2019020000038,False,,0.77,,Automated,Personal Loan,standard_payment,False,loan_payment_generator,False,
TXNL201900000263,ACC0002292,IND19001394,LN2019020000040,LDO20190000063,7,2019-09-20,03:24:26,775.6,Debit,Failed,duplicate_debit,Loan Payment - LN2019020000040,False,,1.37,,Automated,Home Loan,standard_payment,False,loan_payment_generator,True,status_inconsistency
TXNL201900000264,ACC0002054,IND19008070,LN2019020000047,LDO20190000024,7,2019-09-18,04:03:47,5995.84,Debit,Completed,,Loan Payment - LN2019020000047,False,,1.12,,Automated,Home Loan,standard_payment,False,loan_payment_generator,False,
TXNL201900000265,ACC0001908,IND19016414,LN2019020000068,LDO20190000153,6,2019-09-05,04:32:43,801.28,Debit,Completed,,Loan Payment - LN2019020000068,False,,1.99,,Automated,Vehicle Loan,standard_payment,False,loan_payment_generator,False,
TXNL201900000266,ACC0002698,IND19007039,LN2019020000082,LDO20190000064,6,2019-09-02,02:41:28,2104.71,Debit,Completed,,Loan Payment - LN2019020000082,False,,0.98,,Automated,Vehicle Loan,standard_payment,False,loan_payment_generator,False,
TXNL201900000267,ACC0001902,IND19002096,LN2019020000112,LDO20190000012,7,2019-09-18,03:02:16,553.04,Debit,Completed,,Loan Payment - LN2019020000112,False,,1.05,,Automated,Home Loan,standard_payment,False,loan_payment_generator,False,
TXNL201900000268,ACC0002036,IND19015685,LN2019020000118,LDO20190000065,7,2019-09-23,02:59:07,1396.95,Debit,Completed,,Loan Payment - LN2019020000118,False,,1.66,,Automated,Vehicle Loan,standard_payment,False,loan_payment_generator,False,
TXNL201900000269,ACC0003389,COM19000056,LN2019020000124,LDO20190000066,7,2019-09-11,04:37:13,80692.18,Debit,Completed,,Loan Payment - LN2019020000124,False,,0.8,,Automated,Business Loan,standard_payment,False,loan_payment_generator,False,
TXNL201900000270,ACC0002677,IND19012680,LN2019020000130,LDO20190000025,7,2019-09-21,03:23:07,1995.58,Debit,Completed,,Loan Payment - LN2019020000130,False,,0.29,,Automated,Personal Loan,standard_payment,False,loan_payment_generator,False,
TXNL201900000271,ACC0001916,IND19016327,LN2019020000145,LDO20190000154,7,2019-09-17,03:53:10,3605.14,Debit,Completed,,Loan Payment - LN2019020000145,False,,1.93,,Automated,Home Loan,standard_payment,False,loan_payment_generator,False,
TXNL201900000272,ACC0002899,IND19015417,LN2019020000152,LDO20190000067,7,2019-09-22,03:10:58,2511.95,Debit,Completed,,Loan Payment - LN2019020000152,False,,0.98,,Automated,Personal Loan,standard_payment,False,loan_payment_generator,False,
TXNL201900000273,ACC0002946,IND19016946,LN2019020000156,LDO20190000068,7,2019-09-27,02:54:01,667.59,Debit,Completed,,Loan Payment - LN2019020000156,False,,0.77,,Automated,Home Loan,standard_payment,False,loan_payment_generator,False,
TXNL201900000274,ACC0002447,IND19015613,LN2019020000158,LDO20190000069,7,2019-09-25,02:37:22,2910.48,Debit,Completed,,Loan Payment - LN2019020000158 - Late Fee,False,,0.85,,Automated,Personal Loan,late_payment,False,loan_payment_generator,False,
TXNL201900000275,ACC0002582,IND19016176,LN2019020000174,LDO20190000070,7,2019-09-27,04:27:56,953.71,Debit,Completed,,Loan Payment - LN2019020000174,False,,1.04,,Automated,Home Loan,standard_payment,False,loan_payment_generator,False,
TXNL201900000276,ACC0002604,IND19013546,LN2019020000189,LDO20190000071,7,2019-09-09,03:27:16,3356.54,Debit,Completed,,Loan Payment - LN2019020000189,False,,0.3,,Automated,Home Loan,standard_payment,False,loan_payment_generator,False,
TXNL201900000277,ACC0001985,IND19002227,LN2019020000196,LDO20190000002,7,2019-09-13,04:25:56,2874.8,Debit,Completed,,Loan Payment - LN2019020000196,False,,1.0,,Automated,Personal Loan,standard_payment,False,loan_payment_generator,False,
TXNL201900000278,ACC0002680,IND19012817,LN2019020000203,LDO20190000155,7,2019-09-16,02:09:18,5034.19,Debit,Completed,,Loan Payment - LN2019020000203,False,,0.78,,Automated,Home Loan,standard_payment,False,loan_payment_generator,False,
TXNL201900000279,ACC0002721,IND19004779,LN2019020000214,LDO20190000072,6,2019-09-08,03:55:04,755.62,Debit,Completed,,Loan Payment - LN2019020000214,False,,1.68,,Automated,Home Loan,standard_payment,False,loan_payment_generator,False,
TXNL201900000280,ACC0001865,IND19005343,LN2019020000222,LDO20190000013,6,2019-09-01,02:29:42,3670.22,Debit,Completed,,Loan Payment - LN2019020000222,False,,0.54,,Automated,Personal Loan,standard_payment,False,loan_payment_generator,False,
TXNL201900000281,ACC0001707,IND19000845,LN2019020000227,LDO20190000156,7,2019-09-27,02:32:06,3229.41,Debit,Completed,,Loan Payment - LN2019020000227,False,,0.67,,Automated,Vehicle Loan,standard_payment,False,loan_payment_generator,False,
TXNL201900000282,ACC0002341,IND19001126,LN2019020000229,LDO20190000073,7,2019-09-13,04:39:10,1789.29,Debit,Completed,,Loan Payment - LN2019020000229,False,,0.01,,Automated,Vehicle Loan,standard_payment,False,loan_payment_generator,False,
TXNL201900000283,ACC0001730,IND19001687,LN2019020000235,LDO20190000074,7,2019-09-15,04:30:17,3285.7,Debit,Completed,,Loan Payment - LN2019020000235,False,,1.59,,Automated,Personal Loan,standard_payment,False,loan_payment_generator,False,
TXNL201900000284,ACC0003242,IND19001412,LN2019020000236,LDO20190000157,7,2019-09-13,02:28:07,3391.28,Debit,Completed,,Loan Payment - LN2019020000236,False,,0.78,,Automated,Vehicle Loan,standard_payment,False,loan_payment_generator,False,
TXNL201900000285,ACC0001680,IND19000900,LN2019020000242,LDO20190000158,7,2019-09-23,03:24:15,684.83,Debit,Completed,,Loan Payment - LN2019020000242,False,,1.0,,Automated,Home Loan,standard_payment,False,loan_payment_generator,False,
TXNL201900000286,ACC0002412,IND19005294,LN2019020000243,LDO20190000075,7,2019-09-14,03:10:04,246.25,Debit,Completed,,Loan Payment - LN2019020000243,False,,1.05,,Automated,Home Loan,standard_payment,False,loan_payment_generator,False,
TXNL201900000287,ACC0001772,IND19009977,LN2019020000244,LDO20190000026,7,2019-09-13,02:37:42,1440.17,Debit,Completed,,Loan Payment - LN2019020000244,False,,1.41,,Automated,Home Loan,standard_payment,False,loan_payment_generator,False,
TXNL201900000288,ACC0002798,IND19016230,LN2019020000246,LDO20190000159,7,2019-09-24,03:19:43,2349.38,Debit,Completed,,Loan Payment - LN2019020000246,False,,1.93,,Automated,Personal Loan,standard_payment,False,loan_payment_generator,False,
TXNL201900000289,ACC0001937,IND19003342,LN2019020000249,LDO20190000160,7,2019-09-25,03:21:09,2809.39,Debit,Completed,,Loan Payment - LN2019020000249,False,,1.52,,Automated,Personal Loan,standard_payment,False,loan_payment_generator,False,
TXNL201900000290,ACC0002618,IND19006444,LN2019020000251,LDO20190000161,7,2019-09-20,02:16:41,896.41,Debit,Completed,,Loan Payment - LN20190200...,False,,1.52,,Automated,Vehicle Loan,standard_payment,False,loan_payment_generator,True,truncated_description
TXNL201900000291,ACC0001851,IND19005961,LN2019020000256,LDO20190000162,7,2019-09-11,03:09:30,2637.96,Debit,Completed,,Loan Payment - LN2019020000256,False,,0.21,,Automated,Home Loan,standard_payment,False,loan_payment_generator,False,
TXNL201900000292,ACC0003271,IND19016447,LN2019020000260,LDO20190000163,7,2019-09-18,03:19:25,3362.77,Debit,Completed,,Loan Payment - LN2019020000260,False,,1.11,,Automated,Home Loan,standard_payment,False,loan_payment_generator,False,
TXNL201900000293,ACC0002687,IND19013686,LN2019020000261,LDO20190000005,7,2019-09-12,03:15:57,1652.43,Debit,Completed,,Loan Payment - LN2019020000261,False,,0.38,,Automated,Personal Loan,standard_payment,False,loan_payment_generator,False,
TXNL201900000294,ACC0002321,IND19011152,LN2019020000262,LDO20190000076,6,2019-09-04,03:33:01,291.66,Debit,Completed,,Loan Payment - LN2019020000262,False,,1.19,,Automated,Home Loan,standard_payment,False,loan_payment_generator,False,
TXNL201900000295,ACC0002291,IND19009288,LN2019020000266,LDO20190000164,7,2019-09-11,02:37:04,1011.18,Debit,Completed,,Loan Payment - LN2019020000266,False,,1.58,,Automated,Home Loan,standard_payment,False,loan_payment_generator,False,
TXNL201900000296,ACC0003390,COM19000015,LN2019020000269,LDO20190000165,6,2019-09-04,08:43:25,10726.59,Debit,Completed,,Loan Payment - LN2019020000269,False,,1.4,,Automated,Business Loan,standard_payment,False,loan_payment_generator,True,timestamp_shift
TXNL201900000297,ACC0001938,IND19009228,LN2019020000272,LDO20190000166,7,2019-09-11,04:02:05,4337.03,Debit,Completed,,Loan Payment - LN2019020000272,False,,1.7,,Automated,Home Loan,standard_payment,False,loan_payment_generator,False,
TXNL201900000298,ACC0002619,IND19006444,LN2019020000300,LDO20190000077,7,2019-09-20,02:17:34,1839.27,Debit,Completed,,Loan Payment - LN2019020000300,False,,0.91,,Automated,Home Loan,standard_payment,False,loan_payment_generator,False,
TXNL201900000299,ACC0002778,IND19013008,LN2019020000307,LDO20190000078,7,2019-09-21,02:42:01,2912.63,Debit,Completed,,Loan Payment - LN2019020000307,False,,1.23,,Automated,Home Loan,standard_payment,False,loan_payment_generator,False,
TXNL201900000300,ACC0002241,IND19006183,LN2019020000311,LDO20190000014,6,2019-09-06,03:25:58,6282.61,Debit,Completed,,Loan Payment - LN2019020000311,False,,1.35,,Automated,Home Loan,standard_payment,False,loan_payment_generator,False,
TXNL201900000301,ACC0002200,IND19004311,LN2019020000315,LDO20190000167,6,2019-09-01,02:11:28,3425.55,Debit,Completed,,Loan Payment - LN2019020000315,False,,1.21,,Automated,Home Loan,standard_payment,False,loan_payment_generator,False,
TXNL201900000302,ACC0002941,IND19004381,LN2019020000322,LDO20190000168,7,2019-09-11,03:16:45,1904.24,Debit,Completed,,Loan Payment - LN2019020000322,False,,0.58,,Automated,Home Loan,standard_payment,False,loan_payment_generator,False,
TXNL201900000303,ACC0002663,IND19014006,LN2019020000342,LDO20190000169,7,2019-09-28,04:17:17,3126.01,Debit,Completed,,Loan Payment - LN2019020000342,False,,0.47,,Automated,Home Loan,standard_payment,False,loan_payment_generator,False,
TXNL201900000304,ACC0002482,IND19000798,LN2019020000344,LDO20190000006,6,2019-09-01,02:08:04,2943.33,Debit,Completed,,Loan Payment - LN2019020000344,False,,1.11,,Automated,Vehicle Loan,standard_payment,False,loan_payment_generator,False,
TXNL201900000305,ACC0003129,IND19002377,LN2019020000346,LDO20190000079,7,2019-09-19,03:06:36,2810.42,Debit,Completed,,Loan Payment - LN2019020000346,False,,1.35,,Automated,Home Loan,standard_payment,False,loan_payment_generator,False,
TXNL201900000306,ACC0002474,IND19017936,LN2019020000347,LDO20190000170,6,2019-09-03,03:16:09,2023.54,Debit,Completed,,Loan Payment - LN2019020000347 - Late Fee,False,,0.43,,Automated,Vehicle Loan,late_payment,False,loan_payment_generator,False,
TXNL201900000307,ACC0002303,IND19009325,LN2019020000352,LDO20190000080,6,2019-09-07,03:42:15,947.57,Debit,Completed,,Loan Payment - LN2019020000352,False,,0.13,,Automated,Home Loan,standard_payment,False,loan_payment_generator,False,
TXNL201900000308,ACC0002913,IND19001346,LN2019020000354,LDO20190000171,6,2019-09-02,03:23:38,4076.47,Debit,Completed,,Loan Payment - LN2019020000354,False,,1.59,,Automated,Home Loan,standard_payment,False,loan_payment_generator,False,
TXNL201900000309,ACC0001863,IND19014727,LN2019020000360,LDO20190000172,6,2019-09-01,04:36:47,4078.26,Debit,Completed,,Loan Payment - LN2019020000360,False,,0.69,,Automated,Personal Loan,standard_payment,False,loan_payment_generator,False,
TXNL201900000310,ACC0003245,IND19011194,LN2019020000361,LDO20190000173,7,2019-09-15,03:13:49,2184.04,Debit,Completed,,Loan Payment - LN2019020000361,False,,0.12,,Automated,Vehicle Loan,standard_payment,False,loan_payment_generator,False,
TXNL201900000311,ACC0001788,IND19012630,LN2019020000363,LDO20190000174,6,2019-09-07,04:33:38,3244.04,Debit,Completed,,Loan Payment - LN2019020000363,False,,1.66,,Automated,Vehicle Loan,standard_payment,False,loan_payment_generator,False,
TXNL201900000312,ACC0001837,IND19017578,LN2019020000367,LDO20190000027,7,2019-09-28,04:33:06,2920.43,Debit,Completed,,Loan Payment - LN2019020000367,False,,1.5,,Automated,Home Loan,standard_payment,False,loan_payment_generator,False,
TXNL201900000313,ACC0002909,IND19013859,LN2019020000375,LDO20190000003,7,2019-09-25,04:07:46,5497.85,Debit,Completed,,Loan Payment - LN2019020000375,False,,0.28,,Automated,Home Loan,standard_payment,False,loan_payment_generator,False,
TXNL201900000314,ACC0001739,IND19006479,LN2019020000380,LDO20190000175,6,2019-09-10,02:08:53,771.42,Debit,Completed,,Loan Payment - LN2019020000380,False,,1.79,,Automated,Home Loan,standard_payment,False,loan_payment_generator,False,
TXNL201900000315,ACC0002265,IND19017038,LN2019020000381,LDO20190000081,7,2019-09-22,04:20:39,1263.05,Debit,Completed,,Loan Payment - LN2019020000381,False,,0.5,,Automated,Vehicle Loan,standard_payment,False,loan_payment_generator,False,
 TXNL201900000316 ,ACC0002346,IND19002859,LN2019020000391,LDO20190000082,6,2019-09-03,02:20:58,1109.51,Debit,Completed,,Loan Payment - LN2019020000391,False,,0.31,,Automated,Home Loan,standard_payment,False,loan_payment_generator,True,whitespace_in_id
TXNL201900000317,ACC0002318,IND19015821,LN2019020000406,LDO20190000176,7,2019-09-18,04:01:43,2091.84,Debit,Failed,mandate_limit,Loan Payment - LN2019020000406,False,,1.51,,Automated,Home Loan,standard_payment,False,loan_payment_generator,False,
TXNL201900000318,ACC0003234,IND19003150,LN2019020000415,LDO20190000177,7,2019-09-17,02:24:05,5249.06,Debit,Completed,,Loan Payment - LN2019020000415,False,,0.41,,Automated,Personal Loan,standard_payment,False,loan_payment_generator,False,
TXNL201900000319,ACC0002733,IND19007741,LN2019020000426,LDO20190000178,7,2019-09-05,04:07:37,5700.55,Debit,Completed,,Loan Payment - LN2019020000426 - Recovery,False,,1.56,,Automated,Personal Loan,recovery_payment,True,loan_payment_generator,False,
TXNL201900000320,ACC0002248,IND19012631,LN2019020000437,LDO20190000179,7,2019-09-13,03:24:01,533.6,Debit,Completed,,Loan Payment - LN2019020000437,False,,1.11,,Automated,Personal Loan,standard_payment,False,loan_payment_generator,False,
TXNL201900000321,ACC0003383,COM19000130,LN2019020000448,LDO20190000180,7,2019-09-25,03:26:38,37504.81,Debit,Completed,,Loan Payment - LN2019020000448,False,,0.95,,Automated,Business Loan,standard_payment,False,loan_payment_generator,False,
TXNL201900000322,ACC0002894,IND19017223,LN2019020000451,LDO20190000083,6,2019-09-01,04:48:27,2203.43,Debit,Completed,,Loan Payment - LN2019020000451,False,,0.45,,Automated,Vehicle Loan,standard_payment,False,loan_payment_generator,False,
TXNL201900000323,ACC0002632,IND19017768,LN2019020000453,LDO20190000181,7,2019-09-16,04:05:20,4254.75,Debit,Completed,,Loan Payment - LN2019020000453,False,,1.28,,Automated,Home Loan,standard_payment,False,loan_payment_generator,False,
TXNL201900000324,ACC0002083,IND19010755,LN2019020000458,LDO20190000182,7,2019-09-18,04:26:02,2716.74,Debit,Completed,,Loan Payment - LN2019020000458,False,,0.61,,Automated,Vehicle Loan,standard_payment,False,loan_payment_generator,False,
TXNL201900000325,ACC0002623,IND19011260,LN2019020000462,LDO20190000183,7,2019-09-10,04:07:45,2762.93,Debit,Completed,,Loan Payment - LN2019020000462,False,,1.93,,Automated,Home Loan,standard_payment,False,loan_payment_generator,False,
TXNL201900000326,ACC0002601,IND19015358,LN2019020000464,LDO20190000184,7,2019-09-18,02:27:20,990.99,Debit,Completed,,Loan Payment - LN2019020000464,False,,1.32,,Automated,Home Loan,standard_payment,False,loan_payment_generator,False,
TXNL201900000327,ACC0002851,IND19013194,LN2019020000465,LDO20190000185,7,2019-09-26,02:44:26,1127.39,Debit,Completed,,Loan Payment - LN2019020000465,False,,0.93,,Automated,Vehicle Loan,standard_payment,False,loan_payment_generator,False,
TXNL201900000328,ACC0002140,IND19013361,LN2019020000474,LDO20190000028,7,2019-09-20,03:16:05,3995.99,Debit,Completed,,Loan Payment - LN2019020000474,False,,0.74,,Automated,Vehicle Loan,standard_payment,False,loan_payment_generator,False,
TXNL201900000329,ACC0002934,IND19011169,LN2019020000488,LDO20190000015,6,2019-09-02,03:47:50,4493.42,Debit,Completed,,Loan Payment - LN2019020000488,False,,1.84,,Automated,Home Loan,standard_payment,False,loan_payment_generator,False,
TXNL201900000330,ACC0003057,IND19010891,LN2019020000491,LDO20190000029,7,2019-09-11,04:13:10,3111.54,Debit,Failed,mandate_limit,Loan Payment - LN2019020000491,False,,1.18,,Automated,Personal Loan,standard_payment,False,loan_payment_generator,False,
TXNL201900000331,ACC0002267,IND19005311,LN2019020000492,LDO20190000186,7,2019-09-22,03:34:16,1843.61,Debit,Completed,,Loan Payment - LN2019020000492,False,,0.55,,Automated,Home Loan,standard_payment,False,loan_payment_generator,False,
TXNL201900000332,ACC0002257,IND19005614,LN2019020000497,LDO20190000187,7,2019-09-12,02:29:01,24221.95,Debit,Completed,,Loan Payment - LN2019020000497,False,,0.44,,Automated,Personal Loan,standard_payment,False,loan_payment_generator,False,
TXNL201900000333,ACC0002521,IND19013128,LN2019020000498,LDO20190000030,7,2019-09-25,04:59:49,1371.17,Debit,Completed,,Loan Payment - LN2019020000498,False,,0.63,,Automated,Home Loan,standard_payment,False,loan_payment_generator,False,
TXNL201900000334,ACC0002503,IND19013977,LN2019020000508,LDO20190000084,6,2019-09-06,02:17:23,7718.79,Debit,Completed,,Loan Payment - LN2019020000508,False,,0.05,,Automated,Home Loan,standard_payment,False,loan_payment_generator,False,
TXNL201900000335,ACC0002375,IND19009116,LN2019020000529,LDO20190000189,7,2019-09-13,03:05:03,916.18,Debit,Failed,insufficient_funds,Loan Payment - LN20190200...,False,,0.3,,Automated,Personal Loan,standard_payment,False,loan_payment_generator,True,truncated_description
TXNL201900000336,ACC0003084,IND19009670,LN2019020000531,LDO20190000031,7,2019-09-23,04:59:35,3117.38,Debit,Completed,,Loan Payment - LN2019020000531,False,,1.67,,Automated,Vehicle Loan,standard_payment,False,loan_payment_generator,False,
TXNL201900000337,ACC0002397,IND19011058,LN2019020000532,LDO20190000085,7,2019-09-23,03:43:37,798.92,Debit,Completed,,Loan Payment - LN2019020000532,False,,1.25,,Automated,Vehicle Loan,standard_payment,False,loan_payment_generator,False,
TXNL201900000338,ACC0001936,IND19008592,LN2019020000537,LDO20190000086,7,2019-09-12,02:33:36,852.18,Debit,Completed,,Loan Payment - LN2019020000537,False,,0.01,,Automated,Vehicle Loan,standard_payment,False,loan_payment_generator,False,
TXNL201900000339,ACC0003065,IND19007646,LN2019020000546,LDO20190000032,7,2019-09-20,04:37:17,1414.47,Debit,Completed,,Loan Payment - LN2019020000546,False,,1.61,,Automated,Vehicle Loan,standard_payment,False,loan_payment_generator,False,
TXNL201900000340,ACC0003241,IND19001412,LN2019020000549,LDO20190000087,7,2019-09-11,04:44:38,14216.28,Debit,Completed,,Loan Payment - LN2019020000549,False,,0.4,,Automated,Personal Loan,standard_payment,False,loan_payment_generator,False,
TXNL201900000341,ACC0002864,IND19007639,LN2019020000570,LDO20190000033,7,2019-09-11,04:32:16,857.6,Debit,Completed,,Loan Payment - LN2019020000570 - Extra Principal,False,,1.41,,Automated,Home Loan,extra_payment,False,loan_payment_generator,False,
TXNL201900000342,ACC0001891,IND19010844,LN2019020000573,LDO20190000190,7,2019-09-20,03:14:03,785.13,Debit,Completed,,Loan Payment - LN2019020000573,False,,1.66,,Automated,Home Loan,standard_payment,False,loan_payment_generator,False,
TXNL201900000343,ACC0003213,IND19014004,LN2019020000588,LDO20190000191,7,2019-09-21,03:26:32,1391.12,Debit,Completed,,Loan Payment - LN2019020000588,False,,0.19,,Automated,Home Loan,standard_payment,False,loan_payment_generator,False,
 TXNL201900000344 ,ACC0002630,IND19015606,LN2019020000593,LDO20190000088,7,2019-09-22,03:58:51,7225.68,Debit,Failed,account_blocked,Loan Payment - LN2019020000593,False,,1.99,,Automated,Home Loan,standard_payment,False,loan_payment_generator,True,whitespace_in_id
TXNL201900000345,ACC0002093,IND19015493,LN2019020000599,LDO20190000089,6,2019-09-05,04:38:01,713.89,Debit,Completed,,Loan Payment - LN2019020000599,False,,1.42,,Automated,Vehicle Loan,standard_payment,False,loan_payment_generator,False,
TXNL201900000346,ACC0002006,IND19009890,LN2019020000600,LDO20190000192,7,2019-09-26,03:08:07,1225.87,Debit,Completed,,Loan Payment - LN2019020000600,False,,1.73,,Automated,Personal Loan,standard_payment,False,loan_payment_generator,False,
TXNL201900000347,ACC0001714,IND19009033,LN2019020000601,LDO20190000193,6,2019-09-02,03:52:20,1702.97,Debit,Completed,,Loan Payment - LN2019020000601,False,,1.97,,Automated,Personal Loan,standard_payment,False,loan_payment_generator,False,
TXNL201900000348,ACC0002476,IND19015568,LN2019020000612,LDO20190000194,7,2019-09-18,02:02:28,1223.57,Debit,Completed,,Loan Payment - LN2019020000612,False,,1.8,,Automated,Vehicle Loan,standard_payment,False,loan_payment_generator,False,
TXNL201900000349,ACC0002169,IND19003317,LN2019020000613,LDO20190000090,6,2019-09-03,03:13:08,1745.72,Debit,Completed,,Loan Payment - LN2019020000613,False,,1.68,,Automated,Home Loan,standard_payment,False,loan_payment_generator,False,
TXNL201900000350,ACC0002103,IND19013436,LN2019020000622,LDO20190000034,6,2019-09-09,04:12:32,1175.55,Debit,Completed,,Loan Payment - LN2019020000622,False,,0.98,,Automated,Vehicle Loan,standard_payment,False,loan_payment_generator,False,
TXNL201900000351,ACC0002481,IND19000798,LN2019020000642,LDO20190000091,7,2019-09-12,02:52:39,2656.32,Debit,Completed,,Loan Payment - LN2019020000642,False,,0.68,,Automated,Vehicle Loan,standard_payment,False,loan_payment_generator,False,
TXNL201900000352,ACC0001949,IND19008140,LN2019020000651,LDO20190000195,7,2019-09-14,04:59:30,1470.06,Debit,Completed,,Loan Payment - LN2019020000651,False,,1.22,,Automated,Home Loan,standard_payment,False,loan_payment_generator,False,
TXNL201900000353,ACC0001745,IND19009866,LN2019020000660,LDO20190000196,7,2019-09-27,03:51:24,2815.09,Debit,Completed,,Loan Payment - LN2019020000660,False,,0.49,,Automated,Personal Loan,standard_payment,False,loan_payment_generator,False,
TXNL201900000354,ACC0002752,IND19001256,LN2019020000662,LDO20190000197,7,2019-09-13,04:19:51,2926.81,Debit,Completed,,Loan Payment - LN2019020000662,False,,1.36,,Automated,Home Loan,standard_payment,False,loan_payment_generator,False,
TXNL201900000355,ACC0002891,IND19002067,LN2019020000667,LDO20190000092,7,2019-09-24,02:10:19,1220.36,Debit,Completed,,Loan Payment - LN2019020000667,False,,0.54,,Automated,Home Loan,standard_payment,False,loan_payment_generator,False,
TXNL201900000356,ACC0003164,IND19008580,LN2019020000669,LDO20190000093,6,2019-09-03,02:49:13,568.03,Debit,Completed,,Loan Payment - LN2019020000669,False,,0.07,,Automated,Home Loan,standard_payment,False,loan_payment_generator,False,
TXNL201900000357,ACC0002224,IND19000114,LN2019020000675,LDO20190000198,7,2019-09-21,03:48:20,1024.01,Debit,Completed,,Loan Payment - LN2019020000675,False,,1.55,,Automated,Personal Loan,standard_payment,False,loan_payment_generator,False,
TXNL201900000358,ACC0002801,IND19001180,LN2019020000682,LDO20190000094,7,2019-09-24,04:22:42,2397.97,Debit,Completed,,Loan Payment - LN2019020000682,False,,0.04,,Automated,Personal Loan,standard_payment,False,loan_payment_generator,False,
TXNL201900000359,ACC0001912,IND19007576,LN2019020000683,LDO20190000035,7,2019-09-09,03:01:05,3252.21,Debit,Completed,,Loan Payment - LN2019020000683,False,,0.25,,Automated,Home Loan,standard_payment,False,loan_payment_generator,False,
TXNL201900000360,ACC0003375,COM19000173,LN2019020000694,LDO20190000036,7,2019-09-24,02:27:08,47861.93,Debit,Completed,,Loan Payment - LN2019020000694,False,,1.27,,Automated,Business Loan,standard_payment,False,loan_payment_generator,False,
TXNL201900000361,ACC0002460,IND19001065,LN2019020000697,LDO20190000037,7,2019-09-22,02:23:15,14050.07,Debit,Completed,,Loan Payment - LN2019020000697,False,,1.29,,Automated,Personal Loan,standard_payment,False,loan_payment_generator,False,
TXNL201900000362,ACC0003301,IND19004365,LN2019020000701,LDO20190000199,7,2019-09-14,02:11:06,8336.48,Debit,Completed,,Loan Payment - LN2019020000701,False,,0.77,,Automated,Home Loan,standard_payment,False,loan_payment_generator,False,
TXNL201900000363,ACC0002543,IND19007957,LN2019020000710,LDO20190000200,7,2019-09-27,04:57:19,740.02,Debit,Completed,,Loan Payment - LN2019020000710,False,,1.55,,Automated,Personal Loan,standard_payment,False,loan_payment_generator,False,
TXNL201900000364,ACC0003346,IND19004315,LN2019020000712,LDO20190000038,7,2019-09-13,03:02:54,1064.22,Debit,Completed,,Loan Payment - LN2019020000712,False,,1.6,,Automated,Personal Loan,standard_payment,False,loan_payment_generator,False,
TXNL201900000365,ACC0003374,COM19000173,LN2019020000715,LDO20190000201,7,2019-09-18,03:25:40,6081.28,Debit,Completed,,Loan Payment - LN2019020000715,False,,0.42,,Automated,Business Loan,standard_payment,False,loan_payment_generator,False,
TXNL201900000366,ACC0002749,IND19014623,LN2019020000724,LDO20190000202,6,2019-09-04,04:48:02,1478.55,Debit,Completed,,Loan Payment - LN2019020000724,False,,0.54,,Automated,Vehicle Loan,standard_payment,False,loan_payment_generator,False,
TXNL201900000367,ACC0002323,IND19018302,LN2019020000744,LDO20190000203,7,2019-09-14,02:47:39,2997.53,Debit,Completed,,Loan Payment - LN2019020000744,False,,0.29,,Automated,Vehicle Loan,standard_payment,False,loan_payment_generator,False,
TXNL201900000368,ACC0001941,IND19014505,LN2019020000757,LDO20190000095,7,2019-09-25,04:25:17,1332.59,Debit,Completed,,Loan Payment - LN2019020000757,False,,1.23,,Automated,Home Loan,standard_payment,False,loan_payment_generator,False,
TXNL201900000369,ACC0002853,IND19012294,LN2019020000765,LDO20190000097,6,2019-09-03,03:31:44,768.03,Debit,Completed,,Loan Payment - LN2019020000765,False,,0.47,,Automated,Home Loan,standard_payment,False,loan_payment_generator,False,
TXNL201900000370,ACC0002615,IND19015330,LN2019020000779,LDO20190000204,7,2019-09-25,02:59:30,1587.18,Debit,Completed,,Loan Payment - LN2019020000779,False,,1.71,,Automated,Vehicle Loan,standard_payment,False,loan_payment_generator,False,
TXNL201900000371,ACC0003311,IND19002488,LN2019020000785,LDO20190000205,7,2019-09-14,03:17:25,607.97,Debit,Completed,,Loan Payment - LN2019020000785,False,,0.15,,Automated,Personal Loan,standard_payment,False,loan_payment_generator,False,
TXNL201900000372,ACC0002378,IND19000460,LN2019020000795,LDO20190000098,7,2019-09-08,04:27:27,9850.41,Debit,Completed,,Loan Payment - LN2019020000795,False,,0.25,,Automated,Home Loan,standard_payment,False,loan_payment_generator,False,
TXNL201900000373,ACC0001849,IND19009271,LN2019020000798,LDO20190000206,7,2019-09-21,02:44:46,1732.2,Debit,Completed,,Loan Payment - LN2019020000798,False,,0.22,,Automated,Vehicle Loan,standard_payment,False,loan_payment_generator,False,
TXNL201900000374,ACC0003146,IND19000005,LN2019020000802,LDO20190000207,7,2019-09-19,02:40:42,1563.65,Debit,Completed,,Loan Payment - LN2019020000802,False,,0.73,,Automated,Home Loan,standard_payment,False,loan_payment_generator,False,
TXNL201900000375,ACC0002836,IND19014394,LN2019020000804,LDO20190000208,6,2019-09-04,03:07:06,1086.74,Debit,Completed,,Loan Payment - LN2019020000804,False,,0.17,,Automated,Home Loan,standard_payment,False,loan_payment_generator,False,
TXNL201900000376,ACC0002256,IND19017147,LN2019020000814,LDO20190000039,7,2019-09-23,02:34:22,535.41,Debit,Completed,,Loan Payment - LN2019020000814,False,,1.98,,Automated,Home Loan,standard_payment,False,loan_payment_generator,False,
TXNL201900000377,ACC0002516,IND19011025,LN2019020000819,LDO20190000209,7,2019-09-22,04:44:42,2105.97,Debit,Completed,,Loan Payment - LN2019020000819,False,,1.73,,Automated,Home Loan,standard_payment,False,loan_payment_generator,False,
TXNL201900000378,ACC0002552,IND19001323,LN2019020000826,LDO20190000210,7,2019-09-24,03:31:32,1430.61,Debit,Completed,,Loan Payment - LN2019020000826,False,,0.37,,Automated,Personal Loan,standard_payment,False,loan_payment_generator,False,
TXNL201900000379,ACC0002593,IND19000658,LN2019020000833,LDO20190000211,7,2019-09-17,04:16:20,2127.14,Debit,Completed,,Loan Payment - LN2019020000833,False,,0.55,,Automated,Vehicle Loan,standard_payment,False,loan_payment_generator,False,
TXNL201900000380,ACC0002275,IND19006821,LN2019020000837,LDO20190000099,6,2019-09-04,02:19:58,3151.24,Debit,Completed,,Loan Payment - LN2019020000837,False,,0.0,,Automated,Home Loan,standard_payment,False,loan_payment_generator,False,
TXNL201900000381,ACC0002307,IND19005300,LN2019020000862,LDO20190000212,7,2019-09-21,04:57:08,1399.17,Debit,Completed,,Loan Payment - LN2019020000862,False,,1.46,,Automated,Personal Loan,standard_payment,False,loan_payment_generator,False,
TXNL201900000382,ACC0002829,IND19012622,LN2019020000865,LDO20190000100,7,2019-09-25,02:23:05,4757.06,Debit,Completed,,Loan Payment - LN2019020000865,False,,0.02,,Automated,Home Loan,standard_payment,False,loan_payment_generator,False,
TXNL201900000383,ACC0003073,IND19006240,LN2019020000878,LDO20190000213,6,2019-09-05,04:14:58,1537.76,Debit,Completed,,Loan Payment - LN2019020000878,False,,1.44,,Automated,Home Loan,standard_payment,False,loan_payment_generator,False,
TXNL201900000384,ACC0002311,IND19000946,LN2019020000882,LDO20190000101,7,2019-09-14,02:18:58,3477.54,Debit,Completed,,Loan Payment - LN2019020000882,False,,1.39,,Automated,Home Loan,standard_payment,False,loan_payment_generator,False,
TXNL201900000385,ACC0003363,IND19015447,LN2019020000889,LDO20190000214,7,2019-09-25,02:28:04,1507.65,Debit,Completed,,Loan Payment - LN2019020000889,False,,1.14,,Automated,Vehicle Loan,standard_payment,False,loan_payment_generator,False,
TXNL201900000386,ACC0002945,IND19009436,LN2019020000890,LDO20190000215,7,2019-09-27,04:20:17,1439.25,Debit,Completed,,Loan Payment - LN2019020000890,False,,1.49,,Automated,Vehicle Loan,standard_payment,False,loan_payment_generator,False,
TXNL201900000387,ACC0002887,IND19008351,LN2019020000892,LDO20190000040,7,2019-09-14,04:50:16,1566.77,Debit,Completed,,Loan Payment - LN2019020000892,False,,1.59,,Automated,Vehicle Loan,standard_payment,False,loan_payment_generator,False,
TXNL201900000388,ACC0002266,IND19017038,LN2019020000905,LDO20190000041,7,2019-09-27,03:01:13,940.77,Debit,Completed,,Loan Payment - LN2019020000905,False,,1.21,,Automated,Vehicle Loan,standard_payment,False,loan_payment_generator,False,
TXNL201900000389,ACC0002950,IND19012612,LN2019020000909,LDO20190000016,6,2019-09-07,03:13:58,1553.66,Debit,Completed,,Loan Payment - LN2019020000909,False,,1.03,,Automated,Vehicle Loan,standard_payment,False,loan_payment_generator,False,
TXNL201900000390,ACC0002863,IND19012341,LN2019020000920,LDO20190000216,7,2019-09-21,04:28:44,14070.47,Debit,Completed,,Loan Payment - LN20190200...,False,,0.89,,Automated,Personal Loan,standard_payment,False,loan_payment_generator,True,truncated_description
TXNL201900000391,ACC0001724,IND19013608,LN2019020000924,LDO20190000217,6,2019-09-06,04:14:17,1689.27,Debit,Completed,,Loan Payment - LN2019020000924,False,,0.18,,Automated,Home Loan,standard_payment,False,loan_payment_generator,False,
TXNL201900000392,ACC0002938,IND19013981,LN2019020000925,LDO20190000218,6,2019-09-03,04:58:24,4511.02,Debit,Completed,,Loan Payment - LN2019020000925,False,,1.87,,Automated,Vehicle Loan,standard_payment,False,loan_payment_generator,False,
TXNL201900000393,ACC0001935,IND19000364,LN2019020000927,LDO20190000219,7,2019-09-17,02:21:14,4891.37,Debit,Completed,,Loan Payment - LN2019020000927,False,,1.41,,Automated,Home Loan,standard_payment,False,loan_payment_generator,False,
TXNL201900000394,ACC0002850,IND19013194,LN2019020000934,LDO20190000220,7,2019-09-08,02:04:05,4478.19,Debit,Cancelled,customer_stop_instruction,Loan Payment - LN2019020000934,False,,1.05,,Automated,Home Loan,standard_payment,False,loan_payment_generator,False,
TXNL201900000395,ACC0001833,IND19014374,LN2019020000935,LDO20190000004,7,2019-09-23,03:25:17,3625.0,Debit,Completed,,Loan Payment - LN2019020000935,False,,0.11,,Automated,Personal Loan,standard_payment,False,loan_payment_generator,False,
TXNL201900000396,ACC0002545,IND19010159,LN2019020000936,LDO20190000221,7,2019-09-21,03:09:42,2435.95,Debit,Completed,,Loan Payment - LN2019020000936,False,,0.14,,Automated,Home Loan,standard_payment,False,loan_payment_generator,False,
TXNL201900000397,ACC0002078,IND19001195,LN2019020000937,LDO20190000222,7,2019-09-24,03:01:12,324.51,Debit,Completed,,Loan Payment - LN2019020000937,False,,0.58,,Automated,Home Loan,standard_payment,False,loan_payment_generator,False,
TXNL201900000398,ACC0002351,IND19016075,LN2019020000960,LDO20190000223,7,2019-09-11,04:28:09,1836.24,Debit,Failed,bank_timeout,Loan Payment - LN2019020000960,False,,1.87,,Automated,Vehicle Loan,standard_payment,False,loan_payment_generator,False,
TXNL201900000399,ACC0002105,IND19009176,LN2019020000964,LDO20190000224,7,2019-09-17,03:15:41,2557.52,Debit,Cancelled,customer_stop_instruction,Loan Payment - LN2019020000964,False,,1.79,,Automated,Home Loan,standard_payment,False,loan_payment_generator,False,
TXNL201900000400,ACC0003026,IND19011008,LN2019020000966,LDO20190000042,7,2019-09-14,04:14:54,4535.52,Debit,Completed,,Loan Payment - LN2019020000966,False,,1.61,,Automated,Home Loan,standard_payment,False,loan_payment_generator,False,
TXNL201900000401,ACC0003362,IND19014898,LN2019020000972,LDO20190000017,7,2019-09-25,03:10:34,1767.14,Debit,Completed,,Loan Payment - LN2019020000972,False,,0.37,,Automated,Personal Loan,standard_payment,False,loan_payment_generator,False,
TXNL201900000402,ACC0003052,IND19013959,LN2019020000974,LDO20190000225,6,2019-09-02,04:16:54,1601.82,Debit,Completed,,Loan Payment - LN2019020000974,False,,1.49,,Automated,Vehicle Loan,standard_payment,False,loan_payment_generator,False,
TXNL201900000403,ACC0001979,IND19013869,LN2019020000975,,7,2019-09-25,03:01:15,1940.43,Debit,Completed,,Loan Payment - LN2019020000975,False,,2.5,,Automated,Home Loan,standard_payment,False,loan_payment_generator,False,
TXNL201900000404,ACC0002392,IND19003391,LN2019020000981,LDO20190000043,7,2019-09-23,04:53:21,4118.64,Debit,Completed,,Loan Payment - LN2019020000981,False,,0.23,,Automated,Home Loan,standard_payment,False,loan_payment_generator,False,
TXNL201900000405,ACC0002715,IND19015450,LN2019020000985,LDO20190000226,7,2019-09-17,04:56:36,696.78,Debit,Completed,,Loan Payment - LN2019020000985,False,,0.63,,Automated,Home Loan,standard_payment,False,loan_payment_generator,False,
TXNL201900000406,ACC0002872,IND19004247,LN2019020000990,LDO20190000044,7,2019-09-22,02:46:02,791.46,Debit,Completed,,Loan Payment - LN2019020000990,False,,1.18,,Automated,Home Loan,standard_payment,False,loan_payment_generator,False,
TXNL201900000407,ACC0002357,IND19009146,LN2019020001004,LDO20190000102,7,2019-09-27,04:17:48,283.72,Debit,Completed,,Loan Payment - LN2019020001004,False,,1.12,,Automated,Home Loan,standard_payment,False,loan_payment_generator,False,
TXNL201900000408,ACC0003180,IND19013395,LN2019020001006,LDO20190000227,7,2019-09-20,02:36:37,922.11,Debit,Completed,,Loan Payment - LN2019020001006,False,,1.78,,Automated,Vehicle Loan,standard_payment,False,loan_payment_generator,False,
TXNL201900000409,ACC0002603,IND19013546,LN2019020001008,LDO20190000228,6,2019-09-08,04:28:57,2026.36,Debit,Completed,,Loan Payment - LN2019020001008 - Late Fee,False,,0.04,,Automated,Vehicle Loan,late_payment,False,loan_payment_generator,False,
TXNL201900000410,ACC0002360,IND19002649,LN2019020001017,LDO20190000229,7,2019-09-28,02:15:13,616.38,Debit,Completed,,Loan Payment - LN2019020001017,False,,1.4,,Automated,Home Loan,standard_payment,False,loan_payment_generator,False,
TXNL201900000411,ACC0003387,COM19000040,LN2019020001037,LDO20190000230,7,2019-09-11,02:37:52,3782.99,Debit,Completed,,Loan Payment - LN2019020001037,False,,0.34,,Automated,Business Loan,standard_payment,False,loan_payment_generator,False,
TXNL201900000412,ACC0003126,IND19007989,LN2019020001039,LDO20190000007,7,2019-09-25,04:55:52,1798.74,Debit,Completed,,Loan Payment - LN2019020001039,False,,1.32,,Automated,Vehicle Loan,standard_payment,False,loan_payment_generator,False,
TXNL201900000413,ACC0002094,IND19009892,LN2019020001042,LDO20190000008,7,2019-09-21,02:58:50,317.27,Debit,Completed,,Loan Payment - LN2019020001042,False,,0.48,,Automated,Home Loan,standard_payment,False,loan_payment_generator,False,
TXNL201900000414,ACC0002922,IND19017388,LN2019020001066,LDO20190000103,7,2019-09-26,06:04:59,3091.61,Debit,Completed,,Loan Payment - LN2019020001066,False,,0.57,,Automated,Personal Loan,standard_payment,False,loan_payment_generator,True,timestamp_shift
TXNL201900000415,ACC0003103,IND19002063,LN2019020001071,LDO20190000104,7,2019-09-28,02:05:07,1847.29,Debit,Completed,,Loan Payment - LN2019020001071,False,,1.67,,Automated,Home Loan,standard_payment,False,loan_payment_generator,False,
TXNL201900000416,ACC0002842,IND19014493,LN2019020001076,LDO20190000018,7,2019-09-26,04:33:22,821.56,Debit,Completed,,Loan Payment - LN2019020001076,False,,0.69,,Automated,Home Loan,standard_payment,False,loan_payment_generator,False,
TXNL201900000417,ACC0002380,IND19009296,LN2019020001080,LDO20190000231,7,2019-09-12,04:48:51,753.89,Debit,Completed,,Loan Payment - LN2019020001080,False,,0.07,,Automated,Home Loan,standard_payment,False,loan_payment_generator,False,
TXNL201900000418,ACC0002532,IND19011247,LN2019020001085,LDO20190000232,6,2019-09-04,02:18:18,6086.03,Debit,Completed,,Loan Payment - LN2019020001085,False,,0.81,,Automated,Vehicle Loan,standard_payment,False,loan_payment_generator,False,
TXNL201900000419,ACC0001696,IND19002701,LN2019020001092,LDO20190000105,7,2019-09-22,02:23:19,3045.49,Debit,Failed,mandate_limit,Loan Payment - LN2019020001092,False,,1.79,,Automated,Home Loan,standard_payment,False,loan_payment_generator,False,
TXNL201900000420,ACC0002035,IND19007323,LN2019020001096,LDO20190000106,7,2019-09-12,03:30:18,2243.88,Debit,Completed,,Loan Payment - LN2019020001096,False,,0.97,,Automated,Personal Loan,standard_payment,False,loan_payment_generator,False,
TXNL201900000421,ACC0002258,IND19014680,LN2019020001105,LDO20190000107,7,2019-09-20,03:42:45,954.34,Debit,Completed,,Loan Payment - LN2019020001105,False,,0.73,,Automated,Home Loan,standard_payment,False,loan_payment_generator,False,
TXNL201900000422,ACC0001973,IND19016866,LN2019020001109,LDO20190000233,6,2019-09-07,03:43:03,174.42,Debit,Completed,,Loan Payment - LN20190200...,False,,0.77,,Automated,Home Loan,standard_payment,False,loan_payment_generator,True,truncated_description
TXNL201900000423,ACC0003282,IND19007494,LN2019020001115,LDO20190000234,7,2019-09-25,03:37:51,1527.34,Debit,Completed,,Loan Payment - LN2019020001115,False,,0.69,,Automated,Home Loan,standard_payment,False,loan_payment_generator,False,
TXNL201900000424,ACC0002616,IND19013889,LN2019020001123,LDO20190000108,6,2019-09-10,02:04:41,3074.89,Debit,Completed,,Loan Payment - LN2019020001123,False,,0.65,,Automated,Home Loan,standard_payment,False,loan_payment_generator,False,
TXNL201900000425,ACC0002088,IND19007131,LN2019020001137,LDO20190000235,7,2019-09-21,03:19:37,2386.69,Debit,Completed,,Loan Payment - LN2019020001137,False,,1.24,,Automated,Personal Loan,standard_payment,False,loan_payment_generator,False,
TXNL201900000426,ACC0002746,IND19001135,LN2019020001140,LDO20190000236,7,2019-09-15,03:11:30,444.68,Debit,Failed,bank_timeout,Loan Payment - LN2019020001140,False,,1.78,,Automated,Home Loan,standard_payment,False,loan_payment_generator,False,
TXNL201900000427,ACC0002796,IND19012904,LN2019020001152,LDO20190000109,7,2019-09-20,04:20:49,2746.27,Debit,Completed,,Loan Payment - LN2019020001152,False,,1.15,,Automated,Personal Loan,standard_payment,False,loan_payment_generator,False,
TXNL201900000428,ACC0001931,IND19007273,LN2019020001154,LDO20190000110,7,2019-09-23,03:50:57,5304.28,Debit,Completed,,Loan Payment - LN2019020001154,False,,0.57,,Automated,Home Loan,standard_payment,False,loan_payment_generator,False,
TXNL201900000429,ACC0001963,IND19000852,LN2019020001162,LDO20190000237,6,2019-09-02,03:19:25,2113.68,Debit,Completed,,Loan Payment - LN2019020001162,False,,0.93,,Automated,Vehicle Loan,standard_payment,False,loan_payment_generator,False,
TXNL201900000430,ACC0003255,IND19007580,LN2019020001166,LDO20190000238,6,2019-09-04,02:07:27,4556.35,Debit,Completed,,Loan Payment - LN2019020001166,False,,1.06,,Automated,Personal Loan,standard_payment,False,loan_payment_generator,False,
TXNL201900000431,ACC0002548,IND19009203,LN2019020001173,LDO20190000239,7,2019-09-15,02:48:38,1358.4,Debit,Completed,,Loan Payment - LN2019020001173,False,,0.24,,Automated,Vehicle Loan,standard_payment,False,loan_payment_generator,False,
TXNL201900000432,ACC0002414,IND19014095,LN2019020001175,LDO20190000240,7,2019-09-12,04:27:50,2140.35,Debit,Completed,,Loan Payment - LN2019020001175,False,,1.55,,Automated,Personal Loan,standard_payment,False,loan_payment_generator,False,
TXNL201900000433,ACC0003373,COM19000122,LN2019020001179,LDO20190000019,6,2019-09-03,03:50:51,9892.51,Debit,Completed,,Loan Payment - LN2019020001179,False,,1.34,,Automated,Business Loan,standard_payment,False,loan_payment_generator,False,
TXNL201900000434,ACC0003382,COM19000138,LN2019020001182,LDO20190000241,6,2019-09-07,04:26:32,43341.88,Debit,Completed,,Loan Payment - LN2019020001182,False,,1.12,,Automated,Business Loan,standard_payment,False,loan_payment_generator,False,
TXNL201900000435,ACC0002883,IND19001519,LN2019020001184,LDO20190000045,7,2019-09-19,02:45:23,4495.62,Debit,Completed,,Loan Payment - LN2019020001184,False,,1.19,,Automated,Personal Loan,standard_payment,False,loan_payment_generator,False,
TXNL201900000436,ACC0002914,IND19000645,LN2019020001200,LDO20190000242,7,2019-09-23,03:24:33,1199.23,Debit,Completed,,Loan Payment - LN2019020001200,False,,0.14,,Automated,Personal Loan,standard_payment,False,loan_payment_generator,False,
TXNL201900000437,ACC0002010,IND19014883,LN2019020001206,LDO20190000243,7,2019-09-19,02:47:20,1419.76,Debit,Completed,,Loan Payment - LN2019020001206,False,,1.18,,Automated,Vehicle Loan,standard_payment,False,loan_payment_generator,False,
TXNL201900000438,ACC0002804,IND19008905,LN2019020001208,LDO20190000244,6,2019-09-05,04:50:07,2772.91,Debit,Failed,daily_limit_exceeded,Loan Payment - LN2019020001208,False,,0.66,,Automated,Vehicle Loan,standard_payment,False,loan_payment_generator,False,
TXNL201900000439,ACC0003009,IND19000437,LN2019020001218,LDO20190000245,7,2019-09-12,04:33:52,1473.91,Debit,Completed,,Loan Payment - LN2019020001218,False,,1.32,,Automated,Vehicle Loan,standard_payment,False,loan_payment_generator,False,
TXNL201900000440,ACC0002355,IND19008560,LN2019020001219,LDO20190000111,7,2019-09-24,03:22:24,1553.81,Debit,Completed,,Loan Payment - LN2019020001219,False,,1.3,,Automated,Vehicle Loan,standard_payment,False,loan_payment_generator,False,
TXNL201900000441,ACC0002716,IND19017246,LN2019020001222,LDO20190000112,7,2019-09-27,02:22:00,3796.2,Debit,Completed,,Loan Payment - LN2019020001222,False,,0.32,,Automated,Personal Loan,standard_payment,False,loan_payment_generator,False,
TXNL201900000442,ACC0003356,IND19007954,LN2019020001223,LDO20190000246,7,2019-09-25,02:42:47,9523.02,Debit,Completed,,Loan Payment - LN2019020001223,False,,0.48,,Automated,Personal Loan,standard_payment,False,loan_payment_generator,False,
TXNL201900000443,ACC0002600,IND19015358,LN2019020001229,LDO20190000046,7,2019-09-09,02:35:39,491.51,Debit,Completed,,Loan Payment - LN2019020001229,False,,1.99,,Automated,Home Loan,standard_payment,False,loan_payment_generator,False,
TXNL201900000444,ACC0002246,IND19004617,LN2019020001243,LDO20190000113,7,2019-09-25,04:36:11,5200.98,Debit,Completed,,Loan Payment - LN2019020001243,False,,1.44,,Automated,Home Loan,standard_payment,False,loan_payment_generator,False,
TXNL201900000445,ACC0003075,IND19016421,LN2019020001249,LDO20190000114,7,2019-09-16,02:47:16,1810.88,Debit,Completed,,Loan Payment - LN2019020001249,False,,0.76,,Automated,Personal Loan,standard_payment,False,loan_payment_generator,False,
TXNL201900000446,ACC0002427,IND19009616,LN2019020001250,LDO20190000115,6,2019-09-02,04:44:58,3894.08,Debit,Completed,,Loan Payment - LN2019020001250,False,,1.47,,Automated,Personal Loan,standard_payment,False,loan_payment_generator,False,
TXNL201900000447,ACC0001882,IND19006814,LN2019020001256,LDO20190000047,7,2019-09-21,04:20:13,5583.94,Debit,Completed,,Loan Payment - LN2019020001256,False,,1.94,,Automated,Personal Loan,standard_payment,False,loan_payment_generator,False,
TXNL201900000448,ACC0002651,IND19009080,LN2019020001275,LDO20190000116,7,2019-09-21,02:22:21,1804.02,Debit,Completed,,Loan Payment - LN2019020001275,False,,0.27,,Automated,Vehicle Loan,standard_payment,False,loan_payment_generator,False,
TXNL201900000449,ACC0001686,IND19008913,LN2019020001278,LDO20190000117,7,2019-09-23,04:33:47,587.4,Debit,Completed,,Loan Payment - LN2019020001278,False,,0.8,,Automated,Home Loan,standard_payment,False,loan_payment_generator,False,
TXNL201900000450,ACC0002843,IND19009059,LN2019020001279,LDO20190000247,7,2019-09-11,04:17:01,1661.09,Debit,Completed,,Loan Payment - LN2019020001279,False,,1.69,,Automated,Home Loan,standard_payment,False,loan_payment_generator,False,
TXNL201900000451,ACC0003172,IND19000281,LN2019020001280,LDO20190000248,6,2019-09-02,04:51:36,217.27,Debit,Completed,,Loan Payment - LN2019020001280,False,,0.46,,Automated,Home Loan,standard_payment,False,loan_payment_generator,False,
TXNL201900000452,ACC0002219,IND19006312,LN2019020001283,LDO20190000118,6,2019-09-03,02:57:19,2061.08,Debit,Completed,,Loan Payment - LN2019020001283,False,,1.65,,Automated,Home Loan,standard_payment,False,loan_payment_generator,False,
TXNL201900000453,ACC0002854,IND19005459,LN2019020001284,LDO20190000048,6,2019-09-01,04:44:13,2475.14,Debit,Completed,,Loan Payment - LN2019020001284,False,,0.58,,Automated,Vehicle Loan,standard_payment,False,loan_payment_generator,False,
TXNL201900000454,ACC0002285,IND19014584,LN2019020001295,LDO20190000249,7,2019-09-27,04:18:38,3081.3,Debit,Completed,,Loan Payment - LN2019020001295,False,,1.03,,Automated,Personal Loan,standard_payment,False,loan_payment_generator,False,
TXNL201900000455,ACC0002565,IND19014379,LN2019020001297,LDO20190000250,6,2019-09-01,03:24:39,1762.53,Debit,Completed,,Loan Payment - LN2019020001297,False,,1.03,,Automated,Home Loan,standard_payment,False,loan_payment_generator,False,
TXNL201900000456,ACC0002706,IND19008660,LN2019020001302,LDO20190000251,6,2019-09-03,02:41:11,1028.93,Debit,Completed,,Loan Payment - LN2019020001302,False,,0.19,,Automated,Vehicle Loan,standard_payment,False,loan_payment_generator,False,
TXNL201900000457,ACC0002608,IND19002868,LN2019020001303,LDO20190000252,6,2019-09-03,02:34:41,537.81,Debit,Completed,,Loan Payment - LN2019020001303,False,,0.44,,Automated,Vehicle Loan,standard_payment,False,loan_payment_generator,False,
TXNL201900000458,ACC0003229,IND19017654,LN2019020001304,LDO20190000119,6,2019-09-04,03:37:28,1867.13,Debit,Completed,,Loan Payment - LN2019020001304 - Late Fee,False,,1.36,,Automated,Vehicle Loan,late_payment,False,loan_payment_generator,False,
TXNL201900000459,ACC0002126,IND19017584,LN2019020001307,LDO20190000253,7,2019-09-08,04:53:06,560.85,Debit,Failed,bank_timeout,Loan Payment - LN2019020001307,False,,1.75,,Automated,Personal Loan,standard_payment,False,loan_payment_generator,False,
TXNL201900000460,ACC0002865,IND19014744,LN2019020001331,LDO20190000049,7,2019-09-24,03:37:43,2376.76,Debit,Completed,,Loan Payment - LN2019020001331,False,,1.92,,Automated,Home Loan,standard_payment,False,loan_payment_generator,False,
TXNL201900000461,ACC0003085,IND19014153,LN2019020001339,LDO20190000120,7,2019-09-10,04:10:18,3059.41,Debit,Completed,,Loan Payment - LN2019020001339,False,,0.11,,Automated,Home Loan,standard_payment,False,loan_payment_generator,False,
TXNL201900000462,ACC0002844,IND19010577,LN2019020001341,LDO20190000121,7,2019-09-24,03:16:12,458.98,Debit,Completed,,Loan Payment - LN2019020001341,False,,1.32,,Automated,Home Loan,standard_payment,False,loan_payment_generator,False,
TXNL201900000463,ACC0001982,IND19011705,LN2019020001344,LDO20190000050,6,2019-09-02,03:26:40,1430.9,Debit,Completed,,Loan Payment - LN2019020001344,False,,1.13,,Automated,Personal Loan,standard_payment,False,loan_payment_generator,False,
TXNL201900000464,ACC0003348,IND19007382,LN2019020001350,LDO20190000122,6,2019-09-03,02:30:47,432.03,Debit,Completed,,Loan Payment - LN2019020001350,False,,0.68,,Automated,Home Loan,standard_payment,False,loan_payment_generator,False,
TXNL201900000465,ACC0002667,IND19017137,LN2019020001354,LDO20190000254,7,2019-09-08,03:56:39,2323.52,Debit,Completed,,Loan Payment - LN2019020001354,False,,1.77,,Automated,Vehicle Loan,standard_payment,False,loan_payment_generator,False,
TXNL201900000466,ACC0002043,IND19013344,LN2019020001362,LDO20190000123,7,2019-09-27,04:17:23,5082.63,Debit,Failed,insufficient_funds,Loan Payment - LN2019020001362,False,,1.06,,Automated,Home Loan,standard_payment,False,loan_payment_generator,False,
TXNL201900000467,ACC0002386,IND19005252,LN2019020001365,LDO20190000124,7,2019-09-27,02:59:32,3006.04,Debit,Failed,mandate_limit,Loan Payment - LN2019020001365,False,,1.16,,Automated,Home Loan,standard_payment,False,loan_payment_generator,False,
TXNL201900000468,ACC0002944,IND19011863,LN2019020001367,LDO20190000125,7,2019-09-26,04:43:58,9486.25,Debit,Completed,,Loan Payment - LN2019020001367 - Partial,False,,0.26,,Automated,Personal Loan,partial_payment,False,loan_payment_generator,False,
TXNL201900000469,ACC0001839,IND19013991,LN2019020001369,LDO20190000126,7,2019-09-23,02:18:51,1996.53,Debit,Completed,,Loan Payment - LN2019020001369,False,,1.13,,Automated,Home Loan,standard_payment,False,loan_payment_generator,False,
TXNL201900000470,ACC0002465,IND19016811,LN2019020001377,LDO20190000255,6,2019-09-05,03:45:14,1543.7,Debit,Completed,,Loan Payment - LN2019020001377,False,,0.66,,Automated,Personal Loan,standard_payment,False,loan_payment_generator,False,
TXNL201900000471,ACC0001894,IND19004378,LN2019020001378,LDO20190000127,6,2019-09-05,04:39:07,1609.2,Debit,Completed,,Loan Payment - LN2019020001378,False,,0.23,,Automated,Home Loan,standard_payment,False,loan_payment_generator,False,
TXNL201900000472,ACC0003318,IND19006216,LN2019020001380,LDO20190000128,6,2019-09-07,03:21:09,2094.85,Debit,Completed,,Loan Payment - LN20190200...,False,,1.02,,Automated,Personal Loan,standard_payment,False,loan_payment_generator,True,truncated_description
TXNL201900000473,ACC0002531,IND19001693,LN2019020001383,LDO20190000256,7,2019-09-12,02:08:37,3180.5,Debit,Failed,account_blocked,Loan Payment - LN2019020001383,False,,1.62,,Automated,Home Loan,standard_payment,False,loan_payment_generator,False,
TXNL201900000474,ACC0003067,IND19018432,LN2019020001385,LDO20190000257,7,2019-09-17,02:18:43,4889.5,Debit,Completed,,Loan Payment - LN2019020001385,False,,1.9,,Automated,Home Loan,standard_payment,False,loan_payment_generator,False,
TXNL201900000475,ACC0002086,IND19008021,LN2019020001388,LDO20190000258,6,2019-09-02,02:48:32,14055.17,Debit,Completed,,Loan Payment - LN2019020001388,False,,0.14,,Automated,Personal Loan,standard_payment,False,loan_payment_generator,False,
TXNL201900000476,ACC0002270,IND19008555,LN2019020001392,LDO20190000051,7,2019-09-19,03:08:23,2802.46,Debit,Completed,,Loan Payment - LN2019020001392,False,,0.98,,Automated,Vehicle Loan,standard_payment,False,loan_payment_generator,False,
TXNL201900000477,ACC0002271,IND19005363,LN2019020001405,LDO20190000129,7,2019-09-18,03:29:01,682.27,Debit,Completed,,Loan Payment - LN2019020001405,False,,1.1,,Automated,Vehicle Loan,standard_payment,False,loan_payment_generator,False,
TXNL201900000478,ACC0002819,IND19016628,LN2019020001421,LDO20190000259,7,2019-09-19,02:09:25,1829.67,Debit,Completed,,Loan Payment - LN2019020001421,False,,0.7,,Automated,Personal Loan,standard_payment,False,loan_payment_generator,False,
TXNL201900000479,ACC0002781,IND19014982,LN2019020001437,LDO20190000052,7,2019-09-21,04:52:04,2580.86,Debit,Completed,,Loan Payment - LN2019020001437,False,,0.58,,Automated,Home Loan,standard_payment,False,loan_payment_generator,False,
TXNL201900000480,ACC0003309,IND19012910,LN2019020001438,LDO20190000260,7,2019-09-18,04:03:57,629.22,Debit,Completed,,Loan Payment - LN2019020001438,False,,1.92,,Automated,Personal Loan,standard_payment,False,loan_payment_generator,False,
TXNL201900000481,ACC0001887,IND19001120,LN2019020001448,LDO20190000261,6,2019-09-06,02:07:29,1710.45,Debit,Completed,,Loan Payment - LN2019020001448,False,,0.66,,Automated,Home Loan,standard_payment,False,loan_payment_generator,False,
TXNL201900000482,ACC0001924,IND19001686,LN2019020001456,LDO20190000130,7,2019-09-15,03:43:34,8307.36,Debit,Completed,,Loan Payment - LN2019020001456,False,,1.67,,Automated,Home Loan,standard_payment,False,loan_payment_generator,False,
TXNL201900000483,ACC0002986,IND19008991,LN2019020001462,LDO20190000262,7,2019-09-27,03:57:54,2225.57,Debit,Completed,,Loan Payment - LN2019020001462,False,,1.66,,Automated,Personal Loan,standard_payment,False,loan_payment_generator,False,
TXNL201900000484,ACC0002313,IND19000581,LN2019020001463,LDO20190000263,6,2019-09-01,03:38:03,1624.82,Debit,Completed,,Loan Payment - LN2019020001463,False,,0.58,,Automated,Home Loan,standard_payment,False,loan_payment_generator,False,
TXNL201900000485,ACC0002541,IND19004970,LN2019020001474,LDO20190000264,7,2019-09-18,02:17:10,1037.6,Debit,Completed,,Loan Payment - LN2019020001474,False,,1.25,,Automated,Home Loan,standard_payment,False,loan_payment_generator,False,
TXNL201900000486,ACC0001943,IND19008817,LN2019020001478,LDO20190000131,7,2019-09-25,04:43:41,2082.42,Debit,Completed,,Loan Payment - LN2019020001478,False,,1.72,,Automated,Vehicle Loan,standard_payment,False,loan_payment_generator,False,
TXNL201900000487,ACC0001683,IND19010211,LN2019020001483,LDO20190000265,7,2019-09-16,05:36:21,2642.7,Debit,Completed,,Loan Payment - LN2019020001483,False,,1.85,,Automated,Vehicle Loan,standard_payment,False,loan_payment_generator,True,timestamp_shift
TXNL201900000488,ACC0002525,IND19004722,LN2019020001484,LDO20190000053,7,2019-09-21,03:52:36,2876.27,Debit,Completed,,Loan Payment - LN2019020001484,False,,0.21,,Automated,Personal Loan,standard_payment,False,loan_payment_generator,False,
TXNL201900000489,ACC0002484,IND19004147,LN2019020001508,LDO20190000266,7,2019-09-20,04:47:58,1841.6,Debit,Completed,,Loan Payment - LN2019020001508,False,,1.94,,Automated,Home Loan,standard_payment,False,loan_payment_generator,False,
TXNL201900000490,ACC0003296,IND19010605,LN2019020001509,LDO20190000054,6,2019-09-01,04:28:55,1139.89,Debit,Completed,,Loan Payment - LN2019020001509,False,,0.2,,Automated,Personal Loan,standard_payment,False,loan_payment_generator,False,
TXNL201900000491,ACC0003244,IND19013831,LN2019020001511,LDO20190000267,7,2019-09-11,04:39:36,2369.53,Debit,Completed,,Loan Payment - LN2019020001511,False,,1.52,,Automated,Vehicle Loan,standard_payment,False,loan_payment_generator,False,
TXNL201900000492,ACC0002884,IND19002085,LN2019020001512,LDO20190000132,7,2019-09-22,03:23:10,415.57,Debit,Completed,,Loan Payment - LN2019020001512,False,,1.79,,Automated,Personal Loan,standard_payment,False,loan_payment_generator,False,
TXNL201900000493,ACC0001787,IND19006089,LN2019020001517,LDO20190000133,6,2019-09-05,04:32:57,5200.61,Debit,Completed,,Loan Payment - LN2019020001517,False,,0.13,,Automated,Home Loan,standard_payment,False,loan_payment_generator,False,
TXNL201900000494,ACC0002408,IND19009301,LN2019020001526,LDO20190000268,7,2019-09-16,02:40:16,5924.63,Debit,Completed,,Loan Payment - LN2019020001526,False,,0.34,,Automated,Personal Loan,standard_payment,False,loan_payment_generator,False,
TXNL201900000495,ACC0002325,IND19016171,LN2019020001529,LDO20190000269,7,2019-09-27,03:20:32,1154.7,Debit,Completed,,Loan Payment - LN2019020001529,False,,0.63,,Automated,Vehicle Loan,standard_payment,False,loan_payment_generator,False,
TXNL201900000496,ACC0002031,IND19007650,LN2019020001530,LDO20190000270,7,2019-09-28,03:51:40,2382.84,Debit,Completed,,Loan Payment - LN2019020001530,False,,0.9,,Automated,Vehicle Loan,standard_payment,False,loan_payment_generator,False,
TXNL201900000497,ACC0002674,IND19014651,LN2019020001536,LDO20190000055,7,2019-09-13,02:42:07,1251.24,Debit,Completed,,Loan Payment - LN2019020001536,False,,1.1,,Automated,Home Loan,standard_payment,False,loan_payment_generator,False,
TXNL201900000498,ACC0001964,IND19008409,LN2019020001539,LDO20190000271,7,2019-09-19,03:06:04,1350.81,Debit,Completed,,Loan Payment - LN2019020001539,False,,0.53,,Automated,Vehicle Loan,standard_payment,False,loan_payment_generator,False,
TXNL201900000499,ACC0002771,IND19011631,LN2019020001543,LDO20190000272,6,2019-09-02,02:34:50,2547.21,Debit,Failed,bank_timeout,Loan Payment - LN2019020001543,False,,1.68,,Automated,Vehicle Loan,standard_payment,False,loan_payment_generator,False,
TXNL201900000500,ACC0002828,IND19012622,LN2019020001549,LDO20190000134,7,2019-09-26,04:01:27,4329.31,Debit,Completed,,Loan Payment - LN2019020001549,False,,0.75,,Automated,Home Loan,standard_payment,False,loan_payment_generator,False,
TXNL201900000501,ACC0002736,IND19015711,LN2019020001555,LDO20190000273,6,2019-09-08,03:27:34,7311.86,Debit,Completed,,Loan Payment - LN2019020001555,False,,0.2,,Automated,Home Loan,standard_payment,False,loan_payment_generator,False,
TXNL201900000502,ACC0003106,IND19016907,LN2019020001560,LDO20190000020,6,2019-09-05,03:56:21,2506.76,Debit,Completed,,Loan Payment - LN2019020001560,False,,0.94,,Automated,Home Loan,standard_payment,False,loan_payment_generator,False,
TXNL201900000503,ACC0002358,IND19017857,LN2019020001563,LDO20190000274,6,2019-09-03,03:15:12,4140.97,Debit,Failed,account_blocked,Loan Payment - LN2019020001563,False,,0.41,,Automated,Personal Loan,standard_payment,False,loan_payment_generator,False,
TXNL201900000504,ACC0003136,IND19002072,LN2019020001570,LDO20190000021,7,2019-09-17,03:50:59,9835.07,Debit,Completed,,Loan Payment - LN2019020001570,False,,0.85,,Automated,Personal Loan,standard_payment,False,loan_payment_generator,True,amount_rounding_error
TXNL201900000505,ACC0001800,IND19010748,LN2019020001576,LDO20190000275,7,2019-09-22,02:14:18,934.85,Debit,Completed,,Loan Payment - LN2019020001576,False,,1.44,,Automated,Home Loan,standard_payment,False,loan_payment_generator,False,
TXNL201900000506,ACC0002418,IND19013797,LN2019020001588,LDO20190000276,7,2019-09-14,03:56:03,3342.99,Debit,Completed,,Loan Payment - LN20190200...,False,,0.35,,Automated,Vehicle Loan,standard_payment,False,loan_payment_generator,True,truncated_description
TXNL201900000507,ACC0002407,IND19009301,LN2019020001589,LDO20190000277,6,2019-09-02,03:26:45,867.02,Debit,Completed,,Loan Payment - LN2019020001589,False,,1.44,,Automated,Home Loan,standard_payment,False,loan_payment_generator,False,
TXNL201900000508,ACC0002729,IND19003746,LN2019020001596,LDO20190000278,6,2019-09-04,03:55:47,992.54,Debit,Completed,,Loan Payment - LN2019020001596,False,,0.3,,Automated,Home Loan,standard_payment,False,loan_payment_generator,False,
TXNL201900000509,ACC0003379,COM19000033,LN2019020001598,LDO20190000279,7,2019-09-16,03:24:06,7293.75,Debit,Failed,account_blocked,Loan Payment - LN2019020001598,False,,1.95,,Automated,Business Loan,standard_payment,False,loan_payment_generator,False,
TXNL201900000510,ACC0002504,IND19013977,LN2019020001601,LDO20190000135,6,2019-09-02,02:54:46,12076.83,Debit,Completed,,Loan Payment - LN2019020001601,False,,0.37,,Automated,Personal Loan,standard_payment,False,loan_payment_generator,False,
TXNL201900000511,ACC0002096,IND19003254,LN2019020001615,LDO20190000136,7,2019-09-26,02:49:59,5224.83,Debit,Completed,,Loan Payment - LN2019020001615,False,,0.98,,Automated,Personal Loan,standard_payment,False,loan_payment_generator,False,
TXNL201900000512,ACC0002510,IND19002274,LN2019020001617,LDO20190000137,7,2019-09-27,03:37:20,2228.21,Debit,Completed,,Loan Payment - LN2019020001617,False,,0.66,,Automated,Home Loan,standard_payment,False,loan_payment_generator,False,
TXNL201900000513,ACC0001705,IND19014082,LN2019020001618,LDO20190000057,7,2019-09-22,04:06:11,1736.23,Debit,Completed,,Loan Payment - LN2019020001618,False,,0.5,,Automated,Home Loan,standard_payment,False,loan_payment_generator,False,
TXNL201900000514,ACC0002822,IND19006281,LN2019020001622,LDO20190000280,6,2019-09-02,02:27:31,4500.29,Debit,Completed,,Loan Payment - LN2019020001622,False,,0.45,,Automated,Vehicle Loan,standard_payment,False,loan_payment_generator,False,
TXNL201900000515,ACC0005214,IND19006678,LN2019030000006,LDO20190000022,6,2019-09-12,04:47:50,3968.84,Debit,Completed,,Loan Payment - LN2019030000006,False,,1.51,,Automated,Home Loan,standard_payment,False,loan_payment_generator,False,
TXNL201900000516,ACC0003560,IND19010424,LN2019030000010,LDO20190000281,6,2019-09-18,03:11:48,1231.21,Debit,Completed,,Loan Payment - LN2019030000010,False,,1.89,,Automated,Home Loan,standard_payment,False,loan_payment_generator,False,
TXNL201900000517,ACC0004191,IND19015053,LN2019030000012,LDO20190000009,6,2019-09-13,04:28:19,670.56,Debit,Completed,,Loan Payment - LN2019030000012,False,,1.08,,Automated,Home Loan,standard_payment,False,loan_payment_generator,False,
TXNL201900000518,ACC0005240,IND19010259,LN2019030000015,LDO20190000282,6,2019-09-14,04:14:37,408.33,Debit,Completed,,Loan Payment - LN2019030000015,False,,0.24,,Automated,Home Loan,standard_payment,False,loan_payment_generator,False,
TXNL201900000519,ACC0004297,IND19005893,LN2019030000018,LDO20190000138,6,2019-09-16,03:01:32,4410.15,Debit,Completed,,Loan Payment - LN2019030000018,False,,1.32,,Automated,Home Loan,standard_payment,False,loan_payment_generator,False,
TXNL201900000520,ACC0004260,IND19001236,LN2019030000027,LDO20190000283,5,2019-09-01,04:41:34,646.24,Debit,Completed,,Loan Payment - LN2019030000027,False,,1.04,,Automated,Home Loan,standard_payment,False,loan_payment_generator,False,
TXNL201900000521,ACC0004727,IND19005207,LN2019030000029,LDO20190000284,6,2019-09-14,02:53:03,4512.25,Debit,Completed,,Loan Payment - LN2019030000029,False,,1.33,,Automated,Home Loan,standard_payment,False,loan_payment_generator,False,
TXNL201900000522,ACC0003650,IND19018294,LN2019030000031,LDO20190000285,6,2019-09-28,03:17:48,2710.55,Debit,Completed,,Loan Payment - LN2019030000031,False,,0.83,,Automated,Personal Loan,standard_payment,False,loan_payment_generator,False,
TXNL201900000523,ACC0004333,IND19009236,LN2019030000032,LDO20190000286,6,2019-09-24,03:10:30,2007.71,Debit,Completed,,Loan Payment - LN2019030000032,False,,0.05,,Automated,Home Loan,standard_payment,False,loan_payment_generator,False,
TXNL201900000524,ACC0004076,IND19009083,LN2019030000034,LDO20190000287,6,2019-09-24,02:13:33,1651.88,Debit,Completed,,Loan Payment - LN2019030000034,False,,0.42,,Automated,Personal Loan,standard_payment,False,loan_payment_generator,False,
TXNL201900000525,ACC0004876,IND19008354,LN2019030000035,LDO20190000058,5,2019-09-07,02:03:51,6265.24,Debit,Completed,,Loan Payment - LN2019030000035,False,,1.12,,Automated,Vehicle Loan,standard_payment,False,loan_payment_generator,False,
TXNL201900000526,ACC0003564,IND19020414,LN2019030000036,LDO20190000139,6,2019-09-23,02:28:21,3232.58,Debit,Completed,,Loan Payment - LN2019030000036,False,,0.48,,Automated,Vehicle Loan,standard_payment,False,loan_payment_generator,False,
TXNL201900000527,ACC0003537,IND19010522,LN2019030000043,LDO20190000288,5,2019-09-13,04:59:19,2859.03,Debit,Completed,,Loan Payment - LN2019030000043,False,,1.96,,Automated,Personal Loan,standard_payment,False,loan_payment_generator,False,
TXNL201900000528,ACC0004528,IND19009624,LN2019030000050,LDO20190000289,6,2019-09-26,03:34:09,3461.37,Debit,Completed,,Loan Payment - LN2019030000050,False,,0.12,,Automated,Home Loan,standard_payment,False,loan_payment_generator,False,
TXNL201900000529,ACC0003910,IND19014211,LN2019030000051,LDO20190000140,6,2019-09-28,02:14:00,1157.14,Debit,Completed,,Loan Payment - LN2019030000051,False,,1.16,,Automated,Personal Loan,standard_payment,False,loan_payment_generator,False,
TXNL201900000530,ACC0005435,IND19007350,LN2019030000052,LDO20190000290,6,2019-09-30,03:02:31,7080.32,Debit,Completed,,Loan Payment - LN2019030000052 - Extra Principal,False,,1.72,,Automated,Home Loan,extra_payment,False,loan_payment_generator,False,
TXNL201900000531,ACC0004853,IND19015189,LN2019030000054,LDO20190000291,6,2019-09-23,04:03:39,5218.47,Debit,Completed,,Loan Payment - LN2019030000054,False,,1.03,,Automated,Home Loan,standard_payment,False,loan_payment_generator,False,
TXNL201900000532,ACC0003436,IND19020844,LN2019030000059,LDO20190000141,6,2019-09-15,02:26:52,4783.25,Debit,Completed,,Loan Payment - LN2019030000059,False,,1.7,,Automated,Personal Loan,standard_payment,False,loan_payment_generator,False,
TXNL201900000533,ACC0005280,IND19003896,LN2019030000063,LDO20190000142,6,2019-09-18,03:05:53,5642.92,Debit,Completed,,Loan Payment - LN2019030000063,False,,0.05,,Automated,Home Loan,standard_payment,False,loan_payment_generator,False,
TXNL201900000534,ACC0003719,IND19005540,LN2019030000068,LDO20190000292,6,2019-09-11,02:24:46,1371.54,Debit,Completed,,Loan Payment - LN2019030000068 - Partial,False,,1.0,,Automated,Home Loan,partial_payment,False,loan_payment_generator,False,
TXNL201900000535,ACC0005297,IND19006641,LN2019030000078,LDO20190000293,5,2019-09-03,02:07:23,1346.58,Debit,Completed,,Loan Payment - LN2019030000078,False,,1.91,,Automated,Home Loan,standard_payment,False,loan_payment_generator,False,
TXNL201900000536,ACC0005434,IND19003857,LN2019030000087,LDO20190000143,5,2019-09-06,04:01:53,3782.18,Debit,Completed,,Loan Payment - LN2019030000087 - Late Fee,False,,1.03,,Automated,Personal Loan,late_payment,False,loan_payment_generator,False,
TXNL201900000537,ACC0003574,IND19015788,LN2019030000089,LDO20190000010,5,2019-09-10,03:08:54,603.11,Debit,Completed,,Loan Payment - LN2019030000089,False,,0.8,,Automated,Home Loan,standard_payment,False,loan_payment_generator,False,
TXNL201900000538,ACC0003832,IND19007607,LN2019030000092,LDO20190000023,6,2019-09-27,02:39:31,1185.01,Debit,Completed,,Loan Payment - LN2019030000092,False,,1.33,,Automated,Home Loan,standard_payment,False,loan_payment_generator,False,
TXNL201900000539,ACC0003996,IND19020718,LN2019030000102,LDO20190000144,5,2019-09-07,04:34:34,2617.61,Debit,Completed,,Loan Payment - LN2019030000102,False,,0.96,,Automated,Personal Loan,standard_payment,False,loan_payment_generator,False,
TXNL201900000540,ACC0005190,IND19012666,LN2019030000109,LDO20190000294,6,2019-09-21,04:00:07,1260.43,Debit,Completed,,Loan Payment - LN2019030000109,False,,0.6,,Automated,Personal Loan,standard_payment,False,loan_payment_generator,False,
TXNL201900000541,ACC0004198,IND19011595,LN2019030000116,LDO20190000145,5,2019-09-07,03:40:47,7124.67,Debit,Completed,,Loan Payment - LN2019030000116,False,,0.71,,Automated,Vehicle Loan,standard_payment,False,loan_payment_generator,False,
TXNL201900000542,ACC0005254,IND19003949,LN2019030000117,LDO20190000295,6,2019-09-24,03:09:06,2381.58,Debit,Completed,,Loan Payment - LN2019030000117 - Partial,False,,0.8,,Automated,Home Loan,partial_payment,False,loan_payment_generator,False,
TXNL201900000543,ACC0004543,IND19009335,LN2019030000134,LDO20190000146,5,2019-09-07,03:40:12,1932.17,Debit,Completed,,Loan Payment - LN2019030000134,False,,1.75,,Automated,Vehicle Loan,standard_payment,False,loan_payment_generator,False,
TXNL201900000544,ACC0003783,IND19008845,LN2019030000144,LDO20190000147,6,2019-09-29,03:37:04,14083.23,Debit,Completed,,Loan Payment - LN2019030000144,False,,1.43,,Automated,Personal Loan,standard_payment,False,loan_payment_generator,False,
TXNL201900000545,ACC0004243,IND19015877,LN2019030000176,LDO20190000296,6,2019-09-16,02:32:07,2758.64,Debit,Completed,,Loan Payment - LN2019030000176,False,,1.4,,Automated,Personal Loan,standard_payment,False,loan_payment_generator,False,
TXNL201900000546,ACC0004115,IND19003240,LN2019030000182,LDO20190000148,6,2019-09-15,04:41:52,912.65,Debit,Completed,,Loan Payment - LN2019030000182,False,,1.0,,Automated,Home Loan,standard_payment,False,loan_payment_generator,False,
TXNL201900000547,ACC0004317,IND19004320,LN2019030000205,LDO20190000297,6,2019-09-24,04:33:54,3118.87,Debit,Failed,account_blocked,Loan Payment - LN2019030000205,False,,1.2,,Automated,Home Loan,standard_payment,False,loan_payment_generator,False,
TXNL201900000548,ACC0003889,IND19005638,LN2019030000206,LDO20190000298,6,2019-09-13,02:16:19,2546.03,Debit,Completed,,Loan Payment - LN2019030000206,False,,0.45,,Automated,Home Loan,standard_payment,False,loan_payment_generator,False,
TXNL201900000549,ACC0003504,IND19009407,LN2019030000214,LDO20190000149,5,2019-09-02,04:40:55,793.29,Debit,Completed,,Loan Payment - LN2019030000214,False,,0.59,,Automated,Home Loan,standard_payment,False,loan_payment_generator,False,
TXNL201900000550,ACC0004957,IND19010591,LN2019030000220,LDO20190000150,6,2019-09-20,04:48:23,425.06,Debit,Completed,,Loan Payment - LN2019030000220,False,,0.62,,Automated,Home Loan,standard_payment,False,loan_payment_generator,False,
TXNL201900000551,ACC0004931,IND19015369,LN2019030000222,LDO20190000059,6,2019-09-08,03:54:12,1855.82,Debit,Failed,insufficient_funds,Loan Payment - LN2019030000222,False,,1.67,,Automated,Vehicle Loan,standard_payment,False,loan_payment_generator,False,
TXNL201900000552,ACC0005492,COM19000191,LN2019030000225,LDO20190000299,6,2019-09-19,04:04:32,20294.46,Debit,Completed,,Loan Payment - LN2019030000225,False,,2.0,,Automated,Business Loan,standard_payment,False,loan_payment_generator,False,
TXNL201900000553,ACC0004498,IND19007097,LN2019030000226,LDO20190000151,6,2019-09-20,03:38:05,694.36,Debit,Completed,,Loan Payment - LN2019030000226,False,,0.45,,Automated,Home Loan,standard_payment,False,loan_payment_generator,False,
TXNL201900000554,ACC0004313,IND19007231,LN2019030000240,LDO20190000300,6,2019-09-30,02:08:20,2440.91,Debit,Completed,,Loan Payment - LN2019030000240,False,,1.11,,Automated,Personal Loan,standard_payment,False,loan_payment_generator,False,
TXNL201900000555,ACC0005176,IND19003245,LN2019030000244,LDO20190000301,5,2019-09-01,03:40:45,961.72,Debit,Completed,,Loan Payment - LN2019030000244,False,,1.77,,Automated,Personal Loan,standard_payment,False,loan_payment_generator,False,
TXNL201900000556,ACC0005322,IND19021056,LN2019030000246,LDO20190000060,6,2019-09-11,03:51:10,389.34,Debit,Completed,,Loan Payment - LN2019030000246,False,,0.79,,Automated,Home Loan,standard_payment,False,loan_payment_generator,False,
TXNL201900000557,ACC0004245,IND19019206,LN2019030000252,LDO20190000302,6,2019-09-30,02:22:01,665.84,Debit,Completed,,Loan Payment - LN2019030000252 - Partial,False,,1.53,,Automated,Home Loan,partial_payment,False,loan_payment_generator,False,
TXNL201900000558,ACC0004054,IND19013514,LN2019030000253,LDO20190000061,6,2019-09-14,03:33:36,1889.88,Debit,Completed,,Loan Payment - LN2019030000253 - Partial,False,,1.48,,Automated,Personal Loan,partial_payment,False,loan_payment_generator,False,
TXNL201900000559,ACC0005457,IND19006688,LN2019030000254,LDO20190000303,5,2019-09-01,03:14:11,3642.53,Debit,Completed,,Loan Payment - LN2019030000254,False,,1.76,,Automated,Home Loan,standard_payment,False,loan_payment_generator,False,
TXNL201900000560,ACC0003512,IND19003923,LN2019030000262,LDO20190000304,6,2019-09-13,04:41:45,1179.33,Debit,Failed,account_blocked,Loan Payment - LN2019030000262,False,,0.2,,Automated,Home Loan,standard_payment,False,loan_payment_generator,False,
TXNL201900000561,ACC0005494,COM19000146,LN2019030000264,LDO20190000152,6,2019-09-16,04:44:11,3852.3,Debit,Completed,,Loan Payment - LN2019030000264,False,,1.02,,Automated,Business Loan,standard_payment,False,loan_payment_generator,False,
TXNL201900000562,ACC0003703,IND19020177,LN2019030000293,LDO20190000305,5,2019-09-02,02:42:28,12021.31,Debit,Completed,,Loan Payment - LN2019030000293,False,,1.43,,Automated,Personal Loan,standard_payment,False,loan_payment_generator,False,
TXNL201900000563,ACC0004383,IND19004128,LN2019030000294,LDO20190000306,6,2019-09-28,03:26:03,7204.7,Debit,Completed,,Loan Payment - LN2019030000294,False,,1.14,,Automated,Vehicle Loan,standard_payment,False,loan_payment_generator,False,
TXNL201900000564,ACC0004854,IND19020108,LN2019030000298,LDO20190000307,6,2019-09-23,04:26:54,2850.47,Debit,Completed,,Loan Payment - LN2019030000298,False,,1.02,,Automated,Home Loan,standard_payment,False,loan_payment_generator,False,
TXNL201900000565,ACC0003435,IND19000025,LN2019030000305,LDO20190000062,6,2019-09-11,03:52:48,3683.48,Debit,Completed,,Loan Payment - LN2019030000305,False,,1.02,,Automated,Personal Loan,standard_payment,False,loan_payment_generator,False,
TXNL201900000566,ACC0004999,IND19020592,LN2019030000308,LDO20190000308,6,2019-09-29,03:47:23,3832.58,Debit,Completed,,Loan Payment - LN2019030000308,False,,1.61,,Automated,Vehicle Loan,standard_payment,False,loan_payment_generator,False,
TXNL201900000567,ACC0003973,IND19002029,LN2019030000312,LDO20190000309,6,2019-09-13,03:33:57,2329.36,Debit,Completed,,Loan Payment - LN2019030000312,False,,1.04,,Automated,Home Loan,standard_payment,False,loan_payment_generator,False,
TXNL201900000568,ACC0003767,IND19010272,LN2019030000318,LDO20190000310,5,2019-09-05,03:00:16,675.48,Debit,Completed,,Loan Payment - LN2019030000318,False,,0.85,,Automated,Vehicle Loan,standard_payment,False,loan_payment_generator,False,
TXNL201900000569,ACC0003411,IND19008372,LN2019030000339,LDO20190000311,6,2019-09-27,03:16:39,6184.7,Debit,Completed,,Loan Payment - LN2019030000339,False,,1.38,,Automated,Home Loan,standard_payment,False,loan_payment_generator,False,
TXNL201900000570,ACC0004732,IND19004385,LN2019030000342,LDO20190000312,6,2019-09-16,04:59:55,3272.19,Debit,Completed,,Loan Payment - LN2019030000342,False,,1.6,,Automated,Personal Loan,standard_payment,False,loan_payment_generator,False,
TXNL201900000571,ACC0003793,IND19002358,LN2019030000343,LDO20190000313,6,2019-09-28,03:18:58,1665.66,Debit,Completed,,Loan Payment - LN2019030000343,False,,0.37,,Automated,Home Loan,standard_payment,False,loan_payment_generator,False,
TXNL201900000572,ACC0004289,IND19009614,LN2019030000347,LDO20190000011,6,2019-09-25,02:55:40,1961.73,Debit,Completed,,Loan Payment - LN20190300...,False,,1.64,,Automated,Vehicle Loan,standard_payment,False,loan_payment_generator,True,truncated_description
TXNL201900000573,ACC0003432,IND19001478,LN2019030000356,LDO20190000063,6,2019-09-16,02:13:31,4521.58,Debit,Completed,,Loan Payment - LN2019030000356,False,,1.22,,Automated,Home Loan,standard_payment,False,loan_payment_generator,False,
TXNL201900000574,ACC0004762,IND19013396,LN2019030000360,LDO20190000024,6,2019-09-15,03:50:41,372.36,Debit,Completed,,Loan Payment - LN2019030000360 - Extra Principal,False,,1.84,,Automated,Home Loan,extra_payment,False,loan_payment_generator,False,
TXNL201900000575,ACC0004160,IND19003283,LN2019030000368,LDO20190000153,6,2019-09-20,03:24:04,1637.76,Debit,Completed,,Loan Payment - LN2019030000368,False,,1.87,,Automated,Home Loan,standard_payment,False,loan_payment_generator,False,
TXNL201900000576,ACC0003795,IND19016035,LN2019030000389,LDO20190000314,5,2019-09-07,04:52:04,1753.46,Debit,Completed,,Loan Payment - LN2019030000389,False,,1.66,,Automated,Vehicle Loan,standard_payment,False,loan_payment_generator,False,
TXNL201900000577,ACC0003732,IND19022003,LN2019030000395,LDO20190000315,6,2019-09-11,05:00:49,3122.53,Debit,Completed,,Loan Payment - LN2019030000395,False,,1.7,,Automated,Vehicle Loan,standard_payment,False,loan_payment_generator,True,timestamp_shift
TXNL201900000578,ACC0004759,IND19011023,LN2019030000399,LDO20190000316,6,2019-09-21,04:19:42,3069.35,Debit,Completed,,Loan Payment - LN2019030000399,False,,0.43,,Automated,Home Loan,standard_payment,False,loan_payment_generator,False,
TXNL201900000579,ACC0005107,IND19001030,LN2019030000413,LDO20190000317,5,2019-09-01,04:32:50,1073.05,Debit,Completed,,Loan Payment - LN2019030000413,False,,1.28,,Automated,Home Loan,standard_payment,False,loan_payment_generator,False,
TXNL201900000580,ACC0004831,IND19016980,LN2019030000414,LDO20190000064,5,2019-09-02,04:18:25,377.57,Debit,Completed,,Loan Payment - LN2019030000414,False,,0.37,,Automated,Home Loan,standard_payment,False,loan_payment_generator,False,
TXNL201900000581,ACC0004143,IND19017809,LN2019030000422,LDO20190000318,6,2019-09-14,04:37:16,3694.88,Debit,Completed,,Loan Payment - LN2019030000422,False,,1.47,,Automated,Home Loan,standard_payment,False,loan_payment_generator,False,
TXNL201900000582,ACC0004881,IND19013014,LN2019030000423,LDO20190000319,6,2019-09-30,03:14:45,8207.83,Debit,Completed,,Loan Payment - LN2019030000423,False,,0.54,,Automated,Personal Loan,standard_payment,False,loan_payment_generator,False,
TXNL201900000583,ACC0003542,IND19013270,LN2019030000426,LDO20190000012,6,2019-09-24,04:45:52,2105.9,Debit,Completed,,Loan Payment - LN2019030000426,False,,0.21,,Automated,Home Loan,standard_payment,False,loan_payment_generator,False,
TXNL201900000584,ACC0004035,IND19006264,LN2019030000433,LDO20190000320,6,2019-09-30,04:11:08,3407.66,Debit,Completed,,Loan Payment - LN2019030000433,False,,0.04,,Automated,Home Loan,standard_payment,False,loan_payment_generator,False,
TXNL201900000585,ACC0005171,IND19010534,LN2019030000456,LDO20190000065,6,2019-09-15,03:12:04,3151.81,Debit,Completed,,Loan Payment - LN2019030000456,False,,1.59,,Automated,Home Loan,standard_payment,False,loan_payment_generator,False,
TXNL201900000586,ACC0004100,IND19019312,LN2019030000465,LDO20190000321,6,2019-09-28,04:37:09,2713.08,Debit,Completed,,Loan Payment - LN2019030000465,False,,0.19,,Automated,Home Loan,standard_payment,False,loan_payment_generator,False,
TXNL201900000587,ACC0005123,IND19004145,LN2019030000478,LDO20190000066,6,2019-09-29,04:46:33,3191.8,Debit,Completed,,Loan Payment - LN2019030000478,False,,0.76,,Automated,Vehicle Loan,standard_payment,False,loan_payment_generator,False,
TXNL201900000588,ACC0004905,IND19004211,LN2019030000480,LDO20190000322,6,2019-09-29,04:34:13,811.82,Debit,Completed,,Loan Payment - LN2019030000480,False,,0.64,,Automated,Home Loan,standard_payment,False,loan_payment_generator,False,
TXNL201900000589,ACC0003971,IND19011002,LN2019030000484,LDO20190000025,6,2019-09-15,02:34:52,1780.54,Debit,Completed,,Loan Payment - LN2019030000484,False,,1.52,,Automated,Home Loan,standard_payment,False,loan_payment_generator,False,
TXNL201900000590,ACC0003590,IND19002386,LN2019030000486,LDO20190000323,5,2019-09-01,02:21:59,6097.57,Debit,Completed,,Loan Payment - LN2019030000486,False,,1.42,,Automated,Personal Loan,standard_payment,False,loan_payment_generator,False,
TXNL201900000591,ACC0004485,IND19003032,LN2019030000487,LDO20190000154,6,2019-09-18,02:28:54,3080.68,Debit,Completed,,Loan Payment - LN2019030000487,False,,0.33,,Automated,Vehicle Loan,standard_payment,False,loan_payment_generator,False,
TXNL201900000592,ACC0005367,IND19019184,LN2019030000489,LDO20190000067,6,2019-09-27,02:51:46,5880.12,Debit,Completed,,Loan Payment - LN2019030000489,False,,0.07,,Automated,Home Loan,standard_payment,False,loan_payment_generator,False,
TXNL201900000593,ACC0004563,IND19000327,LN2019030000505,LDO20190000068,5,2019-09-05,02:53:30,408.5,Debit,Completed,,Loan Payment - LN20190300...,False,,1.46,,Automated,Home Loan,standard_payment,False,loan_payment_generator,True,truncated_description
TXNL201900000594,ACC0005365,IND19011964,LN2019030000511,LDO20190000324,5,2019-09-06,02:25:40,2380.04,Debit,Cancelled,customer_stop_instruction,Loan Payment - LN2019030000511 - Extra Principal,False,,0.49,,Automated,Vehicle Loan,extra_payment,False,loan_payment_generator,False,
TXNL201900000595,ACC0004943,IND19018779,LN2019030000527,LDO20190000069,5,2019-09-05,02:50:33,1896.96,Debit,Completed,,Loan Payment - LN2019030000527,False,,1.98,,Automated,Vehicle Loan,standard_payment,False,loan_payment_generator,False,
TXNL201900000596,ACC0003885,IND19019580,LN2019030000538,LDO20190000070,6,2019-09-17,04:29:59,1588.95,Debit,Completed,,Loan Payment - LN2019030000538 - Extra Principal,False,,1.5,,Automated,Vehicle Loan,extra_payment,False,loan_payment_generator,False,
TXNL201900000597,ACC0004102,IND19007126,LN2019030000546,LDO20190000325,5,2019-09-11,03:49:54,2355.49,Debit,Completed,,Loan Payment - LN2019030000546,False,,0.49,,Automated,Home Loan,standard_payment,False,loan_payment_generator,False,
TXNL201900000598,ACC0005234,IND19005109,LN2019030000563,LDO20190000326,6,2019-09-23,02:08:59,935.48,Debit,Completed,,Loan Payment - LN2019030000563,False,,1.15,,Automated,Home Loan,standard_payment,False,loan_payment_generator,False,
TXNL201900000599,ACC0003442,IND19005647,LN2019030000593,LDO20190000327,5,2019-09-01,03:31:59,370.02,Debit,Completed,,Loan Payment - LN2019030000593,False,,0.55,,Automated,Home Loan,standard_payment,False,loan_payment_generator,False,
TXNL201900000600,ACC0004163,IND19003743,LN2019030000595,LDO20190000071,6,2019-09-17,04:52:30,4104.03,Debit,Completed,,Loan Payment - LN2019030000595,False,,0.03,,Automated,Home Loan,standard_payment,False,loan_payment_generator,False,
TXNL201900000601,ACC0004850,IND19016373,LN2019030000608,LDO20190000002,6,2019-09-24,04:34:04,3509.24,Debit,Completed,,Loan Payment - LN2019030000608,False,,0.05,,Automated,Home Loan,standard_payment,False,loan_payment_generator,False,
TXNL201900000602,ACC0005089,IND19015343,LN2019030000613,LDO20190000155,5,2019-09-06,04:08:17,1443.63,Debit,Completed,,Loan Payment - LN2019030000613,False,,1.27,,Automated,Home Loan,standard_payment,False,loan_payment_generator,False,
TXNL201900000603,ACC0004856,IND19002897,LN2019030000628,LDO20190000072,6,2019-09-21,04:26:52,2410.33,Debit,Completed,,Loan Payment - LN20190300...,False,,1.47,,Automated,Home Loan,standard_payment,False,loan_payment_generator,True,truncated_description
TXNL201900000604,ACC0004133,IND19012062,LN2019030000629,LDO20190000328,5,2019-09-04,04:18:56,1136.06,Debit,Completed,,Loan Payment - LN2019030000629,False,,0.69,,Automated,Vehicle Loan,standard_payment,False,loan_payment_generator,False,
TXNL201900000605,ACC0003398,IND19003354,LN2019030000639,LDO20190000013,6,2019-09-14,04:04:46,742.62,Debit,Completed,,Loan Payment - LN2019030000639,False,,0.15,,Automated,Home Loan,standard_payment,False,loan_payment_generator,False,
TXNL201900000606,ACC0004410,IND19002499,LN2019030000650,LDO20190000329,6,2019-09-18,03:46:58,629.65,Debit,Completed,,Loan Payment - LN2019030000650,False,,0.67,,Automated,Home Loan,standard_payment,False,loan_payment_generator,False,
TXNL201900000607,ACC0005331,IND19003950,LN2019030000652,LDO20190000156,6,2019-09-18,02:29:33,1251.31,Debit,Completed,,Loan Payment - LN2019030000652,False,,1.13,,Automated,Home Loan,standard_payment,False,loan_payment_generator,False,
TXNL201900000608,ACC0003458,IND19000548,LN2019030000662,LDO20190000330,6,2019-09-15,04:56:10,509.06,Debit,Completed,,Loan Payment - LN2019030000662,False,,1.46,,Automated,Home Loan,standard_payment,False,loan_payment_generator,False,
TXNL201900000609,ACC0004095,IND19021972,LN2019030000699,LDO20190000331,5,2019-09-11,04:18:40,3624.76,Debit,Completed,,Loan Payment - LN2019030000699 - Late Fee,False,,1.28,,Automated,Home Loan,late_payment,False,loan_payment_generator,False,
TXNL201900000610,ACC0004851,IND19016373,LN2019030000704,LDO20190000332,6,2019-09-15,03:46:58,3630.42,Debit,Completed,,Loan Payment - LN2019030000704,False,,1.28,,Automated,Home Loan,standard_payment,False,loan_payment_generator,False,
TXNL201900000611,ACC0004798,IND19001595,LN2019030000710,LDO20190000333,6,2019-09-19,03:17:16,2364.4,Debit,Completed,,Loan Payment - LN2019030000710,False,,1.46,,Automated,Personal Loan,standard_payment,False,loan_payment_generator,False,
TXNL201900000612,ACC0005080,IND19012507,LN2019030000732,LDO20190000334,6,2019-09-19,02:51:55,1451.71,Debit,Completed,,Loan Payment - LN2019030000732,False,,1.85,,Automated,Vehicle Loan,standard_payment,False,loan_payment_generator,False,
TXNL201900000613,ACC0003886,IND19007018,LN2019030000738,LDO20190000335,6,2019-09-10,04:25:00,2040.92,Debit,Completed,,Loan Payment - LN2019030000738,False,,0.97,,Automated,Home Loan,standard_payment,False,loan_payment_generator,False,
TXNL201900000614,ACC0004739,IND19009716,LN2019030000745,LDO20190000073,6,2019-09-22,02:41:27,8366.42,Debit,Completed,,Loan Payment - LN2019030000745,False,,1.75,,Automated,Personal Loan,standard_payment,False,loan_payment_generator,False,
TXNL201900000615,ACC0004713,IND19001899,LN2019030000749,LDO20190000336,6,2019-09-28,03:23:20,1217.16,Debit,Failed,insufficient_funds,Loan Payment - LN2019030000749,False,,1.69,,Automated,Vehicle Loan,standard_payment,False,loan_payment_generator,False,
TXNL201900000616,ACC0003871,IND19011064,LN2019030000751,LDO20190000337,6,2019-09-26,04:48:20,3351.35,Debit,Completed,,Loan Payment - LN2019030000751,False,,0.91,,Automated,Personal Loan,standard_payment,False,loan_payment_generator,False,
TXNL201900000617,ACC0004122,IND19018258,LN2019030000752,LDO20190000338,6,2019-09-27,04:13:34,2018.83,Debit,Completed,,Loan Payment - LN2019030000752,False,,1.69,,Automated,Personal Loan,standard_payment,False,loan_payment_generator,False,
TXNL201900000618,ACC0004315,IND19020579,LN2019030000764,LDO20190000074,6,2019-09-30,04:56:37,5109.64,Debit,Completed,,Loan Payment - LN2019030000764,False,,0.81,,Automated,Vehicle Loan,standard_payment,False,loan_payment_generator,False,
TXNL201900000619,ACC0004568,IND19007459,LN2019030000765,LDO20190000339,6,2019-09-17,02:15:39,860.28,Debit,Completed,,Loan Payment - LN2019030000765,False,,0.24,,Automated,Vehicle Loan,standard_payment,False,loan_payment_generator,False,
TXNL201900000620,ACC0004891,IND19011397,LN2019030000770,LDO20190000340,6,2019-09-30,03:00:48,10199.57,Debit,Completed,,Loan Payment - LN2019030000770 - Partial,False,,0.3,,Automated,Personal Loan,partial_payment,False,loan_payment_generator,False,
TXNL201900000621,ACC0004205,IND19012175,LN2019030000772,LDO20190000341,6,2019-09-30,02:48:11,2903.82,Debit,Completed,,Loan Payment - LN2019030000772,False,,0.84,,Automated,Personal Loan,standard_payment,False,loan_payment_generator,False,
TXNL201900000622,ACC0005053,IND19002529,LN2019030000776,LDO20190000342,6,2019-09-14,03:13:48,14111.31,Debit,Completed,,Loan Payment - LN2019030000776,False,,0.49,,Automated,Personal Loan,standard_payment,False,loan_payment_generator,False,
TXNL201900000623,ACC0004917,IND19005268,LN2019030000803,LDO20190000157,5,2019-09-01,04:54:58,696.08,Debit,Completed,,Loan Payment - LN2019030000803,False,,0.05,,Automated,Home Loan,standard_payment,False,loan_payment_generator,False,
TXNL201900000624,ACC0005328,IND19008718,LN2019030000808,LDO20190000343,6,2019-09-25,02:25:59,4147.8,Debit,Completed,,Loan Payment - LN2019030000808,False,,0.83,,Automated,Personal Loan,standard_payment,False,loan_payment_generator,False,
TXNL201900000625,ACC0003952,IND19009408,LN2019030000819,LDO20190000344,6,2019-09-29,03:28:24,914.66,Debit,Completed,,Loan Payment - LN2019030000819,False,,1.56,,Automated,Personal Loan,standard_payment,False,loan_payment_generator,True,amount_rounding_error
TXNL201900000626,ACC0004092,IND19016262,LN2019030000827,LDO20190000345,6,2019-09-07,04:33:21,3163.68,Debit,Completed,,Loan Payment - LN2019030000827,False,,0.72,,Automated,Personal Loan,standard_payment,False,loan_payment_generator,False,
TXNL201900000627,ACC0004028,IND19019126,LN2019030000839,LDO20190000158,6,2019-09-30,02:13:00,1660.76,Debit,Completed,,Loan Payment - LN2019030000839,False,,0.54,,Automated,Personal Loan,standard_payment,False,loan_payment_generator,False,
TXNL201900000628,ACC0003412,IND19008372,LN2019030000858,LDO20190000346,6,2019-09-22,02:33:52,4538.44,Debit,Failed,daily_limit_exceeded,Loan Payment - LN2019030000858 - Partial,False,,1.2,,Automated,Home Loan,partial_payment,False,loan_payment_generator,False,
TXNL201900000629,ACC0004006,IND19015397,LN2019030000860,LDO20190000347,6,2019-09-13,03:22:01,2582.91,Debit,Completed,,Loan Payment - LN2019030000860,False,,0.53,,Automated,Home Loan,standard_payment,False,loan_payment_generator,False,
TXNL201900000630,ACC0004770,IND19006156,LN2019030000861,LDO20190000075,6,2019-09-30,02:36:51,2777.34,Debit,Completed,,Loan Payment - LN2019030000861,False,,0.61,,Automated,Home Loan,standard_payment,False,loan_payment_generator,False,
TXNL201900000631,ACC0004127,IND19020564,LN2019030000866,LDO20190000026,6,2019-09-13,04:55:02,2562.37,Debit,Completed,,Loan Payment - LN2019030000866,False,,0.87,,Automated,Home Loan,standard_payment,False,loan_payment_generator,False,
TXNL201900000632,ACC0004449,IND19013613,LN2019030000884,LDO20190000348,6,2019-09-21,02:48:21,13938.2,Debit,Completed,,Loan Payment - LN2019030000884,False,,1.43,,Automated,Personal Loan,standard_payment,False,loan_payment_generator,False,
TXNL201900000633,ACC0003691,IND19004793,LN2019030000885,LDO20190000349,5,2019-09-10,03:24:18,1783.13,Debit,Completed,,Loan Payment - LN2019030000885,False,,1.97,,Automated,Home Loan,standard_payment,False,loan_payment_generator,False,
TXNL201900000634,ACC0005495,COM19000146,LN2019030000888,LDO20190000159,6,2019-09-24,03:39:12,13163.51,Debit,Completed,,Loan Payment - LN2019030000888,False,,0.09,,Automated,Business Loan,standard_payment,False,loan_payment_generator,False,
TXNL201900000635,ACC0004026,IND19017212,LN2019030000890,LDO20190000350,6,2019-09-17,03:23:57,2107.44,Debit,Failed,insufficient_funds,Loan Payment - LN2019030000890,False,,0.85,,Automated,Vehicle Loan,standard_payment,False,loan_payment_generator,False,
TXNL201900000636,ACC0003746,IND19003798,LN2019030000894,LDO20190000160,5,2019-09-06,04:27:42,13058.31,Debit,Completed,,Loan Payment - LN2019030000894,False,,1.6,,Automated,Personal Loan,standard_payment,False,loan_payment_generator,False,
TXNL201900000637,ACC0005017,IND19013167,LN2019030000895,LDO20190000351,6,2019-09-14,04:55:53,1365.26,Debit,Completed,,Loan Payment - LN2019030000895,False,,0.54,,Automated,Personal Loan,standard_payment,False,loan_payment_generator,False,
TXNL201900000638,ACC0003894,IND19000111,LN2019030000903,LDO20190000161,6,2019-09-20,03:50:16,1023.99,Debit,Completed,,Loan Payment - LN2019030000903,False,,1.86,,Automated,Home Loan,standard_payment,False,loan_payment_generator,False,
TXNL201900000639,ACC0005195,IND19008590,LN2019030000905,LDO20190000352,6,2019-09-22,03:00:58,2581.86,Debit,Completed,,Loan Payment - LN2019030000905,False,,0.28,,Automated,Home Loan,standard_payment,False,loan_payment_generator,False,
TXNL201900000640,ACC0005228,IND19009249,LN2019030000934,LDO20190000162,5,2019-09-05,03:07:46,3977.71,Debit,Completed,,Loan Payment - LN2019030000934,False,,0.7,,Automated,Personal Loan,standard_payment,False,loan_payment_generator,False,
TXNL201900000641,ACC0004582,IND19020894,LN2019030000940,LDO20190000163,6,2019-09-13,04:47:28,2226.48,Debit,Completed,,Loan Payment - LN2019030000940,False,,0.97,,Automated,Home Loan,standard_payment,False,loan_payment_generator,False,
TXNL201900000642,ACC0004050,IND19013628,LN2019030000941,LDO20190000353,6,2019-09-20,04:13:40,815.86,Debit,Completed,,Loan Payment - LN2019030000941 - Late Fee,False,,0.75,,Automated,Home Loan,late_payment,False,loan_payment_generator,False,
TXNL201900000643,ACC0005307,IND19003285,LN2019030000944,LDO20190000005,5,2019-09-07,03:38:36,1684.61,Debit,Completed,,Loan Payment - LN2019030000944,False,,1.62,,Automated,Home Loan,standard_payment,False,loan_payment_generator,False,
TXNL201900000644,ACC0005256,IND19015582,LN2019030000946,LDO20190000354,5,2019-09-05,03:06:59,654.32,Debit,Completed,,Loan Payment - LN2019030000946,False,,0.62,,Automated,Vehicle Loan,standard_payment,False,loan_payment_generator,False,
TXNL201900000645,ACC0004418,IND19003496,LN2019030000947,LDO20190000076,6,2019-09-13,02:32:50,3187.32,Debit,Completed,,Loan Payment - LN2019030000947 - Late Fee,False,,0.36,,Automated,Personal Loan,late_payment,False,loan_payment_generator,False,
TXNL201900000646,ACC0004811,IND19020283,LN2019030000956,LDO20190000164,6,2019-09-26,04:02:51,1640.97,Debit,Completed,,Loan Payment - LN2019030000956,False,,1.49,,Automated,Vehicle Loan,standard_payment,False,loan_payment_generator,False,
TXNL201900000647,ACC0004178,IND19020755,LN2019030000957,LDO20190000165,6,2019-09-24,04:17:48,839.0,Debit,Completed,,Loan Payment - LN2019030000957,False,,0.84,,Automated,Home Loan,standard_payment,False,loan_payment_generator,False,
TXNL201900000648,ACC0003651,IND19018294,LN2019030000958,LDO20190000355,6,2019-09-25,04:42:06,3101.38,Debit,Completed,,Loan Payment - LN2019030000958,False,,0.6,,Automated,Home Loan,standard_payment,False,loan_payment_generator,False,
TXNL201900000649,ACC0003654,IND19019610,LN2019030000959,LDO20190000356,5,2019-09-02,04:06:19,6285.79,Debit,Completed,,Loan Payment - LN2019030000959,False,,0.12,,Automated,Home Loan,standard_payment,False,loan_payment_generator,False,
TXNL201900000650,ACC0004795,IND19017504,LN2019030000960,LDO20190000166,6,2019-09-09,04:33:16,2202.91,Debit,Completed,,Loan Payment - LN2019030000960,False,,1.13,,Automated,Home Loan,standard_payment,False,loan_payment_generator,False,
TXNL201900000651,ACC0004668,IND19013025,LN2019030000978,LDO20190000077,5,2019-09-03,02:57:32,2442.49,Debit,Completed,,Loan Payment - LN2019030000978,False,,0.49,,Automated,Vehicle Loan,standard_payment,False,loan_payment_generator,False,
TXNL201900000652,ACC0004396,IND19014660,LN2019030000994,LDO20190000357,6,2019-09-23,03:58:02,2585.32,Debit,Completed,,Loan Payment - LN2019030000994,False,,0.27,,Automated,Personal Loan,standard_payment,False,loan_payment_generator,False,
TXNL201900000653,ACC0004223,IND19016897,LN2019030000996,LDO20190000078,6,2019-09-27,04:00:56,1345.72,Debit,Completed,,Loan Payment - LN2019030000996,False,,1.8,,Automated,Home Loan,standard_payment,False,loan_payment_generator,False,
TXNL201900000654,ACC0005498,COM19000077,LN2019030000997,LDO20190000014,5,2019-09-04,03:48:25,19443.89,Debit,Completed,,Loan Payment - LN2019030000997,False,,1.68,,Automated,Business Loan,standard_payment,False,loan_payment_generator,False,
TXNL201900000655,ACC0003488,IND19014528,LN2019030001001,LDO20190000358,6,2019-09-29,02:56:49,1618.54,Debit,Completed,,Loan Payment - LN2019030001001,False,,0.35,,Automated,Vehicle Loan,standard_payment,False,loan_payment_generator,False,
TXNL201900000656,ACC0005436,IND19007350,LN2019030001011,LDO20190000359,6,2019-09-27,03:41:31,2069.78,Debit,Completed,,Loan Payment - LN2019030001011,False,,1.16,,Automated,Home Loan,standard_payment,False,loan_payment_generator,False,
TXNL201900000657,ACC0004888,IND19001264,LN2019030001012,LDO20190000360,5,2019-09-04,03:41:30,2386.02,Debit,Completed,,Loan Payment - LN2019030001012,False,,0.56,,Automated,Home Loan,standard_payment,False,loan_payment_generator,False,
TXNL201900000658,ACC0003825,IND19000273,LN2019030001014,LDO20190000167,6,2019-09-11,04:23:29,2669.54,Debit,Completed,,Loan Payment - LN2019030001014,False,,0.3,,Automated,Home Loan,standard_payment,False,loan_payment_generator,False,
TXNL201900000659,ACC0003658,IND19008971,LN2019030001024,LDO20190000361,6,2019-09-17,03:19:58,2398.1,Debit,Completed,,Loan Payment - LN2019030001024,False,,1.15,,Automated,Personal Loan,standard_payment,False,loan_payment_generator,False,
TXNL201900000660,ACC0005479,COM19000224,LN2019030001025,LDO20190000168,6,2019-09-26,02:48:11,9405.96,Debit,Completed,,Loan Payment - LN2019030001025,False,,1.88,,Automated,Business Loan,standard_payment,False,loan_payment_generator,False,
TXNL201900000661,ACC0004837,IND19018237,LN2019030001030,LDO20190000362,6,2019-09-10,04:50:51,2447.63,Debit,Completed,,Loan Payment - LN2019030001030,False,,1.57,,Automated,Vehicle Loan,standard_payment,False,loan_payment_generator,False,
TXNL201900000662,ACC0004032,IND19005748,LN2019030001038,LDO20190000363,6,2019-09-19,03:48:31,2201.51,Debit,Completed,,Loan Payment - LN2019030001038,False,,1.04,,Automated,Vehicle Loan,standard_payment,False,loan_payment_generator,False,
TXNL201900000663,ACC0003506,IND19004000,LN2019030001039,LDO20190000364,6,2019-09-17,02:29:24,2117.79,Debit,Completed,,Loan Payment - LN2019030001039,False,,1.3,,Automated,Vehicle Loan,standard_payment,False,loan_payment_generator,False,
TXNL201900000664,ACC0003924,IND19013108,LN2019030001047,LDO20190000169,6,2019-09-28,04:04:57,2241.41,Debit,Completed,,Loan Payment - LN2019030001047,False,,0.06,,Automated,Home Loan,standard_payment,False,loan_payment_generator,False,
TXNL201900000665,ACC0005067,IND19002630,LN2019030001053,LDO20190000365,5,2019-09-03,02:02:49,854.63,Debit,Completed,,Loan Payment - LN2019030001053,False,,1.95,,Automated,Home Loan,standard_payment,False,loan_payment_generator,False,
TXNL201900000666,ACC0005348,IND19018489,LN2019030001055,LDO20190000006,6,2019-09-30,04:12:52,2933.63,Debit,Completed,,Loan Payment - LN2019030001055,False,,0.03,,Automated,Vehicle Loan,standard_payment,False,loan_payment_generator,False,
TXNL201900000667,ACC0004003,IND19015848,LN2019030001060,LDO20190000079,6,2019-09-24,02:56:06,2423.4,Debit,Completed,,Loan Payment - LN2019030001060,False,,0.38,,Automated,Personal Loan,standard_payment,False,loan_payment_generator,False,
TXNL201900000668,ACC0003782,IND19008982,LN2019030001063,LDO20190000170,6,2019-09-20,03:12:17,1426.22,Debit,Completed,,Loan Payment - LN2019030001063,False,,0.85,,Automated,Home Loan,standard_payment,False,loan_payment_generator,False,
TXNL201900000669,ACC0005392,IND19007343,LN2019030001070,LDO20190000080,5,2019-09-06,04:15:05,1794.37,Debit,Completed,,Loan Payment - LN2019030001070,False,,0.04,,Automated,Personal Loan,standard_payment,False,loan_payment_generator,False,
TXNL201900000670,ACC0003503,IND19015210,LN2019030001084,LDO20190000171,6,2019-09-08,02:17:17,733.59,Debit,Completed,,Loan Payment - LN2019030001084,False,,0.74,,Automated,Vehicle Loan,standard_payment,False,loan_payment_generator,False,
TXNL201900000671,ACC0004507,IND19000891,LN2019030001088,LDO20190000172,6,2019-09-17,03:17:19,758.86,Debit,Completed,,Loan Payment - LN2019030001088,False,,1.31,,Automated,Vehicle Loan,standard_payment,False,loan_payment_generator,False,
TXNL201900000672,ACC0005209,IND19020091,LN2019030001108,LDO20190000366,6,2019-09-15,04:25:29,14316.53,Debit,Completed,,Loan Payment - LN2019030001108,False,,1.28,,Automated,Personal Loan,standard_payment,False,loan_payment_generator,False,
TXNL201900000673,ACC0004500,IND19001291,LN2019030001116,LDO20190000173,6,2019-09-26,04:02:47,11992.29,Debit,Completed,,Loan Payment - LN2019030001116,False,,1.55,,Automated,Personal Loan,standard_payment,False,loan_payment_generator,False,
TXNL201900000674,ACC0005456,IND19012730,LN2019030001117,LDO20190000367,6,2019-09-30,04:23:50,752.22,Debit,Completed,,Loan Payment - LN2019030001117,False,,1.27,,Automated,Home Loan,standard_payment,False,loan_payment_generator,False,
TXNL201900000675,ACC0003927,IND19006373,LN2019030001147,LDO20190000368,6,2019-09-28,02:34:47,618.15,Debit,Completed,,Loan Payment - LN2019030001147 - Partial,False,,0.25,,Automated,Personal Loan,partial_payment,False,loan_payment_generator,False,
TXNL201900000676,ACC0004509,IND19009480,LN2019030001157,LDO20190000174,6,2019-09-11,02:29:08,9862.99,Debit,Completed,,Loan Payment - LN2019030001157,False,,1.03,,Automated,Vehicle Loan,standard_payment,False,loan_payment_generator,False,
TXNL201900000677,ACC0003553,IND19015836,LN2019030001159,LDO20190000027,6,2019-09-18,02:10:50,1584.95,Debit,Completed,,Loan Payment - LN2019030001159 - Partial,False,,0.96,,Automated,Vehicle Loan,partial_payment,False,loan_payment_generator,False,
TXNL201900000678,ACC0003594,IND19010234,LN2019030001176,LDO20190000003,6,2019-09-27,02:38:41,24067.9,Debit,Completed,,Loan Payment - LN2019030001176,False,,0.43,,Automated,Personal Loan,standard_payment,False,loan_payment_generator,False,
TXNL201900000679,ACC0004089,IND19011651,LN2019030001205,LDO20190000175,6,2019-09-06,04:49:55,1327.46,Debit,Completed,,Loan Payment - LN2019030001205,False,,0.42,,Automated,Personal Loan,standard_payment,False,loan_payment_generator,False,
TXNL201900000680,ACC0004676,IND19016261,LN2019030001225,LDO20190000081,5,2019-09-02,04:36:42,14350.03,Debit,Completed,,Loan Payment - LN2019030001225,False,,1.2,,Automated,Personal Loan,standard_payment,False,loan_payment_generator,False,
TXNL201900000681,ACC0004053,IND19002108,LN2019030001229,LDO20190000369,6,2019-09-27,04:46:03,1624.4,Debit,Completed,,Loan Payment - LN2019030001229 - Late Fee,False,,0.01,,Automated,Vehicle Loan,late_payment,False,loan_payment_generator,False,
TXNL201900000682,ACC0005226,IND19006635,LN2019030001233,LDO20190000370,5,2019-09-04,04:06:50,3284.33,Debit,Completed,,Loan Payment - LN2019030001233,False,,0.01,,Automated,Home Loan,standard_payment,False,loan_payment_generator,False,
TXNL201900000683,ACC0005302,IND19008558,LN2019030001234,LDO20190000082,5,2019-09-07,03:47:04,3487.78,Debit,Completed,,Loan Payment - LN2019030001234,False,,0.49,,Automated,Vehicle Loan,standard_payment,False,loan_payment_generator,True,amount_rounding_error
TXNL201900000684,ACC0003430,IND19018732,LN2019030001237,LDO20190000371,6,2019-09-28,03:52:46,591.56,Debit,Completed,,Loan Payment - LN20190300...,False,,1.42,,Automated,Home Loan,standard_payment,False,loan_payment_generator,True,truncated_description
TXNL201900000685,ACC0004157,IND19011584,LN2019030001243,LDO20190000372,5,2019-09-08,04:37:59,1710.23,Debit,Completed,,Loan Payment - LN2019030001243,False,,0.58,,Automated,Home Loan,standard_payment,False,loan_payment_generator,False,
TXNL201900000686,ACC0003918,IND19003745,LN2019030001244,LDO20190000373,5,2019-09-02,03:44:14,727.4,Debit,Completed,,Loan Payment - LN2019030001244,False,,0.3,,Automated,Home Loan,standard_payment,False,loan_payment_generator,False,
TXNL201900000687,ACC0004969,IND19013764,LN2019030001252,LDO20190000374,6,2019-09-17,02:15:45,1139.55,Debit,Completed,,Loan Payment - LN2019030001252,False,,1.09,,Automated,Vehicle Loan,standard_payment,False,loan_payment_generator,False,
TXNL201900000688,ACC0005051,IND19018174,LN2019030001253,LDO20190000176,6,2019-09-14,04:58:03,1739.73,Debit,Completed,,Loan Payment - LN2019030001253,False,,0.5,,Automated,Vehicle Loan,standard_payment,False,loan_payment_generator,False,
TXNL201900000689,ACC0004062,IND19011008,LN2019030001276,LDO20190000177,6,2019-09-19,04:59:19,1325.54,Debit,Completed,,Loan Payment - LN2019030001276,False,,1.93,,Automated,Home Loan,standard_payment,False,loan_payment_generator,False,
TXNL201900000690,ACC0005483,COM19000034,LN2019030001278,LDO20190000375,6,2019-09-24,02:32:06,7300.19,Debit,Completed,,Loan Payment - LN2019030001278,False,,0.56,,Automated,Business Loan,standard_payment,False,loan_payment_generator,False,
TXNL201900000691,ACC0005057,IND19016073,LN2019030001282,LDO20190000376,6,2019-09-30,03:46:09,3423.31,Debit,Completed,,Loan Payment - LN2019030001282,False,,0.88,,Automated,Vehicle Loan,standard_payment,False,loan_payment_generator,False,
TXNL201900000692,ACC0005264,IND19007991,LN2019030001284,LDO20190000377,6,2019-09-19,03:26:03,3451.32,Debit,Completed,,Loan Payment - LN2019030001284,False,,1.92,,Automated,Home Loan,standard_payment,False,loan_payment_generator,False,
TXNL201900000693,ACC0005138,IND19014354,LN2019030001286,LDO20190000378,6,2019-09-23,00:15:07,1705.52,Debit,Completed,,Loan Payment - LN2019030001286,False,,0.37,,Automated,Vehicle Loan,standard_payment,False,loan_payment_generator,True,timestamp_shift
TXNL201900000694,ACC0005311,IND19001658,LN2019030001293,LDO20190000178,6,2019-09-21,04:02:02,3464.11,Debit,Completed,,Loan Payment - LN2019030001293,False,,0.53,,Automated,Vehicle Loan,standard_payment,False,loan_payment_generator,False,
TXNL201900000695,ACC0005491,COM19000191,LN2019030001301,LDO20190000179,6,2019-09-13,02:17:38,6238.29,Debit,Completed,,Loan Payment - LN2019030001301,False,,1.45,,Automated,Business Loan,standard_payment,False,loan_payment_generator,False,
TXNL201900000696,ACC0004545,IND19015722,LN2019030001311,LDO20190000180,6,2019-09-28,04:53:40,776.81,Debit,Cancelled,customer_stop_instruction,Loan Payment - LN2019030001311,False,,0.46,,Automated,Home Loan,standard_payment,False,loan_payment_generator,False,
TXNL201900000697,ACC0005086,IND19001010,LN2019030001317,LDO20190000379,5,2019-09-06,02:59:09,961.42,Debit,Completed,,Loan Payment - LN2019030001317,False,,1.53,,Automated,Home Loan,standard_payment,False,loan_payment_generator,False,
TXNL201900000698,ACC0004065,IND19013815,LN2019030001322,LDO20190000380,6,2019-09-17,02:01:54,501.92,Debit,Completed,,Loan Payment - LN2019030001322,False,,1.64,,Automated,Personal Loan,standard_payment,False,loan_payment_generator,False,
TXNL201900000699,ACC0004624,IND19014388,LN2019030001323,LDO20190000381,5,2019-09-03,02:47:28,765.75,Debit,Completed,,Loan Payment - LN2019030001323 - Late Fee,False,,1.03,,Automated,Home Loan,late_payment,False,loan_payment_generator,False,
TXNL201900000700,ACC0003417,IND19015398,LN2019030001338,LDO20190000382,6,2019-09-25,03:44:03,226.16,Debit,Completed,,Loan Payment - LN2019030001338 - Late Fee,False,,1.23,,Automated,Home Loan,late_payment,False,loan_payment_generator,False,
TXNL201900000701,ACC0004238,IND19006785,LN2019030001349,LDO20190000383,6,2019-09-18,03:38:25,9276.69,Debit,Completed,,Loan Payment - LN2019030001349,False,,1.08,,Automated,Personal Loan,standard_payment,False,loan_payment_generator,False,
TXNL201900000702,ACC0004146,IND19002494,LN2019030001353,LDO20190000384,5,2019-09-02,03:47:33,563.73,Debit,Completed,,Loan Payment - LN2019030001353,False,,0.5,,Automated,Home Loan,standard_payment,False,loan_payment_generator,False,
TXNL201900000703,ACC0005099,IND19008121,LN2019030001369,LDO20190000385,6,2019-09-14,03:17:18,3932.56,Debit,Completed,,Loan Payment - LN2019030001369,False,,1.42,,Automated,Personal Loan,standard_payment,False,loan_payment_generator,False,
TXNL201900000704,ACC0004557,IND19013617,LN2019030001370,LDO20190000083,6,2019-09-11,02:07:37,2785.67,Debit,Completed,,Loan Payment - LN2019030001370,False,,1.42,,Automated,Vehicle Loan,standard_payment,False,loan_payment_generator,False,
TXNL201900000705,ACC0003601,IND19021863,LN2019030001383,LDO20190000386,6,2019-09-30,03:42:47,6261.71,Debit,Completed,,Loan Payment - LN2019030001383,False,,0.14,,Automated,Vehicle Loan,standard_payment,False,loan_payment_generator,False,
TXNL201900000706,ACC0005320,IND19021052,LN2019030001386,LDO20190000387,5,2019-09-03,03:21:59,2340.97,Debit,Completed,,Loan Payment - LN2019030001386,False,,0.21,,Automated,Vehicle Loan,standard_payment,False,loan_payment_generator,False,
TXNL201900000707,ACC0005183,IND19007676,LN2019030001415,LDO20190000181,5,2019-09-04,04:30:41,3614.87,Debit,Completed,,Loan Payment - LN2019030001415,False,,1.89,,Automated,Vehicle Loan,standard_payment,False,loan_payment_generator,False,
TXNL201900000708,ACC0004038,IND19020049,LN2019030001419,LDO20190000182,6,2019-09-29,05:00:09,4119.55,Debit,Completed,,Loan Payment - LN2019030001419,False,,0.59,,Automated,Personal Loan,standard_payment,False,loan_payment_generator,True,timestamp_shift
TXNL201900000709,ACC0004469,IND19018823,LN2019030001424,LDO20190000388,6,2019-09-21,02:24:41,949.85,Debit,Completed,,Loan Payment - LN2019030001424,False,,1.78,,Automated,Vehicle Loan,standard_payment,False,loan_payment_generator,False,
TXNL201900000710,ACC0004202,IND19021079,LN2019030001426,LDO20190000183,6,2019-09-12,02:22:47,453.48,Debit,Completed,,Loan Payment - LN2019030001426,False,,1.57,,Automated,Home Loan,standard_payment,False,loan_payment_generator,False,
TXNL201900000711,ACC0004626,IND19017413,LN2019030001427,LDO20190000184,6,2019-09-21,03:30:15,5891.75,Debit,Completed,,Loan Payment - LN2019030001427,False,,0.57,,Automated,Vehicle Loan,standard_payment,False,loan_payment_generator,False,
TXNL201900000712,ACC0003669,IND19016372,LN2019030001443,LDO20190000389,5,2019-09-04,03:35:43,2039.27,Debit,Completed,,Loan Payment - LN2019030001443,False,,1.77,,Automated,Home Loan,standard_payment,False,loan_payment_generator,False,
TXNL201900000713,ACC0004096,IND19019241,LN2019030001444,LDO20190000185,6,2019-09-25,02:17:10,910.88,Debit,Completed,,Loan Payment - LN2019030001444 - Partial,False,,0.26,,Automated,Personal Loan,partial_payment,False,loan_payment_generator,True,timestamp_shift
TXNL201900000714,ACC0004254,IND19015408,LN2019030001456,LDO20190000390,6,2019-09-11,04:40:09,739.38,Debit,Completed,,Loan Payment - LN2019030001456,False,,0.59,,Automated,Home Loan,standard_payment,False,loan_payment_generator,False,
TXNL201900000715,ACC0004212,IND19009618,LN2019030001460,LDO20190000391,5,2019-09-04,02:51:06,2327.45,Debit,Completed,,Loan Payment - LN2019030001460,False,,1.12,,Automated,Vehicle Loan,standard_payment,False,loan_payment_generator,False,
TXNL201900000716,ACC0004042,IND19020658,LN2019030001461,LDO20190000392,6,2019-09-18,04:47:13,1273.8,Debit,Completed,,Loan Payment - LN2019030001461,False,,0.16,,Automated,Home Loan,standard_payment,False,loan_payment_generator,False,
TXNL201900000717,ACC0004177,IND19016388,LN2019030001465,LDO20190000028,6,2019-09-22,02:47:50,24390.87,Debit,Completed,,Loan Payment - LN2019030001465,False,,0.36,,Automated,Personal Loan,standard_payment,False,loan_payment_generator,False,
TXNL201900000718,ACC0005493,COM19000214,LN2019030001467,LDO20190000393,6,2019-09-30,03:10:26,21207.16,Debit,Completed,,Loan Payment - LN2019030001467,False,,0.27,,Automated,Business Loan,standard_payment,False,loan_payment_generator,False,
TXNL201900000719,ACC0003649,IND19020728,LN2019030001474,LDO20190000394,6,2019-09-28,02:37:29,1000.67,Debit,Completed,,Loan Payment - LN2019030001474,False,,1.11,,Automated,Vehicle Loan,standard_payment,False,loan_payment_generator,False,
TXNL201900000720,ACC0005188,IND19007920,LN2019030001491,LDO20190000395,6,2019-09-25,04:56:00,1867.54,Debit,Completed,,Loan Payment - LN2019030001491,False,,0.27,,Automated,Home Loan,standard_payment,False,loan_payment_generator,False,
TXNL201900000721,ACC0004822,IND19010352,LN2019030001497,LDO20190000015,6,2019-09-21,04:12:55,650.59,Debit,Completed,,Loan Payment - LN2019030001497,False,,0.08,,Automated,Home Loan,standard_payment,False,loan_payment_generator,False,
TXNL201900000722,ACC0005065,IND19005712,LN2019030001498,LDO20190000396,6,2019-09-16,04:48:27,6699.06,Debit,Completed,,Loan Payment - LN2019030001498,False,,0.28,,Automated,Personal Loan,standard_payment,False,loan_payment_generator,False,
TXNL201900000723,ACC0004119,IND19007997,LN2019030001506,LDO20190000397,6,2019-09-27,04:36:04,2493.56,Debit,Completed,,Loan Payment - LN2019030001506,False,,0.06,,Automated,Home Loan,standard_payment,False,loan_payment_generator,False,
TXNL201900000724,ACC0004219,IND19017929,LN2019030001507,LDO20190000029,6,2019-09-26,04:09:15,18284.25,Debit,Completed,,Loan Payment - LN2019030001507 - Late Fee,False,,0.15,,Automated,Personal Loan,late_payment,False,loan_payment_generator,False,
TXNL201900000725,ACC0005356,IND19021669,LN2019030001515,LDO20190000186,6,2019-09-19,04:25:18,3344.89,Debit,Failed,mandate_limit,Loan Payment - LN2019030001515,False,,1.69,,Automated,Vehicle Loan,standard_payment,False,loan_payment_generator,True,status_inconsistency
TXNL201900000726,ACC0003811,IND19019179,LN2019030001522,LDO20190000187,6,2019-09-13,04:18:41,373.2,Debit,Completed,,Loan Payment - LN2019030001522,False,,1.34,,Automated,Home Loan,standard_payment,False,loan_payment_generator,False,
TXNL201900000727,ACC0004667,IND19010993,LN2019030001531,LDO20190000030,6,2019-09-25,04:51:24,2143.91,Debit,Completed,,Loan Payment - LN2019030001531,False,,0.95,,Automated,Personal Loan,standard_payment,False,loan_payment_generator,False,
TXNL201900000728,ACC0003595,IND19010234,LN2019030001532,LDO20190000398,6,2019-09-27,03:23:05,7942.14,Debit,Completed,,Loan Payment - LN2019030001532,False,,0.62,,Automated,Vehicle Loan,standard_payment,False,loan_payment_generator,False,
TXNL201900000729,ACC0004125,IND19014196,LN2019030001544,LDO20190000399,5,2019-09-03,02:56:27,295.88,Debit,Completed,,Loan Payment - LN2019030001544,False,,1.79,,Automated,Home Loan,standard_payment,False,loan_payment_generator,False,
TXNL201900000730,ACC0005396,IND19016920,LN2019030001545,LDO20190000084,5,2019-09-03,04:48:46,2730.13,Debit,Failed,bank_timeout,Loan Payment - LN2019030001545,False,,1.5,,Automated,Home Loan,standard_payment,False,loan_payment_generator,False,
TXNL201900000731,ACC0005285,IND19005948,LN2019030001547,LDO20190000188,6,2019-09-19,02:46:39,10654.54,Debit,Completed,,Loan Payment - LN2019030001547,False,,1.12,,Automated,Personal Loan,standard_payment,False,loan_payment_generator,False,
TXNL201900000732,ACC0004398,IND19004868,LN2019030001551,LDO20190000189,5,2019-09-05,04:10:13,2143.37,Debit,Completed,,Loan Payment - LN2019030001551,False,,0.76,,Automated,Personal Loan,standard_payment,False,loan_payment_generator,False,
TXNL201900000733,ACC0004894,IND19009995,LN2019030001572,LDO20190000031,5,2019-09-05,03:35:21,682.06,Debit,Completed,,Loan Payment - LN2019030001572,False,,0.08,,Automated,Home Loan,standard_payment,False,loan_payment_generator,False,
TXNL201900000734,ACC0003528,IND19006086,LN2019030001573,LDO20190000400,6,2019-09-21,02:55:11,1103.68,Debit,Completed,,Loan Payment - LN2019030001573,False,,0.72,,Automated,Personal Loan,standard_payment,False,loan_payment_generator,False,
TXNL201900000735,ACC0004359,IND19003393,LN2019030001580,LDO20190000085,5,2019-09-02,04:58:13,448.03,Debit,Failed,bank_timeout,Loan Payment - LN2019030001580,False,,0.97,,Automated,Vehicle Loan,standard_payment,False,loan_payment_generator,False,
TXNL201900000736,ACC0004855,IND19002897,LN2019030001585,LDO20190000086,6,2019-09-23,04:25:52,10347.97,Debit,Completed,,Loan Payment - LN2019030001585,False,,0.42,,Automated,Personal Loan,standard_payment,False,loan_payment_generator,False,
TXNL201900000737,ACC0005442,IND19020561,LN2019030001586,LDO20190000401,6,2019-09-18,02:30:06,14001.7,Debit,Completed,,Loan Payment - LN2019030001586,False,,0.11,,Automated,Personal Loan,standard_payment,False,loan_payment_generator,False,
TXNL201900000738,ACC0005095,IND19008638,LN2019030001592,LDO20190000402,6,2019-09-18,02:39:54,2489.62,Debit,Completed,,Loan Payment - LN2019030001592 - Late Fee,False,,1.81,,Automated,Home Loan,late_payment,False,loan_payment_generator,False,
TXNL201900000739,ACC0004987,IND19007860,LN2019030001600,LDO20190000032,6,2019-09-13,03:36:41,490.9,Debit,Completed,,Loan Payment - LN2019030001600,False,,0.81,,Automated,Personal Loan,standard_payment,False,loan_payment_generator,False,
TXNL201900000740,ACC0004799,IND19001595,LN2019030001603,LDO20190000403,6,2019-09-09,02:55:21,2580.97,Debit,Completed,,Loan Payment - LN2019030001603,False,,0.32,,Automated,Home Loan,standard_payment,False,loan_payment_generator,False,
TXNL201900000741,ACC0004833,IND19019479,LN2019030001608,LDO20190000404,5,2019-09-03,02:33:46,426.3,Debit,Completed,,Loan Payment - LN2019030001608,False,,1.9,,Automated,Home Loan,standard_payment,False,loan_payment_generator,False,
TXNL201900000742,ACC0003616,IND19003624,LN2019030001614,LDO20190000087,6,2019-09-30,02:29:20,1358.56,Debit,Completed,,Loan Payment - LN2019030001614,False,,1.84,,Automated,Home Loan,standard_payment,False,loan_payment_generator,False,
TXNL201900000743,ACC0004415,IND19009259,LN2019030001616,LDO20190000033,6,2019-09-19,03:26:33,424.35,Debit,Completed,,Loan Payment - LN2019030001616,False,,0.28,,Automated,Home Loan,standard_payment,False,loan_payment_generator,False,
TXNL201900000744,ACC0005284,IND19004670,LN2019030001624,LDO20190000190,6,2019-09-20,04:21:48,1426.49,Debit,Completed,,Loan Payment - LN2019030001624,False,,1.74,,Automated,Home Loan,standard_payment,False,loan_payment_generator,False,
TXNL201900000745,ACC0004434,IND19018309,LN2019030001627,LDO20190000191,5,2019-09-01,04:24:58,3745.53,Debit,Completed,,Loan Payment - LN2019030001627,False,,1.69,,Automated,Personal Loan,standard_payment,False,loan_payment_generator,False,
TXNL201900000746,ACC0003695,IND19003687,LN2019030001636,LDO20190000088,5,2019-09-06,04:53:38,2021.42,Debit,Completed,,Loan Payment - LN2019030001636,False,,0.48,,Automated,Home Loan,standard_payment,False,loan_payment_generator,False,
TXNL201900000747,ACC0003888,IND19003310,LN2019030001637,LDO20190000405,5,2019-09-05,02:45:00,3229.15,Debit,Completed,,Loan Payment - LN2019030001637,False,,0.24,,Automated,Home Loan,standard_payment,False,loan_payment_generator,False,
TXNL201900000748,ACC0003445,IND19009812,LN2019030001641,LDO20190000406,6,2019-09-26,04:33:36,1176.36,Debit,Completed,,Loan Payment - LN2019030001641,False,,0.5,,Automated,Personal Loan,standard_payment,False,loan_payment_generator,False,
TXNL201900000749,ACC0004983,IND19019958,LN2019030001645,LDO20190000407,6,2019-09-24,02:23:36,2990.67,Debit,Completed,,Loan Payment - LN2019030001645 - Late Fee,False,,0.79,,Automated,Home Loan,late_payment,False,loan_payment_generator,False,
TXNL201900000750,ACC0003428,IND19006653,LN2019030001646,LDO20190000408,6,2019-09-27,03:04:55,12100.66,Debit,Completed,,Loan Payment - LN2019030001646,False,,0.47,,Automated,Personal Loan,standard_payment,False,loan_payment_generator,False,
TXNL201900000751,ACC0004099,IND19019312,LN2019030001648,LDO20190000089,5,2019-09-04,03:08:22,3023.41,Debit,Completed,,Loan Payment - LN2019030001648,False,,1.08,,Automated,Personal Loan,standard_payment,False,loan_payment_generator,False,
TXNL201900000752,ACC0004283,IND19005793,LN2019030001655,LDO20190000192,6,2019-09-25,02:26:41,3088.27,Debit,Completed,,Loan Payment - LN2019030001655,False,,1.97,,Automated,Home Loan,standard_payment,False,loan_payment_generator,False,
TXNL201900000753,ACC0003689,IND19005157,LN2019030001666,LDO20190000193,6,2019-09-30,02:40:31,1827.28,Debit,Completed,,Loan Payment - LN2019030001666,False,,1.14,,Automated,Personal Loan,standard_payment,False,loan_payment_generator,False,
TXNL201900000754,ACC0004186,IND19008047,LN2019030001672,LDO20190000194,6,2019-09-28,02:14:28,393.98,Debit,Completed,,Loan Payment - LN2019030001672,False,,0.54,,Automated,Home Loan,standard_payment,False,loan_payment_generator,False,
TXNL201900000755,ACC0004655,IND19021386,LN2019030001693,LDO20190000409,6,2019-09-27,04:22:04,3023.55,Debit,Completed,,Loan Payment - LN2019030001693,False,,0.2,,Automated,Vehicle Loan,standard_payment,False,loan_payment_generator,False,
TXNL201900000756,ACC0004542,IND19009335,LN2019030001694,LDO20190000410,6,2019-09-22,03:51:33,2430.68,Debit,Failed,mandate_limit,Loan Payment - LN2019030001694,False,,0.78,,Automated,Personal Loan,standard_payment,False,loan_payment_generator,False,
TXNL201900000757,ACC0005120,IND19018125,LN2019030001699,LDO20190000411,6,2019-09-19,04:04:53,1882.58,Debit,Completed,,Loan Payment - LN2019030001699,False,,1.08,,Automated,Home Loan,standard_payment,False,loan_payment_generator,False,
TXNL201900000758,ACC0005430,IND19006421,LN2019030001703,LDO20190000412,6,2019-09-17,02:20:13,12023.44,Debit,Completed,,Loan Payment - LN2019030001703,False,,0.03,,Automated,Personal Loan,standard_payment,False,loan_payment_generator,False,
TXNL201900000759,ACC0004168,IND19003614,LN2019030001705,LDO20190000413,6,2019-09-20,02:57:07,1819.58,Debit,Completed,,Loan Payment - LN2019030001705,False,,0.9,,Automated,Home Loan,standard_payment,False,loan_payment_generator,False,
TXNL201900000760,ACC0003948,IND19007541,LN2019030001707,LDO20190000414,6,2019-09-22,04:27:52,1883.23,Debit,Completed,,Loan Payment - LN2019030001707,False,,1.4,,Automated,Personal Loan,standard_payment,False,loan_payment_generator,False,
TXNL201900000761,ACC0003858,IND19003066,LN2019030001710,LDO20190000090,5,2019-09-01,03:51:05,337.62,Debit,Cancelled,customer_stop_instruction,Loan Payment - LN2019030001710,False,,1.75,,Automated,Vehicle Loan,standard_payment,False,loan_payment_generator,False,
TXNL201900000762,ACC0004442,IND19016273,LN2019030001714,LDO20190000415,6,2019-09-24,04:05:04,975.51,Debit,Completed,,Loan Payment - LN2019030001714,False,,1.82,,Automated,Home Loan,standard_payment,False,loan_payment_generator,False,
TXNL201900000763,ACC0003976,IND19021208,LN2019030001724,LDO20190000416,5,2019-09-04,02:43:01,4818.68,Debit,Completed,,Loan Payment - LN2019030001724,False,,0.86,,Automated,Home Loan,standard_payment,False,loan_payment_generator,False,
TXNL201900000764,ACC0004636,IND19016753,LN2019030001725,LDO20190000034,5,2019-09-04,04:21:45,3702.12,Debit,Completed,,Loan Payment - LN2019030001725,False,,1.9,,Automated,Home Loan,standard_payment,False,loan_payment_generator,False,
TXNL201900000765,ACC0004169,IND19003504,LN2019030001730,LDO20190000091,5,2019-09-08,03:01:37,1028.86,Debit,Completed,,Loan Payment - LN2019030001730,False,,1.17,,Automated,Home Loan,standard_payment,False,loan_payment_generator,False,
TXNL201900000766,ACC0005308,IND19003285,LN2019030001735,LDO20190000417,5,2019-09-07,02:54:08,1795.63,Debit,Completed,,Loan Payment - LN2019030001735,False,,1.08,,Automated,Vehicle Loan,standard_payment,False,loan_payment_generator,False,
TXNL201900000767,ACC0004113,IND19020848,LN2019030001736,LDO20190000418,5,2019-09-07,02:39:35,719.81,Debit,Completed,,Loan Payment - LN2019030001736,False,,1.83,,Automated,Personal Loan,standard_payment,False,loan_payment_generator,False,
TXNL201900000768,ACC0003912,IND19005008,LN2019030001737,LDO20190000419,5,2019-09-06,03:46:37,1380.09,Debit,Completed,,Loan Payment - LN2019030001737,False,,1.5,,Automated,Vehicle Loan,standard_payment,False,loan_payment_generator,False,
TXNL201900000769,ACC0005395,IND19003143,LN2019030001742,LDO20190000195,6,2019-09-23,03:29:30,816.02,Debit,Completed,,Loan Payment - LN2019030001742 - Late Fee,False,,0.56,,Automated,Personal Loan,late_payment,False,loan_payment_generator,False,
TXNL201900000770,ACC0004744,IND19018931,LN2019030001758,LDO20190000196,6,2019-09-26,04:43:48,1333.34,Debit,Completed,,Loan Payment - LN2019030001758 - Partial,False,,1.4,,Automated,Home Loan,partial_payment,False,loan_payment_generator,False,
TXNL201900000771,ACC0004892,IND19010713,LN2019030001760,LDO20190000197,6,2019-09-14,03:53:54,4133.02,Debit,Completed,,Loan Payment - LN2019030001760,False,,0.38,,Automated,Home Loan,standard_payment,False,loan_payment_generator,False,
TXNL201900000772,ACC0004747,IND19000886,LN2019030001761,LDO20190000420,5,2019-09-05,02:12:22,2345.44,Debit,Completed,,Loan Payment - LN2019030001761,False,,0.77,,Automated,Home Loan,standard_payment,False,loan_payment_generator,False,
TXNL201900000773,ACC0004874,IND19017777,LN2019030001762,LDO20190000092,5,2019-09-06,04:54:48,4864.89,Debit,Completed,,Loan Payment - LN2019030001762 - Late Fee,False,,1.12,,Automated,Personal Loan,late_payment,False,loan_payment_generator,False,
TXNL201900000774,ACC0005178,IND19003886,LN2019030001767,LDO20190000421,6,2019-09-20,02:22:26,2240.63,Debit,Completed,,Loan Payment - LN2019030001767,False,,1.16,,Automated,Home Loan,standard_payment,False,loan_payment_generator,False,
TXNL201900000775,ACC0003554,IND19020287,LN2019030001773,LDO20190000422,5,2019-09-08,03:27:30,2571.89,Debit,Completed,,Loan Payment - LN2019030001773 - Extra Principal,False,,1.12,,Automated,Personal Loan,extra_payment,False,loan_payment_generator,False,
TXNL201900000776,ACC0003510,IND19002726,LN2019030001774,LDO20190000093,6,2019-09-18,04:00:20,362.05,Debit,Completed,,Loan Payment - LN2019030001774,False,,0.92,,Automated,Home Loan,standard_payment,False,loan_payment_generator,True,timestamp_shift
TXNL201900000777,ACC0005399,IND19012294,LN2019030001781,LDO20190000198,6,2019-09-24,03:49:25,3841.23,Debit,Completed,,Loan Payment - LN2019030001781,False,,1.5,,Automated,Vehicle Loan,standard_payment,False,loan_payment_generator,False,
TXNL201900000778,ACC0003926,IND19017827,LN2019030001782,LDO20190000094,6,2019-09-11,02:37:56,1335.88,Debit,Completed,,Loan Payment - LN2019030001782,False,,1.04,,Automated,Home Loan,standard_payment,False,loan_payment_generator,False,
TXNL201900000779,ACC0004821,IND19014444,LN2019030001787,LDO20190000423,6,2019-09-28,02:37:35,2055.72,Debit,Completed,,Loan Payment - LN2019030001787,False,,0.75,,Automated,Personal Loan,standard_payment,False,loan_payment_generator,False,
TXNL201900000780,ACC0003634,IND19016888,LN2019030001803,LDO20190000424,6,2019-09-23,02:03:55,1486.77,Debit,Completed,,Loan Payment - LN2019030001803 - Partial,False,,0.39,,Automated,Vehicle Loan,partial_payment,False,loan_payment_generator,False,
TXNL201900000781,ACC0003940,IND19016991,LN2019030001804,LDO20190000035,6,2019-09-30,03:05:13,509.89,Debit,Completed,,Loan Payment - LN2019030001804 - Partial,False,,0.79,,Automated,Vehicle Loan,partial_payment,False,loan_payment_generator,False,
TXNL201900000782,ACC0004255,IND19018626,LN2019030001807,LDO20190000425,6,2019-09-10,03:28:37,1007.58,Debit,Completed,,Loan Payment - LN2019030001807,False,,0.47,,Automated,Home Loan,standard_payment,False,loan_payment_generator,False,
TXNL201900000783,ACC0004018,IND19000876,LN2019030001811,LDO20190000426,6,2019-09-22,04:54:09,5090.28,Debit,Completed,,Loan Payment - LN2019030001811,False,,0.76,,Automated,Home Loan,standard_payment,False,loan_payment_generator,False,
TXNL201900000784,ACC0004873,IND19015619,LN2019030001813,LDO20190000036,6,2019-09-17,03:05:16,2364.15,Debit,Completed,,Loan Payment - LN20190300...,False,,1.99,,Automated,Home Loan,standard_payment,False,loan_payment_generator,True,truncated_description
TXNL201900000785,ACC0004247,IND19006046,LN2019030001824,LDO20190000427,6,2019-09-11,02:22:51,2462.29,Debit,Completed,,Loan Payment - LN2019030001824,False,,1.16,,Automated,Personal Loan,standard_payment,False,loan_payment_generator,False,
TXNL201900000786,ACC0004639,IND19000056,LN2019030001828,LDO20190000428,6,2019-09-21,03:12:57,365.51,Debit,Completed,,Loan Payment - LN2019030001828,False,,1.01,,Automated,Home Loan,standard_payment,False,loan_payment_generator,False,
TXNL201900000787,ACC0005289,IND19000943,LN2019030001830,LDO20190000429,6,2019-09-12,03:57:55,1455.88,Debit,Completed,,Loan Payment - LN2019030001830,False,,0.43,,Automated,Home Loan,standard_payment,False,loan_payment_generator,False,
TXNL201900000788,ACC0005114,IND19009118,LN2019030001835,LDO20190000430,5,2019-09-01,04:44:22,695.33,Debit,Completed,,Loan Payment - LN2019030001835,False,,1.81,,Automated,Home Loan,standard_payment,False,loan_payment_generator,False,
TXNL201900000789,ACC0005381,IND19009960,LN2019030001839,LDO20190000431,6,2019-09-20,02:17:25,194.31,Debit,Completed,,Loan Payment - LN2019030001839,False,,0.51,,Automated,Home Loan,standard_payment,False,loan_payment_generator,False,
TXNL201900000790,ACC0003394,IND19007294,LN2019030001841,LDO20190000037,6,2019-09-28,04:08:11,3101.76,Debit,Completed,,Loan Payment - LN2019030001841,False,,0.34,,Automated,Vehicle Loan,standard_payment,False,loan_payment_generator,False,
TXNL201900000791,ACC0005271,IND19006038,LN2019030001853,LDO20190000432,6,2019-09-30,03:07:34,5226.6,Debit,Completed,,Loan Payment - LN2019030001853,False,,1.78,,Automated,Personal Loan,standard_payment,False,loan_payment_generator,False,
TXNL201900000792,ACC0005196,IND19016399,LN2019030001861,LDO20190000199,6,2019-09-21,03:59:36,2328.47,Debit,Failed,bank_timeout,Loan Payment - LN2019030001861,False,,2.0,,Automated,Vehicle Loan,standard_payment,False,loan_payment_generator,False,
TXNL201900000793,ACC0005416,IND19005301,LN2019030001863,LDO20190000200,6,2019-09-19,03:15:16,181.68,Debit,Completed,,Loan Payment - LN2019030001863,False,,1.06,,Automated,Home Loan,standard_payment,False,loan_payment_generator,False,
TXNL201900000794,ACC0004334,IND19009236,LN2019030001864,LDO20190000038,6,2019-09-14,03:40:13,1743.91,Debit,Completed,,Loan Payment - LN2019030001864,False,,1.59,,Automated,Home Loan,standard_payment,False,loan_payment_generator,False,
TXNL201900000795,ACC0004879,IND19014188,LN2019030001873,LDO20190000433,6,2019-09-26,04:28:29,24393.25,Debit,Completed,,Loan Payment - LN2019030001873,False,,0.01,,Automated,Personal Loan,standard_payment,False,loan_payment_generator,False,
TXNL201900000796,ACC0004596,IND19009615,LN2019030001875,LDO20190000201,5,2019-09-01,03:25:18,1577.0,Debit,Completed,,Loan Payment - LN2019030001875 - Late Fee,False,,0.75,,Automated,Personal Loan,late_payment,False,loan_payment_generator,False,
TXNL201900000797,ACC0003985,IND19007238,LN2019030001876,LDO20190000434,6,2019-09-22,04:50:59,2228.26,Debit,Completed,,Loan Payment - LN2019030001876,False,,0.91,,Automated,Vehicle Loan,standard_payment,False,loan_payment_generator,False,
TXNL201900000798,ACC0005480,COM19000224,LN2019030001884,LDO20190000202,6,2019-09-17,02:28:37,16555.96,Debit,Completed,,Loan Payment - LN2019030001884,False,,1.0,,Automated,Business Loan,standard_payment,False,loan_payment_generator,False,
TXNL201900000799,ACC0005403,IND19010797,LN2019030001885,LDO20190000435,6,2019-09-09,02:43:52,1068.09,Debit,Completed,,Loan Payment - LN2019030001885,False,,1.93,,Automated,Home Loan,standard_payment,False,loan_payment_generator,False,
TXNL201900000800,ACC0003731,IND19018494,LN2019030001886,LDO20190000436,6,2019-09-30,04:38:05,1480.13,Debit,Completed,,Loan Payment - LN2019030001886 - Late Fee,False,,1.24,,Automated,Personal Loan,late_payment,False,loan_payment_generator,False,
 TXNL201900000801 ,ACC0005275,IND19006485,LN2019030001888,LDO20190000437,6,2019-09-13,02:34:51,750.08,Debit,Completed,,Loan Payment - LN2019030001888,False,,0.83,,Automated,Home Loan,standard_payment,False,loan_payment_generator,True,whitespace_in_id
TXNL201900000802,ACC0004785,IND19016995,LN2019030001894,LDO20190000438,6,2019-09-12,04:15:43,255.7,Debit,Completed,,Loan Payment - LN2019030001894,False,,1.07,,Automated,Home Loan,standard_payment,False,loan_payment_generator,False,
TXNL201900000803,ACC0005390,IND19011734,LN2019030001905,LDO20190000439,5,2019-09-07,02:31:54,2518.57,Debit,Completed,,Loan Payment - LN2019030001905,False,,0.46,,Automated,Vehicle Loan,standard_payment,False,loan_payment_generator,False,
TXNL201900000804,ACC0004817,IND19015714,LN2019030001929,LDO20190000203,6,2019-09-13,02:07:53,1517.67,Debit,Completed,,Loan Payment - LN2019030001929,False,,1.47,,Automated,Home Loan,standard_payment,False,loan_payment_generator,False,
TXNL201900000805,ACC0005375,IND19002687,LN2019030001937,LDO20190000440,5,2019-09-01,04:57:03,2534.06,Debit,Completed,,Loan Payment - LN2019030001937,False,,0.67,,Automated,Personal Loan,standard_payment,False,loan_payment_generator,False,
TXNL201900000806,ACC0005098,IND19008121,LN2019030001941,LDO20190000095,5,2019-09-04,02:13:24,743.84,Debit,Completed,,Loan Payment - LN2019030001941,False,,0.68,,Automated,Home Loan,standard_payment,False,loan_payment_generator,False,
TXNL201900000807,ACC0005143,IND19021316,LN2019030001944,LDO20190000441,6,2019-09-24,03:52:39,2807.62,Debit,Completed,,Loan Payment - LN2019030001944,False,,1.24,,Automated,Home Loan,standard_payment,False,loan_payment_generator,False,
TXNL201900000808,ACC0004259,IND19008085,LN2019030001951,LDO20190000096,6,2019-09-30,04:01:53,840.04,Debit,Completed,,Loan Payment - LN2019030001951,False,,1.86,,Automated,Vehicle Loan,standard_payment,False,loan_payment_generator,False,
TXNL201900000809,ACC0004783,IND19019215,LN2019030001959,LDO20190000442,5,2019-09-07,03:30:35,1072.4,Debit,Completed,,Loan Payment - LN2019030001959,False,,1.44,,Automated,Personal Loan,standard_payment,False,loan_payment_generator,False,
TXNL201900000810,ACC0004107,IND19006600,LN2019030001968,LDO20190000443,6,2019-09-22,04:04:15,1077.33,Debit,Completed,,Loan Payment - LN2019030001968,False,,1.62,,Automated,Home Loan,standard_payment,False,loan_payment_generator,False,
TXNL201900000811,ACC0003873,IND19001959,LN2019030001971,LDO20190000097,6,2019-09-22,04:55:54,1605.96,Debit,Completed,,Loan Payment - LN2019030001971,False,,0.28,,Automated,Home Loan,standard_payment,False,loan_payment_generator,False,
TXNL201900000812,ACC0005236,IND19010753,LN2019030001976,LDO20190000444,6,2019-09-28,02:11:23,323.38,Debit,Completed,,Loan Payment - LN2019030001976,False,,1.39,,Automated,Home Loan,standard_payment,False,loan_payment_generator,False,
TXNL201900000813,ACC0004406,IND19000892,LN2019030001990,LDO20190000204,5,2019-09-03,03:54:50,6003.1,Debit,Completed,,Loan Payment - LN2019030001990,False,,0.93,,Automated,Personal Loan,standard_payment,False,loan_payment_generator,False,
TXNL201900000814,ACC0004663,IND19018024,LN2019030001995,LDO20190000445,6,2019-09-07,03:17:32,5699.32,Debit,Completed,,Loan Payment - LN2019030001995,False,,1.46,,Automated,Home Loan,standard_payment,False,loan_payment_generator,False,
TXNL201900000815,ACC0004215,IND19011565,LN2019030002001,LDO20190000446,6,2019-09-23,03:45:31,3816.14,Debit,Completed,,Loan Payment - LN2019030002001,False,,0.06,,Automated,Home Loan,standard_payment,False,loan_payment_generator,False,
TXNL201900000816,ACC0006109,IND19006047,LN2019040000008,LDO20190000447,5,2019-09-10,02:37:40,2609.21,Debit,Completed,,Loan Payment - LN2019040000008,False,,1.63,,Automated,Home Loan,standard_payment,False,loan_payment_generator,False,
TXNL201900000817,ACC0005802,IND19001559,LN2019040000012,LDO20190000448,5,2019-09-13,03:18:32,4328.1,Debit,Completed,,Loan Payment - LN2019040000012,False,,1.16,,Automated,Home Loan,standard_payment,False,loan_payment_generator,False,
TXNL201900000818,ACC0005620,IND19013053,LN2019040000013,LDO20190000449,4,2019-09-04,03:07:06,784.79,Debit,Completed,,Loan Payment - LN2019040000013,False,,1.49,,Automated,Personal Loan,standard_payment,False,loan_payment_generator,False,
TXNL201900000819,ACC0005927,IND19000987,LN2019040000022,LDO20190000450,4,2019-09-05,04:53:00,4009.56,Debit,Completed,,Loan Payment - LN2019040000022,False,,1.7,,Automated,Personal Loan,standard_payment,False,loan_payment_generator,False,
TXNL201900000820,ACC0005741,IND19003833,LN2019040000050,LDO20190000451,5,2019-09-20,04:59:50,1506.87,Debit,Completed,,Loan Payment - LN2019040000050,False,,0.31,,Automated,Vehicle Loan,standard_payment,False,loan_payment_generator,False,
TXNL201900000821,ACC0005870,IND19014876,LN2019040000055,LDO20190000452,5,2019-09-30,04:37:04,4470.55,Debit,Completed,,Loan Payment - LN2019040000055,False,,1.4,,Automated,Vehicle Loan,standard_payment,False,loan_payment_generator,False,
TXNL201900000822,ACC0005578,IND19013915,LN2019040000057,LDO20190000453,5,2019-09-29,03:10:22,5085.03,Debit,Completed,,Loan Payment - LN20190400...,False,,0.81,,Automated,Personal Loan,standard_payment,False,loan_payment_generator,True,truncated_description
TXNL201900000823,ACC0005703,IND19009852,LN2019040000062,LDO20190000454,4,2019-09-01,03:46:56,2786.95,Debit,Completed,,Loan Payment - LN2019040000062,False,,1.29,,Automated,Vehicle Loan,standard_payment,False,loan_payment_generator,False,
TXNL201900000824,ACC0006817,IND19002143,LN2019040000068,LDO20190000205,5,2019-09-17,02:54:33,1883.71,Debit,Completed,,Loan Payment - LN2019040000068,False,,0.69,,Automated,Vehicle Loan,standard_payment,False,loan_payment_generator,False,
TXNL201900000825,ACC0006364,IND19007513,LN2019040000072,LDO20190000098,5,2019-09-17,03:26:24,1807.73,Debit,Completed,,Loan Payment - LN2019040000072 - Partial,False,,1.72,,Automated,Home Loan,partial_payment,False,loan_payment_generator,False,
TXNL201900000826,ACC0005986,IND19005940,LN2019040000079,LDO20190000206,5,2019-09-29,03:53:54,2032.21,Debit,Completed,,Loan Payment - LN2019040000079,False,,1.52,,Automated,Home Loan,standard_payment,False,loan_payment_generator,False,
TXNL201900000827,ACC0006897,IND19008709,LN2019040000097,LDO20190000207,4,2019-09-01,03:53:58,1034.76,Debit,Completed,,Loan Payment - LN2019040000097,False,,1.71,,Automated,Home Loan,standard_payment,False,loan_payment_generator,False,
TXNL201900000828,ACC0005932,IND19011112,LN2019040000114,LDO20190000208,5,2019-09-27,03:59:51,1644.9,Debit,Completed,,Loan Payment - LN2019040000114,False,,0.27,,Automated,Home Loan,standard_payment,False,loan_payment_generator,False,
TXNL201900000829,ACC0006052,IND19000197,LN2019040000117,LDO20190000039,5,2019-09-29,03:24:06,4410.75,Debit,Completed,,Loan Payment - LN2019040000117,False,,1.65,,Automated,Home Loan,standard_payment,False,loan_payment_generator,False,
TXNL201900000830,ACC0006692,IND19007934,LN2019040000124,LDO20190000209,5,2019-09-25,04:09:16,3552.68,Debit,Completed,,Loan Payment - LN20190400...,False,,1.79,,Automated,Home Loan,standard_payment,False,loan_payment_generator,True,truncated_description
TXNL201900000831,ACC0005792,IND19002285,LN2019040000133,LDO20190000455,5,2019-09-30,04:35:26,756.78,Debit,Completed,,Loan Payment - LN2019040000133,False,,0.61,,Automated,Home Loan,standard_payment,False,loan_payment_generator,False,
TXNL201900000832,ACC0006683,IND19001562,LN2019040000134,LDO20190000210,5,2019-09-12,02:52:56,4238.29,Debit,Completed,,Loan Payment - LN2019040000134,False,,0.43,,Automated,Personal Loan,standard_payment,False,loan_payment_generator,False,
TXNL201900000833,ACC0006861,IND19007260,LN2019040000148,LDO20190000211,5,2019-09-26,03:20:24,926.1,Debit,Completed,,Loan Payment - LN2019040000148,False,,0.98,,Automated,Home Loan,standard_payment,False,loan_payment_generator,False,
TXNL201900000834,ACC0005930,IND19008665,LN2019040000149,LDO20190000456,5,2019-09-12,03:01:46,1441.71,Debit,Completed,,Loan Payment - LN2019040000149,False,,1.93,,Automated,Home Loan,standard_payment,False,loan_payment_generator,False,
TXNL201900000835,ACC0005880,IND19012537,LN2019040000157,LDO20190000099,5,2019-09-17,03:56:28,2809.72,Debit,Cancelled,customer_stop_instruction,Loan Payment - LN2019040000157,False,,0.28,,Automated,Vehicle Loan,standard_payment,False,loan_payment_generator,False,
TXNL201900000836,ACC0006886,IND19015172,LN2019040000163,LDO20190000212,5,2019-09-09,03:02:32,2847.64,Debit,Completed,,Loan Payment - LN2019040000163,False,,1.09,,Automated,Home Loan,standard_payment,False,loan_payment_generator,False,
TXNL201900000837,ACC0005577,IND19003614,LN2019040000170,LDO20190000457,5,2019-09-12,04:21:33,875.13,Debit,Failed,mandate_limit,Loan Payment - LN2019040000170,False,,1.04,,Automated,Home Loan,standard_payment,False,loan_payment_generator,False,
TXNL201900000838,ACC0006210,IND19009400,LN2019040000172,LDO20190000100,5,2019-09-27,04:48:27,1426.23,Debit,Completed,,Loan Payment - LN2019040000172,False,,0.14,,Automated,Personal Loan,standard_payment,False,loan_payment_generator,False,
TXNL201900000839,ACC0006056,IND19007403,LN2019040000177,LDO20190000458,5,2019-09-16,03:23:15,1714.47,Debit,Completed,,Loan Payment - LN2019040000177,False,,1.51,,Automated,Vehicle Loan,standard_payment,False,loan_payment_generator,False,
TXNL201900000840,ACC0006296,IND19008274,LN2019040000178,LDO20190000213,5,2019-09-18,03:46:50,5006.76,Debit,Completed,,Loan Payment - LN2019040000178,False,,1.44,,Automated,Vehicle Loan,standard_payment,False,loan_payment_generator,False,
TXNL201900000841,ACC0006597,IND19011302,LN2019040000179,LDO20190000101,4,2019-09-01,02:32:19,1082.33,Debit,Completed,,Loan Payment - LN2019040000179,False,,1.11,,Automated,Personal Loan,standard_payment,False,loan_payment_generator,False,
TXNL201900000842,ACC0006805,IND19011392,LN2019040000181,LDO20190000214,5,2019-09-26,02:45:22,555.15,Debit,Failed,insufficient_funds,Loan Payment - LN2019040000181,False,,1.4,,Automated,Personal Loan,standard_payment,False,loan_payment_generator,False,
TXNL201900000843,ACC0006731,IND19013531,LN2019040000194,LDO20190000459,5,2019-09-13,04:33:38,2546.38,Debit,Completed,,Loan Payment - LN20190400...,False,,1.32,,Automated,Home Loan,standard_payment,False,loan_payment_generator,True,truncated_description
TXNL201900000844,ACC0005679,IND19012651,LN2019040000196,LDO20190000215,4,2019-09-07,04:00:18,2103.92,Debit,Completed,,Loan Payment - LN20190400...,False,,1.11,,Automated,Personal Loan,standard_payment,False,loan_payment_generator,True,truncated_description
TXNL201900000845,ACC0006111,IND19012335,LN2019040000203,LDO20190000040,5,2019-09-27,02:52:35,774.23,Debit,Failed,account_blocked,Loan Payment - LN2019040000203,False,,0.01,,Automated,Home Loan,standard_payment,False,loan_payment_generator,False,
TXNL201900000846,ACC0006826,IND19014446,LN2019040000208,LDO20190000460,5,2019-09-15,03:30:28,1404.9,Debit,Completed,,Loan Payment - LN2019040000208 - Extra Principal,False,,1.53,,Automated,Home Loan,extra_payment,False,loan_payment_generator,False,
TXNL201900000847,ACC0006272,IND19005714,LN2019040000211,LDO20190000461,5,2019-09-26,04:11:06,3340.83,Debit,Completed,,Loan Payment - LN2019040000211,False,,1.22,,Automated,Vehicle Loan,standard_payment,False,loan_payment_generator,False,
TXNL201900000848,ACC0006413,IND19001698,LN2019040000213,LDO20190000462,5,2019-09-27,04:47:22,17443.05,Debit,Completed,,Loan Payment - LN2019040000213,False,,1.28,,Automated,Personal Loan,standard_payment,False,loan_payment_generator,False,
TXNL201900000849,ACC0006978,COM19000006,LN2019040000217,LDO20190000041,4,2019-09-01,02:42:42,2871.99,Debit,Completed,,Loan Payment - LN2019040000217 - Late Fee,False,,1.51,,Automated,Business Loan,late_payment,False,loan_payment_generator,True,timestamp_shift
TXNL201900000850,ACC0006077,IND19014368,LN2019040000219,LDO20190000016,5,2019-09-15,03:29:51,11958.05,Debit,Completed,,Loan Payment - LN2019040000219,False,,1.41,,Automated,Personal Loan,standard_payment,False,loan_payment_generator,False,
TXNL201900000851,ACC0005567,IND19010098,LN2019040000223,LDO20190000216,4,2019-09-06,03:54:53,2988.05,Debit,Completed,,Loan Payment - LN2019040000223,False,,0.5,,Automated,Personal Loan,standard_payment,False,loan_payment_generator,False,
TXNL201900000852,ACC0006693,IND19009434,LN2019040000228,LDO20190000217,5,2019-09-22,03:53:39,2782.21,Debit,Completed,,Loan Payment - LN2019040000228,False,,1.27,,Automated,Personal Loan,standard_payment,False,loan_payment_generator,False,
TXNL201900000853,ACC0006259,IND19003975,LN2019040000231,LDO20190000218,5,2019-09-20,04:58:07,760.29,Debit,Completed,,Loan Payment - LN2019040000231,False,,1.5,,Automated,Vehicle Loan,standard_payment,False,loan_payment_generator,False,
TXNL201900000854,ACC0005639,IND19002056,LN2019040000239,LDO20190000219,5,2019-09-08,04:53:44,2664.15,Debit,Completed,,Loan Payment - LN2019040000239,False,,0.69,,Automated,Personal Loan,standard_payment,False,loan_payment_generator,False,
TXNL201900000855,ACC0006604,IND19008567,LN2019040000241,LDO20190000463,4,2019-09-03,03:10:39,6091.24,Debit,Completed,,Loan Payment - LN2019040000241,False,,0.23,,Automated,Home Loan,standard_payment,False,loan_payment_generator,False,
TXNL201900000856,ACC0006706,IND19012278,LN2019040000242,LDO20190000464,5,2019-09-15,03:30:29,855.02,Debit,Completed,,Loan Payment - LN2019040000242,False,,1.27,,Automated,Home Loan,standard_payment,False,loan_payment_generator,False,
TXNL201900000857,ACC0006934,IND19009341,LN2019040000253,LDO20190000465,5,2019-09-27,03:40:08,688.68,Debit,Completed,,Loan Payment - LN2019040000253,False,,1.12,,Automated,Vehicle Loan,standard_payment,False,loan_payment_generator,False,
TXNL201900000858,ACC0006530,IND19008453,LN2019040000255,LDO20190000220,5,2019-09-08,03:13:09,3686.95,Debit,Completed,,Loan Payment - LN2019040000255,False,,1.11,,Automated,Vehicle Loan,standard_payment,False,loan_payment_generator,False,
TXNL201900000859,ACC0006297,IND19004165,LN2019040000258,LDO20190000466,5,2019-09-22,02:41:54,1345.63,Debit,Completed,,Loan Payment - LN2019040000258,False,,1.09,,Automated,Vehicle Loan,standard_payment,False,loan_payment_generator,False,
TXNL201900000860,ACC0006759,IND19013371,LN2019040000261,LDO20190000467,4,2019-09-05,04:09:10,2781.27,Debit,Completed,,Loan Payment - LN2019040000261,False,,0.11,,Automated,Home Loan,standard_payment,False,loan_payment_generator,False,
TXNL201900000861,ACC0005806,IND19006693,LN2019040000278,LDO20190000004,5,2019-09-14,03:19:09,2147.78,Debit,Completed,,Loan Payment - LN2019040000278,False,,0.98,,Automated,Home Loan,standard_payment,False,loan_payment_generator,False,
TXNL201900000862,ACC0006498,IND19011306,LN2019040000280,LDO20190000468,5,2019-09-21,02:56:56,1863.5,Debit,Completed,,Loan Payment - LN2019040000280,False,,0.68,,Automated,Personal Loan,standard_payment,False,loan_payment_generator,False,
TXNL201900000863,ACC0005775,IND19005306,LN2019040000284,LDO20190000469,5,2019-09-24,04:08:02,1353.47,Debit,Completed,,Loan Payment - LN2019040000284,False,,0.3,,Automated,Personal Loan,standard_payment,False,loan_payment_generator,False,
TXNL201900000864,ACC0005938,IND19012283,LN2019040000297,LDO20190000470,4,2019-09-02,02:01:51,630.82,Debit,Completed,,Loan Payment - LN2019040000297,False,,0.58,,Automated,Home Loan,standard_payment,False,loan_payment_generator,False,
TXNL201900000865,ACC0005785,IND19004403,LN2019040000299,LDO20190000471,5,2019-09-25,03:13:22,2026.61,Debit,Completed,,Loan Payment - LN2019040000299,False,,1.17,,Automated,Home Loan,standard_payment,False,loan_payment_generator,False,
TXNL201900000866,ACC0006913,IND19010893,LN2019040000302,LDO20190000472,4,2019-09-05,04:33:59,1991.95,Debit,Completed,,Loan Payment - LN2019040000302,False,,1.97,,Automated,Home Loan,standard_payment,False,loan_payment_generator,False,
TXNL201900000867,ACC0006131,IND19010064,LN2019040000303,LDO20190000221,5,2019-09-17,04:34:26,2532.78,Debit,Completed,,Loan Payment - LN2019040000303,False,,1.7,,Automated,Vehicle Loan,standard_payment,False,loan_payment_generator,False,
TXNL201900000868,ACC0006904,IND19012495,LN2019040000306,LDO20190000473,5,2019-09-18,02:48:15,1413.69,Debit,Completed,,Loan Payment - LN2019040000306,False,,1.18,,Automated,Personal Loan,standard_payment,False,loan_payment_generator,False,
TXNL201900000869,ACC0005771,IND19006968,LN2019040000308,LDO20190000222,5,2019-09-23,04:52:22,1252.89,Debit,Completed,,Loan Payment - LN2019040000308,False,,0.76,,Automated,Home Loan,standard_payment,False,loan_payment_generator,False,
TXNL201900000870,ACC0005695,IND19004727,LN2019040000309,LDO20190000474,5,2019-09-17,02:39:00,1385.46,Debit,Completed,,Loan Payment - LN2019040000309,False,,0.49,,Automated,Home Loan,standard_payment,False,loan_payment_generator,False,
TXNL201900000871,ACC0005928,IND19009847,LN2019040000314,LDO20190000475,4,2019-09-07,02:08:10,5193.54,Debit,Completed,,Loan Payment - LN2019040000314,False,,1.56,,Automated,Home Loan,standard_payment,False,loan_payment_generator,False,
TXNL201900000872,ACC0006947,IND19015118,LN2019040000317,LDO20190000476,5,2019-09-29,02:09:14,2949.71,Debit,Completed,,Loan Payment - LN2019040000317,False,,1.18,,Automated,Home Loan,standard_payment,False,loan_payment_generator,False,
TXNL201900000873,ACC0006857,IND19010255,LN2019040000318,LDO20190000477,5,2019-09-05,03:32:59,1560.89,Debit,Completed,,Loan Payment - LN2019040000318 - Late Fee,False,,1.53,,Automated,Home Loan,late_payment,False,loan_payment_generator,False,
TXNL201900000874,ACC0006957,IND19014811,LN2019040000332,LDO20190000478,4,2019-09-05,02:57:09,1172.91,Debit,Completed,,Loan Payment - LN2019040000332,False,,2.0,,Automated,Personal Loan,standard_payment,False,loan_payment_generator,False,
TXNL201900000875,ACC0005514,IND19011127,LN2019040000334,LDO20190000479,4,2019-09-04,02:59:08,1215.23,Debit,Completed,,Loan Payment - LN20190400...,False,,0.45,,Automated,Home Loan,standard_payment,False,loan_payment_generator,True,truncated_description
TXNL201900000876,ACC0005603,IND19011571,LN2019040000339,LDO20190000480,4,2019-09-06,04:43:13,1438.72,Debit,Completed,,Loan Payment - LN2019040000339,False,,0.07,,Automated,Home Loan,standard_payment,False,loan_payment_generator,False,
TXNL201900000877,ACC0006317,IND19003634,LN2019040000341,LDO20190000481,5,2019-09-11,03:51:01,176.04,Debit,Completed,,Loan Payment - LN2019040000341,False,,1.93,,Automated,Home Loan,standard_payment,False,loan_payment_generator,False,
TXNL201900000878,ACC0007001,COM19000025,LN2019040000342,LDO20190000223,5,2019-09-16,04:48:39,34329.58,Debit,Completed,,Loan Payment - LN2019040000342,False,,1.29,,Automated,Business Loan,standard_payment,False,loan_payment_generator,False,
TXNL201900000879,ACC0006803,IND19001507,LN2019040000347,LDO20190000224,5,2019-09-20,04:05:40,2701.87,Debit,Completed,,Loan Payment - LN20190400...,False,,0.54,,Automated,Personal Loan,standard_payment,False,loan_payment_generator,True,truncated_description
TXNL201900000880,ACC0006453,IND19003544,LN2019040000353,LDO20190000042,5,2019-09-24,04:33:29,1261.42,Debit,Completed,,Loan Payment - LN2019040000353,False,,0.1,,Automated,Home Loan,standard_payment,False,loan_payment_generator,False,
TXNL201900000881,ACC0006527,IND19000751,LN2019040000354,LDO20190000017,5,2019-09-22,02:08:54,2176.0,Debit,Completed,,Loan Payment - LN2019040000354 - Partial,False,,0.28,,Automated,Personal Loan,partial_payment,False,loan_payment_generator,False,
TXNL201900000882,ACC0005874,IND19007093,LN2019040000364,LDO20190000225,5,2019-09-10,04:42:11,2763.29,Debit,Completed,,Loan Payment - LN2019040000364,False,,0.36,,Automated,Personal Loan,standard_payment,False,loan_payment_generator,False,
TXNL201900000883,ACC0006991,COM19000195,LN2019040000368,LDO20190000482,5,2019-09-10,04:50:16,28745.2,Debit,Completed,,Loan Payment - LN2019040000368,False,,1.39,,Automated,Business Loan,standard_payment,False,loan_payment_generator,False,
TXNL201900000884,ACC0005612,IND19005962,LN2019040000372,,4,2019-09-03,04:26:36,4137.1,Debit,Completed,,Loan Payment - LN2019040000372,False,,2.5,,Automated,Home Loan,standard_payment,False,loan_payment_generator,False,
TXNL201900000885,ACC0005835,IND19006050,LN2019040000388,LDO20190000043,4,2019-09-01,04:24:35,3029.99,Debit,Completed,,Loan Payment - LN2019040000388,False,,0.66,,Automated,Home Loan,standard_payment,False,loan_payment_generator,False,
TXNL201900000886,ACC0006948,IND19015118,LN2019040000407,LDO20190000226,5,2019-09-20,02:24:01,3846.92,Debit,Completed,,Loan Payment - LN2019040000407,False,,1.35,,Automated,Vehicle Loan,standard_payment,False,loan_payment_generator,False,
TXNL201900000887,ACC0006899,IND19000899,LN2019040000409,LDO20190000044,5,2019-09-27,03:29:25,1590.41,Debit,Completed,,Loan Payment - LN2019040000409,False,,1.08,,Automated,Home Loan,standard_payment,False,loan_payment_generator,False,
TXNL201900000888,ACC0005827,IND19010077,LN2019040000424,LDO20190000102,4,2019-09-02,02:26:32,2401.89,Debit,Completed,,Loan Payment - LN2019040000424,False,,1.13,,Automated,Personal Loan,standard_payment,False,loan_payment_generator,False,
TXNL201900000889,ACC0006600,IND19010541,LN2019040000426,LDO20190000227,5,2019-09-30,04:25:21,1013.25,Debit,Completed,,Loan Payment - LN2019040000426,False,,1.06,,Automated,Home Loan,standard_payment,False,loan_payment_generator,False,
TXNL201900000890,ACC0006975,COM19000211,LN2019040000442,LDO20190000483,5,2019-09-28,04:41:29,10135.19,Debit,Completed,,Loan Payment - LN2019040000442,False,,1.98,,Automated,Business Loan,standard_payment,False,loan_payment_generator,False,
TXNL201900000891,ACC0006609,IND19010646,LN2019040000453,LDO20190000228,5,2019-09-27,03:44:51,5582.9,Debit,Completed,,Loan Payment - LN2019040000453,False,,1.47,,Automated,Home Loan,standard_payment,False,loan_payment_generator,False,
TXNL201900000892,ACC0006009,IND19001618,LN2019040000458,LDO20190000229,5,2019-09-18,02:06:16,1551.08,Debit,Completed,,Loan Payment - LN2019040000458,False,,1.27,,Automated,Home Loan,standard_payment,False,loan_payment_generator,False,
TXNL201900000893,ACC0006508,IND19001701,LN2019040000460,LDO20190000230,4,2019-09-05,04:07:01,3505.4,Debit,Completed,,Loan Payment - LN2019040000460,False,,0.2,,Automated,Home Loan,standard_payment,False,loan_payment_generator,False,
TXNL201900000894,ACC0006244,IND19014006,LN2019040000470,LDO20190000007,4,2019-09-06,04:17:22,4553.55,Debit,Completed,,Loan Payment - LN2019040000470,False,,1.17,,Automated,Personal Loan,standard_payment,False,loan_payment_generator,False,
TXNL201900000895,ACC0005740,IND19008836,LN2019040000489,LDO20190000484,5,2019-09-17,02:05:25,942.46,Debit,Completed,,Loan Payment - LN2019040000489,False,,1.55,,Automated,Home Loan,standard_payment,False,loan_payment_generator,False,
TXNL201900000896,ACC0006384,IND19000328,LN2019040000493,LDO20190000485,5,2019-09-20,04:22:09,1714.89,Debit,Completed,,Loan Payment - LN2019040000493,False,,1.93,,Automated,Personal Loan,standard_payment,False,loan_payment_generator,False,
TXNL201900000897,ACC0005972,IND19010087,LN2019040000499,LDO20190000008,5,2019-09-27,02:32:15,3477.34,Debit,Completed,,Loan Payment - LN2019040000499,False,,0.52,,Automated,Vehicle Loan,standard_payment,False,loan_payment_generator,False,
TXNL201900000898,ACC0005763,IND19002384,LN2019040000501,LDO20190000103,4,2019-09-01,03:32:41,906.64,Debit,Completed,,Loan Payment - LN2019040000501,False,,1.79,,Automated,Vehicle Loan,standard_payment,False,loan_payment_generator,False,
TXNL201900000899,ACC0006043,IND19012474,LN2019040000504,LDO20190000104,4,2019-09-02,02:53:37,1182.55,Debit,Completed,,Loan Payment - LN2019040000504,False,,0.97,,Automated,Home Loan,standard_payment,False,loan_payment_generator,False,
TXNL201900000900,ACC0007004,COM19000217,LN2019040000506,LDO20190000486,4,2019-09-04,03:29:43,10556.78,Debit,Completed,,Loan Payment - LN2019040000506,False,,0.21,,Automated,Business Loan,standard_payment,False,loan_payment_generator,False,
TXNL201900000901,ACC0006037,IND19012380,LN2019040000521,LDO20190000487,5,2019-09-29,04:02:39,4410.13,Debit,Completed,,Loan Payment - LN2019040000521,False,,0.39,,Automated,Home Loan,standard_payment,False,loan_payment_generator,False,
TXNL201900000902,ACC0006594,IND19013477,LN2019040000528,LDO20190000488,5,2019-09-23,02:08:25,2360.32,Debit,Completed,,Loan Payment - LN2019040000528,False,,1.09,,Automated,Home Loan,standard_payment,False,loan_payment_generator,False,
TXNL201900000903,ACC0005980,IND19012426,LN2019040000531,LDO20190000489,4,2019-09-10,03:08:08,11866.11,Debit,Completed,,Loan Payment - LN20190400...,False,,1.5,,Automated,Personal Loan,standard_payment,False,loan_payment_generator,True,truncated_description
TXNL201900000904,ACC0006095,IND19004821,LN2019040000532,LDO20190000490,5,2019-09-16,04:23:07,1771.47,Debit,Completed,,Loan Payment - LN20190400...,False,,0.05,,Automated,Vehicle Loan,standard_payment,False,loan_payment_generator,True,truncated_description
TXNL201900000905,ACC0005777,IND19012806,LN2019040000549,LDO20190000018,5,2019-09-15,04:02:28,3444.9,Debit,Completed,,Loan Payment - LN2019040000549,False,,0.64,,Automated,Home Loan,standard_payment,False,loan_payment_generator,False,
TXNL201900000906,ACC0005652,IND19009011,LN2019040000553,LDO20190000491,5,2019-09-15,04:11:44,3083.33,Debit,Completed,,Loan Payment - LN2019040000553,False,,1.66,,Automated,Home Loan,standard_payment,False,loan_payment_generator,False,
TXNL201900000907,ACC0005618,IND19008561,LN2019040000557,LDO20190000231,5,2019-09-15,03:19:05,4066.44,Debit,Failed,mandate_limit,Loan Payment - LN2019040000557,False,,0.87,,Automated,Home Loan,standard_payment,False,loan_payment_generator,True,status_inconsistency
TXNL201900000908,ACC0005549,IND19002733,LN2019040000562,LDO20190000492,5,2019-09-22,02:40:36,1015.02,Debit,Completed,,Loan Payment - LN2019040000562,False,,0.28,,Automated,Home Loan,standard_payment,False,loan_payment_generator,False,
TXNL201900000909,ACC0006705,IND19007997,LN2019040000563,LDO20190000493,5,2019-09-18,04:31:52,2670.33,Debit,Completed,,Loan Payment - LN2019040000563,False,,1.98,,Automated,Home Loan,standard_payment,False,loan_payment_generator,False,
TXNL201900000910,ACC0006568,IND19007034,LN2019040000570,LDO20190000232,4,2019-09-01,04:54:19,1245.81,Debit,Completed,,Loan Payment - LN2019040000570 - Late Fee,False,,0.75,,Automated,Personal Loan,late_payment,False,loan_payment_generator,False,
TXNL201900000911,ACC0006845,IND19015246,LN2019040000573,LDO20190000105,5,2019-09-24,02:56:41,7216.33,Debit,Completed,,Loan Payment - LN2019040000573,False,,0.46,,Automated,Vehicle Loan,standard_payment,False,loan_payment_generator,False,
TXNL201900000912,ACC0006149,IND19009401,LN2019040000585,LDO20190000106,5,2019-09-26,02:30:57,1622.39,Debit,Completed,,Loan Payment - LN2019040000585,False,,0.97,,Automated,Home Loan,standard_payment,False,loan_payment_generator,False,
TXNL201900000913,ACC0006098,IND19015404,LN2019040000598,LDO20190000494,5,2019-09-11,03:36:28,9597.56,Debit,Completed,,Loan Payment - LN2019040000598,False,,0.89,,Automated,Personal Loan,standard_payment,False,loan_payment_generator,False,
TXNL201900000914,ACC0005613,IND19005851,LN2019040000601,LDO20190000495,4,2019-09-01,03:43:09,4123.43,Debit,Completed,,Loan Payment - LN2019040000601,False,,1.33,,Automated,Home Loan,standard_payment,False,loan_payment_generator,False,
TXNL201900000915,ACC0006123,IND19005105,LN2019040000616,LDO20190000107,4,2019-09-07,04:23:50,397.09,Debit,Completed,,Loan Payment - LN2019040000616,False,,1.77,,Automated,Home Loan,standard_payment,False,loan_payment_generator,False,
TXNL201900000916,ACC0006557,IND19008107,LN2019040000629,LDO20190000233,4,2019-09-03,02:12:12,2964.23,Debit,Completed,,Loan Payment - LN2019040000629,False,,0.7,,Automated,Home Loan,standard_payment,False,loan_payment_generator,False,
TXNL201900000917,ACC0005969,IND19013685,LN2019040000632,LDO20190000234,5,2019-09-24,03:51:20,3958.91,Debit,Completed,,Loan Payment - LN2019040000632,False,,0.51,,Automated,Home Loan,standard_payment,False,loan_payment_generator,False,
TXNL201900000918,ACC0005909,IND19003965,LN2019040000638,LDO20190000108,5,2019-09-21,03:30:09,1357.5,Debit,Completed,,Loan Payment - LN2019040000638,False,,0.15,,Automated,Home Loan,standard_payment,False,loan_payment_generator,False,
TXNL201900000919,ACC0006153,IND19010755,LN2019040000648,LDO20190000235,5,2019-09-30,03:37:38,3696.44,Debit,Completed,,Loan Payment - LN2019040000648,False,,0.64,,Automated,Home Loan,standard_payment,False,loan_payment_generator,False,
TXNL201900000920,ACC0006126,IND19004181,LN2019040000657,LDO20190000496,5,2019-09-14,04:05:45,995.41,Debit,Completed,,Loan Payment - LN2019040000657,False,,0.77,,Automated,Vehicle Loan,standard_payment,False,loan_payment_generator,False,
TXNL201900000921,ACC0005981,IND19012426,LN2019040000660,LDO20190000497,4,2019-09-05,02:38:04,11876.6,Debit,Completed,,Loan Payment - LN2019040000660,False,,1.74,,Automated,Personal Loan,standard_payment,False,loan_payment_generator,False,
TXNL201900000922,ACC0006487,IND19006187,LN2019040000663,LDO20190000236,4,2019-09-04,02:26:23,1852.93,Debit,Completed,,Loan Payment - LN2019040000663,False,,0.88,,Automated,Personal Loan,standard_payment,False,loan_payment_generator,False,
TXNL201900000923,ACC0005609,IND19010495,LN2019040000664,LDO20190000109,5,2019-09-22,03:16:45,3419.22,Debit,Completed,,Loan Payment - LN2019040000664,False,,0.23,,Automated,Vehicle Loan,standard_payment,False,loan_payment_generator,False,
TXNL201900000924,ACC0006775,IND19005633,LN2019040000666,LDO20190000498,5,2019-09-11,04:00:23,3236.13,Debit,Completed,,Loan Payment - LN2019040000666,False,,1.46,,Automated,Home Loan,standard_payment,False,loan_payment_generator,False,
TXNL201900000925,ACC0006758,IND19013371,LN2019040000674,LDO20190000499,5,2019-09-18,02:17:22,625.8,Debit,Completed,,Loan Payment - LN2019040000674,False,,0.32,,Automated,Home Loan,standard_payment,False,loan_payment_generator,False,
TXNL201900000926,ACC0006933,IND19004476,LN2019040000681,LDO20190000110,5,2019-09-24,02:58:08,5094.02,Debit,Completed,,Loan Payment - LN2019040000681,False,,1.23,,Automated,Personal Loan,standard_payment,False,loan_payment_generator,False,
TXNL201900000927,ACC0006611,IND19010726,LN2019040000684,LDO20190000500,5,2019-09-29,02:32:34,1419.83,Debit,Completed,,Loan Payment - LN2019040000684,False,,0.98,,Automated,Vehicle Loan,standard_payment,False,loan_payment_generator,False,
TXNL201900000928,ACC0006540,IND19011900,LN2019040000690,LDO20190000501,4,2019-09-01,04:41:26,1853.79,Debit,Completed,,Loan Payment - LN20190400...,False,,0.46,,Automated,Vehicle Loan,standard_payment,False,loan_payment_generator,True,truncated_description
TXNL201900000929,ACC0006083,IND19013467,LN2019040000691,LDO20190000237,5,2019-09-15,04:59:14,1941.38,Debit,Completed,,Loan Payment - LN2019040000691,False,,0.97,,Automated,Home Loan,standard_payment,False,loan_payment_generator,False,
TXNL201900000930,ACC0006884,IND19015135,LN2019040000696,LDO20190000502,4,2019-09-05,03:41:28,2767.53,Debit,Completed,,Loan Payment - LN2019040000696,False,,1.38,,Automated,Vehicle Loan,standard_payment,False,loan_payment_generator,False,
TXNL201900000931,ACC0005590,IND19007712,LN2019040000699,LDO20190000503,5,2019-09-19,02:58:10,1931.52,Debit,Completed,,Loan Payment - LN2019040000699,False,,0.29,,Automated,Personal Loan,standard_payment,False,loan_payment_generator,False,
TXNL201900000932,ACC0005824,IND19013306,LN2019040000701,LDO20190000238,5,2019-09-19,03:15:53,806.26,Debit,Completed,,Loan Payment - LN2019040000701 - Late Fee,False,,1.46,,Automated,Home Loan,late_payment,False,loan_payment_generator,False,
TXNL201900000933,ACC0006286,IND19014817,LN2019040000708,LDO20190000239,4,2019-09-02,03:26:45,6185.66,Debit,Completed,,Loan Payment - LN2019040000708,False,,0.8,,Automated,Home Loan,standard_payment,False,loan_payment_generator,False,
TXNL201900000934,ACC0006258,IND19014436,LN2019040000711,LDO20190000504,4,2019-09-02,04:10:25,2398.9,Debit,Completed,,Loan Payment - LN2019040000711,False,,0.29,,Automated,Vehicle Loan,standard_payment,False,loan_payment_generator,False,
TXNL201900000935,ACC0006114,IND19000797,LN2019040000713,LDO20190000505,5,2019-09-20,02:23:17,2478.89,Debit,Completed,,Loan Payment - LN2019040000713 - Late Fee,False,,0.7,,Automated,Personal Loan,late_payment,False,loan_payment_generator,False,
TXNL201900000936,ACC0006784,IND19011724,LN2019040000720,LDO20190000506,5,2019-09-23,02:40:58,1450.8,Debit,Completed,,Loan Payment - LN2019040000720,False,,0.54,,Automated,Home Loan,standard_payment,False,loan_payment_generator,False,
TXNL201900000937,ACC0006465,IND19002539,LN2019040000722,LDO20190000507,5,2019-09-30,03:54:00,2178.65,Debit,Completed,,Loan Payment - LN2019040000722,False,,2.0,,Automated,Personal Loan,standard_payment,False,loan_payment_generator,False,
TXNL201900000938,ACC0006875,IND19001044,LN2019040000724,LDO20190000240,5,2019-09-14,02:55:12,6735.95,Debit,Completed,,Loan Payment - LN2019040000724,False,,0.47,,Automated,Home Loan,standard_payment,False,loan_payment_generator,False,
TXNL201900000939,ACC0006439,IND19010454,LN2019040000729,LDO20190000508,5,2019-09-30,04:36:22,1974.92,Debit,Completed,,Loan Payment - LN2019040000729,False,,1.03,,Automated,Vehicle Loan,standard_payment,False,loan_payment_generator,False,
TXNL201900000940,ACC0006535,IND19003432,LN2019040000737,LDO20190000509,5,2019-09-30,03:39:30,1134.9,Debit,Completed,,Loan Payment - LN2019040000737,False,,1.36,,Automated,Home Loan,standard_payment,False,loan_payment_generator,False,
TXNL201900000941,ACC0006501,IND19012993,LN2019040000740,LDO20190000510,5,2019-09-20,03:43:16,366.78,Debit,Failed,bank_timeout,Loan Payment - LN20190400...,False,,0.57,,Automated,Home Loan,standard_payment,False,loan_payment_generator,True,truncated_description
TXNL201900000942,ACC0006652,IND19001592,LN2019040000748,LDO20190000019,5,2019-09-21,02:01:15,1845.94,Debit,Completed,,Loan Payment - LN2019040000748,False,,1.45,,Automated,Vehicle Loan,standard_payment,False,loan_payment_generator,False,
TXNL201900000943,ACC0006209,IND19009400,LN2019040000751,LDO20190000241,5,2019-09-22,02:31:47,3069.89,Debit,Completed,,Loan Payment - LN2019040000751,False,,1.46,,Automated,Vehicle Loan,standard_payment,False,loan_payment_generator,False,
TXNL201900000944,ACC0006424,IND19005129,LN2019040000752,LDO20190000511,4,2019-09-04,04:35:22,864.47,Debit,Completed,,Loan Payment - LN2019040000752,False,,0.37,,Automated,Vehicle Loan,standard_payment,False,loan_payment_generator,False,
TXNL201900000945,ACC0005901,IND19005390,LN2019040000757,LDO20190000512,4,2019-09-02,04:59:54,1539.45,Debit,Completed,,Loan Payment - LN2019040000757,False,,1.33,,Automated,Home Loan,standard_payment,False,loan_payment_generator,False,
TXNL201900000946,ACC0006309,IND19003220,LN2019040000759,LDO20190000513,5,2019-09-28,02:29:51,2359.63,Debit,Failed,insufficient_funds,Loan Payment - LN2019040000759,False,,0.95,,Automated,Vehicle Loan,standard_payment,False,loan_payment_generator,False,
TXNL201900000947,ACC0006375,IND19011919,LN2019040000761,LDO20190000045,4,2019-09-03,03:08:00,6475.59,Debit,Completed,,Loan Payment - LN2019040000761,False,,0.58,,Automated,Personal Loan,standard_payment,False,loan_payment_generator,False,
TXNL201900000948,ACC0006145,IND19002874,LN2019040000764,LDO20190000242,5,2019-09-19,03:34:33,360.12,Debit,Completed,,Loan Payment - LN2019040000764,False,,1.44,,Automated,Vehicle Loan,standard_payment,False,loan_payment_generator,False,
TXNL201900000949,ACC0006981,COM19000093,LN2019040000766,LDO20190000514,5,2019-09-09,04:30:17,11911.56,Debit,Completed,,Loan Payment - LN2019040000766,False,,0.53,,Automated,Business Loan,standard_payment,False,loan_payment_generator,False,
TXNL201900000950,ACC0005860,IND19014037,LN2019040000773,LDO20190000243,5,2019-09-19,02:02:56,721.37,Debit,Completed,,Loan Payment - LN2019040000773,False,,1.97,,Automated,Home Loan,standard_payment,False,loan_payment_generator,False,
TXNL201900000951,ACC0006542,IND19000673,LN2019040000780,LDO20190000515,5,2019-09-22,03:05:52,3105.75,Debit,Completed,,Loan Payment - LN2019040000780,False,,0.15,,Automated,Home Loan,standard_payment,False,loan_payment_generator,False,
TXNL201900000952,ACC0006266,IND19003941,LN2019040000781,LDO20190000516,5,2019-09-21,02:13:11,2046.48,Debit,Completed,,Loan Payment - LN2019040000781,False,,0.11,,Automated,Personal Loan,standard_payment,False,loan_payment_generator,False,
TXNL201900000953,ACC0006734,IND19005493,LN2019040000790,LDO20190000517,5,2019-09-10,03:26:28,1509.67,Debit,Completed,,Loan Payment - LN2019040000790,False,,0.87,,Automated,Home Loan,standard_payment,False,loan_payment_generator,False,
TXNL201900000954,ACC0005778,IND19015885,LN2019040000791,LDO20190000244,5,2019-09-22,04:56:14,3538.8,Debit,Completed,,Loan Payment - LN2019040000791,False,,1.79,,Automated,Personal Loan,standard_payment,False,loan_payment_generator,False,
TXNL201900000955,ACC0006094,IND19004821,LN2019040000810,LDO20190000518,4,2019-09-07,04:56:29,1564.97,Debit,Completed,,Loan Payment - LN2019040000810 - Extra Principal,False,,0.76,,Automated,Home Loan,extra_payment,False,loan_payment_generator,False,
TXNL201900000956,ACC0006306,IND19004991,LN2019040000811,LDO20190000519,5,2019-09-13,04:48:57,2052.6,Debit,Completed,,Loan Payment - LN2019040000811,False,,0.34,,Automated,Vehicle Loan,standard_payment,False,loan_payment_generator,False,
TXNL201900000957,ACC0006480,IND19014719,LN2019040000819,LDO20190000520,4,2019-09-08,04:14:57,2937.14,Debit,Completed,,Loan Payment - LN2019040000819,False,,1.19,,Automated,Vehicle Loan,standard_payment,False,loan_payment_generator,False,
TXNL201900000958,ACC0006938,IND19009972,LN2019040000822,LDO20190000245,5,2019-09-27,04:58:18,452.77,Debit,Completed,,Loan Payment - LN2019040000822 - Late Fee,False,,1.94,,Automated,Home Loan,late_payment,False,loan_payment_generator,False,
TXNL201900000959,ACC0006992,COM19000195,LN2019040000824,LDO20190000111,5,2019-09-24,02:27:25,17505.64,Debit,Completed,,Loan Payment - LN2019040000824,False,,0.97,,Automated,Business Loan,standard_payment,False,loan_payment_generator,False,
TXNL201900000960,ACC0006580,IND19006422,LN2019040000827,LDO20190000521,5,2019-09-27,02:15:03,3628.44,Debit,Completed,,Loan Payment - LN2019040000827,False,,1.11,,Automated,Personal Loan,standard_payment,False,loan_payment_generator,False,
TXNL201900000961,ACC0005675,IND19000388,LN2019040000832,LDO20190000522,4,2019-09-01,04:50:23,1422.64,Debit,Completed,,Loan Payment - LN2019040000832,False,,1.89,,Automated,Vehicle Loan,standard_payment,False,loan_payment_generator,False,
TXNL201900000962,ACC0006503,IND19002005,LN2019040000833,LDO20190000112,5,2019-09-18,02:58:46,877.07,Debit,Completed,,Loan Payment - LN2019040000833,False,,0.18,,Automated,Vehicle Loan,standard_payment,False,loan_payment_generator,False,
TXNL201900000963,ACC0006342,IND19005955,LN2019040000844,LDO20190000246,5,2019-09-16,00:12:27,762.72,Debit,Completed,,Loan Payment - LN2019040000844,False,,0.7,,Automated,Home Loan,standard_payment,False,loan_payment_generator,True,timestamp_shift
TXNL201900000964,ACC0005796,IND19006333,LN2019040000846,LDO20190000046,4,2019-09-02,03:25:50,1041.48,Debit,Completed,,Loan Payment - LN2019040000846,False,,1.24,,Automated,Personal Loan,standard_payment,False,loan_payment_generator,False,
TXNL201900000965,ACC0006324,IND19000214,LN2019040000860,LDO20190000523,5,2019-09-14,03:25:23,482.0,Debit,Completed,,Loan Payment - LN2019040000860,False,,0.48,,Automated,Home Loan,standard_payment,False,loan_payment_generator,False,
TXNL201900000966,ACC0005745,IND19006503,LN2019040000871,LDO20190000113,5,2019-09-11,02:34:37,3135.84,Debit,Completed,,Loan Payment - LN2019040000871,False,,0.37,,Automated,Home Loan,standard_payment,False,loan_payment_generator,False,
TXNL201900000967,ACC0006570,IND19013192,LN2019040000874,LDO20190000114,4,2019-09-03,02:28:13,6296.78,Debit,Completed,,Loan Payment - LN2019040000874,False,,1.48,,Automated,Personal Loan,standard_payment,False,loan_payment_generator,False,
TXNL201900000968,ACC0006687,IND19007346,LN2019040000890,LDO20190000524,4,2019-09-01,04:23:00,3564.64,Debit,Completed,,Loan Payment - LN2019040000890,False,,0.24,,Automated,Personal Loan,standard_payment,False,loan_payment_generator,False,
TXNL201900000969,ACC0007000,COM19000238,LN2019040000904,LDO20190000115,5,2019-09-18,03:50:40,4590.55,Debit,Completed,,Loan Payment - LN2019040000904,False,,1.7,,Automated,Business Loan,standard_payment,False,loan_payment_generator,False,
TXNL201900000970,ACC0006642,IND19010043,LN2019040000907,LDO20190000525,5,2019-09-12,02:59:28,5341.6,Debit,Completed,,Loan Payment - LN2019040000907,False,,1.86,,Automated,Home Loan,standard_payment,False,loan_payment_generator,False,
TXNL201900000971,ACC0006113,IND19003858,LN2019040000908,LDO20190000047,4,2019-09-01,03:58:59,857.42,Debit,Completed,,Loan Payment - LN2019040000908,False,,1.13,,Automated,Home Loan,standard_payment,False,loan_payment_generator,False,
TXNL201900000972,ACC0006157,IND19013899,LN2019040000913,LDO20190000116,5,2019-09-23,02:52:36,1853.27,Debit,Completed,,Loan Payment - LN2019040000913,False,,0.81,,Automated,Vehicle Loan,standard_payment,False,loan_payment_generator,False,
TXNL201900000973,ACC0005543,IND19006755,LN2019040000919,LDO20190000526,5,2019-09-18,03:30:31,559.62,Debit,Completed,,Loan Payment - LN2019040000919,False,,0.97,,Automated,Home Loan,standard_payment,False,loan_payment_generator,False,
TXNL201900000974,ACC0006553,IND19009487,LN2019040000920,LDO20190000117,4,2019-09-03,02:34:24,602.69,Debit,Completed,,Loan Payment - LN2019040000920 - Late Fee,False,,1.22,,Automated,Home Loan,late_payment,False,loan_payment_generator,False,
TXNL201900000975,ACC0006155,IND19014676,LN2019040000923,LDO20190000247,5,2019-09-21,04:49:19,4307.26,Debit,Completed,,Loan Payment - LN2019040000923,False,,0.54,,Automated,Home Loan,standard_payment,False,loan_payment_generator,False,
TXNL201900000976,ACC0006855,IND19009563,LN2019040000928,LDO20190000248,5,2019-09-19,02:30:42,1093.1,Debit,Completed,,Loan Payment - LN2019040000928,False,,0.25,,Automated,Home Loan,standard_payment,False,loan_payment_generator,False,
TXNL201900000977,ACC0005517,IND19002764,LN2019040000929,LDO20190000118,4,2019-09-03,03:08:20,1277.74,Debit,Completed,,Loan Payment - LN2019040000929,False,,0.06,,Automated,Vehicle Loan,standard_payment,False,loan_payment_generator,False,
TXNL201900000978,ACC0006403,IND19012682,LN2019040000933,LDO20190000527,4,2019-09-02,03:44:29,677.4,Debit,Completed,,Loan Payment - LN2019040000933,False,,1.17,,Automated,Personal Loan,standard_payment,False,loan_payment_generator,False,
TXNL201900000979,ACC0006876,IND19000464,LN2019040000937,LDO20190000528,4,2019-09-07,03:02:31,3241.03,Debit,Failed,insufficient_funds,Loan Payment - LN2019040000937,False,,1.39,,Automated,Home Loan,standard_payment,False,loan_payment_generator,False,
TXNL201900000980,ACC0005886,IND19013488,LN2019040000941,LDO20190000529,4,2019-09-06,04:10:14,8637.76,Debit,Completed,,Loan Payment - LN2019040000941,False,,0.59,,Automated,Personal Loan,standard_payment,False,loan_payment_generator,False,
TXNL201900000981,ACC0006276,IND19008958,LN2019040000944,LDO20190000048,5,2019-09-13,04:44:20,2924.42,Debit,Completed,,Loan Payment - LN2019040000944,False,,0.25,,Automated,Home Loan,standard_payment,False,loan_payment_generator,False,
TXNL201900000982,ACC0006166,IND19000921,LN2019040000947,LDO20190000249,5,2019-09-29,02:01:57,1728.88,Debit,Completed,,Loan Payment - LN2019040000947,False,,0.8,,Automated,Vehicle Loan,standard_payment,False,loan_payment_generator,False,
TXNL201900000983,ACC0006165,IND19002473,LN2019040000948,LDO20190000530,5,2019-09-29,02:37:31,1826.67,Debit,Completed,,Loan Payment - LN2019040000948,False,,1.65,,Automated,Home Loan,standard_payment,False,loan_payment_generator,False,
TXNL201900000984,ACC0006085,IND19012573,LN2019040000952,LDO20190000531,4,2019-09-06,03:18:00,1668.69,Debit,Completed,,Loan Payment - LN2019040000952,False,,0.83,,Automated,Home Loan,standard_payment,False,loan_payment_generator,False,
TXNL201900000985,ACC0005859,IND19014037,LN2019040000958,LDO20190000532,5,2019-09-23,04:14:59,1660.6,Debit,Completed,,Loan Payment - LN2019040000958,False,,1.37,,Automated,Personal Loan,standard_payment,False,loan_payment_generator,False,
TXNL201900000986,ACC0006278,IND19002340,LN2019040000961,LDO20190000533,4,2019-09-04,04:53:00,2516.11,Debit,Completed,,Loan Payment - LN2019040000961,False,,1.03,,Automated,Personal Loan,standard_payment,False,loan_payment_generator,False,
TXNL201900000987,ACC0006314,IND19010897,LN2019040000962,LDO20190000250,5,2019-09-18,02:28:40,1106.34,Debit,Completed,,Loan Payment - LN2019040000962,False,,0.69,,Automated,Home Loan,standard_payment,False,loan_payment_generator,False,
TXNL201900000988,ACC0006248,IND19005286,LN2019040000964,LDO20190000534,4,2019-09-01,04:25:44,776.63,Debit,Completed,,Loan Payment - LN2019040000964,False,,0.41,,Automated,Home Loan,standard_payment,False,loan_payment_generator,False,
TXNL201900000989,ACC0005908,IND19000620,LN2019040000966,LDO20190000535,5,2019-09-24,03:43:33,3820.9,Debit,Failed,bank_timeout,Loan Payment - LN2019040000966 - Late Fee,False,,1.12,,Automated,Home Loan,late_payment,False,loan_payment_generator,False,
TXNL201900000990,ACC0005701,IND19002057,LN2019040000967,LDO20190000536,4,2019-09-07,02:39:23,1481.41,Debit,Completed,,Loan Payment - LN2019040000967 - Late Fee,False,,0.65,,Automated,Personal Loan,late_payment,False,loan_payment_generator,False,
TXNL201900000991,ACC0005579,IND19010467,LN2019040000974,LDO20190000251,5,2019-09-24,02:32:21,942.9,Debit,Completed,,Loan Payment - LN2019040000974,False,,0.03,,Automated,Home Loan,standard_payment,False,loan_payment_generator,False,
TXNL201900000992,ACC0006689,IND19001053,LN2019040000977,LDO20190000537,5,2019-09-18,04:03:58,2238.81,Debit,Completed,,Loan Payment - LN2019040000977 - Extra Principal,False,,0.24,,Automated,Home Loan,extra_payment,False,loan_payment_generator,False,
TXNL201900000993,ACC0006222,IND19002180,LN2019040000979,LDO20190000538,5,2019-09-15,04:23:19,2203.19,Debit,Failed,insufficient_funds,Loan Payment - LN2019040000979,False,,1.97,,Automated,Personal Loan,standard_payment,False,loan_payment_generator,False,
TXNL201900000994,ACC0006321,IND19010780,LN2019040000981,LDO20190000539,5,2019-09-27,04:41:13,2131.66,Debit,Completed,,Loan Payment - LN2019040000981,False,,1.82,,Automated,Vehicle Loan,standard_payment,False,loan_payment_generator,False,
TXNL201900000995,ACC0005677,IND19011023,LN2019040000983,LDO20190000540,5,2019-09-16,03:33:37,1946.84,Debit,Completed,,Loan Payment - LN2019040000983,False,,0.09,,Automated,Home Loan,standard_payment,False,loan_payment_generator,False,
TXNL201900000996,ACC0006752,IND19007656,LN2019040000987,LDO20190000541,5,2019-09-20,03:52:55,479.84,Debit,Completed,,Loan Payment - LN2019040000987,False,,0.47,,Automated,Vehicle Loan,standard_payment,False,loan_payment_generator,False,
TXNL201900000997,ACC0005637,IND19010526,LN2019040000990,LDO20190000252,5,2019-09-18,02:16:33,904.97,Debit,Completed,,Loan Payment - LN2019040000990,False,,1.06,,Automated,Personal Loan,standard_payment,False,loan_payment_generator,False,
TXNL201900000998,ACC0006178,IND19001792,LN2019040001001,LDO20190000119,5,2019-09-15,03:32:02,1112.95,Debit,Completed,,Loan Payment - LN2019040001001,False,,0.55,,Automated,Home Loan,standard_payment,False,loan_payment_generator,False,
TXNL201900000999,ACC0006862,IND19006218,LN2019040001010,LDO20190000253,5,2019-09-28,02:43:57,2156.02,Debit,Completed,,Loan Payment - LN2019040001010,False,,1.91,,Automated,Vehicle Loan,standard_payment,False,loan_payment_generator,False,
TXNL201900001000,ACC0006066,IND19000926,LN2019040001015,LDO20190000049,5,2019-09-23,02:43:07,3798.43,Debit,Completed,,Loan Payment - LN2019040001015,False,,0.14,,Automated,Home Loan,standard_payment,False,loan_payment_generator,False,
TXNL201900001001,ACC0005822,IND19009557,LN2019040001017,LDO20190000542,4,2019-09-06,04:20:17,2722.41,Debit,Completed,,Loan Payment - LN2019040001017,False,,0.24,,Automated,Home Loan,standard_payment,False,loan_payment_generator,False,
TXNL201900001002,ACC0006651,IND19004090,LN2019040001020,LDO20190000120,5,2019-09-27,02:13:33,339.26,Debit,Completed,,Loan Payment - LN20190400...,False,,0.61,,Automated,Home Loan,standard_payment,False,loan_payment_generator,True,truncated_description
TXNL201900001003,ACC0006924,IND19011913,LN2019040001021,LDO20190000121,5,2019-09-12,02:52:14,1620.24,Debit,Completed,,Loan Payment - LN2019040001021,False,,0.59,,Automated,Home Loan,standard_payment,False,loan_payment_generator,False,
TXNL201900001004,ACC0006331,IND19014814,LN2019040001026,LDO20190000543,5,2019-09-23,04:19:36,1760.13,Debit,Completed,,Loan Payment - LN2019040001026,False,,0.94,,Automated,Vehicle Loan,standard_payment,False,loan_payment_generator,False,
TXNL201900001005,ACC0006295,IND19011761,LN2019040001031,LDO20190000544,5,2019-09-17,02:30:53,356.66,Debit,Completed,,Loan Payment - LN2019040001031,False,,0.55,,Automated,Home Loan,standard_payment,False,loan_payment_generator,False,
TXNL201900001006,ACC0006135,IND19014975,LN2019040001040,LDO20190000050,4,2019-09-01,02:46:46,1171.15,Debit,Completed,,Loan Payment - LN2019040001040,False,,1.27,,Automated,Home Loan,standard_payment,False,loan_payment_generator,False,
TXNL201900001007,ACC0005685,IND19014261,LN2019040001042,LDO20190000545,5,2019-09-22,03:32:57,1784.08,Debit,Completed,,Loan Payment - LN2019040001042,False,,1.11,,Automated,Personal Loan,standard_payment,False,loan_payment_generator,False,
TXNL201900001008,ACC0006338,IND19003909,LN2019040001058,LDO20190000546,5,2019-09-24,02:55:36,2205.0,Debit,Completed,,Loan Payment - LN2019040001058,False,,0.42,,Automated,Home Loan,standard_payment,False,loan_payment_generator,False,
TXNL201900001009,ACC0006808,IND19004647,LN2019040001060,LDO20190000547,5,2019-09-12,02:15:57,7166.4,Debit,Failed,account_blocked,Loan Payment - LN2019040001060,False,,1.09,,Automated,Personal Loan,standard_payment,False,loan_payment_generator,False,
TXNL201900001010,ACC0005559,IND19011074,LN2019040001081,LDO20190000548,5,2019-09-30,03:44:56,2588.56,Debit,Completed,,Loan Payment - LN2019040001081,False,,1.64,,Automated,Personal Loan,standard_payment,False,loan_payment_generator,False,
TXNL201900001011,ACC0006877,IND19011130,LN2019040001088,LDO20190000122,4,2019-09-08,04:00:12,930.46,Debit,Completed,,Loan Payment - LN20190400...,False,,1.65,,Automated,Home Loan,standard_payment,False,loan_payment_generator,True,truncated_description
TXNL201900001012,ACC0005706,IND19001440,LN2019040001097,LDO20190000549,5,2019-09-14,02:34:03,1417.8,Debit,Completed,,Loan Payment - LN2019040001097,False,,0.77,,Automated,Home Loan,standard_payment,False,loan_payment_generator,False,
TXNL201900001013,ACC0006495,IND19014203,LN2019040001101,LDO20190000254,5,2019-09-17,02:31:31,1411.9,Debit,Completed,,Loan Payment - LN2019040001101,False,,0.47,,Automated,Home Loan,standard_payment,False,loan_payment_generator,False,
TXNL201900001014,ACC0006211,IND19012935,LN2019040001103,LDO20190000550,5,2019-09-19,04:44:38,4110.79,Debit,Completed,,Loan Payment - LN2019040001103,False,,0.38,,Automated,Home Loan,standard_payment,False,loan_payment_generator,False,
TXNL201900001015,ACC0006440,IND19003673,LN2019040001104,LDO20190000123,4,2019-09-06,02:37:32,2763.23,Debit,Failed,account_blocked,Loan Payment - LN2019040001104,False,,0.71,,Automated,Personal Loan,standard_payment,False,loan_payment_generator,False,
TXNL201900001016,ACC0005644,IND19013828,LN2019040001111,LDO20190000124,5,2019-09-27,03:00:53,4443.96,Debit,Completed,,Loan Payment - LN2019040001111,False,,1.34,,Automated,Home Loan,standard_payment,False,loan_payment_generator,False,
TXNL201900001017,ACC0006460,IND19004584,LN2019040001114,LDO20190000125,5,2019-09-22,02:28:15,232.21,Debit,Completed,,Loan Payment - LN2019040001114,False,,1.07,,Automated,Home Loan,standard_payment,False,loan_payment_generator,False,
TXNL201900001018,ACC0006801,IND19010853,LN2019040001118,LDO20190000126,5,2019-09-23,04:30:08,4164.51,Debit,Completed,,Loan Payment - LN2019040001118,False,,0.61,,Automated,Home Loan,standard_payment,False,loan_payment_generator,False,
TXNL201900001019,ACC0006925,IND19004376,LN2019040001126,LDO20190000551,4,2019-09-02,03:04:54,2768.21,Debit,Completed,,Loan Payment - LN2019040001126,False,,1.08,,Automated,Home Loan,standard_payment,False,loan_payment_generator,False,
TXNL201900001020,ACC0005693,IND19008245,LN2019040001127,LDO20190000255,5,2019-09-18,02:32:27,2071.7,Debit,Completed,,Loan Payment - LN2019040001127,False,,0.86,,Automated,Home Loan,standard_payment,False,loan_payment_generator,False,
TXNL201900001021,ACC0006429,IND19010105,LN2019040001137,LDO20190000127,5,2019-09-30,02:49:34,1258.72,Debit,Completed,,Loan Payment - LN2019040001137,False,,1.54,,Automated,Vehicle Loan,standard_payment,False,loan_payment_generator,False,
TXNL201900001022,ACC0006823,IND19008205,LN2019040001143,LDO20190000552,5,2019-09-26,03:06:52,7938.49,Debit,Completed,,Loan Payment - LN2019040001143,False,,0.71,,Automated,Personal Loan,standard_payment,False,loan_payment_generator,False,
TXNL201900001023,ACC0006804,IND19001507,LN2019040001145,LDO20190000553,5,2019-09-15,03:44:04,2581.46,Debit,Completed,,Loan Payment - LN2019040001145,False,,0.78,,Automated,Vehicle Loan,standard_payment,False,loan_payment_generator,False,
TXNL201900001024,ACC0006270,IND19004036,LN2019040001149,LDO20190000554,5,2019-09-29,04:05:04,1268.18,Debit,Failed,insufficient_funds,Loan Payment - LN2019040001149,False,,1.26,,Automated,Home Loan,standard_payment,False,loan_payment_generator,False,
TXNL201900001025,ACC0006974,COM19000211,LN2019040001153,LDO20190000555,5,2019-09-28,03:51:38,25848.04,Debit,Completed,,Loan Payment - LN2019040001153,False,,0.6,,Automated,Business Loan,standard_payment,False,loan_payment_generator,False,
TXNL201900001026,ACC0006670,IND19002557,LN2019040001170,LDO20190000128,4,2019-09-01,03:17:10,3186.67,Debit,Completed,,Loan Payment - LN2019040001170,False,,1.44,,Automated,Vehicle Loan,standard_payment,False,loan_payment_generator,False,
TXNL201900001027,ACC0006821,IND19000585,LN2019040001174,LDO20190000556,5,2019-09-16,03:18:07,2284.44,Debit,Completed,,Loan Payment - LN2019040001174,False,,0.86,,Automated,Vehicle Loan,standard_payment,False,loan_payment_generator,False,
TXNL201900001028,ACC0006304,IND19005324,LN2019040001177,LDO20190000557,4,2019-09-03,03:21:17,8242.92,Debit,Completed,,Loan Payment - LN2019040001177,False,,1.4,,Automated,Home Loan,standard_payment,False,loan_payment_generator,False,
 TXNL201900001029 ,ACC0006878,IND19012616,LN2019040001188,LDO20190000256,5,2019-09-15,02:17:40,448.91,Debit,Completed,,Loan Payment - LN2019040001188,False,,1.08,,Automated,Home Loan,standard_payment,False,loan_payment_generator,True,whitespace_in_id
TXNL201900001030,ACC0006657,IND19004292,LN2019040001194,LDO20190000558,4,2019-09-06,04:21:53,2155.91,Debit,Completed,,Loan Payment - LN2019040001194,False,,0.79,,Automated,Vehicle Loan,standard_payment,False,loan_payment_generator,False,
TXNL201900001031,ACC0005662,IND19002676,LN2019040001195,LDO20190000559,5,2019-09-21,04:38:03,1573.62,Debit,Completed,,Loan Payment - LN2019040001195,False,,1.48,,Automated,Home Loan,standard_payment,False,loan_payment_generator,False,
TXNL201900001032,ACC0005718,IND19015281,LN2019040001202,LDO20190000257,5,2019-09-24,03:27:56,5230.93,Debit,Completed,,Loan Payment - LN2019040001202,False,,1.2,,Automated,Vehicle Loan,standard_payment,False,loan_payment_generator,False,
TXNL201900001033,ACC0006088,IND19000806,LN2019040001214,LDO20190000560,5,2019-09-16,03:55:17,2100.65,Debit,Completed,,Loan Payment - LN2019040001214 - Partial,False,,0.31,,Automated,Vehicle Loan,partial_payment,False,loan_payment_generator,False,
TXNL201900001034,ACC0006562,IND19004995,LN2019040001221,LDO20190000258,5,2019-09-24,03:05:21,1734.11,Debit,Completed,,Loan Payment - LN2019040001221,False,,0.82,,Automated,Home Loan,standard_payment,False,loan_payment_generator,False,
TXNL201900001035,ACC0006023,IND19004235,LN2019040001225,LDO20190000051,5,2019-09-20,02:42:52,1355.75,Debit,Completed,,Loan Payment - LN2019040001225,False,,1.84,,Automated,Personal Loan,standard_payment,False,loan_payment_generator,False,
TXNL201900001036,ACC0006089,IND19009599,LN2019040001226,LDO20190000561,5,2019-09-26,04:25:55,1585.67,Debit,Completed,,Loan Payment - LN2019040001226 - Late Fee,False,,1.63,,Automated,Home Loan,late_payment,False,loan_payment_generator,False,
TXNL201900001037,ACC0006512,IND19000568,LN2019040001228,LDO20190000562,5,2019-09-18,03:06:09,2712.5,Debit,Completed,,Loan Payment - LN2019040001228,False,,1.43,,Automated,Vehicle Loan,standard_payment,False,loan_payment_generator,False,
TXNL201900001038,ACC0006910,IND19013106,LN2019040001229,LDO20190000563,5,2019-09-21,03:58:04,1238.73,Debit,Completed,,Loan Payment - LN2019040001229 - Partial,False,,1.2,,Automated,Vehicle Loan,partial_payment,False,loan_payment_generator,False,
TXNL201900001039,ACC0005925,IND19014180,LN2019040001230,LDO20190000129,5,2019-09-20,04:35:42,1337.01,Debit,Completed,,Loan Payment - LN2019040001230,False,,1.82,,Automated,Home Loan,standard_payment,False,loan_payment_generator,False,
TXNL201900001040,ACC0005698,IND19009645,LN2019040001234,LDO20190000564,4,2019-09-07,04:26:49,2390.06,Debit,Completed,,Loan Payment - LN2019040001234,False,,0.23,,Automated,Vehicle Loan,standard_payment,False,loan_payment_generator,False,
TXNL201900001041,ACC0006645,IND19012381,LN2019040001240,LDO20190000565,4,2019-09-01,02:45:46,972.95,Debit,Completed,,Loan Payment - LN2019040001240,False,,1.79,,Automated,Home Loan,standard_payment,False,loan_payment_generator,False,
TXNL201900001042,ACC0006389,IND19000373,LN2019040001241,LDO20190000566,5,2019-09-26,02:12:52,5148.53,Debit,Completed,,Loan Payment - LN2019040001241,False,,0.76,,Automated,Personal Loan,standard_payment,False,loan_payment_generator,False,
TXNL201900001043,ACC0005668,IND19002786,LN2019040001246,LDO20190000259,5,2019-09-12,04:25:24,1781.69,Debit,Failed,mandate_limit,Loan Payment - LN2019040001246,False,,0.86,,Automated,Home Loan,standard_payment,False,loan_payment_generator,False,
TXNL201900001044,ACC0006271,IND19003428,LN2019040001248,LDO20190000567,5,2019-09-14,02:35:40,4576.12,Debit,Completed,,Loan Payment - LN2019040001248,False,,0.96,,Automated,Vehicle Loan,standard_payment,False,loan_payment_generator,False,
TXNL201900001045,ACC0006349,IND19002368,LN2019040001251,LDO20190000568,4,2019-09-09,02:51:00,3530.61,Debit,Completed,,Loan Payment - LN2019040001251,False,,0.74,,Automated,Vehicle Loan,standard_payment,False,loan_payment_generator,False,
TXNL201900001046,ACC0006605,IND19009023,LN2019040001252,LDO20190000569,5,2019-09-12,02:21:02,1956.66,Debit,Completed,,Loan Payment - LN2019040001252 - Partial,False,,1.87,,Automated,Vehicle Loan,partial_payment,False,loan_payment_generator,False,
TXNL201900001047,ACC0006911,IND19015046,LN2019040001253,LDO20190000570,5,2019-09-26,02:05:09,909.74,Debit,Completed,,Loan Payment - LN2019040001253,False,,1.18,,Automated,Home Loan,standard_payment,False,loan_payment_generator,False,
TXNL201900001048,ACC0006046,IND19008170,LN2019040001255,LDO20190000052,5,2019-09-24,02:02:42,626.51,Debit,Completed,,Loan Payment - LN2019040001255,False,,0.29,,Automated,Home Loan,standard_payment,False,loan_payment_generator,False,
TXNL201900001049,ACC0005523,IND19012856,LN2019040001258,LDO20190000260,5,2019-09-29,04:57:19,3786.64,Debit,Completed,,Loan Payment - LN2019040001258,False,,0.23,,Automated,Personal Loan,standard_payment,False,loan_payment_generator,False,
TXNL201900001050,ACC0005711,IND19013021,LN2019040001260,LDO20190000261,5,2019-09-21,03:18:43,4766.6,Debit,Completed,,Loan Payment - LN2019040001260,False,,1.22,,Automated,Personal Loan,standard_payment,False,loan_payment_generator,False,
 TXNL201900001051 ,ACC0006200,IND19013302,LN2019040001261,LDO20190000130,5,2019-09-21,03:24:09,1284.14,Debit,Completed,,Loan Payment - LN2019040001261,False,,1.36,,Automated,Home Loan,standard_payment,False,loan_payment_generator,True,whitespace_in_id
TXNL201900001052,ACC0006053,IND19008287,LN2019040001268,LDO20190000571,5,2019-09-18,04:33:45,1384.86,Debit,Completed,,Loan Payment - LN2019040001268,False,,1.05,,Automated,Vehicle Loan,standard_payment,False,loan_payment_generator,False,
TXNL201900001053,ACC0006603,IND19003315,LN2019040001277,LDO20190000572,5,2019-09-24,02:42:51,662.56,Debit,Completed,,Loan Payment - LN2019040001277,False,,1.0,,Automated,Personal Loan,standard_payment,False,loan_payment_generator,False,
TXNL201900001054,ACC0006350,IND19014848,LN2019040001292,LDO20190000573,5,2019-09-16,04:39:34,790.65,Debit,Completed,,Loan Payment - LN2019040001292,False,,1.59,,Automated,Home Loan,standard_payment,False,loan_payment_generator,False,
TXNL201900001055,ACC0006313,IND19007722,LN2019040001293,LDO20190000262,5,2019-09-13,04:20:17,277.64,Debit,Completed,,Loan Payment - LN2019040001293,False,,0.89,,Automated,Home Loan,standard_payment,False,loan_payment_generator,False,
TXNL201900001056,ACC0006486,IND19003550,LN2019040001295,LDO20190000263,5,2019-09-20,03:32:00,1356.57,Debit,Completed,,Loan Payment - LN2019040001295,False,,1.46,,Automated,Home Loan,standard_payment,False,loan_payment_generator,False,
TXNL201900001057,ACC0005709,IND19002793,LN2019040001306,LDO20190000574,4,2019-09-02,04:45:31,1030.51,Debit,Completed,,Loan Payment - LN2019040001306,False,,0.82,,Automated,Vehicle Loan,standard_payment,False,loan_payment_generator,False,
TXNL201900001058,ACC0005855,IND19002783,LN2019040001307,LDO20190000575,5,2019-09-16,04:55:19,2927.22,Debit,Completed,,Loan Payment - LN2019040001307,False,,1.61,,Automated,Home Loan,standard_payment,False,loan_payment_generator,False,
TXNL201900001059,ACC0006571,IND19003218,LN2019040001312,LDO20190000576,5,2019-09-28,04:30:12,2264.31,Debit,Completed,,Loan Payment - LN2019040001312,False,,0.44,,Automated,Vehicle Loan,standard_payment,False,loan_payment_generator,False,
TXNL201900001060,ACC0006305,IND19009929,LN2019040001313,LDO20190000577,5,2019-09-25,03:49:06,1167.77,Debit,Completed,,Loan Payment - LN2019040001313 - Extra Principal,False,,1.32,,Automated,Home Loan,extra_payment,False,loan_payment_generator,False,
TXNL201900001061,ACC0005616,IND19008087,LN2019040001320,LDO20190000578,4,2019-09-01,03:17:53,2490.65,Debit,Completed,,Loan Payment - LN2019040001320,False,,1.4,,Automated,Home Loan,standard_payment,False,loan_payment_generator,False,
TXNL201900001062,ACC0006407,IND19010627,LN2019040001330,LDO20190000264,5,2019-09-17,04:33:04,3337.88,Debit,Completed,,Loan Payment - LN2019040001330 - Late Fee,False,,0.78,,Automated,Home Loan,late_payment,False,loan_payment_generator,False,
TXNL201900001063,ACC0006146,IND19007765,LN2019040001331,LDO20190000579,5,2019-09-15,03:59:51,2327.02,Debit,Completed,,Loan Payment - LN2019040001331,False,,1.03,,Automated,Home Loan,standard_payment,False,loan_payment_generator,False,
TXNL201900001064,ACC0006069,IND19000365,LN2019040001333,LDO20190000131,5,2019-09-18,04:35:21,3133.58,Debit,Completed,,Loan Payment - LN2019040001333,False,,0.21,,Automated,Personal Loan,standard_payment,False,loan_payment_generator,False,
TXNL201900001065,ACC0006685,IND19007584,LN2019040001336,LDO20190000580,5,2019-09-23,02:46:59,3399.36,Debit,Completed,,Loan Payment - LN2019040001336,False,,1.5,,Automated,Vehicle Loan,standard_payment,False,loan_payment_generator,False,
TXNL201900001066,ACC0005790,IND19005335,LN2019040001349,LDO20190000265,5,2019-09-25,04:13:41,4564.45,Debit,Completed,,Loan Payment - LN2019040001349,False,,1.48,,Automated,Home Loan,standard_payment,False,loan_payment_generator,False,
TXNL201900001067,ACC0006193,IND19012259,LN2019040001356,LDO20190000053,5,2019-09-24,04:26:21,3336.65,Debit,Completed,,Loan Payment - LN2019040001356,False,,1.94,,Automated,Personal Loan,standard_payment,False,loan_payment_generator,False,
TXNL201900001068,ACC0006462,IND19000151,LN2019040001364,LDO20190000266,5,2019-09-29,03:45:59,3053.04,Debit,Completed,,Loan Payment - LN2019040001364,False,,1.93,,Automated,Home Loan,standard_payment,False,loan_payment_generator,False,
TXNL201900001069,ACC0005647,IND19010661,LN2019040001368,LDO20190000581,5,2019-09-20,02:46:11,1119.4,Debit,Completed,,Loan Payment - LN2019040001368,False,,0.15,,Automated,Home Loan,standard_payment,False,loan_payment_generator,False,
TXNL201900001070,ACC0005648,IND19009144,LN2019040001371,LDO20190000582,5,2019-09-13,03:36:33,2541.1,Debit,Failed,daily_limit_exceeded,Loan Payment - LN2019040001371,False,,0.06,,Automated,Home Loan,standard_payment,False,loan_payment_generator,False,
TXNL201900001071,ACC0005994,IND19006812,LN2019040001375,LDO20190000583,5,2019-09-21,02:31:55,767.09,Debit,Completed,,Loan Payment - LN2019040001375,False,,0.64,,Automated,Vehicle Loan,standard_payment,False,loan_payment_generator,False,
TXNL201900001072,ACC0006139,IND19002086,LN2019040001376,LDO20190000584,4,2019-09-10,04:08:46,4567.02,Debit,Completed,,Loan Payment - LN2019040001376,False,,0.18,,Automated,Home Loan,standard_payment,False,loan_payment_generator,False,
TXNL201900001073,ACC0006656,IND19012686,LN2019040001377,LDO20190000585,5,2019-09-25,04:54:53,3253.79,Debit,Completed,,Loan Payment - LN2019040001377,False,,1.33,,Automated,Vehicle Loan,standard_payment,False,loan_payment_generator,False,
TXNL201900001074,ACC0005985,IND19012694,LN2019040001383,LDO20190000054,4,2019-09-09,04:45:48,4989.62,Debit,Completed,,Loan Payment - LN2019040001383,False,,0.35,,Automated,Home Loan,standard_payment,False,loan_payment_generator,False,
TXNL201900001075,ACC0006519,IND19014312,LN2019040001384,LDO20190000586,5,2019-09-26,03:16:56,710.2,Debit,Completed,,Loan Payment - LN2019040001384,False,,0.77,,Automated,Home Loan,standard_payment,False,loan_payment_generator,False,
TXNL201900001076,ACC0006182,IND19012327,LN2019040001386,LDO20190000267,4,2019-09-09,02:45:17,1462.39,Debit,Failed,account_blocked,Loan Payment - LN2019040001386,False,,1.32,,Automated,Home Loan,standard_payment,False,loan_payment_generator,False,
TXNL201900001077,ACC0006753,IND19007656,LN2019040001402,LDO20190000587,4,2019-09-02,06:56:18,275.8,Debit,Completed,,Loan Payment - LN2019040001402,False,,0.14,,Automated,Home Loan,standard_payment,False,loan_payment_generator,True,timestamp_shift
TXNL201900001078,ACC0005916,IND19007104,LN2019040001405,LDO20190000588,4,2019-09-08,03:32:35,885.45,Debit,Completed,,Loan Payment - LN2019040001405,False,,1.77,,Automated,Personal Loan,standard_payment,False,loan_payment_generator,False,
TXNL201900001079,ACC0007003,COM19000217,LN2019040001406,LDO20190000132,4,2019-09-05,03:04:50,3771.09,Debit,Failed,mandate_limit,Loan Payment - LN2019040001406,False,,0.33,,Automated,Business Loan,standard_payment,False,loan_payment_generator,False,
TXNL201900001080,ACC0006334,IND19003989,LN2019040001407,LDO20190000133,4,2019-09-10,04:29:09,2373.67,Debit,Failed,mandate_limit,Loan Payment - LN2019040001407,False,,0.49,,Automated,Personal Loan,standard_payment,False,loan_payment_generator,False,
TXNL201900001081,ACC0005705,IND19001440,LN2019040001409,LDO20190000268,4,2019-09-06,02:20:20,2167.45,Debit,Completed,,Loan Payment - LN2019040001409,False,,1.06,,Automated,Personal Loan,standard_payment,False,loan_payment_generator,False,
TXNL201900001082,ACC0007457,IND19007189,LN2019050000003,LDO20190000269,4,2019-09-29,02:15:22,1584.7,Debit,Completed,,Loan Payment - LN2019050000003,False,,0.47,,Automated,Home Loan,standard_payment,False,loan_payment_generator,False,
TXNL201900001083,ACC0008179,IND19006039,LN2019050000007,LDO20190000589,4,2019-09-16,04:42:55,1456.1,Debit,Completed,,Loan Payment - LN2019050000007,False,,0.09,,Automated,Home Loan,standard_payment,False,loan_payment_generator,False,
TXNL201900001084,ACC0007036,IND19002916,LN2019050000011,LDO20190000590,4,2019-09-22,03:10:29,3864.14,Debit,Failed,insufficient_funds,Loan Payment - LN2019050000011,False,,0.51,,Automated,Personal Loan,standard_payment,False,loan_payment_generator,False,
TXNL201900001085,ACC0007156,IND19003892,LN2019050000020,LDO20190000591,4,2019-09-29,03:37:39,1611.63,Debit,Completed,,Loan Payment - LN2019050000020,False,,1.79,,Automated,Home Loan,standard_payment,False,loan_payment_generator,False,
TXNL201900001086,ACC0007488,IND19008680,LN2019050000025,LDO20190000270,4,2019-09-16,03:06:07,1965.89,Debit,Completed,,Loan Payment - LN2019050000025,False,,0.34,,Automated,Vehicle Loan,standard_payment,False,loan_payment_generator,False,
TXNL201900001087,ACC0007128,IND19011613,LN2019050000027,LDO20190000055,4,2019-09-14,04:13:04,1199.84,Debit,Completed,,Loan Payment - LN2019050000027,False,,0.56,,Automated,Personal Loan,standard_payment,False,loan_payment_generator,False,
TXNL201900001088,ACC0007955,IND19000140,LN2019050000033,LDO20190000592,4,2019-09-08,03:07:22,3942.96,Debit,Completed,,Loan Payment - LN2019050000033,False,,0.21,,Automated,Personal Loan,standard_payment,False,loan_payment_generator,False,
TXNL201900001089,ACC0008045,IND19006260,LN2019050000044,LDO20190000271,3,2019-09-03,02:34:09,1021.96,Debit,Completed,,Loan Payment - LN2019050000044,False,,1.45,,Automated,Personal Loan,standard_payment,False,loan_payment_generator,False,
TXNL201900001090,ACC0007419,IND19013320,LN2019050000051,LDO20190000272,4,2019-09-10,06:48:20,4981.91,Debit,Failed,bank_timeout,Loan Payment - LN2019050000051,False,,0.39,,Automated,Personal Loan,standard_payment,False,loan_payment_generator,True,timestamp_shift
TXNL201900001091,ACC0007877,IND19005695,LN2019050000056,LDO20190000593,4,2019-09-28,04:42:59,1406.91,Debit,Completed,,Loan Payment - LN2019050000056,False,,0.1,,Automated,Home Loan,standard_payment,False,loan_payment_generator,False,
TXNL201900001092,ACC0007973,IND19006781,LN2019050000062,LDO20190000594,4,2019-09-18,04:44:01,2545.76,Debit,Completed,,Loan Payment - LN2019050000062,False,,1.68,,Automated,Home Loan,standard_payment,False,loan_payment_generator,False,
TXNL201900001093,ACC0008156,IND19002483,LN2019050000068,LDO20190000595,4,2019-09-16,03:42:12,1375.9,Debit,Completed,,Loan Payment - LN2019050000068,False,,1.94,,Automated,Personal Loan,standard_payment,False,loan_payment_generator,False,
TXNL201900001094,ACC0007381,IND19013359,LN2019050000070,LDO20190000134,4,2019-09-30,02:48:44,2952.88,Debit,Completed,,Loan Payment - LN2019050000070,False,,1.42,,Automated,Home Loan,standard_payment,False,loan_payment_generator,False,
TXNL201900001095,ACC0007899,IND19011117,LN2019050000083,LDO20190000596,3,2019-09-04,04:34:03,1351.39,Debit,Completed,,Loan Payment - LN2019050000083,False,,1.43,,Automated,Personal Loan,standard_payment,False,loan_payment_generator,False,
TXNL201900001096,ACC0007625,IND19000348,LN2019050000087,LDO20190000273,4,2019-09-21,04:45:32,2208.9,Debit,Completed,,Loan Payment - LN2019050000087,False,,1.34,,Automated,Home Loan,standard_payment,False,loan_payment_generator,False,
TXNL201900001097,ACC0008200,IND19013145,LN2019050000096,LDO20190000020,4,2019-09-22,04:23:34,3008.98,Debit,Completed,,Loan Payment - LN2019050000096,False,,1.89,,Automated,Home Loan,standard_payment,False,loan_payment_generator,False,
TXNL201900001098,ACC0007560,IND19012605,LN2019050000106,LDO20190000597,4,2019-09-15,03:52:54,949.6,Debit,Completed,,Loan Payment - LN2019050000106,False,,1.95,,Automated,Home Loan,standard_payment,False,loan_payment_generator,False,
TXNL201900001099,ACC0007260,IND19011125,LN2019050000118,LDO20190000274,4,2019-09-16,03:02:43,1431.08,Debit,Failed,bank_timeout,Loan Payment - LN2019050000118 - Late Fee,False,,0.48,,Automated,Personal Loan,late_payment,False,loan_payment_generator,False,
TXNL201900001100,ACC0007885,IND19010577,LN2019050000119,LDO20190000021,4,2019-09-17,04:03:48,220.68,Debit,Completed,,Loan Payment - LN2019050000119,False,,1.65,,Automated,Home Loan,standard_payment,False,loan_payment_generator,False,
TXNL201900001101,ACC0007883,IND19002182,LN2019050000126,LDO20190000275,3,2019-09-02,03:07:02,1502.16,Debit,Completed,,Loan Payment - LN2019050000126,False,,1.27,,Automated,Vehicle Loan,standard_payment,False,loan_payment_generator,False,
TXNL201900001102,ACC0007788,IND19003730,LN2019050000134,LDO20190000598,4,2019-09-27,03:12:09,1771.25,Debit,Completed,,Loan Payment - LN2019050000134,False,,0.74,,Automated,Personal Loan,standard_payment,False,loan_payment_generator,False,
TXNL201900001103,ACC0008280,IND19006448,LN2019050000141,LDO20190000599,4,2019-09-26,02:09:24,3365.71,Debit,Completed,,Loan Payment - LN2019050000141,False,,0.07,,Automated,Home Loan,standard_payment,False,loan_payment_generator,False,
TXNL201900001104,ACC0007373,IND19010971,LN2019050000143,LDO20190000600,4,2019-09-29,03:10:50,401.04,Debit,Completed,,Loan Payment - LN2019050000143,False,,0.98,,Automated,Home Loan,standard_payment,False,loan_payment_generator,False,
TXNL201900001105,ACC0008288,IND19008344,LN2019050000150,LDO20190000601,4,2019-09-20,02:13:38,14129.2,Debit,Completed,,Loan Payment - LN2019050000150,False,,1.83,,Automated,Personal Loan,standard_payment,False,loan_payment_generator,False,
TXNL201900001106,ACC0007661,IND19011093,LN2019050000151,LDO20190000602,4,2019-09-10,02:50:56,1106.5,Debit,Completed,,Loan Payment - LN2019050000151,False,,1.36,,Automated,Home Loan,standard_payment,False,loan_payment_generator,False,
TXNL201900001107,ACC0007802,IND19005932,LN2019050000155,LDO20190000603,3,2019-09-01,02:23:50,927.52,Debit,Completed,,Loan Payment - LN2019050000155,False,,1.84,,Automated,Home Loan,standard_payment,False,loan_payment_generator,False,
TXNL201900001108,ACC0007680,IND19006794,LN2019050000156,LDO20190000604,4,2019-09-29,04:35:55,1170.87,Debit,Completed,,Loan Payment - LN2019050000156,False,,0.57,,Automated,Vehicle Loan,standard_payment,False,loan_payment_generator,False,
TXNL201900001109,ACC0008276,IND19009923,LN2019050000167,LDO20190000056,4,2019-09-16,04:03:52,4281.54,Debit,Completed,,Loan Payment - LN2019050000167,False,,0.09,,Automated,Vehicle Loan,standard_payment,False,loan_payment_generator,False,
TXNL201900001110,ACC0007580,IND19012833,LN2019050000172,LDO20190000276,4,2019-09-28,02:22:05,685.7,Debit,Completed,,Loan Payment - LN2019050000172,False,,0.88,,Automated,Vehicle Loan,standard_payment,False,loan_payment_generator,False,
TXNL201900001111,ACC0008172,IND19003865,LN2019050000190,LDO20190000605,3,2019-09-07,02:06:42,948.27,Debit,Completed,,Loan Payment - LN2019050000190,False,,0.37,,Automated,Vehicle Loan,standard_payment,False,loan_payment_generator,False,
TXNL201900001112,ACC0007396,IND19001029,LN2019050000192,LDO20190000606,4,2019-09-24,03:40:27,3458.61,Debit,Completed,,Loan Payment - LN2019050000192,False,,0.18,,Automated,Vehicle Loan,standard_payment,False,loan_payment_generator,False,
TXNL201900001113,ACC0007468,IND19009030,LN2019050000199,LDO20190000277,4,2019-09-17,03:03:30,1334.07,Debit,Completed,,Loan Payment - LN2019050000199 - Extra Principal,False,,1.4,,Automated,Home Loan,extra_payment,False,loan_payment_generator,False,
TXNL201900001114,ACC0007471,IND19002781,LN2019050000200,LDO20190000278,4,2019-09-27,02:37:29,2785.25,Debit,Completed,,Loan Payment - LN2019050000200,False,,0.3,,Automated,Home Loan,standard_payment,False,loan_payment_generator,False,
TXNL201900001115,ACC0007566,IND19012877,LN2019050000202,LDO20190000279,3,2019-09-06,02:08:31,848.65,Debit,Completed,,Loan Payment - LN2019050000202,False,,1.44,,Automated,Home Loan,standard_payment,False,loan_payment_generator,False,
TXNL201900001116,ACC0007448,IND19010030,LN2019050000218,LDO20190000135,4,2019-09-15,02:38:27,453.79,Debit,Completed,,Loan Payment - LN2019050000218,False,,1.58,,Automated,Home Loan,standard_payment,False,loan_payment_generator,False,
TXNL201900001117,ACC0007302,IND19008633,LN2019050000219,LDO20190000607,4,2019-09-26,02:57:18,3129.5,Debit,Completed,,Loan Payment - LN2019050000219,False,,0.94,,Automated,Home Loan,standard_payment,False,loan_payment_generator,False,
 TXNL201900001118 ,ACC0007101,IND19014986,LN2019050000222,LDO20190000136,4,2019-09-20,03:41:32,3104.1,Debit,Completed,,Loan Payment - LN2019050000222,False,,0.6,,Automated,Vehicle Loan,standard_payment,False,loan_payment_generator,True,whitespace_in_id
TXNL201900001119,ACC0008311,IND19013961,LN2019050000233,LDO20190000608,3,2019-09-07,02:31:45,1073.12,Debit,Completed,,Loan Payment - LN2019050000233,False,,0.51,,Automated,Personal Loan,standard_payment,False,loan_payment_generator,False,
TXNL201900001120,ACC0008333,COM19000255,LN2019050000236,LDO20190000609,3,2019-09-09,02:01:25,13206.77,Debit,Failed,mandate_limit,Loan Payment - LN2019050000236,False,,1.52,,Automated,Business Loan,standard_payment,False,loan_payment_generator,False,
TXNL201900001121,ACC0008153,IND19000082,LN2019050000250,LDO20190000137,4,2019-09-27,02:41:47,1452.34,Debit,Completed,,Loan Payment - LN2019050000250 - Partial,False,,1.96,,Automated,Home Loan,partial_payment,False,loan_payment_generator,False,
TXNL201900001122,ACC0007099,IND19007886,LN2019050000272,LDO20190000610,4,2019-09-26,03:30:11,2523.66,Debit,Completed,,Loan Payment - LN2019050000272 - Late Fee,False,,1.64,,Automated,Vehicle Loan,late_payment,False,loan_payment_generator,False,
TXNL201900001123,ACC0008317,COM19000239,LN2019050000274,LDO20190000611,4,2019-09-17,03:46:45,2240.87,Debit,Cancelled,customer_stop_instruction,Loan Payment - LN2019050000274,False,,0.48,,Automated,Business Loan,standard_payment,False,loan_payment_generator,False,
TXNL201900001124,ACC0007862,IND19004110,LN2019050000286,LDO20190000057,4,2019-09-30,04:11:10,2905.46,Debit,Completed,,Loan Payment - LN2019050000286 - Extra Principal,False,,0.19,,Automated,Home Loan,extra_payment,False,loan_payment_generator,False,
TXNL201900001125,ACC0008287,IND19008344,LN2019050000288,LDO20190000612,4,2019-09-30,02:13:18,5262.03,Debit,Completed,,Loan Payment - LN2019050000288,False,,1.29,,Automated,Home Loan,standard_payment,False,loan_payment_generator,False,
TXNL201900001126,ACC0007007,IND19013522,LN2019050000296,LDO20190000280,4,2019-09-15,04:38:25,2007.63,Debit,Completed,,Loan Payment - LN2019050000296,False,,1.93,,Automated,Personal Loan,standard_payment,False,loan_payment_generator,False,
TXNL201900001127,ACC0007484,IND19008913,LN2019050000304,LDO20190000613,4,2019-09-26,04:35:24,5037.66,Debit,Completed,,Loan Payment - LN2019050000304,False,,1.17,,Automated,Home Loan,standard_payment,False,loan_payment_generator,False,
TXNL201900001128,ACC0008330,COM19000126,LN2019050000305,LDO20190000022,4,2019-09-28,04:58:33,7966.16,Debit,Completed,,Loan Payment - LN2019050000305,False,,0.59,,Automated,Business Loan,standard_payment,False,loan_payment_generator,False,
TXNL201900001129,ACC0007521,IND19013922,LN2019050000308,LDO20190000614,3,2019-09-03,02:21:28,3375.28,Debit,Completed,,Loan Payment - LN2019050000308,False,,0.04,,Automated,Vehicle Loan,standard_payment,False,loan_payment_generator,False,
TXNL201900001130,ACC0007703,IND19008542,LN2019050000309,LDO20190000615,4,2019-09-24,03:57:36,324.18,Debit,Completed,,Loan Payment - LN2019050000309,False,,1.69,,Automated,Home Loan,standard_payment,False,loan_payment_generator,False,
TXNL201900001131,ACC0007041,IND19011954,LN2019050000311,LDO20190000281,3,2019-09-06,03:39:46,1656.58,Debit,Completed,,Loan Payment - LN2019050000311,False,,1.44,,Automated,Personal Loan,standard_payment,False,loan_payment_generator,False,
TXNL201900001132,ACC0007264,IND19007195,LN2019050000313,LDO20190000616,4,2019-09-24,04:31:44,4560.65,Debit,Completed,,Loan Payment - LN2019050000313,False,,0.07,,Automated,Personal Loan,standard_payment,False,loan_payment_generator,False,
TXNL201900001133,ACC0007459,IND19001937,LN2019050000315,LDO20190000617,4,2019-09-19,02:13:58,1732.73,Debit,Completed,,Loan Payment - LN2019050000315,False,,0.7,,Automated,Personal Loan,standard_payment,False,loan_payment_generator,False,
TXNL201900001134,ACC0007465,IND19013094,LN2019050000319,LDO20190000618,4,2019-09-30,02:08:25,622.84,Debit,Completed,,Loan Payment - LN2019050000319,False,,1.08,,Automated,Vehicle Loan,standard_payment,False,loan_payment_generator,False,
TXNL201900001135,ACC0007773,IND19011745,LN2019050000324,LDO20190000619,4,2019-09-27,04:35:00,17477.48,Debit,Completed,,Loan Payment - LN2019050000324,False,,1.98,,Automated,Personal Loan,standard_payment,False,loan_payment_generator,False,
TXNL201900001136,ACC0008316,COM19000302,LN2019050000326,LDO20190000620,4,2019-09-18,02:30:03,16267.78,Debit,Completed,,Loan Payment - LN2019050000326,False,,1.17,,Automated,Business Loan,standard_payment,False,loan_payment_generator,False,
TXNL201900001137,ACC0007122,IND19013876,LN2019050000327,LDO20190000621,3,2019-09-02,03:00:05,839.06,Debit,Completed,,Loan Payment - LN2019050000327,False,,1.48,,Automated,Personal Loan,standard_payment,False,loan_payment_generator,False,
TXNL201900001138,ACC0007714,IND19005570,LN2019050000329,LDO20190000622,4,2019-09-30,03:31:07,4539.89,Debit,Completed,,Loan Payment - LN2019050000329,False,,0.66,,Automated,Home Loan,standard_payment,False,loan_payment_generator,False,
TXNL201900001139,ACC0007371,IND19003328,LN2019050000332,LDO20190000009,3,2019-09-02,03:25:09,12602.98,Debit,Completed,,Loan Payment - LN20190500...,False,,1.64,,Automated,Personal Loan,late_payment,False,loan_payment_generator,True,truncated_description
TXNL201900001140,ACC0008095,IND19003250,LN2019050000347,LDO20190000623,4,2019-09-13,04:57:50,1283.69,Debit,Completed,,Loan Payment - LN2019050000347,False,,0.74,,Automated,Vehicle Loan,standard_payment,False,loan_payment_generator,False,
TXNL201900001141,ACC0007049,IND19000954,LN2019050000350,LDO20190000282,4,2019-09-24,03:24:00,1136.91,Debit,Completed,,Loan Payment - LN2019050000350 - Partial,False,,0.87,,Automated,Personal Loan,partial_payment,False,loan_payment_generator,False,
TXNL201900001142,ACC0008256,IND19009962,LN2019050000355,LDO20190000138,4,2019-09-30,04:44:00,3198.17,Debit,Completed,,Loan Payment - LN2019050000355,False,,0.95,,Automated,Home Loan,standard_payment,False,loan_payment_generator,False,
TXNL201900001143,ACC0007083,IND19014120,LN2019050000363,LDO20190000283,4,2019-09-30,03:01:38,435.23,Debit,Completed,,Loan Payment - LN2019050000363,False,,1.27,,Automated,Personal Loan,standard_payment,False,loan_payment_generator,False,
TXNL201900001144,ACC0008240,IND19009111,LN2019050000368,LDO20190000284,4,2019-09-30,03:45:49,784.07,Debit,Completed,,Loan Payment - LN2019050000368,False,,0.9,,Automated,Home Loan,standard_payment,False,loan_payment_generator,False,
TXNL201900001145,ACC0007123,IND19000598,LN2019050000369,LDO20190000624,4,2019-09-12,03:20:45,5579.44,Debit,Completed,,Loan Payment - LN2019050000369,False,,1.14,,Automated,Home Loan,standard_payment,False,loan_payment_generator,False,
TXNL201900001146,ACC0008148,IND19007774,LN2019050000371,LDO20190000285,4,2019-09-14,02:10:02,289.69,Debit,Completed,,Loan Payment - LN2019050000371,False,,1.32,,Automated,Home Loan,standard_payment,False,loan_payment_generator,False,
TXNL201900001147,ACC0007610,IND19012889,LN2019050000379,LDO20190000286,4,2019-09-06,02:59:58,1176.96,Debit,Completed,,Loan Payment - LN2019050000379,False,,1.92,,Automated,Home Loan,standard_payment,False,loan_payment_generator,False,
TXNL201900001148,ACC0007332,IND19000676,LN2019050000383,LDO20190000287,4,2019-09-30,02:25:18,1372.18,Debit,Completed,,Loan Payment - LN2019050000383,False,,1.72,,Automated,Home Loan,standard_payment,False,loan_payment_generator,False,
TXNL201900001149,ACC0007552,IND19003264,LN2019050000386,LDO20190000625,3,2019-09-02,02:49:19,2346.56,Debit,Completed,,Loan Payment - LN2019050000386,False,,1.33,,Automated,Home Loan,standard_payment,False,loan_payment_generator,False,
TXNL201900001150,ACC0008242,IND19010040,LN2019050000398,LDO20190000058,4,2019-09-26,03:36:30,1485.61,Debit,Completed,,Loan Payment - LN2019050000398,False,,1.13,,Automated,Home Loan,standard_payment,False,loan_payment_generator,False,
TXNL201900001151,ACC0008195,IND19003326,LN2019050000401,LDO20190000626,4,2019-09-21,04:05:47,336.71,Debit,Completed,,Loan Payment - LN2019050000401,False,,1.66,,Automated,Home Loan,standard_payment,False,loan_payment_generator,False,
TXNL201900001152,ACC0007110,IND19001533,LN2019050000402,LDO20190000627,3,2019-09-05,04:58:58,2384.71,Debit,Completed,,Loan Payment - LN2019050000402,False,,1.16,,Automated,Home Loan,standard_payment,False,loan_payment_generator,False,
TXNL201900001153,ACC0007749,IND19005754,LN2019050000403,LDO20190000628,4,2019-09-30,03:35:05,351.58,Debit,Completed,,Loan Payment - LN2019050000403,False,,0.78,,Automated,Home Loan,standard_payment,False,loan_payment_generator,False,
TXNL201900001154,ACC0008309,IND19008029,LN2019050000406,LDO20190000139,4,2019-09-13,04:14:38,5884.47,Debit,Completed,,Loan Payment - LN2019050000406,False,,1.59,,Automated,Home Loan,standard_payment,False,loan_payment_generator,False,
TXNL201900001155,ACC0007072,IND19004306,LN2019050000416,LDO20190000288,4,2019-09-08,03:09:05,570.39,Debit,Completed,,Loan Payment - LN2019050000416,False,,0.64,,Automated,Home Loan,standard_payment,False,loan_payment_generator,False,
TXNL201900001156,ACC0007850,IND19002647,LN2019050000417,LDO20190000289,4,2019-09-13,02:43:24,3872.32,Debit,Completed,,Loan Payment - LN2019050000417,False,,0.72,,Automated,Home Loan,standard_payment,False,loan_payment_generator,False,
TXNL201900001157,ACC0007870,IND19006244,LN2019050000429,LDO20190000140,4,2019-09-25,02:39:22,5245.99,Debit,Completed,,Loan Payment - LN2019050000429,False,,1.22,,Automated,Personal Loan,standard_payment,False,loan_payment_generator,False,
TXNL201900001158,ACC0007632,IND19001202,LN2019050000440,LDO20190000290,4,2019-09-28,03:18:49,2475.86,Debit,Failed,insufficient_funds,Loan Payment - LN2019050000440,False,,1.8,,Automated,Home Loan,standard_payment,False,loan_payment_generator,False,
TXNL201900001159,ACC0007160,IND19009221,LN2019050000448,LDO20190000291,4,2019-09-25,03:39:02,2088.01,Debit,Completed,,Loan Payment - LN2019050000448,False,,1.44,,Automated,Home Loan,standard_payment,False,loan_payment_generator,False,
TXNL201900001160,ACC0007612,IND19009922,LN2019050000462,LDO20190000141,3,2019-09-07,04:17:31,1286.75,Debit,Completed,,Loan Payment - LN2019050000462,False,,0.6,,Automated,Home Loan,standard_payment,False,loan_payment_generator,False,
TXNL201900001161,ACC0007706,IND19001393,LN2019050000465,LDO20190000142,3,2019-09-08,02:50:26,4871.23,Debit,Completed,,Loan Payment - LN2019050000465,False,,1.19,,Automated,Home Loan,standard_payment,False,loan_payment_generator,False,
TXNL201900001162,ACC0007734,IND19008292,LN2019050000470,LDO20190000629,4,2019-09-25,03:09:57,4297.17,Debit,Completed,,Loan Payment - LN2019050000470,False,,0.1,,Automated,Home Loan,standard_payment,False,loan_payment_generator,False,
TXNL201900001163,ACC0007832,IND19003688,LN2019050000474,LDO20190000292,4,2019-09-20,04:57:44,883.0,Debit,Completed,,Loan Payment - LN2019050000474,False,,1.36,,Automated,Personal Loan,standard_payment,False,loan_payment_generator,False,
TXNL201900001164,ACC0007327,IND19008297,LN2019050000484,LDO20190000630,4,2019-09-24,04:36:27,13971.2,Debit,Completed,,Loan Payment - LN2019050000484,False,,1.97,,Automated,Personal Loan,standard_payment,False,loan_payment_generator,False,
TXNL201900001165,ACC0007595,IND19014660,LN2019050000488,LDO20190000631,4,2019-09-16,04:07:57,2757.04,Debit,Completed,,Loan Payment - LN2019050000488,False,,0.61,,Automated,Vehicle Loan,standard_payment,False,loan_payment_generator,False,
TXNL201900001166,ACC0007937,IND19005070,LN2019050000495,LDO20190000632,3,2019-09-03,02:51:39,1861.38,Debit,Completed,,Loan Payment - LN2019050000495,False,,1.69,,Automated,Personal Loan,standard_payment,False,loan_payment_generator,False,
TXNL201900001167,ACC0007470,IND19002781,LN2019050000497,LDO20190000633,3,2019-09-07,02:15:58,2122.46,Debit,Completed,,Loan Payment - LN2019050000497,False,,1.43,,Automated,Vehicle Loan,standard_payment,False,loan_payment_generator,False,
TXNL201900001168,ACC0007558,IND19004364,LN2019050000498,LDO20190000293,3,2019-09-05,03:01:53,2454.51,Debit,Completed,,Loan Payment - LN2019050000498,False,,0.09,,Automated,Personal Loan,standard_payment,False,loan_payment_generator,False,
TXNL201900001169,ACC0007463,IND19002379,LN2019050000499,LDO20190000634,3,2019-09-01,02:39:34,3867.18,Debit,Completed,,Loan Payment - LN2019050000499,False,,1.48,,Automated,Home Loan,standard_payment,False,loan_payment_generator,False,
TXNL201900001170,ACC0007541,IND19002750,LN2019050000519,LDO20190000143,4,2019-09-14,03:01:36,2428.59,Debit,Completed,,Loan Payment - LN2019050000519,False,,0.39,,Automated,Personal Loan,standard_payment,False,loan_payment_generator,False,
TXNL201900001171,ACC0007873,IND19011865,LN2019050000522,LDO20190000635,4,2019-09-29,03:36:22,916.38,Debit,Completed,,Loan Payment - LN2019050000522,False,,0.07,,Automated,Vehicle Loan,standard_payment,False,loan_payment_generator,False,
TXNL201900001172,ACC0007208,IND19009185,LN2019050000524,LDO20190000010,4,2019-09-30,02:42:13,2426.39,Debit,Completed,,Loan Payment - LN2019050000524,False,,1.63,,Automated,Vehicle Loan,standard_payment,False,loan_payment_generator,False,
TXNL201900001173,ACC0007173,IND19005976,LN2019050000531,LDO20190000636,3,2019-09-02,03:47:01,1271.3,Debit,Completed,,Loan Payment - LN2019050000531,False,,1.96,,Automated,Home Loan,standard_payment,False,loan_payment_generator,False,
TXNL201900001174,ACC0007587,IND19003305,LN2019050000542,LDO20190000637,4,2019-09-30,04:21:48,484.08,Debit,Completed,,Loan Payment - LN2019050000542,False,,1.55,,Automated,Home Loan,standard_payment,False,loan_payment_generator,False,
TXNL201900001175,ACC0007911,IND19008037,LN2019050000544,LDO20190000638,4,2019-09-16,04:37:15,13912.84,Debit,Completed,,Loan Payment - LN2019050000544,False,,0.71,,Automated,Personal Loan,standard_payment,False,loan_payment_generator,False,
TXNL201900001176,ACC0007127,IND19007655,LN2019050000546,LDO20190000639,4,2019-09-29,02:29:31,2148.95,Debit,Completed,,Loan Payment - LN2019050000546,False,,1.45,,Automated,Home Loan,standard_payment,False,loan_payment_generator,False,
TXNL201900001177,ACC0007349,IND19012296,LN2019050000551,LDO20190000640,4,2019-09-23,02:13:10,2570.79,Debit,Completed,,Loan Payment - LN2019050000551 - Extra Principal,False,,1.65,,Automated,Home Loan,extra_payment,False,loan_payment_generator,False,
TXNL201900001178,ACC0008268,IND19009572,LN2019050000555,LDO20190000023,4,2019-09-19,03:38:30,1534.34,Debit,Completed,,Loan Payment - LN2019050000555,False,,0.75,,Automated,Personal Loan,standard_payment,False,loan_payment_generator,False,
TXNL201900001179,ACC0007364,IND19014235,LN2019050000559,LDO20190000144,4,2019-09-15,02:01:01,821.12,Debit,Cancelled,customer_stop_instruction,Loan Payment - LN2019050000559,False,,0.73,,Automated,Personal Loan,standard_payment,False,loan_payment_generator,False,
TXNL201900001180,ACC0007952,IND19007543,LN2019050000560,LDO20190000294,4,2019-09-28,04:54:08,1780.15,Debit,Completed,,Loan Payment - LN2019050000560,False,,1.47,,Automated,Personal Loan,standard_payment,False,loan_payment_generator,False,
TXNL201900001181,ACC0007257,IND19002485,LN2019050000564,LDO20190000641,3,2019-09-01,02:39:19,2470.05,Debit,Completed,,Loan Payment - LN2019050000564 - Extra Principal,False,,0.9,,Automated,Home Loan,extra_payment,False,loan_payment_generator,False,
TXNL201900001182,ACC0008320,COM19000046,LN2019050000565,LDO20190000642,3,2019-09-09,02:06:57,33942.28,Debit,Completed,,Loan Payment - LN2019050000565,False,,0.93,,Automated,Business Loan,standard_payment,False,loan_payment_generator,False,
TXNL201900001183,ACC0007656,IND19015059,LN2019050000567,LDO20190000643,3,2019-09-08,03:17:34,2920.81,Debit,Completed,,Loan Payment - LN2019050000567,False,,1.85,,Automated,Home Loan,standard_payment,False,loan_payment_generator,False,
TXNL201900001184,ACC0008252,IND19008232,LN2019050000570,LDO20190000145,4,2019-09-19,02:22:42,4747.94,Debit,Completed,,Loan Payment - LN2019050000570,False,,1.76,,Automated,Home Loan,standard_payment,False,loan_payment_generator,False,
TXNL201900001185,ACC0007770,IND19001785,LN2019050000573,LDO20190000644,4,2019-09-17,03:34:05,12286.92,Debit,Completed,,Loan Payment - LN2019050000573,False,,1.71,,Automated,Personal Loan,standard_payment,False,loan_payment_generator,False,
TXNL201900001186,ACC0007047,IND19011062,LN2019050000576,LDO20190000295,3,2019-09-03,02:36:01,1565.29,Debit,Completed,,Loan Payment - LN2019050000576,False,,1.1,,Automated,Home Loan,standard_payment,False,loan_payment_generator,False,
TXNL201900001187,ACC0007830,IND19002077,LN2019050000589,LDO20190000146,3,2019-09-05,03:57:12,1046.0,Debit,Completed,,Loan Payment - LN2019050000589,False,,1.68,,Automated,Home Loan,standard_payment,False,loan_payment_generator,False,
TXNL201900001188,ACC0008306,IND19000077,LN2019050000592,LDO20190000645,4,2019-09-20,04:35:57,1336.56,Debit,Completed,,Loan Payment - LN2019050000592 - Partial,False,,1.03,,Automated,Home Loan,partial_payment,False,loan_payment_generator,False,
TXNL201900001189,ACC0007600,IND19012971,LN2019050000593,LDO20190000646,3,2019-09-01,03:40:00,1586.62,Debit,Completed,,Loan Payment - LN2019050000593,False,,0.22,,Automated,Home Loan,standard_payment,False,loan_payment_generator,False,
TXNL201900001190,ACC0007086,IND19001913,LN2019050000596,LDO20190000147,4,2019-09-18,04:48:42,5271.24,Debit,Completed,,Loan Payment - LN2019050000596,False,,0.36,,Automated,Personal Loan,standard_payment,False,loan_payment_generator,False,
TXNL201900001191,ACC0008044,IND19006154,LN2019050000602,LDO20190000296,4,2019-09-14,03:57:02,3454.41,Debit,Completed,,Loan Payment - LN2019050000602,False,,0.77,,Automated,Vehicle Loan,standard_payment,False,loan_payment_generator,False,
TXNL201900001192,ACC0007359,IND19001265,LN2019050000604,LDO20190000647,4,2019-09-17,03:06:14,5298.61,Debit,Completed,,Loan Payment - LN2019050000604,False,,1.17,,Automated,Home Loan,standard_payment,False,loan_payment_generator,False,
TXNL201900001193,ACC0007515,IND19001293,LN2019050000612,LDO20190000148,4,2019-09-18,03:54:16,2216.06,Debit,Failed,account_blocked,Loan Payment - LN2019050000612,False,,1.36,,Automated,Personal Loan,standard_payment,False,loan_payment_generator,False,
TXNL201900001194,ACC0008310,IND19002172,LN2019050000614,LDO20190000297,4,2019-09-30,03:43:12,1359.81,Debit,Completed,,Loan Payment - LN2019050000614,False,,0.35,,Automated,Vehicle Loan,standard_payment,False,loan_payment_generator,False,
TXNL201900001195,ACC0007550,IND19011981,LN2019050000617,LDO20190000648,3,2019-09-05,03:16:55,4182.4,Debit,Completed,,Loan Payment - LN2019050000617,False,,0.19,,Automated,Vehicle Loan,standard_payment,False,loan_payment_generator,False,
TXNL201900001196,ACC0007279,IND19007959,LN2019050000625,LDO20190000649,4,2019-09-15,04:30:59,14360.35,Debit,Completed,,Loan Payment - LN2019050000625,False,,0.83,,Automated,Personal Loan,standard_payment,False,loan_payment_generator,False,
TXNL201900001197,ACC0008170,IND19000930,LN2019050000629,LDO20190000298,4,2019-09-25,04:48:06,2744.71,Debit,Completed,,Loan Payment - LN2019050000629,False,,0.76,,Automated,Personal Loan,standard_payment,False,loan_payment_generator,False,
TXNL201900001198,ACC0007505,IND19014487,LN2019050000638,LDO20190000149,4,2019-09-23,02:13:00,5463.36,Debit,Completed,,Loan Payment - LN2019050000638,False,,1.01,,Automated,Home Loan,standard_payment,False,loan_payment_generator,False,
TXNL201900001199,ACC0007258,IND19003721,LN2019050000641,LDO20190000650,4,2019-09-21,02:57:59,2216.59,Debit,Completed,,Loan Payment - LN2019050000641,False,,0.36,,Automated,Home Loan,standard_payment,False,loan_payment_generator,False,
TXNL201900001200,ACC0007142,IND19000833,LN2019050000642,LDO20190000651,4,2019-09-09,02:51:45,3754.93,Debit,Completed,,Loan Payment - LN2019050000642,False,,0.2,,Automated,Home Loan,standard_payment,False,loan_payment_generator,False,
TXNL201900001201,ACC0007987,IND19014897,LN2019050000661,LDO20190000150,4,2019-09-17,02:16:47,3656.62,Debit,Completed,,Loan Payment - LN2019050000661,False,,1.5,,Automated,Personal Loan,standard_payment,False,loan_payment_generator,False,
TXNL201900001202,ACC0007297,IND19011570,LN2019050000667,LDO20190000059,4,2019-09-29,04:44:31,1683.69,Debit,Completed,,Loan Payment - LN2019050000667 - Late Fee,False,,0.73,,Automated,Home Loan,late_payment,False,loan_payment_generator,False,
TXNL201900001203,ACC0007091,IND19003068,LN2019050000669,LDO20190000299,3,2019-09-02,03:49:37,1637.44,Debit,Completed,,Loan Payment - LN2019050000669,False,,1.66,,Automated,Home Loan,standard_payment,False,loan_payment_generator,False,
TXNL201900001204,ACC0007449,IND19009805,LN2019050000676,LDO20190000151,4,2019-09-14,04:20:51,11955.42,Debit,Completed,,Loan Payment - LN2019050000676,False,,1.4,,Automated,Personal Loan,standard_payment,False,loan_payment_generator,False,
TXNL201900001205,ACC0007702,IND19001060,LN2019050000679,LDO20190000300,4,2019-09-17,04:21:27,393.49,Debit,Completed,,Loan Payment - LN2019050000679,False,,0.34,,Automated,Home Loan,standard_payment,False,loan_payment_generator,False,
TXNL201900001206,ACC0007753,IND19009261,LN2019050000701,LDO20190000652,4,2019-09-16,04:49:06,2355.29,Debit,Completed,,Loan Payment - LN2019050000701,False,,1.85,,Automated,Vehicle Loan,standard_payment,False,loan_payment_generator,False,
TXNL201900001207,ACC0007493,IND19003510,LN2019050000716,LDO20190000301,3,2019-09-04,03:59:30,2838.85,Debit,Completed,,Loan Payment - LN2019050000716,False,,1.02,,Automated,Home Loan,standard_payment,False,loan_payment_generator,False,
TXNL201900001208,ACC0007046,IND19011062,LN2019050000722,LDO20190000060,4,2019-09-20,02:55:05,996.07,Debit,Completed,,Loan Payment - LN2019050000722,False,,1.02,,Automated,Home Loan,standard_payment,False,loan_payment_generator,False,
TXNL201900001209,ACC0007693,IND19011927,LN2019050000727,LDO20190000653,3,2019-09-05,03:22:40,2855.29,Debit,Completed,,Loan Payment - LN2019050000727,False,,1.72,,Automated,Home Loan,standard_payment,False,loan_payment_generator,False,
TXNL201900001210,ACC0008087,IND19002086,LN2019050000735,LDO20190000302,3,2019-09-02,04:40:11,2454.62,Debit,Completed,,Loan Payment - LN2019050000735,False,,0.89,,Automated,Vehicle Loan,standard_payment,False,loan_payment_generator,False,
TXNL201900001211,ACC0007024,IND19003964,LN2019050000736,LDO20190000654,4,2019-09-20,02:18:00,5269.15,Debit,Completed,,Loan Payment - LN2019050000736,False,,1.11,,Automated,Home Loan,standard_payment,False,loan_payment_generator,False,
TXNL201900001212,ACC0007485,IND19010218,LN2019050000737,LDO20190000061,4,2019-09-17,02:19:58,860.49,Debit,Completed,,Loan Payment - LN2019050000737,False,,1.91,,Automated,Personal Loan,standard_payment,False,loan_payment_generator,False,
TXNL201900001213,ACC0007384,IND19011144,LN2019050000741,LDO20190000655,4,2019-09-16,03:25:44,1874.2,Debit,Completed,,Loan Payment - LN2019050000741,False,,1.21,,Automated,Home Loan,standard_payment,False,loan_payment_generator,False,
TXNL201900001214,ACC0007923,IND19000687,LN2019050000750,LDO20190000303,4,2019-09-20,03:26:05,2563.93,Debit,Failed,account_blocked,Loan Payment - LN2019050000750,False,,0.68,,Automated,Home Loan,standard_payment,False,loan_payment_generator,False,
TXNL201900001215,ACC0007785,IND19000642,LN2019050000753,LDO20190000656,4,2019-09-15,04:37:19,1618.42,Debit,Completed,,Loan Payment - LN2019050000753,False,,1.42,,Automated,Vehicle Loan,standard_payment,False,loan_payment_generator,False,
TXNL201900001216,ACC0007250,IND19001815,LN2019050000759,LDO20190000657,4,2019-09-22,02:02:33,3335.04,Debit,Completed,,Loan Payment - LN2019050000759,False,,0.46,,Automated,Home Loan,standard_payment,False,loan_payment_generator,False,
TXNL201900001217,ACC0007214,IND19007943,LN2019050000760,LDO20190000658,4,2019-09-28,03:53:22,661.78,Debit,Completed,,Loan Payment - LN2019050000760,False,,0.47,,Automated,Home Loan,standard_payment,False,loan_payment_generator,False,
TXNL201900001218,ACC0007180,IND19006123,LN2019050000771,LDO20190000304,3,2019-09-01,02:56:44,1292.03,Debit,Completed,,Loan Payment - LN2019050000771,False,,1.77,,Automated,Home Loan,standard_payment,False,loan_payment_generator,False,
TXNL201900001219,ACC0007721,IND19002326,LN2019050000791,LDO20190000152,4,2019-09-25,03:36:33,550.83,Debit,Completed,,Loan Payment - LN2019050000791 - Partial,False,,0.41,,Automated,Personal Loan,partial_payment,False,loan_payment_generator,False,
TXNL201900001220,ACC0008116,IND19005842,LN2019050000793,LDO20190000305,4,2019-09-20,03:28:36,11267.85,Debit,Completed,,Loan Payment - LN2019050000793,False,,1.78,,Automated,Personal Loan,standard_payment,False,loan_payment_generator,False,
TXNL201900001221,ACC0008212,IND19014961,LN2019050000795,LDO20190000659,4,2019-09-25,04:13:17,3593.13,Debit,Completed,,Loan Payment - LN2019050000795,False,,0.93,,Automated,Home Loan,standard_payment,False,loan_payment_generator,False,
TXNL201900001222,ACC0008101,IND19004006,LN2019050000797,LDO20190000660,4,2019-09-29,04:16:12,3784.97,Debit,Completed,,Loan Payment - LN2019050000797,False,,1.4,,Automated,Personal Loan,standard_payment,False,loan_payment_generator,False,
TXNL201900001223,ACC0007571,IND19014352,LN2019050000799,LDO20190000661,4,2019-09-25,02:22:59,826.91,Debit,Failed,bank_timeout,Loan Payment - LN2019050000799,False,,1.61,,Automated,Home Loan,standard_payment,False,loan_payment_generator,False,
TXNL201900001224,ACC0007507,IND19001122,LN2019050000814,LDO20190000662,4,2019-09-30,03:57:29,2419.67,Debit,Completed,,Loan Payment - LN2019050000814,False,,0.62,,Automated,Home Loan,standard_payment,False,loan_payment_generator,False,
TXNL201900001225,ACC0008234,IND19002363,LN2019050000828,LDO20190000663,4,2019-09-11,04:21:54,711.07,Debit,Completed,,Loan Payment - LN20190500...,False,,1.22,,Automated,Personal Loan,standard_payment,False,loan_payment_generator,True,truncated_description
TXNL201900001226,ACC0007650,IND19001079,LN2019050000841,LDO20190000306,4,2019-09-21,03:24:52,3652.77,Debit,Completed,,Loan Payment - LN2019050000841,False,,1.44,,Automated,Home Loan,standard_payment,False,loan_payment_generator,False,
TXNL201900001227,ACC0007691,IND19012805,LN2019050000844,LDO20190000307,3,2019-09-01,02:46:49,3591.94,Debit,Completed,,Loan Payment - LN2019050000844,False,,0.82,,Automated,Home Loan,standard_payment,False,loan_payment_generator,False,
TXNL201900001228,ACC0007064,IND19006642,LN2019050000849,LDO20190000664,4,2019-09-26,02:31:07,2317.32,Debit,Completed,,Loan Payment - LN2019050000849,False,,0.52,,Automated,Home Loan,standard_payment,False,loan_payment_generator,False,
TXNL201900001229,ACC0007179,IND19000434,LN2019050000855,LDO20190000665,4,2019-09-30,02:42:19,5992.0,Debit,Failed,insufficient_funds,Loan Payment - LN2019050000855,False,,1.68,,Automated,Vehicle Loan,standard_payment,False,loan_payment_generator,False,
TXNL201900001230,ACC0007215,IND19007154,LN2019050000858,LDO20190000062,3,2019-09-02,04:53:37,6541.9,Debit,Completed,,Loan Payment - LN2019050000858,False,,0.54,,Automated,Home Loan,standard_payment,False,loan_payment_generator,False,
TXNL201900001231,ACC0008119,IND19007986,LN2019050000889,LDO20190000666,4,2019-09-20,02:29:15,1472.1,Debit,Completed,,Loan Payment - LN2019050000889,False,,1.49,,Automated,Home Loan,standard_payment,False,loan_payment_generator,False,
TXNL201900001232,ACC0008110,IND19002294,LN2019050000897,LDO20190000308,4,2019-09-14,04:26:05,2869.96,Debit,Completed,,Loan Payment - LN2019050000897,False,,0.79,,Automated,Home Loan,standard_payment,False,loan_payment_generator,False,
TXNL201900001233,ACC0008154,IND19012320,LN2019050000898,LDO20190000309,4,2019-09-26,02:28:01,710.82,Debit,Failed,account_blocked,Loan Payment - LN2019050000898,False,,0.08,,Automated,Home Loan,standard_payment,False,loan_payment_generator,False,
TXNL201900001234,ACC0007375,IND19005931,LN2019050000918,LDO20190000667,3,2019-09-06,03:49:11,3118.44,Debit,Completed,,Loan Payment - LN2019050000918,False,,1.68,,Automated,Home Loan,standard_payment,False,loan_payment_generator,False,
TXNL201900001235,ACC0007040,IND19011954,LN2019050000921,LDO20190000668,3,2019-09-06,04:36:06,2943.32,Debit,Completed,,Loan Payment - LN2019050000921,False,,1.61,,Automated,Personal Loan,standard_payment,False,loan_payment_generator,False,
TXNL201900001236,ACC0008295,IND19013855,LN2019050000922,LDO20190000669,4,2019-09-12,02:26:59,1486.61,Debit,Completed,,Loan Payment - LN2019050000922,False,,0.1,,Automated,Vehicle Loan,standard_payment,False,loan_payment_generator,False,
TXNL201900001237,ACC0008078,IND19003714,LN2019050000934,LDO20190000670,4,2019-09-12,03:56:31,2772.54,Debit,Completed,,Loan Payment - LN2019050000934,False,,0.22,,Automated,Personal Loan,standard_payment,False,loan_payment_generator,False,
TXNL201900001238,ACC0008171,IND19012983,LN2019050000935,LDO20190000671,3,2019-09-09,04:48:17,565.87,Debit,Completed,,Loan Payment - LN2019050000935 - Late Fee,False,,0.05,,Automated,Home Loan,late_payment,False,loan_payment_generator,False,
TXNL201900001239,ACC0007529,IND19010684,LN2019050000938,LDO20190000310,3,2019-09-09,04:43:34,820.45,Debit,Completed,,Loan Payment - LN2019050000938,False,,1.69,,Automated,Home Loan,standard_payment,False,loan_payment_generator,False,
TXNL201900001240,ACC0007628,IND19005196,LN2019050000939,LDO20190000672,3,2019-09-08,02:28:24,1878.07,Debit,Completed,,Loan Payment - LN2019050000939,False,,0.64,,Automated,Home Loan,standard_payment,False,loan_payment_generator,False,
TXNL201900001241,ACC0007969,IND19010055,LN2019050000944,LDO20190000673,3,2019-09-07,03:37:46,2110.51,Debit,Completed,,Loan Payment - LN2019050000944,False,,1.1,,Automated,Vehicle Loan,standard_payment,False,loan_payment_generator,False,
TXNL201900001242,ACC0007641,IND19007826,LN2019050000947,LDO20190000674,3,2019-09-07,02:39:23,508.24,Debit,Completed,,Loan Payment - LN2019050000947,False,,1.68,,Automated,Home Loan,standard_payment,False,loan_payment_generator,False,
TXNL201900001243,ACC0008158,IND19010986,LN2019050000952,LDO20190000311,4,2019-09-17,04:02:56,564.21,Debit,Completed,,Loan Payment - LN2019050000952,False,,1.31,,Automated,Personal Loan,standard_payment,False,loan_payment_generator,False,
TXNL201900001244,ACC0008313,COM19000237,LN2019050000954,LDO20190000675,3,2019-09-09,03:16:32,3667.45,Debit,Completed,,Loan Payment - LN2019050000954,False,,0.08,,Automated,Business Loan,standard_payment,False,loan_payment_generator,False,
TXNL201900001245,ACC0008071,IND19003837,LN2019050000958,LDO20190000312,4,2019-09-16,02:25:07,1185.66,Debit,Completed,,Loan Payment - LN2019050000958,False,,0.32,,Automated,Personal Loan,standard_payment,False,loan_payment_generator,False,
TXNL201900001246,ACC0007237,IND19000234,LN2019050000960,LDO20190000313,4,2019-09-28,03:19:09,1455.71,Debit,Completed,,Loan Payment - LN2019050000960,False,,0.85,,Automated,Home Loan,standard_payment,False,loan_payment_generator,False,
TXNL201900001247,ACC0007929,IND19013749,LN2019050000961,LDO20190000676,4,2019-09-30,04:25:46,1518.47,Debit,Completed,,Loan Payment - LN2019050000961,False,,1.83,,Automated,Vehicle Loan,standard_payment,False,loan_payment_generator,False,
TXNL201900001248,ACC0007527,IND19004757,LN2019050000962,LDO20190000677,4,2019-09-18,04:32:09,266.81,Debit,Completed,,Loan Payment - LN2019050000962,False,,0.99,,Automated,Home Loan,standard_payment,False,loan_payment_generator,False,
TXNL201900001249,ACC0007338,IND19001523,LN2019050000966,LDO20190000011,4,2019-09-30,04:07:15,2213.54,Debit,Completed,,Loan Payment - LN2019050000966 - Late Fee,False,,1.57,,Automated,Home Loan,late_payment,False,loan_payment_generator,False,
TXNL201900001250,ACC0007755,IND19009883,LN2019050000971,LDO20190000678,4,2019-09-07,04:52:34,1833.69,Debit,Completed,,Loan Payment - LN2019050000971,False,,1.51,,Automated,Home Loan,standard_payment,False,loan_payment_generator,False,
TXNL201900001251,ACC0007607,IND19005046,LN2019050000978,LDO20190000063,3,2019-09-07,02:53:35,1592.65,Debit,Completed,,Loan Payment - LN2019050000978,False,,1.64,,Automated,Home Loan,standard_payment,False,loan_payment_generator,False,
TXNL201900001252,ACC0008111,IND19001387,LN2019050000980,LDO20190000024,4,2019-09-27,03:40:19,857.39,Debit,Completed,,Loan Payment - LN2019050000980,False,,0.73,,Automated,Home Loan,standard_payment,False,loan_payment_generator,False,
TXNL201900001253,ACC0008014,IND19005111,LN2019050000984,LDO20190000679,4,2019-09-17,03:06:27,5323.0,Debit,Completed,,Loan Payment - LN2019050000984,False,,0.05,,Automated,Vehicle Loan,standard_payment,False,loan_payment_generator,False,
TXNL201900001254,ACC0008030,IND19003118,LN2019050001000,LDO20190000680,3,2019-09-06,04:03:19,803.31,Debit,Completed,,Loan Payment - LN2019050001000,False,,1.97,,Automated,Home Loan,standard_payment,False,loan_payment_generator,False,
TXNL201900001255,ACC0007966,IND19005148,LN2019050001001,LDO20190000153,3,2019-09-08,03:26:05,2377.92,Debit,Completed,,Loan Payment - LN2019050001001,False,,1.9,,Automated,Personal Loan,standard_payment,False,loan_payment_generator,False,
TXNL201900001256,ACC0007777,IND19005035,LN2019050001021,LDO20190000314,3,2019-09-05,04:11:34,3387.53,Debit,Completed,,Loan Payment - LN2019050001021,False,,0.04,,Automated,Home Loan,standard_payment,False,loan_payment_generator,False,
TXNL201900001257,ACC0007379,IND19012374,LN2019050001024,LDO20190000681,4,2019-09-14,03:08:31,820.23,Debit,Completed,,Loan Payment - LN2019050001024,False,,1.01,,Automated,Home Loan,standard_payment,False,loan_payment_generator,False,
TXNL201900001258,ACC0007906,IND19004263,LN2019050001033,LDO20190000315,3,2019-09-02,03:18:45,260.1,Debit,Completed,,Loan Payment - LN2019050001033,False,,1.78,,Automated,Home Loan,standard_payment,False,loan_payment_generator,False,
TXNL201900001259,ACC0008274,IND19006833,LN2019050001047,LDO20190000682,4,2019-09-16,03:57:57,3754.64,Debit,Completed,,Loan Payment - LN2019050001047,False,,1.22,,Automated,Vehicle Loan,standard_payment,False,loan_payment_generator,False,
TXNL201900001260,ACC0007009,IND19002813,LN2019050001051,LDO20190000683,4,2019-09-30,03:50:03,4006.59,Debit,Completed,,Loan Payment - LN2019050001051,False,,0.73,,Automated,Vehicle Loan,standard_payment,False,loan_payment_generator,False,
TXNL201900001261,ACC0008219,IND19011636,LN2019050001070,LDO20190000316,3,2019-09-03,04:48:16,2223.33,Debit,Completed,,Loan Payment - LN2019050001070,False,,0.39,,Automated,Vehicle Loan,standard_payment,False,loan_payment_generator,False,
TXNL201900001262,ACC0008068,IND19006737,LN2019050001082,LDO20190000317,4,2019-09-21,03:12:45,2230.23,Debit,Completed,,Loan Payment - LN2019050001082,False,,1.51,,Automated,Vehicle Loan,standard_payment,False,loan_payment_generator,False,
TXNL201900001263,ACC0007738,IND19008930,LN2019050001085,LDO20190000064,3,2019-09-01,02:02:43,1089.84,Debit,Completed,,Loan Payment - LN2019050001085,False,,0.91,,Automated,Home Loan,standard_payment,False,loan_payment_generator,False,
TXNL201900001264,ACC0007383,IND19014104,LN2019050001092,LDO20190000684,4,2019-09-18,04:43:46,2227.4,Debit,Completed,,Loan Payment - LN2019050001092,False,,0.33,,Automated,Personal Loan,standard_payment,False,loan_payment_generator,False,
TXNL201900001265,ACC0007199,IND19008957,LN2019050001095,LDO20190000318,4,2019-09-21,02:51:38,1645.37,Debit,Completed,,Loan Payment - LN2019050001095,False,,0.84,,Automated,Home Loan,standard_payment,False,loan_payment_generator,False,
TXNL201900001266,ACC0007649,IND19012283,LN2019050001102,LDO20190000685,3,2019-09-03,03:00:00,2145.91,Debit,Completed,,Loan Payment - LN2019050001102,False,,0.36,,Automated,Personal Loan,standard_payment,False,loan_payment_generator,False,
TXNL201900001267,ACC0007540,IND19005556,LN2019050001113,LDO20190000319,4,2019-09-26,02:56:04,1998.44,Debit,Completed,,Loan Payment - LN2019050001113 - Late Fee,False,,1.98,,Automated,Home Loan,late_payment,False,loan_payment_generator,False,
TXNL201900001268,ACC0007524,IND19003271,LN2019050001116,LDO20190000686,4,2019-09-27,02:30:40,1308.81,Debit,Completed,,Loan Payment - LN2019050001116,False,,1.13,,Automated,Personal Loan,standard_payment,False,loan_payment_generator,False,
TXNL201900001269,ACC0007705,IND19001393,LN2019050001120,LDO20190000687,4,2019-09-21,03:12:27,4592.55,Debit,Completed,,Loan Payment - LN2019050001120,False,,1.64,,Automated,Home Loan,standard_payment,False,loan_payment_generator,False,
TXNL201900001270,ACC0007553,IND19009011,LN2019050001121,LDO20190000012,4,2019-09-25,02:16:32,943.48,Debit,Completed,,Loan Payment - LN2019050001121,False,,1.47,,Automated,Home Loan,standard_payment,False,loan_payment_generator,False,
TXNL201900001271,ACC0008049,IND19003801,LN2019050001137,LDO20190000688,4,2019-09-10,04:03:40,5055.02,Debit,Completed,,Loan Payment - LN2019050001137,False,,1.48,,Automated,Home Loan,standard_payment,False,loan_payment_generator,False,
TXNL201900001272,ACC0007476,IND19013953,LN2019050001152,LDO20190000690,4,2019-09-23,04:38:25,1573.0,Debit,Completed,,Loan Payment - LN2019050001152 - Late Fee,False,,1.75,,Automated,Home Loan,late_payment,False,loan_payment_generator,False,
TXNL201900001273,ACC0007475,IND19013953,LN2019050001155,LDO20190000320,3,2019-09-06,03:18:24,1712.2,Debit,Completed,,Loan Payment - LN2019050001155,False,,1.17,,Automated,Vehicle Loan,standard_payment,False,loan_payment_generator,False,
TXNL201900001274,ACC0007353,IND19005472,LN2019050001160,LDO20190000691,4,2019-09-17,04:00:20,1115.42,Debit,Completed,,Loan Payment - LN2019050001160,False,,1.79,,Automated,Home Loan,standard_payment,False,loan_payment_generator,False,
TXNL201900001275,ACC0007015,IND19007961,LN2019050001170,LDO20190000065,4,2019-09-21,03:41:56,1047.02,Debit,Failed,invalid_account_details,Loan Payment - LN20190500...,False,,1.18,,Automated,Vehicle Loan,standard_payment,False,loan_payment_generator,True,truncated_description
TXNL201900001276,ACC0007275,IND19010245,LN2019050001175,LDO20190000692,3,2019-09-07,03:18:45,1993.06,Debit,Completed,,Loan Payment - LN2019050001175,False,,1.02,,Automated,Personal Loan,standard_payment,False,loan_payment_generator,False,
TXNL201900001277,ACC0007351,IND19001380,LN2019050001183,LDO20190000321,4,2019-09-20,02:38:35,5197.06,Debit,Completed,,Loan Payment - LN2019050001183,False,,1.09,,Automated,Home Loan,standard_payment,False,loan_payment_generator,False,
TXNL201900001278,ACC0007907,IND19002878,LN2019050001186,LDO20190000693,4,2019-09-29,03:37:06,1883.64,Debit,Cancelled,customer_stop_instruction,Loan Payment - LN2019050001186,False,,1.51,,Automated,Home Loan,standard_payment,False,loan_payment_generator,False,
TXNL201900001279,ACC0008264,IND19014371,LN2019050001194,LDO20190000694,4,2019-09-16,02:07:27,2083.71,Debit,Completed,,Loan Payment - LN2019050001194,False,,1.07,,Automated,Home Loan,standard_payment,False,loan_payment_generator,False,
TXNL201900001280,ACC0007291,IND19005668,LN2019050001199,LDO20190000066,4,2019-09-14,02:48:46,1866.41,Debit,Completed,,Loan Payment - LN2019050001199,False,,1.48,,Automated,Vehicle Loan,standard_payment,False,loan_payment_generator,False,
TXNL201900001281,ACC0007296,IND19011570,LN2019050001202,LDO20190000695,4,2019-09-30,02:50:55,369.53,Debit,Completed,,Loan Payment - LN2019050001202 - Partial,False,,1.95,,Automated,Home Loan,partial_payment,False,loan_payment_generator,False,
TXNL201900001282,ACC0007636,IND19008434,LN2019050001205,LDO20190000696,4,2019-09-27,02:50:41,681.94,Debit,Completed,,Loan Payment - LN2019050001205,False,,0.16,,Automated,Home Loan,standard_payment,False,loan_payment_generator,False,
TXNL201900001283,ACC0007107,IND19000145,LN2019050001207,LDO20190000322,4,2019-09-17,04:50:08,1817.61,Debit,Completed,,Loan Payment - LN2019050001207,False,,1.51,,Automated,Home Loan,standard_payment,False,loan_payment_generator,False,
TXNL201900001284,ACC0007676,IND19007028,LN2019050001208,LDO20190000025,4,2019-09-30,04:14:11,1280.42,Debit,Completed,,Loan Payment - LN2019050001208,False,,1.99,,Automated,Home Loan,standard_payment,False,loan_payment_generator,False,
TXNL201900001285,ACC0007608,IND19007170,LN2019050001231,LDO20190000323,4,2019-09-09,03:56:46,173.27,Debit,Completed,,Loan Payment - LN2019050001231,False,,0.95,,Automated,Home Loan,standard_payment,False,loan_payment_generator,False,
TXNL201900001286,ACC0007455,IND19009143,LN2019050001232,LDO20190000697,4,2019-09-18,02:39:52,1524.4,Debit,Failed,insufficient_funds,Loan Payment - LN2019050001232,False,,0.02,,Automated,Vehicle Loan,standard_payment,False,loan_payment_generator,False,
TXNL201900001287,ACC0007842,IND19009173,LN2019050001247,LDO20190000698,4,2019-09-10,02:05:56,4310.95,Debit,Completed,,Loan Payment - LN2019050001247,False,,0.91,,Automated,Personal Loan,standard_payment,False,loan_payment_generator,False,
TXNL201900001288,ACC0009554,IND19008376,LN2019060000003,LDO20190000154,2,2019-09-04,03:31:39,1215.95,Debit,Completed,,Loan Payment - LN2019060000003,False,,0.91,,Automated,Home Loan,standard_payment,False,loan_payment_generator,False,
TXNL201900001289,ACC0009001,IND19001656,LN2019060000026,LDO20190000699,3,2019-09-12,02:02:52,2079.02,Debit,Completed,,Loan Payment - LN2019060000026,False,,1.92,,Automated,Home Loan,standard_payment,False,loan_payment_generator,False,
TXNL201900001290,ACC0008614,IND19003868,LN2019060000036,LDO20190000700,3,2019-09-09,04:54:01,2422.22,Debit,Completed,,Loan Payment - LN20190600...,False,,0.77,,Automated,Personal Loan,standard_payment,False,loan_payment_generator,True,amount_rounding_error|truncated_description
TXNL201900001291,ACC0009436,IND19003637,LN2019060000051,LDO20190000067,3,2019-09-21,03:49:45,3205.5,Debit,Completed,,Loan Payment - LN2019060000051,False,,1.35,,Automated,Home Loan,standard_payment,False,loan_payment_generator,False,
TXNL201900001292,ACC0009208,IND19014920,LN2019060000056,LDO20190000701,3,2019-09-25,02:25:24,3476.1,Debit,Completed,,Loan Payment - LN2019060000056,False,,1.49,,Automated,Home Loan,standard_payment,False,loan_payment_generator,False,
TXNL201900001293,ACC0009416,IND19003355,LN2019060000058,LDO20190000702,3,2019-09-30,02:49:37,438.48,Debit,Completed,,Loan Payment - LN2019060000058,False,,0.65,,Automated,Home Loan,standard_payment,False,loan_payment_generator,False,
TXNL201900001294,ACC0009698,IND19010951,LN2019060000063,LDO20190000703,2,2019-09-11,04:19:02,1449.79,Debit,Completed,,Loan Payment - LN2019060000063,False,,0.83,,Automated,Home Loan,standard_payment,False,loan_payment_generator,False,
TXNL201900001295,ACC0008723,IND19009629,LN2019060000070,LDO20190000704,3,2019-09-13,03:35:12,1515.04,Debit,Completed,,Loan Payment - LN2019060000070,False,,1.05,,Automated,Personal Loan,standard_payment,False,loan_payment_generator,False,
TXNL201900001296,ACC0009008,IND19011347,LN2019060000071,LDO20190000068,3,2019-09-24,02:16:01,993.27,Debit,Completed,,Loan Payment - LN2019060000071,False,,0.71,,Automated,Home Loan,standard_payment,False,loan_payment_generator,False,
TXNL201900001297,ACC0009533,IND19006651,LN2019060000074,LDO20190000324,2,2019-09-03,03:25:33,870.84,Debit,Completed,,Loan Payment - LN2019060000074,False,,1.2,,Automated,Home Loan,standard_payment,False,loan_payment_generator,False,
TXNL201900001298,ACC0008345,IND19000257,LN2019060000075,LDO20190000705,3,2019-09-28,04:28:48,8989.14,Debit,Completed,,Loan Payment - LN2019060000075,False,,1.62,,Automated,Personal Loan,standard_payment,False,loan_payment_generator,False,
TXNL201900001299,ACC0009344,IND19007445,LN2019060000077,LDO20190000069,3,2019-09-23,03:39:10,5551.79,Debit,Completed,,Loan Payment - LN2019060000077,False,,1.05,,Automated,Personal Loan,standard_payment,False,loan_payment_generator,False,
TXNL201900001300,ACC0009307,IND19006577,LN2019060000079,LDO20190000706,3,2019-09-23,04:26:44,4187.72,Debit,Completed,,Loan Payment - LN2019060000079,False,,0.88,,Automated,Personal Loan,standard_payment,False,loan_payment_generator,False,
TXNL201900001301,ACC0009216,IND19015579,LN2019060000083,LDO20190000070,2,2019-09-09,03:26:02,4726.66,Debit,Completed,,Loan Payment - LN2019060000083,False,,0.9,,Automated,Personal Loan,standard_payment,False,loan_payment_generator,False,
TXNL201900001302,ACC0009824,IND19005414,LN2019060000085,LDO20190000325,2,2019-09-04,02:04:53,1691.47,Debit,Completed,,Loan Payment - LN2019060000085,False,,0.68,,Automated,Home Loan,standard_payment,False,loan_payment_generator,False,
TXNL201900001303,ACC0009105,IND19010363,LN2019060000088,LDO20190000326,3,2019-09-23,04:54:19,7074.24,Debit,Completed,,Loan Payment - LN2019060000088,False,,0.98,,Automated,Vehicle Loan,standard_payment,False,loan_payment_generator,False,
TXNL201900001304,ACC0009210,IND19017004,LN2019060000099,LDO20190000327,2,2019-09-07,02:01:13,1523.31,Debit,Completed,,Loan Payment - LN2019060000099,False,,1.53,,Automated,Home Loan,standard_payment,False,loan_payment_generator,False,
TXNL201900001305,ACC0009718,IND19015416,LN2019060000105,LDO20190000071,3,2019-09-18,02:05:24,2174.17,Debit,Completed,,Loan Payment - LN2019060000105,False,,1.11,,Automated,Personal Loan,standard_payment,False,loan_payment_generator,False,
TXNL201900001306,ACC0008979,IND19010430,LN2019060000111,LDO20190000707,2,2019-09-03,04:24:08,3761.75,Debit,Completed,,Loan Payment - LN2019060000111,False,,0.97,,Automated,Personal Loan,standard_payment,False,loan_payment_generator,False,
TXNL201900001307,ACC0008530,IND19001113,LN2019060000112,LDO20190000708,2,2019-09-06,04:30:21,4120.99,Debit,Completed,,Loan Payment - LN2019060000112,False,,0.72,,Automated,Home Loan,standard_payment,False,loan_payment_generator,False,
TXNL201900001308,ACC0009514,IND19011384,LN2019060000118,LDO20190000709,3,2019-09-29,03:01:21,1695.32,Debit,Completed,,Loan Payment - LN2019060000118,False,,1.73,,Automated,Home Loan,standard_payment,False,loan_payment_generator,False,
TXNL201900001309,ACC0009853,COM19000322,LN2019060000119,LDO20190000710,2,2019-09-05,02:08:54,4596.63,Debit,Completed,,Loan Payment - LN2019060000119,False,,0.01,,Automated,Business Loan,standard_payment,False,loan_payment_generator,False,
TXNL201900001310,ACC0008818,IND19015397,LN2019060000121,LDO20190000002,3,2019-09-13,02:54:55,9367.57,Debit,Completed,,Loan Payment - LN2019060000121,False,,1.45,,Automated,Personal Loan,standard_payment,False,loan_payment_generator,False,
TXNL201900001311,ACC0008467,IND19009375,LN2019060000125,LDO20190000155,2,2019-09-02,04:52:51,1433.44,Debit,Completed,,Loan Payment - LN2019060000125,False,,1.92,,Automated,Vehicle Loan,standard_payment,False,loan_payment_generator,False,
TXNL201900001312,ACC0008475,IND19010377,LN2019060000136,LDO20190000072,3,2019-09-15,03:57:16,4542.65,Debit,Completed,,Loan Payment - LN20190600...,False,,1.55,,Automated,Vehicle Loan,standard_payment,False,loan_payment_generator,True,truncated_description
TXNL201900001313,ACC0008630,IND19006926,LN2019060000140,LDO20190000711,2,2019-09-09,03:58:47,336.09,Debit,Completed,,Loan Payment - LN2019060000140,False,,1.74,,Automated,Vehicle Loan,standard_payment,False,loan_payment_generator,False,
TXNL201900001314,ACC0009470,IND19009457,LN2019060000143,LDO20190000328,3,2019-09-24,04:08:53,1279.53,Debit,Completed,,Loan Payment - LN2019060000143,False,,1.33,,Automated,Home Loan,standard_payment,False,loan_payment_generator,False,
TXNL201900001315,ACC0009728,IND19005969,LN2019060000154,LDO20190000712,3,2019-09-16,04:46:20,2903.01,Debit,Completed,,Loan Payment - LN2019060000154,False,,0.81,,Automated,Personal Loan,standard_payment,False,loan_payment_generator,False,
TXNL201900001316,ACC0009573,IND19007410,LN2019060000169,LDO20190000013,3,2019-09-22,04:37:58,388.8,Debit,Completed,,Loan Payment - LN2019060000169,False,,0.05,,Automated,Vehicle Loan,standard_payment,False,loan_payment_generator,False,
TXNL201900001317,ACC0008899,IND19011169,LN2019060000175,LDO20190000329,3,2019-09-28,03:38:18,2863.26,Debit,Completed,,Loan Payment - LN2019060000175,False,,1.63,,Automated,Vehicle Loan,standard_payment,False,loan_payment_generator,False,
TXNL201900001318,ACC0008567,IND19016930,LN2019060000181,LDO20190000156,3,2019-09-14,02:50:55,3620.0,Debit,Completed,,Loan Payment - LN2019060000181,False,,0.71,,Automated,Home Loan,standard_payment,False,loan_payment_generator,False,
TXNL201900001319,ACC0009844,COM19000096,LN2019060000185,LDO20190000713,3,2019-09-27,04:44:28,8206.68,Debit,Completed,,Loan Payment - LN2019060000185,False,,0.77,,Automated,Business Loan,standard_payment,False,loan_payment_generator,False,
TXNL201900001320,ACC0009040,IND19009244,LN2019060000190,LDO20190000330,3,2019-09-18,04:36:21,2300.78,Debit,Completed,,Loan Payment - LN2019060000190,False,,1.66,,Automated,Vehicle Loan,standard_payment,False,loan_payment_generator,False,
TXNL201900001321,ACC0009873,COM19000220,LN2019060000193,LDO20190000714,3,2019-09-15,04:48:51,12588.24,Debit,Completed,,Loan Payment - LN2019060000193,False,,1.12,,Automated,Business Loan,standard_payment,False,loan_payment_generator,False,
TXNL201900001322,ACC0009758,IND19016938,LN2019060000196,LDO20190000331,2,2019-09-03,03:28:10,1389.57,Debit,Completed,,Loan Payment - LN2019060000196,False,,1.89,,Automated,Vehicle Loan,standard_payment,False,loan_payment_generator,False,
TXNL201900001323,ACC0009614,IND19017281,LN2019060000199,LDO20190000715,2,2019-09-07,03:52:17,1730.5,Debit,Completed,,Loan Payment - LN2019060000199,False,,1.85,,Automated,Home Loan,standard_payment,False,loan_payment_generator,False,
TXNL201900001324,ACC0008782,IND19012132,LN2019060000202,LDO20190000332,2,2019-09-01,02:48:12,1920.72,Debit,Completed,,Loan Payment - LN2019060000202,False,,0.42,,Automated,Vehicle Loan,standard_payment,False,loan_payment_generator,False,
TXNL201900001325,ACC0009672,IND19016838,LN2019060000205,LDO20190000333,2,2019-09-04,02:20:12,2921.76,Debit,Completed,,Loan Payment - LN2019060000205,False,,1.62,,Automated,Home Loan,standard_payment,False,loan_payment_generator,False,
TXNL201900001326,ACC0009571,IND19008258,LN2019060000206,LDO20190000716,3,2019-09-11,03:39:10,1332.31,Debit,Completed,,Loan Payment - LN2019060000206,False,,1.31,,Automated,Home Loan,standard_payment,False,loan_payment_generator,False,
TXNL201900001327,ACC0009341,IND19015334,LN2019060000210,LDO20190000717,3,2019-09-16,02:48:27,3545.33,Debit,Completed,,Loan Payment - LN2019060000210,False,,1.38,,Automated,Vehicle Loan,standard_payment,False,loan_payment_generator,False,
TXNL201900001328,ACC0009506,IND19008495,LN2019060000212,LDO20190000334,3,2019-09-23,04:58:08,2238.62,Debit,Completed,,Loan Payment - LN2019060000212,False,,0.22,,Automated,Home Loan,standard_payment,False,loan_payment_generator,False,
TXNL201900001329,ACC0008525,IND19014248,LN2019060000214,LDO20190000335,3,2019-09-17,02:09:12,6032.73,Debit,Completed,,Loan Payment - LN2019060000214,False,,1.07,,Automated,Vehicle Loan,standard_payment,False,loan_payment_generator,False,
TXNL201900001330,ACC0008456,IND19001450,LN2019060000217,LDO20190000073,3,2019-09-27,03:02:46,3273.24,Debit,Completed,,Loan Payment - LN2019060000217,False,,1.74,,Automated,Personal Loan,standard_payment,False,loan_payment_generator,False,
TXNL201900001331,ACC0008718,IND19013926,LN2019060000227,LDO20190000718,3,2019-09-17,02:21:03,2140.04,Debit,Completed,,Loan Payment - LN2019060000227 - Late Fee,False,,0.32,,Automated,Vehicle Loan,late_payment,False,loan_payment_generator,False,
TXNL201900001332,ACC0009633,IND19004935,LN2019060000228,LDO20190000719,3,2019-09-28,02:06:12,1986.09,Debit,Completed,,Loan Payment - LN2019060000228,False,,0.66,,Automated,Home Loan,standard_payment,False,loan_payment_generator,False,
TXNL201900001333,ACC0009190,IND19012029,LN2019060000230,LDO20190000336,3,2019-09-18,02:52:12,2326.1,Debit,Completed,,Loan Payment - LN2019060000230,False,,0.38,,Automated,Vehicle Loan,standard_payment,False,loan_payment_generator,False,
TXNL201900001334,ACC0009487,IND19007401,LN2019060000233,LDO20190000720,3,2019-09-30,02:08:03,6112.05,Debit,Completed,,Loan Payment - LN2019060000233,False,,0.64,,Automated,Vehicle Loan,standard_payment,False,loan_payment_generator,False,
TXNL201900001335,ACC0009866,COM19000090,LN2019060000240,LDO20190000721,3,2019-09-26,03:23:13,36981.06,Debit,Completed,,Loan Payment - LN2019060000240,False,,1.79,,Automated,Business Loan,standard_payment,False,loan_payment_generator,False,
TXNL201900001336,ACC0009656,IND19008180,LN2019060000244,LDO20190000337,3,2019-09-19,03:51:18,983.14,Debit,Completed,,Loan Payment - LN2019060000244,False,,1.64,,Automated,Personal Loan,standard_payment,False,loan_payment_generator,False,
TXNL201900001337,ACC0008840,IND19011953,LN2019060000247,LDO20190000722,2,2019-09-05,04:56:25,875.62,Debit,Completed,,Loan Payment - LN2019060000247,False,,1.92,,Automated,Home Loan,standard_payment,False,loan_payment_generator,False,
TXNL201900001338,ACC0008749,IND19007392,LN2019060000263,LDO20190000723,3,2019-09-29,03:39:47,986.18,Debit,Completed,,Loan Payment - LN2019060000263,False,,1.3,,Automated,Home Loan,standard_payment,False,loan_payment_generator,False,
TXNL201900001339,ACC0009553,IND19013623,LN2019060000267,LDO20190000724,3,2019-09-21,23:45:09,1776.48,Debit,Completed,,Loan Payment - LN2019060000267,False,,0.73,,Automated,Home Loan,standard_payment,False,loan_payment_generator,True,timestamp_shift
TXNL201900001340,ACC0009259,IND19001862,LN2019060000280,LDO20190000725,3,2019-09-25,03:58:26,1520.75,Debit,Completed,,Loan Payment - LN2019060000280,False,,1.45,,Automated,Personal Loan,standard_payment,False,loan_payment_generator,False,
TXNL201900001341,ACC0009271,IND19015803,LN2019060000296,LDO20190000338,2,2019-09-01,04:11:44,2111.07,Debit,Completed,,Loan Payment - LN2019060000296,False,,0.08,,Automated,Home Loan,standard_payment,False,loan_payment_generator,False,
TXNL201900001342,ACC0008755,IND19006330,LN2019060000297,LDO20190000074,2,2019-09-03,04:27:39,1124.43,Debit,Completed,,Loan Payment - LN2019060000297,False,,0.9,,Automated,Vehicle Loan,standard_payment,False,loan_payment_generator,False,
TXNL201900001343,ACC0009156,IND19010093,LN2019060000298,LDO20190000726,3,2019-09-21,02:25:39,1863.63,Debit,Completed,,Loan Payment - LN2019060000298,False,,1.11,,Automated,Personal Loan,standard_payment,False,loan_payment_generator,False,
TXNL201900001344,ACC0009102,IND19013392,LN2019060000302,LDO20190000727,2,2019-09-05,03:06:38,633.19,Debit,Completed,,Loan Payment - LN2019060000302,False,,0.1,,Automated,Vehicle Loan,standard_payment,False,loan_payment_generator,False,
TXNL201900001345,ACC0009057,IND19018197,LN2019060000316,LDO20190000339,3,2019-09-14,02:45:08,3448.95,Debit,Completed,,Loan Payment - LN2019060000316,False,,1.08,,Automated,Personal Loan,standard_payment,False,loan_payment_generator,False,
TXNL201900001346,ACC0009163,IND19005213,LN2019060000322,LDO20190000728,3,2019-09-17,02:38:12,2564.82,Debit,Completed,,Loan Payment - LN2019060000322,False,,0.73,,Automated,Personal Loan,standard_payment,False,loan_payment_generator,False,
TXNL201900001347,ACC0009852,COM19000118,LN2019060000327,LDO20190000340,3,2019-09-30,03:59:54,11424.39,Debit,Completed,,Loan Payment - LN2019060000327,False,,1.93,,Automated,Business Loan,standard_payment,False,loan_payment_generator,False,
TXNL201900001348,ACC0009868,COM19000104,LN2019060000329,LDO20190000729,3,2019-09-20,02:12:44,15123.13,Debit,Completed,,Loan Payment - LN2019060000329,False,,0.18,,Automated,Business Loan,standard_payment,False,loan_payment_generator,False,
TXNL201900001349,ACC0009825,IND19017768,LN2019060000332,LDO20190000730,2,2019-09-06,02:15:23,2942.77,Debit,Completed,,Loan Payment - LN2019060000332,False,,1.42,,Automated,Vehicle Loan,standard_payment,False,loan_payment_generator,False,
TXNL201900001350,ACC0008597,IND19003386,LN2019060000338,LDO20190000731,2,2019-09-06,03:56:51,1979.44,Debit,Completed,,Loan Payment - LN2019060000338,False,,1.93,,Automated,Vehicle Loan,standard_payment,False,loan_payment_generator,False,
TXNL201900001351,ACC0009626,IND19009544,LN2019060000340,LDO20190000341,3,2019-09-17,03:45:47,427.4,Debit,Completed,,Loan Payment - LN2019060000340,False,,1.18,,Automated,Home Loan,standard_payment,False,loan_payment_generator,False,
TXNL201900001352,ACC0008711,IND19016560,LN2019060000351,LDO20190000342,3,2019-09-28,03:02:45,671.38,Debit,Completed,,Loan Payment - LN2019060000351,False,,0.95,,Automated,Home Loan,standard_payment,False,loan_payment_generator,True,amount_rounding_error
TXNL201900001353,ACC0009673,IND19009993,LN2019060000357,LDO20190000157,3,2019-09-27,04:00:56,2441.91,Debit,Completed,,Loan Payment - LN2019060000357,False,,0.55,,Automated,Personal Loan,standard_payment,False,loan_payment_generator,False,
TXNL201900001354,ACC0009256,IND19010370,LN2019060000358,LDO20190000732,3,2019-09-20,04:13:59,2728.72,Debit,Failed,account_blocked,Loan Payment - LN2019060000358,False,,1.69,,Automated,Home Loan,standard_payment,False,loan_payment_generator,False,
TXNL201900001355,ACC0009050,IND19006126,LN2019060000371,LDO20190000343,2,2019-09-05,03:10:23,1526.18,Debit,Completed,,Loan Payment - LN2019060000371,False,,0.43,,Automated,Home Loan,standard_payment,False,loan_payment_generator,False,
TXNL201900001356,ACC0009224,IND19007532,LN2019060000373,LDO20190000344,3,2019-09-25,02:23:44,1382.86,Debit,Completed,,Loan Payment - LN2019060000373,False,,1.96,,Automated,Personal Loan,standard_payment,False,loan_payment_generator,False,
TXNL201900001357,ACC0009227,IND19007921,LN2019060000384,LDO20190000733,2,2019-09-05,03:00:57,2534.72,Debit,Completed,,Loan Payment - LN2019060000384,False,,0.23,,Automated,Personal Loan,standard_payment,False,loan_payment_generator,False,
TXNL201900001358,ACC0009619,IND19010866,LN2019060000389,LDO20190000734,3,2019-09-26,04:46:30,14298.5,Debit,Completed,,Loan Payment - LN2019060000389,False,,1.96,,Automated,Personal Loan,standard_payment,False,loan_payment_generator,False,
TXNL201900001359,ACC0009577,IND19014395,LN2019060000392,LDO20190000345,3,2019-09-27,04:38:52,1270.2,Debit,Completed,,Loan Payment - LN2019060000392,False,,1.6,,Automated,Vehicle Loan,standard_payment,False,loan_payment_generator,False,
TXNL201900001360,ACC0008907,IND19008512,LN2019060000394,LDO20190000158,3,2019-09-14,03:20:00,3633.65,Debit,Completed,,Loan Payment - LN2019060000394,False,,0.06,,Automated,Vehicle Loan,standard_payment,False,loan_payment_generator,False,
TXNL201900001361,ACC0008731,IND19002059,LN2019060000400,LDO20190000735,3,2019-09-22,03:18:53,768.05,Debit,Completed,,Loan Payment - LN2019060000400,False,,1.25,,Automated,Vehicle Loan,standard_payment,False,loan_payment_generator,False,
TXNL201900001362,ACC0008433,IND19008662,LN2019060000408,LDO20190000736,3,2019-09-24,03:18:25,1151.91,Debit,Completed,,Loan Payment - LN20190600...,False,,0.97,,Automated,Home Loan,standard_payment,False,loan_payment_generator,True,truncated_description
TXNL201900001363,ACC0008473,IND19002141,LN2019060000411,LDO20190000737,3,2019-09-18,02:28:07,1410.26,Debit,Completed,,Loan Payment - LN2019060000411,False,,1.08,,Automated,Vehicle Loan,standard_payment,False,loan_payment_generator,False,
TXNL201900001364,ACC0008409,IND19009601,LN2019060000419,LDO20190000738,3,2019-09-27,02:22:40,279.29,Debit,Completed,,Loan Payment - LN2019060000419,False,,1.89,,Automated,Home Loan,standard_payment,False,loan_payment_generator,False,
TXNL201900001365,ACC0009399,IND19004604,LN2019060000422,LDO20190000739,3,2019-09-15,02:08:38,1473.8,Debit,Completed,,Loan Payment - LN2019060000422,False,,0.5,,Automated,Home Loan,standard_payment,False,loan_payment_generator,False,
TXNL201900001366,ACC0008598,IND19010988,LN2019060000427,LDO20190000740,3,2019-09-18,02:33:26,6591.06,Debit,Completed,,Loan Payment - LN2019060000427 - Late Fee,False,,0.27,,Automated,Personal Loan,late_payment,False,loan_payment_generator,False,
TXNL201900001367,ACC0008696,IND19000326,LN2019060000454,LDO20190000741,2,2019-09-01,03:37:34,2340.96,Debit,Cancelled,customer_stop_instruction,Loan Payment - LN2019060000454,False,,0.43,,Automated,Vehicle Loan,standard_payment,False,loan_payment_generator,False,
TXNL201900001368,ACC0009301,IND19009701,LN2019060000455,LDO20190000742,3,2019-09-22,02:33:18,1953.44,Debit,Completed,,Loan Payment - LN2019060000455,False,,1.59,,Automated,Vehicle Loan,standard_payment,False,loan_payment_generator,False,
TXNL201900001369,ACC0009335,IND19012989,LN2019060000456,LDO20190000743,2,2019-09-04,03:47:11,2408.16,Debit,Completed,,Loan Payment - LN2019060000456,False,,1.3,,Automated,Home Loan,standard_payment,False,loan_payment_generator,False,
TXNL201900001370,ACC0009552,IND19015536,LN2019060000461,LDO20190000346,3,2019-09-26,04:47:01,2626.39,Debit,Completed,,Loan Payment - LN2019060000461,False,,0.61,,Automated,Vehicle Loan,standard_payment,False,loan_payment_generator,False,
TXNL201900001371,ACC0008883,IND19008126,LN2019060000469,LDO20190000744,2,2019-09-01,03:57:57,4080.28,Debit,Cancelled,customer_stop_instruction,Loan Payment - LN2019060000469,False,,0.25,,Automated,Vehicle Loan,standard_payment,False,loan_payment_generator,False,
TXNL201900001372,ACC0009504,IND19001754,LN2019060000472,LDO20190000745,2,2019-09-08,02:05:23,3102.17,Debit,Completed,,Loan Payment - LN2019060000472,False,,1.97,,Automated,Vehicle Loan,standard_payment,False,loan_payment_generator,False,
TXNL201900001373,ACC0009137,IND19015949,LN2019060000476,LDO20190000746,3,2019-09-13,02:41:57,1197.83,Debit,Completed,,Loan Payment - LN2019060000476,False,,0.27,,Automated,Home Loan,standard_payment,False,loan_payment_generator,False,
TXNL201900001374,ACC0008384,IND19009055,LN2019060000483,LDO20190000347,3,2019-09-26,02:31:48,2894.57,Debit,Completed,,Loan Payment - LN2019060000483,False,,0.19,,Automated,Home Loan,standard_payment,False,loan_payment_generator,False,
TXNL201900001375,ACC0009854,COM19000322,LN2019060000484,LDO20190000075,2,2019-09-05,03:33:28,13747.95,Debit,Completed,,Loan Payment - LN2019060000484,False,,0.2,,Automated,Business Loan,standard_payment,False,loan_payment_generator,False,
TXNL201900001376,ACC0009164,IND19003896,LN2019060000499,LDO20190000026,2,2019-09-08,02:50:32,1309.59,Debit,Completed,,Loan Payment - LN2019060000499,False,,1.9,,Automated,Home Loan,standard_payment,False,loan_payment_generator,False,
TXNL201900001377,ACC0008375,IND19003179,LN2019060000517,LDO20190000747,2,2019-09-08,02:09:19,1095.51,Debit,Completed,,Loan Payment - LN2019060000517,False,,1.59,,Automated,Home Loan,standard_payment,False,loan_payment_generator,False,
TXNL201900001378,ACC0008767,IND19008285,LN2019060000521,LDO20190000348,3,2019-09-20,02:52:17,2918.6,Debit,Completed,,Loan Payment - LN20190600...,False,,0.13,,Automated,Personal Loan,standard_payment,False,loan_payment_generator,True,truncated_description
TXNL201900001379,ACC0009192,IND19014229,LN2019060000522,LDO20190000748,3,2019-09-20,03:36:11,1062.18,Debit,Completed,,Loan Payment - LN2019060000522,False,,0.5,,Automated,Home Loan,standard_payment,False,loan_payment_generator,False,
TXNL201900001380,ACC0008800,IND19005792,LN2019060000532,LDO20190000349,3,2019-09-24,03:10:27,2370.0,Debit,Completed,,Loan Payment - LN2019060000532,False,,0.35,,Automated,Personal Loan,standard_payment,False,loan_payment_generator,False,
TXNL201900001381,ACC0009843,COM19000096,LN2019060000535,LDO20190000749,3,2019-09-17,03:07:18,44563.69,Debit,Completed,,Loan Payment - LN2019060000535,False,,1.13,,Automated,Business Loan,standard_payment,False,loan_payment_generator,False,
TXNL201900001382,ACC0009370,IND19002893,LN2019060000543,LDO20190000750,3,2019-09-29,02:39:13,2292.04,Debit,Completed,,Loan Payment - LN2019060000543 - Partial,False,,0.51,,Automated,Vehicle Loan,partial_payment,False,loan_payment_generator,False,
TXNL201900001383,ACC0008867,IND19003343,LN2019060000544,LDO20190000159,3,2019-09-22,02:16:49,2359.94,Debit,Completed,,Loan Payment - LN2019060000544,False,,0.39,,Automated,Vehicle Loan,standard_payment,False,loan_payment_generator,False,
TXNL201900001384,ACC0008873,IND19003100,LN2019060000549,LDO20190000751,3,2019-09-19,04:03:39,2213.16,Debit,Completed,,Loan Payment - LN2019060000549,False,,1.73,,Automated,Home Loan,standard_payment,False,loan_payment_generator,False,
TXNL201900001385,ACC0008900,IND19007746,LN2019060000551,LDO20190000350,3,2019-09-23,02:50:58,3375.28,Debit,Completed,,Loan Payment - LN2019060000551,False,,1.26,,Automated,Home Loan,standard_payment,False,loan_payment_generator,False,
TXNL201900001386,ACC0008368,IND19001827,LN2019060000552,LDO20190000752,3,2019-09-28,03:33:54,2065.95,Debit,Failed,mandate_limit,Loan Payment - LN2019060000552,False,,0.24,,Automated,Home Loan,standard_payment,False,loan_payment_generator,False,
TXNL201900001387,ACC0009794,IND19012747,LN2019060000572,LDO20190000753,3,2019-09-30,04:02:05,700.1,Debit,Completed,,Loan Payment - LN2019060000572,False,,1.41,,Automated,Home Loan,standard_payment,False,loan_payment_generator,False,
TXNL201900001388,ACC0009213,IND19000700,LN2019060000574,LDO20190000754,3,2019-09-20,03:50:39,981.64,Debit,Completed,,Loan Payment - LN2019060000574,False,,0.72,,Automated,Home Loan,standard_payment,False,loan_payment_generator,False,
TXNL201900001389,ACC0009388,IND19001269,LN2019060000575,LDO20190000160,2,2019-09-01,02:51:24,5641.24,Debit,Completed,,Loan Payment - LN2019060000575 - Late Fee,False,,0.6,,Automated,Home Loan,late_payment,False,loan_payment_generator,False,
TXNL201900001390,ACC0008447,IND19014110,LN2019060000577,LDO20190000755,3,2019-09-18,02:51:00,1639.17,Debit,Completed,,Loan Payment - LN2019060000577 - Partial,False,,1.54,,Automated,Personal Loan,partial_payment,False,loan_payment_generator,False,
TXNL201900001391,ACC0009561,IND19009379,LN2019060000581,LDO20190000351,3,2019-09-24,04:56:01,7180.37,Debit,Completed,,Loan Payment - LN2019060000581,False,,1.13,,Automated,Vehicle Loan,standard_payment,False,loan_payment_generator,False,
TXNL201900001392,ACC0008875,IND19005222,LN2019060000582,LDO20190000161,3,2019-09-26,03:03:23,1440.17,Debit,Completed,,Loan Payment - LN2019060000582,False,,1.67,,Automated,Home Loan,standard_payment,False,loan_payment_generator,False,
TXNL201900001393,ACC0009194,IND19001245,LN2019060000596,LDO20190000756,3,2019-09-19,03:06:41,2674.06,Debit,Completed,,Loan Payment - LN2019060000596 - Late Fee,False,,1.9,,Automated,Vehicle Loan,late_payment,False,loan_payment_generator,False,
TXNL201900001394,ACC0008779,IND19018337,LN2019060000609,LDO20190000352,3,2019-09-16,03:26:06,3172.16,Debit,Completed,,Loan Payment - LN2019060000609,False,,0.49,,Automated,Personal Loan,standard_payment,False,loan_payment_generator,False,
TXNL201900001395,ACC0008815,IND19009525,LN2019060000614,LDO20190000757,3,2019-09-28,04:39:48,567.62,Debit,Completed,,Loan Payment - LN2019060000614,False,,1.7,,Automated,Vehicle Loan,standard_payment,False,loan_payment_generator,False,
TXNL201900001396,ACC0009030,IND19001320,LN2019060000636,LDO20190000758,3,2019-09-19,04:56:08,7107.64,Debit,Completed,,Loan Payment - LN2019060000636,False,,1.85,,Automated,Home Loan,standard_payment,False,loan_payment_generator,False,
TXNL201900001397,ACC0009631,IND19003016,LN2019060000637,LDO20190000759,2,2019-09-05,02:42:58,3170.7,Debit,Completed,,Loan Payment - LN2019060000637,False,,1.9,,Automated,Home Loan,standard_payment,False,loan_payment_generator,False,
TXNL201900001398,ACC0009398,IND19017640,LN2019060000650,LDO20190000760,3,2019-09-22,04:12:26,3803.07,Debit,Completed,,Loan Payment - LN2019060000650,False,,1.62,,Automated,Home Loan,standard_payment,False,loan_payment_generator,False,
TXNL201900001399,ACC0008603,IND19001610,LN2019060000653,LDO20190000761,3,2019-09-14,03:19:50,1475.75,Debit,Completed,,Loan Payment - LN2019060000653,False,,0.29,,Automated,Home Loan,standard_payment,False,loan_payment_generator,False,
TXNL201900001400,ACC0008599,IND19005041,LN2019060000667,LDO20190000762,3,2019-09-30,03:07:23,8208.38,Debit,Completed,,Loan Payment - LN2019060000667,False,,0.87,,Automated,Personal Loan,standard_payment,False,loan_payment_generator,False,
TXNL201900001401,ACC0008796,IND19011873,LN2019060000668,LDO20190000763,3,2019-09-26,02:32:37,2325.86,Debit,Completed,,Loan Payment - LN2019060000668,False,,1.94,,Automated,Personal Loan,standard_payment,False,loan_payment_generator,False,
TXNL201900001402,ACC0009145,IND19016906,LN2019060000669,LDO20190000764,3,2019-09-24,04:15:01,2038.75,Debit,Completed,,Loan Payment - LN2019060000669,False,,1.28,,Automated,Vehicle Loan,standard_payment,False,loan_payment_generator,False,
TXNL201900001403,ACC0008920,IND19002726,LN2019060000673,LDO20190000765,2,2019-09-04,02:53:13,6403.37,Debit,Completed,,Loan Payment - LN2019060000673,False,,0.47,,Automated,Personal Loan,standard_payment,False,loan_payment_generator,False,
TXNL201900001404,ACC0009223,IND19001935,LN2019060000680,LDO20190000766,3,2019-09-29,04:01:52,5113.51,Debit,Failed,bank_timeout,Loan Payment - LN2019060000680,False,,1.77,,Automated,Home Loan,standard_payment,False,loan_payment_generator,False,
TXNL201900001405,ACC0008470,IND19006205,LN2019060000686,LDO20190000767,3,2019-09-29,03:03:30,17391.49,Debit,Completed,,Loan Payment - LN2019060000686,False,,1.2,,Automated,Personal Loan,standard_payment,False,loan_payment_generator,False,
TXNL201900001406,ACC0009209,IND19017865,LN2019060000691,LDO20190000162,3,2019-09-21,02:20:39,2822.47,Debit,Completed,,Loan Payment - LN2019060000691,False,,1.06,,Automated,Home Loan,standard_payment,False,loan_payment_generator,False,
TXNL201900001407,ACC0009641,IND19012150,LN2019060000697,LDO20190000163,2,2019-09-04,04:49:22,2357.78,Debit,Completed,,Loan Payment - LN2019060000697,False,,1.06,,Automated,Personal Loan,standard_payment,False,loan_payment_generator,False,
TXNL201900001408,ACC0008989,IND19001630,LN2019060000698,LDO20190000353,3,2019-09-26,03:13:20,1165.3,Debit,Completed,,Loan Payment - LN2019060000698,False,,1.56,,Automated,Home Loan,standard_payment,False,loan_payment_generator,False,
TXNL201900001409,ACC0009161,IND19003750,LN2019060000722,LDO20190000005,2,2019-09-09,03:27:50,3759.8,Debit,Completed,,Loan Payment - LN2019060000722 - Late Fee,False,,0.77,,Automated,Personal Loan,late_payment,False,loan_payment_generator,False,
TXNL201900001410,ACC0008641,IND19000825,LN2019060000725,LDO20190000354,3,2019-09-16,04:47:58,1536.25,Debit,Completed,,Loan Payment - LN2019060000725,False,,0.14,,Automated,Home Loan,standard_payment,False,loan_payment_generator,False,
TXNL201900001411,ACC0009032,IND19009032,LN2019060000727,LDO20190000076,2,2019-09-06,04:13:24,1279.76,Debit,Completed,,Loan Payment - LN2019060000727,False,,0.15,,Automated,Home Loan,standard_payment,False,loan_payment_generator,False,
TXNL201900001412,ACC0009396,IND19000153,LN2019060000741,LDO20190000768,2,2019-09-02,02:00:53,2669.94,Debit,Completed,,Loan Payment - LN2019060000741,False,,0.3,,Automated,Vehicle Loan,standard_payment,False,loan_payment_generator,False,
TXNL201900001413,ACC0008937,IND19008259,LN2019060000750,LDO20190000164,2,2019-09-02,03:33:35,3722.29,Debit,Completed,,Loan Payment - LN2019060000750,False,,0.73,,Automated,Home Loan,standard_payment,False,loan_payment_generator,False,
TXNL201900001414,ACC0009716,IND19014329,LN2019060000773,LDO20190000769,3,2019-09-26,03:57:52,1042.07,Debit,Completed,,Loan Payment - LN2019060000773 - Partial,False,,1.9,,Automated,Home Loan,partial_payment,False,loan_payment_generator,False,
TXNL201900001415,ACC0009087,IND19005120,LN2019060000776,LDO20190000165,3,2019-09-23,04:14:27,747.98,Debit,Failed,insufficient_funds,Loan Payment - LN2019060000776 - Extra Principal,False,,1.59,,Automated,Home Loan,extra_payment,False,loan_payment_generator,False,
TXNL201900001416,ACC0009084,IND19007080,LN2019060000778,LDO20190000770,3,2019-09-20,03:48:45,3083.02,Debit,Completed,,Loan Payment - LN2019060000778,False,,1.75,,Automated,Home Loan,standard_payment,False,loan_payment_generator,False,
TXNL201900001417,ACC0009839,IND19002691,LN2019060000784,LDO20190000771,3,2019-09-28,02:14:36,1248.78,Debit,Completed,,Loan Payment - LN2019060000784,False,,1.81,,Automated,Vehicle Loan,standard_payment,False,loan_payment_generator,False,
TXNL201900001418,ACC0008410,IND19004332,LN2019060000793,LDO20190000355,3,2019-09-14,03:02:22,1554.18,Debit,Completed,,Loan Payment - LN2019060000793,False,,0.04,,Automated,Home Loan,standard_payment,False,loan_payment_generator,False,
TXNL201900001419,ACC0009748,IND19007544,LN2019060000799,LDO20190000772,2,2019-09-04,03:38:44,603.12,Debit,Failed,bank_timeout,Loan Payment - LN2019060000799,False,,0.75,,Automated,Home Loan,standard_payment,False,loan_payment_generator,False,
TXNL201900001420,ACC0008969,IND19008111,LN2019060000805,LDO20190000773,3,2019-09-09,03:33:02,2578.88,Debit,Completed,,Loan Payment - LN2019060000805,False,,1.07,,Automated,Personal Loan,standard_payment,False,loan_payment_generator,False,
TXNL201900001421,ACC0008793,IND19008017,LN2019060000806,LDO20190000774,3,2019-09-28,02:08:59,225.01,Debit,Completed,,Loan Payment - LN2019060000806,False,,0.95,,Automated,Home Loan,standard_payment,False,loan_payment_generator,False,
TXNL201900001422,ACC0009343,IND19012867,LN2019060000810,LDO20190000356,2,2019-09-04,02:12:22,329.45,Debit,Completed,,Loan Payment - LN2019060000810,False,,1.67,,Automated,Home Loan,standard_payment,False,loan_payment_generator,False,
TXNL201900001423,ACC0009757,IND19000312,LN2019060000827,LDO20190000166,3,2019-09-28,03:13:10,2630.46,Debit,Completed,,Loan Payment - LN2019060000827,False,,1.48,,Automated,Home Loan,standard_payment,False,loan_payment_generator,False,
TXNL201900001424,ACC0009142,IND19017297,LN2019060000831,LDO20190000775,3,2019-09-25,04:43:49,731.48,Debit,Completed,,Loan Payment - LN2019060000831,False,,1.26,,Automated,Home Loan,standard_payment,False,loan_payment_generator,False,
TXNL201900001425,ACC0009400,IND19016913,LN2019060000836,LDO20190000077,3,2019-09-14,02:57:04,904.43,Debit,Failed,insufficient_funds,Loan Payment - LN2019060000836,False,,1.18,,Automated,Vehicle Loan,standard_payment,False,loan_payment_generator,False,
TXNL201900001426,ACC0009855,COM19000246,LN2019060000845,LDO20190000776,3,2019-09-10,04:21:57,5841.69,Debit,Completed,,Loan Payment - LN2019060000845,False,,1.11,,Automated,Business Loan,standard_payment,False,loan_payment_generator,False,
TXNL201900001427,ACC0008827,IND19010355,LN2019060000850,LDO20190000357,3,2019-09-27,02:38:40,2027.13,Debit,Completed,,Loan Payment - LN2019060000850,False,,0.74,,Automated,Vehicle Loan,standard_payment,False,loan_payment_generator,False,
TXNL201900001428,ACC0009731,IND19002518,LN2019060000860,LDO20190000078,3,2019-09-21,03:14:48,6046.17,Debit,Completed,,Loan Payment - LN2019060000860,False,,1.38,,Automated,Personal Loan,standard_payment,False,loan_payment_generator,False,
TXNL201900001429,ACC0009601,IND19003617,LN2019060000862,LDO20190000777,3,2019-09-25,03:59:01,1560.14,Debit,Completed,,Loan Payment - LN2019060000862,False,,0.04,,Automated,Home Loan,standard_payment,False,loan_payment_generator,False,
TXNL201900001430,ACC0009371,IND19015806,LN2019060000863,LDO20190000014,3,2019-09-22,03:06:50,6260.75,Debit,Completed,,Loan Payment - LN2019060000863,False,,1.57,,Automated,Personal Loan,standard_payment,False,loan_payment_generator,False,
TXNL201900001431,ACC0008958,IND19004520,LN2019060000864,LDO20190000778,3,2019-09-25,04:43:06,1349.41,Debit,Completed,,Loan Payment - LN2019060000864,False,,1.29,,Automated,Vehicle Loan,standard_payment,False,loan_payment_generator,False,
TXNL201900001432,ACC0008976,IND19003578,LN2019060000868,LDO20190000358,3,2019-09-14,04:20:58,4451.79,Debit,Completed,,Loan Payment - LN2019060000868 - Extra Principal,False,,1.5,,Automated,Home Loan,extra_payment,False,loan_payment_generator,False,
TXNL201900001433,ACC0008803,IND19010499,LN2019060000873,LDO20190000779,3,2019-09-27,02:54:11,1999.29,Debit,Completed,,Loan Payment - LN2019060000873,False,,0.1,,Automated,Vehicle Loan,standard_payment,False,loan_payment_generator,False,
TXNL201900001434,ACC0008593,IND19001836,LN2019060000878,LDO20190000780,2,2019-09-04,02:18:15,4707.32,Debit,Completed,,Loan Payment - LN2019060000878,False,,1.57,,Automated,Personal Loan,standard_payment,False,loan_payment_generator,False,
TXNL201900001435,ACC0008511,IND19018038,LN2019060000879,LDO20190000781,2,2019-09-06,02:27:21,3268.63,Debit,Completed,,Loan Payment - LN2019060000879,False,,1.69,,Automated,Personal Loan,standard_payment,False,loan_payment_generator,False,
TXNL201900001436,ACC0009408,IND19015381,LN2019060000881,LDO20190000782,3,2019-09-13,04:36:07,332.74,Debit,Completed,,Loan Payment - LN2019060000881,False,,1.66,,Automated,Home Loan,standard_payment,False,loan_payment_generator,False,
TXNL201900001437,ACC0009211,IND19016817,LN2019060000883,LDO20190000783,3,2019-09-18,03:10:46,741.97,Debit,Completed,,Loan Payment - LN2019060000883,False,,0.83,,Automated,Home Loan,standard_payment,False,loan_payment_generator,False,
TXNL201900001438,ACC0009623,IND19009069,LN2019060000900,LDO20190000784,3,2019-09-08,04:23:42,2821.57,Debit,Failed,mandate_limit,Loan Payment - LN2019060000900,False,,0.3,,Automated,Home Loan,standard_payment,False,loan_payment_generator,False,
TXNL201900001439,ACC0009328,IND19010758,LN2019060000904,LDO20190000785,3,2019-09-15,02:54:24,1795.88,Debit,Completed,,Loan Payment - LN2019060000904,False,,0.88,,Automated,Vehicle Loan,standard_payment,False,loan_payment_generator,False,
TXNL201900001440,ACC0009027,IND19009484,LN2019060000906,LDO20190000359,3,2019-09-21,02:53:36,2084.79,Debit,Completed,,Loan Payment - LN2019060000906,False,,0.67,,Automated,Home Loan,standard_payment,False,loan_payment_generator,False,
TXNL201900001441,ACC0009850,COM19000321,LN2019060000917,LDO20190000360,3,2019-09-20,03:30:24,3551.57,Debit,Failed,insufficient_funds,Loan Payment - LN2019060000917,False,,0.09,,Automated,Business Loan,standard_payment,False,loan_payment_generator,False,
TXNL201900001442,ACC0009713,IND19010198,LN2019060000918,LDO20190000786,3,2019-09-23,02:16:36,476.28,Debit,Failed,mandate_limit,Loan Payment - LN2019060000918,False,,1.62,,Automated,Home Loan,standard_payment,False,loan_payment_generator,False,
TXNL201900001443,ACC0008572,IND19014873,LN2019060000920,LDO20190000787,3,2019-09-13,02:38:20,2779.8,Debit,Completed,,Loan Payment - LN2019060000920,False,,0.33,,Automated,Personal Loan,standard_payment,False,loan_payment_generator,False,
TXNL201900001444,ACC0008776,IND19004547,LN2019060000929,LDO20190000167,3,2019-09-08,04:15:51,5199.1,Debit,Completed,,Loan Payment - LN2019060000929,False,,1.67,,Automated,Vehicle Loan,standard_payment,False,loan_payment_generator,False,
TXNL201900001445,ACC0008821,IND19013443,LN2019060000935,LDO20190000788,3,2019-09-27,04:36:24,2001.0,Debit,Completed,,Loan Payment - LN2019060000935,False,,1.16,,Automated,Home Loan,standard_payment,False,loan_payment_generator,False,
TXNL201900001446,ACC0009515,IND19012916,LN2019060000939,LDO20190000789,3,2019-09-25,02:10:21,2480.2,Debit,Completed,,Loan Payment - LN2019060000939,False,,1.35,,Automated,Home Loan,standard_payment,False,loan_payment_generator,False,
TXNL201900001447,ACC0009546,IND19007827,LN2019060000940,LDO20190000361,2,2019-09-04,02:46:00,2386.08,Debit,Completed,,Loan Payment - LN2019060000940,False,,0.46,,Automated,Vehicle Loan,standard_payment,False,loan_payment_generator,False,
TXNL201900001448,ACC0009512,IND19008009,LN2019060000941,LDO20190000790,2,2019-09-04,02:52:14,1709.79,Debit,Completed,,Loan Payment - LN2019060000941,False,,1.72,,Automated,Vehicle Loan,standard_payment,False,loan_payment_generator,False,
TXNL201900001449,ACC0009481,IND19002659,LN2019060000955,LDO20190000168,3,2019-09-14,04:57:27,885.78,Debit,Completed,,Loan Payment - LN2019060000955,False,,0.97,,Automated,Home Loan,standard_payment,False,loan_payment_generator,False,
TXNL201900001450,ACC0008936,IND19008259,LN2019060000959,LDO20190000791,3,2019-09-30,03:26:13,5904.42,Debit,Completed,,Loan Payment - LN2019060000959,False,,1.48,,Automated,Home Loan,standard_payment,False,loan_payment_generator,False,
TXNL201900001451,ACC0008817,IND19014131,LN2019060000961,LDO20190000362,3,2019-09-17,02:35:31,2254.28,Debit,Failed,insufficient_funds,Loan Payment - LN2019060000961,False,,0.0,,Automated,Vehicle Loan,standard_payment,False,loan_payment_generator,False,
TXNL201900001452,ACC0008542,IND19011467,LN2019060000973,LDO20190000363,3,2019-09-24,04:50:09,2200.15,Debit,Completed,,Loan Payment - LN2019060000973,False,,1.55,,Automated,Personal Loan,standard_payment,False,loan_payment_generator,False,
TXNL201900001453,ACC0009684,IND19018010,LN2019060000975,LDO20190000792,3,2019-09-25,03:31:04,2275.2,Debit,Completed,,Loan Payment - LN2019060000975,False,,0.86,,Automated,Home Loan,standard_payment,False,loan_payment_generator,False,
TXNL201900001454,ACC0009110,IND19004574,LN2019060000996,LDO20190000793,2,2019-09-09,03:35:33,3395.58,Debit,Completed,,Loan Payment - LN2019060000996,False,,1.63,,Automated,Home Loan,standard_payment,False,loan_payment_generator,False,
TXNL201900001455,ACC0008991,IND19011653,LN2019060000999,LDO20190000364,3,2019-09-16,03:30:36,548.58,Debit,Completed,,Loan Payment - LN2019060000999,False,,1.19,,Automated,Vehicle Loan,standard_payment,False,loan_payment_generator,False,
TXNL201900001456,ACC0008990,IND19004746,LN2019060001000,LDO20190000169,3,2019-09-16,03:09:22,1734.24,Debit,Failed,bank_timeout,Loan Payment - LN2019060001000,False,,1.62,,Automated,Home Loan,standard_payment,False,loan_payment_generator,False,
TXNL201900001457,ACC0008714,IND19014922,LN2019060001008,LDO20190000794,3,2019-09-14,02:05:07,3367.35,Debit,Completed,,Loan Payment - LN2019060001008,False,,1.61,,Automated,Personal Loan,standard_payment,False,loan_payment_generator,False,
TXNL201900001458,ACC0009058,IND19014396,LN2019060001012,LDO20190000795,3,2019-09-17,03:16:28,1006.19,Debit,Completed,,Loan Payment - LN2019060001012 - Late Fee,False,,0.38,,Automated,Home Loan,late_payment,False,loan_payment_generator,False,
TXNL201900001459,ACC0009148,IND19017284,LN2019060001015,LDO20190000796,2,2019-09-04,02:28:11,2694.96,Debit,Completed,,Loan Payment - LN2019060001015,False,,0.84,,Automated,Vehicle Loan,standard_payment,False,loan_payment_generator,False,
TXNL201900001460,ACC0009847,COM19000235,LN2019060001036,LDO20190000797,3,2019-09-10,02:18:47,12573.7,Debit,Completed,,Loan Payment - LN2019060001036,False,,0.3,,Automated,Business Loan,standard_payment,False,loan_payment_generator,False,
TXNL201900001461,ACC0008656,IND19004261,LN2019060001037,LDO20190000365,3,2019-09-10,02:47:00,17568.64,Debit,Completed,,Loan Payment - LN2019060001037,False,,1.08,,Automated,Personal Loan,standard_payment,False,loan_payment_generator,False,
TXNL201900001462,ACC0009665,IND19011286,LN2019060001040,LDO20190000006,3,2019-09-27,03:28:43,2212.01,Debit,Completed,,Loan Payment - LN2019060001040,False,,1.69,,Automated,Vehicle Loan,standard_payment,False,loan_payment_generator,False,
TXNL201900001463,ACC0009042,IND19002747,LN2019060001043,LDO20190000798,3,2019-09-11,04:54:29,2575.31,Debit,Completed,,Loan Payment - LN2019060001043,False,,0.86,,Automated,Home Loan,standard_payment,False,loan_payment_generator,False,
TXNL201900001464,ACC0008636,IND19005072,LN2019060001046,LDO20190000799,3,2019-09-29,02:08:46,2783.47,Debit,Completed,,Loan Payment - LN2019060001046,False,,1.21,,Automated,Vehicle Loan,standard_payment,False,loan_payment_generator,False,
TXNL201900001465,ACC0008710,IND19012960,LN2019060001049,LDO20190000800,3,2019-09-30,04:10:39,201.67,Debit,Completed,,Loan Payment - LN2019060001049,False,,1.05,,Automated,Home Loan,standard_payment,False,loan_payment_generator,False,
TXNL201900001466,ACC0009444,IND19013712,LN2019060001063,LDO20190000801,3,2019-09-16,02:59:38,2046.23,Debit,Completed,,Loan Payment - LN2019060001063,False,,0.26,,Automated,Vehicle Loan,standard_payment,False,loan_payment_generator,False,
TXNL201900001467,ACC0008503,IND19002989,LN2019060001085,LDO20190000079,2,2019-09-02,02:41:48,494.55,Debit,Completed,,Loan Payment - LN2019060001085 - Partial,False,,1.74,,Automated,Home Loan,partial_payment,False,loan_payment_generator,False,
TXNL201900001468,ACC0009066,IND19001825,LN2019060001088,LDO20190000802,3,2019-09-26,02:51:23,3381.1,Debit,Completed,,Loan Payment - LN2019060001088,False,,1.42,,Automated,Home Loan,standard_payment,False,loan_payment_generator,False,
TXNL201900001469,ACC0009499,IND19001400,LN2019060001093,LDO20190000170,2,2019-09-05,04:16:00,1090.26,Debit,Completed,,Loan Payment - LN2019060001093,False,,0.77,,Automated,Vehicle Loan,standard_payment,False,loan_payment_generator,False,
TXNL201900001470,ACC0008770,IND19013077,LN2019060001097,LDO20190000080,3,2019-09-17,03:18:51,366.99,Debit,Completed,,Loan Payment - LN2019060001097,False,,0.67,,Automated,Vehicle Loan,standard_payment,False,loan_payment_generator,False,
TXNL201900001471,ACC0009065,IND19001825,LN2019060001105,LDO20190000803,3,2019-09-18,04:48:47,2504.99,Debit,Completed,,Loan Payment - LN2019060001105,False,,0.99,,Automated,Personal Loan,standard_payment,False,loan_payment_generator,False,
TXNL201900001472,ACC0009830,IND19007707,LN2019060001116,LDO20190000171,2,2019-09-05,04:27:58,9173.23,Debit,Completed,,Loan Payment - LN2019060001116,False,,1.47,,Automated,Personal Loan,standard_payment,False,loan_payment_generator,False,
TXNL201900001473,ACC0009584,IND19015163,LN2019060001121,LDO20190000804,3,2019-09-19,02:53:04,1376.88,Debit,Completed,,Loan Payment - LN2019060001121,False,,1.16,,Automated,Personal Loan,standard_payment,False,loan_payment_generator,False,
TXNL201900001474,ACC0009699,IND19000761,LN2019060001124,LDO20190000805,3,2019-09-10,02:38:58,17384.13,Debit,Completed,,Loan Payment - LN2019060001124,False,,0.54,,Automated,Personal Loan,standard_payment,False,loan_payment_generator,False,
TXNL201900001475,ACC0008721,IND19007514,LN2019060001129,LDO20190000806,3,2019-09-25,03:39:49,1934.75,Debit,Completed,,Loan Payment - LN2019060001129,False,,1.33,,Automated,Vehicle Loan,standard_payment,False,loan_payment_generator,False,
TXNL201900001476,ACC0009108,IND19015050,LN2019060001130,LDO20190000807,3,2019-09-20,02:17:44,2867.43,Debit,Completed,,Loan Payment - LN2019060001130 - Extra Principal,False,,1.94,,Automated,Personal Loan,extra_payment,False,loan_payment_generator,False,
TXNL201900001477,ACC0009351,IND19013891,LN2019060001139,LDO20190000808,3,2019-09-16,04:55:05,1938.77,Debit,Completed,,Loan Payment - LN2019060001139,False,,0.33,,Automated,Vehicle Loan,standard_payment,False,loan_payment_generator,False,
TXNL201900001478,ACC0009477,IND19005919,LN2019060001150,LDO20190000809,3,2019-09-25,03:01:14,3568.69,Debit,Completed,,Loan Payment - LN2019060001150,False,,0.05,,Automated,Vehicle Loan,standard_payment,False,loan_payment_generator,False,
TXNL201900001479,ACC0008558,IND19015819,LN2019060001166,LDO20190000810,3,2019-09-10,04:03:24,7588.29,Debit,Completed,,Loan Payment - LN2019060001166,False,,1.19,,Automated,Vehicle Loan,standard_payment,False,loan_payment_generator,False,
TXNL201900001480,ACC0009260,IND19000979,LN2019060001169,LDO20190000811,3,2019-09-30,03:03:40,17578.52,Debit,Completed,,Loan Payment - LN2019060001169,False,,0.86,,Automated,Personal Loan,standard_payment,False,loan_payment_generator,False,
TXNL201900001481,ACC0008773,IND19008498,LN2019060001173,LDO20190000172,3,2019-09-22,03:15:56,655.59,Debit,Completed,,Loan Payment - LN2019060001173,False,,0.76,,Automated,Home Loan,standard_payment,False,loan_payment_generator,False,
TXNL201900001482,ACC0009254,IND19001905,LN2019060001193,LDO20190000812,3,2019-09-11,02:56:07,2315.42,Debit,Completed,,Loan Payment - LN2019060001193,False,,1.51,,Automated,Personal Loan,standard_payment,False,loan_payment_generator,False,
TXNL201900001483,ACC0008431,IND19003397,LN2019060001196,LDO20190000813,3,2019-09-15,04:56:48,1157.7,Debit,Completed,,Loan Payment - LN2019060001196,False,,0.01,,Automated,Personal Loan,standard_payment,False,loan_payment_generator,False,
TXNL201900001484,ACC0009243,IND19016435,LN2019060001199,LDO20190000814,3,2019-09-14,04:58:44,1247.59,Debit,Completed,,Loan Payment - LN2019060001199,False,,1.59,,Automated,Home Loan,standard_payment,False,loan_payment_generator,False,
TXNL201900001485,ACC0009595,IND19008595,LN2019060001202,LDO20190000815,3,2019-09-24,06:27:07,3943.48,Debit,Completed,,Loan Payment - LN2019060001202,False,,0.99,,Automated,Vehicle Loan,standard_payment,False,loan_payment_generator,True,timestamp_shift
TXNL201900001486,ACC0008421,IND19002733,LN2019060001210,LDO20190000816,3,2019-09-26,02:09:57,5576.2,Debit,Completed,,Loan Payment - LN2019060001210,False,,0.67,,Automated,Vehicle Loan,standard_payment,False,loan_payment_generator,False,
TXNL201900001487,ACC0008839,IND19014890,LN2019060001215,LDO20190000817,3,2019-09-21,03:18:55,2018.47,Debit,Completed,,Loan Payment - LN2019060001215 - Late Fee,False,,0.28,,Automated,Personal Loan,late_payment,False,loan_payment_generator,False,
TXNL201900001488,ACC0009800,IND19011990,LN2019060001222,LDO20190000366,3,2019-09-29,02:28:47,8040.54,Debit,Failed,mandate_limit,Loan Payment - LN2019060001222,False,,1.14,,Automated,Personal Loan,standard_payment,False,loan_payment_generator,False,
TXNL201900001489,ACC0009389,IND19017085,LN2019060001243,LDO20190000818,2,2019-09-04,04:44:22,3133.86,Debit,Completed,,Loan Payment - LN2019060001243,False,,0.25,,Automated,Home Loan,standard_payment,False,loan_payment_generator,False,
TXNL201900001490,ACC0009578,IND19014351,LN2019060001251,LDO20190000819,3,2019-09-29,02:21:32,613.23,Debit,Completed,,Loan Payment - LN2019060001251,False,,0.52,,Automated,Personal Loan,standard_payment,False,loan_payment_generator,False,
TXNL201900001491,ACC0009350,IND19017205,LN2019060001253,LDO20190000820,2,2019-09-03,02:06:08,4418.14,Debit,Completed,,Loan Payment - LN2019060001253,False,,0.53,,Automated,Home Loan,standard_payment,False,loan_payment_generator,False,
TXNL201900001492,ACC0009120,IND19001492,LN2019060001254,LDO20190000821,3,2019-09-13,03:57:52,4253.69,Debit,Completed,,Loan Payment - LN2019060001254,False,,1.39,,Automated,Vehicle Loan,standard_payment,False,loan_payment_generator,False,
TXNL201900001493,ACC0008429,IND19011989,LN2019060001256,LDO20190000822,2,2019-09-02,04:26:37,1714.08,Debit,Completed,,Loan Payment - LN2019060001256,False,,0.26,,Automated,Home Loan,standard_payment,False,loan_payment_generator,False,
TXNL201900001494,ACC0009013,IND19005800,LN2019060001258,LDO20190000823,2,2019-09-03,04:51:51,1019.71,Debit,Completed,,Loan Payment - LN2019060001258,False,,0.56,,Automated,Home Loan,standard_payment,False,loan_payment_generator,False,
TXNL201900001495,ACC0008848,IND19016618,LN2019060001261,LDO20190000173,2,2019-09-05,03:24:05,7881.23,Debit,Completed,,Loan Payment - LN2019060001261 - Late Fee,False,,0.34,,Automated,Home Loan,late_payment,False,loan_payment_generator,False,
TXNL201900001496,ACC0009793,IND19005101,LN2019060001265,LDO20190000367,3,2019-09-19,04:31:49,1373.34,Debit,Completed,,Loan Payment - LN2019060001265,False,,1.85,,Automated,Personal Loan,standard_payment,False,loan_payment_generator,False,
TXNL201900001497,ACC0008509,IND19006891,LN2019060001271,LDO20190000368,2,2019-09-05,04:50:54,1354.69,Debit,Completed,,Loan Payment - LN2019060001271 - Extra Principal,False,,0.92,,Automated,Home Loan,extra_payment,False,loan_payment_generator,False,
TXNL201900001498,ACC0009750,IND19011527,LN2019060001272,LDO20190000824,2,2019-09-04,03:54:15,5798.11,Debit,Completed,,Loan Payment - LN2019060001272,False,,0.94,,Automated,Personal Loan,standard_payment,False,loan_payment_generator,False,
TXNL201900001499,ACC0009588,IND19005992,LN2019060001275,LDO20190000825,3,2019-09-11,03:22:34,1719.42,Debit,Completed,,Loan Payment - LN2019060001275,False,,1.39,,Automated,Home Loan,standard_payment,False,loan_payment_generator,False,
TXNL201900001500,ACC0009435,IND19009724,LN2019060001288,LDO20190000826,2,2019-09-05,02:58:29,1290.41,Debit,Failed,account_blocked,Loan Payment - LN2019060001288,False,,1.89,,Automated,Home Loan,standard_payment,False,loan_payment_generator,False,
TXNL201900001501,ACC0009784,IND19004593,LN2019060001289,LDO20190000174,3,2019-09-18,02:58:13,895.53,Debit,Failed,insufficient_funds,Loan Payment - LN2019060001289,False,,0.13,,Automated,Home Loan,standard_payment,False,loan_payment_generator,False,
TXNL201900001502,ACC0008847,IND19016618,LN2019060001293,LDO20190000827,2,2019-09-06,04:05:30,3987.72,Debit,Completed,,Loan Payment - LN2019060001293,False,,1.6,,Automated,Home Loan,standard_payment,False,loan_payment_generator,False,
TXNL201900001503,ACC0009878,COM19000156,LN2019060001295,LDO20190000828,3,2019-09-23,03:16:26,3805.79,Debit,Failed,bank_timeout,Loan Payment - LN2019060001295,False,,1.66,,Automated,Business Loan,standard_payment,False,loan_payment_generator,False,
TXNL201900001504,ACC0008539,IND19011613,LN2019060001297,LDO20190000829,3,2019-09-17,03:33:02,199.96,Debit,Completed,,Loan Payment - LN2019060001297,False,,1.92,,Automated,Home Loan,standard_payment,False,loan_payment_generator,False,
TXNL201900001505,ACC0008517,IND19011991,LN2019060001300,LDO20190000830,3,2019-09-14,02:50:40,5184.46,Debit,Completed,,Loan Payment - LN2019060001300,False,,1.38,,Automated,Home Loan,standard_payment,False,loan_payment_generator,False,
TXNL201900001506,ACC0008633,IND19012853,LN2019060001311,LDO20190000027,3,2019-09-25,02:33:50,1454.15,Debit,Completed,,Loan Payment - LN2019060001311,False,,1.24,,Automated,Home Loan,standard_payment,False,loan_payment_generator,False,
TXNL201900001507,ACC0008777,IND19004547,LN2019060001319,LDO20190000003,3,2019-09-28,02:21:01,3298.26,Debit,Completed,,Loan Payment - LN2019060001319,False,,0.61,,Automated,Vehicle Loan,standard_payment,False,loan_payment_generator,False,
TXNL201900001508,ACC0008591,IND19004250,LN2019060001324,LDO20190000175,3,2019-09-20,03:42:37,3066.19,Debit,Completed,,Loan Payment - LN2019060001324,False,,1.92,,Automated,Home Loan,standard_payment,False,loan_payment_generator,False,
TXNL201900001509,ACC0009323,IND19000379,LN2019060001333,LDO20190000081,3,2019-09-28,03:08:55,2753.04,Debit,Completed,,Loan Payment - LN2019060001333,False,,0.11,,Automated,Personal Loan,standard_payment,False,loan_payment_generator,False,
TXNL201900001510,ACC0008801,IND19011682,LN2019060001340,LDO20190000369,3,2019-09-23,04:36:31,7025.73,Debit,Completed,,Loan Payment - LN2019060001340,False,,0.9,,Automated,Personal Loan,standard_payment,False,loan_payment_generator,False,
TXNL201900001511,ACC0009005,IND19016600,LN2019060001346,LDO20190000831,3,2019-09-26,03:42:14,920.25,Debit,Completed,,Loan Payment - LN2019060001346,False,,1.27,,Automated,Personal Loan,standard_payment,False,loan_payment_generator,True,amount_rounding_error
TXNL201900001512,ACC0008364,IND19001972,LN2019060001350,LDO20190000832,3,2019-09-20,04:39:19,378.02,Debit,Completed,,Loan Payment - LN2019060001350,False,,1.48,,Automated,Home Loan,standard_payment,False,loan_payment_generator,False,
TXNL201900001513,ACC0009537,IND19000621,LN2019060001354,LDO20190000833,3,2019-09-27,04:37:56,2460.46,Debit,Completed,,Loan Payment - LN2019060001354,False,,0.36,,Automated,Vehicle Loan,standard_payment,False,loan_payment_generator,False,
TXNL201900001514,ACC0009864,COM19000031,LN2019060001355,LDO20190000834,2,2019-09-05,03:33:47,34385.63,Debit,Completed,,Loan Payment - LN2019060001355,False,,1.02,,Automated,Business Loan,standard_payment,False,loan_payment_generator,False,
TXNL201900001515,ACC0009876,COM19000179,LN2019060001358,LDO20190000835,3,2019-09-13,04:06:12,4222.03,Debit,Completed,,Loan Payment - LN2019060001358 - Partial,False,,0.93,,Automated,Business Loan,partial_payment,False,loan_payment_generator,False,
TXNL201900001516,ACC0008363,IND19001972,LN2019060001360,LDO20190000370,3,2019-09-08,02:16:07,2349.91,Debit,Failed,insufficient_funds,Loan Payment - LN2019060001360,False,,1.53,,Automated,Home Loan,standard_payment,False,loan_payment_generator,True,amount_rounding_error
TXNL201900001517,ACC0009765,IND19008546,LN2019060001366,LDO20190000836,2,2019-09-03,03:58:40,1144.62,Debit,Completed,,Loan Payment - LN2019060001366,False,,1.06,,Automated,Vehicle Loan,standard_payment,False,loan_payment_generator,False,
TXNL201900001518,ACC0008582,IND19004596,LN2019060001367,LDO20190000837,3,2019-09-11,02:52:32,1667.52,Debit,Completed,,Loan Payment - LN2019060001367,False,,1.96,,Automated,Home Loan,standard_payment,False,loan_payment_generator,False,
TXNL201900001519,ACC0008970,IND19006621,LN2019060001371,LDO20190000838,3,2019-09-09,04:51:31,833.72,Debit,Completed,,Loan Payment - LN2019060001371,False,,0.61,,Automated,Home Loan,standard_payment,False,loan_payment_generator,False,
TXNL201900001520,ACC0008677,IND19008421,LN2019060001372,LDO20190000839,3,2019-09-24,03:58:25,1099.02,Debit,Completed,,Loan Payment - LN2019060001372,False,,0.28,,Automated,Home Loan,standard_payment,False,loan_payment_generator,False,
TXNL201900001521,ACC0008927,IND19017680,LN2019060001381,LDO20190000840,3,2019-09-09,02:17:19,1146.57,Debit,Failed,mandate_limit,Loan Payment - LN2019060001381,False,,1.73,,Automated,Home Loan,standard_payment,False,loan_payment_generator,False,
TXNL201900001522,ACC0009482,IND19001690,LN2019060001390,LDO20190000841,3,2019-09-10,03:33:49,1377.27,Debit,Completed,,Loan Payment - LN2019060001390,False,,0.75,,Automated,Vehicle Loan,standard_payment,False,loan_payment_generator,False,
TXNL201900001523,ACC0009835,IND19003483,LN2019060001391,LDO20190000082,3,2019-09-26,04:53:09,2311.75,Debit,Completed,,Loan Payment - LN2019060001391,False,,1.08,,Automated,Home Loan,standard_payment,False,loan_payment_generator,False,
TXNL201900001524,ACC0008624,IND19014911,LN2019060001394,LDO20190000371,2,2019-09-03,04:29:23,4255.51,Debit,Completed,,Loan Payment - LN2019060001394,False,,1.74,,Automated,Vehicle Loan,standard_payment,False,loan_payment_generator,False,
TXNL201900001525,ACC0009391,IND19010476,LN2019060001395,LDO20190000372,3,2019-09-18,04:04:45,2167.07,Debit,Completed,,Loan Payment - LN2019060001395,False,,0.54,,Automated,Vehicle Loan,standard_payment,False,loan_payment_generator,False,
TXNL201900001526,ACC0009768,IND19015618,LN2019060001398,LDO20190000373,3,2019-09-17,02:29:46,2302.97,Debit,Completed,,Loan Payment - LN2019060001398,False,,1.61,,Automated,Vehicle Loan,standard_payment,False,loan_payment_generator,False,
TXNL201900001527,ACC0009780,IND19017567,LN2019060001410,LDO20190000374,3,2019-09-13,04:40:31,1098.68,Debit,Completed,,Loan Payment - LN2019060001410,False,,0.1,,Automated,Personal Loan,standard_payment,False,loan_payment_generator,False,
TXNL201900001528,ACC0009669,IND19008837,LN2019060001411,LDO20190000842,3,2019-09-25,02:40:30,1040.19,Debit,Completed,,Loan Payment - LN20190600...,False,,0.28,,Automated,Personal Loan,standard_payment,False,loan_payment_generator,True,truncated_description
TXNL201900001529,ACC0008449,IND19013817,LN2019060001415,LDO20190000176,3,2019-09-08,02:00:30,2779.35,Debit,Completed,,Loan Payment - LN2019060001415 - Late Fee,False,,1.29,,Automated,Vehicle Loan,late_payment,False,loan_payment_generator,False,
TXNL201900001530,ACC0009879,COM19000006,LN2019060001419,LDO20190000843,3,2019-09-22,03:07:56,2299.96,Debit,Cancelled,customer_stop_instruction,Loan Payment - LN2019060001419,False,,0.01,,Automated,Business Loan,standard_payment,False,loan_payment_generator,False,
TXNL201900001531,ACC0008785,IND19001088,LN2019060001423,LDO20190000844,3,2019-09-28,02:42:13,3799.02,Debit,Completed,,Loan Payment - LN2019060001423,False,,1.8,,Automated,Personal Loan,standard_payment,False,loan_payment_generator,False,
TXNL201900001532,ACC0008765,IND19008734,LN2019060001424,LDO20190000177,3,2019-09-13,04:22:11,1009.25,Debit,Completed,,Loan Payment - LN2019060001424,False,,0.86,,Automated,Vehicle Loan,standard_payment,False,loan_payment_generator,False,
TXNL201900001533,ACC0009063,IND19004975,LN2019060001425,LDO20190000845,3,2019-09-18,02:57:37,1509.18,Debit,Completed,,Loan Payment - LN20190600...,False,,1.74,,Automated,Home Loan,standard_payment,False,loan_payment_generator,True,truncated_description
TXNL201900001534,ACC0009052,IND19009382,LN2019060001426,LDO20190000846,3,2019-09-22,02:50:49,1872.56,Debit,Completed,,Loan Payment - LN2019060001426,False,,1.72,,Automated,Personal Loan,standard_payment,False,loan_payment_generator,False,
TXNL201900001535,ACC0008695,IND19002789,LN2019060001430,LDO20190000375,2,2019-09-01,03:41:42,1801.01,Debit,Completed,,Loan Payment - LN2019060001430,False,,1.97,,Automated,Personal Loan,standard_payment,False,loan_payment_generator,False,
TXNL201900001536,ACC0009157,IND19010093,LN2019060001436,LDO20190000847,2,2019-09-04,08:09:30,2225.52,Debit,Completed,,Loan Payment - LN2019060001436,False,,1.54,,Automated,Personal Loan,standard_payment,False,loan_payment_generator,True,timestamp_shift
TXNL201900001537,ACC0009693,IND19006845,LN2019060001437,LDO20190000376,3,2019-09-18,02:09:27,1450.94,Debit,Failed,insufficient_funds,Loan Payment - LN2019060001437,False,,0.33,,Automated,Home Loan,standard_payment,False,loan_payment_generator,False,
TXNL201900001538,ACC0009051,IND19013867,LN2019060001441,LDO20190000377,3,2019-09-25,03:58:05,1508.2,Debit,Completed,,Loan Payment - LN2019060001441,False,,0.96,,Automated,Home Loan,standard_payment,False,loan_payment_generator,False,
TXNL201900001539,ACC0008946,IND19005810,LN2019060001444,LDO20190000378,3,2019-09-27,02:22:03,1048.99,Debit,Completed,,Loan Payment - LN2019060001444,False,,0.63,,Automated,Personal Loan,standard_payment,False,loan_payment_generator,False,
TXNL201900001540,ACC0009564,IND19012500,LN2019060001455,LDO20190000848,3,2019-09-16,04:34:11,953.18,Debit,Completed,,Loan Payment - LN2019060001455,False,,1.84,,Automated,Vehicle Loan,standard_payment,False,loan_payment_generator,False,
TXNL201900001541,ACC0008713,IND19006436,LN2019060001456,LDO20190000178,2,2019-09-05,03:06:05,1958.38,Debit,Completed,,Loan Payment - LN2019060001456,False,,1.24,,Automated,Home Loan,standard_payment,False,loan_payment_generator,False,
TXNL201900001542,ACC0010154,IND19001032,LN2019070000001,LDO20190000849,1,2019-09-06,03:13:23,8720.33,Debit,Completed,,Loan Payment - LN2019070000001,False,,1.23,,Automated,Personal Loan,standard_payment,False,loan_payment_generator,False,
TXNL201900001543,ACC0010306,IND19001943,LN2019070000006,LDO20190000179,2,2019-09-17,04:50:34,4744.45,Debit,Completed,,Loan Payment - LN2019070000006,False,,1.21,,Automated,Personal Loan,standard_payment,False,loan_payment_generator,False,
TXNL201900001544,ACC0011256,IND19009318,LN2019070000014,LDO20190000850,1,2019-09-01,02:14:49,1178.73,Debit,Completed,,Loan Payment - LN2019070000014 - Late Fee,False,,1.23,,Automated,Home Loan,late_payment,False,loan_payment_generator,False,
TXNL201900001545,ACC0011282,COM19000216,LN2019070000017,LDO20190000180,2,2019-09-27,04:31:07,6732.44,Debit,Completed,,Loan Payment - LN2019070000017,False,,1.64,,Automated,Business Loan,standard_payment,False,loan_payment_generator,False,
TXNL201900001546,ACC0010031,IND19005333,LN2019070000018,LDO20190000379,2,2019-09-20,03:41:42,2264.07,Debit,Completed,,Loan Payment - LN2019070000018,False,,1.2,,Automated,Home Loan,standard_payment,False,loan_payment_generator,False,
TXNL201900001547,ACC0010436,IND19011436,LN2019070000020,LDO20190000851,1,2019-09-01,02:45:42,1075.23,Debit,Completed,,Loan Payment - LN2019070000020,False,,0.19,,Automated,Home Loan,standard_payment,False,loan_payment_generator,False,
TXNL201900001548,ACC0010358,IND19012978,LN2019070000022,LDO20190000852,2,2019-09-11,03:23:42,2305.82,Debit,Completed,,Loan Payment - LN2019070000022,False,,0.58,,Automated,Home Loan,standard_payment,False,loan_payment_generator,False,
TXNL201900001549,ACC0010269,IND19007616,LN2019070000030,LDO20190000853,2,2019-09-16,02:05:50,1585.79,Debit,Completed,,Loan Payment - LN2019070000030,False,,1.43,,Automated,Home Loan,standard_payment,False,loan_payment_generator,False,
TXNL201900001550,ACC0011194,IND19005453,LN2019070000042,LDO20190000380,2,2019-09-22,02:36:48,1110.91,Debit,Completed,,Loan Payment - LN2019070000042,False,,0.23,,Automated,Home Loan,standard_payment,False,loan_payment_generator,False,
TXNL201900001551,ACC0010189,IND19001952,LN2019070000048,LDO20190000381,2,2019-09-27,04:40:20,2548.26,Debit,Completed,,Loan Payment - LN2019070000048,False,,0.3,,Automated,Vehicle Loan,standard_payment,False,loan_payment_generator,False,
TXNL201900001552,ACC0010720,IND19011255,LN2019070000052,LDO20190000382,2,2019-09-26,03:57:12,2738.63,Debit,Completed,,Loan Payment - LN2019070000052 - Late Fee,False,,1.26,,Automated,Home Loan,late_payment,False,loan_payment_generator,False,
TXNL201900001553,ACC0010698,IND19004302,LN2019070000056,LDO20190000383,2,2019-09-30,04:20:28,1969.95,Debit,Completed,,Loan Payment - LN2019070000056,False,,0.38,,Automated,Home Loan,standard_payment,False,loan_payment_generator,False,
TXNL201900001554,ACC0010922,IND19012101,LN2019070000058,LDO20190000384,2,2019-09-22,03:25:21,14396.5,Debit,Completed,,Loan Payment - LN2019070000058,False,,1.8,,Automated,Personal Loan,standard_payment,False,loan_payment_generator,False,
TXNL201900001555,ACC0010859,IND19011750,LN2019070000063,LDO20190000385,2,2019-09-21,03:15:24,2767.01,Debit,Cancelled,customer_stop_instruction,Loan Payment - LN2019070000063,False,,1.84,,Automated,Personal Loan,standard_payment,False,loan_payment_generator,False,
TXNL201900001556,ACC0009912,IND19015470,LN2019070000068,LDO20190000083,2,2019-09-24,03:48:54,1533.12,Debit,Completed,,Loan Payment - LN2019070000068,False,,0.33,,Automated,Vehicle Loan,standard_payment,False,loan_payment_generator,False,
TXNL201900001557,ACC0010198,IND19004108,LN2019070000069,LDO20190000854,1,2019-09-08,00:12:57,4788.8,Debit,Completed,,Loan Payment - LN2019070000069,False,,1.8,,Automated,Personal Loan,standard_payment,False,loan_payment_generator,True,timestamp_shift
TXNL201900001558,ACC0010951,IND19014995,LN2019070000073,LDO20190000855,2,2019-09-10,03:11:23,2312.5,Debit,Completed,,Loan Payment - LN2019070000073,False,,1.14,,Automated,Home Loan,standard_payment,False,loan_payment_generator,False,
TXNL201900001559,ACC0010067,IND19014341,LN2019070000077,LDO20190000386,2,2019-09-30,02:56:25,2180.02,Debit,Completed,,Loan Payment - LN2019070000077,False,,1.18,,Automated,Home Loan,standard_payment,False,loan_payment_generator,False,
TXNL201900001560,ACC0010330,IND19011323,LN2019070000085,LDO20190000856,2,2019-09-25,02:07:56,4400.79,Debit,Completed,,Loan Payment - LN2019070000085 - Extra Principal,False,,0.27,,Automated,Home Loan,extra_payment,False,loan_payment_generator,False,
TXNL201900001561,ACC0011113,IND19013275,LN2019070000093,LDO20190000857,2,2019-09-20,03:10:24,2566.39,Debit,Completed,,Loan Payment - LN2019070000093,False,,1.77,,Automated,Home Loan,standard_payment,False,loan_payment_generator,False,
TXNL201900001562,ACC0010368,IND19006224,LN2019070000096,LDO20190000858,1,2019-09-08,03:09:26,3116.98,Debit,Cancelled,customer_stop_instruction,Loan Payment - LN2019070000096,False,,1.87,,Automated,Home Loan,standard_payment,False,loan_payment_generator,False,
TXNL201900001563,ACC0011073,IND19006699,LN2019070000097,LDO20190000859,2,2019-09-23,03:39:17,6388.78,Debit,Completed,,Loan Payment - LN2019070000097,False,,1.11,,Automated,Home Loan,standard_payment,False,loan_payment_generator,False,
TXNL201900001564,ACC0010211,IND19004468,LN2019070000101,LDO20190000860,1,2019-09-08,02:58:58,1528.65,Debit,Completed,,Loan Payment - LN2019070000101,False,,0.73,,Automated,Home Loan,standard_payment,False,loan_payment_generator,False,
TXNL201900001565,ACC0010800,IND19004493,LN2019070000107,LDO20190000387,2,2019-09-20,02:44:02,2165.05,Debit,Failed,bank_timeout,Loan Payment - LN2019070000107,False,,1.21,,Automated,Vehicle Loan,standard_payment,False,loan_payment_generator,False,
TXNL201900001566,ACC0010571,IND19012333,LN2019070000108,LDO20190000181,2,2019-09-30,02:09:56,1284.49,Debit,Completed,,Loan Payment - LN2019070000108,False,,1.68,,Automated,Vehicle Loan,standard_payment,False,loan_payment_generator,False,
TXNL201900001567,ACC0010173,IND19001965,LN2019070000109,LDO20190000182,1,2019-09-02,03:45:50,1852.26,Debit,Completed,,Loan Payment - LN2019070000109,False,,1.67,,Automated,Personal Loan,standard_payment,False,loan_payment_generator,False,
TXNL201900001568,ACC0011233,IND19015868,LN2019070000128,LDO20190000861,2,2019-09-27,04:36:21,1929.98,Debit,Completed,,Loan Payment - LN2019070000128,False,,0.93,,Automated,Personal Loan,standard_payment,False,loan_payment_generator,False,
TXNL201900001569,ACC0010186,IND19003972,LN2019070000130,LDO20190000862,2,2019-09-08,04:17:19,3281.58,Debit,Completed,,Loan Payment - LN2019070000130,False,,1.34,,Automated,Vehicle Loan,standard_payment,False,loan_payment_generator,False,
TXNL201900001570,ACC0011036,IND19008491,LN2019070000135,LDO20190000388,1,2019-09-02,04:05:32,1173.95,Debit,Failed,mandate_limit,Loan Payment - LN2019070000135,False,,1.98,,Automated,Personal Loan,standard_payment,False,loan_payment_generator,False,
TXNL201900001571,ACC0010601,IND19015607,LN2019070000140,LDO20190000183,2,2019-09-13,04:32:33,2706.85,Debit,Completed,,Loan Payment - LN2019070000140,False,,0.81,,Automated,Vehicle Loan,standard_payment,False,loan_payment_generator,False,
TXNL201900001572,ACC0009957,IND19008489,LN2019070000144,LDO20190000184,2,2019-09-18,04:22:39,3464.44,Debit,Completed,,Loan Payment - LN2019070000144,False,,1.45,,Automated,Home Loan,standard_payment,False,loan_payment_generator,False,
TXNL201900001573,ACC0010548,IND19016283,LN2019070000149,LDO20190000863,1,2019-09-02,03:11:25,1801.32,Debit,Completed,,Loan Payment - LN2019070000149,False,,0.48,,Automated,Vehicle Loan,standard_payment,False,loan_payment_generator,False,
TXNL201900001574,ACC0010320,IND19011114,LN2019070000150,LDO20190000864,2,2019-09-30,02:09:16,3016.18,Debit,Completed,,Loan Payment - LN2019070000150,False,,0.36,,Automated,Vehicle Loan,standard_payment,False,loan_payment_generator,False,
TXNL201900001575,ACC0011014,IND19006060,LN2019070000157,LDO20190000389,1,2019-09-05,03:12:54,3487.55,Debit,Completed,,Loan Payment - LN2019070000157 - Late Fee,False,,1.01,,Automated,Personal Loan,late_payment,False,loan_payment_generator,False,
TXNL201900001576,ACC0011050,IND19012644,LN2019070000164,LDO20190000865,2,2019-09-29,04:31:54,14785.53,Debit,Completed,,Loan Payment - LN2019070000164,False,,1.72,,Automated,Personal Loan,standard_payment,False,loan_payment_generator,False,
TXNL201900001577,ACC0010906,IND19001776,LN2019070000165,LDO20190000866,1,2019-09-03,04:09:46,1175.49,Debit,Completed,,Loan Payment - LN2019070000165,False,,1.3,,Automated,Home Loan,standard_payment,False,loan_payment_generator,False,
TXNL201900001578,ACC0010685,IND19015099,LN2019070000166,LDO20190000185,1,2019-09-05,03:23:44,3592.47,Debit,Completed,,Loan Payment - LN2019070000166,False,,0.3,,Automated,Vehicle Loan,standard_payment,False,loan_payment_generator,False,
TXNL201900001579,ACC0010261,IND19005180,LN2019070000167,LDO20190000390,2,2019-09-25,03:39:57,5479.03,Debit,Completed,,Loan Payment - LN2019070000167,False,,0.05,,Automated,Personal Loan,standard_payment,False,loan_payment_generator,False,
TXNL201900001580,ACC0010636,IND19009538,LN2019070000171,LDO20190000391,2,2019-09-16,02:54:59,2211.21,Debit,Completed,,Loan Payment - LN2019070000171,False,,0.31,,Automated,Home Loan,standard_payment,False,loan_payment_generator,False,
TXNL201900001581,ACC0010143,IND19005667,LN2019070000174,LDO20190000392,1,2019-09-04,04:17:59,1608.76,Debit,Completed,,Loan Payment - LN2019070000174,False,,0.97,,Automated,Home Loan,standard_payment,False,loan_payment_generator,False,
TXNL201900001582,ACC0010904,IND19005848,LN2019070000181,LDO20190000028,2,2019-09-30,03:34:45,2472.71,Debit,Completed,,Loan Payment - LN2019070000181,False,,1.08,,Automated,Vehicle Loan,standard_payment,False,loan_payment_generator,False,
TXNL201900001583,ACC0011086,IND19010416,LN2019070000188,LDO20190000867,2,2019-09-26,02:59:25,2619.92,Debit,Completed,,Loan Payment - LN2019070000188,False,,0.73,,Automated,Vehicle Loan,standard_payment,False,loan_payment_generator,False,
TXNL201900001584,ACC0010134,IND19007321,LN2019070000189,LDO20190000393,2,2019-09-27,02:18:35,3214.85,Debit,Completed,,Loan Payment - LN2019070000189,False,,0.88,,Automated,Personal Loan,standard_payment,False,loan_payment_generator,False,
TXNL201900001585,ACC0010291,IND19007161,LN2019070000206,LDO20190000394,2,2019-09-16,04:28:59,441.54,Debit,Completed,,Loan Payment - LN2019070000206,False,,0.33,,Automated,Home Loan,standard_payment,False,loan_payment_generator,False,
TXNL201900001586,ACC0010850,IND19010480,LN2019070000208,LDO20190000395,2,2019-09-14,03:00:14,7959.86,Debit,Failed,account_blocked,Loan Payment - LN2019070000208,False,,0.33,,Automated,Personal Loan,standard_payment,False,loan_payment_generator,False,
TXNL201900001587,ACC0011165,IND19012521,LN2019070000214,LDO20190000868,1,2019-09-08,03:15:15,5442.49,Debit,Completed,,Loan Payment - LN2019070000214,False,,0.38,,Automated,Personal Loan,standard_payment,False,loan_payment_generator,False,
TXNL201900001588,ACC0011235,IND19001576,LN2019070000215,LDO20190000015,2,2019-09-11,04:24:04,2330.37,Debit,Completed,,Loan Payment - LN2019070000215,False,,0.85,,Automated,Home Loan,standard_payment,False,loan_payment_generator,False,
TXNL201900001589,ACC0011226,IND19010790,LN2019070000221,LDO20190000869,2,2019-09-07,04:52:34,2287.06,Debit,Completed,,Loan Payment - LN2019070000221,False,,0.72,,Automated,Vehicle Loan,standard_payment,False,loan_payment_generator,False,
TXNL201900001590,ACC0011061,IND19012586,LN2019070000228,LDO20190000870,1,2019-09-01,02:27:53,14052.62,Debit,Completed,,Loan Payment - LN2019070000228,False,,1.53,,Automated,Personal Loan,standard_payment,False,loan_payment_generator,False,
TXNL201900001591,ACC0011126,IND19006577,LN2019070000242,LDO20190000871,2,2019-09-16,02:07:49,3285.63,Debit,Completed,,Loan Payment - LN2019070000242,False,,1.37,,Automated,Vehicle Loan,standard_payment,False,loan_payment_generator,False,
TXNL201900001592,ACC0010845,IND19008329,LN2019070000250,LDO20190000396,2,2019-09-28,02:47:18,6885.73,Debit,Failed,duplicate_debit,Loan Payment - LN2019070000250,False,,0.65,,Automated,Personal Loan,standard_payment,False,loan_payment_generator,False,
TXNL201900001593,ACC0010705,IND19012417,LN2019070000251,LDO20190000872,2,2019-09-26,02:04:36,3615.13,Debit,Completed,,Loan Payment - LN2019070000251,False,,0.42,,Automated,Vehicle Loan,standard_payment,False,loan_payment_generator,False,
TXNL201900001594,ACC0010300,IND19004941,LN2019070000261,LDO20190000397,2,2019-09-29,03:28:36,1225.67,Debit,Completed,,Loan Payment - LN2019070000261 - Partial,False,,0.62,,Automated,Home Loan,partial_payment,False,loan_payment_generator,False,
TXNL201900001595,ACC0010842,IND19008456,LN2019070000269,LDO20190000029,1,2019-09-05,04:20:20,3501.44,Debit,Completed,,Loan Payment - LN2019070000269,False,,0.53,,Automated,Home Loan,standard_payment,False,loan_payment_generator,False,
TXNL201900001596,ACC0011117,IND19014269,LN2019070000276,LDO20190000873,2,2019-09-23,04:57:37,2602.15,Debit,Completed,,Loan Payment - LN2019070000276,False,,0.04,,Automated,Home Loan,standard_payment,False,loan_payment_generator,False,
TXNL201900001597,ACC0010857,IND19015399,LN2019070000286,LDO20190000874,2,2019-09-19,04:02:03,2165.59,Debit,Completed,,Loan Payment - LN2019070000286,False,,0.9,,Automated,Personal Loan,standard_payment,False,loan_payment_generator,False,
TXNL201900001598,ACC0009886,IND19007818,LN2019070000294,LDO20190000186,1,2019-09-03,03:17:24,4006.73,Debit,Completed,,Loan Payment - LN2019070000294,False,,0.96,,Automated,Home Loan,standard_payment,False,loan_payment_generator,False,
TXNL201900001599,ACC0010026,IND19011639,LN2019070000296,LDO20190000187,2,2019-09-21,02:17:28,2072.92,Debit,Completed,,Loan Payment - LN2019070000296,False,,0.44,,Automated,Home Loan,standard_payment,False,loan_payment_generator,False,
TXNL201900001600,ACC0010641,IND19007872,LN2019070000310,LDO20190000875,2,2019-09-27,02:15:33,1326.84,Debit,Completed,,Loan Payment - LN2019070000310,False,,1.37,,Automated,Personal Loan,standard_payment,False,loan_payment_generator,False,
TXNL201900001601,ACC0010483,IND19000691,LN2019070000312,LDO20190000030,1,2019-09-04,04:19:22,908.22,Debit,Failed,mandate_limit,Loan Payment - LN2019070000312,False,,0.14,,Automated,Home Loan,standard_payment,False,loan_payment_generator,True,status_inconsistency
TXNL201900001602,ACC0011145,IND19001902,LN2019070000316,LDO20190000398,2,2019-09-29,03:11:07,1275.63,Debit,Completed,,Loan Payment - LN2019070000316,False,,1.96,,Automated,Home Loan,standard_payment,False,loan_payment_generator,False,
TXNL201900001603,ACC0010595,IND19012613,LN2019070000317,LDO20190000399,2,2019-09-28,04:29:38,2808.24,Debit,Completed,,Loan Payment - LN2019070000317,False,,1.29,,Automated,Vehicle Loan,standard_payment,False,loan_payment_generator,False,
TXNL201900001604,ACC0010374,IND19014496,LN2019070000318,LDO20190000876,2,2019-09-19,04:17:48,3958.48,Debit,Completed,,Loan Payment - LN2019070000318,False,,0.92,,Automated,Home Loan,standard_payment,False,loan_payment_generator,False,
TXNL201900001605,ACC0011204,IND19012969,LN2019070000319,LDO20190000877,2,2019-09-04,04:12:02,6210.7,Debit,Completed,,Loan Payment - LN2019070000319,False,,0.31,,Automated,Home Loan,standard_payment,False,loan_payment_generator,False,
TXNL201900001606,ACC0010127,IND19010478,LN2019070000320,LDO20190000878,2,2019-09-22,04:00:01,756.74,Debit,Completed,,Loan Payment - LN2019070000320,False,,1.53,,Automated,Home Loan,standard_payment,False,loan_payment_generator,False,
TXNL201900001607,ACC0011039,IND19000778,LN2019070000321,LDO20190000084,1,2019-09-07,04:29:54,3413.89,Debit,Completed,,Loan Payment - LN2019070000321,False,,1.38,,Automated,Home Loan,standard_payment,False,loan_payment_generator,False,
TXNL201900001608,ACC0010990,IND19014332,LN2019070000323,LDO20190000879,2,2019-09-17,02:54:11,1197.48,Debit,Completed,,Loan Payment - LN2019070000323,False,,0.18,,Automated,Personal Loan,standard_payment,False,loan_payment_generator,False,
TXNL201900001609,ACC0010537,IND19003127,LN2019070000332,LDO20190000188,2,2019-09-30,02:16:35,692.73,Debit,Completed,,Loan Payment - LN2019070000332,False,,1.09,,Automated,Home Loan,standard_payment,False,loan_payment_generator,False,
TXNL201900001610,ACC0010831,IND19003672,LN2019070000333,LDO20190000880,2,2019-09-28,03:09:43,1869.07,Debit,Completed,,Loan Payment - LN2019070000333,False,,0.87,,Automated,Vehicle Loan,standard_payment,False,loan_payment_generator,False,
TXNL201900001611,ACC0010099,IND19003327,LN2019070000340,LDO20190000881,2,2019-09-30,04:40:44,319.37,Debit,Completed,,Loan Payment - LN2019070000340 - Partial,False,,1.64,,Automated,Personal Loan,partial_payment,False,loan_payment_generator,False,
TXNL201900001612,ACC0010942,IND19014294,LN2019070000342,LDO20190000189,2,2019-09-30,02:03:08,6123.56,Debit,Completed,,Loan Payment - LN2019070000342,False,,1.16,,Automated,Personal Loan,standard_payment,False,loan_payment_generator,False,
TXNL201900001613,ACC0011198,IND19003048,LN2019070000353,LDO20190000882,2,2019-09-13,03:24:35,2588.64,Debit,Completed,,Loan Payment - LN2019070000353,False,,1.46,,Automated,Home Loan,standard_payment,False,loan_payment_generator,False,
TXNL201900001614,ACC0010275,IND19007011,LN2019070000354,LDO20190000031,2,2019-09-15,02:55:22,1583.04,Debit,Completed,,Loan Payment - LN2019070000354,False,,0.55,,Automated,Home Loan,standard_payment,False,loan_payment_generator,False,
TXNL201900001615,ACC0009926,IND19008368,LN2019070000371,LDO20190000883,2,2019-09-16,04:51:37,2584.02,Debit,Completed,,Loan Payment - LN2019070000371,False,,0.33,,Automated,Vehicle Loan,standard_payment,False,loan_payment_generator,False,
TXNL201900001616,ACC0010840,IND19007896,LN2019070000375,LDO20190000400,2,2019-09-21,03:44:33,4321.06,Debit,Completed,,Loan Payment - LN2019070000375,False,,0.13,,Automated,Vehicle Loan,standard_payment,False,loan_payment_generator,False,
TXNL201900001617,ACC0010120,IND19001278,LN2019070000383,LDO20190000085,2,2019-09-19,04:14:55,2110.51,Debit,Completed,,Loan Payment - LN2019070000383,False,,1.48,,Automated,Personal Loan,standard_payment,False,loan_payment_generator,False,
TXNL201900001618,ACC0009906,IND19002371,LN2019070000390,LDO20190000086,2,2019-09-28,03:56:14,2484.17,Debit,Completed,,Loan Payment - LN2019070000390,False,,0.62,,Automated,Personal Loan,standard_payment,False,loan_payment_generator,False,
TXNL201900001619,ACC0010745,IND19011691,LN2019070000414,LDO20190000884,2,2019-09-24,04:45:20,1547.71,Debit,Completed,,Loan Payment - LN2019070000414 - Late Fee,False,,0.79,,Automated,Vehicle Loan,late_payment,False,loan_payment_generator,False,
TXNL201900001620,ACC0010115,IND19016405,LN2019070000424,LDO20190000885,2,2019-09-18,03:08:32,3538.61,Debit,Completed,,Loan Payment - LN2019070000424,False,,0.15,,Automated,Home Loan,standard_payment,False,loan_payment_generator,False,
TXNL201900001621,ACC0010811,IND19002604,LN2019070000434,LDO20190000886,2,2019-09-10,02:33:27,1102.58,Debit,Completed,,Loan Payment - LN2019070000434,False,,0.7,,Automated,Home Loan,standard_payment,False,loan_payment_generator,False,
TXNL201900001622,ACC0010479,IND19000504,LN2019070000437,LDO20190000887,1,2019-09-02,02:41:00,1221.45,Debit,Completed,,Loan Payment - LN2019070000437,False,,1.9,,Automated,Home Loan,standard_payment,False,loan_payment_generator,False,
TXNL201900001623,ACC0009924,IND19009777,LN2019070000439,LDO20190000888,2,2019-09-13,02:25:09,3834.75,Debit,Completed,,Loan Payment - LN2019070000439,False,,0.54,,Automated,Personal Loan,standard_payment,False,loan_payment_generator,False,
TXNL201900001624,ACC0010719,IND19011255,LN2019070000442,LDO20190000401,1,2019-09-01,03:50:44,1026.34,Debit,Completed,,Loan Payment - LN2019070000442,False,,0.43,,Automated,Home Loan,standard_payment,False,loan_payment_generator,False,
TXNL201900001625,ACC0010510,IND19012405,LN2019070000452,LDO20190000889,2,2019-09-29,02:11:36,1687.52,Debit,Completed,,Loan Payment - LN2019070000452,False,,0.52,,Automated,Personal Loan,standard_payment,False,loan_payment_generator,False,
TXNL201900001626,ACC0011281,COM19000182,LN2019070000453,LDO20190000890,2,2019-09-28,03:16:00,3756.72,Debit,Completed,,Loan Payment - LN2019070000453,False,,1.26,,Automated,Business Loan,standard_payment,False,loan_payment_generator,False,
TXNL201900001627,ACC0010570,IND19011798,LN2019070000459,LDO20190000891,1,2019-09-05,04:04:37,3805.33,Debit,Failed,invalid_account_details,Loan Payment - LN2019070000459 - Extra Principal,False,,0.04,,Automated,Vehicle Loan,extra_payment,False,loan_payment_generator,False,
TXNL201900001628,ACC0010160,IND19012728,LN2019070000467,LDO20190000892,2,2019-09-21,02:56:50,6526.81,Debit,Completed,,Loan Payment - LN2019070000467,False,,0.52,,Automated,Personal Loan,standard_payment,False,loan_payment_generator,False,
TXNL201900001629,ACC0010073,IND19013534,LN2019070000468,LDO20190000893,2,2019-09-20,23:41:16,1630.92,Debit,Completed,,Loan Payment - LN2019070000468,False,,1.07,,Automated,Home Loan,standard_payment,False,loan_payment_generator,True,timestamp_shift
TXNL201900001630,ACC0010790,IND19005032,LN2019070000469,LDO20190000894,2,2019-09-19,04:14:14,2997.81,Debit,Completed,,Loan Payment - LN2019070000469,False,,0.19,,Automated,Home Loan,standard_payment,False,loan_payment_generator,False,
TXNL201900001631,ACC0011251,IND19004940,LN2019070000470,LDO20190000895,2,2019-09-15,03:16:31,957.16,Debit,Failed,bank_timeout,Loan Payment - LN20190700...,False,,0.03,,Automated,Vehicle Loan,standard_payment,False,loan_payment_generator,True,truncated_description
TXNL201900001632,ACC0010181,IND19008409,LN2019070000477,LDO20190000402,2,2019-09-24,03:51:52,1167.13,Debit,Completed,,Loan Payment - LN2019070000477,False,,0.94,,Automated,Personal Loan,standard_payment,False,loan_payment_generator,False,
TXNL201900001633,ACC0009991,IND19005253,LN2019070000479,LDO20190000896,2,2019-09-24,03:52:47,550.59,Debit,Completed,,Loan Payment - LN2019070000479,False,,1.42,,Automated,Home Loan,standard_payment,False,loan_payment_generator,False,
TXNL201900001634,ACC0011013,IND19003821,LN2019070000490,LDO20190000032,2,2019-09-18,04:56:28,2718.21,Debit,Completed,,Loan Payment - LN2019070000490,False,,0.75,,Automated,Home Loan,standard_payment,False,loan_payment_generator,False,
TXNL201900001635,ACC0011102,IND19009068,LN2019070000492,LDO20190000403,2,2019-09-23,02:47:31,3946.15,Debit,Completed,,Loan Payment - LN2019070000492,False,,1.06,,Automated,Home Loan,standard_payment,False,loan_payment_generator,False,
TXNL201900001636,ACC0011245,IND19008983,LN2019070000500,LDO20190000404,1,2019-09-09,02:34:22,874.89,Debit,Completed,,Loan Payment - LN2019070000500,False,,1.49,,Automated,Home Loan,standard_payment,False,loan_payment_generator,False,
 TXNL201900001637 ,ACC0010522,IND19004142,LN2019070000501,LDO20190000087,2,2019-09-22,03:57:55,427.18,Debit,Completed,,Loan Payment - LN2019070000501,False,,1.72,,Automated,Home Loan,standard_payment,False,loan_payment_generator,True,whitespace_in_id
TXNL201900001638,ACC0010923,IND19002816,LN2019070000506,LDO20190000897,1,2019-09-04,02:20:30,267.87,Debit,Completed,,Loan Payment - LN2019070000506,False,,1.53,,Automated,Home Loan,standard_payment,False,loan_payment_generator,False,
TXNL201900001639,ACC0010405,IND19004977,LN2019070000510,LDO20190000033,1,2019-09-06,03:14:47,2150.85,Debit,Completed,,Loan Payment - LN2019070000510,False,,0.34,,Automated,Home Loan,standard_payment,False,loan_payment_generator,False,
TXNL201900001640,ACC0010379,IND19009202,LN2019070000517,LDO20190000898,2,2019-09-27,04:43:52,1127.97,Debit,Completed,,Loan Payment - LN2019070000517,False,,0.58,,Automated,Personal Loan,standard_payment,False,loan_payment_generator,False,
TXNL201900001641,ACC0011221,IND19004841,LN2019070000536,LDO20190000899,2,2019-09-23,02:28:05,2105.42,Debit,Completed,,Loan Payment - LN2019070000536,False,,0.45,,Automated,Vehicle Loan,standard_payment,False,loan_payment_generator,False,
TXNL201900001642,ACC0010473,IND19002485,LN2019070000537,LDO20190000190,2,2019-09-14,03:00:39,4027.99,Debit,Completed,,Loan Payment - LN2019070000537,False,,0.41,,Automated,Personal Loan,standard_payment,False,loan_payment_generator,False,
TXNL201900001643,ACC0010843,IND19008456,LN2019070000545,LDO20190000191,2,2019-09-25,03:51:01,1778.97,Debit,Completed,,Loan Payment - LN2019070000545 - Late Fee,False,,0.87,,Automated,Personal Loan,late_payment,False,loan_payment_generator,False,
TXNL201900001644,ACC0010159,IND19000901,LN2019070000546,LDO20190000900,2,2019-09-17,04:05:29,339.96,Debit,Completed,,Loan Payment - LN2019070000546 - Extra Principal,False,,0.1,,Automated,Home Loan,extra_payment,False,loan_payment_generator,False,
TXNL201900001645,ACC0010225,IND19015856,LN2019070000552,LDO20190000901,2,2019-09-21,04:19:08,4791.75,Debit,Completed,,Loan Payment - LN2019070000552,False,,1.58,,Automated,Personal Loan,standard_payment,False,loan_payment_generator,False,
TXNL201900001646,ACC0010617,IND19010181,LN2019070000571,LDO20190000088,2,2019-09-29,02:08:24,836.49,Debit,Completed,,Loan Payment - LN2019070000571,False,,1.97,,Automated,Home Loan,standard_payment,False,loan_payment_generator,False,
TXNL201900001647,ACC0010830,IND19003672,LN2019070000575,LDO20190000902,2,2019-09-30,03:15:01,1310.65,Debit,Completed,,Loan Payment - LN2019070000575,False,,1.03,,Automated,Home Loan,standard_payment,False,loan_payment_generator,False,
TXNL201900001648,ACC0010085,IND19004379,LN2019070000582,LDO20190000405,2,2019-09-10,03:26:23,801.74,Debit,Completed,,Loan Payment - LN2019070000582,False,,0.68,,Automated,Personal Loan,standard_payment,False,loan_payment_generator,False,
TXNL201900001649,ACC0010049,IND19001533,LN2019070000589,LDO20190000903,2,2019-09-28,04:48:43,3645.89,Debit,Completed,,Loan Payment - LN2019070000589 - Extra Principal,False,,1.1,,Automated,Personal Loan,extra_payment,False,loan_payment_generator,False,
TXNL201900001650,ACC0010978,IND19010934,LN2019070000591,LDO20190000904,1,2019-09-06,02:43:06,897.37,Debit,Completed,,Loan Payment - LN2019070000591,False,,0.92,,Automated,Home Loan,standard_payment,False,loan_payment_generator,False,
TXNL201900001651,ACC0011269,COM19000047,LN2019070000624,LDO20190000406,2,2019-09-16,02:16:31,11597.3,Debit,Completed,,Loan Payment - LN2019070000624 - Late Fee,False,,1.6,,Automated,Business Loan,late_payment,False,loan_payment_generator,False,
TXNL201900001652,ACC0010810,IND19000039,LN2019070000628,LDO20190000905,2,2019-09-29,03:57:29,1619.59,Debit,Completed,,Loan Payment - LN2019070000628,False,,1.72,,Automated,Vehicle Loan,standard_payment,False,loan_payment_generator,False,
TXNL201900001653,ACC0010808,IND19005422,LN2019070000630,LDO20190000906,1,2019-09-07,02:33:33,1421.66,Debit,Completed,,Loan Payment - LN2019070000630,False,,1.82,,Automated,Personal Loan,standard_payment,False,loan_payment_generator,False,
TXNL201900001654,ACC0010507,IND19002027,LN2019070000631,LDO20190000407,1,2019-09-08,03:38:52,2231.02,Debit,Completed,,Loan Payment - LN2019070000631,False,,0.78,,Automated,Home Loan,standard_payment,False,loan_payment_generator,False,
TXNL201900001655,ACC0011078,IND19012587,LN2019070000637,LDO20190000907,1,2019-09-03,04:14:32,1441.7,Debit,Completed,,Loan Payment - LN2019070000637,False,,1.73,,Automated,Vehicle Loan,standard_payment,False,loan_payment_generator,False,
TXNL201900001656,ACC0011178,IND19004500,LN2019070000639,LDO20190000408,1,2019-09-08,04:34:45,1789.98,Debit,Completed,,Loan Payment - LN2019070000639,False,,0.03,,Automated,Vehicle Loan,standard_payment,False,loan_payment_generator,False,
TXNL201900001657,ACC0010821,IND19014353,LN2019070000642,LDO20190000089,2,2019-09-17,03:18:52,360.07,Debit,Completed,,Loan Payment - LN2019070000642,False,,1.31,,Automated,Home Loan,standard_payment,False,loan_payment_generator,False,
TXNL201900001658,ACC0010911,IND19004857,LN2019070000648,LDO20190000908,2,2019-09-19,04:29:46,578.49,Debit,Failed,bank_timeout,Loan Payment - LN2019070000648,False,,1.59,,Automated,Home Loan,standard_payment,False,loan_payment_generator,False,
TXNL201900001659,ACC0010805,IND19001742,LN2019070000656,LDO20190000909,2,2019-09-15,02:17:52,1517.4,Debit,Completed,,Loan Payment - LN2019070000656,False,,1.19,,Automated,Home Loan,standard_payment,False,loan_payment_generator,False,
TXNL201900001660,ACC0011128,IND19014232,LN2019070000660,LDO20190000910,2,2019-09-19,04:24:44,2029.7,Debit,Completed,,Loan Payment - LN20190700...,False,,1.81,,Automated,Vehicle Loan,standard_payment,False,loan_payment_generator,True,truncated_description
TXNL201900001661,ACC0009994,IND19014863,LN2019070000662,LDO20190000192,2,2019-09-21,04:56:49,1005.77,Debit,Cancelled,customer_stop_instruction,Loan Payment - LN2019070000662,False,,0.2,,Automated,Home Loan,standard_payment,False,loan_payment_generator,False,
TXNL201900001662,ACC0010801,IND19002300,LN2019070000665,LDO20190000911,2,2019-09-14,04:00:48,501.77,Debit,Completed,,Loan Payment - LN2019070000665,False,,1.72,,Automated,Home Loan,standard_payment,False,loan_payment_generator,False,
TXNL201900001663,ACC0010290,IND19013881,LN2019070000667,LDO20190000193,2,2019-09-25,04:16:51,3396.26,Debit,Completed,,Loan Payment - LN2019070000667,False,,0.15,,Automated,Vehicle Loan,standard_payment,False,loan_payment_generator,False,
TXNL201900001664,ACC0010303,IND19007636,LN2019070000709,LDO20190000194,2,2019-09-10,02:27:19,20471.61,Debit,Failed,insufficient_funds,Loan Payment - LN2019070000709 - Extra Principal,False,,0.18,,Automated,Personal Loan,extra_payment,False,loan_payment_generator,False,
TXNL201900001665,ACC0010015,IND19004209,LN2019070000718,LDO20190000912,2,2019-09-24,02:26:13,1243.82,Debit,Completed,,Loan Payment - LN2019070000718,False,,1.15,,Automated,Home Loan,standard_payment,False,loan_payment_generator,False,
TXNL201900001666,ACC0011151,IND19004809,LN2019070000719,LDO20190000913,2,2019-09-12,04:34:46,1174.72,Debit,Completed,,Loan Payment - LN2019070000719,False,,1.37,,Automated,Vehicle Loan,standard_payment,False,loan_payment_generator,False,
TXNL201900001667,ACC0009969,IND19015513,LN2019070000720,LDO20190000914,2,2019-09-20,03:22:03,564.84,Debit,Completed,,Loan Payment - LN2019070000720,False,,1.46,,Automated,Personal Loan,standard_payment,False,loan_payment_generator,False,
TXNL201900001668,ACC0010746,IND19011691,LN2019070000722,LDO20190000409,2,2019-09-27,03:37:22,4020.49,Debit,Completed,,Loan Payment - LN2019070000722,False,,1.14,,Automated,Home Loan,standard_payment,False,loan_payment_generator,False,
TXNL201900001669,ACC0010520,IND19001812,LN2019070000723,LDO20190000410,1,2019-09-03,03:05:52,2150.31,Debit,Completed,,Loan Payment - LN2019070000723,False,,1.14,,Automated,Personal Loan,standard_payment,False,loan_payment_generator,False,
TXNL201900001670,ACC0010674,IND19012200,LN2019070000730,LDO20190000915,2,2019-09-15,00:07:14,2091.82,Debit,Cancelled,customer_stop_instruction,Loan Payment - LN2019070000730,False,,0.77,,Automated,Home Loan,standard_payment,False,loan_payment_generator,True,timestamp_shift
TXNL201900001671,ACC0010062,IND19015637,LN2019070000738,LDO20190000411,1,2019-09-02,03:55:31,1226.46,Debit,Completed,,Loan Payment - LN2019070000738,False,,0.48,,Automated,Personal Loan,standard_payment,False,loan_payment_generator,False,
TXNL201900001672,ACC0010512,IND19010988,LN2019070000739,LDO20190000412,2,2019-09-20,02:19:56,13983.9,Debit,Completed,,Loan Payment - LN2019070000739,False,,0.25,,Automated,Personal Loan,standard_payment,False,loan_payment_generator,False,
TXNL201900001673,ACC0009909,IND19012150,LN2019070000748,LDO20190000916,2,2019-09-19,04:54:15,754.02,Debit,Failed,bank_timeout,Loan Payment - LN2019070000748 - Late Fee,False,,1.16,,Automated,Home Loan,late_payment,False,loan_payment_generator,False,
TXNL201900001674,ACC0011276,COM19000029,LN2019070000758,LDO20190000917,2,2019-09-20,03:20:57,11022.57,Debit,Completed,,Loan Payment - LN2019070000758,False,,1.15,,Automated,Business Loan,standard_payment,False,loan_payment_generator,False,
TXNL201900001675,ACC0010097,IND19015761,LN2019070000760,LDO20190000413,2,2019-09-19,04:32:00,1538.92,Debit,Completed,,Loan Payment - LN2019070000760,False,,1.5,,Automated,Home Loan,standard_payment,False,loan_payment_generator,False,
TXNL201900001676,ACC0010434,IND19011579,LN2019070000768,LDO20190000414,2,2019-09-25,03:28:40,3275.71,Debit,Completed,,Loan Payment - LN2019070000768,False,,1.99,,Automated,Vehicle Loan,standard_payment,False,loan_payment_generator,False,
TXNL201900001677,ACC0010314,IND19001557,LN2019070000787,LDO20190000918,1,2019-09-03,04:13:00,3146.68,Debit,Completed,,Loan Payment - LN2019070000787,False,,1.93,,Automated,Home Loan,standard_payment,False,loan_payment_generator,False,
TXNL201900001678,ACC0011084,IND19011352,LN2019070000793,LDO20190000090,2,2019-09-18,03:40:55,3928.56,Debit,Completed,,Loan Payment - LN2019070000793,False,,0.55,,Automated,Home Loan,standard_payment,False,loan_payment_generator,False,
TXNL201900001679,ACC0010231,IND19000571,LN2019070000805,LDO20190000415,2,2019-09-15,03:05:26,4133.67,Debit,Completed,,Loan Payment - LN2019070000805,False,,0.86,,Automated,Home Loan,standard_payment,False,loan_payment_generator,False,
TXNL201900001680,ACC0010891,IND19010612,LN2019070000808,LDO20190000416,2,2019-09-18,03:15:23,3199.88,Debit,Completed,,Loan Payment - LN2019070000808,False,,1.18,,Automated,Home Loan,standard_payment,False,loan_payment_generator,False,
TXNL201900001681,ACC0011179,IND19004500,LN2019070000822,LDO20190000034,2,2019-09-19,02:14:34,1954.86,Debit,Completed,,Loan Payment - LN2019070000822 - Late Fee,False,,1.37,,Automated,Personal Loan,late_payment,False,loan_payment_generator,False,
TXNL201900001682,ACC0010446,IND19002125,LN2019070000834,LDO20190000919,2,2019-09-21,03:55:16,12286.92,Debit,Completed,,Loan Payment - LN2019070000834,False,,0.44,,Automated,Personal Loan,standard_payment,False,loan_payment_generator,False,
TXNL201900001683,ACC0010696,IND19007848,LN2019070000840,LDO20190000091,2,2019-09-21,04:02:10,1142.28,Debit,Completed,,Loan Payment - LN2019070000840,False,,1.8,,Automated,Home Loan,standard_payment,False,loan_payment_generator,False,
TXNL201900001684,ACC0009954,IND19009083,LN2019070000851,LDO20190000920,2,2019-09-24,03:39:41,684.79,Debit,Completed,,Loan Payment - LN2019070000851,False,,1.11,,Automated,Personal Loan,standard_payment,False,loan_payment_generator,False,
TXNL201900001685,ACC0011163,IND19008839,LN2019070000854,LDO20190000921,2,2019-09-23,02:51:00,2759.97,Debit,Completed,,Loan Payment - LN2019070000854,False,,0.97,,Automated,Home Loan,standard_payment,False,loan_payment_generator,False,
TXNL201900001686,ACC0010702,IND19011568,LN2019070000857,LDO20190000922,2,2019-09-25,02:01:05,906.4,Debit,Completed,,Loan Payment - LN2019070000857 - Extra Principal,False,,0.07,,Automated,Home Loan,extra_payment,False,loan_payment_generator,False,
TXNL201900001687,ACC0010555,IND19000657,LN2019070000858,LDO20190000923,2,2019-09-09,04:30:39,4355.27,Debit,Completed,,Loan Payment - LN2019070000858 - Late Fee,False,,1.08,,Automated,Home Loan,late_payment,False,loan_payment_generator,False,
TXNL201900001688,ACC0010013,IND19004418,LN2019070000866,LDO20190000417,1,2019-09-03,04:18:14,2958.66,Debit,Completed,,Loan Payment - LN2019070000866,False,,0.03,,Automated,Personal Loan,standard_payment,False,loan_payment_generator,False,
TXNL201900001689,ACC0010930,IND19003431,LN2019070000868,LDO20190000924,2,2019-09-23,03:13:01,2575.76,Debit,Completed,,Loan Payment - LN2019070000868 - Late Fee,False,,0.74,,Automated,Home Loan,late_payment,False,loan_payment_generator,False,
TXNL201900001690,ACC0010730,IND19001676,LN2019070000871,LDO20190000925,1,2019-09-03,02:38:42,8912.83,Debit,Completed,,Loan Payment - LN2019070000871,False,,1.02,,Automated,Personal Loan,standard_payment,False,loan_payment_generator,False,
TXNL201900001691,ACC0010191,IND19009073,LN2019070000887,LDO20190000926,1,2019-09-02,02:25:09,4216.45,Debit,Completed,,Loan Payment - LN2019070000887,False,,1.0,,Automated,Vehicle Loan,standard_payment,False,loan_payment_generator,False,
TXNL201900001692,ACC0011227,IND19000442,LN2019070000896,LDO20190000418,2,2019-09-22,02:24:54,2540.61,Debit,Completed,,Loan Payment - LN2019070000896,False,,0.14,,Automated,Vehicle Loan,standard_payment,False,loan_payment_generator,False,
TXNL201900001693,ACC0010543,IND19010120,LN2019070000902,LDO20190000927,2,2019-09-17,03:48:22,1551.75,Debit,Completed,,Loan Payment - LN2019070000902,False,,0.45,,Automated,Home Loan,standard_payment,False,loan_payment_generator,False,
TXNL201900001694,ACC0010394,IND19010621,LN2019070000906,LDO20190000928,2,2019-09-10,03:28:37,295.75,Debit,Completed,,Loan Payment - LN2019070000906 - Late Fee,False,,0.16,,Automated,Home Loan,late_payment,False,loan_payment_generator,False,
TXNL201900001695,ACC0010812,IND19010061,LN2019070000909,LDO20190000929,2,2019-09-30,04:29:55,3298.51,Debit,Completed,,Loan Payment - LN2019070000909,False,,1.62,,Automated,Personal Loan,standard_payment,False,loan_payment_generator,False,
TXNL201900001696,ACC0010485,IND19012707,LN2019070000921,LDO20190000419,2,2019-09-23,02:32:09,2338.82,Debit,Completed,,Loan Payment - LN2019070000921 - Extra Principal,False,,0.79,,Automated,Home Loan,extra_payment,False,loan_payment_generator,False,
TXNL201900001697,ACC0010992,IND19014740,LN2019070000922,LDO20190000930,2,2019-09-15,03:32:46,2148.35,Debit,Completed,,Loan Payment - LN2019070000922,False,,1.75,,Automated,Vehicle Loan,standard_payment,False,loan_payment_generator,False,
TXNL201900001698,ACC0011009,IND19005644,LN2019070000927,LDO20190000195,1,2019-09-10,03:26:36,1435.87,Debit,Completed,,Loan Payment - LN2019070000927,False,,1.81,,Automated,Home Loan,standard_payment,False,loan_payment_generator,False,
TXNL201900001699,ACC0009939,IND19007504,LN2019070000948,LDO20190000196,2,2019-09-21,04:48:47,1585.22,Debit,Completed,,Loan Payment - LN2019070000948,False,,1.83,,Automated,Personal Loan,standard_payment,False,loan_payment_generator,False,
TXNL201900001700,ACC0010255,IND19006122,LN2019070000949,LDO20190000197,2,2019-09-30,02:36:55,621.5,Debit,Completed,,Loan Payment - LN2019070000949,False,,1.08,,Automated,Home Loan,standard_payment,False,loan_payment_generator,False,
TXNL201900001701,ACC0010837,IND19000345,LN2019070000954,LDO20190000931,2,2019-09-24,02:20:49,1639.09,Debit,Completed,,Loan Payment - LN2019070000954,False,,0.95,,Automated,Vehicle Loan,standard_payment,False,loan_payment_generator,False,
TXNL201900001702,ACC0010056,IND19006786,LN2019070000955,LDO20190000420,2,2019-09-15,03:19:07,3602.26,Debit,Completed,,Loan Payment - LN2019070000955,False,,0.6,,Automated,Personal Loan,standard_payment,False,loan_payment_generator,False,
TXNL201900001703,ACC0010877,IND19015524,LN2019070000963,LDO20190000932,1,2019-09-05,03:24:31,11989.66,Debit,Completed,,Loan Payment - LN2019070000963,False,,1.91,,Automated,Personal Loan,standard_payment,False,loan_payment_generator,False,
TXNL201900001704,ACC0010918,IND19012194,LN2019070000975,LDO20190000092,1,2019-09-08,04:56:51,4656.1,Debit,Failed,daily_limit_exceeded,Loan Payment - LN2019070000975,False,,1.33,,Automated,Home Loan,standard_payment,False,loan_payment_generator,False,
TXNL201900001705,ACC0010333,IND19002509,LN2019070000976,LDO20190000933,2,2019-09-30,04:23:26,4261.97,Debit,Completed,,Loan Payment - LN2019070000976,False,,1.81,,Automated,Vehicle Loan,standard_payment,False,loan_payment_generator,False,
TXNL201900001706,ACC0011253,IND19009911,LN2019070000977,LDO20190000421,2,2019-09-13,03:56:56,2585.16,Debit,Completed,,Loan Payment - LN2019070000977,False,,0.1,,Automated,Home Loan,standard_payment,False,loan_payment_generator,False,
TXNL201900001707,ACC0010813,IND19009450,LN2019070000982,LDO20190000934,2,2019-09-22,03:08:53,2992.15,Debit,Completed,,Loan Payment - LN2019070000982,False,,1.0,,Automated,Personal Loan,standard_payment,False,loan_payment_generator,False,
TXNL201900001708,ACC0010639,IND19007461,LN2019070000987,LDO20190000422,2,2019-09-29,02:14:39,7416.81,Debit,Completed,,Loan Payment - LN2019070000987,False,,0.97,,Automated,Home Loan,standard_payment,False,loan_payment_generator,False,
TXNL201900001709,ACC0011277,COM19000015,LN2019070000989,LDO20190000935,2,2019-09-19,04:59:16,5673.21,Debit,Completed,,Loan Payment - LN2019070000989,False,,1.09,,Automated,Business Loan,standard_payment,False,loan_payment_generator,False,
TXNL201900001710,ACC0011028,IND19005775,LN2019070001006,LDO20190000936,2,2019-09-04,03:36:48,3509.11,Debit,Completed,,Loan Payment - LN2019070001006,False,,0.36,,Automated,Personal Loan,standard_payment,False,loan_payment_generator,False,
TXNL201900001711,ACC0010265,IND19008364,LN2019070001012,LDO20190000093,2,2019-09-25,02:13:32,2379.84,Debit,Completed,,Loan Payment - LN2019070001012,False,,1.73,,Automated,Personal Loan,standard_payment,False,loan_payment_generator,False,
TXNL201900001712,ACC0011016,IND19015052,LN2019070001019,LDO20190000937,2,2019-09-20,02:06:19,956.77,Debit,Completed,,Loan Payment - LN2019070001019,False,,0.13,,Automated,Home Loan,standard_payment,False,loan_payment_generator,True,timestamp_shift
TXNL201900001713,ACC0010284,IND19006449,LN2019070001024,LDO20190000198,1,2019-09-01,03:58:58,768.98,Debit,Completed,,Loan Payment - LN2019070001024,False,,0.71,,Automated,Home Loan,standard_payment,False,loan_payment_generator,False,
TXNL201900001714,ACC0011279,COM19000225,LN2019070001025,LDO20190000938,1,2019-09-01,03:43:16,2740.97,Debit,Completed,,Loan Payment - LN2019070001025,False,,0.94,,Automated,Business Loan,standard_payment,False,loan_payment_generator,False,
TXNL201900001715,ACC0010598,IND19011039,LN2019070001029,LDO20190000094,2,2019-09-17,04:01:02,6116.6,Debit,Completed,,Loan Payment - LN2019070001029,False,,0.48,,Automated,Home Loan,standard_payment,False,loan_payment_generator,False,
TXNL201900001716,ACC0010788,IND19007228,LN2019070001057,LDO20190000939,1,2019-09-03,04:25:22,3582.5,Debit,Completed,,Loan Payment - LN2019070001057,False,,1.29,,Automated,Home Loan,standard_payment,False,loan_payment_generator,False,
TXNL201900001717,ACC0010336,IND19001312,LN2019070001062,LDO20190000940,2,2019-09-11,02:44:14,4221.79,Debit,Completed,,Loan Payment - LN2019070001062,False,,0.44,,Automated,Personal Loan,standard_payment,False,loan_payment_generator,False,
TXNL201900001718,ACC0010645,IND19009058,LN2019070001063,LDO20190000423,1,2019-09-01,03:39:37,1428.14,Debit,Completed,,Loan Payment - LN2019070001063,False,,0.3,,Automated,Home Loan,standard_payment,False,loan_payment_generator,False,
 TXNL201900001719 ,ACC0010240,IND19016260,LN2019070001082,LDO20190000424,2,2019-09-28,03:21:48,3613.53,Debit,Completed,,Loan Payment - LN2019070001082,False,,1.06,,Automated,Vehicle Loan,standard_payment,False,loan_payment_generator,True,whitespace_in_id
TXNL201900001720,ACC0010803,IND19004134,LN2019070001086,LDO20190000941,1,2019-09-01,04:09:56,1412.09,Debit,Completed,,Loan Payment - LN2019070001086,False,,0.74,,Automated,Personal Loan,standard_payment,False,loan_payment_generator,False,
TXNL201900001721,ACC0010369,IND19012654,LN2019070001117,LDO20190000942,2,2019-09-23,04:58:50,2317.58,Debit,Completed,,Loan Payment - LN2019070001117,False,,1.74,,Automated,Personal Loan,standard_payment,False,loan_payment_generator,False,
TXNL201900001722,ACC0011173,IND19002918,LN2019070001122,LDO20190000035,2,2019-09-29,03:06:58,1875.49,Debit,Completed,,Loan Payment - LN2019070001122 - Extra Principal,False,,1.66,,Automated,Personal Loan,extra_payment,False,loan_payment_generator,False,
TXNL201900001723,ACC0011052,IND19004930,LN2019070001127,LDO20190000943,2,2019-09-15,04:27:54,1971.52,Debit,Completed,,Loan Payment - LN2019070001127,False,,1.77,,Automated,Vehicle Loan,standard_payment,False,loan_payment_generator,False,
TXNL201900001724,ACC0010295,IND19007893,LN2019070001128,LDO20190000425,1,2019-09-01,03:57:34,1146.94,Debit,Failed,mandate_limit,Loan Payment - LN2019070001128,False,,0.91,,Automated,Home Loan,standard_payment,False,loan_payment_generator,True,status_inconsistency
TXNL201900001725,ACC0010477,IND19004600,LN2019070001141,LDO20190000944,2,2019-09-16,03:47:21,3961.55,Debit,Completed,,Loan Payment - LN2019070001141,False,,0.06,,Automated,Personal Loan,standard_payment,False,loan_payment_generator,False,
TXNL201900001726,ACC0011017,IND19010504,LN2019070001142,LDO20190000945,1,2019-09-07,02:59:21,13986.44,Debit,Completed,,Loan Payment - LN2019070001142,False,,0.78,,Automated,Personal Loan,standard_payment,False,loan_payment_generator,False,
TXNL201900001727,ACC0010907,IND19000402,LN2019070001143,LDO20190000426,2,2019-09-19,04:55:51,2422.29,Debit,Completed,,Loan Payment - LN2019070001143,False,,1.3,,Automated,Personal Loan,standard_payment,False,loan_payment_generator,False,
TXNL201900001728,ACC0011160,IND19005174,LN2019070001157,LDO20190000036,1,2019-09-07,04:33:31,1848.64,Debit,Completed,,Loan Payment - LN2019070001157,False,,1.95,,Automated,Home Loan,standard_payment,False,loan_payment_generator,False,
TXNL201900001729,ACC0010751,IND19003812,LN2019070001163,LDO20190000427,2,2019-09-27,04:40:47,1610.3,Debit,Completed,,Loan Payment - LN2019070001163,False,,0.85,,Automated,Home Loan,standard_payment,False,loan_payment_generator,False,
TXNL201900001730,ACC0010731,IND19003563,LN2019070001165,LDO20190000428,2,2019-09-21,02:02:19,1044.81,Debit,Failed,insufficient_funds,Loan Payment - LN2019070001165,False,,1.22,,Automated,Vehicle Loan,standard_payment,False,loan_payment_generator,False,
TXNL201900001731,ACC0010438,IND19011807,LN2019070001176,LDO20190000946,1,2019-09-02,04:38:15,13300.87,Debit,Completed,,Loan Payment - LN2019070001176,False,,1.66,,Automated,Personal Loan,standard_payment,False,loan_payment_generator,False,
TXNL201900001732,ACC0010881,IND19001227,LN2019070001206,LDO20190000429,1,2019-09-06,03:19:58,2026.78,Debit,Completed,,Loan Payment - LN2019070001206,False,,0.98,,Automated,Vehicle Loan,standard_payment,False,loan_payment_generator,False,
TXNL201900001733,ACC0010199,IND19004108,LN2019070001208,LDO20190000430,2,2019-09-28,04:34:22,4392.8,Debit,Completed,,Loan Payment - LN2019070001208,False,,1.31,,Automated,Home Loan,standard_payment,False,loan_payment_generator,False,
TXNL201900001734,ACC0010363,IND19010795,LN2019070001213,LDO20190000947,2,2019-09-25,04:34:30,748.07,Debit,Completed,,Loan Payment - LN20190700...,False,,1.98,,Automated,Home Loan,standard_payment,False,loan_payment_generator,True,truncated_description
TXNL201900001735,ACC0011207,IND19000522,LN2019070001224,LDO20190000431,2,2019-09-15,04:21:31,4939.82,Debit,Completed,,Loan Payment - LN2019070001224,False,,0.78,,Automated,Vehicle Loan,standard_payment,False,loan_payment_generator,False,
TXNL201900001736,ACC0010157,IND19012944,LN2019070001233,LDO20190000037,2,2019-09-29,03:50:30,3020.77,Debit,Completed,,Loan Payment - LN2019070001233,False,,0.64,,Automated,Vehicle Loan,standard_payment,False,loan_payment_generator,False,
TXNL201900001737,ACC0010232,IND19010044,LN2019070001234,LDO20190000432,2,2019-09-18,03:57:12,2086.29,Debit,Completed,,Loan Payment - LN2019070001234 - Late Fee,False,,0.01,,Automated,Personal Loan,late_payment,False,loan_payment_generator,False,
TXNL201900001738,ACC0010611,IND19013513,LN2019070001238,LDO20190000199,2,2019-09-20,07:59:14,970.02,Debit,Completed,,Loan Payment - LN2019070001238,False,,0.68,,Automated,Home Loan,standard_payment,False,loan_payment_generator,True,timestamp_shift
TXNL201900001739,ACC0010787,IND19007728,LN2019070001244,LDO20190000200,2,2019-09-26,02:55:04,803.1,Debit,Failed,mandate_limit,Loan Payment - LN2019070001244,False,,0.25,,Automated,Home Loan,standard_payment,False,loan_payment_generator,False,
TXNL201900001740,ACC0011096,IND19003534,LN2019070001248,LDO20190000038,2,2019-09-29,04:40:23,907.61,Debit,Completed,,Loan Payment - LN2019070001248,False,,0.81,,Automated,Home Loan,standard_payment,False,loan_payment_generator,False,
TXNL201900001741,ACC0010183,IND19002873,LN2019070001271,LDO20190000433,2,2019-09-09,03:30:23,4761.86,Debit,Completed,,Loan Payment - LN2019070001271,False,,0.99,,Automated,Vehicle Loan,standard_payment,False,loan_payment_generator,False,
TXNL201900001742,ACC0010763,IND19005716,LN2019070001274,LDO20190000201,1,2019-09-03,02:59:29,4382.53,Debit,Completed,,Loan Payment - LN2019070001274 - Late Fee,False,,1.66,,Automated,Vehicle Loan,late_payment,False,loan_payment_generator,False,
TXNL201900001743,ACC0010525,IND19010908,LN2019070001279,LDO20190000434,1,2019-09-02,02:35:57,547.96,Debit,Completed,,Loan Payment - LN2019070001279 - Partial,False,,0.79,,Automated,Vehicle Loan,partial_payment,False,loan_payment_generator,False,
TXNL201900001744,ACC0010328,IND19008589,LN2019070001282,LDO20190000948,2,2019-09-30,02:57:37,2285.12,Debit,Completed,,Loan Payment - LN2019070001282,False,,0.84,,Automated,Vehicle Loan,standard_payment,False,loan_payment_generator,False,
TXNL201900001745,ACC0010910,IND19009481,LN2019070001299,LDO20190000949,1,2019-09-02,04:49:44,911.41,Debit,Completed,,Loan Payment - LN2019070001299,False,,1.41,,Automated,Home Loan,standard_payment,False,loan_payment_generator,False,
TXNL201900001746,ACC0009895,IND19007004,LN2019070001300,LDO20190000950,2,2019-09-25,03:10:46,2662.7,Debit,Completed,,Loan Payment - LN2019070001300,False,,1.28,,Automated,Personal Loan,standard_payment,False,loan_payment_generator,False,
TXNL201900001747,ACC0011248,IND19009344,LN2019070001308,LDO20190000951,1,2019-09-06,04:17:40,3176.04,Debit,Completed,,Loan Payment - LN2019070001308,False,,1.81,,Automated,Vehicle Loan,standard_payment,False,loan_payment_generator,False,
TXNL201900001748,ACC0012829,IND19002487,LN2019080000019,LDO20190000952,1,2019-09-30,04:08:00,655.51,Debit,Completed,,Loan Payment - LN2019080000019 - Partial,False,,0.9,,Automated,Home Loan,partial_payment,False,loan_payment_generator,False,
TXNL201900001749,ACC0012688,IND19005750,LN2019080000030,LDO20190000953,1,2019-09-21,04:30:49,655.16,Debit,Completed,,Loan Payment - LN2019080000030,False,,0.2,,Automated,Home Loan,standard_payment,False,loan_payment_generator,False,
TXNL201900001750,ACC0012597,IND19008158,LN2019080000037,LDO20190000202,1,2019-09-14,04:45:06,2791.11,Debit,Completed,,Loan Payment - LN2019080000037,False,,1.32,,Automated,Personal Loan,standard_payment,False,loan_payment_generator,False,
TXNL201900001751,ACC0011655,IND19015954,LN2019080000039,LDO20190000435,1,2019-09-13,03:58:54,4117.13,Debit,Completed,,Loan Payment - LN2019080000039,False,,1.04,,Automated,Vehicle Loan,standard_payment,False,loan_payment_generator,False,
TXNL201900001752,ACC0011294,IND19016111,LN2019080000053,LDO20190000955,1,2019-09-20,02:50:22,1656.59,Debit,Completed,,Loan Payment - LN2019080000053,False,,1.89,,Automated,Home Loan,standard_payment,False,loan_payment_generator,False,
TXNL201900001753,ACC0011575,IND19001648,LN2019080000082,LDO20190000957,1,2019-09-16,03:09:06,1693.44,Debit,Completed,,Loan Payment - LN2019080000082,False,,1.65,,Automated,Personal Loan,standard_payment,False,loan_payment_generator,False,
TXNL201900001754,ACC0011350,IND19008980,LN2019080000086,LDO20190000958,1,2019-09-20,03:09:01,2259.87,Debit,Failed,mandate_limit,Loan Payment - LN2019080000086,False,,1.87,,Automated,Vehicle Loan,standard_payment,False,loan_payment_generator,True,status_inconsistency
TXNL201900001755,ACC0012594,IND19010354,LN2019080000087,LDO20190000437,1,2019-09-16,04:35:03,1982.64,Debit,Completed,,Loan Payment - LN2019080000087,False,,0.42,,Automated,Home Loan,standard_payment,False,loan_payment_generator,False,
TXNL201900001756,ACC0012431,IND19017712,LN2019080000089,LDO20190000959,1,2019-09-30,04:17:50,2631.48,Debit,Completed,,Loan Payment - LN2019080000089,False,,1.41,,Automated,Home Loan,standard_payment,False,loan_payment_generator,False,
TXNL201900001757,ACC0011395,IND19013318,LN2019080000104,LDO20190000438,1,2019-09-28,04:10:48,2687.06,Debit,Completed,,Loan Payment - LN2019080000104,False,,0.91,,Automated,Personal Loan,standard_payment,False,loan_payment_generator,False,
TXNL201900001758,ACC0012169,IND19002223,LN2019080000107,LDO20190000960,1,2019-09-28,03:24:53,899.25,Debit,Completed,,Loan Payment - LN2019080000107,False,,0.07,,Automated,Home Loan,standard_payment,False,loan_payment_generator,False,
TXNL201900001759,ACC0012054,IND19010671,LN2019080000114,LDO20190000961,1,2019-09-19,03:16:21,6509.17,Debit,Completed,,Loan Payment - LN2019080000114,False,,1.81,,Automated,Personal Loan,standard_payment,False,loan_payment_generator,False,
TXNL201900001760,ACC0011666,IND19010630,LN2019080000120,LDO20190000962,1,2019-09-11,02:56:16,4074.25,Debit,Completed,,Loan Payment - LN2019080000120,False,,1.92,,Automated,Personal Loan,standard_payment,False,loan_payment_generator,False,
TXNL201900001761,ACC0011567,IND19017103,LN2019080000126,LDO20190000965,1,2019-09-15,03:12:48,3020.22,Debit,Completed,,Loan Payment - LN2019080000126,False,,0.86,,Automated,Personal Loan,standard_payment,False,loan_payment_generator,False,
TXNL201900001762,ACC0011656,IND19014084,LN2019080000138,LDO20190000439,1,2019-09-26,03:52:39,1534.85,Debit,Completed,,Loan Payment - LN2019080000138,False,,1.78,,Automated,Vehicle Loan,standard_payment,False,loan_payment_generator,False,
TXNL201900001763,ACC0012573,IND19004723,LN2019080000139,LDO20190000967,1,2019-09-11,02:13:49,1459.86,Debit,Completed,,Loan Payment - LN2019080000139,False,,1.52,,Automated,Home Loan,standard_payment,False,loan_payment_generator,False,
TXNL201900001764,ACC0011512,IND19010258,LN2019080000145,LDO20190000969,1,2019-09-30,04:29:30,517.75,Debit,Completed,,Loan Payment - LN2019080000145 - Extra Principal,False,,1.87,,Automated,Home Loan,extra_payment,False,loan_payment_generator,False,
TXNL201900001765,ACC0011511,IND19008078,LN2019080000147,LDO20190000203,1,2019-09-11,04:50:18,2295.61,Debit,Completed,,Loan Payment - LN2019080000147,False,,1.89,,Automated,Vehicle Loan,standard_payment,False,loan_payment_generator,False,
TXNL201900001766,ACC0012384,IND19017813,LN2019080000150,LDO20190000970,1,2019-09-27,03:41:15,417.81,Debit,Failed,bank_timeout,Loan Payment - LN2019080000150,False,,0.18,,Automated,Home Loan,standard_payment,False,loan_payment_generator,False,
TXNL201900001767,ACC0011508,IND19006111,LN2019080000158,LDO20190000971,1,2019-09-14,04:07:10,1778.97,Debit,Completed,,Loan Payment - LN2019080000158,False,,0.3,,Automated,Personal Loan,standard_payment,False,loan_payment_generator,False,
TXNL201900001768,ACC0012227,IND19018759,LN2019080000179,LDO20190000440,1,2019-09-16,02:28:56,888.34,Debit,Failed,insufficient_funds,Loan Payment - LN2019080000179 - Partial,False,,0.83,,Automated,Vehicle Loan,partial_payment,False,loan_payment_generator,False,
TXNL201900001769,ACC0011450,IND19017718,LN2019080000185,LDO20190000973,1,2019-09-20,03:32:59,1843.47,Debit,Completed,,Loan Payment - LN2019080000185,False,,1.77,,Automated,Vehicle Loan,standard_payment,False,loan_payment_generator,False,
TXNL201900001770,ACC0011939,IND19005788,LN2019080000186,LDO20190000974,1,2019-09-11,03:20:58,1443.59,Debit,Completed,,Loan Payment - LN2019080000186,False,,0.1,,Automated,Home Loan,standard_payment,False,loan_payment_generator,False,
TXNL201900001771,ACC0012150,IND19004874,LN2019080000188,LDO20190000975,1,2019-09-30,03:36:28,1715.29,Debit,Completed,,Loan Payment - LN2019080000188,False,,0.44,,Automated,Personal Loan,standard_payment,False,loan_payment_generator,False,
TXNL201900001772,ACC0012070,IND19014786,LN2019080000190,LDO20190000976,1,2019-09-16,04:56:23,2081.82,Debit,Completed,,Loan Payment - LN2019080000190,False,,1.97,,Automated,Vehicle Loan,standard_payment,False,loan_payment_generator,False,
TXNL201900001773,ACC0011524,IND19004328,LN2019080000201,LDO20190000095,1,2019-09-24,03:01:51,7691.1,Debit,Completed,,Loan Payment - LN2019080000201,False,,1.82,,Automated,Home Loan,standard_payment,False,loan_payment_generator,False,
TXNL201900001774,ACC0011461,IND19017490,LN2019080000205,LDO20190000977,1,2019-09-27,03:13:37,990.66,Debit,Completed,,Loan Payment - LN2019080000205,False,,1.1,,Automated,Personal Loan,standard_payment,False,loan_payment_generator,False,
TXNL201900001775,ACC0012050,IND19016322,LN2019080000226,LDO20190000441,1,2019-09-15,02:14:51,1099.32,Debit,Completed,,Loan Payment - LN2019080000226,False,,0.3,,Automated,Home Loan,standard_payment,False,loan_payment_generator,False,
TXNL201900001776,ACC0012873,COM19000059,LN2019080000227,LDO20190000978,1,2019-09-16,03:19:18,3754.91,Debit,Completed,,Loan Payment - LN2019080000227,False,,0.27,,Automated,Business Loan,standard_payment,False,loan_payment_generator,False,
TXNL201900001777,ACC0012840,IND19003141,LN2019080000230,LDO20190000979,1,2019-09-21,06:55:20,5617.05,Debit,Completed,,Loan Payment - LN2019080000230,False,,1.44,,Automated,Personal Loan,standard_payment,False,loan_payment_generator,True,timestamp_shift
TXNL201900001778,ACC0011798,IND19011509,LN2019080000240,LDO20190000980,1,2019-09-12,03:42:59,2102.33,Debit,Completed,,Loan Payment - LN2019080000240,False,,0.07,,Automated,Home Loan,standard_payment,False,loan_payment_generator,False,
TXNL201900001779,ACC0011396,IND19013318,LN2019080000246,LDO20190000981,1,2019-09-17,02:24:28,2343.66,Debit,Completed,,Loan Payment - LN2019080000246,False,,1.43,,Automated,Personal Loan,standard_payment,False,loan_payment_generator,False,
TXNL201900001780,ACC0012584,IND19008092,LN2019080000286,LDO20190000982,1,2019-09-16,04:19:10,1596.41,Debit,Completed,,Loan Payment - LN2019080000286 - Late Fee,False,,1.56,,Automated,Personal Loan,late_payment,False,loan_payment_generator,False,
TXNL201900001781,ACC0012140,IND19009372,LN2019080000289,LDO20190000442,1,2019-09-30,02:00:09,570.43,Debit,Completed,,Loan Payment - LN2019080000289,False,,1.08,,Automated,Home Loan,standard_payment,False,loan_payment_generator,False,
TXNL201900001782,ACC0011670,IND19007780,LN2019080000293,LDO20190000443,1,2019-09-25,02:59:55,1251.23,Debit,Completed,,Loan Payment - LN2019080000293,False,,1.44,,Automated,Home Loan,standard_payment,False,loan_payment_generator,False,
TXNL201900001783,ACC0011496,IND19008717,LN2019080000305,LDO20190000983,1,2019-09-19,04:09:28,3975.2,Debit,Completed,,Loan Payment - LN2019080000305,False,,0.44,,Automated,Personal Loan,standard_payment,False,loan_payment_generator,False,
TXNL201900001784,ACC0011412,IND19018577,LN2019080000318,LDO20190000984,1,2019-09-24,04:29:13,2816.17,Debit,Completed,,Loan Payment - LN2019080000318,False,,1.96,,Automated,Home Loan,standard_payment,False,loan_payment_generator,False,
TXNL201900001785,ACC0012138,IND19011057,LN2019080000324,LDO20190000985,1,2019-09-22,02:22:45,598.35,Debit,Completed,,Loan Payment - LN2019080000324,False,,1.81,,Automated,Home Loan,standard_payment,False,loan_payment_generator,False,
TXNL201900001786,ACC0011856,IND19001864,LN2019080000327,LDO20190000986,1,2019-09-24,02:17:36,17450.42,Debit,Completed,,Loan Payment - LN2019080000327,False,,1.33,,Automated,Personal Loan,standard_payment,False,loan_payment_generator,False,
TXNL201900001787,ACC0011622,IND19011558,LN2019080000339,LDO20190000987,1,2019-09-30,03:37:02,5773.38,Debit,Completed,,Loan Payment - LN2019080000339,False,,0.7,,Automated,Personal Loan,standard_payment,False,loan_payment_generator,False,
TXNL201900001788,ACC0012386,IND19016064,LN2019080000351,LDO20190000988,1,2019-09-20,02:11:44,2138.03,Debit,Completed,,Loan Payment - LN2019080000351,False,,1.59,,Automated,Home Loan,standard_payment,False,loan_payment_generator,False,
TXNL201900001789,ACC0012580,IND19005241,LN2019080000361,LDO20190000990,1,2019-09-22,04:37:59,1281.5,Debit,Completed,,Loan Payment - LN2019080000361,False,,1.65,,Automated,Home Loan,standard_payment,False,loan_payment_generator,False,
TXNL201900001790,ACC0011404,IND19004632,LN2019080000366,LDO20190000991,1,2019-09-22,04:16:19,1224.26,Debit,Completed,,Loan Payment - LN2019080000366,False,,1.91,,Automated,Vehicle Loan,standard_payment,False,loan_payment_generator,False,
TXNL201900001791,ACC0011682,IND19009113,LN2019080000376,LDO20190000445,1,2019-09-24,04:34:12,232.13,Debit,Completed,,Loan Payment - LN2019080000376,False,,1.31,,Automated,Home Loan,standard_payment,False,loan_payment_generator,False,
TXNL201900001792,ACC0012703,IND19008523,LN2019080000384,LDO20190000447,1,2019-09-26,03:50:58,3201.92,Debit,Completed,,Loan Payment - LN2019080000384,False,,0.18,,Automated,Home Loan,standard_payment,False,loan_payment_generator,False,
TXNL201900001793,ACC0012789,IND19016688,LN2019080000387,LDO20190000448,1,2019-09-15,03:32:13,2315.84,Debit,Completed,,Loan Payment - LN2019080000387,False,,0.79,,Automated,Home Loan,standard_payment,False,loan_payment_generator,False,
TXNL201900001794,ACC0012075,IND19011763,LN2019080000399,LDO20190000449,1,2019-09-27,04:48:43,2155.58,Debit,Completed,,Loan Payment - LN2019080000399,False,,0.88,,Automated,Home Loan,standard_payment,False,loan_payment_generator,False,
TXNL201900001795,ACC0011709,IND19002966,LN2019080000403,LDO20190000992,1,2019-09-23,02:42:18,2410.24,Debit,Completed,,Loan Payment - LN2019080000403,False,,0.47,,Automated,Home Loan,standard_payment,False,loan_payment_generator,False,
TXNL201900001796,ACC0011990,IND19001331,LN2019080000409,LDO20190000993,1,2019-09-21,03:12:17,1850.79,Debit,Completed,,Loan Payment - LN2019080000409,False,,0.83,,Automated,Home Loan,standard_payment,False,loan_payment_generator,False,
TXNL201900001797,ACC0012065,IND19005416,LN2019080000416,LDO20190000450,1,2019-09-14,04:11:51,13961.04,Debit,Completed,,Loan Payment - LN2019080000416,False,,0.12,,Automated,Personal Loan,standard_payment,False,loan_payment_generator,False,
TXNL201900001798,ACC0012562,IND19013202,LN2019080000426,LDO20190000451,1,2019-09-19,02:08:56,632.1,Debit,Completed,,Loan Payment - LN2019080000426 - Late Fee,False,,1.53,,Automated,Home Loan,late_payment,False,loan_payment_generator,False,
TXNL201900001799,ACC0012455,IND19004353,LN2019080000452,LDO20190000453,1,2019-09-28,04:17:54,453.98,Debit,Completed,,Loan Payment - LN2019080000452,False,,0.33,,Automated,Home Loan,standard_payment,False,loan_payment_generator,False,
TXNL201900001800,ACC0012623,IND19013912,LN2019080000468,LDO20190000995,1,2019-09-26,02:58:16,3720.6,Debit,Completed,,Loan Payment - LN2019080000468,False,,1.6,,Automated,Personal Loan,standard_payment,False,loan_payment_generator,False,
TXNL201900001801,ACC0012548,IND19009914,LN2019080000489,LDO20190000207,1,2019-09-19,02:55:58,687.43,Debit,Completed,,Loan Payment - LN2019080000489 - Extra Principal,False,,1.16,,Automated,Home Loan,extra_payment,False,loan_payment_generator,False,
TXNL201900001802,ACC0012388,IND19007153,LN2019080000490,LDO20190000996,1,2019-09-28,03:50:07,6899.97,Debit,Completed,,Loan Payment - LN2019080000490,False,,1.21,,Automated,Personal Loan,standard_payment,False,loan_payment_generator,False,
TXNL201900001803,ACC0012886,COM19000269,LN2019080000491,LDO20190000208,1,2019-09-18,03:58:59,81401.04,Debit,Completed,,Loan Payment - LN2019080000491,False,,0.82,,Automated,Business Loan,standard_payment,False,loan_payment_generator,True,amount_rounding_error
TXNL201900001804,ACC0012665,IND19002202,LN2019080000494,LDO20190000039,1,2019-09-12,03:37:36,6291.14,Debit,Completed,,Loan Payment - LN2019080000494,False,,0.86,,Automated,Home Loan,standard_payment,False,loan_payment_generator,False,
TXNL201900001805,ACC0012207,IND19018275,LN2019080000497,LDO20190000997,1,2019-09-21,04:17:46,1403.53,Debit,Completed,,Loan Payment - LN2019080000497,False,,0.64,,Automated,Vehicle Loan,standard_payment,False,loan_payment_generator,False,
TXNL201900001806,ACC0011652,IND19016744,LN2019080000499,LDO20190000998,1,2019-09-10,02:26:46,2766.8,Debit,Completed,,Loan Payment - LN2019080000499,False,,0.54,,Automated,Personal Loan,standard_payment,False,loan_payment_generator,False,
TXNL201900001807,ACC0012824,IND19017661,LN2019080000509,LDO20190000999,1,2019-09-12,02:00:36,1044.23,Debit,Completed,,Loan Payment - LN2019080000509,False,,1.12,,Automated,Home Loan,standard_payment,False,loan_payment_generator,False,
TXNL201900001808,ACC0012470,IND19001172,LN2019080000515,LDO20190001000,1,2019-09-15,02:06:50,827.55,Debit,Completed,,Loan Payment - LN2019080000515,False,,0.74,,Automated,Vehicle Loan,standard_payment,False,loan_payment_generator,False,
TXNL201900001809,ACC0012808,IND19015435,LN2019080000518,LDO20190001001,1,2019-09-24,02:34:27,5062.4,Debit,Completed,,Loan Payment - LN2019080000518 - Late Fee,False,,1.39,,Automated,Personal Loan,late_payment,False,loan_payment_generator,False,
TXNL201900001810,ACC0011786,IND19002805,LN2019080000524,LDO20190000209,1,2019-09-23,03:02:50,2148.89,Debit,Completed,,Loan Payment - LN2019080000524,False,,0.95,,Automated,Home Loan,standard_payment,False,loan_payment_generator,False,
TXNL201900001811,ACC0012782,IND19006349,LN2019080000532,LDO20190001003,1,2019-09-19,02:12:36,475.15,Debit,Completed,,Loan Payment - LN2019080000532 - Late Fee,False,,1.09,,Automated,Home Loan,late_payment,False,loan_payment_generator,True,amount_rounding_error
TXNL201900001812,ACC0011320,IND19003717,LN2019080000543,LDO20190001004,1,2019-09-24,04:21:27,1165.62,Debit,Completed,,Loan Payment - LN2019080000543,False,,1.26,,Automated,Home Loan,standard_payment,False,loan_payment_generator,False,
TXNL201900001813,ACC0011976,IND19001534,LN2019080000582,LDO20190001006,1,2019-09-18,02:16:18,2081.82,Debit,Completed,,Loan Payment - LN2019080000582 - Late Fee,False,,1.1,,Automated,Home Loan,late_payment,False,loan_payment_generator,False,
TXNL201900001814,ACC0012087,IND19002832,LN2019080000596,LDO20190000211,1,2019-09-11,03:41:11,1854.26,Debit,Completed,,Loan Payment - LN2019080000596,False,,0.02,,Automated,Home Loan,standard_payment,False,loan_payment_generator,False,
TXNL201900001815,ACC0012442,IND19012118,LN2019080000608,LDO20190000456,1,2019-09-27,04:44:59,442.97,Debit,Completed,,Loan Payment - LN2019080000608,False,,1.88,,Automated,Home Loan,standard_payment,False,loan_payment_generator,False,
TXNL201900001816,ACC0011827,IND19019306,LN2019080000610,LDO20190001009,1,2019-09-24,02:35:12,5250.85,Debit,Completed,,Loan Payment - LN2019080000610,False,,0.76,,Automated,Home Loan,standard_payment,False,loan_payment_generator,False,
TXNL201900001817,ACC0011851,IND19002526,LN2019080000612,LDO20190000099,1,2019-09-29,03:20:11,1269.79,Debit,Completed,,Loan Payment - LN2019080000612 - Late Fee,False,,0.8,,Automated,Vehicle Loan,late_payment,False,loan_payment_generator,False,
TXNL201900001818,ACC0012459,IND19012342,LN2019080000620,LDO20190001010,1,2019-09-30,02:52:34,1044.73,Debit,Completed,,Loan Payment - LN2019080000620,False,,1.73,,Automated,Home Loan,standard_payment,False,loan_payment_generator,False,
TXNL201900001819,ACC0011859,IND19006757,LN2019080000621,LDO20190001011,1,2019-09-13,02:39:06,2414.77,Debit,Completed,,Loan Payment - LN2019080000621,False,,0.39,,Automated,Home Loan,standard_payment,False,loan_payment_generator,False,
TXNL201900001820,ACC0011386,IND19003795,LN2019080000623,LDO20190001012,1,2019-09-25,03:09:12,2005.69,Debit,Completed,,Loan Payment - LN2019080000623,False,,1.51,,Automated,Vehicle Loan,standard_payment,False,loan_payment_generator,False,
TXNL201900001821,ACC0012498,IND19007077,LN2019080000639,LDO20190001013,1,2019-09-30,03:05:51,4031.93,Debit,Completed,,Loan Payment - LN2019080000639,False,,1.84,,Automated,Home Loan,standard_payment,False,loan_payment_generator,False,
TXNL201900001822,ACC0012711,IND19006279,LN2019080000674,LDO20190000100,1,2019-09-23,03:09:52,4543.81,Debit,Completed,,Loan Payment - LN2019080000674,False,,0.74,,Automated,Home Loan,standard_payment,False,loan_payment_generator,False,
TXNL201900001823,ACC0011883,IND19001987,LN2019080000682,LDO20190001014,1,2019-09-27,02:59:59,953.98,Debit,Completed,,Loan Payment - LN2019080000682,False,,1.22,,Automated,Personal Loan,standard_payment,False,loan_payment_generator,False,
TXNL201900001824,ACC0012756,IND19013754,LN2019080000683,LDO20190000458,1,2019-09-16,03:40:14,471.71,Debit,Completed,,Loan Payment - LN2019080000683,False,,0.64,,Automated,Personal Loan,standard_payment,False,loan_payment_generator,False,
TXNL201900001825,ACC0012151,IND19007839,LN2019080000722,LDO20190000213,1,2019-09-19,02:01:09,1520.82,Debit,Completed,,Loan Payment - LN2019080000722,False,,1.79,,Automated,Home Loan,standard_payment,False,loan_payment_generator,False,
TXNL201900001826,ACC0011551,IND19001572,LN2019080000728,LDO20190001015,1,2019-09-26,04:08:32,1216.92,Debit,Completed,,Loan Payment - LN2019080000728,False,,0.38,,Automated,Home Loan,standard_payment,False,loan_payment_generator,False,
TXNL201900001827,ACC0012884,COM19000303,LN2019080000733,LDO20190000101,1,2019-09-09,02:16:48,38122.9,Debit,Completed,,Loan Payment - LN2019080000733,False,,0.85,,Automated,Business Loan,standard_payment,False,loan_payment_generator,False,
TXNL201900001828,ACC0011616,IND19017642,LN2019080000737,LDO20190001016,1,2019-09-23,02:57:39,6140.26,Debit,Completed,,Loan Payment - LN2019080000737,False,,0.61,,Automated,Personal Loan,standard_payment,False,loan_payment_generator,False,
TXNL201900001829,ACC0011583,IND19013428,LN2019080000758,LDO20190000214,1,2019-09-27,04:48:16,967.65,Debit,Completed,,Loan Payment - LN2019080000758,False,,0.56,,Automated,Personal Loan,standard_payment,False,loan_payment_generator,False,
TXNL201900001830,ACC0011932,IND19016374,LN2019080000761,LDO20190001017,1,2019-09-24,04:54:22,4306.89,Debit,Completed,,Loan Payment - LN2019080000761,False,,1.61,,Automated,Home Loan,standard_payment,False,loan_payment_generator,False,
TXNL201900001831,ACC0011818,IND19002541,LN2019080000766,LDO20190001018,1,2019-09-25,03:51:28,3075.79,Debit,Completed,,Loan Payment - LN2019080000766,False,,1.75,,Automated,Home Loan,standard_payment,False,loan_payment_generator,False,
TXNL201900001832,ACC0012777,IND19003104,LN2019080000767,LDO20190001019,1,2019-09-30,00:23:32,1568.57,Debit,Completed,,Loan Payment - LN2019080000767,False,,0.16,,Automated,Vehicle Loan,standard_payment,False,loan_payment_generator,True,timestamp_shift
TXNL201900001833,ACC0011480,IND19001929,LN2019080000773,LDO20190001020,1,2019-09-21,02:35:43,811.55,Debit,Completed,,Loan Payment - LN2019080000773,False,,0.97,,Automated,Home Loan,standard_payment,False,loan_payment_generator,False,
TXNL201900001834,ACC0012895,COM19000097,LN2019080000798,LDO20190000215,1,2019-09-27,02:50:56,33747.01,Debit,Completed,,Loan Payment - LN2019080000798,False,,1.16,,Automated,Business Loan,standard_payment,False,loan_payment_generator,False,
TXNL201900001835,ACC0012475,IND19014810,LN2019080000803,LDO20190001023,1,2019-09-18,04:22:02,4608.52,Debit,Completed,,Loan Payment - LN2019080000803,False,,0.65,,Automated,Home Loan,standard_payment,False,loan_payment_generator,False,
TXNL201900001836,ACC0011848,IND19016189,LN2019080000806,LDO20190001024,1,2019-09-15,02:23:51,1725.62,Debit,Completed,,Loan Payment - LN2019080000806,False,,0.43,,Automated,Personal Loan,standard_payment,False,loan_payment_generator,False,
TXNL201900001837,ACC0012732,IND19016318,LN2019080000814,LDO20190001025,1,2019-09-24,03:10:28,953.95,Debit,Completed,,Loan Payment - LN2019080000814,False,,1.77,,Automated,Vehicle Loan,standard_payment,False,loan_payment_generator,False,
TXNL201900001838,ACC0012275,IND19004402,LN2019080000816,LDO20190000040,1,2019-09-19,02:04:48,527.36,Debit,Completed,,Loan Payment - LN2019080000816,False,,0.6,,Automated,Vehicle Loan,standard_payment,False,loan_payment_generator,False,
TXNL201900001839,ACC0012115,IND19005283,LN2019080000828,LDO20190000460,1,2019-09-16,04:36:09,2330.62,Debit,Completed,,Loan Payment - LN2019080000828,False,,1.0,,Automated,Home Loan,standard_payment,False,loan_payment_generator,False,
TXNL201900001840,ACC0011529,IND19004634,LN2019080000831,LDO20190000462,1,2019-09-27,04:10:22,4820.18,Debit,Completed,,Loan Payment - LN2019080000831 - Extra Principal,False,,1.95,,Automated,Home Loan,extra_payment,False,loan_payment_generator,False,
TXNL201900001841,ACC0012224,IND19014262,LN2019080000834,LDO20190000041,1,2019-09-21,02:28:22,7558.23,Debit,Completed,,Loan Payment - LN2019080000834,False,,1.34,,Automated,Home Loan,standard_payment,False,loan_payment_generator,False,
TXNL201900001842,ACC0012539,IND19011505,LN2019080000867,LDO20190001026,1,2019-09-13,02:38:58,6098.43,Debit,Completed,,Loan Payment - LN2019080000867,False,,0.66,,Automated,Home Loan,standard_payment,False,loan_payment_generator,False,
TXNL201900001843,ACC0011362,IND19015936,LN2019080000884,LDO20190001027,1,2019-09-19,02:05:34,1581.22,Debit,Completed,,Loan Payment - LN2019080000884 - Late Fee,False,,1.78,,Automated,Home Loan,late_payment,False,loan_payment_generator,False,
TXNL201900001844,ACC0012210,IND19019586,LN2019080000885,LDO20190001028,1,2019-09-23,03:19:15,2056.64,Debit,Completed,,Loan Payment - LN2019080000885 - Late Fee,False,,0.81,,Automated,Personal Loan,late_payment,False,loan_payment_generator,False,
TXNL201900001845,ACC0012226,IND19017233,LN2019080000890,LDO20190001029,1,2019-09-24,02:26:08,4797.14,Debit,Failed,mandate_limit,Loan Payment - LN2019080000890,False,,1.42,,Automated,Personal Loan,standard_payment,False,loan_payment_generator,False,
TXNL201900001846,ACC0012851,IND19015798,LN2019080000892,LDO20190001030,1,2019-09-22,03:55:40,1529.05,Debit,Completed,,Loan Payment - LN2019080000892,False,,0.88,,Automated,Vehicle Loan,standard_payment,False,loan_payment_generator,False,
TXNL201900001847,ACC0011951,IND19016239,LN2019080000902,LDO20190000218,1,2019-09-21,04:37:20,3576.62,Debit,Failed,daily_limit_exceeded,Loan Payment - LN2019080000902 - Extra Principal,False,,0.78,,Automated,Home Loan,extra_payment,False,loan_payment_generator,False,
TXNL201900001848,ACC0011792,IND19012021,LN2019080000908,LDO20190000219,1,2019-09-17,04:47:14,3093.11,Debit,Completed,,Loan Payment - LN2019080000908,False,,0.84,,Automated,Vehicle Loan,standard_payment,False,loan_payment_generator,False,
TXNL201900001849,ACC0011822,IND19006466,LN2019080000912,LDO20190000463,1,2019-09-21,02:11:07,2522.16,Debit,Completed,,Loan Payment - LN2019080000912,False,,0.03,,Automated,Vehicle Loan,standard_payment,False,loan_payment_generator,False,
TXNL201900001850,ACC0012373,IND19004144,LN2019080000920,LDO20190000464,1,2019-09-25,04:51:42,2549.04,Debit,Completed,,Loan Payment - LN2019080000920,False,,1.93,,Automated,Vehicle Loan,standard_payment,False,loan_payment_generator,False,
TXNL201900001851,ACC0011553,IND19016071,LN2019080000929,LDO20190000465,1,2019-09-23,04:37:47,835.9,Debit,Cancelled,customer_stop_instruction,Loan Payment - LN2019080000929,False,,1.68,,Automated,Personal Loan,standard_payment,False,loan_payment_generator,False,
TXNL201900001852,ACC0012212,IND19008741,LN2019080000931,LDO20190000220,1,2019-09-13,04:50:29,2098.07,Debit,Completed,,Loan Payment - LN2019080000931,False,,1.73,,Automated,Vehicle Loan,standard_payment,False,loan_payment_generator,False,
TXNL201900001853,ACC0011662,IND19007783,LN2019080000938,LDO20190001031,1,2019-09-20,03:33:03,14044.98,Debit,Completed,,Loan Payment - LN2019080000938,False,,1.29,,Automated,Personal Loan,standard_payment,False,loan_payment_generator,False,
TXNL201900001854,ACC0012113,IND19011037,LN2019080000941,LDO20190000466,1,2019-09-11,02:10:49,4909.23,Debit,Completed,,Loan Payment - LN2019080000941,False,,0.81,,Automated,Home Loan,standard_payment,False,loan_payment_generator,False,
TXNL201900001855,ACC0012170,IND19002223,LN2019080000942,LDO20190000467,1,2019-09-21,04:07:31,465.59,Debit,Completed,,Loan Payment - LN2019080000942,False,,1.65,,Automated,Vehicle Loan,standard_payment,False,loan_payment_generator,False,
TXNL201900001856,ACC0012092,IND19008449,LN2019080000946,LDO20190001032,1,2019-09-15,04:20:28,2105.91,Debit,Completed,,Loan Payment - LN2019080000946,False,,1.91,,Automated,Home Loan,standard_payment,False,loan_payment_generator,False,
TXNL201900001857,ACC0012767,IND19006341,LN2019080000950,LDO20190000004,1,2019-09-21,03:11:35,1417.45,Debit,Failed,account_blocked,Loan Payment - LN2019080000950,False,,1.85,,Automated,Home Loan,standard_payment,False,loan_payment_generator,False,
TXNL201900001858,ACC0012896,COM19000288,LN2019080000963,LDO20190001035,1,2019-09-29,02:15:55,8606.07,Debit,Completed,,Loan Payment - LN2019080000963,False,,1.81,,Automated,Business Loan,standard_payment,False,loan_payment_generator,False,
TXNL201900001859,ACC0012158,IND19016865,LN2019080000989,LDO20190001036,1,2019-09-13,04:15:26,5394.31,Debit,Completed,,Loan Payment - LN2019080000989,False,,1.8,,Automated,Home Loan,standard_payment,False,loan_payment_generator,False,
TXNL201900001860,ACC0012171,IND19019262,LN2019080000993,LDO20190000468,1,2019-09-28,02:39:16,3358.57,Debit,Completed,,Loan Payment - LN2019080000993,False,,0.22,,Automated,Personal Loan,standard_payment,False,loan_payment_generator,False,
TXNL201900001861,ACC0011454,IND19004910,LN2019080000995,LDO20190001037,1,2019-09-20,03:34:24,5251.86,Debit,Completed,,Loan Payment - LN2019080000995 - Extra Principal,False,,1.87,,Automated,Vehicle Loan,extra_payment,False,loan_payment_generator,False,
TXNL201900001862,ACC0012234,IND19012335,LN2019080000997,LDO20190001038,1,2019-09-24,04:42:13,1074.89,Debit,Completed,,Loan Payment - LN2019080000997,False,,1.21,,Automated,Home Loan,standard_payment,False,loan_payment_generator,False,
TXNL201900001863,ACC0011441,IND19004907,LN2019080000998,LDO20190000469,1,2019-09-25,04:53:06,3100.65,Debit,Completed,,Loan Payment - LN2019080000998,False,,1.7,,Automated,Home Loan,standard_payment,False,loan_payment_generator,False,
TXNL201900001864,ACC0012118,IND19010720,LN2019080000999,LDO20190000470,1,2019-09-15,03:39:39,2914.52,Debit,Completed,,Loan Payment - LN2019080000999,False,,0.87,,Automated,Home Loan,standard_payment,False,loan_payment_generator,False,
TXNL201900001865,ACC0012260,IND19007134,LN2019080001002,LDO20190001039,1,2019-09-16,02:35:04,708.51,Debit,Completed,,Loan Payment - LN2019080001002 - Partial,False,,1.0,,Automated,Vehicle Loan,partial_payment,False,loan_payment_generator,False,
TXNL201900001866,ACC0012368,IND19017074,LN2019080001003,LDO20190000471,1,2019-09-28,04:36:43,13920.44,Debit,Completed,,Loan Payment - LN2019080001003,False,,0.62,,Automated,Personal Loan,standard_payment,False,loan_payment_generator,False,
TXNL201900001867,ACC0011570,IND19008030,LN2019080001004,LDO20190001040,1,2019-09-16,04:33:18,11968.58,Debit,Completed,,Loan Payment - LN2019080001004,False,,0.6,,Automated,Personal Loan,standard_payment,False,loan_payment_generator,False,
TXNL201900001868,ACC0012768,IND19010556,LN2019080001021,LDO20190001043,1,2019-09-14,02:56:43,4190.14,Debit,Completed,,Loan Payment - LN2019080001021,False,,1.47,,Automated,Personal Loan,standard_payment,False,loan_payment_generator,False,
TXNL201900001869,ACC0012133,IND19000962,LN2019080001027,LDO20190001044,1,2019-09-29,02:59:53,929.9,Debit,Completed,,Loan Payment - LN2019080001027,False,,1.61,,Automated,Personal Loan,standard_payment,False,loan_payment_generator,False,
TXNL201900001870,ACC0012747,IND19005503,LN2019080001029,LDO20190001045,1,2019-09-29,03:30:00,447.83,Debit,Completed,,Loan Payment - LN2019080001029,False,,1.82,,Automated,Home Loan,standard_payment,False,loan_payment_generator,False,
TXNL201900001871,ACC0011299,IND19013786,LN2019080001033,LDO20190001046,1,2019-09-22,04:09:29,4830.47,Debit,Completed,,Loan Payment - LN2019080001033 - Extra Principal,False,,1.78,,Automated,Home Loan,extra_payment,False,loan_payment_generator,False,
TXNL201900001872,ACC0012654,IND19004248,LN2019080001042,LDO20190001049,1,2019-09-22,02:15:34,1661.75,Debit,Completed,,Loan Payment - LN2019080001042,False,,1.71,,Automated,Vehicle Loan,standard_payment,False,loan_payment_generator,False,
TXNL201900001873,ACC0012103,IND19001306,LN2019080001044,LDO20190000221,1,2019-09-30,04:04:42,927.03,Debit,Completed,,Loan Payment - LN20190800...,False,,1.99,,Automated,Home Loan,standard_payment,False,loan_payment_generator,True,truncated_description
TXNL201900001874,ACC0012356,IND19014034,LN2019080001051,LDO20190000473,1,2019-09-30,02:41:31,1831.54,Debit,Completed,,Loan Payment - LN2019080001051,False,,0.89,,Automated,Home Loan,standard_payment,False,loan_payment_generator,False,
TXNL201900001875,ACC0012214,IND19014256,LN2019080001062,LDO20190001052,1,2019-09-19,03:59:46,3700.9,Debit,Completed,,Loan Payment - LN2019080001062,False,,0.95,,Automated,Home Loan,standard_payment,False,loan_payment_generator,False,
TXNL201900001876,ACC0011636,IND19007660,LN2019080001072,LDO20190001054,1,2019-09-27,02:48:12,2269.22,Debit,Completed,,Loan Payment - LN2019080001072,False,,1.25,,Automated,Personal Loan,standard_payment,False,loan_payment_generator,False,
TXNL201900001877,ACC0011688,IND19017736,LN2019080001076,LDO20190001056,1,2019-09-18,03:05:48,2108.72,Debit,Completed,,Loan Payment - LN2019080001076,False,,1.34,,Automated,Personal Loan,standard_payment,False,loan_payment_generator,False,
TXNL201900001878,ACC0011814,IND19013409,LN2019080001082,LDO20190000222,1,2019-09-23,03:05:47,3589.0,Debit,Completed,,Loan Payment - LN2019080001082,False,,1.52,,Automated,Home Loan,standard_payment,False,loan_payment_generator,False,
TXNL201900001879,ACC0012076,IND19015931,LN2019080001086,LDO20190001057,1,2019-09-29,03:07:50,1810.53,Debit,Completed,,Loan Payment - LN2019080001086 - Extra Principal,False,,1.33,,Automated,Vehicle Loan,extra_payment,False,loan_payment_generator,False,
TXNL201900001880,ACC0012393,IND19006925,LN2019080001091,LDO20190000475,1,2019-09-21,04:05:19,1732.18,Debit,Completed,,Loan Payment - LN2019080001091,False,,1.77,,Automated,Personal Loan,standard_payment,False,loan_payment_generator,False,
TXNL201900001881,ACC0011558,IND19005048,LN2019080001099,LDO20190000476,1,2019-09-28,04:19:28,3638.6,Debit,Completed,,Loan Payment - LN2019080001099,False,,1.47,,Automated,Vehicle Loan,standard_payment,False,loan_payment_generator,False,
TXNL201900001882,ACC0012513,IND19015680,LN2019080001108,LDO20190001058,1,2019-09-30,04:56:24,1352.59,Debit,Completed,,Loan Payment - LN2019080001108,False,,0.6,,Automated,Vehicle Loan,standard_payment,False,loan_payment_generator,False,
TXNL201900001883,ACC0012107,IND19008635,LN2019080001114,LDO20190001059,1,2019-09-27,03:32:15,2024.88,Debit,Completed,,Loan Payment - LN2019080001114,False,,1.73,,Automated,Vehicle Loan,standard_payment,False,loan_payment_generator,False,
TXNL201900001884,ACC0012222,IND19019694,LN2019080001126,LDO20190001061,1,2019-09-09,03:31:39,3692.67,Debit,Completed,,Loan Payment - LN2019080001126,False,,1.27,,Automated,Home Loan,standard_payment,False,loan_payment_generator,False,
TXNL201900001885,ACC0011458,IND19008867,LN2019080001131,LDO20190001062,1,2019-09-18,02:29:13,2438.52,Debit,Completed,,Loan Payment - LN2019080001131,False,,0.13,,Automated,Vehicle Loan,standard_payment,False,loan_payment_generator,False,
TXNL201900001886,ACC0011605,IND19007573,LN2019080001139,LDO20190001063,1,2019-09-27,04:41:06,8340.92,Debit,Completed,,Loan Payment - LN2019080001139,False,,0.12,,Automated,Home Loan,standard_payment,False,loan_payment_generator,False,
TXNL201900001887,ACC0012303,IND19009010,LN2019080001143,LDO20190001065,1,2019-09-20,03:24:23,1370.63,Debit,Completed,,Loan Payment - LN2019080001143,False,,1.72,,Automated,Home Loan,standard_payment,False,loan_payment_generator,False,
TXNL201900001888,ACC0012015,IND19003146,LN2019080001148,LDO20190000477,1,2019-09-24,03:39:50,3392.06,Debit,Completed,,Loan Payment - LN2019080001148,False,,1.6,,Automated,Personal Loan,standard_payment,False,loan_payment_generator,False,
TXNL201900001889,ACC0011594,IND19009558,LN2019080001154,LDO20190001066,1,2019-09-14,03:06:53,7344.24,Debit,Failed,insufficient_funds,Loan Payment - LN2019080001154,False,,1.38,,Automated,Home Loan,standard_payment,False,loan_payment_generator,False,
TXNL201900001890,ACC0012583,IND19004856,LN2019080001169,LDO20190001067,1,2019-09-23,04:39:16,1508.05,Debit,Failed,insufficient_funds,Loan Payment - LN2019080001169,False,,1.63,,Automated,Home Loan,standard_payment,False,loan_payment_generator,True,status_inconsistency
TXNL201900001891,ACC0011843,IND19002977,LN2019080001175,LDO20190001068,1,2019-09-29,04:12:16,1117.08,Debit,Completed,,Loan Payment - LN2019080001175,False,,1.45,,Automated,Vehicle Loan,standard_payment,False,loan_payment_generator,False,
TXNL201900001892,ACC0012240,IND19004835,LN2019080001206,LDO20190001072,1,2019-09-12,02:17:59,3581.14,Debit,Completed,,Loan Payment - LN2019080001206,False,,0.46,,Automated,Home Loan,standard_payment,False,loan_payment_generator,False,
TXNL201900001893,ACC0011803,IND19019137,LN2019080001216,LDO20190001073,1,2019-09-29,04:05:11,7160.2,Debit,Completed,,Loan Payment - LN2019080001216,False,,1.41,,Automated,Personal Loan,standard_payment,False,loan_payment_generator,False,
 TXNL201900001894 ,ACC0012305,IND19010535,LN2019080001230,LDO20190001074,1,2019-09-28,02:57:19,7718.99,Debit,Completed,,Loan Payment - LN2019080001230,False,,0.9,,Automated,Home Loan,standard_payment,False,loan_payment_generator,True,whitespace_in_id
TXNL201900001895,ACC0011726,IND19014238,LN2019080001235,LDO20190001075,1,2019-09-22,04:43:56,2032.12,Debit,Completed,,Loan Payment - LN2019080001235,False,,1.12,,Automated,Home Loan,standard_payment,False,loan_payment_generator,False,
TXNL201900001896,ACC0011584,IND19012193,LN2019080001246,LDO20190000480,1,2019-09-29,02:12:02,1771.62,Debit,Completed,,Loan Payment - LN2019080001246,False,,0.0,,Automated,Home Loan,standard_payment,False,loan_payment_generator,False,
TXNL201900001897,ACC0011658,IND19019139,LN2019080001248,LDO20190000481,1,2019-09-25,03:38:53,3175.16,Debit,Completed,,Loan Payment - LN2019080001248,False,,0.65,,Automated,Home Loan,standard_payment,False,loan_payment_generator,False,
TXNL201900001898,ACC0011513,IND19008916,LN2019080001249,LDO20190001078,1,2019-09-14,02:14:51,3148.52,Debit,Completed,,Loan Payment - LN2019080001249,False,,0.8,,Automated,Vehicle Loan,standard_payment,False,loan_payment_generator,False,
TXNL201900001899,ACC0012387,IND19019017,LN2019080001254,LDO20190000223,1,2019-09-17,02:43:34,3550.47,Debit,Failed,bank_timeout,Loan Payment - LN2019080001254,False,,0.37,,Automated,Home Loan,standard_payment,False,loan_payment_generator,False,
TXNL201900001900,ACC0011994,IND19001228,LN2019080001255,LDO20190000224,1,2019-09-12,03:26:23,1807.86,Debit,Completed,,Loan Payment - LN2019080001255,False,,0.17,,Automated,Home Loan,standard_payment,False,loan_payment_generator,False,
TXNL201900001901,ACC0011382,IND19019008,LN2019080001261,LDO20190001079,1,2019-09-20,04:45:08,4557.58,Debit,Completed,,Loan Payment - LN2019080001261 - Late Fee,False,,0.78,,Automated,Vehicle Loan,late_payment,False,loan_payment_generator,False,
TXNL201900001902,ACC0012190,IND19004395,LN2019080001264,LDO20190000042,1,2019-09-18,03:43:28,1786.59,Debit,Completed,,Loan Payment - LN2019080001264,False,,0.2,,Automated,Home Loan,standard_payment,False,loan_payment_generator,False,
TXNL201900001903,ACC0012332,IND19006771,LN2019080001266,LDO20190001080,1,2019-09-30,03:07:25,602.03,Debit,Completed,,Loan Payment - LN2019080001266,False,,0.71,,Automated,Home Loan,standard_payment,False,loan_payment_generator,False,
TXNL201900001904,ACC0012440,IND19003116,LN2019080001269,LDO20190001081,1,2019-09-21,04:31:20,1257.96,Debit,Failed,insufficient_funds,Loan Payment - LN2019080001269,False,,0.22,,Automated,Personal Loan,standard_payment,False,loan_payment_generator,False,
TXNL201900001905,ACC0011760,IND19014021,LN2019080001300,LDO20190000017,1,2019-09-29,03:54:56,4356.6,Debit,Completed,,Loan Payment - LN2019080001300,False,,1.91,,Automated,Home Loan,standard_payment,False,loan_payment_generator,False,
TXNL201900001906,ACC0012523,IND19017835,LN2019080001321,LDO20190001083,1,2019-09-25,02:16:22,3034.78,Debit,Completed,,Loan Payment - LN2019080001321,False,,0.43,,Automated,Personal Loan,standard_payment,False,loan_payment_generator,False,
TXNL201900001907,ACC0011965,IND19017536,LN2019080001324,LDO20190000225,1,2019-09-23,03:44:28,5397.08,Debit,Completed,,Loan Payment - LN2019080001324,False,,1.47,,Automated,Home Loan,standard_payment,False,loan_payment_generator,False,
TXNL201900001908,ACC0011924,IND19013724,LN2019080001346,,1,2019-09-13,04:02:15,3936.87,Debit,Completed,,Loan Payment - LN2019080001346,False,,2.5,,Automated,Home Loan,standard_payment,False,loan_payment_generator,False,
TXNL201900001909,ACC0012416,IND19017291,LN2019080001356,LDO20190001084,1,2019-09-15,02:46:12,5476.84,Debit,Completed,,Loan Payment - LN2019080001356,False,,0.8,,Automated,Vehicle Loan,standard_payment,False,loan_payment_generator,False,
TXNL201900001910,ACC0012879,COM19000170,LN2019080001357,LDO20190001085,1,2019-09-11,02:49:54,28444.38,Debit,Completed,,Loan Payment - LN2019080001357,False,,0.32,,Automated,Business Loan,standard_payment,False,loan_payment_generator,False,
TXNL201900001911,ACC0012659,IND19017679,LN2019080001361,LDO20190001086,1,2019-09-30,03:07:13,2448.2,Debit,Completed,,Loan Payment - LN2019080001361,False,,0.75,,Automated,Home Loan,standard_payment,False,loan_payment_generator,False,
TXNL201900001912,ACC0011572,IND19002387,LN2019080001372,LDO20190001088,1,2019-09-28,02:41:34,11960.68,Debit,Failed,account_blocked,Loan Payment - LN2019080001372,False,,0.2,,Automated,Personal Loan,standard_payment,False,loan_payment_generator,False,
TXNL201900001913,ACC0012321,IND19005383,LN2019080001387,LDO20190001089,1,2019-09-17,04:54:27,6868.13,Debit,Completed,,Loan Payment - LN2019080001387,False,,1.62,,Automated,Home Loan,standard_payment,False,loan_payment_generator,False,
TXNL201900001914,ACC0011437,IND19001286,LN2019080001397,LDO20190001090,1,2019-09-22,02:33:25,3228.92,Debit,Completed,,Loan Payment - LN2019080001397,False,,0.08,,Automated,Vehicle Loan,standard_payment,False,loan_payment_generator,False,
TXNL201900001915,ACC0012519,IND19014696,LN2019080001398,LDO20190000044,1,2019-09-25,04:54:20,4535.95,Debit,Completed,,Loan Payment - LN2019080001398,False,,1.23,,Automated,Home Loan,standard_payment,False,loan_payment_generator,False,
TXNL201900001916,ACC0012090,IND19018545,LN2019080001402,LDO20190000102,1,2019-09-11,03:27:54,2581.48,Debit,Completed,,Loan Payment - LN2019080001402,False,,1.38,,Automated,Home Loan,standard_payment,False,loan_payment_generator,False,
TXNL201900001917,ACC0011724,IND19019660,LN2019080001405,LDO20190000227,1,2019-09-29,04:40:52,1602.76,Debit,Completed,,Loan Payment - LN20190800...,False,,1.41,,Automated,Vehicle Loan,standard_payment,False,loan_payment_generator,True,truncated_description
TXNL201900001918,ACC0012211,IND19013107,LN2019080001409,LDO20190000483,1,2019-09-20,03:23:10,1406.88,Debit,Completed,,Loan Payment - LN2019080001409,False,,1.07,,Automated,Personal Loan,standard_payment,False,loan_payment_generator,False,
TXNL201900001919,ACC0012479,IND19009566,LN2019080001426,LDO20190001091,1,2019-09-23,02:25:55,1234.46,Debit,Completed,,Loan Payment - LN2019080001426,False,,1.68,,Automated,Home Loan,standard_payment,False,loan_payment_generator,False,
TXNL201900001920,ACC0012891,COM19000458,LN2019080001430,LDO20190001092,1,2019-09-16,02:14:20,28294.68,Debit,Completed,,Loan Payment - LN2019080001430,False,,0.78,,Automated,Business Loan,standard_payment,False,loan_payment_generator,False,
TXNL201900001921,ACC0012778,IND19018174,LN2019080001438,LDO20190001093,1,2019-09-30,03:46:58,649.08,Debit,Completed,,Loan Payment - LN2019080001438,False,,1.04,,Automated,Home Loan,standard_payment,False,loan_payment_generator,False,
TXNL201900001922,ACC0012002,IND19012286,LN2019080001440,LDO20190000228,1,2019-09-16,03:45:25,3461.27,Debit,Completed,,Loan Payment - LN2019080001440 - Partial,False,,0.54,,Automated,Home Loan,partial_payment,False,loan_payment_generator,False,
TXNL201900001923,ACC0011629,IND19014617,LN2019080001444,LDO20190001094,1,2019-09-07,04:27:33,1525.13,Debit,Completed,,Loan Payment - LN2019080001444,False,,1.52,,Automated,Personal Loan,standard_payment,False,loan_payment_generator,False,
TXNL201900001924,ACC0012336,IND19014576,LN2019080001449,LDO20190001095,1,2019-09-30,04:23:55,4559.21,Debit,Completed,,Loan Payment - LN2019080001449,False,,1.29,,Automated,Personal Loan,standard_payment,False,loan_payment_generator,False,
TXNL201900001925,ACC0012885,COM19000269,LN2019080001454,LDO20190000229,1,2019-09-15,03:10:46,5019.92,Debit,Completed,,Loan Payment - LN2019080001454,False,,0.91,,Automated,Business Loan,standard_payment,False,loan_payment_generator,False,
TXNL201900001926,ACC0012648,IND19017587,LN2019080001459,LDO20190001097,1,2019-09-28,02:21:46,3220.31,Debit,Completed,,Loan Payment - LN2019080001459,False,,0.13,,Automated,Vehicle Loan,standard_payment,False,loan_payment_generator,False,
TXNL201900001927,ACC0011569,IND19019002,LN2019080001466,LDO20190001098,1,2019-09-17,02:58:27,2300.03,Debit,Completed,,Loan Payment - LN2019080001466,False,,1.35,,Automated,Vehicle Loan,standard_payment,False,loan_payment_generator,False,
TXNL201900001928,ACC0012153,IND19002940,LN2019080001486,LDO20190001099,1,2019-09-16,04:51:48,4361.16,Debit,Completed,,Loan Payment - LN2019080001486,False,,0.43,,Automated,Home Loan,standard_payment,False,loan_payment_generator,False,
TXNL201900001929,ACC0012428,IND19005073,LN2019080001494,LDO20190001101,1,2019-09-18,03:40:30,2752.13,Debit,Completed,,Loan Payment - LN2019080001494,False,,0.07,,Automated,Personal Loan,standard_payment,False,loan_payment_generator,False,
TXNL201900001930,ACC0012631,IND19002290,LN2019080001511,LDO20190000484,1,2019-09-27,02:12:55,1687.16,Debit,Completed,,Loan Payment - LN2019080001511,False,,0.29,,Automated,Personal Loan,standard_payment,False,loan_payment_generator,False,
TXNL201900001931,ACC0011673,IND19006779,LN2019080001513,LDO20190001102,1,2019-09-19,04:52:07,17514.4,Debit,Completed,,Loan Payment - LN2019080001513,False,,0.71,,Automated,Personal Loan,standard_payment,False,loan_payment_generator,False,
TXNL201900001932,ACC0011696,IND19013515,LN2019080001524,LDO20190000008,1,2019-09-25,03:59:04,1813.92,Debit,Completed,,Loan Payment - LN2019080001524,False,,1.04,,Automated,Home Loan,standard_payment,False,loan_payment_generator,False,
